sample_id,original_label,anomaly_label,score,svdd_squared_radius_excess
7170,3,1,0.409315481471539,0.0014114326947294448
8134,7,1,0.38199444411091554,0.0013172222210721225
3807,8,1,0.4055651090725721,0.0013985003761123175
9412,4,1,0.41921305014190696,0.0014455622418686447
7187,5,1,0.34018684497340296,0.0011730580861151825
4903,1,1,0.3344790597766159,0.0011533760681952273
6863,3,1,0.4007265572184868,0.0013818157145465064
2368,4,1,0.3886967346376824,0.0013403335677161462
6205,4,1,0.41762758292072544,0.0014400951135197428
4620,6,0,0.2538194219085963,0.0008752393858917114
3111,7,1,0.3754229606005305,0.0012945619331052776
4094,5,1,0.3205071692866201,0.0011051971354711038
5861,7,1,0.36460353054407957,0.0012572535536002744
6800,2,1,0.39619532751602654,0.0013661907845380226
6583,0,1,0.42126911762368074,0.0014526521297368302
5851,4,1,0.3948215858052225,0.0013614537441559397
8981,3,1,0.3885753791764353,0.0013399151006083976
172,2,1,0.4222549274382649,0.0014560514739250514
7982,4,1,0.4026745178071212,0.001388532820024556
990,2,1,0.4049977963611405,0.0013965441253832433
9131,2,1,0.4242355443407103,0.0014628811873817597
7254,9,1,0.4178652101911254,0.0014409145179004323
6555,8,1,0.3931247116458582,0.0013556024539512351
598,9,1,0.4092244211492204,0.0014111186936180014
6314,5,1,0.4163445201390308,0.0014356707591001061
9361,6,0,-0.015510035106160558,-5.3482879676415716e-05
3373,7,1,0.3959141605776358,0.0013652212433711579
2729,2,1,0.3869515316521695,0.0013343156263867914
3723,9,1,0.3529223010836351,0.0012169734520125347
8599,9,1,0.4000866007848955,0.0013796089682237777
8253,2,1,0.3987813842912214,0.001375108221693867
3470,5,1,0.3918153261413545,0.001351087331521912
351,5,1,0.3919421047041396,0.0013515244989797917
1289,5,1,0.35082210399771685,0.0012097313930955753
3409,3,1,0.4242691382663443,0.0014629970285046357
4963,9,1,0.359421096020328,0.001239383089725269
8967,6,0,0.007943285964447377,2.7390641256715094e-05
153,5,1,0.3771408999966253,0.0013004858620573286
1652,4,1,0.37409134925375365,0.0012899701698405298
5291,1,1,0.32753327429050294,0.0011294250837603549
3365,6,0,0.09249666784168076,0.0003189540270402785
4939,2,1,0.38907257444614374,0.001341629567055668
9538,4,1,0.4069036423877045,0.0014031160082334636
5734,3,1,0.3783579126582509,0.0013046824574422446
4684,2,1,0.3512848355426497,0.0012113270191125853
8394,2,1,0.41445883508837295,0.0014291683968564585
5174,5,1,0.3912768248428248,0.0013492304304924992
4146,0,1,0.23567257205388495,0.0008126640415651205
3987,8,1,0.4008091951365973,0.0013821006728848182
7325,1,1,0.25956096197691025,0.0008950377999203802
4965,2,1,0.42097146293950516,0.0014516257342741558
9528,0,1,0.42352441102652827,0.0014604290035397528
3368,0,1,0.39345627729801513,0.0013567457837862591
1498,7,1,0.42111634262308484,0.0014521253193899477
9764,4,1,0.292181485388617,0.001007522363409024
5523,9,1,0.39380203949375775,0.0013579380672198544
5133,0,1,0.41766163985324045,0.0014402125512180705
5749,8,1,0.396324422479902,0.0013666359395858691
2447,4,1,0.27761018409975236,0.0009572764968956977
7411,1,1,0.32958935447332016,0.0011365150154252419
711,5,1,0.4167384693145512,0.0014370292045329353
5271,1,1,0.27931487496050655,0.000963154741243126
8255,4,1,0.3912354008332424,0.001349087589080146
2979,9,1,0.25053435800202095,0.0008639115793173136
9760,1,1,0.3125338352184165,0.0010777028800635052
522,7,1,0.38349007034094973,0.0013223795528998267
3446,0,1,0.40910475536214697,0.0014107060529729206
7525,9,1,0.4002542716341999,0.0013801871435662066
3100,5,1,0.4001549164164527,0.0013798445393670782
3884,9,1,0.39728529905845844,0.0013699493070981326
9496,8,1,0.4087752458556008,0.0014095698132951752
6886,5,1,0.36937798911342085,0.0012737172038393822
4590,4,1,0.33704161705083524,0.001162212472589087
4323,5,1,0.28879565040200295,0.0009958470703517342
9049,1,1,0.37546623464665363,0.001294711153953978
7346,6,0,-0.0007948526573330339,-2.7408712321828754e-06
2871,3,1,0.3904430847878432,0.0013463554647856662
1896,5,1,0.42175989206602926,0.0014543444554001009
744,2,1,0.41622248923938343,0.0014352499628944256
6943,6,0,-0.07734601325132157,-0.0002667103905217985
9988,5,1,0.412216862777375,0.0014214374578530172
5542,3,1,0.40920442250631195,0.001411049732780386
7884,9,1,0.42322555816958446,0.001459398476446843
9652,7,1,0.4015222505674918,0.001384559484715489
1082,5,1,0.3701310004720046,0.0012763137947310503
7377,9,1,0.4115304978926132,0.0014190706823883213
4035,1,1,0.35859447780033454,0.0012365326820701192
3814,5,1,0.38569581837518774,0.0013299855806040957
8591,7,1,0.3574192934217586,0.001232480322143995
3275,5,1,0.35015493398061426,0.0012074308068297044
2872,4,1,0.4124405439995723,0.0014222087724123182
7736,9,1,0.4062489510317785,0.001400858451833719
8818,0,1,0.4202693861231809,0.0014492047797351065
2471,6,0,0.002399136321732387,8.272883868042714e-06
5979,4,1,0.4068971619962674,0.0014030936620560944
1832,3,1,0.3825864240197563,0.0013192635311026078
4071,4,1,0.29846466773498503,0.001029188509430983
6864,8,1,0.4012982505494892,0.0013837870708603077
2733,0,1,0.35856935414384206,0.0012364460487718691
7619,2,1,0.4035876987759218,0.0013916817199169718
3673,1,1,0.3308842426349784,0.0011409801470171669
3883,0,1,0.4237533427680265,0.0014612184233380224
5823,2,1,0.3992575101114624,0.0013767500348671117
6432,3,1,0.4208823869580579,0.001451318575717441
7731,4,1,0.4173164408770627,0.0014390222099209058
7871,8,1,0.42473904615455577,0.0014646174005329509
1432,2,1,0.4200305742563173,0.0014483812905390252
2164,1,1,0.28678645094628835,0.0009889187963665115
7575,2,1,0.40654346522569773,0.0014018740180196474
1829,1,1,0.2938380362526225,0.001013234607767664
8564,6,0,0.21006640610487978,0.0007243669176030338
791,5,1,0.4066300161399301,0.0014021724694480348
2896,8,1,0.4166090912918286,0.0014365830734200987
1884,1,1,0.24256581678830216,0.0008364338509941454
2449,0,1,0.216719194952522,0.0007473075688018
6245,8,1,0.4084151990355582,0.0014083282725364074
6076,4,1,0.42417017275850866,0.0014626557681327885
9702,5,1,0.366092254451753,0.0012623870843163896
6836,2,1,0.3747755284784911,0.001292329408546521
7639,3,1,0.4142265749814696,0.0014283674999361021
9711,7,1,0.38912389486791643,0.001341806534027298
8382,0,1,0.40889535640494334,0.001409983987603253
7921,8,1,0.38392826412571357,0.0013238905659507365
9868,7,1,0.3385955486460332,0.0011675708574001144
844,8,1,0.34735168324861687,0.0011977644249952307
1609,2,1,0.4111253926807638,0.0014176737678647027
7477,7,1,0.39090632622997856,0.0013479528490688915
4877,1,1,0.2304688841558715,0.0007947202901926603
1077,4,1,0.34727275030720156,0.0011974922424386261
5189,2,1,0.42404720085989184,0.0014622317271030753
4868,7,1,0.38186005151641006,0.0013167587983324484
9888,6,0,0.24965910933268332,0.0008608934804575286
8240,6,0,0.0804379556927663,0.0002773722610095389
3576,8,1,0.3954745708895529,0.0013637054168605272
4582,2,1,0.37859683256755416,0.0013055063191984627
5645,9,1,0.3983059131194996,0.001373468665929309
5811,1,1,0.30663867634494746,0.0010573747460170602
2718,6,0,0.14151089165714315,0.00048796859192118327
9802,1,1,0.31962448284861467,0.0011021533891331541
4720,0,1,0.39231457874470127,0.0013528088922231077
1385,9,1,0.3828843916760815,0.0013202910057795913
167,5,1,0.3533983851908067,0.0012186151213476092
7472,2,1,0.3110337843139921,0.0010725302907379037
4649,6,0,-0.18449621837809066,-0.0006361938564761747
7815,2,1,0.4248213602992867,0.0014649012424113334
5124,0,1,0.415082707348196,0.0014313196805110207
8319,9,1,0.3390397972353863,0.001169102749087539
4477,0,1,0.17188674013218047,0.0005927128970075188
8346,3,1,0.4184917648947158,0.001443075051361089
1559,9,1,0.30965633203096754,0.0010677804552791984
5313,7,1,0.41410227994111004,0.0014279388963486554
3391,6,0,-0.09047420530779743,-0.00031198001830274973
1055,7,1,0.3917258532158872,0.0013507788041927146
2763,0,1,0.37777322735731095,0.0013026663012321068
7175,0,1,0.4219990275706965,0.0014551690605886086
5840,2,1,0.4125235709363448,0.0014224950721942924
2926,9,1,0.32109154446745514,0.0011072122223015695
3759,9,1,0.3849411165523908,0.0013273831605254856
7578,5,1,0.3408392908616547,0.0011753078995229472
8826,8,1,0.4055358496153557,0.001398399481432261
3327,2,1,0.4177598329896491,0.0014405511482401693
9256,6,0,0.06299846143179066,0.00021723607390272643
6236,5,1,0.4113798874679705,0.00141855133609645
8957,3,1,0.4017095720608235,0.0013852054208993915
6370,3,1,0.41801330822936894,0.0014414252007909274
7844,7,1,0.42397181160953,0.0014619717641707931
5106,9,1,0.4132167982159,0.0014248855110893105
5389,5,1,0.4134504937103613,0.0014256913576219355
8894,8,1,0.4090517605902503,0.0014105233123801733
8508,3,1,0.4212565337957507,0.0014526087372267265
9433,8,1,0.39760443572089665,0.0013710497783479196
5954,2,1,0.4125213338667769,0.0014224873581612997
4107,7,1,0.3033126845192129,0.001045905808686941
3293,2,1,0.419205383853685,0.0014455358063920171
5513,0,1,0.4043045788071356,0.0013941537200246054
2230,3,1,0.4203758594040691,0.0014495719289795484
2047,6,0,0.2968185251247121,0.0010235121556024555
3414,5,1,0.4184821818378347,0.001443042006337361
8627,8,1,0.39306476129511725,0.0013553957286038525
3025,4,1,0.4128143253315974,0.0014234976735572325
781,8,1,0.3453977907190102,0.0011910268645483112
8271,3,1,0.4180645997863783,0.0014416020682288906
4516,1,1,0.27527288222736473,0.0009492168352667749
4941,2,1,0.4014875205580436,0.0013844397260622194
9021,6,0,0.15059362677050897,0.0005192883681741689
2372,7,1,0.3654175957919062,0.001260060675144504
921,2,1,0.4181742789549532,0.0014419802722584593
2619,0,1,0.3990747932580379,0.0013761199767518548
2089,9,1,0.36540746741314517,0.0012600257497005006
4457,0,1,0.390348752591178,0.0013460301813488897
8485,3,1,0.4153802142723401,0.0014323455664563452
5168,3,1,0.4167545995792544,0.0014370848261353601
6413,3,1,0.4217532991066205,0.0014543217210573121
8316,7,1,0.4191016704252795,0.0014451781738802742
4977,1,1,0.2750558198817731,0.0009484683444199071
7959,6,0,0.015584548861781788,5.3739823661316514e-05
6761,4,1,0.4039674858003773,0.0013929913303461286
5594,1,1,0.34985171805593096,0.001206385234675624
314,1,1,0.3327910579876997,0.0011475553723713783
8652,5,1,0.3636163212635167,0.001253849383667299
8810,2,1,0.4094845416152987,0.0014120156607424093
1920,4,1,0.33402693157931723,0.0011518170054459216
4164,3,1,0.4224203298837618,0.0014566218271853857
8302,7,1,0.4084364191035153,0.0014084014451845356
7244,8,1,0.41471726705940054,0.0014300595415841397
47,2,1,0.30355440294198144,0.0010467393204895911
29,1,1,0.31623287531860156,0.0010904581907537985
1575,4,1,0.407183233171635,0.0014040801143849484
8448,0,1,0.42173895913574283,0.0014542722728818718
3388,4,1,0.34219689000868025,0.0011799892758920009
2755,9,1,0.33920258730645336,0.001169664094160184
1031,2,1,0.4046301451436805,0.0013952763625644155
125,9,1,0.35417947218542345,0.0012213085247773222
568,6,0,0.05598604689401149,0.000193055334117281
1232,9,1,0.2526014358082993,0.0008710394338217217
2547,7,1,0.3746955554599202,0.0012920536395169663
9507,9,1,0.38782386638935623,0.0013373236772046767
5830,0,1,0.42440784841424345,0.0014634753393594601
6953,6,0,0.14521363937712434,0.0005007366875073253
6809,1,1,0.29705261018572526,0.0010243193454680182
9553,9,1,0.3372556591945052,0.0011629505489465697
3664,9,1,0.3835202859977502,0.0013224837448198282
3246,8,1,0.3700479133338257,0.0012760272873580196
6644,1,1,0.32772915950762943,0.0011301005500263083
1137,1,1,0.24816883764381886,0.0008557546125648926
8275,5,1,0.3189711503270166,0.0010999005183690228
8008,7,1,0.4212175953533651,0.0014524744667357417
6931,4,1,0.3751031724114182,0.001293459215211787
6693,6,0,0.09143253056566991,0.00031528458815748245
33,4,1,0.3827662359813372,0.0013198835723494387
9984,1,1,0.3399740908286359,0.001172324451133227
1810,5,1,0.41842768863010216,0.00144285409872449
2234,7,1,0.3977248875327487,0.0013714651294232715
8056,0,1,0.42441724047858626,0.0014635077257882285
4900,7,1,0.39306776304287927,0.0013554060794582043
3002,8,1,0.3434535741862948,0.0011843226696079132
399,4,1,0.4193553476860618,0.0014460529230553856
8609,8,1,0.4027278941511284,0.0013887168763832014
4749,5,1,0.34491239126158174,0.0011893530733157992
908,4,1,0.3867881689338954,0.001333752306668605
495,8,1,0.39326890006503123,0.0013560996553966594
6032,9,1,0.3747560371591496,0.001292262197100516
7321,2,1,0.4239261181935872,0.0014618142006675421
1723,0,1,0.4017518926867019,0.0013853513540920755
6810,2,1,0.4003843391382001,0.00138063565220069
9874,2,1,0.39102783619540615,0.0013483718489496763
7995,3,1,0.4219144826539201,0.001454877526392828
386,6,0,0.0436882915739063,0.00015064928128933206
8254,3,1,0.4239393823961623,0.0014618599392971115
7139,0,1,0.34900326841147233,0.0012034595462464563
4199,7,1,0.24553521508032708,0.0008466731554494037
8164,1,1,0.4025618192258378,0.0013881442042270268
8361,2,1,0.39434425211551205,0.0013598077659155588
6702,1,1,0.31413786788384007,0.0010832340271856554
1819,6,0,0.25781803890120025,0.0008890277203489664
9526,4,1,0.4059881882839238,0.0013999592699445648
2415,2,1,0.40357697836069784,0.0013916447529679235
120,5,1,0.41845456808919024,0.0014429467865144491
4844,5,1,0.4108492258669663,0.0014167214685067804
7648,7,1,0.3397457208230428,0.00117153696835532
9174,0,1,0.41912327106527664,0.0014452526588457815
9471,4,1,0.40326917170044346,0.0013905833506911843
6372,8,1,0.3795965819650329,0.0013089537309139065
5367,2,1,0.41938062570179846,0.0014461400886268913
3318,2,1,0.4066986813926548,0.0014024092461815683
6774,6,0,0.0802888568176296,0.00027685812695734345
2996,0,1,0.4241599330839164,0.0014626204589100566
4644,9,1,0.4002509049875637,0.001380175534439875
3099,1,1,0.33402230528610233,0.0011518010527106976
1875,7,1,0.38361144062391167,0.0013227980711169368
6683,1,1,0.3374678181460736,0.0011636821315381847
5852,5,1,0.40728880901482867,0.0014044441690166506
400,2,1,0.4157534841175728,0.0014336327038536993
8403,7,1,0.4211156003046284,0.0014521227596711326
9296,0,1,0.41083173742141965,0.0014166611635221366
6176,4,1,0.42217849583829337,0.0014557879166837702
6129,0,1,0.42495031773529696,0.001465345923225162
1002,2,1,0.41639099478197245,0.0014358310164895602
7741,4,1,0.4172361844131579,0.001438745463493648
4240,9,1,0.4075561131351947,0.0014053659073627403
3374,8,1,0.40326404679237127,0.0013905656785943837
763,0,1,0.4182442646727577,0.0014422216023198542
3265,0,1,0.41830760151411955,0.0014424400052211019
993,0,1,0.3771636438868296,0.0013005642892649296
694,5,1,0.4106595575687639,0.0014160674398922893
1351,1,1,0.25538556340207325,0.0008806398738002525
4012,4,1,0.4200966339883157,0.00144860908271833
1275,4,1,0.27171910466947957,0.0009369624298947571
415,7,1,0.3924158689763822,0.0013531581688840766
2384,0,1,0.3806250250801407,0.0013125000864832436
2320,9,1,0.3661835659016394,0.0012627019513849636
7814,8,1,0.4243040552915976,0.0014631174320399918
4820,8,1,0.4139892816989266,0.001427549247237678
5576,7,1,0.4076517918064183,0.0014056958338152356
3051,6,0,-0.09801227323977907,-0.00033797335599923816
4439,6,0,0.24579959689713493,0.0008475848168866722
497,4,1,0.355921052245833,0.001227313973261493
8583,4,1,0.3548367717988714,0.0012235750751685222
6161,8,1,0.42351916212188884,0.0014604109038685823
9273,0,1,0.4156831350718568,0.0014333901209374372
2206,4,1,0.3065939030247483,0.001057220355257753
3086,4,1,0.3577619602267287,0.0012336619318163058
9047,4,1,0.40580709793849473,0.001399334820477568
7830,0,1,0.42056491421627357,0.0014502238421250813
6827,9,1,0.37652202615557534,0.0012983518143295702
8330,8,1,0.4175587175414723,0.001439857646694732
1795,2,1,0.4026825222046625,0.0013885604213953878
587,6,0,0.11783606526285728,0.00040633125952709405
6357,2,1,0.40993933581486036,0.0014135839166029669
9555,6,0,-0.04446921178753083,-0.00015334210961217526
5501,6,0,0.09413031950187328,0.00032458730862714927
8198,2,1,0.3655799042797093,0.0012606203595852046
8625,2,1,0.41290123726545663,0.001423797369880885
6157,9,1,0.4202826238908965,0.0014492504272099879
9419,7,1,0.4086671503449021,0.0014091970701548347
5937,5,1,0.4091137170213813,0.0014107369552461423
4771,5,1,0.3801432568427422,0.001310838816699111
3170,0,1,0.4244839549746243,0.0014637377757745667
4053,7,1,0.24533121889940274,0.0008459697203427681
6067,5,1,0.42173324861302575,0.0014542525814242268
8323,2,1,0.404318522255852,0.0013942018008822484
9268,5,1,0.4073550845285711,0.0014046727052709348
8713,3,1,0.40129944454344046,0.0013837911880808292
7389,6,0,0.05619813546538743,0.00019378667401857735
4526,3,1,0.3999882716027416,0.0013792699020784194
7495,9,1,0.375132395040759,0.001293559982899169
6118,2,1,0.42315474335004954,0.001459154287413964
4104,1,1,0.34214027231732164,0.0011797940424735228
9771,7,1,0.39458232286234185,0.0013606286995253168
8305,1,1,0.38023984994401494,0.0013111718963586723
5568,6,0,0.04118035528672265,0.00014200122512662982
6723,4,1,0.36025890503466196,0.0012422720863264206
1080,4,1,0.33533067454665244,0.0011563126708505256
3226,0,1,0.41162921252371454,0.0014194110776679812
6949,2,1,0.4237175450383251,0.0014610949828907762
9406,4,1,0.4042957538061033,0.001394123288986563
6675,6,0,0.2543044210705017,0.0008769117967948335
7133,0,1,0.37860610742311074,0.0013055383014590025
5399,1,1,0.328006303058367,0.0011310562174426447
1152,9,1,0.39855967689453714,0.0013743437134294384
9254,9,1,0.4095702148098567,0.00141231108555123
3686,3,1,0.3658996753047113,0.0012617230182921078
8683,2,1,0.4157839436550971,0.0014337377367417141
6351,0,1,0.40498771417835283,0.0013965093592356993
872,8,1,0.39965823944552725,0.0013781318601569904
1842,2,1,0.4060153769504435,0.0014000530239670465
1589,0,1,0.41947317116249117,0.0014464592109051419
8048,1,1,0.320338267949338,0.0011046147170666828
1728,1,1,0.315197279299101,0.0010868871699969002
9987,4,1,0.3899094056538905,0.0013445151919099672
9262,7,1,0.41296583059706593,0.0014240201055071239
3155,4,1,0.3715720312230514,0.0012812828662863841
6319,0,1,0.41290413826785716,0.0014238073733374385
9129,2,1,0.4246475014120408,0.0014643017290070371
3245,8,1,0.3440511443060681,0.001186383256227821
6560,9,1,0.3541336461627619,0.0012211505040095238
8759,8,1,0.4130810571149707,0.001424417438327485
8715,1,1,0.24434601061713868,0.0008425724504039265
8524,8,1,0.3984872992885432,0.0013740941354777351
4637,5,1,0.41999914774885583,0.0014482729232719166
6200,9,1,0.4069369824748751,0.0014032309740512935
8131,4,1,0.39255244296446357,0.001353629113670564
6325,6,0,0.052396989513240566,0.00018067927418358816
5199,6,0,0.22424253624471574,0.0007732501249817785
5914,7,1,0.34567638331395956,0.001191987528668826
3137,4,1,0.3960955656054203,0.0013658467779497252
3337,2,1,0.41230879204385834,0.0014217544553236493
3343,8,1,0.3749731106449597,0.00129301072636193
1043,4,1,0.38471230931641076,0.0013265941700565888
6875,3,1,0.4150032885074927,0.00143104582243963
2757,1,1,0.2961085684274801,0.0010210640290602762
3633,8,1,0.41342882764420524,0.0014256166470489836
4928,3,1,0.3668081734891887,0.0012648557706523749
2385,0,1,0.421488632043965,0.0014534090760136723
1500,7,1,0.28553726352275055,0.0009846112535267261
6320,1,1,0.3235298165419724,0.0011156200570412841
4725,2,1,0.388970425033168,0.0013412773277005792
1866,5,1,0.354847469411262,0.0012236119634871103
9485,1,1,0.32742726844383246,0.001129059546358043
1882,8,1,0.41205480751359724,0.0014208786465986112
5566,1,1,0.2820203124513669,0.0009724838360391961
8375,7,1,0.4192324889730748,0.0014456292723209476
7259,8,1,0.41715665603849333,0.0014384712277189426
6811,3,1,0.38030859080203033,0.0013114089338001045
7313,8,1,0.4191034088407627,0.0014451841684164231
3969,7,1,0.3963287407356273,0.0013666508301228527
258,2,1,0.41070122805591724,0.0014162111312273008
4205,2,1,0.4074300998182181,0.0014049313786835107
481,9,1,0.3807443960392457,0.0013129117104801575
1769,3,1,0.40000557858924635,0.0013793295813422288
7237,2,1,0.4131018110462461,0.001424489003607745
888,2,1,0.40830369450397924,0.0014079437741516525
4243,6,0,-0.007423513144312499,-2.559832118728448e-05
1437,4,1,0.3206257376016811,0.001105605991729935
3218,6,0,0.10605110044820709,0.00036569344982140375
1076,2,1,0.3946931815887951,0.001361010970995845
5869,9,1,0.36997855225270454,0.0012757881112162226
8570,3,1,0.4240583736938996,0.0014622702541168952
4180,2,1,0.39390681700994756,0.001358299368999819
1996,6,0,0.05042304826375005,0.00017387258021982774
4046,4,1,0.4058607189478345,0.0013995197205097741
384,6,0,0.05076764285598512,0.00017506083743443145
2663,3,1,0.4219207553732618,0.0014548991564595235
3357,4,1,0.4153883530678817,0.0014323736312685576
5167,2,1,0.42208139941160133,0.001455453101419315
2281,3,1,0.38101916345259307,0.0013138591843192865
7719,3,1,0.38722404566116797,0.0013352553298660965
8684,3,1,0.41867821880642775,0.0014437179958842335
8272,3,1,0.4184164228476278,0.0014428152511987166
3052,0,1,0.3948443757607127,0.0013615323302093542
7847,1,1,0.3882827731909607,0.0013389061144515888
3542,4,1,0.42432027540004125,0.0014631733634484182
4015,9,1,0.4063961770715826,0.0014013661278330434
9133,5,1,0.4204502540762033,0.0014498284623317354
8643,5,1,0.40328185602367483,0.0013906270897368097
8608,7,1,0.3600638398757249,0.001241599447847327
9585,0,1,0.4129513898338918,0.0014239703097720406
736,4,1,0.42340891639894257,0.0014600307462032502
4405,9,1,0.33618023061390095,0.0011592421745306928
2784,2,1,0.38671511441590134,0.0013335003945375908
2493,9,1,0.3542426818873984,0.001221526489266891
6424,0,1,0.40166607653865494,0.0013850554363401895
4320,0,1,0.40790505718683734,0.0014065691627132323
751,5,1,0.4190873310333063,0.0014451287277010563
145,1,1,0.3150098577301223,0.0010862408887245597
5885,5,1,0.38202956230598045,0.0013173433182964843
3539,6,0,0.026419287133430835,9.110099011527874e-05
7928,1,1,0.3875351350999397,0.0013363280520687576
8685,4,1,0.4026059331680897,0.0013882963212692747
3553,9,1,0.35773182677083065,0.0012335580233476919
4722,5,1,0.273228283075719,0.0009421664933645482
2984,1,1,0.3139248447105041,0.0010824994645189795
6798,0,1,0.4230407788039126,0.0014587613062203883
4964,2,1,0.3620721332390883,0.0012485245973761665
8221,0,1,0.41657950401718347,0.0014364810483351153
4187,2,1,0.2564205587596772,0.0008842088233092316
9785,9,1,0.37069013229908676,0.0012782418355140922
2672,6,0,0.052268896383237284,0.00018023757373530097
9338,5,1,0.41165388053361784,0.001419496139771096
6014,2,1,0.40928127126250535,0.0014113147284913977
436,8,1,0.34825911940122123,0.0012008935151766249
871,0,1,0.4169000996203132,0.0014375865504148732
6832,5,1,0.41918146879755824,0.0014454533406812354
4625,2,1,0.4032000394661565,0.0013903449636764019
6473,0,1,0.3524276848418855,0.0012152678787651224
2098,2,1,0.414500783670358,0.0014293130471391654
8703,3,1,0.41934414773631584,0.0014460143025390201
7644,3,1,0.391846717642078,0.0013511955780761311
7649,5,1,0.329978457264486,0.0011378567491878828
9881,3,1,0.3476352438423605,0.0011987422201460707
299,8,1,0.40203636793820186,0.0013863323032351788
6846,6,0,-0.014327835779719467,-4.9406330274894714e-05
1613,8,1,0.4167532105110894,0.0014370800362451359
7062,0,1,0.36319079000312265,0.0012523820344935263
1588,3,1,0.41083325684392713,0.0014166664029100935
9832,2,1,0.39955830842332474,0.0013777872704252578
7685,2,1,0.41484804642507556,0.0014305105049140536
2443,9,1,0.3837684649947962,0.0013233395344648146
8660,3,1,0.4204474836296901,0.0014498189090678968
2918,2,1,0.4224508939395666,0.001456727220481264
5842,4,1,0.40807281462950423,0.0014071476366534629
9933,2,1,0.4114797928058336,0.001418895837261495
4195,1,1,0.3338462367184698,0.0011511939197188614
5427,2,1,0.41293943060509386,0.0014239290710520477
8179,0,1,0.4164935653227525,0.0014361847080094914
7947,4,1,0.4114249998374045,0.00141870689599105
6040,0,1,0.39242673857802274,0.0013531956502690439
3098,7,1,0.36544018735093314,0.0012601385770721833
178,1,1,0.32534679319154447,0.0011218854937639464
9427,5,1,0.4153963526953956,0.0014324012161910193
4436,9,1,0.4016176330414997,0.001384888389798275
6187,6,0,-0.10253234363674452,-0.0003535598056439466
9516,8,1,0.4113929332034988,0.0014185963213913752
1333,0,1,0.4113266493113957,0.001418367756246192
3534,4,1,0.4134807125556139,0.0014257955605365997
4471,7,1,0.40421962725615035,0.0013938607836418977
9849,2,1,0.4065361775966743,0.0014018488882643941
3024,4,1,0.4125438692185914,0.0014225650662710047
9839,2,1,0.3589854054091519,0.0012378807083074203
9303,2,1,0.3851687776833742,0.001328168198908187
8080,3,1,0.4170971870438112,0.0014382661622200387
2160,6,0,0.027125174987801537,9.353508616483288e-05
8712,2,1,0.42418754373890116,0.0014627156680651764
6102,4,1,0.42055042054043507,0.0014501738639325348
5508,3,1,0.40151246051234674,0.0013845257259046439
6932,5,1,0.40026484737408496,0.0013802236116347757
8540,1,1,0.3708916722925472,0.0012789368010087834
3072,8,1,0.3776306643827175,0.0013021747047679913
5569,8,1,0.4230698136226633,0.001458861426285046
5041,8,1,0.39811539878333513,0.0013728117199425349
4167,2,1,0.3961046901101884,0.0013658782417592704
9252,9,1,0.39747977112373756,0.0013706199004266811
1003,5,1,0.4224120039887081,0.0014565931172024417
5607,4,1,0.3455782863750138,0.0011916492633621165
7071,9,1,0.39522433613130986,0.001362842538383827
5787,9,1,0.35274860806374564,0.0012163745105646401
966,9,1,0.375384015704868,0.001294427640361614
6125,1,1,0.33944398109461305,0.0011704964865331484
9885,0,1,0.358117553948893,0.0012348881170651483
2919,5,1,0.32033538076532403,0.001104604761259738
5474,4,1,0.4185449800740522,0.0014432585519794903
4176,2,1,0.37739018250339057,0.0013013454569082434
2550,8,1,0.3774483061761013,0.0013015458833658667
5231,8,1,0.36156156175678106,0.0012467640060578656
8805,7,1,0.3526953500078289,0.0012161908620959617
1626,6,0,0.08334128271213759,0.00028738373349012963
7077,5,1,0.4046271154032918,0.0013952659151837648
7348,2,1,0.40804950404289736,0.0014070672553203357
5042,9,1,0.3887923615108,0.0013406633155544827
5748,2,1,0.4094436623590774,0.0014118746977899222
7447,1,1,0.3890615918273655,0.0013415916959564327
7195,5,1,0.26898228782700334,0.0009275251304379426
46,1,1,0.391479627860834,0.0013499297512442553
4386,1,1,0.2687394808515595,0.0009266878650053777
1392,1,1,0.24477651646327112,0.0008440569533216246
9857,8,1,0.29350082991046755,0.0010120718272774744
2687,0,1,0.4183074578625855,0.0014424395098709844
5403,8,1,0.3952279009481089,0.001362854830855548
6362,4,1,0.37754930738938514,0.001301894163411673
8884,6,0,-0.02222201778613958,-7.662764753841235e-05
7333,3,1,0.42185099343395394,0.001454658598048117
3682,2,1,0.3602723268069706,0.0012423183682998985
4842,4,1,0.42253050961786404,0.0014570017573029795
8982,5,1,0.3454893566353132,0.0011913426090872869
3938,4,1,0.3660837805407083,0.0012623578639334768
6936,9,1,0.38812563885645235,0.0013383642719188012
9118,2,1,0.41940866492961093,0.001446236775619348
7839,1,1,0.3315957990713488,0.0011434337899012027
9597,2,1,0.42457089929535446,0.0014640375837770845
7366,4,1,0.41384511681905506,0.001427052126962259
1172,3,1,0.4101402678969645,0.0014142767858516018
5920,6,0,-0.018027801864629822,-6.21648340159649e-05
6229,6,0,-0.10018673838305187,-0.0003454715116656961
17,7,1,0.397551775916326,0.0013708681928149174
4774,1,1,0.2947958804763805,0.0010165375188840708
4202,5,1,0.37814309001020696,0.001303941689690369
1286,8,1,0.3560230560961528,0.001227665710676389
1087,5,1,0.3856040803868704,0.001329669242713346
7000,1,1,0.2849201056131096,0.0009824831228038263
3965,3,1,0.419697034194106,0.001447231152393469
3603,6,0,0.0008236139687829436,2.840048168217047e-06
9973,9,1,0.4101289562570821,0.001414237780196835
1933,7,1,0.32174811757718813,0.0011094762675075453
2465,6,0,0.010812032097056334,3.7282869300194254e-05
1478,6,0,-0.13085080975864477,-0.000451209688822913
3596,4,1,0.4171813631576581,0.0014385564246815795
4084,3,1,0.3455173757687261,0.0011914392267887107
9827,8,1,0.3199037377266322,0.001103116336988387
852,7,1,0.27700585371954556,0.0009551925990329157
4564,1,1,0.2353449851511599,0.0008115344315557238
3891,9,1,0.3552931299813322,0.0012251487240735595
2398,1,1,0.3411523924049748,0.0011763875600171545
8922,1,1,0.3473540763246467,0.0011977726769815404
8840,3,1,0.41779990629469566,0.0014406893320506747
2435,0,1,0.4162370164124497,0.0014353000565946541
2921,3,1,0.3764244490771027,0.0012980153416451818
2567,7,1,0.40162978275087136,0.0013849302853478323
8836,4,1,0.40484600193824327,0.0013960206963387698
9942,3,1,0.4208023722410018,0.0014510426629000062
2095,7,1,0.38442440685576296,0.0013256014029509068
394,9,1,0.34345561846266226,0.0011843297188367664
140,6,0,-0.07791205315725375,-0.0002686622522663922
259,6,0,0.33467094343178416,0.0011540377359716696
1314,4,1,0.41285933073146935,0.0014236528645912737
7803,8,1,0.4207312288735109,0.0014507973409431409
5985,5,1,0.38182769608321304,0.0013166472278731485
6261,6,0,-0.09561112556915424,-0.0003296935364453595
5583,3,1,0.41484731445829476,0.0014305079808906716
3420,1,1,0.31987969475281886,0.001103033430182134
2491,2,1,0.39247922477900526,0.0013533766371689837
6214,9,1,0.40376982848299997,0.0013923097533896551
2025,3,1,0.3361473943964987,0.0011591289461948232
8484,4,1,0.42163000439662474,0.0014538965668849128
6898,8,1,0.40275742102793577,0.0013888186931997786
6665,3,1,0.4171091458290843,0.0014383073994106356
3363,3,1,0.38706729015731856,0.001334714793645926
8070,3,1,0.4128483197484024,0.0014236148956841463
9383,6,0,0.1585355059068942,0.0005466741582996352
4970,7,1,0.33264266189887287,0.0011470436617202512
5452,0,1,0.42235256950215977,0.0014563881706971026
7433,8,1,0.38522971024940794,0.001328378311204855
6,4,1,0.4033747718112693,0.001390947489004377
5262,9,1,0.3423629613168797,0.0011805619355754473
2543,8,1,0.4083396671194865,0.0014080678176534016
3290,3,1,0.4230544663496843,0.0014588085046540837
1526,0,1,0.4251583245944807,0.0014660631882568301
2518,5,1,0.40458036396651403,0.001395104703332807
6984,9,1,0.3978817150878589,0.0013720059140960653
833,9,1,0.409940868943034,0.0014135892032518414
2133,2,1,0.39517647508471065,0.0013626775002921058
9229,3,1,0.4096341767263264,0.0014125316438838842
5176,8,1,0.36866980565675744,0.0012712751919198532
3580,7,1,0.3922053383923686,0.0013524322013529952
5887,7,1,0.4206656643909481,0.0014505712565205107
4732,1,1,0.3344362472251652,0.0011532284387074663
285,2,1,0.39834498886022707,0.001373603409862852
7208,8,1,0.3992428675654907,0.0013766995433292784
4413,6,0,0.027643193220921347,9.532135593421154e-05
1653,5,1,0.3985022250874079,0.0013741456037496824
2486,6,0,-0.07736630083169754,-0.00026678034769550877
9185,6,0,-0.056962182476555434,-0.0001964213188846739
8028,9,1,0.40323768891712153,0.0013904747893693846
189,1,1,0.2633647057902121,0.0009081541578972831
2357,1,1,0.3125642669472374,0.0010778078170594393
7632,7,1,0.3581227632592535,0.0012349060802043224
6044,1,1,0.3546707560156098,0.0012230026069503788
504,1,1,0.27331189801650724,0.0009424548207465767
2134,5,1,0.38533353346451693,0.0013287363222914377
6292,7,1,0.4096467955618246,0.00141257515710974
4350,2,1,0.41475029941740793,0.0014301734462669239
9031,7,1,0.4002937919114332,0.0013803234203842525
2168,8,1,0.41162912086388187,0.0014194107615995927
6601,1,1,0.34192587009572617,0.0011790547244680213
5090,1,1,0.3099753301095195,0.0010688804486535155
1120,8,1,0.33807027373163406,0.0011657595645918415
2791,6,0,0.26859703221011666,0.0009261966627935057
4232,1,1,0.23299334088747767,0.0008034253134050954
4850,8,1,0.3735837596389646,0.001288219860824016
8324,1,1,0.3998920134059391,0.001378937977261859
365,0,1,0.2766383444229836,0.0009539253255964951
9602,1,1,0.3447242371148601,0.0011887042659133107
4322,7,1,0.4128708926196909,0.001423692733171348
6293,0,1,0.41049311150311685,0.0014154934879417823
8044,9,1,0.40116896955443027,0.0013833412743256216
8201,3,1,0.40616822069762804,0.0014005800713711312
371,2,1,0.37471313873520323,0.0012921142715007009
5069,0,1,0.4190720263175162,0.0014450759528190215
5824,3,1,0.3535223901517386,0.0012190427246611675
987,7,1,0.36368269022808575,0.0012540782421658128
6055,9,1,0.40683870302750164,0.001402892079405178
2928,1,1,0.3119816753330269,0.0010757988804587135
9449,8,1,0.4017386355847589,0.0013853056399474445
5325,5,1,0.410803086888978,0.0014165623685826827
7675,3,1,0.34752062340186557,0.0011983469772478123
2336,4,1,0.37205272825989727,0.0012829404422755079
4201,1,1,0.2948594361789312,0.001016756676479073
4173,2,1,0.3931883380410902,0.0013558218553141042
9239,0,1,0.4230893628491792,0.0014589288374109628
3351,1,1,0.3186015759321326,0.0010986261239039055
9039,1,1,0.3505332163912075,0.0012087352289351983
8960,4,1,0.3865404025000237,0.0013328979396552542
9325,0,1,0.42210915339916993,0.0014555488048247239
6663,7,1,0.35737431382958523,0.001232325220102018
3306,0,1,0.40951474480216843,0.0014121198096626497
7459,9,1,0.33738952601692546,0.0011634121586790534
4687,1,1,0.2846152160492635,0.000981431779480219
8593,9,1,0.35156805708275285,0.0012123036451129408
1318,1,1,0.351490052858116,0.0012120346650279863
3173,6,0,0.22744492571389613,0.000784292847289297
6773,2,1,0.42454661699542545,0.0014639538517083636
6671,9,1,0.386418915691734,0.001332479019626669
6494,3,1,0.404968171169975,0.001396441969551638
4806,1,1,0.2967610332093758,0.0010233139076185373
2309,8,1,0.31617565400661735,0.0010902608758848874
1358,1,1,0.31579577655508717,0.0010889509536382315
4465,4,1,0.39280471605159084,0.0013544990208675545
2327,2,1,0.4107192227518394,0.0014162731819028945
9331,5,1,0.3628899981943013,0.0012513448213596597
7008,9,1,0.37579349862074735,0.00129583965041637
1058,9,1,0.3500021040715571,0.0012069038071433002
2135,6,0,0.23323494164929054,0.0008042584194803122
7462,9,1,0.39977778088308935,0.0013785440720106529
4312,5,1,0.316323473482471,0.0010907705982154171
7603,8,1,0.40996117492317746,0.0014136592238730256
9416,9,1,0.38524160703061633,0.0013284193345883323
9638,9,1,0.38794086119225746,0.0013377271075595085
9665,6,0,0.058663827050341455,0.0002022890587942809
7752,5,1,0.4066142986331968,0.0014021182711489546
9350,4,1,0.3412964074164922,0.0011768841635051454
5873,1,1,0.2811470907984392,0.0009694727268911696
5886,6,0,0.10400879871479407,0.000358651030051014
1405,5,1,0.34649745258020365,0.0011948188020007022
7074,2,1,0.41921130987380917,0.0014455562409441695
2247,5,1,0.4104248747274739,0.0014152581887154274
4944,2,1,0.4130684065371723,0.0014243738156454217
999,9,1,0.33770249870046937,0.0011644913748292047
4056,5,1,0.4151769181897755,0.0014316445454819844
2283,1,1,0.33584979761596057,0.001158102750399864
8104,6,0,0.14916969770689076,0.0005143782679547957
905,2,1,0.4155232481586097,0.0014328387867538264
8156,3,1,0.42223693150656333,0.0014559894189881495
1258,5,1,0.3963279575159983,0.0013666481293655114
614,3,1,0.3162300059907265,0.0010904482965197464
4446,6,0,0.0026057706130168112,8.985415906954521e-06
5639,9,1,0.36024496667563083,0.0012422240230194166
1271,0,1,0.41035414945715815,0.0014150143084729592
7181,8,1,0.3993203394606192,0.0013769666877952386
8371,9,1,0.4191263651189865,0.0014452633279965052
1989,4,1,0.32089752890810486,0.001106543203131396
4027,7,1,0.3533458722588777,0.0012184340422719921
9904,2,1,0.3951467724568185,0.0013625750774373053
8914,1,1,0.3093615111992042,0.0010667638317213937
2042,0,1,0.3989056943972692,0.0013755368772319628
916,4,1,0.40655454844756983,0.001401912236026103
5958,6,0,0.2842701726094454,0.000980241974515329
3187,6,0,0.022045332410514262,7.601838762246298e-05
6394,9,1,0.40525122872391683,0.0013974180300824718
7777,5,1,0.4211830490665634,0.0014523553416088393
1459,2,1,0.4102510301361796,0.0014146587246075158
8062,5,1,0.3101461278841682,0.0010694694064971317
2442,7,1,0.40187502476548226,0.0013857759474671801
5564,4,1,0.406194091812734,0.001400669282112876
559,6,0,0.26291411994470526,0.000906600413602432
1023,4,1,0.39638146785914985,0.0013668326477901719
7275,6,0,-0.07829677740627489,-0.00026998888760784446
2434,1,1,0.3834383084924902,0.0013222010637672077
2901,4,1,0.2815358769535451,0.0009708133688053279
3543,4,1,0.3957016943186441,0.0013644886010987728
8486,8,1,0.42266482688523194,0.0014574649202939033
3372,5,1,0.37372089406390835,0.0012886927381514082
4270,3,1,0.38767712469254745,0.001336817671353612
5077,7,1,0.3749290118743006,0.0012928586616355194
2125,5,1,0.24748049714228465,0.0008533810246285678
2596,2,1,0.39823782092782467,0.0013732338652683608
6131,0,1,0.42258867880208495,0.0014572023406968448
4787,6,0,-0.06303482003688271,-0.00021736144840304382
6662,7,1,0.3875365216694779,0.0013363328333430272
2338,4,1,0.4091174168610505,0.0014107497133139673
9425,0,1,0.3946091040111359,0.0013607210483142617
9359,2,1,0.40970159436330084,0.0014127641184941409
8674,3,1,0.39958370580496966,0.0013778748476033437
3361,7,1,0.41242536031944127,0.001422156414894625
7933,0,1,0.4221343417138585,0.0014556356610822708
7623,8,1,0.41351813918864877,0.0014259246178918922
7650,7,1,0.3769515220734858,0.001299832834736158
367,5,1,0.4111266617168199,0.001417678143851103
3147,9,1,0.40668458634211324,0.0014023606425590113
2880,1,1,0.3029068887754233,0.001044506513018701
9581,3,1,0.41022889194450723,0.0014145823860155422
939,2,1,0.42024376777354094,0.001449116440598417
9917,8,1,0.38347194988312616,0.001322317068562504
8487,5,1,0.40776178815709846,0.0014060751315762017
1504,0,1,0.38827749008861456,0.0013388878968572915
7737,0,1,0.42212060214987684,0.0014555882832754375
9604,3,1,0.4232461627122285,0.0014594695265938912
5001,9,1,0.3950163468878619,0.0013621253340960755
6384,2,1,0.4203833035192307,0.0014495975983421748
3384,2,1,0.3251097684314438,0.0011210681670049787
1983,3,1,0.4208616467012518,0.0014512470575905234
8483,3,1,0.41675704173110156,0.0014370932473486261
5625,3,1,0.4182677886302353,0.0014423027194146044
6152,4,1,0.41914424215581847,0.0014453249729510982
5318,1,1,0.3047103410844049,0.001050725314084155
5421,6,0,0.18419025741424366,0.0006351388186698057
1556,8,1,0.42112809170813686,0.001452165833476334
4711,5,1,0.409183976010795,0.0014109792276234309
6588,0,1,0.3855872561775712,0.0013296112281985216
5016,8,1,0.40890809632539826,0.0014100279183634423
1326,7,1,0.35416975704370524,0.0012212750242886388
2927,3,1,0.4038902243733002,0.0013927249116320697
9861,4,1,0.38205258180294815,0.001317422695872235
2239,1,1,0.2321168275574834,0.0008004028536464945
6209,8,1,0.41622595913446686,0.0014352619280498858
5540,7,1,0.39464921869426456,0.0013608593748078088
6013,4,1,0.391791660575567,0.0013510057261226448
7774,8,1,0.42406449615931685,0.0014622913660666099
3856,9,1,0.41300283873974186,0.0014241477197922134
9605,4,1,0.3440855620275725,0.001186501938026112
1317,3,1,0.39701608145448514,0.0013690209705327075
135,1,1,0.3077159043157665,0.0010610893252267811
1816,4,1,0.33798561716835307,0.001165467645408114
3065,8,1,0.3032068327113014,0.0010455408024527635
706,9,1,0.38114706518042374,0.0013143002247600819
4966,7,1,0.26211380171763765,0.0009038406955780609
7722,1,1,0.30319237132400034,0.0010454909356000012
1192,9,1,0.29847625307426096,0.001029228458876762
747,3,1,0.4153721497112018,0.0014323177576248338
301,7,1,0.39680908511613455,0.0013683071900556364
278,2,1,0.4170291209332873,0.0014380314514940943
5990,0,1,0.4232059853292327,0.0014593309838939058
9156,3,1,0.4194441945146912,0.0014463592914299697
8234,7,1,0.3687240028942721,0.0012714620789457658
825,7,1,0.3991854895119681,0.0013765016879723037
1343,9,1,0.3596963252186637,0.0012403321559264265
6159,1,1,0.304641455731376,0.0010504877783840552
3101,7,1,0.41985693478398806,0.00144778253373789
3531,3,1,0.3780501812027374,0.001303621314492198
3959,0,1,0.3860514126472698,0.0013312117677492061
5510,5,1,0.40991809990899153,0.00141351068934135
7748,1,1,0.3683808682049858,0.0012702788558792612
9873,4,1,0.4025048429642674,0.0013879477343595428
3748,6,0,-0.0036478327998799576,-1.257873379268951e-05
6596,6,0,0.1126901626904645,0.00038858676789815344
2179,8,1,0.4032070449227993,0.0013903691204234458
3227,1,1,0.2232998296215712,0.0007699994124881765
8592,2,1,0.4142990826237094,0.0014286175262886531
7735,8,1,0.398550641177188,0.001374312555783407
6957,3,1,0.4195518820811588,0.0014467306278660647
6598,5,1,0.28388711463203503,0.0009789210849380518
6066,4,1,0.4236543382729828,0.0014608770285275269
9244,0,1,0.41658022756910795,0.0014364835433417515
2100,5,1,0.40293005922628056,0.0013894139973320019
4255,5,1,0.4107779136447115,0.0014164755642921086
4494,3,1,0.35323567347208523,0.0012180540464554663
930,7,1,0.33988441492241966,0.0011720152238704127
1824,2,1,0.4201236025959266,0.0014487020779169885
237,2,1,0.385987948744945,0.001330992926706707
565,4,1,0.39508311312946526,0.0013623555625153975
9097,2,1,0.41372963889949127,0.001426653927239625
9734,7,1,0.39277066990213794,0.0013543816203521997
8122,5,1,0.38278181466244177,0.0013199372919394544
2344,7,1,0.40804115750008646,0.001407038474138229
698,4,1,0.4009807891832983,0.0013826923764941321
9344,4,1,0.4024715367173856,0.0013878328852323643
3990,1,1,0.2903764317764942,0.0010012980406086008
9662,3,1,0.4163331100678213,0.00143563141402697
8862,1,1,0.34884890473678565,0.001202927257713054
1399,0,1,0.41826614809669693,0.0014422970624024033
3646,0,1,0.20613737435440718,0.0007108185322565765
3651,1,1,0.36003659851587294,0.0012415055121236997
5919,9,1,0.39565373179613567,0.001364323213090123
4192,4,1,0.38952986045473537,0.0013432064153611565
8178,4,1,0.370508977836974,0.0012776171649550828
3908,6,0,-0.05193025568608628,-0.00017906984719340095
5743,6,0,0.08967880038945847,0.0003092372427222706
4808,3,1,0.42175987750496785,0.0014543444051895442
2659,4,1,0.3335102159290677,0.0011500352273416128
4055,2,1,0.42234546375010096,0.0014563636681037965
8637,6,0,0.29817613908779594,0.0010281935830613654
7798,3,1,0.4219031249860075,0.0014548383620207157
8020,1,1,0.35755385655191163,0.0012329443329376264
1700,0,1,0.41723340890844757,0.0014387358927877502
2604,5,1,0.3556503384805421,0.0012263804775191108
8440,8,1,0.39334478527600036,0.0013563613285379323
653,2,1,0.3752381783380904,0.001293924752889967
6458,7,1,0.40596845431050793,0.0013998912217603721
6308,1,1,0.34248406578813817,0.0011809795372004763
7744,7,1,0.4214021632030488,0.00145311090759672
5711,5,1,0.4181194106436417,0.0014417910711849715
7704,4,1,0.3410166221251244,0.00117591938663836
8378,4,1,0.4072796615828601,0.0014044126261477934
835,1,1,0.2988726256187526,0.0010305952607543194
4033,0,1,0.4182331205458175,0.0014421831742959224
6962,0,1,0.3497032467597721,0.0012058732646888692
8996,6,0,0.18327857852991578,0.0006319950983790199
2807,3,1,0.42199230917838026,0.0014551458937185526
37,1,1,0.3267621466808038,0.0011267660230372544
7969,1,1,0.2972527921822007,0.0010250096282144851
981,0,1,0.3810727038462299,0.0013140438063663099
2454,6,0,0.3657416581384643,0.001261178131511946
7057,5,1,0.4014001134972744,0.0013841383224043944
2691,8,1,0.36498035489560793,0.0012585529479158895
6621,0,1,0.4132855743633016,0.0014251226702182813
2536,0,1,0.42389225079825593,0.0014616974165457101
2994,6,0,0.1573404803707047,0.0005425533805886369
4244,3,1,0.33504781727838084,0.001155337300959934
5644,8,1,0.41441890831899686,0.0014290307183413686
6817,9,1,0.3724927248038297,0.0012844576717373438
3402,6,0,0.05702638304217106,0.00019664270014541744
634,9,1,0.4178139519901928,0.0014407377654834233
9551,4,1,0.41061826508457716,0.0014159250520157833
6009,3,1,0.4208782330956011,0.0014513042520537967
6703,2,1,0.42123434240160057,0.001452532215177933
2833,7,1,0.41258339022489976,0.0014227013456031025
9352,0,1,0.4233393120614864,0.0014597907312465048
3114,4,1,0.3117517395466497,0.001075005998436723
8510,7,1,0.41221297523006295,0.0014214240525174584
8874,7,1,0.39757614065218055,0.0013709522091454502
9767,9,1,0.36033970868647164,0.001242550719608523
3354,1,1,0.335124672955706,0.0011556023205369173
1654,2,1,0.37644733017032245,0.001298094241966629
7233,3,1,0.40433925957640143,0.0013942733088841428
6021,4,1,0.34877537977245004,0.001202673723353276
1324,8,1,0.3585685863310641,0.0012364434011416002
1856,3,1,0.37867222318179145,0.0013057662868337636
3838,7,1,0.33608601053131193,0.001158917277694179
4907,3,1,0.3227417310357263,0.0011129025208128493
8823,5,1,0.34662632507276625,0.0011952631899060904
7878,8,1,0.42382779641101553,0.0014614751600379847
3308,7,1,0.4133231141466452,0.0014252521177470525
1242,4,1,0.1806689505775462,0.0006229963813018834
3335,5,1,0.2073339372541146,0.0007149446112210848
3916,3,1,0.42166717384531277,0.0014540247373976303
5900,4,1,0.38984743759878904,0.0013443015089613416
5415,0,1,0.4228387806676727,0.0014580647609230093
3462,5,1,0.41360114041913004,0.0014262108290314828
6679,7,1,0.3729178695293638,0.001285923688032289
4934,6,0,0.24261197982934488,0.0008365930338942927
9991,8,1,0.42228144972516746,0.0014561429300867844
1774,8,1,0.38225174169747944,0.0013181094541292395
5586,8,1,0.3830951541697604,0.0013210177729991739
8153,2,1,0.40457147903554747,0.001395074065639819
8145,8,1,0.4169068641332769,0.0014376098763216444
7559,5,1,0.4122020809532043,0.0014213864860455321
8835,5,1,0.3572953807603897,0.001232053037104792
8925,4,1,0.4044428943157705,0.0013946306700543811
583,2,1,0.4000236716065781,0.0013793919710571659
865,3,1,0.3424391371596552,0.0011808246108953627
5632,5,1,0.3954906813090657,0.001363760970031261
6379,3,1,0.41010176286424355,0.0014141440098767019
6312,3,1,0.40875061590014283,0.0014094848824142856
2941,9,1,0.40912650539739936,0.0014107810530944805
1643,1,1,0.2571552601398063,0.0008867422763441596
3492,8,1,0.34538525834056943,0.0011909836494502395
7560,4,1,0.36040244126765847,0.0012427670388539948
5512,7,1,0.41219371506540503,0.001421357638156569
6390,5,1,0.4187373575511086,0.0014439219225900297
4755,3,1,0.31172752846755775,0.0010749225119570957
4961,2,1,0.41179463095994606,0.0014199814860687795
6794,3,1,0.4227587163817477,0.0014577886771784405
6535,3,1,0.3952189030184936,0.0013628238035120468
7911,1,1,0.3846892529185575,0.0013265146652364052
9680,3,1,0.4034046624828277,0.0013910505602856126
7311,3,1,0.4152320353654911,0.00143183460470859
1213,1,1,0.3478529288737521,0.001199492858185352
6189,8,1,0.41325552989238196,0.0014250190685944205
1524,8,1,0.41762239894812625,0.0014400772377521594
7429,4,1,0.3242737905292129,0.0011181854845834927
6188,7,1,0.4171771955122541,0.0014385420534905314
6776,8,1,0.37916169224444435,0.0013074541111877391
5460,1,1,0.3448819971773333,0.0011892482661287355
2222,3,1,0.4007392054924692,0.0013818593292843767
3026,1,1,0.3533348443354105,0.0012183960149496915
5922,5,1,0.42174431382567823,0.001454290737329925
6130,6,0,0.22174271611848273,0.0007646300555809749
2812,9,1,0.3413387675472377,0.0011770302329215093
1629,5,1,0.40889994807406693,0.0014099998209450583
7182,9,1,0.4008835722690537,0.0013823571457553575
3900,1,1,0.3454056654472514,0.0011910540187836255
9913,2,1,0.4087764172271235,0.0014095738525073225
3694,2,1,0.4003467617919785,0.0013805060751447534
8037,8,1,0.42431168001250674,0.0014631437241810577
1246,0,1,0.4142261135589108,0.0014283659088238304
7255,0,1,0.4108912392962196,0.0014168663424007574
5572,5,1,0.4114061176295577,0.0014186417849295094
1341,2,1,0.41942560702486875,0.0014462951966374784
3756,5,1,0.4086522180556902,0.00140914557950238
4340,5,1,0.3632396352441584,0.001252550466359167
2011,3,1,0.35491341909674723,0.00122383937619568
8180,5,1,0.36465612331272423,0.0012574349079749112
7391,4,1,0.3951017669671583,0.0013624198860936493
669,3,1,0.370935263647382,0.0012790871160254552
7668,6,0,0.21343418551846635,0.000735979950063677
6151,3,1,0.41944333994903754,0.0014463563446518535
1582,1,1,0.2226778405692832,0.0007678546226527007
5468,3,1,0.40805349823429843,0.0014070810283941324
6270,5,1,0.41537150407440776,0.0014323155312910613
6295,4,1,0.3960437245631354,0.0013656680157349498
1686,8,1,0.3566620069251436,0.001229868989397047
7500,8,1,0.38654404329319647,0.0013329104941144706
6011,3,1,0.4143548359556595,0.0014288097791574465
8802,4,1,0.3943263880502513,0.0013597461656905216
3094,3,1,0.38070988483926027,0.001312792706342277
8176,4,1,0.39182152037642404,0.0013511086909531863
6837,7,1,0.39491654451192115,0.0013617811879721418
5752,5,1,0.38575832896935763,0.0013302011343770952
589,4,1,0.3559142562140995,0.0012272905386693086
9421,2,1,0.4063000837064989,0.0014010347714017203
3832,2,1,0.36867556952954694,0.0012712950673432653
2840,3,1,0.3813677448376116,0.0013150611890952123
4585,9,1,0.37955173290733696,0.0013087990789908172
6735,8,1,0.4093572250556837,0.0014115766381230473
5280,0,1,0.4050853701415227,0.0013968461039362851
9932,9,1,0.39908446190106217,0.0013761533169002144
2593,0,1,0.4222683499109967,0.0014560977583137817
4213,9,1,0.40639012420509424,0.0014013452558796352
5655,7,1,0.39719956307157267,0.0013696536657640437
2274,9,1,0.3957879690586633,0.0013647861002022872
8882,9,1,0.3948969457026317,0.0013617136058711437
3125,7,1,0.38857887294986787,0.0013399271481029926
5604,1,1,0.3551678068352392,0.0012247165752939282
1754,7,1,0.3948632452176349,0.0013615973973021892
5998,1,1,0.2680358558642235,0.0009242615719455983
523,1,1,0.36658940150702446,0.0012641013845069808
8993,4,1,0.35969749670448903,0.0012403361955327207
6029,6,0,0.08731833915766057,0.00030109772123331234
7425,4,1,0.3258476889706833,0.001123612720588563
8604,1,1,0.3221872405099718,0.0011109904845171441
6559,4,1,0.39118896776065626,0.0013489274750367458
8965,8,1,0.40662124309209446,0.0014021422175589464
2433,2,1,0.39993266553215573,0.0013790781570074335
9309,2,1,0.40794311942290423,0.001406700411803118
8675,4,1,0.410245827122669,0.0014146407831816172
5390,2,1,0.41624371055874515,0.001435323139857742
2747,0,1,0.4246840017642454,0.0014644275922905015
4574,1,1,0.24959013768851196,0.0008606556472017654
1904,9,1,0.3493093399669733,0.001204514965403356
613,2,1,0.3540762716543825,0.001220952660877181
4124,8,1,0.3664720519180804,0.0012636967307520014
7051,6,0,0.08105441316641604,0.0002794979764359174
8130,3,1,0.4088598796715438,0.0014098616540398061
5672,9,1,0.40489901772138936,0.0013962035093841012
8892,1,1,0.37305827319159557,0.001286407838591709
3663,5,1,0.3898843056179934,0.0013444286400620463
7292,3,1,0.40928067981019967,0.0014113126890006886
2876,6,0,-0.031175913101316677,-0.00010750314862522992
7979,8,1,0.42243886563775707,0.0014566857435784725
1243,5,1,0.21555742156700516,0.0007433014536793282
3004,2,1,0.4190792721546963,0.0014451009384644701
927,3,1,0.4111164889932367,0.0014176430654939196
9172,7,1,0.41681124104491546,0.0014372801415341912
5911,8,1,0.4044296405576555,0.0013945849674401915
4630,3,1,0.2861380782523393,0.0009866830284563422
6350,6,0,-0.04292739821914959,-0.00014802551110051584
5669,0,1,0.42480196064620496,0.0014648343470558792
2620,6,0,0.04876258739355771,0.0001681468530812335
4897,6,0,-0.0856699615691508,-0.00029541366058327863
3962,3,1,0.41815229655305663,0.001441904470872609
7087,1,1,0.33916177663050734,0.0011695233676914047
4011,8,1,0.4155626909555702,0.001432974796398518
3886,6,0,-0.02493755689123045,-8.599157548700156e-05
8776,1,1,0.31396659152500794,0.0010826434190517515
8762,9,1,0.4081324516053381,0.0014073532813977177
8619,0,1,0.4221293385701279,0.0014556184088625101
3957,5,1,0.3431017697875417,0.0011831095509915231
4152,5,1,0.30454148730023045,0.0010501430596559671
7919,8,1,0.42446412372615155,0.0014636693921591434
2387,9,1,0.34902608037671845,0.0012035382081955809
9221,0,1,0.4177426368918862,0.0014404918513513316
2485,0,1,0.42282177076062827,0.0014580061060711319
4005,1,1,0.2782060447740804,0.0009593311888761393
636,7,1,0.3761603023632154,0.0012971044909076393
7124,7,1,0.3883908862446983,0.0013392789180851667
9358,0,1,0.4164667781949709,0.001436092338603348
7452,0,1,0.41263047935527847,0.0014228637219147534
3458,0,1,0.4152351593622462,0.0014318453771111938
7363,0,1,0.38803605051458456,0.0013380553466020156
9628,7,1,0.38065593601190695,0.0013126066759031273
391,8,1,0.40758359188112886,0.001405460661659065
3657,6,0,0.039929688620432,0.00013768858144976552
7134,5,1,0.3778776023404243,0.0013030262149669803
3980,0,1,0.42474316038606924,0.00146463158753817
9586,7,1,0.40841308248972347,0.0014083209741024946
6133,0,1,0.42257564257877633,0.001457157388202677
4940,3,1,0.4188641377413497,0.0014443590956598265
2787,2,1,0.4184990650101987,0.0014431002241730988
2830,6,0,0.3231279369651704,0.0011142342653971393
4597,1,1,0.30482661269914213,0.001051126250686697
1060,4,1,0.4249366916403119,0.0014652989366907307
7161,0,1,0.2913217032389941,0.0010045575973758416
2693,1,1,0.2482093143012235,0.0008558941872455983
40,1,1,0.21181809309024235,0.0007304072175525598
9461,6,0,0.03417449830665725,0.00011784309760916294
7633,8,1,0.3997738991735205,0.001378530686805243
9205,8,1,0.41659022090661657,0.0014365180031262641
2425,8,1,0.40268804011856857,0.0013885794486847192
3683,6,0,0.2568089372216074,0.0008855480593848532
6892,0,1,0.3701919034953946,0.0012765238051565331
5256,4,1,0.40450381417648396,0.0013948407385395998
3547,2,1,0.3960726105295821,0.0013657676225158003
3092,1,1,0.37171706254934506,0.0012817829743080864
5633,5,1,0.39001863489125577,0.0013448918444526061
5959,7,1,0.3656248029327559,0.0012607751825267444
935,5,1,0.4143343989946582,0.0014287393068781317
9686,2,1,0.4018743142251654,0.0013857734973281566
3815,1,1,0.28207968778215864,0.0009726885785591677
1342,4,1,0.4125174329112512,0.0014224739065905215
2554,5,1,0.3813498094271465,0.0013149993428522293
9579,3,1,0.41456386073426005,0.001429530554256069
4443,3,1,0.299482323059822,0.001032697665723524
2112,2,1,0.36117718943919486,0.0012454385842730856
4016,9,1,0.3249665563057795,0.0011205743320888948
1921,6,0,0.056952355647712616,0.00019638743326797455
4660,7,1,0.37832294427863034,0.0013045618768228633
8135,8,1,0.4083153347338732,0.0014079839128754248
8300,8,1,0.4210851862467137,0.0014520178836093577
6762,7,1,0.4232043112758702,0.0014593252112961041
8067,0,1,0.42473688323818,0.0014646099422006207
157,0,1,0.3184825268440469,0.0010982156098070582
7002,2,1,0.40680475693950724,0.0014027750239293353
1270,4,1,0.3551005196767101,0.001224484550609345
3443,3,1,0.3960124909676408,0.00136556031368152
7194,4,1,0.3506003988278768,0.00120896689250992
7945,2,1,0.410097133938712,0.001414128048064524
3261,3,1,0.3894102554608597,0.0013427939843477922
8934,8,1,0.40161468361103897,0.0013848782193484103
3256,2,1,0.4226627616185537,0.001457457798684668
6230,9,1,0.40323960580618157,0.0013904813993316607
1375,2,1,0.41221258443826847,0.0014214227049595463
9401,1,1,0.339380215564466,0.0011702766053947103
2908,9,1,0.4188091571684432,0.0014441695074773903
2326,0,1,0.42239839566008935,0.0014565461919313425
2568,0,1,0.421007806385686,0.0014517510565023655
7300,7,1,0.40943872594809105,0.0014118576756830725
968,4,1,0.3485864895973938,0.0012020223779220477
3273,6,0,-0.043264904997059594,-0.00014918932757606757
715,2,1,0.41938296836736483,0.0014461481667840167
6654,8,1,0.3887867272450195,0.0013406438870517915
4321,9,1,0.4209137489504665,0.0014514267205188501
2746,1,1,0.336203756490319,0.0011593232982424792
9717,3,1,0.4216170980847561,0.001453852062361228
3974,1,1,0.22592347687288358,0.0007790464719754606
430,1,1,0.2650025750862402,0.0009138019830560006
6216,5,1,0.37889375346113274,0.0013065301843487335
3331,6,0,0.0377954454640444,0.00013032912228980826
1357,4,1,0.2899513973856258,0.00099983240477802
2300,3,1,0.4142749413731037,0.0014285342805969094
4284,9,1,0.36554131783633687,0.0012604873028839202
526,3,1,0.42126251272304127,0.0014526293542173837
3897,3,1,0.3887730331410862,0.0013405966660037455
335,3,1,0.3966875017075788,0.0013678879369226856
2774,8,1,0.4178253242661862,0.0014407769802282282
9910,8,1,0.37630830585970226,0.0012976148477920769
3818,0,1,0.3852532576289902,0.0013284595090654835
5135,9,1,0.3959631084181029,0.001365390029027941
3404,9,1,0.38311722865011333,0.0013210938918969425
7211,3,1,0.38523449511672225,0.0013283948107473181
8481,0,1,0.42496718997274285,0.0014654041033542856
640,1,1,0.35626835250566713,0.0012285115603643693
92,9,1,0.28013318031236567,0.0009659764838357437
898,7,1,0.3874373730881977,0.0013359909416834404
2804,4,1,0.37800761318281006,0.0013034745282165864
1747,5,1,0.4045595350473844,0.0013950328794737393
1788,9,1,0.3638523361802076,0.0012546632282076126
3598,1,1,0.37829436872958994,0.001304463340446862
2932,0,1,0.3969841274117495,0.0013689107841784464
4346,6,0,0.010412606764661936,3.590554056779978e-05
7458,3,1,0.392646157440405,0.0013539522670358794
2532,6,0,0.008000900659336674,2.7589312618402322e-05
6113,6,0,0.18542275389689802,0.0006393888065410277
7892,9,1,0.4087325373863595,0.0014094225427115845
552,0,1,0.35760987522407384,0.0012331375007726684
4888,5,1,0.41772799732447397,0.001440441370084393
5762,1,1,0.2883571355631067,0.0009943349502176094
6204,3,1,0.4186272837100936,0.0014435423576210124
3064,8,1,0.39393469089484007,0.0013583954858442761
9418,8,1,0.38746302572582375,0.0013360793990545646
1388,6,0,0.27021601495681047,0.0009317793619200361
7248,3,1,0.40415338534912876,0.0013936323632728579
2172,8,1,0.4193464670097761,0.0014460223000337107
7461,6,0,0.1998542736527763,0.0006891526677681942
6299,3,1,0.42159318314441774,0.0014537695970497162
5286,6,0,-0.08022477797297217,-0.00027663716542404197
8450,2,1,0.41310428477867506,0.0014244975337195692
9103,4,1,0.4015192255098068,0.0013845490534820923
4921,7,1,0.3527482547514856,0.001216373292246502
9940,6,0,0.3337572251754345,0.0011508869833635673
727,3,1,0.4187690202866338,0.0014440311044366684
1074,8,1,0.41868040224654923,0.0014437255249881008
4523,8,1,0.387924161912767,0.0013376695238371276
6896,6,0,-0.031340403200562916,-0.00010807035586401005
3193,3,1,0.3974743061329473,0.0013706010556308527
1297,0,1,0.4140774810859876,0.0014278533830551295
8959,7,1,0.4106011510736681,0.0014158660381850625
519,4,1,0.38442922808069513,0.001325618027864466
2936,4,1,0.4234379218206944,0.0014601307648989463
5329,3,1,0.4185680617467323,0.0014433381439542493
821,0,1,0.3929161499243844,0.0013548832756013255
1968,8,1,0.37941331009458534,0.001308321758946846
4661,4,1,0.3695447806371376,0.0012742923470246124
9043,2,1,0.42288974756941405,0.0014582405088600485
4701,9,1,0.3975072887872831,0.0013707147889216657
199,2,1,0.42068630835167564,0.001450642442591985
8318,2,1,0.4055393575969188,0.0013984115779204097
6300,4,1,0.40789463529472564,0.0014065332251542264
4666,2,1,0.4164646372430303,0.0014360849560104492
7794,2,1,0.4218578318127659,0.00145468217866471
4992,0,1,0.42133734583463583,0.0014528873994297787
6533,1,1,0.2794420724473262,0.0009635933532666422
1178,4,1,0.33730036268776076,0.001163104698923313
3454,1,1,0.3232157058748764,0.0011145369168099187
2627,0,1,0.423831296745551,0.0014614872301570722
5865,0,1,0.4152368816131059,0.0014318513159072618
2685,9,1,0.4099109938975932,0.0014134861858537697
8428,7,1,0.42184333875929453,0.001454632202618257
9921,6,0,0.16306596217195946,0.0005622964212826188
3802,2,1,0.4085480721990088,0.001408786455858651
7702,0,1,0.3595959475003878,0.0012399860258634062
8222,4,1,0.3968874949502886,0.0013685775687940986
4299,9,1,0.34431842984854466,0.001187304930512223
6247,9,1,0.41358872026624893,0.0014261680009180998
1220,0,1,0.4182641013674251,0.001442290004715259
3313,8,1,0.39987219981099387,0.0013788696545206686
7171,1,1,0.3302156219020301,0.0011386745582828623
4929,4,1,0.0606691445046309,0.00020920394656769275
2617,8,1,0.2700154476973029,0.0009310877506803548
5930,0,1,0.4146833525151911,0.0014299425948799693
3803,0,1,0.4231201430212269,0.0014590349759352652
9282,1,1,0.31496645818737046,0.0010860912351288636
8700,9,1,0.3926512979941105,0.0013539699930831398
7885,4,1,0.41041003393042746,0.0014152070135531982
8917,4,1,0.3742407641317069,0.0012904853935576102
5730,9,1,0.35875917942974794,0.0012371006187232687
448,9,1,0.39082670553326015,0.0013476782949422765
8555,7,1,0.4168611462060873,0.0014374522282968526
7932,3,1,0.4199347267498619,0.0014480507818960754
3379,1,1,0.3338064004870829,0.001151056553403734
5750,0,1,0.4222826401338817,0.0014561470349444198
7889,0,1,0.42396268150229627,0.0014619402810424008
9264,0,1,0.41390048504052745,0.0014272430518638879
8541,7,1,0.4068694585874758,0.0014029981330602615
8147,8,1,0.40406589156852685,0.001393330660581127
1756,8,1,0.3528530319561445,0.0012167345929522224
550,7,1,0.27230615249601087,0.000938986732744865
8317,4,1,0.4033410026051867,0.001390831043466161
2082,2,1,0.34315296918240057,0.0011832861006289674
8304,7,1,0.4134918271342796,0.0014258338866699298
3791,9,1,0.36364545620299726,0.0012539498489758526
2259,9,1,0.4086084156465582,0.0014089945367122697
6422,9,1,0.3873328905896149,0.0013356306572055686
8379,3,1,0.4113088504150417,0.0014183063807415232
9190,1,1,0.3623324605872529,0.0012494222778870788
9558,3,1,0.4165240148229693,0.001436289706286101
1009,0,1,0.41684167668516403,0.001437385092017807
4208,0,1,0.39629987009108214,0.0013665512761761452
5083,5,1,0.3337216535351801,0.0011507643225351037
8093,9,1,0.4037039667614893,0.0013920826440051355
4786,9,1,0.3721307099441708,0.0012832093446350718
2008,3,1,0.3771689188051282,0.001300582478638373
902,4,1,0.3913981832712324,0.0013496489078318357
8929,0,1,0.42211270212596136,0.00145556104181366
7169,4,1,0.40423533925774247,0.0013939149629577327
915,8,1,0.31926341768530064,0.0011009083368458642
7033,4,1,0.3344802121919266,0.001153380042041126
786,6,0,0.1836167816748214,0.0006331613161200738
4570,9,1,0.37080012301892795,0.0012786211138583724
5546,9,1,0.40043249118322105,0.001380801693735245
3123,4,1,0.3647886852002476,0.0012578920179318882
9407,1,1,0.26023565441185204,0.0008973643255581104
7519,3,1,0.4152384689944117,0.0014318567896359025
7527,1,1,0.22557270474557026,0.0007778369129157595
720,5,1,0.41812736042674736,0.0014418184842301632
658,7,1,0.41979459037935807,0.0014475675530322691
1507,7,1,0.3394427276823987,0.0011704921644220645
3131,3,1,0.34272856603318447,0.0011818226414937395
635,2,1,0.3647565164986425,0.0012577810913746294
2506,0,1,0.3775809785205203,0.0013020033742086907
703,7,1,0.3425755065044763,0.0011812948500154357
5405,0,1,0.4241596378874145,0.0014626194409910844
5807,5,1,0.40071558898189197,0.0013817778930410069
155,5,1,0.40479780272253824,0.0013958544921466836
3913,2,1,0.4040690251859,0.0013933414661582758
1438,0,1,0.29795714277708574,0.0010274384233692612
6486,5,1,0.3188406678120874,0.0010994505786623705
5890,0,1,0.32323349403728835,0.0011145982553009944
6564,3,1,0.21043602886314683,0.0007256414788384374
4,4,1,0.3770685250260653,0.0013002362931933287
2220,7,1,0.4154358950876596,0.0014325375692677918
342,1,1,0.31233454332186616,0.0010770156666271248
7385,0,1,0.3963408266675222,0.0013666925057500764
4611,0,1,0.41631683448635015,0.0014355752913322419
1847,5,1,0.4185175292053792,0.0014431638938116524
4316,9,1,0.25145085279401086,0.0008670719061862444
8905,1,1,0.35877928311334717,0.0012371699417701627
7614,7,1,0.3860267982645966,0.0013311268905675745
1423,9,1,0.40299582022022,0.001389640759380069
7076,4,1,0.4040358715173,0.0013932271431631035
266,8,1,0.35378008081141726,0.0012199313131428182
9048,2,1,0.41598560968768344,0.0014344331368540807
7327,2,1,0.4225600716878858,0.0014571036954754682
2668,5,1,0.39958914529496237,0.0013778936044653875
9976,6,0,0.1632469133356541,0.0005629203908126003
2068,9,1,0.40804920565461883,0.0014070662263952374
1298,3,1,0.3800877203474856,0.0013106473115430538
4260,2,1,0.4106685123314307,0.0014160983183842438
4089,7,1,0.41847435285332424,0.001443015009839049
9354,8,1,0.4009342050391479,0.001382531741514303
6278,1,1,0.3568039556926427,0.0012303584679056645
5059,8,1,0.40573312468195977,0.0013990797402826198
5765,8,1,0.40809244585673904,0.0014072153305404794
1822,6,0,0.27550628711753855,0.0009500216797156502
2037,5,1,0.3936334182998545,0.0013573566148270845
8018,6,0,-0.10266198965630563,-0.0003540068608838125
6718,9,1,0.41514975174418656,0.001431550868083402
4421,4,1,0.4030705818276985,0.0013898985580265465
7406,2,1,0.4062683662943788,0.0014009254010150993
8245,2,1,0.4064336414522348,0.0014014953153525338
5794,1,1,0.33171526031476983,0.0011438457252233442
4007,7,1,0.2893609625891217,0.0009977964227211092
6430,1,1,0.30406651802983253,0.0010485052345856295
3452,1,1,0.3058883115829911,0.001054787281320659
3822,6,0,0.11332980783503172,0.0003907924408104542
8338,0,1,0.41981769452861684,0.0014476472225124718
8089,5,1,0.41187265739379164,0.0014202505427372124
5377,9,1,0.42157666225249785,0.0014537126284568892
7053,1,1,0.2495144250606884,0.0008603945691747876
4207,8,1,0.4019477442299995,0.0013860267042413777
3427,6,0,0.09771982557179154,0.0003369649157647984
3107,7,1,0.4186296393758782,0.0014435504806064765
4951,1,1,0.3457601973518944,0.0011922765425927393
9137,0,1,0.4229988147111539,0.0014586166024522548
8053,9,1,0.4198691095150729,0.0014478245155692168
9909,7,1,0.40286812922149806,0.0013892004455913726
892,2,1,0.4152179912411432,0.0014317861766935972
4072,5,1,0.3196652150027448,0.001102293844837051
4835,9,1,0.41383953520644745,0.0014270328800222326
4504,2,1,0.3855118603350447,0.0013293512425346368
5086,2,1,0.417559003496441,0.0014398586327463482
1685,6,0,-0.11365326399039305,-0.0003919078068634243
6670,1,1,0.35793039170788693,0.0012342427300271962
4981,2,1,0.4181318916236607,0.0014418341090471059
2363,4,1,0.42083974048285067,0.0014511715189063816
5548,8,1,0.3709522745731094,0.0012791457743900325
5704,9,1,0.40508233195183735,0.0013968356274201288
1215,3,1,0.35584254698422957,0.0012270432654628606
6318,9,1,0.40644376804467297,0.0014015302346368033
6986,7,1,0.37878605406786015,0.0013061588071305523
9996,3,1,0.4232456062444387,0.0014594676077394437
2023,0,1,0.4174653880475743,0.0014395358208537045
9149,6,0,-0.20904617032741862,-0.0007208488631979952
419,1,1,0.29807818301747524,0.0010278558035085354
3825,3,1,0.3608934772594302,0.0012444602664118283
8416,4,1,0.3865778676776611,0.0013330271299229694
3062,8,1,0.18756202836040686,0.0006467656150358857
5908,9,1,0.3628814273672886,0.001251315266783754
2734,1,1,0.3088250513340617,0.001064913970117454
2138,2,1,0.40801904502642194,0.0014069622242290413
5397,5,1,0.413579038655847,0.001426134616054645
6629,8,1,0.4029672076350013,0.001389542095293108
7268,7,1,0.3515030552110079,0.0012120795007276135
2969,5,1,0.3132013358836966,0.0010800046064955054
1554,9,1,0.4141568356244504,0.0014281270193946564
5797,8,1,0.41664602778891885,0.0014367104406514443
3629,8,1,0.3559437408341224,0.001227392209772836
1855,8,1,0.28262028497614045,0.0009745527068142774
6708,7,1,0.4203067161134495,0.0014493335038394811
5101,4,1,0.3720214741650061,0.0012828326695345038
7396,3,1,0.4204309717661506,0.0014497619716074158
6676,3,1,0.42175208490513616,0.001454317534155642
3350,6,0,0.055426671568775454,0.0001911264536854326
2236,0,1,0.40353735332242435,0.0013915081149049116
4948,8,1,0.377302645911877,0.0013010436065926793
7686,1,1,0.32916215231439105,0.0011350419045323829
3007,5,1,0.3986097144964444,0.001374516256884291
5044,1,1,0.32855851928431884,0.0011329604113252375
8108,2,1,0.4215452497091935,0.0014536043093420466
4254,5,1,0.37463547604252817,0.0012918464691121661
9905,3,1,0.3906935685438717,0.0013472192018754198
1063,9,1,0.3995825550225613,0.0013778708793881424
9266,2,1,0.37634153863569864,0.0012977294435713746
8410,8,1,0.25745545126144853,0.000887777418142926
9141,7,1,0.41370913511184493,0.0014265832245236032
8984,7,1,0.40485874880691974,0.001396064651058344
9375,8,1,0.40658042671823974,0.001402001471442206
4191,1,1,0.31462284495508946,0.0010849063619141016
8199,0,1,0.4173766301114897,0.0014392297590051367
6155,5,1,0.38601564652275566,0.0013310884362853644
4400,7,1,0.3773275404427203,0.001301129449802484
1149,8,1,0.4148539494158197,0.0014305308600545508
2673,9,1,0.38403400953124295,0.001324255205280148
1621,0,1,0.23451293388474348,0.0008086652892577361
413,7,1,0.42280059640482237,0.0014579330910511115
9163,3,1,0.42358697734885553,0.0014606447494788122
7679,5,1,0.3942494791898833,0.0013594809627237355
3512,0,1,0.39906115763821476,0.0013760729573731544
7503,6,0,0.1988910937848756,0.0006858313578788814
1925,7,1,0.3563114660328784,0.0012286602276995807
6248,8,1,0.4173998686252831,0.0014393098918113211
2992,3,1,0.38269576434027214,0.0013196405666905935
788,9,1,0.3464220480414847,0.0011945587863499473
5747,3,1,0.40142925431912074,0.001384238807996968
3359,0,1,0.40967914820060836,0.0014126867179331322
6388,6,0,0.1813282586495991,0.0006252698574124106
6604,1,1,0.26565689551869287,0.0009160582604092858
1695,9,1,0.3950742786592109,0.0013623250988248651
7394,4,1,0.3805940499750762,0.0013123932757761248
2909,5,1,0.32233589635856896,0.0011115030908916172
1950,7,1,0.35571144490793993,0.0012265911893377239
4197,4,1,0.287430097056349,0.0009911382657115482
6099,0,1,0.4244134651601013,0.0014634947074486252
9385,8,1,0.29459098692558805,0.0010158309893985795
8531,5,1,0.4174146431953405,0.0014393608386046224
2258,1,1,0.34964978358210014,0.0012056889089037935
717,0,1,0.39243582142281447,0.0013532269704234982
9608,7,1,0.40663575023519277,0.00140219224219032
97,7,1,0.39779628501209613,0.0013717113276279177
3876,2,1,0.36345912698725225,0.0012533073344388008
4979,5,1,0.42025004239816216,0.001449138077235042
443,0,1,0.1426468343295359,0.0004918856356190893
8814,6,0,-0.18116224914259255,-0.000624697410836526
2652,2,1,0.40389476348260694,0.0013927405637331274
1952,9,1,0.35781943352856715,0.0012338601156157488
549,2,1,0.42247827197814003,0.0014568216275108277
5383,6,0,-0.042699745059498806,-0.0001472405002051683
9306,6,0,0.07095975593756582,0.00024468881357781315
2706,1,1,0.25727897872101113,0.0008871688921414177
1569,6,0,0.28360812703305616,0.0009779590587346764
7418,1,1,0.32416843552541413,0.0011178221914669452
3809,1,1,0.2622016988333691,0.000904143789080583
319,5,1,0.41161706474592585,0.0014193691887790546
5260,4,1,0.37139528680531797,0.0012806734027769585
2945,3,1,0.32379850307517266,0.0011165465623281816
1319,8,1,0.3418585422064089,0.0011788225593324445
2650,8,1,0.22283976408872352,0.000768412979616288
9720,6,0,0.3235292192472633,0.0011156179974043561
8175,7,1,0.39297784336358244,0.00135509601159856
2190,0,1,0.3214793689298647,0.001108549548034016
2760,9,1,0.3047619535788696,0.0010509032882029985
952,6,0,0.16798004955026347,0.0005792415501733222
0,7,1,0.3630759424873104,0.0012519860085769324
8011,4,1,0.4044735381867535,0.0013947363385750121
6627,9,1,0.3067643141292767,0.0010578079797561265
7174,9,1,0.38855589771868143,0.001339847923167867
8716,3,1,0.41960724083642864,0.001446921520125616
8118,1,1,0.34379533768247045,0.001185501164422312
4021,1,1,0.3100322680251104,0.0010690767862934843
8576,0,1,0.37842578178003106,0.0013049164888966588
3784,1,1,0.33860942465434835,0.0011676187057046495
5618,5,1,0.39538204554054035,0.0013633863639328978
509,5,1,0.3882280699772001,0.0013387174826800005
9969,1,1,0.3460826571087945,0.0011933884727889465
1946,8,1,0.3411819392507627,0.0011764894456922851
9578,2,1,0.4199276848909468,0.0014480264996239544
7755,8,1,0.4201964317097177,0.00144895321279213
2418,1,1,0.28576853115221246,0.0009854087281110774
6004,8,1,0.4116857491064389,0.0014196060314015135
7548,6,0,-0.03443210644598249,-0.00011873140153787066
2286,6,0,0.14323313012526523,0.0004939073452595353
2450,3,1,0.3732227489652076,0.0012869749964317502
8312,4,1,0.38915131781381573,0.0013419010959097094
5140,3,1,0.39754110339346643,0.0013708313910119532
2590,1,1,0.31624045615170315,0.001090484331557597
562,9,1,0.30019876949531227,0.0010351681706734905
2199,6,0,-0.009065585794492015,-3.126064067066212e-05
8422,9,1,0.3916425561438471,0.0013504915729098176
4837,7,1,0.4028184196006847,0.0013890290331058093
9464,1,1,0.30153902803872523,0.0010397897518576733
4614,0,1,0.4160738155316916,0.0014347372949368676
5347,5,1,0.4150201148291029,0.0014311038442382858
1450,6,0,0.24408861627047626,0.0008416848836912974
1231,0,1,0.41407491880047814,0.0014278445475878556
6297,8,1,0.41664137875205964,0.001436694409489861
7494,4,1,0.35175611378507987,0.0012129521165002754
7110,6,0,-0.11050049763621689,-0.00038103619874557546
8140,3,1,0.42254336171888707,0.001457046074892714
8766,3,1,0.41713079240287343,0.0014383820427685292
9548,3,1,0.41962951397304404,0.0014469983240449796
533,4,1,0.409428962463883,0.0014118240084961483
8418,1,1,0.31929406807812627,0.0011010140278556078
3164,6,0,0.303355315514375,0.0010460528121185345
6496,9,1,0.4078318517459616,0.0014063167301584883
837,2,1,0.405543090219918,0.0013984244490342001
180,1,1,0.3300240057684932,0.0011380138129948043
1820,1,1,0.34354285497718173,0.001184630534404075
4632,2,1,0.3732777360933458,0.0012871646072184339
8648,2,1,0.41632400279602744,0.001435600009641474
7279,0,1,0.4106466181033832,0.0014160228210461489
6873,3,1,0.38551227065285976,0.0013293526574236544
5235,6,0,0.14673688279680097,0.0005059892510234516
9112,1,1,0.3500422141904726,0.0012070421178981814
1290,3,1,0.36101533619700726,0.0012448804696448526
1171,7,1,0.36049173155512176,0.0012430749363969715
4091,0,1,0.416156453351312,0.0014350222529355588
1353,8,1,0.39148487993641173,0.0013499478618496956
9778,6,0,0.19244184489511418,0.000663592568603842
7689,8,1,0.33556724541765853,0.0011571284324746846
9260,5,1,0.40132407619444,0.0013838761248084139
2616,5,1,0.376407153184974,0.0012979557006378413
5729,8,1,0.358734076431025,0.0012370140566587068
650,6,0,0.007302542363395392,2.518118056343239e-05
8747,5,1,0.37256770770690106,0.0012847162334720726
1662,6,0,0.002451933677831142,8.45494371665911e-06
7626,1,1,0.31311081127482604,0.001079692452671814
5596,3,1,0.4148176205592783,0.0014304055881354423
3329,7,1,0.39113392638467687,0.001348737677188541
7807,9,1,0.4171819951848629,0.001438558604085734
3537,5,1,0.40810054148186425,0.001407243246489187
7449,0,1,0.40167057877999,0.0013850709613103104
4193,6,0,0.2120421952710126,0.0007311799836931469
748,4,1,0.3802199953112062,0.0013111034321076076
4120,3,1,0.403346494669285,0.0013908499816182242
7290,1,1,0.3146825462207912,0.001085112228347556
2361,9,1,0.293086413647474,0.0010106428056809449
1545,9,1,0.42069208408969616,0.0014506623589299868
1085,6,0,-0.010734903358813608,-3.7016908133840025e-05
4387,2,1,0.41170040919503675,0.0014196565834311613
3529,9,1,0.3478261720539618,0.0011994005932895236
3199,5,1,0.40041825948139836,0.0013807526189013736
2968,7,1,0.33350490581251324,0.0011500169165948732
2771,4,1,0.3404540407129027,0.0011739794507341472
1823,8,1,0.17829738609535833,0.000614818572742615
4522,7,1,0.3794195947353882,0.0013083434301220283
7597,8,1,0.41614211472990636,0.0014349728094134701
4866,4,1,0.41385803397096654,0.001427096668865402
6119,7,1,0.4223951683684444,0.0014565350633394634
5141,0,1,0.4183468799571233,0.0014425754481280112
170,4,1,0.34876399701533567,0.0012026344724666747
8355,4,1,0.41323443657658593,0.0014249463330227102
6503,7,1,0.41235739403481636,0.0014219220483959185
9762,3,1,0.32723206943994243,0.0011283864463446291
5978,1,1,0.36243327111255536,0.0012497699003881219
1133,7,1,0.38386566378513,0.0013236747027073447
9319,9,1,0.3338095708796876,0.0011510674857920262
1742,3,1,0.3932795583909068,0.001356136408244506
5570,5,1,0.4104086753162244,0.0014152023286766358
2811,0,1,0.39643017784598306,0.0013670006132620106
2689,5,1,0.19930046789887043,0.0006872429927547257
1701,4,1,0.28801100791052614,0.0009931414065880212
1843,0,1,0.39018724597005905,0.0013454732619657208
1047,0,1,0.42019363437306473,0.0014489435668036716
4857,0,1,0.3333800993486542,0.001149586549478118
4926,6,0,-0.0020101902960803497,-6.931690676139137e-06
2273,1,1,0.3004698600453451,0.0010361029656736037
7359,2,1,0.4129569899022674,0.0014239896203526463
740,4,1,0.3950597988945166,0.0013622751686017814
25,0,1,0.4213035857654025,0.0014527709853979396
5316,1,1,0.33486296727412146,0.001154699887152143
9624,3,1,0.41771585915972564,0.0014403995143438815
8926,7,1,0.4221718823175707,0.001455765111439899
4063,6,0,0.08959976560260102,0.0003089647089744863
1121,0,1,0.34138249078008354,0.0011771810026899431
5615,2,1,0.4186847951269549,0.0014437406728515685
8774,5,1,0.39816207764141864,0.0013729726815221333
4836,3,1,0.33877056474546813,0.0011681743611912695
6946,9,1,0.3503843429477963,0.0012082218722337804
1483,1,1,0.3049414243175076,0.0010515221528189917
1205,3,1,0.4022584222546525,0.001387098007774664
1988,1,1,0.2817349576697491,0.0009714998540336176
202,1,1,0.32751728918761447,0.001129369962715912
9713,9,1,0.373721463544928,0.0012886947018790622
585,7,1,0.34494585207534273,0.0011894684554322164
3188,4,1,0.3720674709460955,0.0012829912791244673
7064,2,1,0.406288229441246,0.0014009938946249862
5449,2,1,0.41114682434890226,0.0014177476701686285
9794,6,0,0.31219015563435176,0.001076517778049489
1127,3,1,0.3925369993061504,0.0013535758596763805
1567,8,1,0.42255752036939687,0.0014570948978255064
2071,1,1,0.2882363095577027,0.0009939183088196644
3513,2,1,0.41246247721545204,0.001422284404191214
9231,3,1,0.4049254154328322,0.0013962945359752834
4626,8,1,0.3824823712004272,0.0013189047282773352
1426,3,1,0.38903849791443984,0.0013415120617739306
6969,1,1,0.3208781992626544,0.0011064765491815669
2795,6,0,0.05868929807785023,0.00020237688992362146
6576,7,1,0.2543789898751988,0.0008771689306041338
4214,7,1,0.4058641568308431,0.0013995315752787694
5991,1,1,0.3413965026401884,0.0011772293194489256
8707,2,1,0.417694809548919,0.001440326929479031
7672,5,1,0.37948865610968247,0.0013085815727920086
6852,7,1,0.3705764761331968,0.0012778499177006786
3178,0,1,0.4095316912132016,0.0014121782455627642
5537,9,1,0.38939648521593906,0.0013427465007446173
9167,0,1,0.4245191927811272,0.0014638592854521629
3880,8,1,0.35195257368075766,0.0012136295644164057
1436,6,0,0.002470259226226512,8.518135262850042e-06
6553,4,1,0.2522081200644465,0.0008696831726360223
9101,7,1,0.4135470319891565,0.0014260242482384707
5575,9,1,0.41523428320000405,0.0014318423558620829
6928,1,1,0.31265518551413585,0.001078121329359089
940,6,0,0.11590324071645774,0.00039966634729813016
3514,2,1,0.41347570780342635,0.0014257783027704356
3168,9,1,0.4065768491240737,0.001401989134910599
4398,8,1,0.4222674810552669,0.001456094762259541
9414,0,1,0.4212387289457057,0.0014525473411920887
521,9,1,0.33428553826460866,0.0011527087526365816
5593,0,1,0.42385812445005755,0.001461579739482957
7987,0,1,0.4219558834375884,0.001455020287715822
4310,5,1,0.4006590687866877,0.0013815829958161645
4277,3,1,0.40362841209335343,0.001391822110666736
5518,5,1,0.41560388049083835,0.001433116829278753
8520,4,1,0.41804991891945126,0.001441551444549832
2565,7,1,0.3762762657471136,0.0012975043646452193
3939,6,0,0.24768211610990806,0.0008540762624479588
5827,0,1,0.3473889762008231,0.0011978930213821487
6854,4,1,0.39991772603218717,0.0013790266414903005
7067,5,1,0.3819322841390735,0.0013170078763416328
8424,2,1,0.42021057600271505,0.0014490019862162587
7236,9,1,0.39716247988600817,0.001369525792710373
2383,6,0,0.011557587527606161,3.985375009519366e-05
9314,7,1,0.3566797564564739,0.001229930194677496
7601,0,1,0.38283666895308904,0.0013201264446658244
3717,3,1,0.35859754966290025,0.0012365432746996561
3257,2,1,0.41885558070299544,0.0014443295886310188
7568,3,1,0.40755219808870063,0.001405352407202416
6460,4,1,0.4150970225396214,0.0014313690432400737
7257,3,1,0.4204584420002935,0.001449856696552736
4325,9,1,0.40104333466385356,0.0013829080505650122
7387,6,0,-0.0037447532651847526,-1.2912942293740526e-05
5173,8,1,0.3692710497001075,0.00127334844724175
6874,7,1,0.3636882566163537,0.0012540974366081162
2041,1,1,0.3100630391806921,0.0010691828937265245
3071,2,1,0.40685102245725546,0.0014029345601974327
2911,8,1,0.3741916919968446,0.001290316179299464
6677,2,1,0.30766883119687854,0.0010609270041271675
5809,1,1,0.3205961691287215,0.00110550403147835
4576,4,1,0.365980194449224,0.0012620006705145654
2467,8,1,0.3783338966561344,0.0013045996436418428
6823,5,1,0.36550747742272494,0.0012603706118024997
5489,8,1,0.415060404907003,0.0014312427755413897
6622,1,1,0.3059232117989336,0.0010549076268928745
1288,0,1,0.3431462399741917,0.00118326289646273
4549,2,1,0.4011631974844886,0.0013833213706361674
9645,1,1,0.37645887271480405,0.0012981340438441519
5828,0,1,0.3918552817493287,0.0013512251094804438
5737,0,1,0.42418082188449374,0.001462692489256875
4847,1,1,0.3012312053564686,0.0010387282943326503
2964,9,1,0.319175082530195,0.0011006037328627413
5965,0,1,0.42315683348463007,0.0014591614947745864
6980,9,1,0.39356604510828785,0.0013571242934768547
1624,7,1,0.3869999343731747,0.001334482532321292
7451,5,1,0.20164902002066318,0.0006953414483471144
2038,8,1,0.3619521535637609,0.0012481108743577962
4552,3,1,0.4173344237133028,0.0014390842197010442
6445,1,1,0.3396837563845892,0.0011713232978778937
7162,0,1,0.3284276929629109,0.0011325092860790032
1642,2,1,0.3345242557894628,0.001153531916515389
7487,9,1,0.3782843282204589,0.0013044287180015823
5475,2,1,0.4209245352630979,0.0014514639147003377
532,4,1,0.2386831309713896,0.0008230452792116883
6642,9,1,0.3414713747570831,0.0011774874991623556
5212,3,1,0.40721128072253926,0.0014041768300777217
405,4,1,0.42433774508443195,0.0014632336037394204
3701,3,1,0.38612490161906765,0.001331465177996785
2521,7,1,0.424013731134497,0.0014621163142568862
9400,5,1,0.4106675789377939,0.001416095099785496
4028,7,1,0.3160601123480972,0.001089862456372749
4875,6,0,0.06470491923278404,0.0002231204111475312
5149,2,1,0.42192624273305673,0.0014549180783898507
8022,1,1,0.3067257118488873,0.001057674868444439
113,9,1,0.3747874848298939,0.0012923706373444616
5932,0,1,0.42426778434083545,0.0014629923597959842
3043,0,1,0.3903338823318372,0.001345978904592542
5232,1,1,0.2867404390056377,0.000988760134502199
6143,4,1,0.4204928528601257,0.0014499753546900888
9042,8,1,0.4088683127880041,0.0014098907337517384
9823,7,1,0.35829990523808525,0.001235516914614087
3870,0,1,0.41239606893079234,0.0014220554101061805
4449,6,0,0.3574139276714822,0.0012324618195568352
6396,4,1,0.3758216735772565,0.0012959368054388154
3468,5,1,0.3865505838325039,0.0013329330476982892
5478,8,1,0.40004873971930555,0.0013794784128251915
7738,1,1,0.35650435732452,0.0012293253700845518
5177,7,1,0.3867746598062273,0.0013337057234697493
1156,7,1,0.3440027372035532,0.0011862163351846662
3223,2,1,0.41478105086165473,0.001430279485729844
5732,1,1,0.32134749917711425,0.0011080948247486698
4608,8,1,0.35593814681166336,0.0012273729200402185
7332,4,1,0.38675451170257164,0.001333636247250247
233,8,1,0.42014397095195055,0.0014487723136274158
7130,3,1,0.400682941132544,0.0013816653142501517
241,9,1,0.41310382663014594,0.001424495953897055
4754,1,1,0.30412759713477944,0.0010487158521888945
5623,3,1,0.4199124558311914,0.001447973985624798
8817,9,1,0.3781801624326375,0.0013040695256297846
9476,2,1,0.4171742209104825,0.0014385317962430431
2182,1,1,0.4225263114875457,0.001456987280991537
1773,1,1,0.16709544293017614,0.0005761911825178488
4645,5,1,0.41310665867302204,0.001424505719562145
5419,4,1,0.39401806293725666,0.0013586829756457126
8518,3,1,0.42276353164829017,0.0014578052815458283
6089,7,1,0.423337734180742,0.0014597852902784208
1614,4,1,0.31193912291452014,0.001075652147981104
2202,4,1,0.38736279060547,0.0013357337607085174
6858,7,1,0.41451302131368634,0.0014293552459092632
8291,6,0,0.12430950276206076,0.00042865345780020956
2625,2,1,0.4047895821115414,0.0013958261452122118
8120,3,1,0.41830137315756716,0.0014424185281295418
9200,1,1,0.37534827390481407,0.001294304392775221
7320,7,1,0.4203538629445967,0.001449496079119299
8551,3,1,0.42394844289284817,0.0014618911823891317
2592,0,1,0.4171973677268968,0.0014386116128513682
7315,5,1,0.3823299640937456,0.0013183791865301572
874,9,1,0.3349202336710895,0.0011548973574865154
3506,5,1,0.3363928730231699,0.0011599754242178273
2914,3,1,0.39186069537625734,0.001351243777159508
5429,9,1,0.3488358565494969,0.0012028822639637824
7965,5,1,0.42173694752779406,0.0014542653363027382
6645,2,1,0.3874828975782003,0.0013361479226834494
7799,9,1,0.41805075991665863,0.0014415543445402022
4937,0,1,0.4241472940351067,0.0014625768759831265
4573,2,1,0.3984059001706515,0.0013738134488643155
9642,9,1,0.39015596029538424,0.0013453653803289112
1911,5,1,0.30358641207226755,0.0010468496968009226
6447,3,1,0.4216818056909766,0.0014540751920378502
4423,7,1,0.36678929755021106,0.0012647906812076244
6017,7,1,0.3811847925666717,0.0013144303191954198
5400,5,1,0.368741546157377,0.0012715225729564724
9944,3,1,0.4137712843661992,0.0014267975322972387
7579,9,1,0.40425202422685014,0.001393972497333966
8493,1,1,0.35524142189072616,0.001224970420312849
7770,8,1,0.4107799605099232,0.001416482622448011
2027,1,1,0.23628305249216186,0.000814769146524696
1546,2,1,0.3860444605405409,0.0013311877949673825
6514,8,1,0.4103797175653132,0.0014151024743631491
1781,9,1,0.35170423540071694,0.0012127732255197135
2605,7,1,0.3534585885980144,0.0012188227193034979
7039,6,0,-0.0394161538631545,-0.00013591777194191208
3016,0,1,0.42428785990695556,0.0014630615858860537
4740,3,1,0.352964438420015,0.0012171187531724655
8778,8,1,0.4227193581122208,0.0014576529590076578
7358,6,0,-0.10100228006764728,-0.00034828372437119753
8791,7,1,0.4105609777862742,0.0014157275096078421
6160,3,1,0.42378182227652833,0.0014613166285397528
8634,0,1,0.39090539426027104,0.001347949635380245
7422,1,1,0.38950518934234857,0.0013431213425598226
4318,1,1,0.27406101349016204,0.0009450379775522829
3356,7,1,0.3719639558811032,0.0012826343306244939
6172,9,1,0.42293400640845963,0.0014583931255464126
9183,4,1,0.3892292016634056,0.0013421696609082951
8695,4,1,0.4113989586892993,0.0014186170989286184
6552,4,1,0.3338510195698466,0.0011512104123098158
5413,8,1,0.3648191573872691,0.001257997094438859
6579,4,1,0.34417819193150034,0.0011868213514879323
9781,7,1,0.40169007453679095,0.0013851381880579
6785,2,1,0.3637283528599873,0.0012542356995171975
8662,4,1,0.3929666621353052,0.0013550574556389834
1182,6,0,0.29527011558761057,0.001018172812371071
8640,9,1,0.3401240175557179,0.001172841439847303
1480,3,1,0.41480795802363984,0.0014303722690470339
7612,5,1,0.36426820391429016,0.0012560972548768625
6079,7,1,0.42030417226777345,0.0014493247319578395
9044,7,1,0.4038508646142944,0.0013925891883251533
6455,3,1,0.39893563098360096,0.0013756401068400032
9034,4,1,0.4044485799845916,0.0013946502758089366
2292,9,1,0.4155961850447398,0.0014330902932577234
5120,2,1,0.41405857501130017,0.0014277881896941386
9001,6,0,0.15914937449493471,0.0005487909465342576
198,4,1,0.35314847786896175,0.0012177533719619372
9098,4,1,0.41475633231634573,0.0014301942493667094
9079,9,1,0.4212776416799538,0.0014526815230343235
9349,5,1,0.39489321422077484,0.0013617007386923271
4650,0,1,0.39936662736155737,0.0013771263012467496
5754,9,1,0.4215124239958944,0.001453491117227222
1418,9,1,0.39757667891303705,0.0013709540652173692
7165,1,1,0.3515043031210676,0.0012120838038657503
6860,5,1,0.40795223156938915,0.0014067318329978936
6534,2,1,0.4081509214823148,0.0014074169706286717
1940,5,1,0.406944624945114,0.0014032573273969448
5314,1,1,0.3341801066588684,0.0011523451953754083
5486,1,1,0.3492966071621406,0.0012044710591797953
5073,9,1,0.41563574377129153,0.001433226702659626
7413,4,1,0.361913525010362,0.0012479776724495242
7771,3,1,0.4204689024138488,0.0014498927669443062
4501,3,1,0.419909935902535,0.001447965296215638
9243,8,1,0.40926097274241946,0.0014112447335945498
962,9,1,0.3572385963842874,0.001231857228911336
4258,4,1,0.38571788494376147,0.0013300616722198672
6775,5,1,0.3696024032024835,0.0012744910455258051
7508,2,1,0.4210675943250843,0.0014519572218106354
4739,0,1,0.4054945240856195,0.0013982569796055844
9819,1,1,0.35599776706918773,0.0012275785071351301
3840,9,1,0.39486857477635023,0.0013616157750908629
5074,3,1,0.4071663115795109,0.001404021764067279
1515,1,1,0.30482425793239476,0.0010511181308013613
7742,5,1,0.41102546182031996,0.0014173291786907585
5839,1,1,0.30546538308953647,0.0010533289072052982
7159,6,0,-0.08113697285398275,-0.0002797826650137336
8745,1,1,0.2847927861942847,0.0009820440903251196
9646,4,1,0.37554706043099517,0.0012949898635551558
382,3,1,0.4061863419393138,0.0014006425584114268
100,6,0,0.06009328146753079,0.00020721821195700274
7908,7,1,0.4195186698388163,0.0014466161028924701
9584,5,1,0.4108470805146574,0.001416714070740198
8004,1,1,0.29450855532907805,0.0010155467425140622
8851,0,1,0.4044645235169109,0.0013947052535065894
2794,0,1,0.36045771124827164,0.00124295762499404
5582,9,1,0.4164273721308926,0.0014359564556237676
9018,2,1,0.41163936603125983,0.0014194460897629648
1738,3,1,0.391943744162366,0.0013515301522840206
1532,9,1,0.3873636053525942,0.0013357365701813593
6891,1,1,0.31052392942392065,0.0010707721704273127
8909,5,1,0.40484947331735477,0.0013960326666115682
7335,6,0,0.06748177485758772,0.00023269577537099212
7676,5,1,0.26650679666453014,0.0009189889540156212
6114,0,1,0.4223864294179766,0.0014565049290275055
1818,6,0,-0.030608602371863414,-0.00010554690473056349
6694,1,1,0.4009952254268696,0.001382742156644378
7710,2,1,0.42213929064765515,0.0014556527263712247
9084,4,1,0.41774878940492605,0.0014405130669135381
5651,1,1,0.3457378238565062,0.0011921993926086421
1591,3,1,0.41425488781752784,0.0014284651304052685
9788,7,1,0.3945322902471828,0.0013604561732661474
8079,2,1,0.4197570759852552,0.0014474381930526042
7874,9,1,0.4063046316821938,0.0014010504540765303
8463,5,1,0.40675366713478867,0.0014025988521889265
4303,1,1,0.30576214284439573,0.0010543522167048129
6337,2,1,0.39760074904088305,0.0013710370656582174
5203,1,1,0.306532572123216,0.0010570088693904
2576,1,1,0.22845812152759176,0.000787786625957213
9154,2,1,0.42455254402622744,0.0014639742897456119
692,5,1,0.3755490419612891,0.0012949966964182383
6970,0,1,0.3777243672219642,0.0013024978180067731
8521,2,1,0.4003463036905791,0.0013805044954847555
8575,1,1,0.37967410162410253,0.0013092210400831121
2758,8,1,0.4206271196301948,0.0014504383435523958
1736,1,1,0.2809592113622257,0.0009688248667662954
3410,4,1,0.4025521006589575,0.0013881106919274397
22,6,0,0.15123573807992574,0.0005215025451031923
9247,6,0,0.05592389208749621,0.00019284100719826278
1262,2,1,0.3354274784793537,0.0011566464775150129
9362,9,1,0.31784522046872976,0.0010960180016163096
7108,5,1,0.33940408164014096,0.0011703589022073826
4902,5,1,0.3753832094044147,0.001294424860015223
4861,7,1,0.3988186434609677,0.0013752367015895438
343,3,1,0.41840136342179846,0.0014427633221441327
7922,2,1,0.41295853683434336,0.001423994954601184
4171,1,1,0.3484904597904686,0.0012016912406567883
7728,1,1,0.3527238763317112,0.0012162892287300386
3295,5,1,0.4202636678296242,0.0014491850614814627
4828,5,1,0.3567168946173049,0.0012300582573010514
7293,4,1,0.4056253662809613,0.0013987081595895217
1163,4,1,0.3802929289185333,0.001311354927305287
8068,1,1,0.33493746066569585,0.0011549567609161926
1997,3,1,0.40591108906284695,0.0013996934105615412
756,7,1,0.3637230743094164,0.0012542174976186773
5430,0,1,0.4217111568973209,0.00145417640309421
4438,4,1,0.2815485086529266,0.000970856926389402
6303,9,1,0.4150160605344496,0.0014310898639118951
9997,4,1,0.3914084860382737,0.0013496844346147369
2933,6,0,0.04572525011980433,0.00015767327627518734
3879,9,1,0.38789241266618935,0.0013375600436765149
4045,6,0,0.2651905133251678,0.0009144500459488545
5049,8,1,0.3762997867743332,0.0012975854716356316
4226,5,1,0.4099180776303001,0.001413510612518276
9920,8,1,0.40384416724611993,0.0013925660939521378
2752,2,1,0.41896689322374164,0.001444713424909454
6275,8,1,0.4117608684241416,0.001419865063531523
9651,5,1,0.3143230109158297,0.0010838724514338955
6656,9,1,0.3805429767409852,0.001312217161175811
1557,4,1,0.27529133881389356,0.0009492804786685985
3828,4,1,0.420415548778121,0.0014497087888900723
2402,4,1,0.38320733095658754,0.0013214045895054744
836,1,1,0.2928449421507502,0.0010098101453474145
6660,4,1,0.3835699605443095,0.0013226550363596879
6803,5,1,0.4072073858275571,0.0014041633994053694
3711,9,1,0.4157450664559136,0.0014336036774341848
6446,2,1,0.4161060425193575,0.0014348484224805432
2887,7,1,0.3337804356222158,0.0011509670193869512
1860,5,1,0.2948862449292374,0.001016849120445646
7287,8,1,0.4168092671268132,0.0014372733349200455
7149,7,1,0.41673619270503326,0.001437021354155287
7825,7,1,0.4228396134275686,0.0014580676325088573
8670,9,1,0.40995203182977846,0.0014136276959647533
5345,4,1,0.3699077922212424,0.0012755441111077326
313,3,1,0.40324815443948797,0.0013905108773775447
8132,5,1,0.3788561559657666,0.0013064005378129883
8467,9,1,0.42164946450343344,0.0014539636707014945
1021,7,1,0.39190709573146765,0.0013514037783843712
2081,0,1,0.27919779646804954,0.0009627510223036191
3578,2,1,0.2501114087189256,0.0008624531335135366
556,4,1,0.42426856508345817,0.0014629950520119246
4689,5,1,0.3424319817084026,0.0011807999369255263
3789,1,1,0.34946608403164364,0.0012050554621780816
9299,9,1,0.34823439395802963,0.0012008082550276885
6403,8,1,0.3986629107043046,0.001374699692083809
9122,6,0,-0.014555866147872631,-5.019264188921597e-05
2917,4,1,0.3320644845231059,0.0011450499466313995
1813,8,1,0.41952644886058765,0.0014466429271054746
8941,4,1,0.3809121704841423,0.0013134902430487665
5574,5,1,0.41527807735935807,0.001431993370204683
777,1,1,0.35779537059413224,0.0012337771399797664
5969,4,1,0.40966321102258724,0.0014126317621468525
5465,7,1,0.41852296330031585,0.0014431826320700546
9854,8,1,0.27728368398785164,0.0009561506344408677
1732,9,1,0.4081432850466266,0.0014073906380918158
6251,4,1,0.39991484197965155,0.0013790166964815572
7887,0,1,0.4218631130446447,0.0014547003898091196
578,3,1,0.3968433953703787,0.001368425501277168
7356,7,1,0.4039242867592676,0.0013928423681354057
7203,0,1,0.41024493783856963,0.001414637716684723
7876,2,1,0.41114283033753807,0.0014177338977156486
4998,4,1,0.3776144030736344,0.0013021186312883945
7732,5,1,0.41084659832940745,0.0014167124080324395
4529,5,1,0.36817324075415997,0.0012695628991522758
9395,1,1,0.3056239482515474,0.0010538756836260255
9852,7,1,0.23826691648982237,0.0008216100568614565
3239,2,1,0.4017268300085808,0.0013852649310640717
1514,2,1,0.4198558306022778,0.0014477787262147511
6381,3,1,0.40874772925296077,0.0014094749284584854
9884,7,1,0.37122533286323944,0.0012800873547008256
8656,5,1,0.39875645363705436,0.0013750222539208772
1428,9,1,0.4156160007704044,0.001433158623346222
9277,5,1,0.4070844017928046,0.0014037393165269123
3268,1,1,0.28807084842216046,0.0009933477531798636
2930,5,1,0.3376285567321724,0.0011642364025247324
74,1,1,0.3024988070671144,0.0010430993347141876
8888,6,0,-0.11389439387715045,-0.0003927392892315533
5504,3,1,0.4201089421745575,0.0014486515247398536
1040,1,1,0.24681729008573272,0.000851094103743906
2275,7,1,0.32435759704328626,0.0011184744725630561
375,5,1,0.39656552168008286,0.0013674673161382168
8278,0,1,0.4068997886542417,0.001403102719497385
3412,0,1,0.42231086126392153,0.0014562443491859362
9947,4,1,0.40663750569725676,0.001402198295507782
897,5,1,0.37362175302290157,0.001288350872492764
9900,8,1,0.36472909307101287,0.0012576865278310788
5093,1,1,0.3841735137070117,0.0013247362541621093
7949,6,0,0.07853647308581796,0.000270815424433855
8276,4,1,0.37499577857776484,0.001293088891647465
5315,9,1,0.40873392156639154,0.0014094273157461777
5701,8,1,0.40591169275673555,0.0013996954922646054
3757,8,1,0.3748783808954831,0.00129268407205339
4235,9,1,0.3427388917898014,0.0011818582475510392
3085,3,1,0.4144638410715401,0.0014291856588673796
324,0,1,0.33632348502726866,0.0011597361552664438
5210,9,1,0.37163498477345386,0.0012814999474946684
5558,6,0,0.30642402682543396,0.0010566345752601172
4767,7,1,0.40835243335658955,0.0014081118391606536
4086,8,1,0.42237033578931404,0.0014564494337562554
1421,5,1,0.40006256322498013,0.0013795260800861383
9016,0,1,0.4030075599418779,0.0013896812411788894
7918,5,1,0.3972428033261014,0.0013698027700900048
2938,4,1,0.33298427453657864,0.0011482216363330297
6048,7,1,0.3235060289616104,0.0011155380309021048
9482,5,1,0.4208556271769837,0.0014512263006102887
9032,2,1,0.42271822226427613,0.0014576490422906073
7552,8,1,0.4004856706248183,0.0013809850711200631
8694,3,1,0.4179367429319437,0.001441161182523944
4001,4,1,0.38187872064901773,0.0013168231746517854
4285,6,0,0.1197459088520958,0.0004129169270761924
5889,1,1,0.32672859484921246,0.0011266503270662498
5535,1,1,0.34051453347552596,0.001174188046467331
331,2,1,0.3949303160357963,0.0013618286759855046
5556,4,1,0.3939553681105682,0.0013584667865881661
5627,9,1,0.38472196059842456,0.001326627450339395
3797,5,1,0.40984558694336787,0.001413260644632303
2602,2,1,0.40901826164507055,0.0014104077987761054
771,7,1,0.4163539427470545,0.0014357032508519121
8855,5,1,0.4079409134162034,0.00140669280488346
370,7,1,0.36867475260351057,0.001271292250356933
9945,9,1,0.4187846767957713,0.0014440850923992114
5223,5,1,0.37922525722828593,0.0013076733007871928
3283,3,1,0.3573519729105745,0.001232248182450257
7926,8,1,0.424301411054425,0.0014631083139807757
6423,2,1,0.4200117691540576,0.0014483164453588193
1929,4,1,0.3758630735053415,0.0012960795638115223
8772,0,1,0.4148277409357897,0.0014304404859854817
6805,7,1,0.37268479644374153,0.0012851199877370397
9041,6,0,0.09959101755458127,0.00034341730191234923
1670,5,1,0.39548446440669005,0.0013637395324368623
1263,4,1,0.4226012984894718,0.0014572458568602477
4613,3,1,0.4019159919544475,0.001385917213636026
5045,2,1,0.4236132157993082,0.0014607352268941663
1748,0,1,0.4220073650596571,0.0014551978105505417
9166,7,1,0.42172058603102863,0.0014542089173483746
7318,9,1,0.4161342597528064,0.0014349457232855393
6804,6,0,-0.021570814094599267,-7.438211756758367e-05
632,2,1,0.402711951721058,0.0013886619024864068
7323,1,1,0.3152809330571161,0.0010871756312314346
5653,0,1,0.4114426193212103,0.0014187676528317596
6530,5,1,0.3503281711905806,0.0012080281765192433
8532,2,1,0.39243781561422364,0.0013532338469455988
6664,3,1,0.4009710797330809,0.0013826588956313134
6649,8,1,0.3947312871647892,0.0013611423695337559
8933,9,1,0.410727213215173,0.0014163007352247345
1753,1,1,0.30470800325446323,0.0010507172526015972
3400,7,1,0.33182146359199327,0.0011442119434206665
7367,0,1,0.3809025560326495,0.001313457089767757
8128,1,1,0.22848360920433133,0.0007878745144976943
2263,9,1,0.41479406365828314,0.0014303243574423556
8000,4,1,0.42189852831840813,0.0014548225114427867
5581,6,0,0.21369276771911902,0.0007368716128245483
925,3,1,0.40539921566822634,0.0013979283298904356
2740,9,1,0.3988474413021715,0.0013753360044902465
8506,9,1,0.3871781897996609,0.0013350972062057273
5349,8,1,0.3914945281535529,0.0013499811315639755
7179,6,0,0.04223317568303875,0.0001456316402863405
3205,8,1,0.3473922806639026,0.0011979044160824227
3772,2,1,0.4192198871327436,0.001445585817699116
79,7,1,0.4227157994467221,0.0014576406877473177
4594,2,1,0.36333920591967694,0.0012528938135161274
9462,8,1,0.40029582085881343,0.001380330416754529
9109,5,1,0.42256282867926304,0.0014571132023422863
7221,0,1,0.4194363942188354,0.001446332393858053
3095,5,1,0.3751321965400818,0.001293559298414075
7869,1,1,0.3854717642938807,0.0013292129803237265
5834,6,0,-0.0014298254273392152,-4.930432508066259e-06
7188,6,0,0.125324528172775,0.0004321535454233621
8031,2,1,0.41279232075636074,0.0014234217957115889
3450,0,1,0.2950344382847498,0.0010173601320163787
4311,3,1,0.3962863208398087,0.00136650455462003
2644,5,1,0.36248912988321635,0.0012499625168386772
6387,6,0,0.004330229416533493,1.4931825574253425e-05
2165,4,1,0.4142274786622385,0.0014283706160766847
165,5,1,0.4061585069182407,0.0014005465755801403
9549,1,1,0.3201875557004571,0.0011040950196567487
5611,8,1,0.324798121230785,0.0011199935214854656
8226,3,1,0.4172017371719616,0.0014386266799033159
5229,5,1,0.3748824575722011,0.0012926981295593141
3057,2,1,0.39169554336648194,0.0013506742874706274
1928,3,1,0.3708804854970376,0.0012788982258518538
363,2,1,0.37125001443782235,0.0012801724635786978
2828,4,1,0.40753078217631294,0.0014052785592286654
901,4,1,0.41766106479583415,0.001440210568261497
5092,1,1,0.35288603088878157,0.0012168483823751088
3595,5,1,0.4043177286855917,0.0013941990644330748
9078,8,1,0.42375445069133544,0.0014612222437632256
4753,8,1,0.362874564098422,0.0012512916003393861
6507,9,1,0.40353678355425393,0.0013915061501870824
3495,4,1,0.3519558922096266,0.001213641007619402
460,5,1,0.39119119813738945,0.0013489351659909982
6733,1,1,0.37065123667093364,0.0012781077126583918
3721,7,1,0.378757217592787,0.0013060593710096104
6525,5,1,0.3942370388735789,0.0013594380650813066
6719,0,1,0.40900456933987445,0.0014103605839306016
4556,9,1,0.31236680218332996,0.0010771269040804482
1827,8,1,0.41475394679601646,0.0014301860234345394
8393,3,1,0.4075434079483312,0.001405322096373556
9693,6,0,0.17977663217651788,0.0006199194212983375
4882,6,0,0.332875616062282,0.0011478469519389035
8865,0,1,0.41825814320338034,0.0014422694593220012
9737,1,1,0.31931321384680894,0.001101080047747617
3312,5,1,0.40105350924935956,0.0013829431353426192
9812,3,1,0.40136552688085014,0.001384019058209828
8834,5,1,0.38134812412360003,0.0013149935314606897
3510,2,1,0.4068546496314541,0.0014029470676946694
485,0,1,0.3572181266201763,0.0012317866435178494
1885,1,1,0.3010760114193445,0.0010381931428253258
637,3,1,0.38449296130726784,0.0013258377976112683
4388,6,0,0.1535305976926456,0.000529415854112571
1277,9,1,0.3733497043038288,0.0012874127734614786
4817,8,1,0.35765099137504536,0.0012332792806036047
3645,5,1,0.3839971495085788,0.00132412810175372
9825,9,1,0.3791124317174949,0.0013072842473017066
8898,4,1,0.39873924068827543,0.0013749628989250878
3336,5,1,0.4176060001440038,0.0014400206901517372
6378,4,1,0.41778717928109027,0.001440645445796863
755,1,1,0.27842133103992683,0.0009600735553100925
4623,7,1,0.38453439089633895,0.0013259806582632378
2376,0,1,0.419807844491069,0.0014476132568657552
6015,0,1,0.4239148869931085,0.0014617754723900292
4229,4,1,0.4206491144471071,0.0014505141877486452
8102,2,1,0.4106084359928721,0.0014158911585961107
6920,2,1,0.4144840271113875,0.0014292552659013363
7977,2,1,0.422118168512506,0.0014555798914224344
922,2,1,0.39544803613418467,0.001363613917704085
2318,0,1,0.3772228685793641,0.0013007685123426348
2577,7,1,0.4030631532886433,0.001389872942374632
5009,9,1,0.3969574616770104,0.0013688188333690014
8274,9,1,0.41387645984508975,0.0014271602063623784
6736,3,1,0.42142967390533675,0.0014532057720873682
8558,0,1,0.39325520028522853,0.00135605241477665
3159,6,0,-0.15763507040308272,-0.0005435692082864922
4219,5,1,0.4128892091993494,0.00142375589379086
4910,9,1,0.40180922858740087,0.0013855490640944858
8763,0,1,0.4115031212185172,0.0014189762800638523
1967,5,1,0.3886550235863547,0.0013401897365046714
2187,7,1,0.38139535802192004,0.0013151564069721381
4953,1,1,0.3255325024054082,0.0011225258703634767
6364,7,1,0.4123870944574492,0.0014220244636463765
4103,2,1,0.4095802910902223,0.001412345831345594
4406,3,1,0.4236726278044545,0.0014609400958774295
9157,3,1,0.42461701100031934,0.0014641965896562735
7897,6,0,0.2098591308336225,0.0007236521752883535
270,3,1,0.4153191159195684,0.0014321348824812702
6026,7,1,0.29983340981824846,0.0010339083097180982
855,3,1,0.4071853036485568,0.0014040872539605408
7828,9,1,0.40683878457835243,0.0014028923606150083
4383,9,1,0.3979960244144389,0.0013724000841877203
8488,1,1,0.2999240579897363,0.0010342208896197804
4153,1,1,0.3193787104721163,0.0011013058981797113
8938,1,1,0.35438352159496955,0.0012220121434309294
4801,2,1,0.3819823017126564,0.001317180350733298
5637,1,1,0.3369157108793225,0.0011617783133769741
5107,7,1,0.3975454969010444,0.0013708465410380841
5441,6,0,-0.005760233147098559,-1.9862872921029514e-05
5878,3,1,0.3968775492205404,0.0013685432731742773
9374,7,1,0.4205359908407744,0.001450124106347498
6906,2,1,0.33075291193405154,0.0011405272825312123
7772,2,1,0.4248617059320798,0.0014650403652830338
4375,8,1,0.3710087808872774,0.0012793406237492325
5819,6,0,-0.055023757794136596,-0.00018973709584185034
3899,2,1,0.4031273630794423,0.0013900943554463528
7838,0,1,0.42410746037676683,0.0014624395185405753
5560,7,1,0.40495868804233603,0.0013964092691115036
5494,2,1,0.4244705746964986,0.001463691636884478
8565,7,1,0.37120386473241374,0.0012800133266634957
5424,9,1,0.3895076298255992,0.0013431297580193077
7781,2,1,0.42383109162582233,0.0014614865228476633
8043,7,1,0.4138667528457714,0.001427126733950936
4841,3,1,0.3996080666085094,0.0013779588503741703
5835,7,1,0.3837873723139853,0.0013234047321171907
8216,8,1,0.4106840287291726,0.0014161518232040434
1379,0,1,0.4246173348424857,0.001464197706353399
5514,1,1,0.35683622757489863,0.0012304697502582712
6726,1,1,0.3437953903498489,0.0011855013460339617
6181,0,1,0.424097941664265,0.0014624066953940172
4169,1,1,0.33146254226486216,0.0011429742836719385
969,4,1,0.3438902235195349,0.0011858283569639134
5072,1,1,0.34084480454120325,0.0011753269122110456
8042,6,0,-0.10867433232180618,-0.00037473907697174546
5431,1,1,0.34159164749523535,0.001177902232742191
1579,6,0,0.14967510577733678,0.0005161210544046096
4832,6,0,0.03152587636375831,0.0001087099184957183
4514,4,1,0.39623609402558185,0.001366331358708903
5974,0,1,0.35750521661587775,0.0012327766090202681
9399,7,1,0.4172890271977145,0.001438927679992119
8813,5,1,0.3868028203320941,0.001333802828731359
4991,7,1,0.34417404443102345,0.00118680704976215
6996,9,1,0.3166320612484351,0.0010918346939601212
1272,5,1,0.4193015036284591,0.0014458672538912383
6192,1,1,0.2505418625420356,0.000863937457041502
8691,0,1,0.4242664858551649,0.0014629878822591893
2683,4,1,0.3410727684029809,0.0011761129944930376
3591,5,1,0.4204459020047131,0.001449813455188666
1806,7,1,0.3296738785140985,0.0011368064776348225
6221,9,1,0.3934214503550392,0.0013566256908794456
7242,9,1,0.4043750389898835,0.001394396686172012
191,1,1,0.33793238919174723,0.0011652841006611974
758,9,1,0.37135124294202054,0.0012805215273862778
6643,0,1,0.35736968443120254,0.001232309256659319
3316,7,1,0.40483579314795676,0.001395985493613644
6933,6,0,-0.14545529430410903,-0.0005015699803589967
465,8,1,0.42060752647095484,0.001450370780934327
6240,2,1,0.41622670323107325,0.0014352644939002526
6950,3,1,0.41006524716410264,0.0014140180936693194
8990,6,0,-0.06664348718674185,-0.0002298051282301443
2741,2,1,0.4003693924311145,0.0013805841118314293
4050,1,1,0.24042273153403096,0.000829043901841486
8908,2,1,0.39400382665368666,0.0013586338850127126
5771,8,1,0.40598386819865045,0.0013999443730987947
5938,6,0,0.34427626917799964,0.001187159548889654
1840,3,1,0.4230058067899171,0.0014586407130686796
4980,6,0,0.16729136935808642,0.0005768667908899531
4997,2,1,0.3911482812252911,0.0013487871766389348
5251,0,1,0.3926181636133225,0.0013538557365976639
9342,3,1,0.3814853773571996,0.0013154668184731022
4083,7,1,0.3931637708526254,0.001355737140871122
1937,6,0,-0.06390272263563707,-0.0002203542159849554
3029,4,1,0.3430810111894566,0.0011830379696188159
7842,5,1,0.41455692850804027,0.001429506650027725
895,0,1,0.4009017132588067,0.001382419700892437
1865,4,1,0.373381068820977,0.001287520926968886
9895,7,1,0.3602097394958743,0.0012421025499857734
5248,3,1,0.4094999518135317,0.001412068799357006
8137,0,1,0.4192970470641055,0.0014458518864279499
7497,2,1,0.4126977182150942,0.001423095580052049
4540,7,1,0.4147793262109834,0.0014302735386585634
5987,0,1,0.4165451615019009,0.001436362625868624
7562,9,1,0.3666492947180226,0.0012643079128207676
7166,6,0,-0.029437527115688755,-0.00010150871419203019
7049,0,1,0.27776393759242257,0.0009578066813531813
8071,4,1,0.3795185739272935,0.0013086847376803223
4128,3,1,0.40298923266154424,0.0013896180436604973
9828,3,1,0.40021610801414975,0.0013800555448763784
2484,7,1,0.37681904632083696,0.0012993760217959896
2154,1,1,0.31073614478301076,0.0010715039475276233
5253,0,1,0.35671704779463365,0.0012300587854987366
2773,5,1,0.41538943583317023,0.0014323773649419663
6106,2,1,0.4219859054338387,0.001455123811840823
3943,3,1,0.3812866627021767,0.0013147815955247472
75,7,1,0.37680360425658177,0.0012993227732985579
7725,1,1,0.30512861406899416,0.0010521676347206696
8223,8,1,0.41114398435950394,0.0014177378771017377
831,1,1,0.3445041011791862,0.0011879451764799523
9959,8,1,0.35894247550107644,0.001237732674141643
6971,0,1,0.37002957211163584,0.0012759640417642614
4499,6,0,0.24099815286083986,0.0008310281133132409
2128,3,1,0.4151318539403508,0.001431489151518451
1658,2,1,0.36023171944428917,0.001242178342911342
7778,6,0,0.12748034137796038,0.00043958738406193234
5434,8,1,0.3750286471612898,0.0012932022315906544
5829,2,1,0.40500313193034754,0.0013965625238977501
774,4,1,0.2760777125918261,0.0009519921123856074
1746,3,1,0.3853517166465776,0.001328799022919233
4047,9,1,0.31182208617299356,0.0010752485730103226
8321,7,1,0.4121682301768117,0.0014212697592303851
1778,4,1,0.36415629652209175,0.0012557113673175577
7218,4,1,0.3824007981701256,0.0013186234419659505
5935,3,1,0.42002227713193874,0.001448352679765306
5172,7,1,0.3774001690872135,0.0013013798934041845
9814,5,1,0.4046207892596626,0.0013952441008953883
7392,7,1,0.4028001963163683,0.0013889661941943734
3040,7,1,0.354196174245732,0.001221366118088731
1303,2,1,0.41993422175930406,0.0014480490405493244
3224,8,1,0.37663633580320754,0.0012987459855283018
2958,9,1,0.34461133284186485,0.0011883149408340168
8669,8,1,0.4136767916750345,0.0014264716954311535
5817,4,1,0.40108061577265713,0.0013830366061126109
5862,5,1,0.41758999563236066,0.001439965502180554
2642,7,1,0.3764257988318867,0.001298019995972023
9805,4,1,0.39867703036094165,0.0013747483805549713
5435,0,1,0.37104911667245777,0.0012794797126636475
1760,1,1,0.3190920607408941,0.0011003174508306692
6844,2,1,0.38886782968920125,0.0013409235506524181
840,1,1,0.3313537577772405,0.0011425991647491052
9607,6,0,0.11474422368479215,0.00039566973684411087
6585,4,1,0.4005927726327244,0.0013813543883887049
3135,6,0,0.004762368333905809,1.6421959772088994e-05
9863,8,1,0.2159998586528893,0.0007448270988030665
4194,4,1,0.36979772219824325,0.001275164559304287
2284,3,1,0.4074785323247875,0.0014050983873268533
4282,0,1,0.4203886432830016,0.0014496160113206952
918,1,1,0.2350586596456944,0.0008105471022265324
8737,5,1,0.3600518843271123,0.0012415582218176287
9329,5,1,0.4150136641303331,0.0014310816004494244
7925,6,0,0.2985694009097446,0.001029549658309464
4430,3,1,0.4175757145384785,0.0014399162570292363
5598,5,1,0.4175479694040667,0.001439820584151954
3655,2,1,0.4062877256927192,0.0014009921575611007
5784,9,1,0.38784669164274294,0.0013374023849749756
8808,0,1,0.4192803085493298,0.001445794167411482
6833,0,1,0.422728991767339,0.0014576861785080657
2623,3,1,0.3659138865805763,0.0012617720226916424
5392,2,1,0.4097907718738343,0.0014130716271511527
9474,3,1,0.39866495846696465,0.0013747067533343609
1160,4,1,0.3480606423760506,0.001200209111641554
8577,4,1,0.3745158681786074,0.0012914340282020945
8548,0,1,0.42148399387698604,0.0014533930823344347
850,1,1,0.3223388815071315,0.0011115133845073502
9062,2,1,0.4194325486637523,0.0014463191333232838
1687,8,1,0.40361465633382343,0.0013917746770131841
5103,8,1,0.4090370332508323,0.0014104725284511458
2001,5,1,0.4198688327572217,0.0014478235612317989
5144,9,1,0.3816076977542616,0.0013158886129457296
3296,7,1,0.4104376912785235,0.0014153023837190466
101,0,1,0.4025486275666462,0.001388098715747056
5414,9,1,0.3481696396266884,0.00120058496422996
2086,3,1,0.3943352519854939,0.0013597767309844618
4391,7,1,0.4089464068086174,0.001410160023477991
5533,7,1,0.39133716157961,0.0013494384882055518
1907,0,1,0.371846139757948,0.0012822280681308552
4724,8,1,0.4144389756674697,0.001429099916094723
4822,8,1,0.34674926686433294,0.0011956871271183893
4353,0,1,0.3354095843911872,0.0011565847737627145
9292,9,1,0.35909587592947,0.0012382616411361035
5067,3,1,0.40295558482683014,0.001389502016644242
2641,0,1,0.41430846241770336,0.0014286498704058736
7163,2,1,0.41883220190379933,0.0014442489720820667
4090,0,1,0.38822792994888994,0.0013387169998237585
8916,3,1,0.41483970568517126,0.0014304817437419699
3847,0,1,0.4102715072652282,0.0014147293353973386
4157,0,1,0.4217803031020229,0.0014544148382828377
7886,2,1,0.4181598346537003,0.0014419304643231046
5259,0,1,0.4060655866622889,0.0014002261609044446
218,5,1,0.3876165131865999,0.0013366086661606893
4066,2,1,0.4209145007952303,0.001451429313087001
3349,7,1,0.3675776650349822,0.0012675091897758005
3609,7,1,0.2532661461283645,0.0008733315383736707
2867,1,1,0.1994340034056068,0.0006877034600193338
656,0,1,0.42415244963613896,0.0014625946539177205
9986,3,1,0.421235962354223,0.0014525378012214586
3386,1,1,0.30753859197716454,0.0010604779033695328
3282,4,1,0.3862402120261755,0.0013318628000902602
1831,6,0,-0.010955178321379933,-3.777647697027563e-05
7078,6,0,-0.08896401306539109,-0.0003067724588461762
1566,7,1,0.32932253053572436,0.0011355949328818082
6546,0,1,0.4016413861287922,0.0013849702969958352
1321,7,1,0.3571671622649156,0.0012316109043617781
3217,3,1,0.41759340439633263,0.001439977256539078
9136,8,1,0.4217926757149995,0.0014544575024655155
7360,9,1,0.4096774859185228,0.0014126809859259409
608,0,1,0.4209627940345943,0.001451595841498601
7520,4,1,0.38658879494981546,0.0013330648101717774
2628,7,1,0.3469773537866012,0.0011964736337469006
5165,0,1,0.4195373518365504,0.0014466805235743116
7273,4,1,0.39025245318663204,0.0013456981144366622
1565,0,1,0.3243521795334225,0.0011184557914945604
804,0,1,0.3868021617779248,0.001333800557854913
1766,1,1,0.3135909490812069,0.0010813481002800236
1726,0,1,0.41951883427348097,0.001446616669908555
726,7,1,0.35193868866293065,0.0012135816850445884
6418,2,1,0.2979158267630533,0.0010272959543553561
350,1,1,0.3766924516174316,0.001298939488335971
959,4,1,0.3152381186063947,0.0010870279951944646
2615,4,1,0.3908489345971497,0.0013477549468867232
3742,3,1,0.40072985643699977,0.001381827091162068
6614,2,1,0.39048670025993565,0.0013465058629652954
3403,6,0,-0.014545742351298963,-5.015773224585849e-05
1494,7,1,0.280019662067033,0.0009655850416104586
6584,2,1,0.3914163815115736,0.0013497116603847364
4455,8,1,0.4177522153259371,0.0014405248804342657
9261,3,1,0.4159158472356928,0.0014341925766748027
4588,1,1,0.34691482420790787,0.001196258014510027
8142,5,1,0.35344885685536165,0.0012187891615702126
2349,8,1,0.4198556641472007,0.0014477781522317266
4851,6,0,0.12254238228364484,0.00042255993890912013
882,9,1,0.29526375475352806,0.0010181508784604415
4480,9,1,0.42263232549288776,0.0014573528465271991
9835,4,1,0.3366437858040709,0.0011608406407036928
1893,8,1,0.41671550175938443,0.0014369500060668428
9871,4,1,0.38154470932409945,0.001315671411462412
4826,4,1,0.38043578296320985,0.0013118475274593443
6287,0,1,0.4229874000280773,0.0014585772414761286
1034,0,1,0.4089891941329201,0.0014103075659755867
9382,5,1,0.42196919131508615,0.0014550661769485728
5814,3,1,0.37728137420937885,0.0013009702558944099
9681,8,1,0.3948412044290664,0.0013615213945829875
6120,5,1,0.3770402252209226,0.001300138707658354
4949,1,1,0.31266390711534064,0.0010781514038460023
2221,1,1,0.3223837448625956,0.0011116680857330883
4441,6,0,0.16128007553668672,0.0005561381915058163
9679,6,0,0.21563532216482548,0.0007435700764304327
4184,9,1,0.3350309198905849,0.0011552790341054654
7556,1,1,0.3569523650844766,0.0012308702244292296
1679,4,1,0.42304514881838495,0.0014587763752358103
6077,5,1,0.41764809825470217,0.001440165856050697
2077,5,1,0.4048858773710425,0.001396158197831181
9250,9,1,0.41097695879909474,0.0014171619268934302
3708,8,1,0.4023735687855029,0.0013874950647775961
4259,9,1,0.2699533245691554,0.0009308735329970876
7261,0,1,0.4013862768871694,0.0013840906099557564
2883,9,1,0.41844780170185075,0.001442923454144313
1236,1,1,0.29278042983346164,0.0010095876890809023
5895,2,1,0.4118925515118188,0.0014203191431442028
1965,2,1,0.21185320325145132,0.0007305282870739701
967,1,1,0.2867515727147808,0.0009887985266026924
6802,4,1,0.41646426011610665,0.0014360836555727815
2066,6,0,0.013535594578962806,4.667446406538899e-05
2761,0,1,0.2765601712394268,0.0009536557628945751
139,4,1,0.35651787094863086,0.0012293719687883824
6389,3,1,0.4205204232993223,0.001450070425170077
7818,4,1,0.4229499821569585,0.0014584482143343398
7326,3,1,0.42304926495117867,0.0014587905687971677
2947,6,0,-0.0925484267341104,-0.00031913250597969105
5095,2,1,0.42255272805674626,0.0014570783726094699
6442,8,1,0.4099563219182873,0.0014136424893734045
6547,4,1,0.3898569144457482,0.0013443341877439595
910,4,1,0.39099731705950125,0.0013482666105500043
2991,3,1,0.39233202737370604,0.0013528690599093312
9983,0,1,0.42373670176958617,0.0014611610405847798
4503,2,1,0.41234700054950296,0.0014218862087913896
2682,5,1,0.4043404219795282,0.0013942773171707868
8065,8,1,0.38826409569069187,0.0013388417092782478
8517,6,0,0.3072560257111035,0.0010595035369348397
3631,5,1,0.38351660305907614,0.001322471045031297
2588,7,1,0.416825336375075,0.0014373287461209483
492,2,1,0.412391532927452,0.0014220397687153517
3898,5,1,0.3742599009362689,0.0012905513825388583
5495,8,1,0.4183379590987692,0.00144254468654748
1467,5,1,0.40691417317835876,0.0014031523213046853
1053,2,1,0.41884542211621195,0.0014442945590214206
1123,6,0,0.047340624380906915,0.00016324353234795487
7297,8,1,0.40699527086158327,0.0014034319684882181
4252,6,0,-0.004335439086426751,-1.4949789953195693e-05
8331,5,1,0.36165575465896405,0.0012470888091688415
5638,3,1,0.40612298897918186,0.0014004240999282134
9218,9,1,0.41258590136717804,0.001422710004714407
5833,5,1,0.42078834712408764,0.0014509943004278885
9173,8,1,0.4087588172551667,0.0014095131629488509
4909,1,1,0.2978674969080256,0.001027129299682847
4824,0,1,0.2912696135173082,0.0010043779776458903
8602,2,1,0.4203051601060786,0.0014493281382968227
1338,1,1,0.3302955846710617,0.0011389502919691781
6244,5,1,0.4081210420533029,0.0014073139381148376
9949,6,0,0.060669630986385725,0.00020920562409098526
8896,6,0,-0.08082192306799124,-0.0002786962864413491
2063,7,1,0.2195464935931992,0.0007570568744593076
6595,8,1,0.39158666149322374,0.0013502988327352542
2902,1,1,0.3818885076791702,0.0013168569230316213
2607,7,1,0.3938327417521107,0.0013580439370762438
2332,7,1,0.3491175422321393,0.0012038535939039286
7119,3,1,0.4233446348664,0.0014598090857462069
7923,8,1,0.42280052864840445,0.0014579328574082912
8294,8,1,0.40629798219516133,0.0014010275248109011
9700,2,1,0.22757163173725947,0.0007847297646112395
9974,4,1,0.3512535795288544,0.0012112192397546703
5227,1,1,0.29638063600591047,0.0010220021931238291
1013,9,1,0.3827288070954477,0.0013197545072256818
1360,1,1,0.28801228401454193,0.0009931458069466963
8391,7,1,0.4203514290455405,0.0014494876863639329
1330,4,1,0.42033851918070253,0.0014494431695886295
8841,9,1,0.41005834766228333,0.0014139943022837356
4554,0,1,0.42275664518810596,0.0014577815351314
2016,7,1,0.4118461680413633,0.0014201592001426321
6558,6,0,0.14122400463136586,0.0004869793263150547
9271,8,1,0.3919834503063939,0.001351667070022048
7324,5,1,0.39503363132019964,0.0013621849355868953
28,0,1,0.4113291532121709,0.0014183763903867963
4337,1,1,0.31048100325972894,0.001070624149171479
9211,4,1,0.37220853576338403,0.0012834777095289106
5463,0,1,0.42075877825596036,0.0014508923388136565
1295,1,1,0.3096298865377748,0.0010676892639233614
7234,8,1,0.40072707028593,0.0013818174837445863
1610,0,1,0.42459835004357266,0.0014641322415295608
5578,8,1,0.3561379529115385,0.001228061906591512
7621,4,1,0.4065080278781038,0.0014017518202693235
5740,3,1,0.39992244353651235,0.0013790429087465943
2470,8,1,0.4229633864674832,0.0014584944360947697
958,3,1,0.34421226562127216,0.001186938846969904
4380,8,1,0.3424199319349112,0.0011807583859824524
8863,5,1,0.357454083560123,0.0012326002881383551
989,6,0,0.196826953832658,0.0006787136339057173
6500,5,1,0.3890149990266047,0.001341431031126223
7306,5,1,0.36603293077877036,0.0012621825199267943
7890,1,1,0.37675805946037033,0.001299165722277139
9465,5,1,0.4031040695402778,0.0013900140328975095
6100,4,1,0.4230411140084037,0.0014587624620979438
8105,8,1,0.39955537223427073,0.0013777771456354162
1873,9,1,0.4073775065337501,0.0014047500225301728
5269,9,1,0.3725156262051761,0.001284536642086814
8119,2,1,0.3830366312133649,0.0013208159697012582
7107,9,1,0.36750609865155703,0.0012672624091433
816,2,1,0.42070333181918956,0.001450701144204102
6001,8,1,0.33885705896976925,0.0011684726171371353
6695,4,1,0.31672429663885004,0.0010921527470305174
4148,7,1,0.3606434748285624,0.0012435981890640082
4121,8,1,0.35142798841394896,0.0012118206497032723
6266,2,1,0.41219969900714165,0.0014213782724384195
1475,6,0,0.05274470011355664,0.0001818782762536436
8877,8,1,0.40644043813084985,0.0014015187521753444
4074,1,1,0.286227048670848,0.0009869898230029242
7610,3,1,0.40383118740090185,0.0013925213358651788
9159,5,1,0.4086250667769131,0.0014090519544031487
6766,0,1,0.41534625151639865,0.001432228453504823
2658,4,1,0.3708242793678479,0.0012787044116132685
2885,1,1,0.26877072700363314,0.0009267956103573556
1101,8,1,0.41800458862185563,0.0014413951331788124
221,2,1,0.41091019936148326,0.0014169317219361493
946,7,1,0.36433572038720835,0.0012563300703007185
4403,0,1,0.41568542671774783,0.0014333980231646477
2960,8,1,0.41823741945488424,0.0014421979981202905
3527,3,1,0.4143270107864705,0.001428713830298174
9824,8,1,0.3655873698369858,0.001260646102886158
225,2,1,0.4204235586050197,0.0014497364089828264
1900,1,1,0.3631808951399894,0.0012523479142758256
403,8,1,0.3780069563028544,0.001303472263113291
5831,1,1,0.27154471860014423,0.000936361098621187
8380,6,0,0.028070751950975192,9.679569638267308e-05
3474,2,1,0.3005647523577539,0.001036430180543979
8949,9,1,0.404971938852943,0.0013964549615618725
4412,6,0,0.005878916938116485,2.0272127372815466e-05
6569,3,1,0.18070664837488845,0.0006231263737065119
5341,6,0,0.0009725397554187776,3.353585363513026e-06
3285,3,1,0.36711518180886654,0.0012659144200305743
5036,1,1,0.3290363913431136,0.0011346082460107366
8339,8,1,0.28410230703618444,0.0009796631277109809
2448,9,1,0.399387831381251,0.0013771994185560379
1501,9,1,0.39706518368955274,0.0013691902885846646
5358,3,1,0.41451247742097286,0.0014293533704171479
7913,0,1,0.42050060693625113,0.0014500020928836246
2859,8,1,0.3599221535939075,0.00124111087446175
4581,3,1,0.40257312311695737,0.001388183183161922
4392,0,1,0.4241786488265082,0.0014626849959534765
7993,3,1,0.4225219216143977,0.0014569721434979231
1294,0,1,0.373368850275301,0.001287478794052762
2614,8,1,0.4185521395620972,0.0014432832398693007
4297,7,1,0.40426850320941815,0.0013940293214117867
9956,1,1,0.37261181927210535,0.0012848683423176046
228,1,1,0.3035348708797768,0.0010466719685509546
2823,7,1,0.2985028765472843,0.0010293202639561527
2765,0,1,0.39326611563343383,0.0013560900539083926
3634,0,1,0.39266242038571475,0.0013540083461576371
8523,9,1,0.3925776352909438,0.0013537159837618753
8390,1,1,0.3341765690039963,0.0011523329965655044
7647,7,1,0.3680918163699085,0.0012692821254134776
3552,5,1,0.3674017977818962,0.001266902750972056
9479,3,1,0.417924725575817,0.0014411197433648862
772,1,1,0.31701642585413503,0.0010931600891521897
1872,4,1,0.4104509860516973,0.0014153482277644734
8109,9,1,0.40178695870279385,0.0013854722713889443
615,1,1,0.3442748140597521,0.0011871545312405244
2453,3,1,0.3597538135336149,0.0012405303914952237
1970,5,1,0.409362788392705,0.0014115958220438105
2611,5,1,0.27858952083870514,0.000960653520133466
1926,3,1,0.4083408671050532,0.0014080719555346663
1052,8,1,0.4192170805980648,0.001445576139993327
9510,2,1,0.4214265905490383,0.00145319513982427
7824,6,0,0.28410163397292426,0.000979660806803187
3643,7,1,0.4042297078155344,0.0013938955441914979
3579,3,1,0.4149212920961047,0.0014307630761934643
3590,5,1,0.3657862323279034,0.00126133183561346
7882,0,1,0.4146634076346023,0.0014298738194296631
3122,7,1,0.37285716343702435,0.0012857143566793942
44,3,1,0.3407324269946866,0.0011749394034299538
5411,6,0,0.14517931412858226,0.0005006183245813182
8899,9,1,0.4042743163908176,0.0013940493668648884
1390,0,1,0.42207656356329193,0.001455436426080317
1848,7,1,0.3841858827783782,0.0013247789061323386
2131,6,0,0.08261472720427748,0.00028487836966992235
8755,4,1,0.4184441654797467,0.0014429109154474025
1550,5,1,0.3744158937785252,0.0012910892888914661
8334,9,1,0.3983325176082091,0.0013735604055455485
7059,7,1,0.39688049871337294,0.0013685534438392171
2739,8,1,0.3684674173965517,0.0012705773013674197
8740,1,1,0.2804836684193208,0.0009671850635148994
9210,6,0,0.15590465903598255,0.0005376022725378708
7635,2,1,0.4220846554989599,0.0014554643293067584
7010,3,1,0.4036531843135881,0.001391907532115821
1466,5,1,0.42076110566262,0.001450900364353862
9911,0,1,0.4103772778959061,0.001415094061710021
8978,0,1,0.41512231154195395,0.001431456246696393
9318,2,1,0.3605120879036018,0.0012431451307020752
8190,7,1,0.3874899662935277,0.0013361722975638887
9695,8,1,0.4157025630927642,0.00143345711411298
9657,1,1,0.36921661653967686,0.0012731607466885408
8081,4,1,0.37577446278687376,0.0012957740096099096
7018,5,1,0.399673667548177,0.0013781850605109553
3904,2,1,0.41767661025669456,0.0014402641732989467
6666,7,1,0.38171257306720724,0.001316250251955887
4264,1,1,0.3056845359498133,0.0010540846067234942
109,4,1,0.3065752349923443,0.0010571559827322217
2557,0,1,0.39668588516657577,0.0013678823626433647
1196,6,0,-0.08197185058907225,-0.00028266155375542153
9961,6,0,-0.05229567272615404,-0.0001803299059522553
4915,5,1,0.3687122904570246,0.0012714216912311192
4054,5,1,0.4206975940164499,0.0014506813586774134
2835,4,1,0.34613542474647335,0.001193570430160253
8141,4,1,0.3884921139367742,0.0013396279790923247
6267,7,1,0.38738197737824626,0.0013357999219939527
3292,7,1,0.41234225819430365,0.0014218698558424263
6091,9,1,0.4241650136018285,0.0014626379779373398
7303,1,1,0.33591911542049946,0.0011583417773120672
7968,3,1,0.42291452880715014,0.0014583259614039659
6219,8,1,0.39766334453754854,0.0013712529121984432
2478,9,1,0.4239897829095214,0.0014620337341707634
9215,2,1,0.41750402603173825,0.001439669055281856
8845,0,1,0.4024497838979913,0.0013877578755103147
2809,8,1,0.4028702318116098,0.0013892076959021028
6759,4,1,0.3965034119267542,0.0013672531445750144
2637,9,1,0.40976510048951936,0.0014129831051362736
8064,7,1,0.42195287027673334,0.001455009897505977
8567,0,1,0.4234067281098101,0.0014600232003786555
4789,8,1,0.4155689658830089,0.001432996434079341
7800,3,1,0.4239340620350736,0.0014618415932243917
5369,0,1,0.4216605800327862,0.0014540020001130559
4212,1,1,0.4058231844790252,0.0013993902913069834
5777,8,1,0.40766116057089147,0.0014057281398996257
9010,2,1,0.42258862965178734,0.00145720217121306
5838,0,1,0.4211441397672476,0.0014522211716111986
8680,9,1,0.409793903954347,0.0014130824274287829
3907,5,1,0.39763066764524757,0.0013711402332594743
9742,3,1,0.38419378590459796,0.0013248061582917172
4919,9,1,0.3997532897788847,0.0013784596199271886
4308,1,1,0.2603846341975675,0.0008978780489571294
9739,0,1,0.3758432524884221,0.0012960112154773175
9057,9,1,0.3949925169780729,0.0013620431619933548
5075,8,1,0.36315452321495,0.0012522569766032759
1512,9,1,0.39332652251102984,0.0013562983534863098
6427,4,1,0.39707769172392865,0.001369233419737685
4058,8,1,0.39336365419797326,0.0013564263937861146
984,1,1,0.2634293291571841,0.0009083769970937382
7450,8,1,0.3833549931156409,0.001321913769364279
4139,6,0,0.2267842935664805,0.0007820148054016569
8236,8,1,0.38446474330356273,0.0013257404941502164
752,4,1,0.386251155096239,0.001331900534814617
7091,1,1,0.3302599568307963,0.0011388274373475733
3036,6,0,0.0029763719891629514,1.0263351686768798e-05
1457,0,1,0.424991380609704,0.0014654875193438068
425,4,1,0.4039649179254007,0.00139298247560483
6922,6,0,-0.037862570270690066,-0.00013056058714031057
8229,1,1,0.3268084782721928,0.0011269257871454924
980,2,1,0.3526423205909557,0.0012160080020377781
6951,4,1,0.38757835035905486,0.0013364770702036374
6398,0,1,0.4034669374759063,0.0013912653016410561
1809,7,1,0.3484394313948844,0.0012015152806720154
1260,7,1,0.2772295891314154,0.0009559641004531564
1304,9,1,0.4024149456667515,0.0013876377436784534
1012,7,1,0.2961664126437396,0.001021263491874964
5198,8,1,0.384932320661842,0.0013273528298684207
98,6,0,0.22818188101526787,0.000786834072466441
7284,5,1,0.3788126857168195,0.0013062506404028257
8206,3,1,0.4233677861236166,0.0014598889176676434
9002,1,1,0.36833130272519854,0.0012701079404317192
2495,2,1,0.4207175598061127,0.0014507502062279748
2378,0,1,0.42254051011275756,0.0014570362417681295
5634,2,1,0.4074053461297976,0.0014048460211372332
6755,8,1,0.42003136874412417,0.0014483840301521523
5333,9,1,0.4154393441694622,0.001432549462653318
6437,0,1,0.4239010368669177,0.001461727713334199
2816,1,1,0.25790201747095987,0.0008893173016239996
8389,0,1,0.38432093810976414,0.0013252446141716005
8112,2,1,0.41771572274173546,0.001440399043937019
1118,8,1,0.39705955613278865,0.0013691708832165126
1193,1,1,0.2995328814478557,0.001032872004992606
7606,7,1,0.3680525522602722,0.0012691467319319732
1139,1,1,0.293306701988977,0.0010114024206516448
7205,2,1,0.4138238258420467,0.001426978709800161
4454,9,1,0.36787915953466865,0.001268548825981616
5485,7,1,0.38555613184269943,0.0013295039029058602
5005,1,1,0.32899217555328386,0.0011344557777699443
2359,1,1,0.2875548670345043,0.000991568507015532
3635,8,1,0.3965765600129359,0.0013675053793549513
168,1,1,0.31526436717211404,0.0010871185074900484
7628,3,1,0.40091170055138303,0.0013824541398323553
7531,5,1,0.37419178759544697,0.001290316508949817
6420,9,1,0.34783022208629416,0.0011994145589182556
2537,4,1,0.32255313487821446,0.0011122521892352223
5673,0,1,0.42509575479615436,0.0014658474303315668
416,1,1,0.29131043022550784,0.0010045187249155443
601,8,1,0.35448121684358525,0.0012223490235985699
4125,6,0,0.10045328779596369,0.00034639064757228857
5374,5,1,0.41623321268497193,0.0014352869402930067
3613,0,1,0.39711634957550973,0.0013693667226741715
4330,5,1,0.3412754346290477,0.0011768118435484403
9384,7,1,0.4125155195698052,0.0014224673088613971
5882,3,1,0.41305032356172805,0.0014243114605576829
4382,4,1,0.38556272121281265,0.0013295266248717678
7075,3,1,0.42104157684865984,0.001451867506374689
3751,7,1,0.23208510484618142,0.0008002934649868324
8451,3,1,0.4126529900197466,0.0014229413448956778
1863,2,1,0.3688683643752762,0.0012719598771561249
3719,7,1,0.3367274946753753,0.001161129291984053
7241,5,1,0.36970256342513497,0.0012748364256039138
1190,5,1,0.4102749947579452,0.0014147413612342937
3169,4,1,0.38741212554624954,0.001335903881193964
4534,9,1,0.4227073819378889,0.0014576116618547894
6652,1,1,0.37226996091933073,0.0012836895204114854
9230,0,1,0.42090835931354403,0.001451408135563945
4384,2,1,0.3966150385509614,0.0013676380639688324
4472,5,1,0.33457944354404023,0.00115372221911738
5640,7,1,0.38868148122047136,0.0013402809697257633
230,3,1,0.377986819494709,0.0013034028258438243
8046,8,1,0.4164119789333539,0.0014359033756322548
7138,1,1,0.36052546308510314,0.001243191252017597
1671,7,1,0.41781336421435705,0.0014407357386701967
6493,8,1,0.3968105433646873,0.0013683122184989216
4880,0,1,0.40438050130403747,0.0013944155217380603
2439,2,1,0.4194467105567948,0.0014463679674372233
6737,4,1,0.39382267446909697,0.0013580092223072309
4957,0,1,0.3998577548334225,0.0013788198442531811
2783,8,1,0.2963077569392719,0.0010217508859974894
1237,2,1,0.40925588476508634,0.0014112271888451252
9253,4,1,0.40147329009908683,0.0013843906555140925
9068,8,1,0.4239265112537721,0.0014618155560474902
3053,5,1,0.3982030102167751,0.0013731138283337074
6689,4,1,0.31667371206438055,0.0010919783174633813
7756,9,1,0.41513873403154333,0.001431512875970839
422,9,1,0.4012157433442358,0.0013835025632559857
680,6,0,0.12324172572856867,0.00042497146802954715
628,3,1,0.3785281903751993,0.0013052696219834458
1915,2,1,0.41868290014810733,0.0014437341384417495
7712,6,0,0.2797642076753239,0.0009647041643976686
9877,5,1,0.37543752521085855,0.0012946121558995122
2970,5,1,0.38216891942601405,0.0013178238600897035
557,7,1,0.4157240853334283,0.0014335313287359597
2345,9,1,0.30485474998128514,0.001051223275797535
2487,5,1,0.3962702710142413,0.0013664492103939354
9119,5,1,0.4006102947430606,0.0013814148094588297
9424,6,0,-0.006628463032346321,-2.285676907705628e-05
7631,6,0,0.011340302913176614,3.910449280405729e-05
1391,4,1,0.4237640899136087,0.0014612554824607197
6046,3,1,0.4106183363347372,0.0014159252977059905
9373,6,0,-0.0960165229701016,-0.0003310914585175917
6973,3,1,0.4063363939507757,0.001401159979140606
769,6,0,-0.10770042686524589,-0.00037138078229395134
4562,2,1,0.4228748540964698,0.0014581891520567924
7143,8,1,0.4112462894933471,0.0014180906534253348
4678,7,1,0.3794705353070616,0.0013085190872657295
6528,2,1,0.42064255809286455,0.0014504915796305674
2196,9,1,0.3699670190029031,0.001275748341389321
1908,6,0,0.1350499232034722,0.0004656893903568007
2750,6,0,0.10128760924971197,0.00034926761810245507
945,2,1,0.4203629967049065,0.0014495275748445053
6444,0,1,0.3630793116122032,0.0012519976262489764
5848,1,1,0.33641320253159557,0.0011600455259710193
8501,0,1,0.41940484083084034,0.0014462235890718633
1301,4,1,0.34523738744783544,0.0011904737498201223
4209,6,0,-0.0739748294948247,-0.0002550856189476714
5456,9,1,0.39554423316688864,0.0013639456316099608
5608,5,1,0.3238057449908274,0.001116571534451129
3018,6,0,-0.07194126432999559,-0.00024807332527584686
7026,3,1,0.4191793629946358,0.0014454460792918476
4605,3,1,0.3892388529652137,0.0013422029412593576
8261,1,1,0.3685210502649531,0.0012707622422929417
2579,8,1,0.41412102544180585,0.001428003536006227
5202,4,1,0.4108722809364969,0.001416800968746541
6976,1,1,0.3248329102575611,0.0011201134836467625
3773,2,1,0.3964417495237198,0.0013670405155990339
9497,9,1,0.387538540048296,0.0013363397932699863
4122,9,1,0.41940216238738354,0.0014462143530599432
619,1,1,0.39951338138136977,0.0013776323495909302
4521,2,1,0.3679210313796775,0.0012686932116540604
8843,8,1,0.4141291629478662,0.0014280315963719524
904,0,1,0.42156222238966684,0.0014536628358264375
9903,1,1,0.38661299550780087,0.0013331482603717271
6333,5,1,0.41883039334791045,0.0014442427356824497
3572,7,1,0.31801282385814345,0.0010965959443384257
2322,5,1,0.3835555595124584,0.0013226053776291668
7587,2,1,0.4137758689790506,0.001426813341307071
8773,4,1,0.40341415809088077,0.0013910833037616577
7083,4,1,0.36992419729290144,0.0012756006803203497
8325,0,1,0.20235838447654714,0.0006977875326777488
4913,7,1,0.32991449797729955,0.0011376361999217227
6030,3,1,0.4203022951167851,0.0014493182590233967
623,6,0,-0.1301476111571383,-0.00044878486605909757
555,4,1,0.30743906816301786,0.00106013471780351
3782,8,1,0.39446471479768297,0.001360223154474769
186,2,1,0.42196240473538915,0.0014550427749496179
524,3,1,0.4089419995070429,0.0014101448258863549
6257,5,1,0.41462082882106766,0.001429726995934716
5500,4,1,0.4180207127949028,0.001441450733775527
8168,2,1,0.4003200453572377,0.0013804139495077162
5379,8,1,0.39598998308351374,0.0013654827002879783
217,6,0,0.10490922213979026,0.00036175593841306986
3152,1,1,0.3077192232434598,0.0010611007698050337
515,3,1,0.3178338803857554,0.0010959788978819151
1764,0,1,0.37881875955001626,0.0013062715846552284
4025,1,1,0.32876095370067365,0.0011336584610368058
2603,9,1,0.3779127551396716,0.001303147431516109
9219,3,1,0.41196049173348565,0.00142055341977064
3439,0,1,0.4065741598116371,0.0014019798614194382
5063,4,1,0.3494100315091065,0.0012048621776176087
1112,4,1,0.24739762127791284,0.0008530952457859064
5561,4,1,0.40411928919883605,0.001393514790340814
5091,1,1,0.33149146336027724,0.0011430740115871629
9440,0,1,0.4074749448416585,0.0014050860166953743
9968,7,1,0.3699120885372777,0.0012755589259906127
6138,4,1,0.41803977830982036,0.001441516476930415
1337,2,1,0.3711505036920746,0.0012798293230761194
8853,5,1,0.402265015538844,0.001387120743237393
6208,7,1,0.40487684125927853,0.0013961270388250983
3917,5,1,0.345627147605127,0.001191817750362507
5599,6,0,0.06633065840763158,0.00022872640830217788
7262,1,1,0.3829588577238383,0.0013205477852546148
248,4,1,0.41940434671699167,0.0014462218852310058
7988,5,1,0.38586191280155324,0.0013305583200053561
924,2,1,0.3959973649306377,0.0013655081549332334
5543,8,1,0.34217187795395976,0.0011799030274274474
8013,6,0,0.2362959132493902,0.0008148134939634145
1202,8,1,0.39408647325152835,0.0013589188732811323
9457,0,1,0.3864814746157929,0.0013326947400544584
2728,6,0,0.3165022202507068,0.0010913869663817476
4020,8,1,0.42269093706076905,0.0014575549553819621
9574,8,1,0.41850559367022994,0.0014431227367938963
4106,3,1,0.3765563213983728,0.0012984700737874925
9453,4,1,0.4172426150765652,0.0014387676381950524
2356,1,1,0.3213224116159018,0.0011080083159169028
6768,7,1,0.41546320113319085,0.0014326317280454856
2708,4,1,0.2947813160255514,0.0010164872966398324
8423,6,0,0.1028771381437108,0.0003547487522196924
2948,5,1,0.421378574666704,0.0014530295678162207
6463,6,0,0.09873045620035076,0.00034044984896672677
4531,0,1,0.3894349983281361,0.0013428793045797797
306,2,1,0.4001779661652348,0.0013799240212594305
2864,2,1,0.4204929585440971,0.001449975719117576
9675,5,1,0.29645470930254925,0.0010222576182846526
2059,7,1,0.24895676775376496,0.0008584716129440171
1849,4,1,0.273781752575769,0.000944075008881962
8351,0,1,0.4108997221972676,0.0014168955937836813
1234,8,1,0.40035121218239783,0.0013805214213186132
4006,1,1,0.3218708927462974,0.0011098996301596462
424,0,1,0.39928791106957495,0.001376854865757155
4466,6,0,0.11843779310189317,0.00040840618310997645
699,3,1,0.31642780854760466,0.001091130374302085
1951,6,0,-0.06739664656639,-0.00023240222953927584
2857,9,1,0.396879984690074,0.0013685516713450828
6018,8,1,0.41310590454108287,0.0014245031191071824
5148,1,1,0.24769314838612844,0.0008541143047797532
9212,7,1,0.4222289935988586,0.001455962046892616
3326,3,1,0.3964942966501844,0.0013672217125868427
4698,6,0,0.07111596158201094,0.00024522745373107223
4988,9,1,0.3922177515424818,0.0013524750053189028
7420,2,1,0.3848581837424607,0.0013270971853188301
3930,1,1,0.3451619389775634,0.0011902135826812532
854,0,1,0.4015636218663832,0.0013847021443668386
4300,5,1,0.29236155870675734,0.0010081433058853702
5137,9,1,0.38243482428617676,0.0013187407734006095
8844,2,1,0.41876025910265674,0.0014440008934574371
9777,5,1,0.3607965825099542,0.001244126146586049
3806,5,1,0.40532344138469084,0.0013976670392575547
5181,3,1,0.41099306334383523,0.0014172174598063283
2316,1,1,0.33054682728328644,0.001139816645804436
8828,6,0,-0.07178764782538527,-0.0002475436131909837
817,6,0,0.24647721079705673,0.0008499214165415749
647,1,1,0.34432806557725854,0.0011873381571629604
3650,0,1,0.3969746653669291,0.0013688781564376866
2053,4,1,0.37969982958332127,0.0013093097571838664
4377,4,1,0.3915205178347229,0.001350070751154217
8499,6,0,0.02905873080886162,0.00010020252003055731
7298,9,1,0.3986601699979493,0.0013746902413722388
353,6,0,0.169550958674696,0.0005846584781886069
6770,0,1,0.4201044141568221,0.0014486359108855935
336,9,1,0.4150836399119205,0.0014313228962480017
8466,8,1,0.4198942398327277,0.0014479111718369922
688,6,0,0.015226067094889217,5.250367963754903e-05
6789,1,1,0.3347584608337008,0.0011543395201162098
2084,4,1,0.4142431355496772,0.0014284246053437144
5699,1,1,0.3477622219319648,0.001199180075627465
9444,1,1,0.2978864791162327,0.0010271947555732163
275,4,1,0.37744554111922113,0.0013015363486869693
9766,4,1,0.3668750282304289,0.0012650863042428582
3437,4,1,0.41171499099508796,0.0014197068655003033
8910,3,1,0.41278001007244464,0.0014233793450773953
8728,8,1,0.4215113196932617,0.0014534873092871094
8937,6,0,-0.012088556433480113,-4.168467735682798e-05
2657,0,1,0.40735221259631044,0.001404662802056243
8750,9,1,0.4212529103660237,0.001452596242641461
4268,4,1,0.35582145050587355,0.0012269705189857708
2834,8,1,0.40833407148254053,0.001408048522353588
7489,9,1,0.35045638414063973,0.001208470290140137
2805,5,1,0.41771475433356964,0.001440395704598516
3157,5,1,0.42296453799217726,0.0014584984068695768
6440,3,1,0.42007242320323845,0.0014485255972525465
4100,2,1,0.4243933287141891,0.0014634252714282384
6563,3,1,0.3282403293451083,0.0011318632046383044
5410,5,1,0.39094004690908274,0.001348069127272699
7769,9,1,0.41583601458128944,0.0014339172916596188
7153,4,1,0.417511791733308,0.001439695833563131
262,7,1,0.3653532972819777,0.0012598389561447507
8768,1,1,0.3088393078729761,0.0010649631305964693
7942,9,1,0.39324227088070357,0.0013560078306231159
2460,5,1,0.3360492137427872,0.0011587903922165076
7436,3,1,0.4032770158875737,0.001390610399612323
3445,0,1,0.4234643551988074,0.001460221914478646
5559,4,1,0.3800840553645299,0.0013106346736707927
8183,8,1,0.33890494125176823,0.0011686377284543731
621,8,1,0.3713612274152582,0.0012805559566043386
6408,1,1,0.28250767024289924,0.0009741643801479285
3348,8,1,0.4233470133621397,0.001459817287455654
2170,6,0,0.2672490522164316,0.0009215484559187296
5309,3,1,0.4215293966333446,0.0014535496435632573
6819,1,1,0.2968199843469956,0.001023517187403433
3774,0,1,0.42096347513582083,0.0014515981901235201
2986,5,1,0.23377481769063532,0.0008061200610021907
2957,5,1,0.33751328196881997,0.0011638389033407585
9853,5,1,0.3787363044523019,0.0013059872567320755
5147,0,1,0.4221412460729041,0.0014556594692169108
9214,9,1,0.41388652521693575,0.0014271949145411578
5758,4,1,0.3949638159568266,0.0013619441929545745
234,7,1,0.34900389140044463,0.0012034616944842918
1424,1,1,0.28205702721975623,0.0009726104386888146
6646,3,1,0.41942020181069756,0.0014462765579679225
5364,5,1,0.41946236565381506,0.0014464219505303968
8779,6,0,-0.13351159185899292,-0.00046038479951376866
4158,9,1,0.408200120875162,0.0014075866237074552
3793,4,1,0.2967423649319722,0.00102324953424818
6307,7,1,0.41257755377237887,0.0014226812199047546
4760,7,1,0.360029472132708,0.0012414809383886481
7475,5,1,0.37605345356203457,0.0012967360467656364
1434,1,1,0.29722874432272095,0.0010249267045611067
4273,1,1,0.28264461161374876,0.0009746365917715474
2094,4,1,0.3790825400577662,0.001307181172612987
7740,3,1,0.4237377481135698,0.001461164648667482
2218,4,1,0.3913146211039597,0.0013493607624274473
9334,6,0,-0.14800985569110076,-0.0005103788127279336
9446,2,1,0.27903954216072174,0.0009622053177955922
4685,1,1,0.32011496763606373,0.0011038447159864267
7557,9,1,0.3886176857340927,0.001340060985289975
442,3,1,0.4071679486058132,0.0014040274089855626
2040,5,1,0.4093937178461704,0.001411702475331622
7576,6,0,-0.07533473825433318,-0.00025977495949770064
5292,2,1,0.4199743472709719,0.0014481874043826616
5391,6,0,-0.1229899631151698,-0.0004241033210867924
8973,2,1,0.41180187735443,0.0014200064736359656
9332,3,1,0.4052432151513893,0.0013973903970737561
215,0,1,0.4010531237347499,0.0013829418059818962
3525,7,1,0.41875236533474125,0.0014439736735680734
287,4,1,0.4220162199016873,0.001455228344488577
3705,8,1,0.41889879682934494,0.0014444786097563618
7118,9,1,0.41240649071924845,0.0014220913473077532
6105,7,1,0.4231865112738121,0.0014592638319786625
1623,0,1,0.4242078981175719,0.0014627858555778341
3145,5,1,0.40635490063518903,0.0014012237952937554
1595,7,1,0.33664380044619474,0.001160840691193775
4113,2,1,0.4149239277235514,0.0014307721645639704
1901,9,1,0.2846447155968863,0.0009815335020582287
7070,8,1,0.40011885675106706,0.0013797201956933347
4222,3,1,0.42298783317271704,0.0014585787350783347
2287,1,1,0.34066551175197046,0.0011747086612136912
9467,9,1,0.3812349052252073,0.0013146031214662322
8136,9,1,0.40509544371420897,0.001396880840393824
2877,4,1,0.3405722982687637,0.0011743872354095298
1767,4,1,0.35376494716998697,0.0012198791281723689
7522,6,0,0.0915100262620469,0.0003155518146967135
3429,4,1,0.354191149189341,0.0012213487903080726
6867,4,1,0.3433525391482863,0.0011839742729251252
7007,2,1,0.4175495214366072,0.0014398259359883006
1201,1,1,0.3020093805913953,0.001041411657211708
645,5,1,0.31983769747865193,0.0011028886119953515
9305,3,1,0.3881713338227968,0.0013385218407682648
5933,1,1,0.3538082411013861,0.0012200284175909865
6615,6,0,0.10747628809069598,0.0003706078899679172
3083,3,1,0.41894352697083764,0.001444632851623578
1715,1,1,0.29021207723581477,0.0010007313008131545
6835,0,1,0.4249154431646235,0.0014652256660849085
4715,7,1,0.37471193179297313,0.0012921101096309419
5521,2,1,0.41539031221456363,0.001432380386946771
9928,4,1,0.39361346649336026,0.0013572878154943457
9164,7,1,0.42384018733608986,0.0014615178873658272
427,1,1,0.2885478474852847,0.0009949925775354646
7046,8,1,0.3995790051587751,0.0013778586384785348
7832,1,1,0.3506218059742744,0.0012090407102561187
7288,9,1,0.3972168543251303,0.0013697132907763115
1825,9,1,0.4016125964012254,0.001384871022073191
8412,5,1,0.38464181597332836,0.0013263510895632012
8366,5,1,0.42122701205555396,0.0014525069381226
6806,8,1,0.4042934273617316,0.0013941152667645918
5656,8,1,0.39253396757838077,0.0013535654054426924
1675,8,1,0.41698153792654785,0.0014378673721605099
8155,4,1,0.36969784661207694,0.0012748201607312999
3192,7,1,0.32730586089882424,0.0011286408996511181
2146,8,1,0.41283684014858296,0.0014235753108571827
9999,6,0,0.0848267172277537,0.00029250592147501275
6086,4,1,0.42223241934529204,0.0014559738598113518
3877,5,1,0.3897451952442943,0.0013439489491182562
2029,5,1,0.31184587282108933,0.0010753305959347909
7228,1,1,0.3176429584694601,0.0010953205464464143
345,1,1,0.3415271384796874,0.0011776797878609911
571,4,1,0.3903021793006577,0.0013458695837953714
5020,5,1,0.3423857037988073,0.0011806403579269218
4703,3,1,0.4184103755602878,0.001442794398483751
4799,9,1,0.36515298638055554,0.0012591482288984673
3459,9,1,0.41937530251501165,0.001446121732810385
3679,1,1,0.3252550937904449,0.0011215692889325686
761,8,1,0.39230503906936937,0.001352775996790929
7089,9,1,0.4022511953390888,0.0013870730873761683
6302,9,1,0.4088965975251822,0.0014099882673282145
1853,9,1,0.41179168210603306,0.0014199713176070105
1331,5,1,0.4100752353593597,0.00141405253572193
7086,0,1,0.34558565652033413,0.0011916746776563245
8618,8,1,0.4003634512831155,0.0013805636251141913
2413,5,1,0.4187739458460703,0.0014440480891243803
1693,5,1,0.3847401469164349,0.0013266901617808098
1226,7,1,0.30345847199618686,0.0010464085241247822
9592,4,1,0.4030873778062203,0.0013899564751938631
8019,2,1,0.41703509780486053,0.0014380520613960707
5305,0,1,0.41732041148383553,0.0014390359016683983
3033,6,0,0.29249878663796847,0.0010086165056481672
373,8,1,0.41845058406268437,0.001442933048492015
3739,3,1,0.20863141972151106,0.0007194186886948657
1093,8,1,0.36555318860008124,0.0012605282365520042
3489,2,1,0.4158921193441498,0.0014341107563591374
2217,0,1,0.418088386304668,0.0014416840907057517
1455,9,1,0.29304038672136434,0.0010104840921426356
4656,2,1,0.3922932438835194,0.0013527353237362738
6995,4,1,0.38588910979280683,0.0013306521027338166
2375,4,1,0.42305290014200353,0.0014588031039379432
3624,0,1,0.4239657851944719,0.0014619509834292136
7653,4,1,0.389002719422491,0.001341388687663762
6820,2,1,0.4152383176842247,0.001431856267876637
4680,6,0,0.057166529957532686,0.00019712596537080237
7692,3,1,0.31770409886003637,0.0010955313753794357
6480,2,1,0.4108811950622253,0.0014168317071111217
8569,2,1,0.40908480698025074,0.0014106372654491405
7123,1,1,0.2822564790417079,0.0009732982035920962
3874,9,1,0.26509858805110226,0.0009141330622451802
991,3,1,0.41946238903734023,0.0014464220311632423
3941,4,1,0.33839555785178616,0.0011668812339716765
5156,1,1,0.2789045910893734,0.0009617399692737013
8447,5,1,0.4230536680725405,0.0014588057519742776
9972,4,1,0.3956205787750616,0.0013642088923277987
337,7,1,0.364569892462524,0.0012571375602156
7554,3,1,0.4100895913020556,0.0014141020389726055
3338,9,1,0.3947304702976814,0.0013611395527506254
677,3,1,0.42148014660297684,0.001453379815872334
5804,3,1,0.4171966197307684,0.0014386090335543737
89,1,1,0.26812716306337986,0.0009245764243564822
735,1,1,0.3004110023543088,0.0010359000081183061
6816,8,1,0.40765130788392845,0.0014056941651169946
2461,0,1,0.3122969389453042,0.001076885996363118
4395,6,0,0.24224718968432501,0.0008353351368425001
3485,9,1,0.39369745837185516,0.0013575774426615695
6983,4,1,0.38786219369592223,0.0013374558403307663
775,2,1,0.406769948725266,0.0014026549956043656
5918,0,1,0.4213346678003349,0.001452878164828741
3830,0,1,0.4148287827992454,0.0014304440786180876
7210,6,0,0.07984134717163094,0.00027531499024700324
3151,2,1,0.32900338865668677,0.0011344944436437474
5335,4,1,0.38401284991609413,0.0013241822410899797
6524,9,1,0.4129278829692127,0.0014238892516179747
5476,4,1,0.4170177405160857,0.0014379922086761576
6285,3,1,0.4204963165882094,0.0014499872985800325
5661,1,1,0.3057099777854413,0.0010541723371911768
5674,3,1,0.422277823384834,0.0014561304254649449
2640,8,1,0.3502894557798316,0.0012078946751028676
1048,9,1,0.38789968115366447,0.0013375851074264292
9826,0,1,0.2860375884854168,0.0009863365120186787
1956,4,1,0.39771744057263053,0.0013714394502504501
906,9,1,0.4167685332986399,0.0014371328734435857
1560,8,1,0.3726919595310128,0.0012851446880379751
1522,7,1,0.3306840524270277,0.001140289835955268
7135,2,1,0.37533504030680975,0.0012942587596786544
3948,6,0,0.3147458488920095,0.0010853305134207224
7906,6,0,0.15695302999271932,0.0005412173448024804
3088,6,0,0.1106143785669993,0.00038142889161034237
7266,2,1,0.4223423070336131,0.001456352782874528
3206,8,1,0.4036431105256543,0.0013918727949160494
5550,1,1,0.32168476985860184,0.001109257827098627
1373,6,0,-0.08037199538611411,-0.00027714481167625556
5487,2,1,0.41671574571301556,0.0014369508472862605
5595,2,1,0.4068324389737391,0.00140287047921979
16,9,1,0.39121175521310503,0.001349006052458983
7957,4,1,0.40609036017533906,0.001400311586811514
1887,7,1,0.39748240033380544,0.0013706289666682947
7384,9,1,0.395408247762675,0.0013634767164230172
6212,8,1,0.41686283601267476,0.0014374580552161198
1050,2,1,0.342705940269205,0.0011817446216179483
8143,6,0,0.33997830208249613,0.0011723389726982624
8516,6,0,0.26305213168762515,0.0009070763161642246
2508,6,0,0.020385397109277503,7.029447279061208e-05
4792,8,1,0.3859421841847935,0.0013308351178785982
5603,0,1,0.4071763203826226,0.0014040562771814571
517,6,0,0.03722477945297381,0.00012836130845853038
5254,1,1,0.2800004710938086,0.0009655188658407193
1062,3,1,0.29166469609862455,0.0010057403313745675
2786,1,1,0.22506206431152373,0.0007760760838328404
9321,8,1,0.39288406316935415,0.0013547726316184626
9225,2,1,0.4226318477380254,0.0014573511990966393
5770,6,0,0.07799951267354477,0.0002689638368053268
4634,8,1,0.393796952098417,0.0013579205244773
2183,4,1,0.3987586949269145,0.0013750299825066017
779,5,1,0.30620513630959106,0.0010558797803779001
6111,2,1,0.42471539383359636,0.0014645358408055047
749,1,1,0.24693081562200345,0.0008514855711103567
1516,4,1,0.3449123191603217,0.0011893528246907645
3288,4,1,0.371728908699349,0.0012818238231012034
1206,7,1,0.4140691588792885,0.00142782468579065
5798,7,1,0.35237498749413965,0.0012150861637728954
2015,1,1,0.3367760817780827,0.0011612968337175267
1944,0,1,0.41533744567627384,0.0014321980885388752
5624,5,1,0.4123972911705887,0.001422059624726168
9643,1,1,0.3370126975929591,0.0011621127503205486
8632,5,1,0.3973926270507847,0.0013703194036233956
3219,0,1,0.15367924276677897,0.0005299284233337205
6812,4,1,0.4003216377359779,0.0013804194404688894
8233,1,1,0.3440342801468817,0.0011863251039547645
6452,7,1,0.4164865398420445,0.0014361604822139464
7393,5,1,0.4140922309716399,0.0014279042447297927
2959,2,1,0.40594496259378954,0.0013998102158406535
5707,9,1,0.3727183935849566,0.0012852358399481263
3599,2,1,0.24265360258070068,0.0008367365606231058
9588,5,1,0.39893951140938827,0.0013756534876185802
1372,2,1,0.37029601009589724,0.0012768827934341285
9634,0,1,0.4093518267249678,0.001411558023189544
8197,6,0,0.358659490953793,0.001236756865357907
8279,8,1,0.3261049511206851,0.0011244998314506383
732,6,0,0.14534432959110494,0.0005011873434176032
6739,3,1,0.4170003350232422,0.0014379321897353178
6746,5,1,0.3703037480904993,0.0012769094761741356
6545,1,1,0.30481373269893,0.001051081836892862
762,4,1,0.40549899814484375,0.0013982724073960129
8615,2,1,0.41935622072449913,0.0014460559335327556
2103,5,1,0.3912374314619406,0.001349094591248071
6883,1,1,0.2724990529551265,0.0009396519067418155
284,9,1,0.3801110243680847,0.0013107276702347748
1367,3,1,0.4208864426310449,0.0014513325607967067
2364,3,1,0.3889152333851968,0.0013410870116730923
7265,8,1,0.4214517302708662,0.0014532818285202282
1381,2,1,0.4240449845950911,0.001462224084810659
8783,5,1,0.40182419090517146,0.0013856006582936948
8049,5,1,0.40893276208079493,0.0014101129726923963
1491,6,0,0.03173078823067638,0.00010941651114026337
7247,1,1,0.3410893092763749,0.0011761700319874995
4916,4,1,0.3974413991246995,0.001370487583188619
4031,5,1,0.27176703852602396,0.0009371277190552551
3641,1,1,0.29111210684105493,0.0010038348511760514
2780,2,1,0.42226348899944766,0.0014560809965498194
673,9,1,0.4150091303132795,0.0014310659665975156
90,3,1,0.4111506661556241,0.0014177609177780143
3202,7,1,0.3761186606428615,0.0012969608987684878
1352,2,1,0.4248708811623251,0.0014650720040080174
7845,8,1,0.42447840649243773,0.0014637186430773714
9297,0,1,0.4202987321627421,0.0014493059729749729
1181,6,0,0.10483032130878539,0.0003614838665820186
45,5,1,0.2926021034244133,0.0010089727704290113
7978,7,1,0.4237668364467796,0.0014612649532647572
4367,2,1,0.40676694549937237,0.001402644639653008
2690,3,1,0.3808848699325156,0.001313396103215571
3408,5,1,0.4046711765645679,0.001395417850222648
4827,4,1,0.3977327347750305,0.0013714921888794156
5792,4,1,0.38444531160179835,0.0013256734882820633
2018,1,1,0.3316249263745916,0.0011435342288779022
2013,1,1,0.2693801758112779,0.0009288971579699237
1672,5,1,0.41478373077848296,0.001430288726822355
5007,6,0,0.07674855766955868,0.0002646501988605472
5698,4,1,0.3445896883850897,0.0011882403047761714
9848,1,1,0.35085587885527936,0.001209847858121653
2109,3,1,0.3732654750945858,0.0012871223279123647
7998,7,1,0.4176654459853053,0.0014402256758113976
6291,5,1,0.41348273475745906,0.0014258025336464106
5528,5,1,0.34913204435905604,0.0012039036012381243
9394,8,1,0.37561221096480385,0.001295214520568289
5888,4,1,0.41658022789006116,0.0014364835444484868
451,3,1,0.42012632593769433,0.00144871146875067
8181,9,1,0.4001151962537708,0.0013797075732888647
1431,2,1,0.40350786197637334,0.001391406420608184
8045,1,1,0.34622350430194887,0.001193874152765341
2261,1,1,0.3263789000901576,0.0011254444830695088
2985,3,1,0.3183472684042611,0.0010977492013940038
1461,4,1,0.4084840241092668,0.0014085656003767822
3606,1,1,0.24572026229157973,0.0008473112492813094
8756,8,1,0.40561866691179355,0.0013986850583165295
7488,4,1,0.3371765625141811,0.0011626778017730384
805,8,1,0.4122178946706993,0.0014214410161058598
9071,1,1,0.3732331245587902,0.001287010774340656
1737,5,1,0.3925368808392076,0.0013535754511696816
3481,0,1,0.3784014888355601,0.001304832720122621
232,8,1,0.351178193943854,0.0012109592894615656
686,3,1,0.3927597644587458,0.0013543440153749855
1204,3,1,0.38886769128429155,0.0013409230733941089
1256,2,1,0.4096888297705545,0.0014127201026570843
2426,9,1,0.2777785029453018,0.0009578569067079373
7226,1,1,0.3484194518160304,0.0012014463855725187
7468,1,1,0.38463893376020547,0.0013263411508972602
8522,8,1,0.4092413223224033,0.0014111769735255285
2481,2,1,0.40773695550454303,0.0014059895017398036
6339,7,1,0.3574678274197539,0.0012326476807577721
4109,3,1,0.37814314389847475,0.001303941875511982
4518,8,1,0.4183262686351804,0.0014425043746040705
4994,7,1,0.41134054466019127,0.0014184156712420389
7773,2,1,0.42455634369760453,0.0014639873920607052
1454,0,1,0.34729242802579374,0.001197560096640668
5993,0,1,0.42288601620286975,0.0014582276420788613
2210,6,0,-0.06499777149224029,-0.0002241302465249665
3710,0,1,0.40972109230053255,0.0014128313527604572
1596,9,1,0.34285872090329844,0.0011822714513906843
2211,8,1,0.41155480076826667,0.001419154485407816
8241,8,1,0.38690911102220965,0.001334169348352447
2514,4,1,0.3366567553314938,0.0011608853632120476
3746,3,1,0.3719971584638633,0.0012827488222891838
4622,6,0,0.2570206317338785,0.0008862780404616501
3792,4,1,0.3820786543845981,0.0013175126013262003
5490,1,1,0.3466580723056674,0.001195372663122991
8059,2,1,0.4063610648524324,0.0014012450512152841
6112,9,1,0.4216926439608371,0.001454112565382197
9121,1,1,0.24586731406811674,0.0008478183243728163
7430,5,1,0.34695137406031107,0.0011963840484838313
1537,6,0,0.027193376532424818,9.377026390491316e-05
8665,5,1,0.3963688063174039,0.0013667889873013928
7212,2,1,0.3940851671619905,0.0013589143695241052
5154,7,1,0.365763028383384,0.001261251822011669
5051,0,1,0.4184397923354753,0.00144289583563957
4495,0,1,0.3792697543776199,0.001307826739233172
7616,9,1,0.37581357107236835,0.0012959088657667874
1899,8,1,0.38552215159657033,0.0013293867296433459
9147,7,1,0.42232373582043187,0.0014562887442083857
8932,8,1,0.4159150949392643,0.0014341899825491874
3501,9,1,0.38465797952013514,0.0013264068259315005
9437,6,0,-0.04812249570212096,-0.00016593964035214125
9107,8,1,0.4212484466086091,0.001452580850374514
1344,6,0,0.0426262758079084,0.0001469871579583048
560,9,1,0.30758574249724757,0.0010606404913698192
3278,4,1,0.4013147637948527,0.001383844013085699
7698,5,1,0.40471742397165444,0.0013955773240401878
6083,1,1,0.2752180462654896,0.0009490277457430676
4442,2,1,0.4088443671827898,0.0014098081626992753
9833,6,0,0.056008019825899424,0.00019313110284792904
9408,9,1,0.4159147848497933,0.0014341889132751492
4013,1,1,0.4037869495587386,0.0013923687915818573
8543,1,1,0.3811221320566952,0.0013142142484713628
5096,4,1,0.36979784957902523,0.0012751649985483628
5317,7,1,0.4114359384806631,0.0014187446154505625
3617,6,0,0.05691195298672347,0.0001962481137473223
7419,7,1,0.3307743311248809,0.0011406011418099342
7580,9,1,0.3871452940734053,0.001334983772666915
9060,0,1,0.42514738856048273,0.001466025477794768
8267,9,1,0.40801586861177297,0.0014069512710750793
8723,9,1,0.3786857458462165,0.0013058129167110913
7131,3,1,0.41157457023322197,0.0014192226559766275
4782,3,1,0.38342839109398624,0.0013221668658413318
4899,2,1,0.3685493751102096,0.0012708599141731365
3440,8,1,0.40248177517423256,0.0013878681902559744
3551,4,1,0.38408268464226997,0.001324423050490586
6492,8,1,0.3947452372048899,0.00136119047312031
6246,2,1,0.4228054239203733,0.0014579497376564596
9850,0,1,0.3918631758287386,0.0013512523304439262
9708,4,1,0.37151648151383004,0.0012810913155649312
4729,1,1,0.3182296407395189,0.0010973435887569618
6096,3,1,0.42086463839652855,0.0014512573737811328
4470,0,1,0.40517381590376,0.0013971510893233104
315,9,1,0.41446744614352427,0.0014291980901500836
3760,9,1,0.3751829182329489,0.0012937342008032722
1355,7,1,0.25386168940508824,0.0008753851358796146
1316,1,1,0.2965687618422822,0.0010226509029044213
1486,9,1,0.3530742583223484,0.0012174974424908566
5170,5,1,0.38064790855895414,0.0013125789950308763
7784,1,1,0.38029964047925774,0.00131137807061813
8538,1,1,0.3895486954828623,0.001343271363734008
5591,6,0,-0.033568967320796006,-0.00011575505972688277
2101,2,1,0.41950245324479285,0.0014465601836027339
5439,4,1,0.4018139614982232,0.0013855653844766316
977,1,1,0.292777403751059,0.0010095772543139965
4901,9,1,0.33194748959660314,0.0011446465158503557
8159,1,1,0.3548551395370335,0.0012236384121966672
9552,0,1,0.342895856246587,0.001182399504298576
9534,7,1,0.398294426555515,0.0013734290570879828
9024,7,1,0.40523392216462156,0.0013973583522917984
3034,9,1,0.3987625640281506,0.001375043324235002
1283,7,1,0.3097886348408781,0.001068236671865097
5808,7,1,0.3781447787642662,0.0013039475129802284
9744,8,1,0.35250990031962315,0.0012155513804124937
7850,5,1,0.416806179799492,0.0014372626889637655
2653,5,1,0.4222822480456022,0.0014561456829158697
73,9,1,0.41007989714854276,0.001414068610857044
9650,7,1,0.41502451663024936,0.0014311190228629288
6947,0,1,0.42309513045288777,0.001458948725699613
9056,3,1,0.41921386593574883,0.001445565054950858
4339,2,1,0.39363346125286336,0.001357356762940908
9187,8,1,0.40859420985549755,0.0014089455512258536
4265,4,1,0.25610228971207677,0.0008831113438347475
7414,5,1,0.3725656655421011,0.0012847091915244866
9213,8,1,0.4085838506687498,0.0014089098298922407
1696,2,1,0.382842180280741,0.0013201454492439346
8182,9,1,0.41926641228276235,0.0014457462492509046
3058,6,0,0.06031721531930506,0.00020799039765277607
2117,4,1,0.3682116669270532,0.0012696954031967353
5129,8,1,0.4164915566219941,0.0014361777814551522
3732,8,1,0.3408323487384738,0.001175283961167151
7787,6,0,0.02909172592460868,0.00010031629629175406
6336,8,1,0.36528230816424617,0.0012595941660836075
9889,3,1,0.35855966784468235,0.001236412647740284
6226,3,1,0.42036347835563276,0.0014495292357090785
5162,7,1,0.30762318823426593,0.001060769614600917
714,8,1,0.407815211680394,0.001406259350622048
8970,3,1,0.4191809438191882,0.0014454515304109937
723,0,1,0.35054733039457975,0.001208783897912344
1681,3,1,0.4105299996857018,0.0014156206885713855
38,2,1,0.36686838168662605,0.0012650633851262968
2317,7,1,0.35983391196405035,0.001240806592979484
1617,3,1,0.40179759209230564,0.0013855089382493297
310,3,1,0.3872017731489515,0.0013351785280998328
2419,8,1,0.3244967405209054,0.0011189542776582945
2715,4,1,0.38722472985630674,0.0013352576891596784
738,2,1,0.42062854542807376,0.0014504432600968061
1583,8,1,0.3026530946076076,0.0010436313607158883
1858,6,0,-0.07872444544614138,-0.0002714636049866944
5946,4,1,0.4065740003127709,0.001401979311423348
6989,2,1,0.4081939287577921,0.0014075652715785933
8281,6,0,0.09177785614487177,0.0003164753660167992
1198,8,1,0.39764894609198936,0.0013712032623861702
3741,1,1,0.3561093298626098,0.0012279632064227924
4314,9,1,0.30860073696519313,0.0010641404722937695
6193,2,1,0.4182235218631578,0.0014421500753901994
5901,6,0,0.005818917693676484,2.0065233426470636e-05
2847,4,1,0.4084201792333374,0.001408345445632198
9890,9,1,0.3278029437090675,0.0011303549783071292
1038,1,1,0.2932304248195319,0.0010111393959294202
1519,3,1,0.39836310529793334,0.0013736658803377012
2730,7,1,0.38916288557251993,0.0013419409847328274
8039,4,1,0.415000418242923,0.0014310359249755965
3112,8,1,0.36983588639675635,0.001275296159988815
2049,9,1,0.29930796851350555,0.0010320964431500192
279,1,1,0.30857285988949473,0.0010640443444465335
4697,7,1,0.406200848143924,0.0014006925798066344
2166,1,1,0.3771311038306878,0.0013004520821747855
2118,6,0,0.41692969602856633,0.0014376886069950563
255,7,1,0.37630047232792896,0.0012975878356135482
7113,6,0,-0.07906935802982046,-0.00027265295872351883
782,3,1,0.4192931801498892,0.0014458385522409971
3505,7,1,0.3042086493013572,0.0010489953424184732
7841,3,1,0.4249263122771155,0.0014652631457831569
4761,9,1,0.37893330061584174,0.0013066665538477302
2009,9,1,0.4110371652537903,0.0014173695353578977
9327,7,1,0.36586084217118103,0.001261589110935107
5185,3,1,0.41112619479574297,0.0014176765337784241
1894,9,1,0.36106422126132637,0.00124504903883216
2982,1,1,0.31234252734877144,0.0010770431977543842
5293,3,1,0.42213144215562864,0.001455625662605616
9326,8,1,0.36520488022521724,0.0012593271731904043
4487,7,1,0.4169902170154803,0.0014378973000533802
3341,4,1,0.40222455782441374,0.0013869812338772889
3888,9,1,0.37117852496538967,0.001279925948156516
9810,1,1,0.3488559206770237,0.0012029514506104266
9678,6,0,0.06977893481919178,0.0002406170166179027
6063,1,1,0.3068844027699522,0.0010582220785170767
7992,2,1,0.41729008156066044,0.0014389313157264153
4700,9,1,0.40613859079616677,0.0014004778992971268
4119,7,1,0.3864259163872625,0.0013325031599560775
9630,8,1,0.40333090656751264,0.001390796229543147
5529,0,1,0.39644153291047046,0.0013670397686567947
2057,6,0,0.33356242459134944,0.0011502152572115498
6532,0,1,0.42228330702112005,0.0014561493345555865
5855,8,1,0.3834571687566229,0.0013222660991607687
3584,0,1,0.4241876881273074,0.0014627161659562325
801,3,1,0.41406814376358736,0.0014278211853916806
5026,9,1,0.41254414151324575,0.0014225660052180889
9613,2,1,0.412779910380055,0.0014233790013105346
4757,0,1,0.42031057262507737,0.0014493468021554393
8787,8,1,0.41066789940363474,0.0014160962048401198
9432,9,1,0.3970733746424996,0.0013692185332499986
6605,6,0,-0.020085833308696066,-6.926149416791747e-05
5398,0,1,0.358331360847412,0.0012356253822324553
3049,3,1,0.3782925991982282,0.00130445723861458
8915,2,1,0.42116532557025915,0.0014522942261043419
2566,3,1,0.4016968651192712,0.0013851616038595559
5927,4,1,0.4130219974740864,0.0014242137843934015
7106,9,1,0.3836743680409722,0.001323015062210249
9623,2,1,0.41169926976303395,0.0014196526543552896
2997,1,1,0.32020417894293995,0.0011041523411825516
2572,2,1,0.41106210182847697,0.0014174555235464722
6223,7,1,0.40940683851031756,0.001411747719001095
4952,6,0,0.06110319577069073,0.00021070067507134735
1361,7,1,0.31971344164259397,0.0011024601435951516
3165,9,1,0.4087438393415368,0.0014094615149708165
8360,1,1,0.33549018893522325,0.0011568627204662871
8235,4,1,0.3930866162937717,0.0013554710906681783
9175,3,1,0.4217196088210036,0.0014542055476586332
1302,1,1,0.3530940362545465,0.0012175656422570569
9796,1,1,0.37189048548659814,0.0012823809844365454
6580,0,1,0.4223635153540603,0.001456425915014001
1943,6,0,-0.09105762571483295,-0.0003139918128097688
5472,3,1,0.4200861920669192,0.0014485730760928248
1533,0,1,0.37365313024945834,0.0012884590698257184
612,2,1,0.3905334435879245,0.001346667046854912
3080,3,1,0.4054790550134402,0.0013982036379773801
4621,3,1,0.42076905981381,0.0014509277924614138
3496,0,1,0.3490575100537205,0.0012036465863921395
2380,9,1,0.3896023921318182,0.0013434565245924765
4702,6,0,0.1921874077513961,0.0006627151991427452
1513,3,1,0.38315061922164,0.0013212090317987586
5907,2,1,0.4059336798602497,0.00139977130986293
8036,2,1,0.41526970288634235,0.0014319644927115254
1311,9,1,0.3592963026488653,0.0012389527677547079
6417,4,1,0.3513967048721971,0.0012117127754213692
6502,1,1,0.35377438715415327,0.0012199116798419078
4004,3,1,0.3922721803698252,0.0013526626909304317
2409,1,1,0.35860579487560984,0.0012365717064676202
5444,4,1,0.3962887980690485,0.0013665130967898224
5580,9,1,0.40717079534574935,0.0014040372253301702
8016,0,1,0.4152156793516921,0.0014317782046610074
5499,1,1,0.3667030621856531,0.0012644933178815622
5393,4,1,0.39787388680229024,0.0013719789200078974
3010,3,1,0.37574447480870643,0.0012956706027886429
6274,2,1,0.4182498867681386,0.0014422409888556504
4041,8,1,0.4236992931200657,0.001461032045241606
6065,3,1,0.42204010865284813,0.0014553107194925797
841,7,1,0.3969094201249236,0.001368653172844564
983,8,1,0.3739422980103323,0.0012894562000356287
317,5,1,0.3925882855263338,0.001353752708711496
7629,4,1,0.39178917042035377,0.0013509971393805302
1945,1,1,0.25541659743839074,0.0008807468877185887
4168,1,1,0.24098332599260083,0.0008309769861813822
8535,0,1,0.425076818175838,0.0014657821316408205
4096,8,1,0.3371107716188696,0.0011624509366167917
1909,1,1,0.357961223638034,0.0012343490470277034
3574,0,1,0.3481594810926302,0.001200549934802173
9858,6,0,0.23759126838594713,0.0008192802358136107
1761,5,1,0.36625994076730495,0.0012629653129907067
8203,7,1,0.40788647141494644,0.0014065050738446428
6748,1,1,0.33030132697838976,0.0011389700930289303
3718,4,1,0.2892002859469766,0.000997242365334402
6166,9,1,0.4201080143298411,0.0014486483252753141
3859,9,1,0.3924081666257885,0.001353131609054443
3653,4,1,0.27849336713398565,0.0009603219556344332
8404,9,1,0.42224897868964456,0.0014560309609987743
877,8,1,0.4080612779755188,0.0014071078550879957
6142,5,1,0.3959211660741297,0.0013652454002556196
3241,9,1,0.39712822453153157,0.0013694076707983847
420,4,1,0.26744841077674364,0.0009222358992301505
5892,3,1,0.3880864791637825,0.001338229238495802
8129,2,1,0.41409814907003284,0.0014279246519656305
5012,6,0,0.1570390676657588,0.000541514026433651
1664,8,1,0.3577663872111892,0.0012336771972799628
2061,0,1,0.32987892403396135,0.001137513531151591
3262,7,1,0.33821441940955754,0.0011662566186536466
7723,0,1,0.4218949289098013,0.00145481009968897
6777,6,0,0.2481581743854833,0.0008557178427085631
8283,0,1,0.41265182528755184,0.001422937328577765
3698,0,1,0.2802478257963065,0.0009663718130907122
3115,5,1,0.3328443289507787,0.0011477390653475128
830,2,1,0.32524726533313675,0.0011215422942521956
9670,3,1,0.4097168139005613,0.001412816599657108
8847,5,1,0.3304624665078292,0.0011395257465787213
4784,7,1,0.4079444412099566,0.0014067049696895055
4922,8,1,0.3708633353987416,0.0012788390875818677
441,0,1,0.305523687486926,0.0010535299568514688
3144,6,0,0.26794000995249745,0.0009239310688017153
9199,0,1,0.42225076889187135,0.0014560371341099012
3471,1,1,0.30791479047518105,0.0010617751395695899
2581,5,1,0.39653784392180025,0.0013673718755924146
1374,2,1,0.39592640815067776,0.0013652634763816475
4659,9,1,0.4138150591959381,0.0014269484799859934
3106,2,1,0.37360496157777096,0.001288292970957831
7434,4,1,0.2888992549191878,0.000996204327307544
3724,0,1,0.38366900295404194,0.0013229965619104894
9656,3,1,0.39648166985809363,0.0013671781719244607
5261,7,1,0.3352923446250118,0.0011561804987069372
2205,4,1,0.3485715408590398,0.0012019708305484132
8381,2,1,0.39731319583265734,0.0013700455028712321
5864,8,1,0.41581631127938684,0.001433849349239265
5524,1,1,0.32882714344177255,0.0011338867015233537
183,0,1,0.4223395626938313,0.001456343319633901
1975,7,1,0.38387434238459095,0.0013237046289123827
9355,6,0,0.0723582194383024,0.00024951110151138757
4615,2,1,0.4067322833997253,0.0014025251151714665
8088,1,1,0.32966559251730504,0.0011367779052320864
3104,3,1,0.3778996943988565,0.0013031023944788155
4189,2,1,0.37834642282312914,0.001304642837321135
3508,2,1,0.4133533990760305,0.0014253565485380362
6599,7,1,0.33779597932226263,0.0011648137218009057
9115,3,1,0.4248567953348438,0.0014650234321891165
8878,5,1,0.3766962743810103,0.0012989526702793458
3267,2,1,0.4146563867658029,0.0014298496095372514
5802,5,1,0.4015425686926161,0.0013846295472159176
8879,4,1,0.39670101660058416,0.0013679345400020144
8165,2,1,0.2846136656624904,0.0009814264333189325
5926,4,1,0.38849451388758505,0.0013396362547847761
7662,4,1,0.3743878542304327,0.0012909926007945954
3692,7,1,0.4101365586678557,0.001414263995406399
6414,5,1,0.42020680624450196,0.0014489889870500068
8250,9,1,0.39921815083138695,0.0013766143132116792
7940,7,1,0.41196762574396995,0.001420578019806793
8083,6,0,-0.003644389615403698,-1.2566860742771373e-05
3342,6,0,0.17521965356888103,0.0006042057019616587
8790,4,1,0.41150484545422095,0.0014189822257042102
4607,6,0,0.007325744948295798,2.526118947688206e-05
4727,3,1,0.39230355094354363,0.0013527708653225644
1955,8,1,0.3808477089996979,0.0013132679620679237
9521,2,1,0.4191625214703723,0.0014453880050702493
513,2,1,0.40829399024330437,0.0014079103111838082
7819,5,1,0.4031922787170716,0.0013903182024726606
2510,1,1,0.3030722577434391,0.0010450767508394451
8269,4,1,0.36787560950136455,0.001268536584487464
7353,1,1,0.31021595699063864,0.0010697101965194435
9203,4,1,0.38971093228218245,0.001343830800973043
6586,7,1,0.34557171492956623,0.0011916266032054009
5340,2,1,0.4238180515935832,0.0014614415572192525
5459,0,1,0.4226632830665322,0.0014574595967811457
5184,8,1,0.36299318995815744,0.001251700655028129
4149,2,1,0.42209830794718145,0.0014555114067144187
8513,0,1,0.4136312120586638,0.00142631452434022
5206,5,1,0.3878346546019959,0.001337360877937917
2174,3,1,0.3323693696768502,0.0011461012747477593
9512,4,1,0.41928123655096877,0.0014457973674171338
2201,4,1,0.42063277883938627,0.0014504578580668492
2370,0,1,0.3954456666315745,0.0013636057470054292
3541,4,1,0.3602610670639636,0.0012422795415998745
9283,3,1,0.3530005647177654,0.0012172433266129843
7339,8,1,0.39163908463414204,0.0013504796021866967
3865,4,1,0.407709327615845,0.0014058942331580861
41,7,1,0.3144073717638059,0.0010841633509096754
545,0,1,0.39600397746783383,0.001365530956785634
1895,2,1,0.4238652537410188,0.0014616043232448925
2564,7,1,0.3351644549109065,0.001155739499692781
362,2,1,0.41282641415683274,0.0014235393591614921
211,5,1,0.3597217887953543,0.0012404199613632908
7875,3,1,0.4130771719189667,0.0014244040410998852
3994,5,1,0.39037211007263145,0.0013461107243883843
4010,1,1,0.29042979210628816,0.0010014820417458214
8995,1,1,0.3772551616093066,0.0013008798676182986
1889,3,1,0.40898385457715125,0.0014102891537143146
1954,5,1,0.40898177909277217,0.0014102819968716282
6871,7,1,0.3580637875435383,0.0012347027156673735
3041,9,1,0.38490512722431447,0.0013272590593941878
8256,6,0,0.27542303742756125,0.0009497346118191767
9040,6,0,0.07267167438525601,0.00025059198063881385
4474,7,1,0.4099163682748393,0.001413504718189101
2545,5,1,0.41759086843268617,0.0014399685118368487
6778,9,1,0.3996410200092513,0.0013780724827905217
8780,3,1,0.41987618178247915,0.001447848902698204
2354,2,1,0.416667038819459,0.0014367828924808932
1930,2,1,0.3969800382929652,0.0013688966837688455
6937,0,1,0.40982959494479215,0.0014132054998096282
3467,9,1,0.38191354953850815,0.0013169432742707178
2475,2,1,0.41420664290011966,0.0014282987686211022
8061,4,1,0.402765281494104,0.001388845798255531
3925,1,1,0.38888801392361816,0.0013409931514607523
2136,1,1,0.3861564441630275,0.0013315739453897502
8027,8,1,0.4212076142725383,0.0014524400492156493
4389,8,1,0.3621789900165723,0.001248893069022663
261,5,1,0.3548577746855698,0.001223647498915758
5112,1,1,0.36115357142081633,0.001245357142830401
7471,9,1,0.36652033699634395,0.0012638632310218757
3019,1,1,0.2838688157076745,0.0009788579851988776
2899,0,1,0.3868632187494172,0.0013340110991359214
3087,0,1,0.39285470664740685,0.0013546714022324375
5690,6,0,0.11759987914365139,0.00040551682463328063
7185,3,1,0.4186859897050484,0.0014437447920863738
7983,3,1,0.42369957284968446,0.0014610330098264982
5226,8,1,0.37958155614722827,0.001308901917749063
5818,0,1,0.32444798938179154,0.0011187861702820399
6002,6,0,0.24264478308879991,0.0008367061485820686
3648,1,1,0.31355823061185883,0.001081235277971927
5108,0,1,0.42351274573690817,0.0014603887784031316
3625,1,1,0.25588061203364965,0.0008823469380470678
5826,6,0,-0.01528225480531109,-5.269743036314169e-05
7465,0,1,0.3858043078457118,0.0013303596822265924
1086,9,1,0.3880381354332933,0.0013380625359768734
9082,2,1,0.4168600765577819,0.0014374485398544203
5467,6,0,-0.06036165492858536,-0.00020814363768477712
1308,9,1,0.41479567162464387,0.0014303299021539444
2935,8,1,0.40980698627499756,0.001413127538879302
4424,9,1,0.315246099556087,0.001087055515710645
1787,9,1,0.4079022332665417,0.0014065594250570403
9093,9,1,0.40652500794403473,0.0014018103722208094
6865,4,1,0.40805450241680447,0.0014070844910924292
973,6,0,0.1359612301735399,0.00046883182818462034
4447,0,1,0.3657346075494549,0.0012611538191360514
302,1,1,0.30409040948088306,0.0010485876188995968
3972,6,0,-0.06377100907256766,-0.0002199000312847161
3659,3,1,0.38318897987357037,0.0013213413099088633
359,9,1,0.4148463287438327,0.0014305045818752851
7312,3,1,0.41869839106554285,0.0014437875553984236
4764,1,1,0.2165056113060559,0.0007465710734691583
5373,9,1,0.41681543894028406,0.0014372946170354622
377,1,1,0.2899066320250224,0.0009996780414655946
5191,4,1,0.4122618887382899,0.0014215927197872066
1016,2,1,0.40346176426670355,0.0013912474629886329
6064,2,1,0.4245519860071928,0.0014639723655420441
9209,2,1,0.4161522422066384,0.001435007731747029
66,6,0,0.2301426239399296,0.0007935952549652745
5436,2,1,0.4225325427341812,0.0014570087680489008
5695,0,1,0.42481171151051716,0.0014648679707259212
3630,3,1,0.4176548862373508,0.0014401892628874166
9790,3,1,0.40395792462105207,0.0013929583607622485
9498,0,1,0.42439609915103965,0.0014634348246587575
3892,8,1,0.4030594332379234,0.001389860114613529
8214,5,1,0.3586335405635279,0.0012366673812535445
8775,4,1,0.41910709775575666,0.001445196888812954
8598,3,1,0.414236972858704,0.0014284033546851861
3716,9,1,0.4087149494775886,0.0014093618947503053
2362,8,1,0.39850016960415946,0.001374138515876412
1315,3,1,0.34911111291063196,0.0012038314238297654
6222,1,1,0.3144050758626871,0.0010841554340092659
6305,2,1,0.4177221613162517,0.0014404212459181093
4956,8,1,0.412993045879369,0.001424113951308169
1549,4,1,0.33958715805428513,0.0011709902001871902
1525,5,1,0.4207976143276544,0.0014510262563022566
9844,1,1,0.29217022473908594,0.001007483533583055
8942,8,1,0.40174788135880113,0.0013853375219269005
4942,5,1,0.3786404012494744,0.0013056565560326703
4889,2,1,0.4224493066980701,0.0014567217472347246
4592,9,1,0.42378237938504254,0.001461318549603595
6523,8,1,0.3715355873718812,0.0012811571978340731
1110,7,1,0.3397836955992212,0.0011716679158593835
5601,8,1,0.36871060655242305,0.0012714158846635277
8537,9,1,0.4146985354218721,0.0014299949497305936
8556,8,1,0.4160467981876124,0.0014346441316814222
5218,6,0,0.20602427310591145,0.0007104285279514188
3637,7,1,0.4165402119858795,0.0014363455585719982
3061,7,1,0.3370812908471262,0.0011623492787831938
2207,5,1,0.4064973041304284,0.0014017148418290634
3999,9,1,0.41186316777620274,0.0014202178199179405
2249,4,1,0.4028532875762468,0.0013891492675042992
9220,0,1,0.42443700155016395,0.0014635758674143584
3738,3,1,0.39095201898229137,0.0013481104102837634
8230,9,1,0.3914108719395385,0.0013496926618604777
7432,7,1,0.3912827236863059,0.0013492507713320893
8904,7,1,0.4198809925967545,0.0014478654917129464
8306,1,1,0.36572944211345265,0.0012611360072877678
822,7,1,0.412926462468431,0.0014238843533394172
9124,1,1,0.2962333846295204,0.001021494429756967
2955,3,1,0.4211897839020767,0.0014523785651795748
9703,2,1,0.39177829293058825,0.001350959630795132
5590,1,1,0.31519004078971763,0.001086862209619716
8920,9,1,0.4033353193400922,0.0013908114460003179
9993,0,1,0.4240507641479247,0.0014622440143031885
6885,2,1,0.3941731818862537,0.0013592178685732886
2253,2,1,0.41458503016815074,0.001429603552303968
3558,5,1,0.3965399991300174,0.0013673793073448876
3493,3,1,0.41926424832387255,0.0014457387873236984
8777,3,1,0.41523992275157656,0.0014318618025916433
1471,5,1,0.3707643151787133,0.001278497638547287
5035,0,1,0.4204565156337914,0.0014498500539096254
4741,0,1,0.41075436136004256,0.0014163943495173882
7180,7,1,0.37087344739872424,0.0012788739565473249
6567,0,1,0.39037348048491305,0.001346115449947976
567,0,1,0.3523125488363292,0.0012148708580563075
9513,5,1,0.36957785178273694,0.0012744063854577136
2534,3,1,0.4095994958092174,0.0014124120545145427
4034,0,1,0.4225971608971809,0.0014572315893006237
3567,8,1,0.2791218380205719,0.0009624890966226617
5519,0,1,0.2857654212819123,0.0009853980044203872
9298,5,1,0.40363041025445817,0.001391829000877442
146,8,1,0.4135144844425446,0.0014259120153191193
9934,8,1,0.38799297522028653,0.0013379068111044363
798,1,1,0.34589197883786055,0.001192730961509864
2305,3,1,0.3980256988570105,0.0013725024098517604
2446,2,1,0.41656142113406047,0.0014364186935657258
6593,3,1,0.26276217894986886,0.0009060764791374788
7103,3,1,0.3975503996539847,0.0013708634470827059
3684,4,1,0.4059589321052748,0.0013998583865699132
2310,9,1,0.358524460238257,0.0012362912422008863
5278,8,1,0.4143419671817065,0.00142876540407485
1815,4,1,0.396684750253838,0.0013678784491511654
6407,1,1,0.305963422457327,0.0010550462843356104
6028,5,1,0.41877304234396395,0.0014440449735998756
9194,5,1,0.37254317960285477,0.0012846316538029474
4561,7,1,0.2591985515221619,0.0008937881086971101
5482,7,1,0.41288586102454955,0.0014237443483605158
1590,0,1,0.363518837772909,0.0012535132336996863
2950,1,1,0.2928024449361597,0.001009663603228137
919,2,1,0.3247686605748387,0.0011198919330166852
6070,8,1,0.4001048049352209,0.001379671741155934
5821,5,1,0.38408839818127616,0.0013244427523492282
6411,9,1,0.35637108504027365,0.0012288658104837023
1061,0,1,0.4221993831109478,0.0014558599417618888
4329,0,1,0.41170790490079284,0.001419682430692389
5671,9,1,0.37896308424416664,0.0013067692560143676
964,1,1,0.26730054175828977,0.0009217260060630681
881,4,1,0.416099140043969,0.0014348246208412724
2429,2,1,0.3726179260826522,0.0012848894002850076
3944,3,1,0.41369470710392053,0.0014265334727721398
31,1,1,0.2861965311710507,0.0009868845902450023
2159,5,1,0.4099805779401559,0.0014137261308281239
849,3,1,0.4214127991542026,0.0014531475832903539
9525,4,1,0.4198197687699954,0.0014476543750689497
8650,1,1,0.32187690780908773,0.0011099203717554748
2192,5,1,0.41368291616748837,0.0014264928143706496
1458,6,0,0.29391356368265886,0.0010134950471815823
4137,8,1,0.37708319088871867,0.0013002868651335127
2188,0,1,0.4145031008632713,0.0014293210374595562
7608,1,1,0.35731385253442305,0.0012321167328773208
1836,1,1,0.3175913246510952,0.00109514249879688
1025,1,1,0.27608051627650027,0.0009520017802637941
8642,9,1,0.39993600145265157,0.0013790896601815572
7373,1,1,0.32219641788450576,0.0011110221306362268
2626,1,1,0.251273015034969,0.0008664586725343759
78,9,1,0.3588891099229387,0.0012375486549066853
9641,1,1,0.29646810102993054,0.001022303796654933
212,9,1,0.4161437638499203,0.001434978496034208
6327,8,1,0.4119838020149288,0.0014206338000514785
8654,7,1,0.349443790344996,0.0012049785873965379
3503,9,1,0.3772434762757591,0.0013008395733646865
2020,3,1,0.3688358416558854,0.0012718477298478807
757,4,1,0.3635677284951196,0.001253681822396964
1603,1,1,0.34102620226401326,0.0011759524216000457
7405,1,1,0.29611848054387585,0.0010210982087719856
5039,4,1,0.380125083772526,0.001310776150939745
794,0,1,0.3743140434088534,0.001290738080720184
8988,1,1,0.3461950162209079,0.0011937759180031308
1168,5,1,0.38838534965347027,0.0013392598263912768
5029,9,1,0.41486932209688837,0.0014305838692996152
1667,1,1,0.36757561511475,0.0012675021210853449
1124,8,1,0.258850449473153,0.0008925877568039758
7291,2,1,0.41102750804568583,0.001417336234640296
2290,7,1,0.3640922817058184,0.0012554906265717877
1544,7,1,0.32246065648204886,0.0011119332982139616
4174,9,1,0.400481319805918,0.001380970068296269
9980,2,1,0.4228003837464676,0.00145793235774644
5000,3,1,0.408337922297204,0.0014080618010248415
8333,6,0,0.16037734713239887,0.0005530253349393065
4052,5,1,0.2750880434946583,0.000948579460326408
8227,9,1,0.40762259141403095,0.0014055951428070034
112,3,1,0.3220814746808891,0.0011106257747616865
2866,6,0,0.08948240420600523,0.0003085600145034663
9536,3,1,0.4017433180459953,0.001385321786365501
8767,7,1,0.41712428442465255,0.001438359601464319
3752,4,1,0.4088175863012025,0.0014097158148317329
1296,6,0,0.12003073035000045,0.0004138990701724153
9459,0,1,0.4219395124642774,0.0014549638360837152
7424,1,1,0.3250338145650021,0.0011208062571206967
9544,9,1,0.39873818793842675,0.0013749592687531957
3382,6,0,-0.16433870913344156,-0.0005666852039084192
4742,7,1,0.29033273748625577,0.0010011473706422612
2325,7,1,0.3178978282823555,0.0010961994078701914
9701,9,1,0.37721104835052144,0.0013007277529328326
2915,7,1,0.4133588907967077,0.0014253754855058885
2821,0,1,0.34213004503044375,0.0011797587759670475
3232,4,1,0.3909987107346893,0.0013482714163265148
463,6,0,-0.020841884848465497,-7.186856844298448e-05
9217,3,1,0.4168830610021271,0.0014375277965590588
9308,3,1,0.3911680783723908,0.0013488554426634167
4018,3,1,0.38663868933276324,0.001333236859768149
8705,9,1,0.40819971621488416,0.0014075852283271868
842,7,1,0.24437365224535573,0.0008426677663632956
5947,5,1,0.4138128152035825,0.001426940742081319
8566,8,1,0.41288244353927717,0.001423732563928542
9705,1,1,0.3085653263718725,0.0010640183667995605
5857,8,1,0.4122011986977411,0.001421383443785314
8032,3,1,0.42246608427798593,0.0014567796009585722
5277,7,1,0.4014385355537507,0.0013842708122543128
187,5,1,0.40762108942198005,0.0014055899635240692
264,9,1,0.3717788267011497,0.0012819959541418955
8860,3,1,0.4183573540871857,0.0014426115658178818
5875,8,1,0.40018779744799343,0.00137995792223446
8798,0,1,0.42235457207965227,0.001456395076136732
753,3,1,0.39783973679961115,0.0013718611613779694
3557,6,0,0.011146428493279403,3.843596032165312e-05
8219,1,1,0.339156608201142,0.0011695055455211794
8231,1,1,0.3771058231971346,0.0013003649075763262
7856,1,1,0.388325802079328,0.0013390544899287173
1969,6,0,0.2827506646562058,0.0009750022919179511
8900,9,1,0.3902193714659925,0.0013455840395379052
8396,1,1,0.3164956071661895,0.001091364162642033
4874,9,1,0.3726716667913885,0.0012850747130737535
8946,3,1,0.40951374021745945,0.0014121163455774464
7483,2,1,0.3969531028783959,0.0013688038030289515
8765,0,1,0.41675546007198394,0.0014370877933516687
9481,5,1,0.4172619485843928,0.0014388343054634234
6171,7,1,0.40868751373556716,0.001409267288743335
6148,5,1,0.3986085940848633,0.0013745123933960805
9816,7,1,0.32634050349264454,0.0011253120810091192
6925,0,1,0.35234063302562313,0.0012149677000883555
4385,2,1,0.41514541982642245,0.0014315359304359395
4810,5,1,0.391918843599089,0.0013514442882727208
4500,9,1,0.3140596278296684,0.0010829642338954083
6178,8,1,0.41770909886434415,0.0014403762029804972
2681,3,1,0.34011986511965264,0.0011728271211022504
4567,4,1,0.3367387449516214,0.001161168086040074
2818,4,1,0.340625824053685,0.0011745718070816724
8107,4,1,0.39685270435045306,0.001368457601208459
3703,2,1,0.39519622176863495,0.0013627455923056378
7956,3,1,0.4210280053935405,0.001451820708253588
4935,0,1,0.37936455068777913,0.0013081536230613075
4863,8,1,0.3831995236269402,0.0013213776676791042
2408,3,1,0.42428228616135133,0.0014630423660736253
3620,3,1,0.41959451969667405,0.0014468776541264623
3324,8,1,0.3727173046636572,0.0012852320850470938
1252,5,1,0.4032819676060154,0.0013906274745035016
1828,3,1,0.40746594344356957,0.0014050549773916192
1878,8,1,0.3700161351031836,0.0012759177072523573
9295,1,1,0.32719349072887843,0.0011282534163064774
6815,7,1,0.3623153701076198,0.0012493633451986892
479,9,1,0.40681813954665996,0.0014028211708505516
501,9,1,0.42278880262130103,0.0014578924228320724
4530,7,1,0.3153956830130351,0.0010875713207346039
119,2,1,0.40705555779172736,0.0014036398544542323
1772,7,1,0.4046792606574794,0.0013954457264051014
242,8,1,0.40743353742682337,0.0014049432325062875
9925,3,1,0.38856518496155285,0.0013398799481432857
7822,1,1,0.36721182625859117,0.0012662476767537627
6967,9,1,0.3704671497082335,0.0012774729300283915
7243,9,1,0.3946239764812364,0.0013607723326939187
8704,2,1,0.4218403953694285,0.0014546220529980294
7073,1,1,0.32302317006016046,0.0011138730002074498
9087,7,1,0.4219482109485732,0.001454993830857149
3522,2,1,0.4109365719761113,0.0014170226619865905
4995,2,1,0.36385395930840153,0.0012546688252013847
2311,2,1,0.391080420198644,0.0013485531730987722
8069,2,1,0.40964287154036155,0.0014125616260012468
133,7,1,0.40426136811960417,0.0013940047176538074
3488,6,0,0.2979899305507355,0.0010275514846577087
102,5,1,0.4120945037106383,0.001421015530036684
3779,1,1,0.3242363572577126,0.00111805640433694
4975,9,1,0.4050985551590821,0.0013968915695140762
7851,6,0,0.34191824506019297,0.0011790284312420448
7095,9,1,0.40034581515723244,0.0013805028108870084
5121,7,1,0.39658324752374013,0.001367528439737035
6184,3,1,0.4149515470255893,0.0014308674035365147
1210,2,1,0.41268052983727205,0.0014230363097836967
5853,6,0,-0.04178979166045632,-0.0001441027298636425
1463,3,1,0.42417599156667884,0.0014626758329885478
9571,9,1,0.41289735157022683,0.0014237839709318166
992,9,1,0.40132245903892544,0.0013838705484100877
3951,8,1,0.28399500550623014,0.0009792931224352763
823,2,1,0.41062566467610856,0.0014159505678486503
1221,5,1,0.41320674793597156,0.001424850854951626
8969,2,1,0.40097876223805223,0.0013826853870277664
8341,6,0,0.13974379530538583,0.00048187515622546837
9436,0,1,0.4072976341582076,0.0014044746005455434
7840,2,1,0.42138311792069044,0.0014530452342092774
5294,4,1,0.41261410958711114,0.0014228072744383142
5768,6,0,0.12111703115969169,0.0004176449350334196
3958,2,1,0.3930475409820177,0.0013553363482138542
6912,2,1,0.28225688058804954,0.0009732995882346535
3456,3,1,0.4128720388610431,0.001423696685727735
7739,2,1,0.4246667753985056,0.0014643681910293297
476,1,1,0.30369605855406656,0.001047227788117471
2873,0,1,0.3516440266228206,0.001212565609044209
7618,1,1,0.33007151657399025,0.001138177643358587
9233,1,1,0.3980875221213013,0.0013727155935217286
1024,4,1,0.3822072974263656,0.0013179561980219503
1735,4,1,0.27654510755160516,0.0009536038191434661
2405,3,1,0.38757587297789436,0.0013364685275099805
2766,6,0,0.08890776520689964,0.000306578500713447
122,7,1,0.27792044458493037,0.0009583463606376909
2407,7,1,0.39360845671070305,0.0013572705403817346
106,2,1,0.41234258414088776,0.0014218709797961648
4225,7,1,0.3892283009659062,0.001342166555054849
2046,4,1,0.3673026982683414,0.001266561028511522
1821,9,1,0.39767677667818635,0.0013712992299247805
1191,0,1,0.37713952534072365,0.0013004811218645643
3466,8,1,0.33697134732450074,0.0011619701631879337
6041,2,1,0.4122965232366967,0.0014217121490920576
3117,5,1,0.37202590322945717,0.001282847942170542
5944,2,1,0.4170973027273285,0.001438266561128719
1666,9,1,0.36344514589694565,0.0012532591237825713
4924,1,1,0.29971155640378533,0.0010334881255302942
8436,9,1,0.4110149136026687,0.0014172928055264436
9237,8,1,0.40856447376511035,0.0014088430129831392
1017,6,0,0.3336028741455236,0.00115035473843284
9915,4,1,0.39769918734133913,0.0013713765080735833
9636,3,1,0.34936699595573817,0.0012047137791577178
5330,3,1,0.40248933393224223,0.0013878942549387663
4905,2,1,0.41335900741297876,0.0014253758876309613
1161,6,0,0.23312588212901877,0.0008038823521690303
320,9,1,0.35343283844915385,0.0012187339256867374
9053,6,0,-0.017297798588267688,-5.96475813388541e-05
6895,9,1,0.40729280198339246,0.0014044579378737672
4662,9,1,0.42070828688180917,0.001450718230626928
5481,6,0,0.06669237341633144,0.00022997370143562566
998,8,1,0.42126474762616367,0.0014526370607798747
2558,5,1,0.40344802430354676,0.0013912000838053338
158,3,1,0.39529665183907214,0.0013630919028933522
4723,2,1,0.35109255017548474,0.0012106639661223612
5015,9,1,0.4006813126236615,0.001381659698702281
2633,9,1,0.395719315702202,0.0013645493644903516
5983,2,1,0.40071609405135383,0.0013817796346598408
965,6,0,0.332457800223218,0.0011464062076662692
5186,1,1,0.313915265516506,0.001082466432815538
6651,0,1,0.35390881929124174,0.0012203752389353163
1441,8,1,0.40762044759043403,0.0014055877503118415
1203,0,1,0.4225656914038949,0.001457123073806534
7765,8,1,0.4123023410556165,0.0014217322105366085
4218,8,1,0.4153233099834006,0.001432149344770347
689,7,1,0.24116078616587838,0.0008315889178133738
4616,9,1,0.3451371984012377,0.0011901282703490955
8923,2,1,0.4159906455348793,0.0014344505018444114
2838,2,1,0.4149816596360883,0.0014309712401244423
1046,5,1,0.34785248588121764,0.0011994913306248884
5368,0,1,0.41489256796458435,0.0014306640274640839
2598,8,1,0.3848447554345242,0.0013270508808087042
341,6,0,0.28332746068834486,0.0009769912437529132
503,2,1,0.4223364706118354,0.001456332657282191
6137,8,1,0.4054434288596481,0.0013980807891712005
7820,0,1,0.4165857453272775,0.0014365025700940604
5705,9,1,0.38080938764953653,0.0013131358194811604
5178,4,1,0.38170434600970643,0.0013162218827920912
1214,1,1,0.24708474649029208,0.0008520163672079038
3185,0,1,0.33299375733137027,0.0011482543356254146
1657,1,1,0.3068678644791838,0.00105816504992822
3200,9,1,0.4197434585357343,0.0014473912363301184
7954,1,1,0.32475537269255145,0.0011198461127329361
179,8,1,0.40876142512679914,0.0014095221556096522
5014,1,1,0.31482011239382546,0.0010855865944614672
4256,3,1,0.40773042826808936,0.0014059669940278943
1278,3,1,0.4117774795338767,0.0014199223432202646
2214,5,1,0.41315759243942485,0.001424681353239396
7962,9,1,0.4046425897290948,0.001395319274927913
1200,8,1,0.3473172410601872,0.0011976456588282318
7054,2,1,0.42095620948829027,0.0014515731361665182
8420,1,1,0.26054852455805205,0.000898443188131214
538,8,1,0.31448072157399076,0.0010844162812896233
1222,4,1,0.3823570007440465,0.001318472416358781
5726,5,1,0.3798696462245816,0.001309895331808902
5157,2,1,0.42265326332234626,0.001457425045939125
6363,7,1,0.4181106123479695,0.0014417607322343776
1759,8,1,0.3178420395074267,0.00109600703278423
5783,1,1,0.2900030474645986,0.0010000105084986158
8287,6,0,0.16020253963446524,0.0005524225504636732
8460,2,1,0.422858454570653,0.001458132601967769
1066,3,1,0.40699151687748253,0.001403419023715457
2048,7,1,0.4233100618144312,0.0014596898683256249
231,3,1,0.38642583702802996,0.0013325028863035515
9369,2,1,0.3915999983907591,0.0013503448220371003
9829,9,1,0.3444410490241647,0.0011877277552557405
9727,3,1,0.3944790609054879,0.0013602726238120273
1005,9,1,0.37038581237025636,0.0012771924564491598
4918,9,1,0.2498186827544634,0.0008614437336360806
5010,6,0,-0.1259419830797917,-0.00043428270027514384
8446,6,0,0.026101437248013337,9.00049560276322e-05
6999,4,1,0.3480125966082038,0.001200043436580013
308,4,1,0.41259581856412686,0.001422744201945265
5027,4,1,0.362791166580711,0.0012510040226921069
8677,6,0,-0.08633897599211199,-0.00029772060686935166
9965,3,1,0.39216122527546987,0.0013522800871567926
286,6,0,0.009767288108887828,3.3680303823751134e-05
4359,5,1,0.3622387513743479,0.0012490991426701652
2860,6,0,0.220316212287302,0.0007597110768527655
6638,5,1,0.38201194764034213,0.0013172825780701453
5687,3,1,0.41650207548486073,0.0014362140533960715
9736,6,0,0.3315448088903162,0.0011432579616907454
9667,8,1,0.417879451681609,0.001440963626488307
3385,9,1,0.4081032030582237,0.0014072524243387023
2392,3,1,0.39657139553633775,0.0013674875708149577
9697,3,1,0.41384064267944337,0.0014270366988946323
316,6,0,0.029521087560826886,0.00010179685365802374
3183,5,1,0.32026821121971827,0.0011043731421369596
2931,3,1,0.40156667606617935,0.0013847126760902736
857,5,1,0.3827112689446909,0.0013196940308437617
8303,1,1,0.37867450682132686,0.0013057741614528513
6510,0,1,0.41566334928214793,0.0014333218940763722
6618,1,1,0.21954179903234455,0.0007570406863184294
3647,7,1,0.37301421138783736,0.0012862559013373702
8425,0,1,0.39275861800573153,0.0013543400620887294
6869,1,1,0.33515078668343856,0.001155692367873926
7055,3,1,0.41221860410427275,0.0014214434624285268
8146,9,1,0.374171512092873,0.0012902465934237
1528,1,1,0.2474112411267612,0.0008531422107819352
206,9,1,0.4105024284192425,0.0014155256152387672
303,2,1,0.2275766175570665,0.0007847469570933328
9046,2,1,0.421727034403916,0.0014542311531169517
9712,8,1,0.3823836520845859,0.001318564317533055
6938,1,1,0.3173079373053154,0.0010941653010528118
8971,1,1,0.36493921552170994,0.0012584110880058963
7693,0,1,0.41808714307015277,0.0014416798036901819
8029,0,1,0.4131516326169641,0.0014246608021274624
1469,3,1,0.3034908108570412,0.0010465200374380733
9908,6,0,0.028310610454992613,9.762279467238833e-05
5385,2,1,0.42333787239982973,0.0014597857668959646
1230,4,1,0.4048779809518339,0.0013961309687994274
3186,8,1,0.36533916144814915,0.0012597902118901695
9311,0,1,0.41260205399853644,0.0014227657034432291
7753,6,0,0.04827301816895918,0.00016645868334123855
8530,8,1,0.42079399875357476,0.0014510137888054302
3319,8,1,0.408882442350434,0.001409939456380807
9125,3,1,0.4241852085136893,0.001462707615564446
9792,4,1,0.2894361047697942,0.0009980555336889455
8681,0,1,0.37348182009062625,0.0012878683451400905
9466,9,1,0.3969548969333724,0.001368809989425422
8372,9,1,0.42184657101308737,0.001454643348320991
4216,1,1,0.28034105342528975,0.000966693287673413
8897,9,1,0.3992782509510656,0.0013768215550036746
6807,9,1,0.3996082381652846,0.0013779594419492574
3127,5,1,0.2782702438765552,0.0009595525650915696
6345,2,1,0.4229050566331893,0.0014582932987351354
8373,0,1,0.4076917972399024,0.0014058337835858702
2504,1,1,0.2363811070022239,0.00081510726552491
1697,9,1,0.39606165612529587,0.0013657298487079169
1096,7,1,0.40599746797091063,0.0013999912688652091
9469,7,1,0.39882271887009746,0.001375250754724474
6542,3,1,0.37477134678683993,0.0012923149889201378
6361,7,1,0.37302042122933105,0.0012862773145839001
2180,5,1,0.37924038427952184,0.001307725463032834
5801,6,0,0.36314938446744927,0.0012522392567843078
8315,2,1,0.3890330201716574,0.0013414931730057152
7036,5,1,0.40410079325038906,0.001393451011208238
1229,8,1,0.37450413147362915,0.0012913935568056177
4307,5,1,0.33506016879390865,0.0011553798923927884
5237,3,1,0.3905438127379619,0.0013467028025446962
3247,4,1,0.34184531010872593,0.0011787769314093998
9957,7,1,0.3763138621367868,0.0012976340073682304
1802,2,1,0.405727998791782,0.0013990620647992484
3726,4,1,0.3273901436000784,0.0011289315296554427
5030,6,0,0.029505217485916446,0.00010174212926178085
5724,3,1,0.41909075957835257,0.0014451405502701813
9659,9,1,0.38623657560205105,0.0013318502606967278
5076,4,1,0.39102174180907867,0.0013483508338244092
5127,2,1,0.4121659820198556,0.0014212620069650192
6239,1,1,0.3456598308456648,0.0011919304511919476
6673,1,1,0.3544166257731831,0.001222126295769597
9851,7,1,0.34544432080146414,0.001191187313108497
1247,9,1,0.4210205747751793,0.0014517950854316527
3325,0,1,0.4073157922696334,0.0014045372147228738
2225,8,1,0.3090863818050676,0.001065815109672647
2792,9,1,0.3409567857878337,0.001175713054440806
1868,1,1,0.3305648056388516,0.001139878640133971
5520,1,1,0.34506693847658954,0.0011898859947468605
4396,4,1,0.35138571229066684,0.0012116748699678168
9517,9,1,0.36189828037368604,0.0012479251047368485
5813,9,1,0.414511863022498,0.0014293512518017172
4116,8,1,0.3900375248224841,0.001344956982146497
3294,7,1,0.40323938858779323,0.0013904806503027352
2517,2,1,0.4236433940455922,0.001460839289812387
5703,3,1,0.422762188814925,0.0014578006510859484
8194,0,1,0.40694611903551287,0.001403262479432803
4161,2,1,0.3698726166314558,0.0012754228159705372
1041,5,1,0.3826223288737864,0.001319387340944091
5995,8,1,0.3972723593476375,0.0013699046874056464
8397,3,1,0.42096894166054977,0.0014516170402087923
9747,5,1,0.34290685436452595,0.0011824374288431929
6265,4,1,0.3872395451781989,0.001335308776476548
4251,8,1,0.37241108973716097,0.0012841761715074516
1833,5,1,0.38450520684707035,0.0013258800236105874
1717,8,1,0.4122409871949904,0.001421520645499967
1419,4,1,0.42364665333802737,0.0014608505287518185
6195,4,1,0.4196916240329767,0.0014472124966654369
5866,7,1,0.4146495673011436,0.0014298260941418746
4528,3,1,0.4162594365627621,0.0014353773674578003
8822,4,1,0.4095097188864384,0.0014121024789187531
5052,1,1,0.3507511679247274,0.0012094867859473357
3734,0,1,0.4236531065842726,0.0014608727813250778
3005,9,1,0.32743181232194324,0.0011290752149032525
6071,9,1,0.4190258824672585,0.001444916836093995
6475,4,1,0.38755077793080006,0.0013363819928648279
9066,6,0,0.1402311667194142,0.00048355574730832486
4233,5,1,0.40542675569739184,0.0013980232955082476
4371,8,1,0.4018482858461332,0.001385683744297011
4855,7,1,0.3984091009718992,0.0013738244861099971
8562,4,1,0.40849305493570404,0.0014085967411576002
511,4,1,0.34643821449207757,0.0011946145327313019
7285,6,0,-0.010848464036747385,-3.740849667843926e-05
9472,9,1,0.39685120424193304,0.0013684524284204589
5549,7,1,0.4142954098729163,0.001428604861630746
9901,9,1,0.3996291279385785,0.0013780314756502707
1616,6,0,0.2962806720479018,0.0010216574898203512
9224,4,1,0.40108567761732655,0.001383054060749402
9576,7,1,0.39512363328921524,0.0013624952872041906
6648,7,1,0.33960148494279857,0.0011710396032510294
6406,6,0,0.15068357632717821,0.0005195985390592352
2865,3,1,0.382331796590991,0.0013183855054861757
6680,1,1,0.35173641155053986,0.0012128841777604823
3184,7,1,0.3213060956637856,0.0011079520540130537
5660,6,0,0.13256800572917699,0.00045713105423854134
2228,1,1,0.24132295290834604,0.0008321481134770553
1757,0,1,0.34553937326946893,0.001191515080239548
2032,3,1,0.3576167201235582,0.0012331611038743386
5924,2,1,0.41253753581930863,0.0014225432269631333
8610,4,1,0.3961371857487773,0.0013659902956854391
9648,0,1,0.4080041079428926,0.0014069107170444572
1607,3,1,0.33383788714848034,0.001151165128098208
3332,4,1,0.3797501453023889,0.0013094832596634099
5876,8,1,0.40774598536505574,0.0014060206391898473
1608,3,1,0.3974065125613134,0.001370367284694184
2609,6,0,0.32625410620307815,0.0011250141593209591
1530,8,1,0.4229868054966169,0.0014585751913676443
2412,2,1,0.3743695266013767,0.0012909294020737128
2824,0,1,0.4054231824259352,0.0013980109738825353
3674,8,1,0.36539377683867685,0.0012599785408230237
1592,7,1,0.3854196637624861,0.0013290333233189175
8729,1,1,0.29168864806405226,0.0010058229243588008
3671,6,0,0.014938301877823967,5.1511385785599886e-05
674,5,1,0.36803248163437347,0.00126907752287715
616,9,1,0.35727775870809975,0.0012319922714072405
4738,4,1,0.2830987606286221,0.0009762026228573176
960,7,1,0.30234614163614787,0.0010425729021936133
592,0,1,0.4148394688444401,0.0014304809270497935
3401,0,1,0.414848947105559,0.001430513610708824
1702,8,1,0.3854230902883572,0.0013290451389253697
2265,4,1,0.35821316499332095,0.0012352178103217965
3714,6,0,0.02771978218247423,9.558545580163527e-05
7114,8,1,0.4171626845609832,0.0014384920157275282
2108,2,1,0.4222234389274404,0.0014559428928532427
2374,2,1,0.3588959525038856,0.0012375722500133986
3942,0,1,0.3965430792056328,0.0013673899282952856
1107,9,1,0.4182322805994737,0.0014421802779292197
3704,8,1,0.3891677492273109,0.0013419577559562444
5755,6,0,0.18006028146207506,0.0006208975222830174
8311,6,0,0.3236830163103291,0.001116148332104583
575,9,1,0.414096772422267,0.001427919904904369
9870,5,1,0.342787191027399,0.0011820247966462035
6097,0,1,0.423932278258759,0.0014618354422715827
1430,1,1,0.3114904176932233,0.0010741048885973216
5628,3,1,0.42092566433245876,0.0014514678080429612
8431,9,1,0.41803516723339185,0.0014415005766668684
9223,0,1,0.42205546748004874,0.0014553636809656854
7996,5,1,0.3726101179986625,0.0012848624758574569
1906,9,1,0.36593108910174643,0.0012618313417301602
548,3,1,0.3096311851344471,0.001067693741842921
3526,9,1,0.38866223509797176,0.0013402146037861096
6894,0,1,0.38566188644057353,0.0013298685739330121
6712,1,1,0.31410669586086604,0.001083126537451262
2976,6,0,0.15246481889151875,0.0005257407547983405
2541,1,1,0.316500754368077,0.0010913819116140588
3610,4,1,0.38103316141791643,0.001313907453165229
2802,2,1,0.4250651555362664,0.0014657419156422979
339,6,0,0.13867632699797183,0.00047819423102748906
5338,2,1,0.4183587335303271,0.0014426163225183693
8023,0,1,0.42259309544191503,0.0014572175704893621
7206,4,1,0.40829981422591627,0.00140793039388247
8327,5,1,0.3926312220815682,0.001353900765798511
702,7,1,0.35595382472743237,0.0012274269818187322
3728,4,1,0.3588376410949086,0.0012373711761893402
7340,1,1,0.28963082654861194,0.0009987269880986618
3138,3,1,0.4136920644566536,0.0014265243601953572
5602,9,1,0.3885849019354703,0.0013399479377085182
7515,9,1,0.4122621998148593,0.001421593792465032
7115,2,1,0.4092563058019689,0.0014112286406964445
4746,7,1,0.41599426884334106,0.001434462996011521
8824,6,0,-0.1259862330561488,-0.00043443528640051317
829,4,1,0.36263588476421904,0.0012504685681524795
6904,8,1,0.3751727216356625,0.001293699040122974
3850,9,1,0.3978497275560735,0.0013718956122623224
8902,2,1,0.41533337894271954,0.0014321840653197225
7582,1,1,0.3706994681049221,0.0012782740279480072
9508,0,1,0.4229462470578505,0.0014584353346822432
8526,1,1,0.3611308943784773,0.0012452789461326803
6482,1,1,0.3173150448539562,0.0010941898098412281
6952,5,1,0.3866921078807581,0.0013334210616577865
4085,1,1,0.32027292764141563,0.0011043894056600538
3677,0,1,0.4202301667546346,0.0014490695405332227
4635,3,1,0.3838010949947178,0.0013234520517059235
2775,5,1,0.35339761654356,0.001218612470839862
5786,1,1,0.27408906083193074,0.0009451346925238992
1136,1,1,0.2572606690999407,0.000887105755517037
5416,1,1,0.2856546509989819,0.0009850160379275238
6876,3,1,0.4003610462684238,0.001380555331960082
1368,1,1,0.2320103460711642,0.0008000356761074627
6792,6,0,-0.0813119434994159,-0.00028038601206695137
9072,2,1,0.4238049600846395,0.0014613964140849638
3570,5,1,0.4098285044739289,0.001413201739565272
8400,4,1,0.4134918897313327,0.001425834102521837
6653,7,1,0.39171056408554916,0.0013507260830536178
4289,2,1,0.40227605938186434,0.0013871588254547047
9617,6,0,0.23350338436617743,0.0008051840840213014
3691,5,1,0.4165468735642124,0.001436368529531767
9793,6,0,0.11237606625860902,0.0003875036767538242
8697,6,0,-0.038944497188728944,-0.0001342913696163067
4043,0,1,0.42476757863509607,0.001464715788396883
4968,9,1,0.40455525870623227,0.0013950181334697665
5629,2,1,0.4175589504583929,0.0014398584498565273
7200,8,1,0.39216783544986256,0.001352302880861595
911,7,1,0.40537413799897565,0.0013978418551688816
2093,8,1,0.3720981654754676,0.0012830971223291986
3744,6,0,0.27149474019273523,0.0009361887592852939
3244,1,1,0.23492621160786734,0.0008100903848547149
7003,5,1,0.38323690193205906,0.0013215065583864105
5409,4,1,0.41774332225435556,0.0014404942146701916
9341,2,1,0.36834467752668815,0.0012701540604368557
7837,9,1,0.4016647788749106,0.0013850509616376227
3077,0,1,0.367920328052288,0.0012686907863872
2670,5,1,0.4222840576482161,0.0014561519229248831
2490,7,1,0.3230603333145823,0.0011140011493606286
4719,1,1,0.22415152821561632,0.0007729363041917804
7498,5,1,0.3842336034969359,0.0013249434603342617
6438,1,1,0.35797046532702803,0.0012343809149207863
3210,0,1,0.2997323969027196,0.0010335599893197226
3924,9,1,0.37869707456332646,0.0013058519812528498
2756,3,1,0.39789762728334016,0.0013720607837356558
2738,6,0,0.28229764386827105,0.0009734401512699001
4081,6,0,0.08501319046318201,0.0002931489326316621
4599,6,0,-0.05744168051461834,-0.00019807476039523567
1253,4,1,0.4059395407292917,0.0013997915197561783
9818,0,1,0.3993849807214482,0.0013771895886946488
3237,1,1,0.2720761565974782,0.00093819364343958
7912,7,1,0.42300081956030944,0.001458623515725205
6974,4,1,0.4028813600341452,0.0013892460690832593
4469,3,1,0.37468247475256317,0.0012920085336295282
5371,7,1,0.3924642677632132,0.0013533250612524593
661,0,1,0.1573410860467956,0.0005425554691268813
2742,9,1,0.36482766843976316,0.001258026442895735
9837,7,1,0.34186418290661286,0.001178842010022803
2343,1,1,0.3297666846753644,0.0011371264988805669
458,8,1,0.38943909164111795,0.001342893419452131
868,2,1,0.3383376372011918,0.0011666815075903165
6722,3,1,0.4178684050471198,0.0014409255346452406
9251,6,0,0.07232903089514564,0.00024941045136257116
7147,2,1,0.4152275045750883,0.001431818981293408
5680,8,1,0.40843467477012,0.0014083954302417931
1083,1,1,0.28168341874308755,0.0009713221335968537
3146,3,1,0.3048179696818868,0.00105109644717892
3345,5,1,0.41640618635287435,0.001435883401216808
3894,1,1,0.31773998874712134,0.0010956551336107631
9345,1,1,0.30459746809453464,0.0010503360968777057
5348,4,1,0.3773888902051279,0.0013013410007073375
3289,8,1,0.4215735112196371,0.0014537017628263348
2570,9,1,0.38450325698999005,0.001325873299965483
3175,1,1,0.3663707663751943,0.0012633474702592907
8191,6,0,0.17683754077661235,0.0006097846233676288
3149,9,1,0.39647855913018526,0.0013671674452765009
8167,3,1,0.42000740535950054,0.0014483013977913811
3626,8,1,0.41001394842626027,0.001413841201469863
4062,0,1,0.3729694387916067,0.0012861015130745058
3946,2,1,0.3510525373386201,0.001210525990822828
4253,8,1,0.4116690319059326,0.0014195483858825263
1577,6,0,-0.03283217050505027,-0.00011321438105189749
7563,1,1,0.35687422828694637,0.0012306007871963668
432,4,1,0.3370352860942806,0.0011621906417044157
8095,4,1,0.3276384213904964,0.001129787659967229
5948,6,0,0.19804400274612674,0.0006829103542969888
4275,2,1,0.42226952582046867,0.0014561018131740299
5972,5,1,0.42032559939537983,0.001449398618604758
8329,4,1,0.38744260462393215,0.001336008981461835
5289,9,1,0.4095808928365561,0.001412347906332952
6326,7,1,0.40820670437623124,0.00140760932543528
4009,9,1,0.36733675199474036,0.0012666784551542771
4736,7,1,0.3961629086506722,0.0013660789953471456
369,3,1,0.3697791662029473,0.0012751005731136114
6047,9,1,0.3983838244850348,0.0013737373258104649
7267,7,1,0.39250033228107994,0.0013534494216588964
9786,5,1,0.35627769047051894,0.0012285437602431687
5451,5,1,0.40513736511164194,0.0013970253969366963
114,7,1,0.2885634080423334,0.0009950462346287358
5981,5,1,0.40950368409882376,0.001412081669306289
332,1,1,0.33351465518291296,0.001150050535113493
2191,2,1,0.4110165450076471,0.0014172984310608522
3638,1,1,0.2794558075189668,0.0009636407155826442
487,9,1,0.40376981788746036,0.0013923097168533115
4843,9,1,0.36216272330331123,0.0012488369769079698
6331,3,1,0.40263172708271117,0.0013883852658024523
5960,8,1,0.40993227876334004,0.0014135595819425519
5204,8,1,0.31494217267394997,0.001086007491979138
2124,4,1,0.41341381160283436,0.0014255648675959806
3150,3,1,0.4139435816257297,0.0014273916607783783
7823,8,1,0.42126467616899493,0.0014526368143758445
6109,2,1,0.3932665369339664,0.0013560915066688497
8560,2,1,0.4226501724914006,0.0014574143879013813
5694,6,0,0.07896098401748369,0.0002722792552327024
4881,7,1,0.41646107222298284,0.0014360726628378719
7093,2,1,0.42057181682024986,0.001450247644207758
5054,3,1,0.42070373064823646,0.0014507025194766775
7027,8,1,0.3970345308940929,0.0013690845892899756
2942,0,1,0.3963680171881562,0.0013667862661660558
3918,5,1,0.3706072834142946,0.0012779561497044641
4553,9,1,0.4213860548167276,0.0014530553614369916
4602,1,1,0.30776850324874705,0.0010612707008577484
8430,3,1,0.4139782613665393,0.0014275112460915148
2874,7,1,0.37705766093439275,0.0013001988308082508
4154,9,1,0.42431072796966923,0.0014631404412747216
4973,3,1,0.4204271409903448,0.0014497487620356716
3311,5,1,0.41795763328863195,0.001441233218236662
2526,5,1,0.4180400851686579,0.0014415175350643377
1257,1,1,0.3042997306006786,0.0010493094158644089
2141,7,1,0.3722724310369895,0.0012836980380585845
6237,6,0,-0.014868504848128072,-5.127070637285542e-05
3971,4,1,0.4015380806017233,0.0013846140710404252
8232,5,1,0.34437077362521434,0.0011874854262938425
9542,0,1,0.4117826375041849,0.0014199401293247757
1224,2,1,0.2503028482843091,0.0008631132699458934
6162,1,1,0.268308746827368,0.0009252025752667862
2175,1,1,0.2343132561490866,0.000807976745341678
1814,7,1,0.3903569859209291,0.0013460585721411348
7160,5,1,0.33403327742730554,0.001151838887680364
6781,0,1,0.4185999258527217,0.001443448020181799
2163,8,1,0.40973970440163887,0.0014128955324194444
6763,3,1,0.41963739270772016,0.0014470254920955867
8040,6,0,0.0377816091893754,0.0001302814109978462
7386,2,1,0.40938991449441225,0.0014116893603255596
651,7,1,0.4202990398516393,0.00144930703397117
5272,2,1,0.42373874600394174,0.0014611680896687647
9866,4,1,0.38660250652054823,0.0013331120914501662
778,5,1,0.3774811517134204,0.0013016591438393807
730,7,1,0.40548888235138025,0.001398237525349587
1291,3,1,0.41883256149381226,0.0014442502120476286
7697,9,1,0.28708101233103783,0.0009899345252794409
4520,5,1,0.4158278292208315,0.0014338890662787293
1164,7,1,0.4012993429574929,0.0013837908377844583
3056,9,1,0.4184357372792275,0.0014428818526869914
2654,6,0,0.32737287162878087,0.001128871971133727
7276,7,1,0.3771814261777677,0.0013006256075095437
2157,2,1,0.4118516850098688,0.0014201782241719614
1266,6,0,0.19849594701398224,0.0006844687828068353
1870,0,1,0.4243702793940346,0.0014633457910139124
8125,8,1,0.41979412474707933,0.001447565947403722
5916,6,0,0.08004593201232868,0.0002760204552149265
6217,2,1,0.414518612404268,0.0014293745255319586
6262,8,1,0.4184096170060691,0.0014427917827795486
3465,4,1,0.4134424988828698,0.0014256637892512752
7421,4,1,0.3757991864244331,0.001295859263532528
5268,9,1,0.39628791456813,0.001366510050234931
2431,3,1,0.41544764231699993,0.0014325780769551722
8854,3,1,0.4215089911410159,0.0014534792797966066
7805,8,1,0.42362370935432664,0.0014607714115666436
3276,1,1,0.273480204786798,0.0009430351889199932
8349,6,0,0.06304200740513649,0.00021738623243150514
452,2,1,0.40020053825046514,0.0013800018560360867
7376,4,1,0.4156485085440465,0.0014332707191174016
6294,6,0,0.1747457841000571,0.0006025716693105417
9916,7,1,0.39868987725555727,0.0013747926801915768
5934,2,1,0.405625013658189,0.0013987069436489274
9731,7,1,0.4056589526578713,0.0013988239746823147
330,1,1,0.3111677072857038,0.0010729920940886338
2264,4,1,0.35032793051696076,0.0012080273466102095
3661,2,1,0.36897514033656176,0.001272328070126075
6725,8,1,0.3511281814178699,0.0012107868324754134
7683,2,1,0.4225126989596413,0.0014569403412401424
5793,6,0,-0.09745975480899133,-0.0003360681200310046
7280,1,1,0.3138457341752302,0.0010822266695697594
9922,4,1,0.3740697097113416,0.0012898955507287641
3524,6,0,0.2128852388809341,0.0007340870306239108
1312,8,1,0.39252979675946065,0.001353551023308485
638,5,1,0.38729799244590346,0.0013355103187789774
797,5,1,0.3160512490731884,0.001089831893355822
9563,8,1,0.40443926236939015,0.0013946181461013452
2686,5,1,0.42342096159589826,0.0014600722813651664
7761,6,0,0.09271202302983905,0.00031969663113737604
4493,7,1,0.3199685421854976,0.0011033398006396469
5805,9,1,0.39096124769821117,0.0013481422334421075
8247,4,1,0.40256663937307025,0.0013881608254243802
6110,1,1,0.31176730670703623,0.001075059678300125
9102,4,1,0.41710509507886695,0.0014382934313064378
10,0,1,0.41549478534305706,0.0014327406391139899
3743,7,1,0.4102107986169282,0.001414519995230787
1510,5,1,0.3769586251470587,0.0012998573280933057
5763,2,1,0.40700967433820795,0.001403481635648993
1109,3,1,0.4197966601465649,0.0014475746901605688
9929,7,1,0.3971698387092496,0.0013695511679629297
9080,0,1,0.4235107388736001,0.0014603818581848279
6053,5,1,0.42275259086061556,0.0014577675546917778
1209,6,0,0.11453420947848897,0.000394945549925824
8574,8,1,0.4079414453836566,0.0014066946392539883
5923,4,1,0.37737046424449544,0.0013012774629120533
5387,8,1,0.372607499368465,0.0012848534460981552
6194,3,1,0.42014893072309395,0.0014487894162865309
3478,9,1,0.3765326183753636,0.0012983883392253918
8918,7,1,0.4029981005344169,0.0013896486225324722
4551,7,1,0.3646569289992997,0.0012574376862044816
8799,1,1,0.30737399387507225,0.0010599103237071458
920,1,1,0.3063095706566591,0.001056239898816066
2651,6,0,-0.024581020192619263,-8.476213859523884e-05
8786,7,1,0.4207069838637051,0.001450713737461052
7813,9,1,0.4182047085279482,0.0014420852018205111
9564,8,1,0.4048129551497125,0.0013959067418955603
8612,2,1,0.4120417334220612,0.001420833563524349
181,8,1,0.3819211099746328,0.001316969344740113
620,0,1,0.38461120220769995,0.0013262455248541378
1370,5,1,0.3315927908989905,0.0011434234168930708
3438,1,1,0.29593695608374504,0.0010204722623577416
5664,4,1,0.38410787076038116,0.001324509899173728
9430,3,1,0.4135768512183745,0.0014261270731668087
1473,5,1,0.38245606765478957,0.001318814026395826
2279,5,1,0.3943001985477517,0.0013596558570612128
6782,6,0,0.2803077159226544,0.0009665783307677738
457,6,0,0.06834003699323415,0.0002356552999766695
7282,3,1,0.3936980471179524,0.0013575794728205256
754,1,1,0.31443000705759405,0.001084241403646876
6006,7,1,0.3559587586937714,0.0012274439954957635
1779,3,1,0.41698113802874004,0.0014378659932025519
360,4,1,0.41554460809003657,0.0014329124416897813
4598,4,1,0.37201529623669344,0.0012828113663334256
7936,3,1,0.4067567842030094,0.0014026096007000324
1070,5,1,0.4172541901468751,0.0014388075522306038
4475,4,1,0.3897518576214173,0.0013439719228324734
6286,0,1,0.4168965808605803,0.0014375744167606217
7109,8,1,0.3934580629055032,0.0013567519410534593
9759,8,1,0.3784907414125309,0.0013051404876294169
6062,0,1,0.42385015009000354,0.0014615522416896675
7132,9,1,0.41366073614397214,0.0014264163315309383
2200,2,1,0.3869557409970844,0.0013343301413692565
7196,6,0,0.25129636900098845,0.0008665392034516844
5152,5,1,0.42038893958464685,0.0014496170330505064
1720,4,1,0.42232553208700435,0.0014562949382310494
5554,0,1,0.41111444362382316,0.001417636012495942
5791,0,1,0.4201903383049321,0.00144893220105149
3008,9,1,0.3893296185079108,0.0013425159258893477
931,4,1,0.3160865557938498,0.0010899536406684476
7696,4,1,0.39925482969794013,0.0013767407920618625
9867,2,1,0.4086425139153962,0.001409112116949642
4544,4,1,0.33566846494357033,0.0011574774653226563
4731,8,1,0.40594798725623876,0.001399820645711168
5025,1,1,0.3691034437363492,0.0012727704956425833
6467,8,1,0.40764141776882706,0.0014056600612718175
5087,0,1,0.4220887998461648,0.001455478620159189
8875,1,1,0.31415072133101696,0.0010832783494172998
9026,9,1,0.4146892511008248,0.0014299629348304302
4317,3,1,0.4231055896623659,0.0014589847919391928
9442,2,1,0.3802852383828026,0.0013113284082165607
4917,1,1,0.28652629665078166,0.0009880217125889023
8188,7,1,0.41785277575593266,0.0014408716405376989
5484,6,0,-0.03857980735658395,-0.00013303381847097913
1527,1,1,0.3247053282519724,0.0011196735456964566
5376,8,1,0.41032763989742616,0.0014149228961980213
1963,4,1,0.2996690864240976,0.0010333416773244746
6744,2,1,0.3864553614561127,0.0013326046946762506
7022,2,1,0.4198201587915195,0.001447655719970757
5517,4,1,0.41525182563956115,0.0014319028470329695
1750,7,1,0.22706326740806568,0.0007829767841657437
8177,6,0,0.22848979407915906,0.0007878958416522727
9626,5,1,0.3333911781717259,0.0011496247523162962
6404,8,1,0.387036090953544,0.0013346072101846345
1534,0,1,0.27714724208300834,0.0009556801451138219
3407,3,1,0.40051193208984426,0.0013810756278960148
1145,4,1,0.4152875299254132,0.0014320259652600455
8906,9,1,0.36548301316564913,0.0012602862522953417
803,4,1,0.3984696148114634,0.0013740331545222877
8800,2,1,0.423248512729354,0.0014594776301012206
7403,5,1,0.3740065389197457,0.0012896777204129163
4525,1,1,0.32666317268103795,0.0011264247333828896
3215,0,1,0.39300160999093475,0.001355177965485982
6330,2,1,0.4171348479227295,0.001438396027319757
2498,4,1,0.4085856917404802,0.001408916178415449
3140,0,1,0.36354438199978806,0.0012536013172406485
7757,7,1,0.41761194640023125,0.001440041194483556
8549,1,1,0.3182558419038193,0.001097433937599377
1029,8,1,0.3788483365864471,0.0013063735744360246
4238,7,1,0.2892420482648778,0.0009973863733271648
9238,3,1,0.4044429668267913,0.0013946309200923838
489,1,1,0.2994381216273468,0.001032545246990851
8113,1,1,0.3085440081947321,0.0010639448558439038
1684,5,1,0.3205827662229209,0.0011054578145617963
5273,3,1,0.42004845268928936,0.0014484429403078944
3611,2,1,0.42434962492319606,0.001463274568700676
7960,7,1,0.4142983205534637,0.0014286148984602198
1837,3,1,0.34541112200806035,0.001191072834510553
6897,8,1,0.41622171175696,0.0014352472819205517
185,9,1,0.3602776609792764,0.0012423367619975047
5631,4,1,0.31575836275871233,0.001088821940547284
1248,8,1,0.3565715107379476,0.0012295569335791295
447,4,1,0.409828846016253,0.0014132029172974241
8258,8,1,0.32728447417163586,0.0011285671523159858
2983,9,1,0.40226849404299553,0.0013871327380792949
5386,9,1,0.4117304352257914,0.0014197601214682462
4276,3,1,0.3644879077633386,0.00125685485435634
668,4,1,0.3880529810478141,0.001338113727751083
329,1,1,0.30501081910304556,0.0010517614451829157
188,0,1,0.4233897157150287,0.0014599645369483749
4972,1,1,0.30620320236557425,0.0010558731116054284
5841,3,1,0.3726483108392362,0.001284994175307711
8635,8,1,0.41503256818826995,0.0014311467868561032
4250,2,1,0.4147042276911125,0.0014300145782452155
4363,9,1,0.4027471208628597,0.0013887831753891713
2503,2,1,0.4222136172091758,0.001455909024859227
3441,7,1,0.42247404927037036,0.001456807066449553
3442,6,0,0.015044113940581028,5.1876254967520786e-05
6909,5,1,0.3911104533760621,0.0013486567357795245
529,1,1,0.31800070269045105,0.0010965541472084518
8623,9,1,0.34618171522985847,0.0011937300525167534
8964,5,1,0.378107396074642,0.001303818607153938
9992,9,1,0.41372207985437504,0.0014266278615668105
9013,5,1,0.36194362838490046,0.001248081477189312
9540,1,1,0.3056726708599463,0.0010540436926205045
8320,2,1,0.4012552137863572,0.001383638668228818
418,2,1,0.40547897454491594,0.0013982033604997102
8298,9,1,0.32912870886244927,0.0011349265822843079
6508,9,1,0.3987004356810723,0.0013748290885554216
1387,6,0,0.012126085422340893,4.181408766324446e-05
6620,5,1,0.361347363245312,0.001246025390501076
277,8,1,0.41094200985036644,0.0014170414132771256
3715,3,1,0.40637548071417756,0.001401294761083371
2477,9,1,0.41505240833927215,0.0014312152011699039
2390,2,1,0.41484929644725005,0.001430514815335345
9692,9,1,0.29224841023411685,0.0010077531387383339
1683,3,1,0.4159809650638741,0.0014344171209099107
9962,0,1,0.4201971811573953,0.0014489557970944666
471,9,1,0.29278611315552394,0.001009607286743186
4370,0,1,0.17804997913584164,0.0006139654452960056
665,6,0,0.1416512451656759,0.0004884525695368134
8444,5,1,0.2909722452770718,0.0010033525699209372
2186,2,1,0.41335523100223487,0.0014253628655249478
2105,3,1,0.423502326179099,0.0014603528488934447
4509,3,1,0.3657313314396978,0.0012611425222058545
2712,3,1,0.40348682837875416,0.0013913338909612213
6263,7,1,0.4189453230232582,0.0014446390449077869
8891,7,1,0.3934963935144537,0.0013568841155670818
5114,7,1,0.3790232936096374,0.001306976874515991
5111,5,1,0.3489413610877209,0.001203246072716279
5188,8,1,0.3871127403023642,0.0013348715182840145
456,2,1,0.36054024611800706,0.0012432422279931277
574,3,1,0.41590481730910694,0.0014341545424451964
9606,5,1,0.28944816247912747,0.0009980971119969912
4688,3,1,0.4240025014187721,0.001462077591099214
787,8,1,0.42082688758308534,0.0014511271985623631
3685,4,1,0.36874584792661774,0.0012715374066435095
8720,1,1,0.291309851435925,0.0010045167290893967
1378,5,1,0.24137452877500648,0.0008323259612931258
8077,0,1,0.421695994604582,0.0014541241193261449
4945,9,1,0.36397386464855364,0.0012550822918915643
6587,8,1,0.3810999163875975,0.0013141376427158534
9596,8,1,0.42356198928495564,0.0014605585837412264
4699,6,0,0.04173534512025062,0.000143914983173278
3905,8,1,0.3751657738751362,0.001293675082328056
8628,6,0,0.22087288310210978,0.0007616306313865855
4655,1,1,0.23984609627839612,0.0008270555044082625
9755,8,1,0.4057466059101813,0.0013991262272764872
9447,7,1,0.3480815086401273,0.0012002810642763012
1691,1,1,0.36541424192329863,0.00126004911008034
5370,1,1,0.30280236904084934,0.0010441461001408597
4102,7,1,0.4213970771886387,0.0014530933696159955
2527,0,1,0.3464110797161567,0.0011945209645384714
3044,0,1,0.42029031686539725,0.0014492769547082664
4795,9,1,0.41381442284479825,0.0014269462856717182
8954,4,1,0.36662904334216523,0.001264238080490225
9150,8,1,0.40587789365168553,0.0013995789436265019
2714,0,1,0.40744430026557604,0.0014049803457433657
7566,0,1,0.4034398429206247,0.001391171872140085
2,1,1,0.2842195419215793,0.0009800673859364803
8405,8,1,0.4039160756627362,0.0013928140540094352
8417,7,1,0.4175966859296843,0.0014399885721713252
9379,2,1,0.4217595662777683,0.0014543433319923044
2751,6,0,0.1593313836523293,0.0005494185643183768
649,7,1,0.2723298076347971,0.0009390683021889554
6170,7,1,0.40771851792347374,0.0014059259238740473
4411,8,1,0.3999674467306451,0.0013791980921746382
956,1,1,0.37535479535529964,0.001294326880535516
9514,6,0,-0.0060819209037988875,-2.097214104758237e-05
5306,8,1,0.3914472014207736,0.0013498179359337022
6453,3,1,0.39320915468234746,0.001355893636835681
7343,6,0,0.027576414081267153,9.509108303885226e-05
6332,4,1,0.4133105065826839,0.0014252086433885652
4064,7,1,0.40649443530326335,0.0014017049493215978
3749,6,0,0.30340710070723426,0.0010462313817490836
3607,4,1,0.4049456537755771,0.001396364323364059
8873,1,1,0.3280822750542359,0.0011313181898421926
8514,0,1,0.42463377902604366,0.0014642544104346332
8726,8,1,0.4123205021071728,0.00142179483485232
8094,2,1,0.41034239790931404,0.0014149737858941862
9619,8,1,0.41320194464391574,0.0014248342918755715
8572,6,0,0.3067147745136918,0.0010576371534954888
4692,9,1,0.4031878853734405,0.0013903030530118638
7879,4,1,0.42223434568031964,0.0014559805023459298
4618,6,0,0.240502968582092,0.0008293205813175586
8429,3,1,0.3982179170663133,0.0013731652312631494
6335,7,1,0.41194896358391125,0.0014205136675307284
6023,3,1,0.4030119512704889,0.001389696383691341
2072,3,1,0.4193856624826663,0.0014461574568367802
539,2,1,0.4203597158961623,0.0014495162617109043
7613,6,0,0.15767210832719664,0.0005436969252661953
6926,6,0,0.1361823349767668,0.00046959425854057517
2472,9,1,0.33673313901953117,0.0011611487552397627
247,4,1,0.353451544486833,0.0012187984292649414
300,4,1,0.2947754344100541,0.001016467015207083
5225,3,1,0.39448409277057855,0.0013602899750709606
1350,1,1,0.3175987101942567,0.001095167966187092
3124,1,1,0.3797161450768788,0.0013093660175064786
1495,3,1,0.3621749688342069,0.0012488792028765756
9123,2,1,0.4240352693636424,0.00146219058401256
7816,6,0,0.1506038253808109,0.0005193235357958996
6565,9,1,0.3636766382770329,0.001254057373369079
563,8,1,0.3647420123702889,0.0012577310771389272
6045,3,1,0.4224422831089075,0.0014566975279617501
7152,6,0,-0.0057374013883192965,-1.9784142718342402e-05
5307,0,1,0.3726997721752868,0.0012851716281906441
9460,3,1,0.4146937140742442,0.0014299783243939457
7024,3,1,0.4054225873659032,0.0013980089219513903
8595,0,1,0.4160628956071829,0.0014346996400247686
1800,6,0,0.352330556749326,0.0012149329543080208
3678,5,1,0.3648388653045113,0.001258065052774177
9527,0,1,0.4112088821945231,0.001417961662739735
6235,9,1,0.41365042604747554,0.0014263807794740535
5647,8,1,0.41384393669057806,0.0014270480575537174
223,7,1,0.3808230386365978,0.0013131828918503373
4198,9,1,0.4021478128347328,0.001386716595981837
5785,2,1,0.42253939646891475,0.0014570324016169474
2799,3,1,0.3761651732934075,0.0012971212872186465
397,5,1,0.3713215804655218,0.0012804192429845581
475,4,1,0.4234899028890587,0.0014603100099622713
819,3,1,0.4131723270189123,0.0014247321621341804
7684,6,0,-0.04791355457259833,-0.00016521915369861493
3909,2,1,0.4138471578095408,0.0014270591648604856
6913,1,1,0.2880291999333775,0.0009932041377013017
5284,4,1,0.4156213873144654,0.0014331771976360875
5994,6,0,-0.1171978312667718,-0.0004041304526440407
8200,6,0,0.28844565262674954,0.0009946401814715502
4550,9,1,0.39275044599188613,0.0013543118827306418
7371,8,1,0.42414945962604184,0.0014625843435380752
7593,0,1,0.41641172563882367,0.0014359025022028403
7116,6,0,-0.1625932568733363,-0.0005606664030115045
3622,6,0,0.020708036075812397,7.140702095107723e-05
7016,8,1,0.4095684809683599,0.001412305106787448
7344,1,1,0.323454746364694,0.0011153611943610139
1922,1,1,0.2728190485524537,0.0009407553398360473
138,6,0,0.016980998109522027,5.8555165894903545e-05
1293,6,0,0.2125338316973064,0.0007328752817148497
9012,4,1,0.3523656279422902,0.0012150538894561732
8398,7,1,0.3983540286208489,0.001373634581451203
2209,0,1,0.32267066229538943,0.0011126574561909981
9591,1,1,0.33714610325568684,0.001162572769847196
2648,9,1,0.4109453719415409,0.0014170530066949687
6139,3,1,0.42469193750607553,0.0014644549569175019
6684,7,1,0.372502148768409,0.0012844901681669275
7365,3,1,0.419064153585393,0.0014450488054668724
2745,3,1,0.41380356212367697,0.001426908834909231
4060,4,1,0.35822084050049285,0.0012352442775879064
1851,9,1,0.34547354895917715,0.0011912880998592315
8388,0,1,0.3993070412665192,0.0013769208319535146
5267,2,1,0.4131721800412091,0.001424731655314514
8399,6,0,-0.2027132522126463,-0.0006990112145263665
7511,5,1,0.41272727408849486,0.0014231974968568787
9245,9,1,0.42066564704532083,0.0014505711967080029
346,0,1,0.3557975926850895,0.0012268882506382395
4249,1,1,0.2864860473601749,0.0009878829219316376
6468,1,1,0.35750495440537566,0.001232775704846123
94,1,1,0.3607671236185409,0.0012440245642018652
9801,0,1,0.41960515362672535,0.001446914322850777
2655,1,1,0.28912718919644154,0.0009969903075739363
2298,8,1,0.38405782628756,0.001324337332026069
9752,2,1,0.4033854659167206,0.001390984365230071
1719,8,1,0.3984907738267465,0.0013741061166439535
2965,1,1,0.3359571798019676,0.0011584730337998884
4134,9,1,0.3835521498115467,0.0013225936200398163
3120,3,1,0.4249797674771803,0.0014654474740592425
281,9,1,0.385720712955985,0.0013300714239861552
1049,2,1,0.40681194365668827,0.0014027998057127183
7172,6,0,-0.028557487018527394,-9.847409316733585e-05
1979,9,1,0.3300592675305764,0.0011381354052778497
8811,3,1,0.4185678227732237,0.001443337319907668
5053,2,1,0.4147117371657294,0.0014300404729852738
7927,7,1,0.41858944326814557,0.001443411873338433
4858,1,1,0.32513796692897545,0.0011211654032033636
8536,1,1,0.3786066672544072,0.0013055402319117491
2656,0,1,0.4067446942485041,0.0014025679112017384
305,0,1,0.42374015202143755,0.001461172938004957
8939,3,1,0.3907290885440623,0.0013473416846346976
7499,9,1,0.35324628540283926,0.0012180906393201353
6767,3,1,0.41758262009465064,0.0014399400692918988
8588,6,0,0.24142154745977815,0.0008324880946888901
3787,3,1,0.4204503864398004,0.0014498289187579326
951,5,1,0.4083939944902102,0.0014082551534145178
9336,1,1,0.3114372882903329,0.0010739216837597687
1102,5,1,0.41892154635963613,0.0014445570564125384
214,9,1,0.4096961987693872,0.0014127455129978868
6233,1,1,0.28068073436675145,0.0009678646012646602
1880,6,0,0.34082716823260495,0.0011752660973538102
8594,2,1,0.4122670057032494,0.0014216103644939635
6711,0,1,0.42463814026510605,0.001464269449190021
9025,1,1,0.2997336847079953,0.0010335644300275698
2971,2,1,0.4004020508715459,0.0013806967271432617
9774,1,1,0.35184430805754147,0.0012132562346811775
8364,7,1,0.40295038959252266,0.0013894841020431815
6197,6,0,0.07144041938559248,0.00024634627374342234
7198,8,1,0.4041758834328401,0.0013937099428718625
8050,3,1,0.4229301415497083,0.00145837979844727
9931,1,1,0.3174336231349471,0.0010945987004653348
1960,8,1,0.3855831090958654,0.0013295969279167772
7222,3,1,0.42109302062779724,0.0014520448987165421
795,3,1,0.3050487466422863,0.0010518922298009873
9257,7,1,0.4110700891191628,0.0014174830659281477
3266,0,1,0.3742266767165556,0.0012904368162639846
5418,3,1,0.4097243590662226,0.0014128426174697332
173,3,1,0.400820685271081,0.0013821402940382102
2988,0,1,0.3753733688037942,0.001294390926909635
7909,2,1,0.4233777180561533,0.0014599231657108735
1208,3,1,0.40526423600649675,0.0013974628827810233
4887,0,1,0.39096155525114856,0.0013481432939694779
1959,0,1,0.2687656956668465,0.0009267782609201603
7791,0,1,0.41803178702921934,0.0014414889207904115
5021,5,1,0.3993392877284437,0.0013770320266498059
2173,4,1,0.4037070806038976,0.0013920933813927503
24,4,1,0.29308454152026464,0.0010106363500698781
9862,6,0,0.15179604434112065,0.0005234346356590367
5630,1,1,0.35043293336941217,0.0012083894254117662
5738,1,1,0.29093910039143145,0.0010032382772118325
2319,4,1,0.40070116986769977,0.0013817281719575854
1789,3,1,0.37273652910229477,0.0012852983762148096
5894,9,1,0.40577108244455495,0.0013992106291191551
5679,1,1,0.31894807046214424,0.0010998209326280835
9368,1,1,0.33968310626598963,0.0011713210560896194
8041,6,0,-0.03373335644330927,-0.00011632191877003196
1113,5,1,0.39626219395189255,0.001366421358454802
5883,2,1,0.41111665745547266,0.0014176436463981816
7780,0,1,0.4230885478266926,0.001458926026988595
2999,0,1,0.41355465168851946,0.0014260505230638601
8340,1,1,0.3500326075740497,0.001207008991634654
3777,1,1,0.25779567726494446,0.0008889506112584292
2079,6,0,-0.15359401701855052,-0.0005296345414432777
2906,3,1,0.4114597604452929,0.0014188267601561826
5986,4,1,0.38808752690980547,0.0013382328514131223
1817,2,1,0.3997250135810428,0.0013783621157966992
7790,1,1,0.32023664435076055,0.0011042642908646915
2854,9,1,0.3984915618446998,0.0013741088339472407
4712,5,1,0.39081067965724203,0.0013476230333008346
6231,1,1,0.3228268335900799,0.0011131959778968273
388,1,1,0.32164028080254653,0.0011091044165605054
2764,0,1,0.36398564751882184,0.001255122922478696
3695,0,1,0.411214503669284,0.0014179810471354622
4397,3,1,0.4021178247727205,0.00138661318887145
5646,1,1,0.26871614655475823,0.0009266074019129594
6163,0,1,0.42266010037360474,0.0014574486219779473
6889,8,1,0.3939144598714376,0.0013583257236946123
9488,0,1,0.40842369983076315,0.0014083575856233212
8021,0,1,0.4137606345249911,0.001426760808706866
7620,3,1,0.3989193853821545,0.0013755840875246707
7858,3,1,0.4193517855210871,0.0014460406397278865
4003,6,0,-0.04429964456068336,-0.00015275739503683918
7337,0,1,0.40958264872914096,0.0014123539611349688
8149,5,1,0.41157546386224503,0.0014192257374560173
1741,7,1,0.3634555875976258,0.0012532951296469856
260,8,1,0.40347591204361943,0.001391296248426274
2519,1,1,0.2905512605473045,0.001001900898438981
1669,8,1,0.3465729593535848,0.001195079170184775
2675,4,1,0.4161318539044845,0.001434937427256843
3575,7,1,0.39434727458436786,0.001359818188221958
1011,1,1,0.2870338210016017,0.0009897717965572472
7964,9,1,0.40928553488512176,0.001411329430638351
8701,3,1,0.4119430964342535,0.0014204934359801843
5038,3,1,0.40149288272927935,0.00138445821630786
2468,6,0,0.028158714542023178,9.709901566214889e-05
9892,8,1,0.2322392201559648,0.0008008248970895337
1692,0,1,0.42195511615574033,0.0014550176419163459
1184,2,1,0.3788707432478617,0.00130645083878573
6968,0,1,0.40444154420714706,0.0013946260145074037
6831,2,1,0.41602215256938563,0.001434559146790985
9556,1,1,0.3644549784127592,0.0012567413048715835
976,3,1,0.4131782127762937,0.0014247524578492885
8936,2,1,0.4086112273953275,0.0014090042323976811
9249,1,1,0.3415897499747146,0.0011778956895679813
8607,3,1,0.41526094740464087,0.0014319343013953134
9059,3,1,0.41560809892905054,0.0014331313756174157
1987,0,1,0.406246873093585,0.0014008512865296035
6829,1,1,0.2981835794701937,0.001028219239552392
6450,8,1,0.4136172080143635,0.001426266234532288
9188,9,1,0.39978626400144807,0.0013785733241429244
4304,1,1,0.289645122777055,0.0009987762854381207
7372,5,1,0.40578102286076045,0.0013992449064164155
7694,8,1,0.40369925541260565,0.0013920663979745023
8114,0,1,0.42369233699137965,0.0014610080585909643
3148,1,1,0.29237847243023174,0.0010082016290697646
2377,7,1,0.4156982429812182,0.0014334422171766146
4183,9,1,0.3883679215419226,0.0013391997294549057
5479,3,1,0.40929736976884135,0.0014113702405822116
3639,1,1,0.321743784478724,0.0011094613257887035
2497,9,1,0.4178402822296665,0.001440828559412643
4954,2,1,0.41699985818219365,0.0014379305454558402
4834,0,1,0.3646643369308933,0.0012574632307961837
6421,3,1,0.40745147821512323,0.0014050050972935285
91,6,0,-0.05768607847828022,-0.00019891751199406973
9235,3,1,0.419149687067813,0.0014453437485097002
2544,9,1,0.32342307500153383,0.0011152519827639098
72,2,1,0.4145277536077135,0.0014294060469231499
7817,0,1,0.4220594066497572,0.0014553772643095075
4816,2,1,0.3189656472007649,0.0010998815420716031
7294,5,1,0.3161680142650431,0.0010902345319484244
4336,6,0,-0.007148985473129699,-2.4651674045274824e-05
4292,1,1,0.2611888914380971,0.0009006513497865417
1580,4,1,0.31852145430567363,0.0010983498424333574
4763,5,1,0.3726933493222698,0.00128514948042162
328,7,1,0.38777313675786795,0.001337148747440924
3201,2,1,0.40479644629772193,0.0013958498148197308
5332,6,0,-0.12531761128913316,-0.00043212969410045914
9629,8,1,0.3548017883108451,0.00122345444245119
8354,3,1,0.4229177924970711,0.0014583372155071417
7750,3,1,0.4222428072204668,0.0014560096800705752
3594,7,1,0.4062054226310433,0.0014007083539001493
4867,5,1,0.40425259554947224,0.0013939744674119731
9725,1,1,0.3618415331731156,0.0012477294247348815
4987,4,1,0.23752339335602793,0.0008190461839863032
6243,7,1,0.41759304989190305,0.0014399760341100105
7225,0,1,0.3844547687465411,0.001325706099126004
2897,8,1,0.35047961467416805,0.0012085503954281658
1448,1,1,0.3269267711651787,0.00112733369367303
2542,6,0,0.3413860824416842,0.0011771933877299456
7504,7,1,0.3873832397736139,0.0013358042750814272
4643,1,1,0.3704683279719225,0.0012774769930066292
1633,1,1,0.29484660230686277,0.0010167124217478026
1718,7,1,0.40276388555834697,0.0013888409846839552
907,1,1,0.32024839264318566,0.0011043048022178815
6260,3,1,0.42265304876507503,0.0014574243060864656
9691,8,1,0.28716535863832043,0.000990225374614898
8407,3,1,0.42425301751412003,0.0014629414397038622
8617,7,1,0.37875080711350917,0.0013060372659086522
9830,5,1,0.37745631579712124,0.001301573502748694
8718,7,1,0.4137466523817511,0.0014267125944198314
8170,5,1,0.34773726061316435,0.0011990940021143598
1811,2,1,0.4195846223414653,0.0014468435253153977
6754,2,1,0.41729685047276155,0.001438954656802626
5516,3,1,0.4212007346397387,0.0014524163263439267
6570,3,1,0.22607952996168765,0.000779584586074785
5949,7,1,0.4116319584941699,0.0014194205465316203
368,6,0,-0.042350094540908545,-0.0001460348087617536
725,1,1,0.29437760567649596,0.001015095191987917
1834,1,1,0.31046729015845376,0.0010705768626153578
7105,6,0,-0.0965431957806327,-0.0003329075716573541
1359,7,1,0.29722775824088843,0.0010249233042789257
6457,8,1,0.40755223006611196,0.0014053525174693516
9756,6,0,0.3014748164310053,0.001039568332520708
5856,9,1,0.3830886117181916,0.0013209952128213503
115,4,1,0.27749136295644317,0.0009568667688153213
625,6,0,0.36049682124735216,0.001243092487059835
2978,3,1,0.415155383494433,0.0014315702879118379
6541,2,1,0.39182626775736196,0.0013511250612322826
4610,9,1,0.39243396802859076,0.0013532205794089336
107,1,1,0.183581305877547,0.0006330389857846448
128,8,1,0.42091744020401234,0.001451439448979353
4019,6,0,-0.020042588206965195,-6.911237312746619e-05
5641,2,1,0.4226015407880569,0.00145724669237261
6606,7,1,0.4016458448730238,0.001384985671975944
1349,2,1,0.38688537866989786,0.0013340875126548201
21,6,0,0.008588212716253152,2.9614526607769488e-05
4879,8,1,0.256517463658531,0.0008845429781328656
9178,6,0,-0.041363386015098036,-0.00014263236556930357
8956,7,1,0.39566748581233097,0.0013643706407321758
6369,4,1,0.3695717640011319,0.0012743853931073514
1078,4,1,0.3105465443469224,0.0010708501529204221
9654,3,1,0.39574133586496446,0.0013646252960860844
9789,4,1,0.3435324316792764,0.0011845945919975048
3211,1,1,0.32713739705939693,0.0011280599898599894
7437,5,1,0.3762076119471847,0.0012972676274040852
6202,1,1,0.26137550985499325,0.0009012948615689422
9196,7,1,0.41784531643834444,0.001440845918752912
9594,1,1,0.29984066838329193,0.0010339333392527308
1765,3,1,0.40325828018513593,0.001390545793741848
6824,6,0,-0.07864343114633815,-0.0002711842453322005
7848,2,1,0.41888909066736324,0.001444445140232287
1564,7,1,0.35740016116810425,0.001232414348855532
9582,3,1,0.40933015038010667,0.0014114832771727815
4737,8,1,0.24281123904930663,0.0008372801346527815
5942,0,1,0.4236257726227352,0.0014607785262852938
7334,7,1,0.39973193060953566,0.0013783859676190886
8832,4,1,0.3947846474722492,0.0013613263705939626
5220,9,1,0.39824781805546006,0.001373268338122276
7271,2,1,0.4004795928381541,0.0013809641132350142
3097,1,1,0.3511360099778249,0.001210813827509741
6349,3,1,0.4231613420305221,0.001459177041484559
8265,7,1,0.40568805316264006,0.001398924321250483
848,1,1,0.275845131100314,0.0009511901072424621
4460,7,1,0.38469249436728975,0.0013265258426458267
1916,6,0,-0.0038490875349038167,-1.3272715637599369e-05
9522,7,1,0.42266604998769713,0.0014574691378886108
4982,8,1,0.40133631837059003,0.0013839183392089312
6252,6,0,-0.09367811077576876,-0.0003230279681923061
944,3,1,0.3843544487649063,0.0013253601681548495
5078,3,1,0.412919469276639,0.001423860238884962
9647,0,1,0.40906053026031985,0.0014105535526217927
8166,1,1,0.32842554789402234,0.0011325018892897323
9765,7,1,0.37200413768229124,0.001282772888559625
4675,0,1,0.37445823917064563,0.001291235307484985
3989,0,1,0.1930113170396515,0.0006655562656539707
1668,9,1,0.37010827129591584,0.0012762354182617786
4185,1,1,0.33649993060191474,0.0011603445882824646
5761,2,1,0.41988944012682977,0.0014478946211269991
551,7,1,0.3336083074933027,0.001150373474114837
6512,9,1,0.4182238087690092,0.0014421510647207214
8974,7,1,0.4165043122292474,0.0014362217663077496
9887,8,1,0.28070901756628525,0.0009679621295389146
1707,1,1,0.3013219346635499,0.001039041154012241
510,7,1,0.4004816189688723,0.001380971099892663
2632,3,1,0.4145522866300125,0.0014294906435517673
2713,0,1,0.38581178723846726,0.001330385473236094
3377,4,1,0.23158901295214196,0.0007985828032832481
1850,8,1,0.3802478517121299,0.0013111994886625168
7862,8,1,0.42244197882699813,0.0014566964787137867
2251,4,1,0.41942679309455977,0.0014462992865329647
4543,8,1,0.3851542129216692,0.0013281179755919627
5448,4,1,0.3704205992867569,0.0012773124113336445
704,0,1,0.3971569900797918,0.0013695068623441097
3863,5,1,0.3546913099079652,0.0012230734824412593
1282,9,1,0.4152380528265919,0.0014318553545744548
6866,5,1,0.41256191330811653,0.0014226272872693675
7570,2,1,0.42249082360632506,0.0014568649089873279
9007,3,1,0.4229280731594937,0.0014583726660672197
5438,8,1,0.4028152399084902,0.0013890180686499662
3358,0,1,0.3934803156517296,0.0013568286746611364
2578,7,1,0.3404271503390632,0.0011738867253071144
6353,7,1,0.41104051275964487,0.001417381078481534
6371,3,1,0.4172851991635477,0.0014389144798743025
6164,7,1,0.42128582223472,0.0014527097318438621
3747,1,1,0.32611068383443886,0.0011245195994290995
5363,7,1,0.4034106028713596,0.0013910710443839987
4693,7,1,0.4212051606121524,0.001452431588317767
972,0,1,0.42372467358827093,0.001461119564097486
558,9,1,0.40631850917176415,0.0014010983074888418
3862,2,1,0.3877662121699842,0.0013371248695516697
87,3,1,0.3969112722520389,0.0013686595594897895
3846,6,0,0.3818392677331162,0.001316687130114194
7786,9,1,0.41835957250191547,0.0014426192155238464
1154,0,1,0.4136151732955459,0.0014262592182605032
9014,6,0,0.31689313836295063,0.0010927349598722435
1854,6,0,0.2061283792748502,0.0007107875147408627
380,0,1,0.4194954965893178,0.0014465361951355785
672,1,1,0.3020807264057289,0.0010416576772611342
6916,9,1,0.37830023782396843,0.0013044835787033393
4788,0,1,0.33249301369809303,0.0011465276334417002
3287,9,1,0.3967086641439066,0.0013679609108410572
6554,2,1,0.31244359587769444,0.0010773917099230843
1169,5,1,0.40465491135941933,0.0013953617633083424
1188,0,1,0.3431895196225919,0.0011834121366296273
5028,3,1,0.41959375406875865,0.0014468750140302022
2143,7,1,0.3726370647696533,0.0012849553957574253
2334,7,1,0.4086480418528321,0.0014091311788028693
7341,4,1,0.4093034777842591,0.0014113913027043415
9537,4,1,0.40985987435043864,0.0014133099115532367
8653,5,1,0.4004391491252859,0.0013808246521561582
6415,5,1,0.40576392351429047,0.0013991859431527257
889,1,1,0.31010588815978113,0.0010693306488268315
8257,7,1,0.4075770161849775,0.00140543798684475
4407,9,1,0.3655327932869065,0.0012604579078858845
6495,8,1,0.41599865427671934,0.0014344781181955838
3780,4,1,0.3851707729024887,0.001328175078974099
8561,3,1,0.42318426951717186,0.0014592561017833512
7453,1,1,0.31958454471068426,0.0011020156714161525
5971,9,1,0.4024353849426302,0.0013877082239401042
4508,8,1,0.40993832994530305,0.001413580448087252
9927,4,1,0.3572040673246225,0.0012317381631883535
7514,8,1,0.39096691225677227,0.001348161766402663
2156,6,0,0.009925542696960554,3.422600929986398e-05
9946,1,1,0.32039263268356777,0.0011048021816674751
2451,8,1,0.41004205990534703,0.001413938137604645
828,2,1,0.4079136385987924,0.0014065987537889395
2972,0,1,0.39555962020114666,0.0013639986903487816
7142,5,1,0.38582425573922907,0.001330428468066307
8725,8,1,0.41714905535522423,0.0014384450184662903
1938,4,1,0.27154132060661507,0.0009363493814021209
7657,4,1,0.37832604963365446,0.001304572584943636
7880,6,0,0.040668781277985455,0.0001402371768206395
709,8,1,0.40565034056326466,0.001398794277804361
2219,8,1,0.3958921527506799,0.0013651453543126893
2890,7,1,0.32198977805900986,0.0011103095795138272
6734,4,1,0.4102316885720734,0.001414592029558874
7250,3,1,0.422200766056795,0.0014558647105406724
9489,1,1,0.3179254310498128,0.0010962945898269406
7859,5,1,0.40485705537146344,0.001396058811625736
6655,9,1,0.4055219019956097,0.0013983513861917578
8024,6,0,-0.026197650318454335,-9.033672523604943e-05
8753,3,1,0.42100403675196857,0.001451738057765409
6419,1,1,0.34252590138394057,0.001181123797875657
986,6,0,-0.04009365136572218,-0.00013825397022662822
9366,6,0,0.1316147328555315,0.00045384390639838446
4435,3,1,0.3237516470876146,0.0011163849899572917
8951,0,1,0.40129315468290194,0.0013837694989065584
209,9,1,0.4196745343899493,0.001447153566861894
5843,5,1,0.3972933722486362,0.0013699771456849525
5980,0,1,0.4147177640165442,0.0014300612552294628
5334,7,1,0.397743851297965,0.0013715305217171208
1470,8,1,0.40402376021344627,0.0013931853800463665
3084,7,1,0.325379223345632,0.0011219973218814898
4061,7,1,0.40030499883225357,0.0013803620649388054
4463,5,1,0.31070445194078145,0.0010713946618647636
6478,0,1,0.4177936288842101,0.001440667685807621
5003,8,1,0.4201370347646078,0.0014487483957400268
9391,5,1,0.421434744060581,0.0014532232553813138
6903,9,1,0.40966872593539505,0.001412650779087569
2260,2,1,0.3909526614572535,0.0013481126257146672
2507,7,1,0.3384639104655971,0.00116711693263999
2203,8,1,0.3822438745830455,0.0013180823261484326
4418,2,1,0.41423484602336247,0.0014283960207702154
8741,5,1,0.3644017199043744,0.0012565576548426705
5532,7,1,0.37187754770629694,0.0012823363714010239
9356,1,1,0.26525083555609097,0.000914658053641693
3849,0,1,0.4242088604837527,0.001462789174081906
9228,5,1,0.3871442480917313,0.0013349801658335562
7592,9,1,0.3794085431120268,0.0013083053210759545
4923,0,1,0.420305647503636,0.0014493298189780554
1100,7,1,0.4161639642947321,0.0014350481527404557
5100,9,1,0.38810434634314794,0.0013382908494591309
2352,6,0,0.11654800451172037,0.0004018896707300702
6272,3,1,0.42208196908362655,0.0014554550658056088
7004,8,1,0.394237813568627,0.0013594407364435415
2695,7,1,0.37483618136011776,0.0012925385564141992
9023,9,1,0.42047946321507623,0.001449929183500263
9696,2,1,0.41703523707768453,0.001438052541647188
2373,4,1,0.36761885592087495,0.001267651227313362
5675,8,1,0.3852798973603301,0.0013285513702080347
8457,9,1,0.42004071508844665,0.001448416258925678
8507,5,1,0.4005225504256015,0.0013811122428469015
6359,8,1,0.40426003883045947,0.0013940001338981361
2528,9,1,0.3532762256590556,0.0012181938815829503
5081,1,1,0.28383861077222905,0.0009787538302490656
7350,3,1,0.40851218651576937,0.0014086627121233427
6290,3,1,0.4152831374425712,0.001432010818767487
739,5,1,0.3217397595450775,0.0011094474467071638
7006,3,1,0.41112050089674573,0.001417656899643951
5179,7,1,0.4072935058405324,0.0014044603649673532
691,8,1,0.41187767323205343,0.0014202678387312188
4532,3,1,0.4183323415140864,0.001442525315565815
5105,2,1,0.4154797552747999,0.0014326888112924136
4527,0,1,0.4023106604480827,0.0013872781394761472
3076,4,1,0.4184057279995686,0.0014427783724123055
1839,2,1,0.4094738132687013,0.0014119786664437976
9454,6,0,0.030813714328623898,0.0001062541873400824
5215,3,1,0.3949105397062212,0.0013617604817455903
1420,6,0,0.04918990778272525,0.00016962037166456983
7224,9,1,0.4019585867612028,0.0013860640922800096
196,1,1,0.2746539681998252,0.0009470826489649144
7021,7,1,0.4094922541140234,0.0014120422555655978
7231,0,1,0.4032600925588204,0.0013905520433062772
2489,4,1,0.4187790649429823,0.0014440657411826975
7441,6,0,0.07436366953505119,0.00025642644667259033
8017,9,1,0.4169854438076623,0.001437880840716077
6630,6,0,-0.0695791669992768,-0.00023992816206647172
2870,9,1,0.365378831978799,0.001259927006823445
8869,6,0,0.016071699978575493,5.541965509853618e-05
5525,4,1,0.33796258565119863,0.0011653882263834435
2717,0,1,0.3894708119425583,0.001343002799801925
6277,5,1,0.39732170518417426,0.00137007484546267
6340,2,1,0.4132386314754142,0.0014249607981910834
721,0,1,0.4168811817908749,0.0014375213165202583
6049,8,1,0.3748114844700988,0.0012924533947244786
9899,7,1,0.39493154015220433,0.0013618328970765666
1254,1,1,0.2983316808762053,0.0010287299340558803
1503,3,1,0.3827388615577466,0.0013197891777853331
1195,0,1,0.3849772656733703,0.0013275078126667942
1618,5,1,0.42435357976442706,0.0014632882060842311
9733,9,1,0.4026144771855292,0.0013883257833983765
5019,3,1,0.4150136965651386,0.0014310817122935814
7308,2,1,0.42382683498492263,0.0014614718447755952
2365,7,1,0.40187203454869924,0.001385765636374825
7374,3,1,0.4149358436891584,0.0014308132541005463
3995,3,1,0.3942027211800731,0.0013593197282071486
5194,5,1,0.35522160381057516,0.0012249020821054315
8919,8,1,0.4136071198207991,0.001426231447657928
8953,9,1,0.38302501659202925,0.0013207759192828594
5084,4,1,0.38075758007200655,0.0013129571726620915
7423,4,1,0.34884403717899615,0.0012029104730310212
4906,4,1,0.41869730587286735,0.001443783813354715
2246,8,1,0.32762330215825,0.0011297355246836205
1322,9,1,0.31437060788708615,0.0010840365789209867
7895,9,1,0.41755417887590546,0.001439841996123812
9130,6,0,0.15632254272991714,0.0005390432507928177
2111,8,1,0.399564499400916,0.0013778086186238482
4510,2,1,0.41905690966508746,0.001445023826431336
1547,4,1,0.3545875661901283,0.001222715745483201
3001,9,1,0.369741045828884,0.0012749691235478759
6573,5,1,0.3362461374430583,0.0011594694394588218
9144,9,1,0.38651046116026044,0.0013327946936560705
7401,3,1,0.42005145590077964,0.001448453296209585
5043,0,1,0.4222829245456418,0.001456148015674627
7574,4,1,0.38107254920931655,0.0013140432731355743
3074,3,1,0.40150661419989964,0.0013845055662065505
4415,2,1,0.42182921256921474,0.001454583491617982
8051,4,1,0.41175663182077493,0.0014198504545543964
3991,6,0,0.034342124766344295,0.00011842111988394584
1128,3,1,0.41023810354523665,0.0014146141501559884
7961,8,1,0.4185712966733978,0.0014433492988737856
1238,1,1,0.3148517975014762,0.0010856958534533662
364,5,1,0.41009931449047565,0.0014141355672085368
6788,5,1,0.3666322116590734,0.0012642490057209427
2204,0,1,0.38403358481415234,0.0013242537407384563
3160,9,1,0.25175921541018437,0.0008681352255523599
3554,6,0,-0.038829986114144566,-0.00013389650384187783
4619,6,0,0.138938400361872,0.0004790979322823172
8469,1,1,0.3754398454038662,0.0012946201565650559
6562,2,1,0.34552434748330796,0.0011914632671838205
1004,1,1,0.3272452460461849,0.0011284318829178788
1844,1,1,0.3309654808607214,0.0011412602788300739
953,4,1,0.38575056056483503,0.0013301743467752933
7934,1,1,0.32876684250732235,0.0011336787672666289
9189,0,1,0.4229152062910072,0.0014583282975551973
7501,3,1,0.40439181359277365,0.001394454529630254
2360,6,0,0.04859850994993414,0.00016758106879287635
134,8,1,0.4054143864810123,0.0013979806430379734
5498,7,1,0.4040937087043752,0.0013934265817392248
7831,3,1,0.42218365838870353,0.0014558057185817363
5282,2,1,0.42323155763173526,0.0014594191642473629
7481,8,1,0.39821730914715553,0.0013731631349901915
9600,5,1,0.39691806071557434,0.001368682967984739
1775,0,1,0.39760173867212434,0.001371040478179739
5437,7,1,0.40695753941604407,0.0014033018600553243
2753,1,1,0.33179723350550194,0.0011441283913982826
2671,7,1,0.3889402073312052,0.0013411731287282938
2162,5,1,0.41115969326080853,0.001417792045726926
3597,9,1,0.4176472444606662,0.0014401629119333316
4248,2,1,0.3805785454517824,0.0013123398119026979
1183,9,1,0.39055976239144763,0.0013467578013498195
9420,8,1,0.4025072924892841,0.0013879561809975313
5326,7,1,0.4091247920871449,0.001410775145128086
553,8,1,0.3865982918539257,0.0013330975581169852
1244,7,1,0.4032586160473436,0.0013905469518873917
4165,8,1,0.34577305328919805,0.0011923208734110277
4211,6,0,0.16339478864329665,0.0005634303056665402
2039,6,0,0.23964267913293377,0.0008263540659756337
5274,4,1,0.4057471596169546,0.0013991281366101884
3067,6,0,0.2854014475642496,0.0009841429226353435
2184,2,1,0.4161815109719166,0.0014351086585238503
6068,6,0,0.248262135321881,0.0008560763286961414
3013,0,1,0.4237577824353078,0.001461233732535544
8553,5,1,0.4242927900225638,0.001463078586284703
4150,0,1,0.4239394380470175,0.001461860131196612
8887,1,1,0.37897512090303953,0.001306810761734619
9410,8,1,0.3727804501332832,0.0012854498280458042
265,1,1,0.3318552607888925,0.0011443284854789396
3473,8,1,0.4054290118912845,0.001398031075487188
1661,3,1,0.39094562506354347,0.001348088362288081
8262,2,1,0.37627284650479226,0.001297492574154456
2252,7,1,0.3405457338060109,0.0011742956338138307
2882,4,1,0.4166899588124587,0.0014368619269395128
9127,6,0,-0.05883167290210023,-0.00020286783759344907
2346,5,1,0.40336561455604225,0.0013909159122622147
8528,0,1,0.42517081877360524,0.0014661062716331216
6154,8,1,0.4230154169805366,0.0014586738516570226
6186,5,1,0.4092878977056327,0.001411337578295285
8943,2,1,0.41982840812986594,0.001447684165965055
13,0,1,0.411836607314206,0.0014201262321179519
1655,9,1,0.36561790294703955,0.0012607513894725502
2769,9,1,0.36240538186757615,0.0012496737305778488
4674,1,1,0.3089224226057532,0.0010652497331232868
3819,4,1,0.4147931166860238,0.0014303210920207717
2837,7,1,0.3996707538158052,0.0013781750131579488
2891,2,1,0.40902995406045883,0.0014104481174498581
7549,6,0,-0.03010476611346935,-0.0001038095383223081
1712,0,1,0.4239796477260216,0.0014619987852621434
8335,0,1,0.4182620093385724,0.0014422827908226635
1307,6,0,0.034602681067169405,0.00011931958988679105
6849,2,1,0.41834186683439856,0.001442558161497926
7378,8,1,0.41512143788033,0.0014314532340701034
9398,5,1,0.41032068691066337,0.001414898920381598
2312,3,1,0.3277079027930186,0.0011300272510104089
3608,0,1,0.4231582763858177,0.001459166470295923
8852,6,0,-0.059869687782496295,-0.00020644719924998723
5621,8,1,0.4094845858251969,0.0014120158131903343
8876,3,1,0.4092572130401217,0.0014112317691038678
639,9,1,0.3959634935020696,0.0013653913569036883
6667,6,0,-0.00676414295426514,-2.3324630876776346e-05
4734,2,1,0.41262841760729524,0.001422856612438949
543,8,1,0.31706177809839364,0.0010933164762013574
9951,0,1,0.3955622656167035,0.0013640078124713914
7898,0,1,0.42278395220422144,0.001457875697255936
6997,4,1,0.3796269013970657,0.0013090582806795368
9524,3,1,0.3835991895252997,0.0013227558259493093
6054,7,1,0.38355042602843004,0.0013225876759601035
1250,6,0,-0.08382648778091867,-0.00028905685441696095
1649,4,1,0.3722829365346906,0.0012837342639127262
1974,6,0,-0.05625081114899683,-0.0001939683143068856
1057,4,1,0.3312931679535248,0.0011423902343224994
151,9,1,0.4212222546446652,0.001452490533257466
6923,0,1,0.3843099607715336,0.0013252067612811503
599,9,1,0.4108396821001842,0.0014166885589661524
8111,0,1,0.42283167000503463,0.0014580402413966712
6847,6,0,0.1312819961967771,0.00045269653860957625
8629,0,1,0.3803931489354641,0.001311700513570566
3189,7,1,0.3072830280216871,0.0010595966483506452
3181,6,0,0.30646947849632156,0.0010567913051597296
3475,3,1,0.35087049941334675,0.0012098982738391268
1573,8,1,0.3081542812014277,0.0010626009696600954
8890,6,0,-0.0012765647046109052,-4.401947257278984e-06
6752,0,1,0.41841140557982576,0.0014427979502752613
1384,3,1,0.30752954681019384,0.0010604467131385994
8977,9,1,0.40555146198098524,0.0013984533171758112
9267,4,1,0.4108357368489689,0.0014166749546516168
6697,7,1,0.3572962727163983,0.0012320561128151665
1143,7,1,0.42011669716839223,0.0014486782660979042
7493,7,1,0.34110983707384873,0.0011762408174960301
3800,6,0,-0.06628485859244032,-0.00022856847790496662
4640,8,1,0.4015184722970421,0.001384546456196697
5614,1,1,0.3410009860403271,0.001175865469104576
9893,2,1,0.40580854861784993,0.0013993398228201721
2705,1,1,0.3754911184159636,0.001294796960055047
9304,2,1,0.33841467270447956,0.001166947147256826
9363,3,1,0.3954871382856371,0.0013637487527090933
9371,4,1,0.4209714260802514,0.0014516256071732806
6310,1,1,0.33138185608825166,0.0011426960554767299
2826,6,0,0.2938701235856265,0.0010133452537435395
3901,6,0,0.29064471592242086,0.0010022231583531754
9307,8,1,0.4012444135715312,0.001383601426108728
6034,3,1,0.4074843550994329,0.0014051184658601136
2709,4,1,0.3676214887866315,0.0012676603061607982
252,9,1,0.41042277806244803,0.0014152509588360278
9963,7,1,0.38156665678965207,0.0013157470923781105
9094,9,1,0.4161162834849065,0.0014348837361548498
7482,2,1,0.4162842561916173,0.0014354629523848873
7427,6,0,0.13603473817756861,0.00046908530406058145
4636,2,1,0.41401728313938635,0.0014276458039289184
6352,2,1,0.4208222586774616,0.0014511112368188331
1179,1,1,0.28430677272336125,0.000980368181804694
4390,8,1,0.41645915274671563,0.0014360660439541918
4642,0,1,0.3344346452372874,0.0011532229146113359
4042,4,1,0.4193287918904346,0.0014459613513463261
1859,8,1,0.4222184064091602,0.0014559255393419316
810,7,1,0.41900547730425314,0.0014448464734629419
7213,6,0,0.24581546676036806,0.0008476395405529933
184,8,1,0.33037640664057355,0.0011392289884157708
2427,3,1,0.4072189057662541,0.0014042031233319106
670,4,1,0.39697898322094294,0.0013688930455894584
7974,5,1,0.40569558870814143,0.0013989503058901428
9590,5,1,0.3938497405237896,0.001358102553530309
3533,4,1,0.39239461157737837,0.0013530848675082012
472,6,0,-0.02335585170288601,-8.053741966512418e-05
6582,4,1,0.3865399378009104,0.0013328963372445186
1445,0,1,0.38915101747743164,0.0013419000602670056
8123,6,0,0.27878345736040905,0.0009613222667600312
5013,1,1,0.27645092189631854,0.0009532790410217881
1446,2,1,0.41577709522921463,0.0014337141214800504
9328,7,1,0.35067251941632815,0.0012092155841942351
347,5,1,0.4092767499648319,0.001411299137809765
5617,4,1,0.3602495165263789,0.0012422397121599272
8336,6,0,0.2590493807199412,0.000893273726620487
2092,2,1,0.3950327137815111,0.0013621817716603832
8313,7,1,0.39378985581040116,0.0013578960545186248
3339,2,1,0.3508033777813324,0.001209666819935629
2781,9,1,0.40418061223163215,0.0013937262490745937
2463,7,1,0.31529522110685626,0.0010872249003684698
6769,4,1,0.40330034883369925,0.0013906908580472387
6103,3,1,0.4234920930123712,0.0014603175621116246
1874,5,1,0.31261136417973767,0.0010779702213094403
4565,6,0,-0.048531606255270754,-0.00016735036639748535
2853,3,1,0.3867077800703055,0.0013334751036907086
7442,1,1,0.36463093559570536,0.0012573480537782945
6955,8,1,0.4174623664450867,0.0014395254015347819
8387,7,1,0.41697029254178714,0.0014378285949716797
3370,4,1,0.4202210188281574,0.0014490379959591635
5871,9,1,0.38030712391681165,0.0013114038755752126
7745,8,1,0.4236665616400386,0.0014609191780690985
3461,7,1,0.4036692077857986,0.0013919627854682712
512,2,1,0.3898376168940963,0.001344267644462401
4126,8,1,0.3489921223498012,0.0012034211115510387
2667,8,1,0.3917356368585974,0.0013508125408917152
437,3,1,0.42457991483596125,0.0014640686718481422
5616,3,1,0.42197753223573425,0.0014550949387439113
220,7,1,0.4125436340174842,0.001422564255232704
1255,9,1,0.3659657015566574,0.0012619506950229567
6433,4,1,0.3771821415567854,0.0013006280743337428
5739,2,1,0.42114534420970945,0.001452225324861067
9572,8,1,0.3858019602182678,0.0013303515869595441
5464,4,1,0.41543376652400116,0.0014325302293931074
60,7,1,0.4022520953613009,0.0013870761909010377
7032,7,1,0.39052571513395434,0.0013466403970136356
8099,1,1,0.3273828745277142,0.0011289064638886697
4483,4,1,0.3782591908957039,0.0013043420375713928
4641,0,1,0.3970501404583362,0.001369138415373573
2810,5,1,0.4098716748484269,0.0014133506029256101
5844,6,0,0.19633642360784404,0.000677022150371876
4479,9,1,0.41300013902274174,0.0014241384104232474
3516,8,1,0.3207680304988824,0.001106096656892698
9248,7,1,0.4155363069202434,0.0014328838169663566
655,8,1,0.42385354240732,0.0014615639393355862
6550,6,0,-0.06816712263487562,-0.00023505904356853664
7535,9,1,0.3919165000629431,0.0013514362071135968
3805,0,1,0.3410711747039622,0.00117610749897918
7299,1,1,0.33727536929383345,0.0011630185148063222
1380,9,1,0.3501248990138708,0.0012073272379788647
3023,8,1,0.3888940647930854,0.0013410140165278808
154,1,1,0.290747644578067,0.0010025780847519553
5362,4,1,0.3693758136167436,0.001273709702126702
577,3,1,0.37990470263049153,0.0013100162159672122
5531,0,1,0.41339331968398974,0.0014254942058068612
7727,0,1,0.38869951518370666,0.001340343155805885
6027,2,1,0.38079984775229403,0.0013131029232837726
9990,7,1,0.408340249974833,0.001408069827499424
6149,7,1,0.41894927890907435,0.0014446526858933597
8830,2,1,0.4215387579136546,0.0014535819238401882
9165,9,1,0.3543024146176895,0.0012217324641989294
2636,8,1,0.41532115516763995,0.0014321419143711722
5040,7,1,0.37609428703464115,0.0012968768518435902
5846,8,1,0.41281568671330215,0.001423502367976904
8613,4,1,0.3846880097171067,0.0013265103783348508
4624,7,1,0.2777295031192778,0.0009576879417906131
271,0,1,0.38946769355109023,0.0013429920467278973
2597,5,1,0.39374861692499186,0.0013577538514654892
8708,1,1,0.32246973579796534,0.0011119646061998804
3132,1,1,0.4064078172438612,0.0014014062663581421
6838,8,1,0.418038652489296,0.001441512594790676
1097,1,1,0.21668434059921374,0.0007471873813765991
8342,0,1,0.3958440826809683,0.001364979595451615
1377,6,0,0.3670313154715267,0.001265625225763885
6344,0,1,0.35873984933195696,0.0012370339632136447
9216,9,1,0.41202362376382257,0.0014207711164269743
9162,0,1,0.4092186588702211,0.0014110988236904175
6069,7,1,0.42388161298731836,0.0014616607344390287
8144,7,1,0.404707590810628,0.0013955434165883725
7594,9,1,0.36351584474032517,0.001253502912897673
3139,8,1,0.4071684175181399,0.0014040290259246205
7534,8,1,0.3825750508713234,0.0013192243133493908
4546,2,1,0.3994899241936164,0.0013775514627366082
1982,6,0,0.26451165590440273,0.0009121091582910439
9390,3,1,0.41921089325144856,0.00144555480431534
8154,3,1,0.4143631260575328,0.0014288383657156303
7893,3,1,0.41924462513431165,0.0014456711211527989
1279,4,1,0.3447241161526169,0.0011887038488021273
2022,4,1,0.3228040309313175,0.0011131173480390258
8461,3,1,0.41690696308913355,0.0014376102175487364
6610,9,1,0.3134751885823644,0.001080948926146084
8606,7,1,0.36940674353036895,0.0012738163570012722
7080,8,1,0.40081527886386936,0.0013821216512547219
1010,4,1,0.418524553901882,0.0014431881169030413
5311,9,1,0.40623302424451413,0.001400803531877635
7567,1,1,0.3654884253675536,0.0012603049150605296
701,0,1,0.4219076252328338,0.00145485388011322
5881,8,1,0.4103544211102107,0.001415015245207623
8958,8,1,0.42144093146623024,0.001453244591262863
2646,7,1,0.32653840752502344,0.0011259945087069773
297,0,1,0.4128198759560123,0.001423516813641422
6228,9,1,0.4223032580990391,0.001456218131375997
5344,9,1,0.4093008258643482,0.0014113821581529249
8106,7,1,0.4106368778585451,0.001415989233994983
8292,2,1,0.4129944942972146,0.001424118945852464
7673,5,1,0.3042348747075458,0.0010490857748536061
4065,0,1,0.3305627426927773,0.0011398715265268182
1869,9,1,0.3861644207239674,0.0013316014507723014
7595,3,1,0.4089864917726238,0.0014102982474918063
4814,6,0,0.379320636445,0.0013080021946379312
2007,4,1,0.4116692967661517,0.0014195492991936267
374,8,1,0.3823700940301341,0.001318517565621152
5217,2,1,0.4122849694993178,0.0014216723086183372
6465,3,1,0.42444066714135087,0.0014635885073839684
480,1,1,0.29709016652775755,0.0010244488500957157
6481,3,1,0.4174694036918324,0.0014395496679028702
5488,5,1,0.4012816695299623,0.0013837298949309045
200,3,1,0.4232581097974895,0.001459510723439619
9741,9,1,0.410261718884545,0.0014146955823605
2293,9,1,0.3954779712537618,0.0013637171422543508
6241,0,1,0.374948236422616,0.0012929249531814344
6822,4,1,0.40023195461590044,0.0013801101883306913
4241,0,1,0.39556836223850683,0.0013640288353051959
5496,7,1,0.3834632236409084,0.001322286978072098
718,8,1,0.3976812484095946,0.0013713146496882574
4014,1,1,0.32177863376379434,0.0011095814957372218
2849,8,1,0.3937589591238421,0.0013577895142201453
6116,3,1,0.422437315477445,0.0014566803981980862
728,2,1,0.41718611553522444,0.0014385728121904292
9477,2,1,0.3937397902891476,0.001357723414790164
395,5,1,0.33849169824053443,0.001167212752553567
1393,5,1,0.35443495563988914,0.0012221895022065143
8986,1,1,0.3707052343959302,0.0012782939117101043
3652,1,1,0.24505618889239844,0.0008450213410082705
9030,1,1,0.35533291823174756,0.0012252859249370605
536,2,1,0.3435422209468211,0.0011846283480924865
35,2,1,0.41795276123658764,0.0014412164180571988
7310,6,0,0.09517662155959422,0.00032819524675722147
108,9,1,0.3959254743348792,0.0013652602563271696
3885,9,1,0.41386397004822884,0.0014271171380973407
2845,9,1,0.4217309251076971,0.0014542445693368866
3453,7,1,0.3477362540221049,0.0011990905311107065
7687,2,1,0.42065360925312106,0.0014505296870797278
1347,7,1,0.3932752820911308,0.0013561216623832095
3778,5,1,0.2924817379516269,0.0010085577170745755
3950,9,1,0.3919728228849656,0.0013516304237412608
3544,4,1,0.33365731541611937,0.0011505424669521359
8911,7,1,0.39768895214919925,0.0013713412143075837
5555,3,1,0.4209439234671972,0.0014515307705765422
7154,2,1,0.4221075485458536,0.001455543270847771
1651,8,1,0.3474527270714121,0.0011981128519703867
6721,2,1,0.39634456221736963,0.001366705386956447
4946,4,1,0.3872245200858239,0.0013352569658131859
2457,4,1,0.38005541820340727,0.0013105359248393354
4352,3,1,0.3868615540987353,0.0013340053589611562
6289,3,1,0.41502230932497813,0.001431111411465442
588,5,1,0.4206904879389412,0.0014506568549618663
2552,8,1,0.3992503902555826,0.00137672548363994
2520,8,1,0.35386640513155504,0.0012202289832122589
7528,2,1,0.4194279483833726,0.0014463032702874917
2126,2,1,0.3893056644129532,0.0013424333255619076
2731,3,1,0.3210218994941806,0.0011069720672213124
5432,5,1,0.39027572923410603,0.001345778376669331
5276,6,0,-0.1294664751640962,-0.00044643612125550415
9791,0,1,0.40032072321774337,0.0013804162869577358
3167,3,1,0.2476247653608232,0.000853878501244218
3914,6,0,0.16910472908889507,0.0005831197554789485
6591,6,0,0.1650375846134151,0.0005690951193566038
7178,5,1,0.25924841869849874,0.0008939600644775819
2894,0,1,0.40393785211576055,0.0013928891452267605
6628,1,1,0.2774990279943066,0.0009568931999803676
438,7,1,0.3771049587352334,0.0013003619266732187
7410,0,1,0.4106875515759303,0.0014161639709514837
7677,7,1,0.35497979752679243,0.001224068267333767
3203,1,1,0.26841166178629744,0.0009255574544355085
3864,0,1,0.3987316895357409,0.001374936860468072
8864,3,1,0.4085830194219281,0.00140890696352389
4283,9,1,0.40028918475617165,0.0013803075336419712
2440,4,1,0.40841862191584194,0.0014083400755718688
997,0,1,0.4232712474503017,0.0014595560256906955
1924,4,1,0.37474789657601715,0.001292234126124197
1167,4,1,0.39107082359725265,0.0013485200813698366
5941,9,1,0.41991558688467134,0.0014479847823609356
9075,5,1,0.4243164133615742,0.0014631600460743939
1264,4,1,0.335344927654423,0.0011563618194980103
1801,9,1,0.4247541204517941,0.0014646693808682556
4374,5,1,0.37858944382314114,0.0013054808407694522
6466,2,1,0.42329921961378064,0.0014596524814268297
7264,5,1,0.39495424504024046,0.0013619111897939327
240,5,1,0.35657060790477885,0.0012295538203613064
7316,4,1,0.4095017274407928,0.0014120749222096302
9738,4,1,0.33740751951230563,0.001163474205214847
2026,6,0,-0.17703767080239924,-0.0006104747269048249
6146,5,1,0.41727049055386617,0.001438863760530573
4496,8,1,0.39396686407042375,0.0013585064278290474
5997,5,1,0.4094767897008279,0.0014119889300028548
9484,4,1,0.4077053922639457,0.0014058806629791232
1065,2,1,0.42317161552763133,0.0014592124673366597
7037,0,1,0.23636413453925598,0.0008150487397905378
3050,1,1,0.2854319620163396,0.0009842481448839296
7806,1,1,0.3639450211974313,0.0012549828317152802
5622,9,1,0.3600290926079481,0.0012414796296825795
9192,3,1,0.41840343843037214,0.001442770477346111
7572,2,1,0.4073404052519335,0.0014046220870756326
8268,1,1,0.40462998769426517,0.0013952758196353972
7615,8,1,0.41292819351668403,0.0014238903224713243
8139,2,1,0.40870640503589445,0.0014093324311582568
3868,8,1,0.40788345089466355,0.0014064946582574606
245,3,1,0.3038568233757067,0.0010477821495714023
7052,0,1,0.39811747597810304,0.001372818882683114
4762,5,1,0.40776279933535725,0.0014060786183977836
8829,4,1,0.3968374037595653,0.001368404840550225
9061,1,1,0.3511041300204798,0.0012107038966223441
8803,5,1,0.38161963128780085,0.0013159297630613823
3697,6,0,0.10322321229948062,0.00035594211137751934
4628,0,1,0.42277911146539054,0.0014578590050530707
1948,5,1,0.36586444613483304,0.001261601538395976
9687,0,1,0.3746397412614644,0.0012918611767636702
1905,6,0,-0.03116827189100274,-0.00010747679962414739
7197,7,1,0.3875108529249083,0.0013362443204307183
3614,6,0,0.32385714954074074,0.0011167487915197958
8666,1,1,0.36104857154334635,0.0012449950742874011
6033,6,0,0.02007624746421066,6.92284395317609e-05
3328,7,1,0.4116117375105847,0.0014193508190020164
869,5,1,0.42273172726198444,0.0014576956112482221
8947,4,1,0.38862075261572226,0.00134007156074387
466,8,1,0.3994021217265288,0.00137724869560872
1694,8,1,0.2655965521989855,0.0009158501799965017
4067,5,1,0.40816608491511364,0.001407469258327978
5928,6,0,0.0398998311607448,0.00013758562469222345
96,1,1,0.31031160290848747,0.001070040010029267
4821,7,1,0.3961244980625759,0.001365946545043365
2379,1,1,0.3202222964285683,0.0011042148152709253
1067,3,1,0.4025352286668781,0.0013880525126444073
1146,5,1,0.35823892891897813,0.0012353066514447521
2531,0,1,0.4225254380952852,0.001456984269294087
2916,9,1,0.3860602545403626,0.001331242257035733
6624,3,1,0.3418298233292811,0.001178723528721659
163,4,1,0.42132987390249615,0.0014528616341465384
1808,0,1,0.41477108064899826,0.0014302451056862008
7671,0,1,0.36519314812858095,0.001259286717684762
9683,4,1,0.38571560768678337,0.0013300538196095977
7655,0,1,0.41775283605358093,0.001440527020874417
4428,1,1,0.23928339150315808,0.0008251151431143383
3786,1,1,0.34788940139082936,0.0011996186254856185
4261,5,1,0.3758442577561759,0.001296014681917848
1444,6,0,0.4066713590900931,0.0014023150313451486
7361,4,1,0.4003690082080269,0.0013805827869242306
6227,5,1,0.4215378940700748,0.0014535789450692235
4838,6,0,0.1532592784276398,0.0005284802704401373
4600,3,1,0.40641361976081136,0.0014014262750372806
4986,8,1,0.3645552712770839,0.001257087142334772
3113,5,1,0.3740734272656313,0.0012899083698814872
9393,7,1,0.4238622218720225,0.0014615938685242154
2339,5,1,0.35185097609490745,0.001213279227913474
4204,2,1,0.40544296163299565,0.0013980791780448126
9004,0,1,0.40333784764596886,0.0013908201642964444
9787,3,1,0.3968160513502647,0.001368331211552637
2956,5,1,0.3913709549784641,0.0013495550171671174
9688,0,1,0.3956143383198098,0.0013641873735165855
5115,6,0,0.0008644592355236402,2.9808939155987593e-06
4960,8,1,0.41929563061481945,0.001445847002120067
5534,1,1,0.3123831761951225,0.0010771833661900776
687,3,1,0.40582603686607593,0.0013994001271243998
5445,5,1,0.3859854520809987,0.0013309843175206852
7768,6,0,0.05315858446526622,0.0001833054636733318
1561,4,1,0.38417683352224946,0.0013247477018008603
5161,6,0,0.06225299518198235,0.00021466550062752536
1636,4,1,0.3525982031245297,0.001215855872843206
2302,1,1,0.35350316020869826,0.0012189764145127526
8435,3,1,0.36576017088922175,0.0012612419685835233
1115,5,1,0.3392294678879052,0.0011697567858203629
9989,6,0,-0.0718869005929666,-0.0002478858641136779
9422,5,1,0.40869697647178227,0.0014092999188682147
1914,8,1,0.4035226938258068,0.0013914575649165751
6365,3,1,0.4065570947465117,0.0014019210163672816
7797,5,1,0.3877599108545446,0.0013371031408777399
2480,7,1,0.31816690573912393,0.0010971272611693928
3878,7,1,0.36814243580441386,0.001269456675187634
3688,6,0,0.003492523141211068,1.2043183245555407e-05
8343,0,1,0.40729258324877016,0.0014044571836164489
8133,6,0,0.023171325280110677,7.990112165555406e-05
8365,2,1,0.42021844753669396,0.0014490291294368758
7910,4,1,0.42341445130714644,0.0014600498320936084
6347,8,1,0.32134722737603444,0.001108093887503567
4266,4,1,0.39298241381322974,0.0013551117717697577
8239,1,1,0.3320152807724917,0.0011448802785258335
6929,2,1,0.416476103154844,0.0014361244936373931
5776,1,1,0.3351642051801563,0.0011557386385522633
4914,6,0,0.3337793055469337,0.0011509631225756333
6994,6,0,0.049733157271388384,0.00017149364576340823
8337,3,1,0.4229985783871662,0.0014586157875419524
1487,0,1,0.41790469869260705,0.001441050685146921
4811,7,1,0.40124450341954676,0.0013836017359294716
3303,7,1,0.3837797368186922,0.0013233784028230766
4829,8,1,0.4198476127333603,0.001447750388735725
1186,7,1,0.40899993132778195,0.001410344590785455
8539,5,1,0.42044411021453965,0.0014498072766018608
6544,5,1,0.33937636697964996,0.0011702633344125861
5953,1,1,0.346219935475762,0.001193861846468145
3366,4,1,0.3701949963524605,0.0012765344701808983
3046,8,1,0.3916884077261114,0.0013506496818141774
201,6,0,0.0568962109874932,0.00019619383099135586
8432,1,1,0.31656508389742677,0.0010916037375773336
1731,3,1,0.42123885711181974,0.001452547783144206
8075,8,1,0.39248458711296474,0.0013533951279757405
3725,6,0,0.16377919509104621,0.0005647558451415387
7060,8,1,0.3842605041373907,0.0013250362211634163
9365,3,1,0.4044779630831368,0.0013947515968384028
5502,2,1,0.42032061992449116,0.0014493814480154867
3619,5,1,0.41600242927437225,0.00143449113542887
8600,1,1,0.31542767005385036,0.001087681620875346
9822,4,1,0.37937459663823536,0.0013081882642697771
2940,2,1,0.4079622179129129,0.0014067662686652169
8445,5,1,0.35366650780213293,0.0012195396820763205
9562,9,1,0.38432303972845805,0.001325251861132614
5483,0,1,0.38247135350101924,0.0013188667362104111
8243,0,1,0.3944054787645867,0.0013600188922916782
156,6,0,0.11244914729844024,0.0003877556803394491
8003,7,1,0.40691759166816566,0.0014031641092005713
5342,0,1,0.40200510587019483,0.0013862245030006718
5308,2,1,0.4214320587585845,0.001453213995719257
3566,2,1,0.41023886691638595,0.0014146167824702963
2703,0,1,0.4226225161265191,0.001457319021125928
4704,6,0,-0.06492202129376279,-0.0002238690389440096
9518,1,1,0.3232991160266929,0.0011148245380230792
5285,5,1,0.417329599973601,0.0014390675861158655
5741,4,1,0.4037824531369346,0.0013923532866790848
2711,6,0,0.25303953542434354,0.0008725501221529088
2704,1,1,0.30644207341115615,0.0010566968048660557
1340,5,1,0.3857421700043858,0.0013301454138082269
1704,1,1,0.3236895629707134,0.0011161709067955634
5799,2,1,0.4178664239596361,0.00144091870330909
4651,1,1,0.31551684037630484,0.0010879891047458788
642,0,1,0.4141035949466155,0.0014279434308503984
1830,1,1,0.29121859047976506,0.001004202036137121
9499,1,1,0.29643923042522646,0.0010222042428456085
8550,2,1,0.41698761662576606,0.0014378883331922967
1876,1,1,0.3158682402280889,0.0010892008283727203
5396,6,0,-0.12722963238327373,-0.0004387228702871508
1235,5,1,0.37988702108940176,0.0013099552451358682
9953,6,0,0.3287713422852378,0.0011336942837421992
2562,6,0,0.0010725203484777124,3.698346029233491e-06
5967,8,1,0.410935140726201,0.0014170177266420725
6899,5,1,0.37589665757282115,0.0012961953709407625
7486,2,1,0.398082792740693,0.0013726992853127346
6250,0,1,0.39510004459546977,0.0013624139468809303
5526,0,1,0.3607616584785156,0.0012440057188914332
1958,4,1,0.4165432766027988,0.0014363561262165476
3003,1,1,0.34784555824880914,0.001199467442237273
7148,9,1,0.4203963152504562,0.0014496424663808835
3156,6,0,-0.11336168118111373,-0.0003909023489003922
4200,7,1,0.37650411615387164,0.0012982900557030057
733,9,1,0.4026098091034011,0.001388309686563452
85,4,1,0.423011685130341,0.0014586609832080723
7164,8,1,0.41138610608796655,0.0014185727796136778
9846,1,1,0.3703260537914815,0.001276986392384419
3548,3,1,0.41202159836339813,0.0014207641322875797
1599,4,1,0.40392436953324334,0.001392842653562908
2748,0,1,0.3506059794765932,0.0012089861361261835
2559,5,1,0.3924242377821623,0.0013531870268350423
3827,6,0,0.17500811579753756,0.0006034762613708191
1570,0,1,0.3500753718087009,0.0012071564545127617
9939,0,1,0.40985377707909953,0.0014132888864796535
712,4,1,0.3741894510037404,0.0012903084517370358
6145,8,1,0.3896335434608887,0.0013435639429685818
2232,9,1,0.3772523131086153,0.0013008700452021218
3632,7,1,0.33664235522384867,0.0011608357076684436
8009,8,1,0.4237623762973908,0.0014612495734392785
4357,7,1,0.40133929922563183,0.0013839286180194201
7012,2,1,0.41684715826964286,0.0014374039940332512
2580,6,0,-0.07185016320674292,-0.0002477591834715273
6177,3,1,0.4160142306970633,0.0014345318299898734
6358,8,1,0.41986270020573524,0.0014478024145025354
9515,7,1,0.4108276917489597,0.0014166472129274474
6681,3,1,0.3816681151264339,0.001316096948711841
3986,2,1,0.40897229184926187,0.001410249282238834
2216,9,1,0.3802939271837043,0.0013113583695989804
9313,1,1,0.2481043079312065,0.0008555320963145052
5688,7,1,0.377077341340323,0.0013002666942769758
8367,1,1,0.3101756519664368,0.0010695712136773684
205,3,1,0.3303759441732029,0.0011392273937006995
5697,5,1,0.39270258257156515,0.001354146836453673
9546,7,1,0.4205963885323122,0.0014503323742493524
7917,2,1,0.4193351285588119,0.0014459832019269375
9941,5,1,0.35871061427164885,0.001236933152660858
7301,4,1,0.32714022678616256,0.0011280697475384916
7811,1,1,0.3717393729272396,0.0012818599066456537
7281,2,1,0.40585981223950823,0.0013995165939293388
9347,4,1,0.4015267360521369,0.0013845749519039204
2944,0,1,0.3518776996067567,0.0012133713779543334
5266,2,1,0.4195622273036472,0.0014467663010470592
5164,9,1,0.3456019209031179,0.0011917307617348894
4840,9,1,0.37163249606051574,0.0012814913657259164
4141,8,1,0.3951635124298815,0.00136263280148235
4833,3,1,0.4245215010171404,0.0014638672448866912
2900,4,1,0.41135851601927625,0.0014184776414457802
3593,1,1,0.35102197880053265,0.0012104206165535608
3444,4,1,0.40287588181155676,0.0013892271786605406
8544,2,1,0.4145011207572442,0.0014293142095077387
9208,4,1,0.3742683674817509,0.001290580577523279
9022,3,1,0.4193547241283612,0.001446050772856418
3511,2,1,0.3969897218123038,0.0013689300752148406
9000,7,1,0.4113933223938274,0.001418597663426991
1964,9,1,0.3517293060327511,0.0012128596759750038
6978,0,1,0.3898222778948492,0.001344214751361549
1032,5,1,0.3550989460195222,0.0012244791242052488
1346,7,1,0.35476139707810644,0.0012233151623382982
8571,5,1,0.4142076752705223,0.0014283023285190425
6375,1,1,0.33801190926772395,0.0011655583078197377
8511,4,1,0.42173711915743883,0.0014542659281290993
2351,3,1,0.3941352615399273,0.0013590871087583699
9902,0,1,0.3947731281612099,0.0013612866488317582
590,3,1,0.42358762062022903,0.0014606469676559622
4280,9,1,0.3774411746112105,0.0013015212917627948
2701,4,1,0.35728869716400424,0.0012320299902207042
4080,0,1,0.339571005004463,0.0011709345000153898
5350,1,1,0.34179387777793946,0.001178599578544619
3498,7,1,0.28199147295573385,0.0009723843895025305
863,2,1,0.4023193770977377,0.0013873081968887506
4586,3,1,0.3988201830261194,0.0013752420104348943
6888,9,1,0.3879685253147716,0.0013378225010854193
7158,6,0,-0.014229280583157922,-4.906648476951008e-05
4728,5,1,0.39018450760156415,0.0013454638193157384
7950,7,1,0.41434688491761906,0.0014287823617848932
2371,4,1,0.42418495844778586,0.0014627067532682271
2064,5,1,0.35852519362504753,0.0012362937711208537
4768,4,1,0.4210776999925698,0.0014519920689398957
1541,8,1,0.3336312597277184,0.001150452619750753
2033,0,1,0.4209172709015947,0.0014514388651779128
6536,4,1,0.37107982537746664,0.001279585604749885
52,5,1,0.371861455463421,0.0012822808809083482
596,8,1,0.4004969539354042,0.0013810239790876006
2869,8,1,0.4132129740851606,0.0014248723244315884
2539,7,1,0.3156296241718415,0.0010883780143856603
3831,9,1,0.3608442156837781,0.0012442903989095797
5238,7,1,0.3419506246347675,0.0011791400849474741
631,8,1,0.4172837629995754,0.0014389095275847428
409,1,1,0.292595144188854,0.0010089487730650139
1447,5,1,0.20874198697863416,0.0007197999550987385
5609,6,0,0.07740296545327013,0.00026690677742506944
7082,7,1,0.3734870635422075,0.001287886426007612
5854,7,1,0.38770299878649656,0.0013369068923672295
2907,4,1,0.3725830019124286,0.0012847689721118228
5209,8,1,0.37184469154748057,0.0012822230743016571
2197,4,1,0.31679010918546735,0.0010923796868464392
9529,6,0,-0.02959498719484821,-0.00010205167998223521
6213,3,1,0.41576246198175537,0.001433663662006053
7038,6,0,0.14136931948083797,0.0004874804120028896
1976,3,1,0.4004110514922119,0.001380727763766248
1131,5,1,0.40589140454281114,0.0013996255329062452
7137,4,1,0.405073797393858,0.0013968061979098552
4468,4,1,0.40766884644462636,0.0014057546429125046
7066,4,1,0.4191202258374375,0.0014452421580601294
3841,4,1,0.424350811145245,0.0014632786591215344
2533,3,1,0.3547570217236391,0.0012233000749091003
4347,6,0,-0.14625235220824245,-0.0005043184558904912
2424,3,1,0.37120618260333416,0.0012800213193218419
4511,9,1,0.41622722220531716,0.0014352662834666108
4324,4,1,0.3906968815171336,0.0013472306259211505
2549,3,1,0.41695516950432465,0.0014377764465666367
1572,8,1,0.4035497819544533,0.0013915509722567355
5102,5,1,0.3974097303650575,0.0013703783805691639
6668,6,0,0.24996256291420635,0.0008619398721179529
2017,1,1,0.3158402942279459,0.001089104462854986
8596,9,1,0.38691771257959506,0.0013341990088951553
5588,1,1,0.24156877654900116,0.0008329957812034523
3665,6,0,0.2344311845155356,0.0008083833948811573
4557,6,0,0.06657119270242479,0.00022955583690491307
7999,8,1,0.4231960496747022,0.0014592967230162145
2881,3,1,0.4182060994327113,0.0014420899980438322
8427,1,1,0.24772831150673508,0.0008542355569197761
1265,3,1,0.36464468379024184,0.0012573954613456615
4206,2,1,0.39965313317622553,0.001378114252331812
5893,1,1,0.29026906140788655,0.0010009277979582294
9008,4,1,0.36899694204509326,0.001272403248431356
1740,8,1,0.36437710089864733,0.0012564727617194735
5323,1,1,0.36339523937342594,0.0012530870323221584
9611,0,1,0.4206938320670391,0.0014506683864380658
7510,4,1,0.3929818157788605,0.0013551097095822774
8733,7,1,0.40848202075783924,0.001408558692268411
147,2,1,0.423093050582536,0.0014589415537328827
2406,9,1,0.31656072166382904,0.0010915886953925139
2355,1,1,0.2458608931872211,0.0008477961834042107
9746,7,1,0.39117443826296894,0.0013488773733205826
2152,8,1,0.4012410985688481,0.0013835899950649935
508,6,0,0.045756015348142276,0.00015777936326945614
6855,7,1,0.42124032353712654,0.001452552839783195
853,7,1,0.4035322679170068,0.0013914905790241613
8073,6,0,0.031722076096098784,0.00010938646929689236
8100,1,1,0.3031306724016012,0.0010452781806951764
1132,2,1,0.40624039206526025,0.0014008289381560698
3945,2,1,0.41460796124287613,0.001429682624975435
499,6,0,-0.018147276068030127,-6.25768140276901e-05
745,1,1,0.34433395214874574,0.00118735845568533
2631,0,1,0.11840243872970363,0.00040828427148173664
4295,7,1,0.33862703621854356,0.0011676794352363572
1425,8,1,0.37258191880606084,0.0012847652372622788
9721,7,1,0.40043251420562037,0.0013808017731228289
9635,2,1,0.414414977377736,0.0014290171633715035
8748,0,1,0.4076884898790345,0.0014058223788932225
131,6,0,0.04544281806342926,0.0001566993726325147
846,7,1,0.39831650479842085,0.0013735051889600719
6592,9,1,0.1646023825077197,0.0005675944224404128
808,3,1,0.4140732834810333,0.0014278389085552873
729,6,0,0.056772603552876,0.00019576759845819312
8734,7,1,0.40856566686825707,0.0014088471271319208
811,3,1,0.408442893629088,0.001408423771134786
2923,9,1,0.31236495669867254,0.0010771205403402502
9773,7,1,0.3985272422792139,0.0013742318699283237
8676,5,1,0.388279436791373,0.0013388946096254241
3082,3,1,0.3508387561407966,0.001209788814278609
6383,0,1,0.35987857524101896,0.0012409606042793758
5037,2,1,0.4221455114615745,0.001455674177453705
6506,1,1,0.37463130790996163,0.001291832096241247
8395,4,1,0.3623960149892595,0.0012496414309974466
4263,5,1,0.3918198977141211,0.001351103095565935
9995,2,1,0.42318237024058425,0.0014592495525537388
4348,0,1,0.4205374379455435,0.0014501290963639432
4332,4,1,0.33201183179460036,0.001144868385498622
1897,1,1,0.33267257442254883,0.0011471468083536166
5728,7,1,0.3870142401790913,0.0013345318626865217
3550,6,0,0.17691491750254637,0.000610051439663953
1594,9,1,0.4036206770740084,0.001391795438186236
3352,7,1,0.41819066808992494,0.0014420367865169825
2469,6,0,-0.012880652818501925,-4.441604420173078e-05
5781,9,1,0.36295054449616887,0.001251553601710927
4461,5,1,0.3793369185678046,0.0013080583398889813
192,0,1,0.3881140933305471,0.0013383244597605071
3222,6,0,0.2670234953111056,0.000920770673486571
9718,4,1,0.39726181997846094,0.0013698683447533136
5951,9,1,0.3993098946239881,0.0013769306711172002
4558,4,1,0.40963456716197433,0.0014125329902137046
8162,3,1,0.4175457101811789,0.0014398127937282031
4228,7,1,0.4026370619478346,0.0013884036618890848
2696,9,1,0.33489294462500085,0.0011548032573275892
8127,0,1,0.4154317733633707,0.0014325233564254163
6392,5,1,0.41366244636736926,0.0014264222288529974
6472,1,1,0.31587073023385476,0.001089209414599499
9894,7,1,0.3558702229420461,0.001227138699800159
9117,5,1,0.3966250953280181,0.0013676727425104072
1036,2,1,0.4137052263525331,0.0014265697460432176
4830,5,1,0.38252503256645426,0.0013190518364360492
4451,2,1,0.33155995466123056,0.0011433101884870019
3252,6,0,-0.04428296820959482,-0.00015269989037791317
7354,0,1,0.3262609426128655,0.001125037733147812
6908,5,1,0.4107794100245265,0.0014164807242225052
1170,8,1,0.4142291370952799,0.00142837633481131
5649,7,1,0.3993601753069748,0.0013771040527826718
4538,1,1,0.36719575103095997,0.0012661922449343447
500,3,1,0.41957113958327114,0.0014467970330457626
8266,8,1,0.4226350060172132,0.0014573620897145284
6385,5,1,0.4121571295877551,0.0014212314813370865
8047,2,1,0.4094448623257478,0.0014118788356060267
5863,2,1,0.42334656302987433,0.0014598157345857737
4186,0,1,0.3819967076310737,0.0013172300263140473
5760,3,1,0.4186837794617259,0.0014437371705576755
1804,3,1,0.42257262023615566,0.0014571469663315713
4794,7,1,0.3941410338764795,0.0013591070133671707
8962,9,1,0.4025502302296745,0.0013881042421712915
3477,9,1,0.42273549873246835,0.0014577086163188565
5870,0,1,0.4172529617945169,0.0014388033165328169
4536,6,0,0.3423788740291894,0.0011806168069972047
2045,3,1,0.409025396619884,0.001410432402137531
80,7,1,0.3852251633835154,0.0013283626323569498
9743,7,1,0.3857680881335074,0.001330234786667267
3277,7,1,0.38472081368218786,0.0013266234954558201
4773,7,1,0.3986610389123694,0.0013746932376288601
5264,2,1,0.3830843393775887,0.0013209804806123748
3030,6,0,0.18497380948828773,0.000637840722373406
3455,1,1,0.34289090207189654,0.0011823824209375743
7342,0,1,0.4126760781495716,0.0014230209591364537
3896,3,1,0.3653208214230352,0.0012597269704242593
1212,6,0,0.041579549675422434,0.00014337775750145667
8453,5,1,0.3555803987538042,0.0012261393060476007
7428,8,1,0.40239726035978274,0.0013875767598613199
406,5,1,0.3991252265638978,0.001376293884703096
1098,3,1,0.3687905783654704,0.001271691649536105
2666,7,1,0.3486802748485593,0.0012023457753398597
9450,8,1,0.3566593922508677,0.001229859973278854
9380,3,1,0.3830061840545245,0.0013207109794983604
2051,1,1,0.2816512672595661,0.0009712112664122968
7754,7,1,0.4137689557048196,0.0014267895024304123
9092,8,1,0.4227225405544392,0.001457663932946342
2223,4,1,0.40515419602611186,0.0013970834345727995
9836,1,1,0.35566871539684186,0.0012264438461960065
6276,1,1,0.2951188434094383,0.0010176511841704769
8495,2,1,0.4126094570641812,0.0014227912312557971
8259,9,1,0.412343547492008,0.0014218743016965794
1708,0,1,0.41772461791856785,0.0014404297169605788
818,1,1,0.31606892266481196,0.0010898928367752136
5343,8,1,0.38549536650037514,0.0013292943672426729
3540,0,1,0.41950305663851684,0.0014465622642707476
4805,2,1,0.3770622509461586,0.0013002146584350296
7388,5,1,0.40023080716743875,0.0013801062316118578
3817,2,1,0.4233984030148829,0.0014599944931547686
6107,3,1,0.42009060865006753,0.0014485883056898881
2010,1,1,0.27862722994970446,0.0009607835515507051
6010,2,1,0.40007440206461636,0.001379566903671091
570,5,1,0.4179817334749045,0.001441316322327257
6431,2,1,0.42120721498522856,0.0014524386723628571
4108,5,1,0.4039307432229327,0.0013928646318032162
3929,5,1,0.35935061545437924,0.001239140053290963
4489,9,1,0.41013633338898037,0.0014142632185826908
4539,7,1,0.42235113625907317,0.0014563832284795626
3515,3,1,0.4235058206340958,0.0014603648987382613
5024,2,1,0.4171177819538537,0.0014383371791512195
8307,0,1,0.4186722095246532,0.0014436972742229422
1598,5,1,0.41930916612429286,0.0014458936762906651
4617,0,1,0.38686743416770303,0.001334025635061045
9330,8,1,0.3321318274664655,0.0011452821636774673
9847,2,1,0.3900121256626224,0.001344869398836629
1485,2,1,0.3902738815184079,0.0013457720052358893
2151,3,1,0.41217620947426586,0.0014212972740491926
6881,6,0,-0.09356563537257984,-0.0003226401219744132
197,6,0,0.017591928603333418,6.0661822770115237e-05
3601,1,1,0.21674112252851224,0.0007473831811328008
8758,1,1,0.2800076201320464,0.0009655435176967117
569,3,1,0.4045860864616798,0.001395124436074758
53,5,1,0.39078415284013124,0.001347531561517694
3116,2,1,0.4186475367992809,0.0014436121958595893
1505,7,1,0.33308491840557436,0.001148568684157153
3922,1,1,0.19970055396463138,0.0006886225998780392
928,9,1,0.38269162301716475,0.0013196262862660854
7808,5,1,0.37797546543092375,0.001303363673899737
9195,6,0,-0.03682269742507571,-0.00012697481870715762
603,8,1,0.36876185174158316,0.0012715925922123558
2586,5,1,0.360715973970297,0.0012438481861044724
1739,0,1,0.31547298730080847,0.0010878378872441672
3048,2,1,0.3875608166701974,0.0013364166092075772
3204,8,1,0.3859374992329935,0.0013308189628723913
3933,2,1,0.4207772590610057,0.0014509560657276059
4051,6,0,0.20921390331194667,0.0007214272527998161
4800,7,1,0.39075752291349153,0.0013474397341844534
68,3,1,0.41111514304630015,0.0014176384242975868
7624,9,1,0.39575011164305396,0.0013646555573898413
6840,3,1,0.40149282269248204,0.0013844580092844208
4269,4,1,0.3827573667286103,0.001319852988719346
5910,5,1,0.4077251907478724,0.001405948933613353
7663,8,1,0.4033007632450104,0.00139069228705176
6724,7,1,0.4233473813455948,0.00145981855636412
1397,1,1,0.31761043095316654,0.001095208382597126
644,0,1,0.3764868885715452,0.0012982306502467077
71,0,1,0.42013812807336054,0.0014487521657702087
6416,9,1,0.39048569738928196,0.0013465024047906275
6025,4,1,0.4136631549283233,0.001426424672166632
1879,5,1,0.2974842390166453,0.0010258077207470526
5858,7,1,0.3495953233022443,0.0012055011148353252
124,7,1,0.3972191409660658,0.0013697211757450545
6211,0,1,0.40840887375852464,0.0014083064612362918
263,7,1,0.36925029949961874,0.0012732768948262715
6489,0,1,0.4181788889968428,0.0014419961689546303
9411,4,1,0.4084939772546642,0.0014085999215678075
2993,7,1,0.37795143167616974,0.001303280798883344
9180,1,1,0.37887605789295004,0.0013064691651481035
6619,7,1,0.4174271308044894,0.0014394038993258255
9293,9,1,0.3541033019989831,0.0012210458689620107
6715,4,1,0.38977088865852666,0.0013440375470983679
2910,2,1,0.4081283593209067,0.0014073391700720921
4560,9,1,0.4008765471551041,0.001382332921224497
8630,5,1,0.40865495703823496,0.0014091550242697757
4682,9,1,0.3402886146894769,0.00117340901617061
7973,1,1,0.37533868604683374,0.0012942713311959785
9531,6,0,0.001309682127220435,4.516145266277362e-06
81,6,0,0.06916684168286669,0.00023850635063057477
6917,1,1,0.29358711919224256,0.0010123693765249743
9027,3,1,0.4068613315880933,0.0014029701089244596
7931,9,1,0.4182510214834096,0.0014422449016669296
7399,1,1,0.34740027910660887,0.0011979319969193409
6772,9,1,0.4195896361803767,0.0014468608144150921
591,8,1,0.3356062533113489,0.0011572629424529274
3564,6,0,0.13372734389524887,0.00046112877205258234
7600,1,1,0.37219882581194763,0.0012834442269377504
4631,0,1,0.40979096749294014,0.0014130723016997936
2575,3,1,0.41709382659553124,0.001438254574467349
722,4,1,0.4190502438811195,0.0014450008409693776
2962,0,1,0.3573559656787443,0.0012322619506163596
8784,9,1,0.40977116424891985,0.0014130040146514478
4144,1,1,0.3423172316713996,0.0011804042471427573
8999,0,1,0.4157291810153811,0.0014335489000530382
3054,7,1,0.3703690357517389,0.001277134606040479
4246,8,1,0.4206111209328135,0.0014503831756303913
4854,3,1,0.4247300631162544,0.0014645864245388083
766,5,1,0.4163678975071296,0.00143575137071424
773,9,1,0.36301449003617603,0.0012517741035730208
7463,1,1,0.3744862201680164,0.0012913317936828152
9168,2,1,0.4187044077330503,0.0014438083025277596
8189,4,1,0.40320393901213497,0.0013903584103866723
6108,1,1,0.28426694785105444,0.0009802308546588085
8252,1,1,0.36912642398451995,0.001272849737877655
1309,9,1,0.37464643993082153,0.0012918842756235226
1634,4,1,0.3746259423498668,0.0012918135943098855
7513,7,1,0.4144860744246699,0.00142926232560231
8058,1,1,0.32153101259322964,0.0011087276296318264
311,0,1,0.4236183297472842,0.0014607528611975317
2455,0,1,0.34621305619347736,0.0011938381248050944
1105,9,1,0.41333903423392143,0.001425307014599729
5085,6,0,0.02172398579715784,7.491029585226842e-05
8186,3,1,0.4217111637696281,0.001454176426791821
792,3,1,0.42470685732597097,0.0014645064045723138
9609,8,1,0.4200760212135024,0.001448538004184491
1261,0,1,0.3791764285203361,0.0013075049259321935
4372,8,1,0.41937470803701093,0.0014461196828862446
358,7,1,0.354380611935345,0.0012220021101218793
6459,6,0,0.2365255658757117,0.0008156053995714196
6012,1,1,0.3443995042154247,0.001187584497294568
2569,5,1,0.36099905960480033,0.0012448243434648287
9397,9,1,0.39216630484903464,0.0013522976029277057
6020,6,0,0.1699719094948523,0.0005861100327408701
9601,0,1,0.4083305716753667,0.0014080364540529887
7812,1,1,0.36987724624735857,0.0012754387801633053
7705,6,0,0.15020286703143892,0.0005179409207980652
2262,7,1,0.32166159488668156,0.00110917791340235
1482,6,0,0.12294533299890031,0.000423949424134139
3161,7,1,0.3620743787631348,0.0012485323405625338
5825,4,1,0.41765946782322394,0.0014402050614593929
1861,1,1,0.35851229267654033,0.0012362492850915183
8063,6,0,0.09996097501275708,0.00034469301728536924
5355,4,1,0.38377216324257174,0.0013233522870433508
7177,4,1,0.3187458730112362,0.0010991237000387455
6206,5,1,0.4103278883330484,0.0014149237528725807
8639,2,1,0.41526639823327494,0.0014319530973561205
4038,2,1,0.4038434799333909,0.0013925637239082446
5252,1,1,0.351716440576622,0.0012128153123331792
6771,6,0,-0.0021263422026837064,-7.332214492012781e-06
678,9,1,0.3916708208812119,0.0013505890375214203
1114,3,1,0.4140853911921278,0.0014278806592831993
294,0,1,0.40009039730611523,0.0013796220596762594
876,8,1,0.4241844840639299,0.0014627051174618273
5283,3,1,0.4185154845803715,0.0014431568433805914
6367,4,1,0.39291587270218375,0.0013548823196627025
4777,8,1,0.3040365148583182,0.0010484017753735109
3654,5,1,0.3247840821505257,0.0011199451108638817
2036,7,1,0.4121634992787631,0.0014212534457888383
3893,5,1,0.3386378077891861,0.0011677165785834004
9749,5,1,0.34378725638919594,0.0011854732978937791
7714,3,1,0.40100270316081377,0.0013827679419338406
6647,4,1,0.36315756678472405,0.0012522674716714621
1647,9,1,0.3091517786543547,0.001066040616049499
6429,0,1,0.42416018528404426,0.0014626213285656698
3236,7,1,0.3210803372414107,0.0011071735766945198
6577,7,1,0.3064518695323674,0.0010567305845943704
9912,1,1,0.38230665319076435,0.0013182988041060839
9730,6,0,0.2669656821462576,0.0009205713177457158
5505,0,1,0.3834655579862188,0.0013222950275386855
5234,7,1,0.3516014459766542,0.0012124187792298422
4596,5,1,0.42051999784433397,0.0014500689580839103
3426,9,1,0.40325390617214785,0.0013905307109384408
9610,9,1,0.38109989699611535,0.0013141375758486736
9684,7,1,0.4200666251571837,0.0014485056039902887
9763,0,1,0.3444168930606821,0.0011876444588299383
7802,1,1,0.3518356802053987,0.001213226483466892
5859,1,1,0.32760833636606246,0.0011296839185036636
1412,2,1,0.3294065996873704,0.0011358848265081737
6709,8,1,0.4030886676172363,0.0013899609228180561
9671,5,1,0.3800280540478543,0.0013104415656822561
7713,8,1,0.4045581869627655,0.001395028230906088
8989,4,1,0.38322752766220464,0.001321474233317947
4535,3,1,0.41115367004015113,0.0014177712760005212
7090,5,1,0.3368340314129829,0.0011614966600447686
3447,6,0,0.3501670587623569,0.0012074726164219203
6522,5,1,0.4040109071810504,0.0013931410592450016
2720,9,1,0.3799634502360682,0.0013102187939174766
5913,5,1,0.4148112541157536,0.001430383634881909
7127,8,1,0.4075217986169161,0.0014052475814376418
7084,0,1,0.2610931767074246,0.0009003212989911193
77,2,1,0.3122913878575978,0.0010768668546813718
8883,7,1,0.39948890968312023,0.0013775479644245526
1300,4,1,0.36009595956709384,0.001241710205403772
4663,9,1,0.3797918966985289,0.0013096272299949272
2981,2,1,0.3808089397730269,0.001313134275079403
3234,4,1,0.41985314640826144,0.0014477694703733154
5744,8,1,0.39017847457288013,0.0013454430157685522
9429,3,1,0.4148657381359844,0.0014305715108137392
5663,7,1,0.37120616617198166,0.0012800212626620058
9632,6,0,0.12810168758867013,0.0004417299572023108
1394,8,1,0.4100459600887124,0.0014139515865128015
273,9,1,0.4155507325830422,0.00143293356063118
8850,1,1,0.28648364571133833,0.0009878746403839253
3583,8,1,0.3918972655878617,0.0013513698813374542
5689,1,1,0.3300502863443596,0.0011381044356702057
4869,1,1,0.33794438921502,0.001165325480051793
5662,5,1,0.415317191360361,0.0014321282460702104
3658,2,1,0.40928652972131374,0.0014113328611079785
1117,7,1,0.39752138807645676,0.0013707634071601956
4478,8,1,0.38038634742581146,0.001311677060089005
3903,0,1,0.3609832043959975,0.0012447696703310259
307,7,1,0.3501790787447803,0.0012075140646371735
5772,2,1,0.37611401643953973,0.0012969448842742749
7937,4,1,0.4194586524259181,0.0014464091462962694
193,9,1,0.333473381601196,0.0011499082124179173
3504,9,1,0.3563369002111875,0.0012287479317627157
6405,5,1,0.39699398581682305,0.0013689447786787
9448,7,1,0.34417563340325996,0.0011868125289767584
5709,7,1,0.3556465224598785,0.0012263673188271673
4492,3,1,0.37807533855618985,0.0013037080639868616
2772,5,1,0.3311396514827293,0.001141860867181825
1497,7,1,0.3997846874335117,0.0013785678877017646
3482,2,1,0.40065240139005376,0.0013815600047932888
3616,7,1,0.36871162582953343,0.0012714193994121843
9426,6,0,0.13093649979498484,0.00045150517170684427
445,6,0,0.3813171931995983,0.001314886873102063
9152,4,1,0.4056734480990669,0.0013988739589622997
1325,8,1,0.4151466656976899,0.0014315402265437582
8504,9,1,0.3807667420072291,0.0013129887655421693
1578,6,0,0.011210611025276873,3.865727939750646e-05
3762,6,0,0.049680812726686285,0.000171313147333401
7061,9,1,0.3715305021694015,0.0012811396626531085
6678,1,1,0.3459907784334708,0.001193071649770589
3486,3,1,0.408877445421085,0.0014099222255899483
5782,4,1,0.41835781046002185,0.0014426131395173167
1993,1,1,0.3952421041711002,0.0013629038074865524
5725,4,1,0.41806697816707983,0.0014416102695416545
3055,7,1,0.39280759375819096,0.001354508943993762
4745,4,1,0.38123941128885214,0.0013146186596167315
8626,4,1,0.3793088241291664,0.001307961462514367
5146,3,1,0.4077842820971395,0.001406152696886688
6224,1,1,0.30596155436902,0.0010550398426517932
6373,4,1,0.4060704593343169,0.0014002429632217824
9622,1,1,0.33795651093301365,0.0011653672790793573
5836,8,1,0.4171330188354608,0.0014383897201222786
5810,6,0,0.00013548245856254137,4.6718089159497027e-07
4647,3,1,0.36817924117407913,0.0012695835902554453
9886,6,0,-0.0020222582660190946,-6.973304365583085e-06
8679,8,1,0.4218505288934252,0.0014546569961842249
9186,7,1,0.41334587106109444,0.0014253305898658428
8819,1,1,0.3844004092747138,0.0013255186526714268
4434,8,1,0.4108922473211516,0.0014168698183487985
4505,9,1,0.421267718434382,0.0014526473049461448
3689,1,1,0.31850062341359864,0.0010982780117710297
4595,1,1,0.34863262245111276,0.001202181456727975
2535,6,0,0.306228557254694,0.0010559605422575656
8344,1,1,0.3423714367216,0.0011805911611089655
161,6,0,0.1053207274268056,0.0003631749221613986
9614,3,1,0.41801710968832334,0.0014414383092700804
2348,3,1,0.33312208657181835,0.0011486968502476495
3381,3,1,0.379783994678284,0.0013095999816492552
3919,1,1,0.31659951466115255,0.0010917224643488019
3197,8,1,0.415149068070489,0.001431548510587893
4750,8,1,0.4153978516143946,0.0014324063848772228
6377,7,1,0.3672061470051654,0.00126622809312126
4974,4,1,0.3975792662808979,0.00137096298717551
9070,0,1,0.4220987620723588,0.0014555129726633062
9470,2,1,0.39456935889786976,0.0013605839961995509
3801,6,0,0.3221386439718775,0.0011108229102478535
3668,2,1,0.42238340588585477,0.0014564945030546717
737,6,0,0.30059368687350907,0.0010365299547362382
5742,5,1,0.39535286080642545,0.0013632857269187085
2367,6,0,-0.07418908159309612,-0.00025582441928653836
6198,7,1,0.4110627367056667,0.001417457712778161
6548,5,1,0.3692337103246316,0.0012732196907745917
7347,9,1,0.4123201452587128,0.001421793604340389
654,5,1,0.42270722453743664,0.001457611119094609
2707,0,1,0.39908236369061884,0.0013761460816917892
2990,8,1,0.42046220954322694,0.0014498696880800928
9019,7,1,0.41475452823824216,0.0014301880284077317
1877,8,1,0.2885855517928855,0.0009951225923892602
1039,7,1,0.2101837533026668,0.0007247715631126442
3767,7,1,0.39858317191246834,0.0013744247307326495
9566,7,1,0.42145861955640335,0.001453305584677253
3362,6,0,-0.07829855262642577,-0.00026999500905664056
996,2,1,0.41130152526530706,0.001418281121604507
8616,4,1,0.35539743984101785,0.0012255084132448892
5902,1,1,0.3036032001344212,0.0010469075866704179
7711,7,1,0.3639607180546901,0.0012550369588092763
455,1,1,0.31214884660262215,0.0010763753331124901
7040,3,1,0.4214703715789479,0.0014533461088929239
1506,2,1,0.41673870819554776,0.0014370300282605095
1030,1,1,0.28527080207199484,0.0009836924209379132
76,3,1,0.38264973310178485,0.0013194818382820167
9676,9,1,0.3696755281108926,0.0012747432003823883
8468,0,1,0.41358364851254703,0.001426150512112231
2410,0,1,0.39046400957181093,0.0013464276192131411
3121,6,0,0.19170569611013716,0.0006610541245177143
3198,8,1,0.41917970258428683,0.0014454472502906442
2961,7,1,0.33391398330044075,0.0011514275286222096
4691,1,1,0.2500274813440841,0.0008621637287727037
4117,8,1,0.39706088268793926,0.0013691754575446181
8590,9,1,0.38640620808275056,0.0013324352002853468
1716,7,1,0.305821684324301,0.0010545575321527622
2798,5,1,0.3921004311499205,0.0013520704522411052
3700,4,1,0.36323633122595766,0.0012525390731929576
5745,7,1,0.38721440430854975,0.0013352220838225854
9640,7,1,0.3730042148061286,0.0012862214303659607
3014,1,1,0.28168496786897096,0.0009713274754102447
9780,8,1,0.40316162583473153,0.0013902125028783846
8578,5,1,0.3595987614570436,0.0012399957291622193
8414,0,1,0.4004726296783785,0.0013809401023392362
5131,6,0,-0.09899563480135015,-0.0003413642579356902
4793,7,1,0.3819208877368841,0.0013169685784030485
978,5,1,0.4166814564677185,0.001436832608509374
6448,4,1,0.3853591477601352,0.0013288246474487421
9795,1,1,0.3267876971600624,0.0011268541281381462
6199,8,1,0.42204896283815396,0.0014553412511660482
7894,2,1,0.4217697771963013,0.0014543785420562114
6242,7,1,0.4135985228300668,0.0014262018028622994
6566,2,1,0.4168998249862468,0.0014375856034008509
6594,2,1,0.40273207543625056,0.0013887312946077605
5195,4,1,0.3465333695602746,0.0011949426536561193
2208,8,1,0.39317186381510383,0.001355765047638289
8525,7,1,0.4020641981675238,0.0013864282695431856
8001,9,1,0.417502973202483,0.0014396654248361482
6168,9,1,0.4087379126828758,0.001409441078216813
5079,0,1,0.41305792750941955,0.001424337681066964
4852,8,1,0.38079571162089654,0.0013130886607617123
2229,3,1,0.42330222089076286,0.001459662830657803
7652,9,1,0.36447501152303785,0.0012568103845621995
4022,6,0,-0.029990150195459864,-0.00010341431101882712
7065,3,1,0.40538598316730245,0.0013978827005769051
2285,7,1,0.360745011005307,0.0012439483138114034
593,9,1,0.3851271123771268,0.0013280245254383683
5909,6,0,0.20622445349748808,0.000711118805163752
9520,1,1,0.3416449570381054,0.0011780860587520875
8286,1,1,0.39232742100153106,0.0013528531758673485
4272,9,1,0.39105395598234893,0.0013484619171805136
5912,3,1,0.41297184688679334,0.00142404085133377
2386,4,1,0.41016660013889233,0.0014143675866858357
5378,6,0,-0.0710334665468722,-0.00024494298809266276
5751,7,1,0.41021162413908474,0.001414522841858913
1962,3,1,0.42097235635663766,0.0014516288150228885
1135,5,1,0.3174427941576534,0.0010946303246815636
6520,9,1,0.40200095569094046,0.0013862101920377257
2629,3,1,0.4041017934655517,0.0013934544602260404
7651,9,1,0.37531819043489484,0.001294200656672051
5088,6,0,0.24286496159902277,0.0008374653848242165
1151,6,0,-0.00034361091455570314,-1.1848652226058728e-06
3432,3,1,0.3498115686589735,0.001206246788479219
9504,6,0,0.24335947579809256,0.0008391706062003192
3093,5,1,0.3450876467670816,0.0011899574026451088
3662,8,1,0.3831351035227591,0.0013211555293888245
291,2,1,0.4169531764861512,0.0014377695740901766
3142,2,1,0.40887842311819755,0.001409925596959302
2161,9,1,0.4233155884947929,0.0014597089258441135
1094,0,1,0.3476375449814291,0.0011987501551083764
3642,3,1,0.4176241753034024,0.0014400833631151807
7144,7,1,0.4079735962723323,0.0014068055043873528
195,3,1,0.25217267330401083,0.0008695609424276236
5155,0,1,0.41579632916405446,0.0014337804453932912
8696,5,1,0.4093141597644627,0.001411428137118837
2043,4,1,0.3079947198192621,0.0010620507579974555
3449,3,1,0.40464631056928313,0.0013953321054113212
5365,7,1,0.4174518698107038,0.0014394892062438063
3895,0,1,0.36483269328562473,0.0012580437699504302
9876,1,1,0.36134530334434445,0.0012460182873942913
2396,2,1,0.40442700470831633,0.001394575878304539
4506,2,1,0.4140589461242919,0.00142778946939411
9714,0,1,0.4069889326412246,0.0014034101125559469
4036,1,1,0.33411792761450143,0.0011521307848775912
9069,9,1,0.4161514100758631,0.0014350048623305623
7426,9,1,0.3462069449543056,0.0011938170515665711
2582,9,1,0.372004224563099,0.0012827731881486172
8076,9,1,0.3861204485472574,0.0013314498225767497
9772,1,1,0.3587349433854503,0.0012370170461567251
3902,5,1,0.39300690462574905,0.0013551962228474106
8624,3,1,0.42216952940731134,0.001455756997956246
3706,0,1,0.41162737950926204,0.0014194047569284897
5790,9,1,0.40797909293892654,0.0014068244584100914
8921,0,1,0.3955004200879813,0.0013637945520275218
2119,8,1,0.3792729052495674,0.0013078376043088532
3799,7,1,0.4105481296646817,0.0014156832057402816
3615,4,1,0.312760838825472,0.0010784856511223172
5511,6,0,-0.055111400359707186,-0.00019003931158519718
2243,7,1,0.3115189194887645,0.001074203170650912
6834,8,1,0.4134452419418414,0.0014256732480753152
2599,1,1,0.32437947996319416,0.001118549930907566
4444,9,1,0.3743417906370427,0.0012908337608173886
5151,4,1,0.4064900974365309,0.0014016899911604515
5402,7,1,0.3710358061867916,0.0012794338144372125
9105,0,1,0.4180521409473001,0.001441559106714828
4766,5,1,0.40824583334251113,0.0014077442529052107
1409,2,1,0.32656509567773884,0.001126086536819789
8849,0,1,0.36445493489500536,0.0012567411548103633
8293,3,1,0.41328848129803325,0.0014251326941311492
5713,4,1,0.4078600918851962,0.0014064141099489524
1022,5,1,0.41432522008498834,0.001428707655465477
3736,7,1,0.38918666755702375,0.001342022991575944
3875,4,1,0.4200163941846589,0.001448332393740203
3867,0,1,0.4116261648238303,0.0014194005683580355
393,1,1,0.30994652685636737,0.001068781127090922
11,6,0,0.28141598902202203,0.0009703999621449035
4305,8,1,0.41991964146271454,0.001447998763664533
7852,7,1,0.42383980196823434,0.0014615165585111529
9378,1,1,0.3231815235227581,0.0011144190466302003
2825,1,1,0.3172863572132739,0.0010940908869423239
8842,3,1,0.42293557636196927,0.0014583985391792044
6556,1,1,0.3351484159031091,0.0011556841927693419
3988,8,1,0.31453174319764843,0.0010845922179229257
9663,0,1,0.4112034654291981,0.0014179429842386142
104,9,1,0.39843318753281176,0.0013739075432165923
942,6,0,-0.054942575214696365,-0.0001894571559127461
6685,6,0,0.07013682083460226,0.00024185110632621472
618,5,1,0.3981555133723195,0.0013729500461114466
3434,1,1,0.23363255113418183,0.0008056294866695925
3397,4,1,0.4153202822646721,0.0014321389043609383
3078,3,1,0.26192813527339265,0.0009032004664599746
9845,1,1,0.3486297301062383,0.0012021714831249597
7980,1,1,0.32436261812604383,0.0011184917866415304
67,4,1,0.40638306649359895,0.0014013209189434447
7849,3,1,0.4001772395779035,0.0013799215157858742
7857,2,1,0.423673182096633,0.001460942007229769
4247,2,1,0.4134261469636281,0.0014256074033228555
8586,1,1,0.3325939979741954,0.0011468758550834326
2888,7,1,0.39885859631562653,0.0013753744700538847
9615,4,1,0.42169442362918874,0.0014541187021696164
3375,2,1,0.40783120469016687,0.0014063144989316099
1452,9,1,0.38676958673338657,0.0013336882301151261
8491,1,1,0.3512286977152449,0.0012111334403973962
9568,6,0,0.05043086611716102,0.00017389953833503802
1166,3,1,0.40338813956606806,0.0013909935847105795
6264,0,1,0.4217507140302897,0.001454312807000999
171,7,1,0.41725023950176665,0.0014387939293164368
8831,6,0,-0.15063638451590117,-0.0005194358086755212
2130,4,1,0.41756441415712314,0.0014398772901969763
768,1,1,0.2720223302342266,0.0009380080352904366
7362,7,1,0.3943118960720211,0.001359696193351797
3636,5,1,0.395114520752561,0.0013624638646640033
7952,9,1,0.3877145477673579,0.0013369467164391653
4481,4,1,0.25381488315927336,0.0008752237350319771
6870,9,1,0.3934610748456604,0.0013567623270540014
8658,1,1,0.2743185386887026,0.0009459259954782848
9865,0,1,0.38260454114255377,0.0013193260039398406
6538,6,0,0.14229068862356392,0.0004906575469778066
8246,3,1,0.4239477588521283,0.0014618888236280288
4726,8,1,0.3953628521251145,0.001363320179741774
6140,0,1,0.4240887013482498,0.001462374832235344
9227,3,1,0.4075727563025182,0.0014054232975948904
4155,0,1,0.42447028548615784,0.001463690639607441
4627,6,0,0.1953600058248633,0.0006736551924995286
1197,0,1,0.25510525767035086,0.0008796733023115547
8273,0,1,0.4175775800736527,0.0014399226899091473
7319,1,1,0.32260599828721076,0.0011124344768524508
4437,3,1,0.3963424976062975,0.0013666982676079223
9707,3,1,0.41698270617430405,0.0014378714006010485
7009,4,1,0.3576143206567376,0.0012331528298508193
2404,4,1,0.38819632839308904,0.0013386080289416863
7643,5,1,0.39042120868647706,0.0013462800299533693
8207,9,1,0.3889651963899943,0.0013412592978965321
1075,1,1,0.24411842080665855,0.000841787657953995
4930,1,1,0.3246845814304168,0.0011196020049324717
5453,1,1,0.2746709981022265,0.0009471413727662983
9661,1,1,0.34691605606924025,0.001196262262307725
9193,4,1,0.3955660777104584,0.0013640209576222702
2110,2,1,0.4171442037410662,0.0014384282887622973
6551,3,1,0.3431237879856653,0.0011831854758126389
2735,9,1,0.2788670254890163,0.000961610432720746
9409,3,1,0.4237367632921001,0.0014611612527313795
2836,4,1,0.39465068971570716,0.001360864447295542
9907,5,1,0.32696862173953095,0.0011274780059983827
9339,0,1,0.4223738934486973,0.001456461701547232
2399,7,1,0.37810240621484537,0.0013038014007408462
2800,8,1,0.3941470184765895,0.0013591276499192741
3844,2,1,0.39044245330083804,0.0013463532872442692
3371,0,1,0.35998143963312246,0.0012413153090797325
3073,1,1,0.41177313371430346,0.0014199073576355292
1790,2,1,0.424521605723275,0.0014638676059423276
1673,1,1,0.32646646594269185,0.0011257464342851443
2842,0,1,0.4250042846968653,0.0014655320161960873
5650,8,1,0.4179831593155048,0.001441321239018982
2097,6,0,0.07731226160807086,0.00026659400554507193
2563,7,1,0.29607786568041217,0.0010209581575186626
7085,4,1,0.39426779267653994,0.001359544112677724
6972,8,1,0.41317692361737934,0.001424748012473722
8434,4,1,0.4139988037745689,0.001427582081981272
8098,0,1,0.41883533272287354,0.0014442597680099087
4927,1,1,0.33005944355724526,0.001138136012266363
985,2,1,0.4237654976149371,0.0014612603366032314
5652,0,1,0.40292305463358635,0.001389389843564091
5619,6,0,0.11948515716731828,0.00041201778333558025
6688,1,1,0.4083717208995249,0.0014081783479293962
7627,2,1,0.41062871016779734,0.0014159610695441288
9396,0,1,0.3981765491202526,0.0013730225831732848
9222,1,1,0.35763264929762006,0.0012332160320607589
7168,0,1,0.3752420345653346,0.0012939380502252917
4714,3,1,0.41242238879438126,0.001422146168256487
832,7,1,0.31302972375682503,0.001079412840540776
8994,9,1,0.3962050928010864,0.0013662244579347807
208,2,1,0.3843712025284907,0.0013254179397534163
1762,0,1,0.3779544009425426,0.0013032910377329056
1108,6,0,-0.021889344922456255,-7.548049973260778e-05
2967,7,1,0.40383932995622424,0.0013925494136421525
9937,2,1,0.4122215004116933,0.0014214534496954942
8498,2,1,0.4205877319182321,0.0014503025238559728
2522,3,1,0.3998064645786672,0.001378642981305749
4409,1,1,0.2836421258727151,0.0009780762961128107
7014,1,1,0.2741121401099206,0.0009452142762411054
3775,2,1,0.4114898023121889,0.0014189303528006514
9896,1,1,0.35005283889313554,0.0012070787548039157
7715,5,1,0.3554572606353884,0.0012257146918461669
861,6,0,0.14547921982279344,0.0005016524821475636
6115,1,1,0.34291076815821486,0.0011824509246834995
5491,9,1,0.41285272693093156,0.0014236300928652812
9,9,1,0.4126526577889775,0.0014229401992723362
5224,3,1,0.40876997219115924,0.0014095516282453767
9821,3,1,0.4225817157329305,0.0014571783301135534
1785,1,1,0.3893943071258679,0.0013427389900891996
6964,5,1,0.4146668389385343,0.0014298856515121872
3214,1,1,0.34654102117045005,0.0011949690385187933
2716,3,1,0.41783763985335004,0.0014408194477701726
1194,7,1,0.4099334670054198,0.0014135636793290338
83,7,1,0.37578370086881707,0.0012958058650648864
5982,5,1,0.4165103675920193,0.0014362426468690322
3795,3,1,0.3797181113592017,0.0013093727977903508
5966,6,0,0.23827130327673307,0.0008216251837128727
7721,6,0,0.04556091975117166,0.0001571066198316264
450,3,1,0.41631887740162377,0.0014355823358676682
6215,5,1,0.40626349338426976,0.0014009085978767923
6915,4,1,0.3973209200785287,0.0013700721382018232
7951,8,1,0.40027139841607745,0.0013802462014347499
5702,6,0,-0.00718200802782526,-2.4765544923535376e-05
6921,0,1,0.41222126013732113,0.0014214526211631764
6281,2,1,0.41687467174908993,0.0014374988681003101
8983,0,1,0.4080578196477076,0.0014070959298196815
7272,3,1,0.4186114397166091,0.001443487723160721
1980,4,1,0.37960047764294136,0.0013089671642860046
6256,4,1,0.4139037131456052,0.0014272541832607076
3042,4,1,0.33526168789104777,0.0011560747858311991
6527,1,1,0.3760681655878805,0.0012967867778892431
932,0,1,0.42214090949350086,0.0014556583085982787
6944,7,1,0.4102045284788318,0.0014144983740649374
6412,2,1,0.424873469353752,0.0014650809288060413
4203,6,0,0.17482009234736057,0.000602827904646071
1981,6,0,0.20299283412222638,0.0006999752900766426
8751,9,1,0.4181980915474261,0.0014420623846462968
6343,8,1,0.3861385579465644,0.0013315122687812566
3666,9,1,0.38993924727177326,0.0013446180940405975
5033,0,1,0.39960614735411315,0.0013779522322555627
338,8,1,0.4233731900120275,0.001459907551765612
8288,9,1,0.3962083018720102,0.001366235523696587
9906,4,1,0.339592045199431,0.001171007052411831
267,1,1,0.32650485128489876,0.0011258787975341336
2445,5,1,0.38555201785448734,0.0013294897167396116
2069,3,1,0.41837566210446725,0.001442674696911956
23,5,1,0.2874382384482107,0.0009911663394765887
3921,2,1,0.39390089966027075,0.0013582789643457613
4498,7,1,0.39198603900347784,0.0013516759965637166
4393,3,1,0.407093420010478,0.0014037704138292345
6283,6,0,0.02287690349473659,7.888587411978135e-05
7336,9,1,0.4011658412854383,0.0013833304871911666
30,3,1,0.3829549156219042,0.0013205341917996696
1936,2,1,0.41400592370475864,0.0014276066334646849
2934,9,1,0.3897427027910201,0.0013439403544517933
1383,3,1,0.38163470578454517,0.0013159817440846384
1730,3,1,0.40531647975185603,0.0013976430336270897
1363,7,1,0.27792718900535995,0.0009583696172598619
9769,9,1,0.3977287122801331,0.0013714783182073556
3195,2,1,0.41886073678735114,0.0014443473682322454
8383,9,1,0.4209952863200349,0.0014517078838621894
4111,9,1,0.3941017368388749,0.001358971506340948
5104,4,1,0.3997109721562335,0.0013783136970904604
879,8,1,0.40174020780045905,0.0013853110613808932
1552,4,1,0.31313214499212416,0.0010797660172142212
8228,0,1,0.39787287335410576,0.0013719754253589853
7941,8,1,0.41759168535269753,0.0014399713288024052
2601,6,0,0.15773948165957946,0.0005439292471019981
4925,3,1,0.4144037073007172,0.0014289783010369558
246,0,1,0.42181254535572793,0.0014545260184680273
3021,2,1,0.402087656133234,0.0013865091590801173
2724,8,1,0.2946195159432221,0.0010159293653214556
582,8,1,0.37005884946448947,0.001276064998153412
8419,3,1,0.41683686958940835,0.001437368515825546
3973,7,1,0.36276883572531177,0.0012509270197424544
4366,3,1,0.40120789406371254,0.0013834754967714225
7861,7,1,0.4242719696077391,0.0014630067917508246
6701,0,1,0.4144680022490727,0.001429200007755423
4048,0,1,0.41554240982809015,0.001432904861476173
8944,6,0,-0.032402111646608944,-0.00011173141947106532
3712,6,0,0.0634565195329217,0.0002188155845962817
1517,0,1,0.390393091761383,0.0013461830750392517
5082,4,1,0.41781466516785915,0.0014407402247167557
7656,3,1,0.40588526368865124,0.0013996043575470732
1,2,1,0.41333972567516375,0.001425309398879875
4548,5,1,0.4113994374746695,0.0014186187499126534
1780,1,1,0.2600549606606788,0.0008967412436575131
3926,9,1,0.4165062300170325,0.0014362283793690777
6101,1,1,0.2896423273094843,0.0009987666458947735
3272,1,1,0.31012996591712383,0.001069413675576289
9500,2,1,0.42152876156670455,0.0014535474536782915
3528,3,1,0.40252423816281846,0.0013880146143545463
7207,3,1,0.413499252935134,0.0014258594928797724
326,2,1,0.357732919297695,0.001233561790681707
2512,8,1,0.35529241730431627,0.0012251462665666079
812,5,1,0.39254558445260335,0.0013536054636296667
1597,9,1,0.3552270181163982,0.001224920752125511
3281,1,1,0.2772917742997665,0.0009561785320681603
8980,1,1,0.387386393975154,0.0013358151516384622
203,1,1,0.25420970112310504,0.000876585176286569
4848,2,1,0.4183035412644711,0.0014424260043602451
1464,8,1,0.4096982765115491,0.0014127526776260314
7526,0,1,0.3825648495552787,0.0013191891363975128
1228,9,1,0.41331588385294105,0.0014252271856997967
4676,1,1,0.2377439142679912,0.0008198066009241076
705,7,1,0.3612541743819789,0.0012457040495930307
860,6,0,0.07942052358941742,0.000273863874446267
4908,6,0,-0.08610404707280866,-0.00029691050714761606
5579,5,1,0.3596445551892374,0.0012401536385835772
2777,0,1,0.3308060238202717,0.001140710426966454
1886,6,0,-0.05058852090322402,-0.0001744431755283587
8801,3,1,0.4188887192299606,0.0014444438594136573
2120,4,1,0.3670342214346414,0.0012656352463263495
5677,4,1,0.29524449396948416,0.0010180844619637386
8785,3,1,0.41053938793937705,0.0014156530618599208
7868,0,1,0.4248098945534724,0.0014648617053568014
5753,9,1,0.39903676229084867,0.001375988835485685
8821,3,1,0.4209952010634561,0.0014517075898739867
6348,8,1,0.4130091341203087,0.0014241694280010646
4721,4,1,0.29475975978217644,0.0010164129647661257
2913,5,1,0.34935056776120477,0.001204657130211051
2003,5,1,0.23910294655680023,0.0008244929191613801
9926,8,1,0.3812528881696707,0.001314665131619554
2664,2,1,0.4234941036825541,0.001460324495457083
8211,6,0,-0.018902749289337273,-6.5181894101163e-05
3251,0,1,0.41042974753028905,0.0014152749914837553
6288,0,1,0.41737535084163846,0.0014392253477297878
5605,2,1,0.42113826612225475,0.0014522009176629474
4839,8,1,0.41617732171504207,0.00143509421281049
5322,4,1,0.3519764113504712,0.001213711763277487
229,7,1,0.2636876981292414,0.0009092679245835911
6491,5,1,0.3555436136843225,0.0012260124609804225
2347,3,1,0.36576000464902836,0.0012612413953414772
1803,3,1,0.389562192287094,0.001343317904438255
3960,5,1,0.39788781617593344,0.0013720269523308049
8310,2,1,0.4118802167174655,0.0014202766093705708
8792,6,0,0.06900113714295109,0.00023793495566534856
2662,2,1,0.3928544289344734,0.0013546704446016325
8480,7,1,0.41932918488478416,0.0014459627064992557
5197,5,1,0.3873323820593232,0.0013356289036528385
8352,1,1,0.29966457876494856,0.0010333261336722365
7246,9,1,0.36968481130181796,0.001274775211385579
321,2,1,0.37869576998212856,0.001305847482696995
8699,8,1,0.420068037626044,0.0014485104745725656
3963,2,1,0.4135957529586306,0.0014261922515814848
6441,7,1,0.4156816329574574,0.0014333849412326118
2314,7,1,0.41082398824976585,0.0014166344422405718
7407,3,1,0.3953201572792862,0.0013631729561354698
657,3,1,0.4085619557363217,0.0014088343301252473
4138,1,1,0.34380481919226147,0.0011855338592836602
8220,4,1,0.39653174036052935,0.0013673508288294116
4181,1,1,0.3333171242784191,0.0011493693940635142
7322,9,1,0.38970964720623025,0.001343826369676656
5470,0,1,0.4236107878116814,0.0014607268545230392
6990,4,1,0.375416876661578,0.0012945409540054415
6611,5,1,0.31190036161116175,0.001075518488314351
8827,9,1,0.39336269353496617,0.0013564230811550558
6253,7,1,0.4006992674105618,0.0013817216117605578
2560,3,1,0.3845544194783829,0.0013260497223392515
88,6,0,0.017652196660761565,6.0869643657798504e-05
1259,8,1,0.3917439373503496,0.0013508411632770676
8597,3,1,0.41518733564843036,0.0014316804677532082
6504,3,1,0.4189807031526305,0.0014447610453538983
6356,1,1,0.32819420131722277,0.001131704142473182
1484,1,1,0.2753699663579986,0.0009495516081310297
8724,1,1,0.3240608394584512,0.0011174511705463834
8101,9,1,0.4034007492862413,0.0013910370665042803
8328,3,1,0.4209946138595424,0.0014517055650329048
8421,7,1,0.4006158362582768,0.001381433918131989
118,9,1,0.30156601893669804,0.0010398828239196484
4718,0,1,0.4207227522899336,0.0014507681113445988
4172,4,1,0.3919302764090885,0.0013514837117554776
2014,9,1,0.3678356820051508,0.0012683989034660372
4351,0,1,0.4210808760882976,0.0014520030209941295
5837,9,1,0.3942962738620712,0.0013596423236623145
1992,9,1,0.37431767329041477,0.0012907505975531543
4417,9,1,0.4180436661802375,0.0014415298833801295
4140,8,1,0.40859971822336577,0.001408964545597813
6210,9,1,0.4000075316737555,0.0013793363161163984
7017,6,0,0.05631816086604374,0.00019420055471049567
9285,7,1,0.378013473660389,0.0013034947367599622
7981,3,1,0.4240002735383561,0.001462069908752952
5717,2,1,0.41592044204310863,0.0014342084208383056
4076,5,1,0.31229434980734416,0.0010768770683011867
4105,1,1,0.31658069212874157,0.0010916575590646262
3,0,1,0.3892752156937389,0.00134232832997841
6122,6,0,-0.07241971777941919,-0.0002497231647566179
2034,1,1,0.28790481977023935,0.0009927752405870323
7121,8,1,0.3982679715912947,0.00137333783307343
344,8,1,0.38541436351562697,0.0013290150466056102
7571,9,1,0.4072102501078624,0.0014041732762340082
8885,7,1,0.39887132288917926,0.0013754183547902733
4394,6,0,-0.015816874603549247,-5.454094690879051e-05
3569,5,1,0.4221425812613923,0.001455664073315146
4112,8,1,0.4151454840473136,0.0014315361518872883
1014,6,0,0.27273733119593674,0.0009404735558480577
404,2,1,0.3901495969183388,0.0013453434376494442
3500,4,1,0.41905388118852677,0.001445013383408713
2515,5,1,0.40273624635580424,0.0013887456770889802
474,8,1,0.4153814774243283,0.001432349922152856
2855,5,1,0.37993396140117724,0.0013101171082799215
1807,0,1,0.4177872909871192,0.0014406458309900662
6167,6,0,-0.061555096493782935,-0.0002122589534268377
2056,8,1,0.385118968187495,0.0013279964420258449
9923,1,1,0.3613111367534845,0.0012459004715637395
7030,7,1,0.3766646665883834,0.0012988436778909771
7400,2,1,0.39071465294724556,0.0013472919067146398
7239,6,0,-0.05451290913808454,-0.00018797554875201567
9486,7,1,0.4046753814232192,0.0013954323497352387
6179,6,0,0.19528449116227334,0.0006733947971112874
3934,8,1,0.4095035993514828,0.0014120813770740785
4334,3,1,0.4196877759336115,0.0014471992273572811
3103,7,1,0.32112623952846575,0.0011073318604429853
1027,1,1,0.30231269655145354,0.001042457574315357
7997,5,1,0.4082704412734759,0.001407829107839572
6498,6,0,0.11059197364299483,0.0003813516332517063
802,4,1,0.41124032635730967,0.0014180700908872747
1892,0,1,0.42508704561297167,0.0014658173986654196
3765,1,1,0.31210634943557564,0.0010762287911571574
5354,6,0,-0.06506640888929954,-0.00022436692720448118
2083,3,1,0.39408282761057795,0.0013589063021054411
6354,6,0,-0.09864632363124387,-0.0003401597366594616
1245,2,1,0.4109534052966796,0.001417080707919585
9751,2,1,0.4098567807605575,0.0014132992440019224
6841,0,1,0.41593666885695646,0.0014342643753688154
8402,7,1,0.4221425233502333,0.001455663873621494
2428,6,0,-0.055384667723991754,-0.0001909816128413509
5896,1,1,0.3204272269450263,0.0011049214722242285
3259,1,1,0.32606637938563865,0.0011243668254677195
4809,5,1,0.4220513972621886,0.0014553496457316848
9036,7,1,0.3941205946689818,0.0013590365333413165
790,1,1,0.26186461860930454,0.0009029814434803605
4577,5,1,0.37545743550792854,0.0012946808120963052
3783,9,1,0.4222531287686277,0.0014560452716159576
1724,4,1,0.41254555476544474,0.0014225708785015336
1292,6,0,0.11268481522506779,0.00038856832836230273
9091,6,0,-0.015524891644353833,-5.353410911846149e-05
62,9,1,0.23511805901907656,0.0008107519276519882
611,0,1,0.41254558359399157,0.0014225709779103158
3484,3,1,0.41482707624572995,0.001430438193950793
9715,1,1,0.3575483811338893,0.0012329254521858252
4533,1,1,0.27258252053418397,0.0009399397259799448
446,6,0,0.09433561257577538,0.0003252952157785358
6273,4,1,0.364553679536023,0.0012570816535724932
8152,0,1,0.41917322252650896,0.001445424905263824
7569,8,1,0.41167214092710114,0.0014195591066451763
2501,3,1,0.4073207459426364,0.0014045542963539185
6857,3,1,0.3966621928653974,0.0013678006650530944
4147,1,1,0.2803493843352402,0.0009667220149491042
8217,8,1,0.41528082271768707,0.0014320028369575416
6311,2,1,0.42311341324604945,0.0014590117698139637
3997,7,1,0.3998606751821285,0.0013788299144211326
572,8,1,0.389085079204473,0.0013416726869119758
8449,1,1,0.30369945634159473,0.0010472395046261886
9952,0,1,0.4139654846582756,0.0014274671884768125
9275,3,1,0.3849016043522818,0.0013272469115595926
8757,4,1,0.41314780440105975,0.0014246476013829647
5219,9,1,0.36053444413812324,0.0012432222211659423
5657,7,1,0.4008948976778407,0.0013823961988891059
3745,1,1,0.30346723508220586,0.0010464387416627787
1433,8,1,0.3874656663845334,0.001336088504774253
8557,9,1,0.4170671714446172,0.0014381626601538524
7553,8,1,0.3633041469893881,0.0012527729206530626
764,2,1,0.40502655241802876,0.0013966432842000991
1835,1,1,0.2969752516760651,0.0010240525919864314
144,7,1,0.3528716376534656,0.0012167987505291916
4448,0,1,0.4176006441161545,0.001440002221090188
8270,5,1,0.38944333441019197,0.001342908049690317
3764,0,1,0.4058703672329281,0.0013995529904583727
2024,7,1,0.3230991517136963,0.0011141350059092976
6716,5,1,0.36706320930163916,0.0012657352044884108
6572,1,1,0.1904163496564371,0.0006566081022635762
7314,6,0,-0.018034968963898113,-6.21895481513728e-05
2546,5,1,0.3851425170973991,0.0013280776451634452
9704,0,1,0.4221458684961285,0.0014556754086073396
4079,0,1,0.41688794479557945,0.001437544637226136
2980,6,0,0.07280875100565432,0.0002510646586401873
1140,4,1,0.3922765546358827,0.001352677774606492
5563,7,1,0.4089182658827352,0.0014100629858025352
8671,0,1,0.420649875579961,0.001450516812344693
1240,1,1,0.270121696055283,0.0009314541243285622
6607,2,1,0.3799885474722093,0.0013103053361110664
2129,9,1,0.4083177648625151,0.0014079922926293624
5970,1,1,0.31489271224361803,0.0010858369387710966
1660,7,1,0.2784165335305584,0.0009600570121743393
8260,0,1,0.40573983456981544,0.0013991028778269497
449,3,1,0.41920077868098454,0.0014455199264861536
9716,2,1,0.4163526362852787,0.0014356987458113057
933,3,1,0.411849516911562,0.0014201707479709034
3581,0,1,0.40217620109970065,0.001386814486550692
3968,5,1,0.41030411947257306,0.0014148417912847346
3670,3,1,0.4144052130469706,0.001428983493265416
8314,4,1,0.3476899944692382,0.0011989310154111661
7545,8,1,0.41197340963448686,0.0014205979642568512
9377,0,1,0.38996418639756175,0.001344704091026075
2227,9,1,0.32982916311648286,0.0011373419417809753
6461,0,1,0.37942671663880556,0.0013083679884096744
7625,0,1,0.3887951637471173,0.0013406729784383356
7975,6,0,0.070462571761781,0.00024297438538545174
8585,8,1,0.41079868724187385,0.001416547197385772
8668,6,0,0.06156571228729485,0.00021229555961136155
5249,0,1,0.4030633037313241,0.0013898734611424968
8622,6,0,0.17414223630882425,0.0006004904700304285
4665,9,1,0.33303423206602356,0.0011483939036759433
2073,5,1,0.398782788537116,0.0013751130639210896
5200,4,1,0.3749823762886472,0.0012930426768574042
1042,3,1,0.40794484721821356,0.0014067063697179778
1923,3,1,0.41693795971010067,0.001437717102448623
3857,9,1,0.39394586556922534,0.0013584340192042254
3260,2,1,0.42245955355842263,0.00145675708123594
8116,6,0,0.23597306368316848,0.0008137002195971327
2589,9,1,0.4212728993589203,0.0014526651702031735
8546,6,0,0.1389448471171637,0.0004791201624729783
4044,3,1,0.4214985651195577,0.0014534433279984747
1611,3,1,0.3020159737043785,0.0010414343920840637
1917,5,1,0.3953580967481201,0.0013633037818900694
9930,0,1,0.35903653747580516,0.0012380570257786384
4271,5,1,0.361750518141409,0.0012474155797979622
8503,9,1,0.3833492040293924,0.0013218938069979047
8573,7,1,0.41045946153458923,0.001415377453567549
8055,0,1,0.4154596534317416,0.0014326194945922124
8559,1,1,0.26682018681669784,0.0009200696097127511
6104,6,0,0.07994178429547955,0.000275661325156826
9817,8,1,0.31901684395177204,0.0011000580825923174
8948,5,1,0.34403329616901857,0.0011863217109276502
5388,9,1,0.4036369747659084,0.001391851637123822
464,3,1,0.4058895042284966,0.0013996189800982643
6543,4,1,0.3963859198976712,0.001366847999647142
5676,4,1,0.3259107004359938,0.0011238300015034269
408,3,1,0.4159284474979624,0.0014342360258550427
4807,8,1,0.3414695394230267,0.00117748117042423
6341,5,1,0.40253250287171766,0.0013880431133507505
851,0,1,0.3049395591214852,0.0010515157211085696
2421,1,1,0.31940087691289204,0.0011013823341823863
6147,7,1,0.4197323986160842,0.0014473530986761523
1841,0,1,0.4206251489187058,0.0014504315479955373
7763,3,1,0.4201273655981724,0.0014487150537868013
5454,3,1,0.42107855687981566,0.0014519950237235023
1356,2,1,0.3123008864824402,0.0010768996085601386
9545,5,1,0.38667752778440684,0.0013333707854634718
9179,0,1,0.41744354363018393,0.0014394604952764963
6750,0,1,0.4172316194663409,0.0014387297222977272
4976,4,1,0.3674903225717376,0.0012672080088680607
5018,2,1,0.4197643345190639,0.0014474632224795309
2759,6,0,-0.0789506225550663,-0.00027224352605195273
9855,2,1,0.41866899063285057,0.0014436861745960364
8213,9,1,0.42043167294825484,0.0014497643894767409
9483,9,1,0.362637902567549,0.0012504755260949966
9699,1,1,0.38512920369976866,0.001328031736895754
6799,1,1,0.3372007376961416,0.001162761164469454
8961,4,1,0.36872246102123485,0.0012714567621421892
1176,0,1,0.3976384320134882,0.0013711670069430628
6056,8,1,0.4091880824262989,0.0014109933876768927
4717,1,1,0.30045632464683425,0.0010360562918856353
6893,6,0,0.23526371782917657,0.0008112541994109536
1382,4,1,0.41488351966141623,0.0014306328264186766
6073,1,1,0.30697047513947673,0.001058518879791299
6093,2,1,0.42294789514080067,0.001458441017726899
7532,6,0,-0.06006669838733747,-0.00020712654616323266
5891,5,1,0.3864552196410312,0.0013326042056587281
6456,1,1,0.32393250719043093,0.0011170086454842447
7944,1,1,0.3293487427051217,0.0011356853196728336
1068,8,1,0.3503247318272201,0.0012080163166455866
5756,0,1,0.3847827972223117,0.0013268372318010748
1540,7,1,0.33731818782043066,0.0011631661648980368
8386,5,1,0.35113388352072517,0.0012108064948990523
7274,5,1,0.373881158744548,0.0012892453749812
5845,7,1,0.4042166075251714,0.0013938503707764532
1733,6,0,0.22942231790888035,0.0007911114410651046
3873,8,1,0.4080005639652798,0.0014068984964319992
5773,7,1,0.3980575916173373,0.0013726123848873699
5996,9,1,0.4064429761252386,0.0014015275038801332
4589,1,1,0.2761490916840391,0.0009522382471863418
2244,9,1,0.3972300442767769,0.001369758773368196
6090,8,1,0.4220035013966096,0.0014551844875745157
3415,2,1,0.3895629690095338,0.001343320582791496
3182,6,0,0.1322691158600005,0.00045610039951724315
1674,1,1,0.3203171319916569,0.0011045418344539893
8015,8,1,0.4246649818424972,0.0014643620063534385
9559,3,1,0.39688950997027417,0.0013685845171388764
6783,1,1,0.19323593650961682,0.0006663308155504028
4695,4,1,0.4026852187455312,0.0013885697198121765
4671,8,1,0.4134831610287862,0.0014258040035475385
9856,9,1,0.30612974868555554,0.0010556198230536398
3735,0,1,0.423821029300383,0.0014614518251737346
2035,5,1,0.33572348535700647,0.0011576671908862292
2553,1,1,0.28954703021153383,0.0009984380352121855
3502,8,1,0.40146657655773105,0.0013843675053714865
5142,8,1,0.41575475316830585,0.00143363707989071
8667,8,1,0.3912843935792634,0.001349256529583667
3134,2,1,0.41282682006290694,0.0014235407588376102
8722,8,1,0.41226209019658605,0.0014215934144709865
8359,0,1,0.39568457409066005,0.0013644295658298623
3221,3,1,0.42359497000864244,0.001460672310374629
2452,5,1,0.41791087174411995,0.001441071971531448
5446,3,1,0.36246402081990176,0.0012498759338617303
5503,9,1,0.4033593596256295,0.0013908943435366535
3264,1,1,0.3214254984645579,0.0011083637878088204
2140,6,0,0.17893779466827606,0.0006170268781664691
9690,7,1,0.3897985572030968,0.0013441329558727475
348,1,1,0.23714894536101777,0.0008177549840035096
243,7,1,0.33611063145703024,0.0011590021774380353
5903,7,1,0.33349826983325886,0.0011499940339077892
4519,4,1,0.3618364948618988,0.001247712051247927
227,4,1,0.17408605671903904,0.0006002967473070312
1490,3,1,0.4107676386964713,0.001416440133436108
9495,7,1,0.39791793232866024,0.0013721308011333112
6258,6,0,-0.015930391086527995,-5.493238305699309e-05
7667,6,0,0.10964440964976174,0.00037808417120607497
5665,6,0,0.0066541877168333485,2.2945474885632237e-05
3376,7,1,0.4016348843091962,0.0013849478769282627
8263,3,1,0.4194483168774897,0.0014463735064741024
5727,6,0,0.1654437200797259,0.0005704955864818135
3136,7,1,0.32856155075721327,0.0011329708646800457
3207,2,1,0.3693397767386958,0.0012735854370299854
2803,1,1,0.3114532896576847,0.001073976860888568
9076,6,0,0.15855025914126453,0.0005467250315216018
9960,4,1,0.3875211106523321,0.0013362796919045934
4885,3,1,0.3986739278753358,0.001374737682328744
8641,7,1,0.3611188561459669,0.0012452374349860927
6393,9,1,0.32187530361780325,0.0011099148400613905
530,9,1,0.35685633564896774,0.0012305390884447163
1576,7,1,0.35887537056168667,0.0012375012777989195
4891,0,1,0.41135125259512,0.0014184525951555862
9170,9,1,0.3681377660909319,0.0012694405727273514
3340,8,1,0.3940802494095382,0.0013588974117570282
5068,4,1,0.33194636888634865,0.0011446426513322368
1429,9,1,0.3286996694325222,0.0011334471359742146
5708,3,1,0.4216904183038393,0.0014541048907028942
8471,3,1,0.4207297130331077,0.001450792113907268
564,0,1,0.3641683764941929,0.0012557530223937688
8384,8,1,0.41826782028716525,0.001442302828576432
7141,7,1,0.40990087930516994,0.001413451307948862
3405,4,1,0.3520490952183705,0.0012139623973047259
5169,4,1,0.3891160418857537,0.0013417794547784612
1553,9,1,0.40631462233588844,0.0014010849046065118
421,2,1,0.4103015565035128,0.001414832953460389
7669,4,1,0.39182032343236417,0.0013511045635598764
8362,3,1,0.420884986840102,0.0014513275408279379
2324,1,1,0.32617317732513457,0.001124735094224602
9840,3,1,0.4083661351431716,0.0014081590867005918
8928,9,1,0.41652806466649955,0.0014363036712637916
2437,2,1,0.37362967259447394,0.001288378181360255
8935,9,1,0.4126745144271519,0.0014230155669901791
5877,6,0,0.20176172913427637,0.000695730100463022
8940,5,1,0.36398262079379695,0.0012551124854958515
3037,2,1,0.42354191125108703,0.0014604893491416795
7985,7,1,0.4209052295428759,0.0014513973432512962
8795,0,1,0.39464522652946327,0.001360845608722287
4865,7,1,0.4132156470699425,0.0014248815416204915
8290,3,1,0.4218035074863421,0.0014544948534011796
3020,0,1,0.41501173810376174,0.0014310749589784887
8693,2,1,0.41293317729801154,0.0014239075079241778
3798,9,1,0.4030985868893692,0.0013899951272047216
3927,9,1,0.36996449688234434,0.001275739644421877
7907,0,1,0.4213092215675364,0.0014527904191984015
995,2,1,0.42225593100906966,0.0014560549345140332
7904,6,0,0.34194630149856264,0.0011791251775812505
3435,2,1,0.3778852399063913,0.0013030525514013491
5382,3,1,0.41381053127391343,0.0014269328664617705
5963,6,0,0.2534577236345208,0.0008739921504638648
8010,3,1,0.42236210292764603,0.0014564210445780898
7502,8,1,0.41378291131843703,0.0014268376252359897
5442,1,1,0.31116660958129433,0.001072988308901015
2884,3,1,0.3780184316232922,0.0013035118331837662
4301,9,1,0.3570226427119391,0.0012311125610756522
4298,9,1,0.40595148659809593,0.0013998327124072273
6956,9,1,0.3934767040593127,0.0013568162208941817
3174,4,1,0.42031060031496237,0.0014493468976378013
7834,4,1,0.39919667274298953,0.001376540250837895
5507,2,1,0.393391928770685,0.001356523892312707
7044,9,1,0.38092724231664477,0.001313542214884982
142,3,1,0.40791057261703706,0.0014065881814380589
3172,4,1,0.41672363417870295,0.0014369780488920792
1536,6,0,0.2808633261325948,0.0009684942280434304
540,5,1,0.40794472032444584,0.0014067059321532615
9620,9,1,0.348446064721261,0.0012015381542112447
6745,3,1,0.4208688283101126,0.0014512718217590088
6203,2,1,0.42109208592358954,0.0014520416755985847
7716,2,1,0.4127011201037049,0.0014231073107024306
3248,3,1,0.38389224232537345,0.0013237663528461153
697,4,1,0.38646598468546034,0.0013326413265015873
5683,9,1,0.3900205058082612,0.001344898295890556
5906,7,1,0.37136428373182717,0.0012805664956269903
7835,0,1,0.42283936691668766,0.0014580667824713367
6080,8,1,0.4203554983324272,0.00144950171838768
5395,4,1,0.37794712625865584,0.0013032659526160547
1511,4,1,0.4167344226044025,0.0014370152503600086
3355,2,1,0.41851348652022635,0.0014431499535180218
7666,8,1,0.4143509371601642,0.001428796335035049
1826,0,1,0.41666240873838833,0.0014367669266840976
5312,4,1,0.39295298232072096,0.001355010283864555
8376,1,1,0.25013532842796893,0.0008625356152688584
648,3,1,0.42393768166190926,0.0014618540746962388
3250,2,1,0.3538577333270546,0.0012201990804381194
3238,6,0,-0.01875564902299509,-6.467465180343135e-05
3196,1,1,0.24666736461622274,0.0008505771193662853
1796,0,1,0.3998964891326297,0.0013789534108021714
361,6,0,-0.046244527313499095,-0.0001594638872879279
2524,1,1,0.3177133589601617,0.001095563306759178
3869,9,1,0.41650352386692274,0.001436219047816975
2087,0,1,0.4121637033596917,0.0014212541495161784
9340,7,1,0.3511037108238691,0.0012107024511167899
7590,3,1,0.41681558704413835,0.001437295127738408
3667,7,1,0.4125387917623396,0.001422547557801171
9240,6,0,0.05713721422934026,0.00019702487665289745
6232,1,1,0.3231751791454388,0.0011143971694670303
7445,7,1,0.3871176948598217,0.0013348886029649024
7256,9,1,0.4194225816468166,0.0014462847642993677
909,7,1,0.33018330359970216,0.0011385631158610419
8534,9,1,0.39134154502804047,0.001349453603544967
9809,0,1,0.3816095378252771,0.001315894958018197
4095,9,1,0.4129730134854405,0.001424044874087726
9439,0,1,0.42299772648132944,0.0014586128499356188
7184,2,1,0.4169425426042558,0.0014377329055319165
9182,3,1,0.4081183920822776,0.0014073048002837159
1942,8,1,0.2929631100686422,0.0010102176209263523
3709,9,1,0.41322660081742524,0.0014249193131635352
2065,8,1,0.3918480884522681,0.001351200305007821
7122,6,0,0.053510775246595144,0.00018451991464343154
9315,5,1,0.37263208646355467,0.0012849382291846712
3935,6,0,0.12383418673548158,0.000427014437018902
2400,5,1,0.41177772540232166,0.0014199231910424885
9936,8,1,0.403241923864902,0.001390489392637593
4327,0,1,0.4222424850587832,0.001456008569168218
8172,0,1,0.4119688487932651,0.0014205822372181556
9834,8,1,0.22896064705244762,0.0007895194725946469
2137,1,1,0.2862389383360678,0.0009870308218485097
1862,4,1,0.2887640519733915,0.0009957381102530742
3628,2,1,0.4203489817747216,0.00144947924749904
4030,9,1,0.3595175318870057,0.0012397156271965713
7924,7,1,0.4231808912402848,0.0014592444525527062
5682,5,1,0.40650761452605355,0.001401750394917426
6784,9,1,0.4178952546744129,0.001441018119566941
435,8,1,0.3976828781259794,0.001371320269399929
899,8,1,0.4201093598538424,0.0014486529650132496
8771,6,0,-0.08979942009856784,-0.0003096531727536822
9879,0,1,0.2249077123834087,0.0007755438358048576
1054,1,1,0.22212281293205646,0.0007659407342484705
8025,2,1,0.4161577496662607,0.0014350267229871058
7640,9,1,0.38630557132721954,0.0013320881769904123
1749,2,1,0.4156099593053695,0.0014331377907081707
5150,3,1,0.4227087933592868,0.0014576165288251268
6477,8,1,0.40952944701348876,0.0014121705069430647
3842,9,1,0.4056883839884534,0.0013989254620291496
2176,2,1,0.3753918689878935,0.0012944547206479085
6658,9,1,0.40595305561684564,0.001399838122816709
5492,3,1,0.41925696843315857,0.001445713684252271
2458,6,0,-0.07535375830019736,-0.00025984054586274954
7972,4,1,0.4101804069571357,0.0014144151964039162
7970,6,0,0.003162353246730365,1.0904666368035742e-05
936,8,1,0.3566974780706198,0.0012299913036917924
6639,6,0,-0.10092691717870422,-0.0003480238523403594
2584,8,1,0.3948397399795689,0.0013615163447571342
7617,0,1,0.4222157754916277,0.0014559164672125094
7901,8,1,0.42409730901511333,0.0014624045138452184
4785,3,1,0.42213291288756594,0.001455630734095055
3640,0,1,0.3544970233782108,0.0012224035288903822
4895,8,1,0.4050260875588932,0.0013966416812375628
6717,6,0,-0.10402655839408875,-0.000358712270324444
1410,2,1,0.3576163964328599,0.001233159987699517
6075,3,1,0.41948105496535365,0.0014464863964322539
1650,0,1,0.4112973637033235,0.0014182667713907705
2099,8,1,0.4103921656527522,0.0014151453988025938
1310,3,1,0.3785481733758395,0.0013053385288822052
4110,1,1,0.3096962770614078,0.001067918196763475
1631,9,1,0.4080116826238603,0.001406936836634001
5904,3,1,0.3921188337913754,0.0013521339096254324
3763,5,1,0.3960245193108499,0.0013656017907270686
1007,8,1,0.37041583712585674,0.0012772959900891612
9381,4,1,0.4227533626815951,0.0014577702161434312
1931,5,1,0.33169125411480843,0.0011437629452234774
4587,6,0,0.09628139435785849,0.0003320048081305465
9981,6,0,0.10754733053982013,0.00037085286393041426
3753,7,1,0.35483446351747,0.0012235671155774828
9491,3,1,0.396236441611056,0.0013663325572795034
8857,8,1,0.39511104729578805,0.0013624518872268553
8839,9,1,0.4063012563936604,0.001401038815150553
6185,4,1,0.41661248240283155,0.0014365947669063156
4362,8,1,0.3864504562801127,0.0013325877802762508
2181,9,1,0.40352677107232887,0.001391471624387341
5693,6,0,-0.05346448139945703,-0.00018436028068778286
3393,5,1,0.3974448452928153,0.0013704994665269493
7682,9,1,0.3155425246228004,0.0010880776711131048
1721,7,1,0.3485790555656008,0.001201996743329658
2382,8,1,0.4066290656378141,0.0014021691918545314
9784,9,1,0.37933883353964837,0.0013080649432401668
7128,9,1,0.371470662118489,0.001280933317649962
1369,7,1,0.3823686177966455,0.0013185124751608466
1227,2,1,0.3450237949532025,0.0011897372239765603
3928,5,1,0.3650952792861208,0.0012589492389176579
9758,3,1,0.3871644459562378,0.0013350498136421992
5899,0,1,0.34677359420565756,0.0011957710145022674
3532,1,1,0.29269571108675907,0.001009295555471583
1678,2,1,0.3874203685391143,0.0013359323053072907
8308,3,1,0.41790607694619725,0.0014410554377455077
7263,0,1,0.39000332757016665,0.0013448390605867815
182,5,1,0.3216521962151974,0.001109145504190336
9415,1,1,0.3370375521783523,0.0011621984557874216
7900,1,1,0.37365094802965904,0.0012884515449298588
3274,2,1,0.3438626609058465,0.0011857333134684361
554,7,1,0.3978095728788173,0.0013717571478579907
4705,2,1,0.40424497386245656,0.0013939481857326089
9376,9,1,0.4096332964502669,0.0014125286084491963
6900,6,0,0.010479165323587503,3.61350528399569e-05
785,5,1,0.4099125835545076,0.0014134916674293366
3031,6,0,0.3101208392531481,0.0010693822043212004
9134,0,1,0.4226862737648567,0.00145753887505123
1119,7,1,0.41905111636320264,0.001445003849528285
780,3,1,0.4154789664172841,0.001432686091094083
3781,8,1,0.3705810136184565,0.0012778655642015741
7783,1,1,0.3780039586542729,0.0013034619263940445
9143,1,1,0.329168806074298,0.001135064848532062
2342,9,1,0.39152380808906295,0.0013500820968588379
6008,1,1,0.3649507174565873,0.0012584507498503011
8297,8,1,0.3909684647262994,0.00134816711974586
3330,2,1,0.4104490412074139,0.0014153415214048755
4823,9,1,0.2057374761617443,0.0007094395729715321
2473,1,1,0.32508707077594523,0.0011209898992273974
4572,8,1,0.41688983338277696,0.0014375511495957826
6126,9,1,0.41935186119925283,0.0014460409006870787
7930,2,1,0.41908451187077717,0.0014451190064509558
9445,3,1,0.4194705356433602,0.0014464501229081385
6180,2,1,0.406704076199547,0.0014024278489639553
7230,7,1,0.38438113850488564,0.001325452201740985
5250,2,1,0.40889281679215406,0.0014099752303177726
9337,5,1,0.41454731992954585,0.001429473516998434
1207,2,1,0.38820624576454726,0.0013386422267743009
8161,2,1,0.39340245279847663,0.0013565601820637126
7958,5,1,0.41457347136770284,0.0014295636943713892
7518,2,1,0.421241525340485,0.0014525569839327068
9263,8,1,0.4180614857185459,0.0014415913300639513
7216,0,1,0.2678003089718147,0.0009234493412821198
4591,6,0,-0.06962141825189283,-0.00024007385604100977
5723,2,1,0.40942162217311284,0.0014117986971486649
6509,6,0,-0.018287668671790547,-6.306092645445017e-05
6338,1,1,0.27225492301887644,0.000938810079375436
8358,9,1,0.4054354897193389,0.0013980534128253065
8251,0,1,0.4233440414272773,0.0014598070394044045
3254,6,0,0.003750362759048609,1.2932285376029686e-05
660,4,1,0.34861977608760025,0.0012021371589227595
7642,8,1,0.39742269314598794,0.0013704230798137515
1953,3,1,0.39367568994522895,0.001357502379121479
4985,2,1,0.40057909834868843,0.0013813072356851325
3521,8,1,0.42166207562776514,0.0014540071573371212
3208,7,1,0.36292536737772496,0.0012514667840611206
7963,8,1,0.4224368323784457,0.001456678732339468
8492,2,1,0.3983048296592466,0.001373464929859471
9388,1,1,0.3196108428417612,0.001102106354626763
2358,1,1,0.3510354056718051,0.0012104669161096726
4286,0,1,0.4215863480532502,0.0014537460277698282
9998,5,1,0.3991637759152823,0.0013764268135009734
2630,4,1,0.42228081363251285,0.0014561407366638374
839,8,1,0.3950749664543239,0.0013623274705321514
407,0,1,0.4239969198033022,0.0014620583441493178
9367,0,1,0.4221011106082035,0.0014555210710627707
5099,2,1,0.4164051894051389,0.0014358799634659962
9561,3,1,0.4161232469470032,0.0014349077480931144
5879,2,1,0.4213336957316791,0.001452874812867859
440,0,1,0.4248314865342664,0.0014649361604629875
253,5,1,0.33760710049866366,0.0011641624155126333
1329,1,1,0.26455013957353085,0.0009122418605983822
838,4,1,0.40728832960203337,0.0014044425158690806
4459,7,1,0.3830749274662964,0.0013209480257458496
6400,0,1,0.3391691983172531,0.0011695489597146659
9284,4,1,0.3879418553944183,0.0013377305358428216
4996,3,1,0.4085854315330669,0.0014089152811485066
7217,1,1,0.3594714274916353,0.0012395566465228803
4856,9,1,0.3360237916679554,0.0011587027298895012
9943,3,1,0.416908352233203,0.0014376150077007
2090,4,1,0.319047955904185,0.001100165365186845
5171,6,0,0.12153510130383977,0.0004190865562201371
5406,1,1,0.34654134392861496,0.0011949701514779826
1416,0,1,0.3383836234220051,0.0011668400807655348
3460,9,1,0.33341410382543246,0.0011497038062945946
282,7,1,0.3825382312404466,0.0013190973491049884
7678,2,1,0.42421646969821103,0.001462815412752452
2106,0,1,0.41777377746037686,0.0014405992326219893
2789,1,1,0.35574856966200863,0.0012267192057310642
3761,1,1,0.2141485884419804,0.0007384434084206221
796,2,1,0.4220971515935946,0.0014555074192882573
213,3,1,0.3200368134220385,0.0011035752186966845
1521,5,1,0.4017247548836068,0.0013852577754607132
7156,2,1,0.4192669359858943,0.0014457480551237736
561,0,1,0.39729903522864946,0.0013699966732022395
2004,8,1,0.3489498082573612,0.0012032752008874525
1153,6,0,0.048763278002809496,0.00016814923449244654
5056,5,1,0.33659624988293096,0.0011606767237342447
664,8,1,0.38151808498773676,0.001315579603405989
7035,8,1,0.3342368161060973,0.001152540745193439
724,6,0,0.005572187300546261,1.92144389674009e-05
8074,7,1,0.4131360526367076,0.0014246070780576125
2863,9,1,0.3064082644792252,0.0010565802223421559
1037,1,1,0.29380864362646897,0.0010131332538843758
866,5,1,0.3495421217099848,0.001205317661068913
4542,0,1,0.39112336693517613,0.0013487012652937107
8710,5,1,0.3466175423201171,0.001195232904552128
5780,3,1,0.4024749500710566,0.0013878446554174365
4781,7,1,0.37212086454689636,0.0012831753949892977
5298,8,1,0.41510599842017926,0.0014313999945523423
1479,3,1,0.42031919849395566,0.0014493765465308816
4358,9,1,0.3700128435038497,0.0012759063569098266
8848,6,0,-0.08437807484412702,-0.00029095887877285176
9058,6,0,-0.0532962836125937,-0.00018378028831928862
5055,4,1,0.3768549753112145,0.0012994999148662567
8489,3,1,0.41660300973476877,0.0014365621025336855
9104,4,1,0.42184944171616595,0.001454653247297124
9045,7,1,0.39529267058690387,0.0013630781744375996
2806,4,1,0.3583991163863136,0.001235859022021771
4566,7,1,0.3350703011933725,0.0011554148317012845
9664,2,1,0.3790872464714411,0.001307197401625659
5917,1,1,0.3225630022338397,0.0011122862145994472
3389,8,1,0.4190741031507561,0.0014450831143129521
4892,5,1,0.39912691987263865,0.001376299723698754
3012,8,1,0.39481366759400727,0.0013614264399793353
5301,0,1,0.36388281261844485,0.0012547683193739477
1162,6,0,0.21398058050121732,0.0007378640706938529
8345,2,1,0.4038862670736199,0.001392711265771103
5759,1,1,0.34073965927230776,0.0011749643423183025
6150,8,1,0.4192955837034487,0.0014458468403567197
2075,3,1,0.4067941308420944,0.0014027383822141188
2113,5,1,0.3548389986261702,0.0012235827538833455
7833,4,1,0.41006945458134253,0.0014140326020046295
9435,1,1,0.2896816976428167,0.0009989024056648852
5401,6,0,0.2355753040495377,0.0008123286346535782
4571,6,0,0.37190337050250777,0.0012824254155258889
136,0,1,0.35803479148305906,0.0012346027292519277
8846,9,1,0.38294673207403873,0.0013205059726690992
2973,9,1,0.38488366903929144,0.0013271850656527292
7946,3,1,0.4184298751201772,0.0014428616383454387
9236,0,1,0.42434759838842545,0.001463267580649743
9569,2,1,0.4184058207106243,0.0014427786921056012
7645,7,1,0.394388875430878,0.0013599616394168207
3890,5,1,0.41974810857533285,0.0014474072709494237
8456,8,1,0.4142313428449963,0.001428383940844815
2822,1,1,0.3491609664800104,0.001204003332689691
6470,0,1,0.38473691113774827,0.00132667900392327
9573,7,1,0.41367620901415775,0.0014264696862557164
6945,8,1,0.4147986394367822,0.0014303401359889042
5626,2,1,0.41784477549553367,0.0014408440534328748
799,2,1,0.42131873111846396,0.001452823210753324
7111,7,1,0.3838738107050343,0.001323702795534601
4524,1,1,0.28975271939750635,0.0009991473082672632
254,7,1,0.33278678044609233,0.0011475406222279047
86,7,1,0.4017327245936955,0.0013852852572196397
8764,0,1,0.3982163593865238,0.0013731598599535304
9490,2,1,0.4161894905098311,0.0014351361741718315
3038,7,1,0.39266985913698843,0.001354033997024098
3141,6,0,0.027227695130587204,9.388860389857656e-05
1158,4,1,0.41567842835810687,0.0014333738908900236
7588,9,1,0.3746956186315625,0.0012920538573502154
8913,0,1,0.35330375609217907,0.0012182888141109623
7117,3,1,0.4187107655398695,0.0014438302259995501
9838,1,1,0.3558853765372803,0.0012271909535768286
3286,9,1,0.381599530114139,0.0013158604486694448
6982,3,1,0.40617554257425037,0.001400605319221553
2294,0,1,0.4164545668221791,0.0014360502304213072
385,1,1,0.2836867908790368,0.000978230313375989
7357,9,1,0.3938602079006832,0.0013581386479333904
9320,4,1,0.3793496880841757,0.001308102372704054
2624,3,1,0.4027805141678343,0.00138889832471667
961,8,1,0.40311118894217873,0.001390038582559237
7821,3,1,0.4236275183156586,0.001460784545916064
372,0,1,0.41524365470242586,0.0014318746713876754
6727,3,1,0.42341331515433184,0.0014600459143252822
6942,5,1,0.3926207867152798,0.0013538647817768268
3216,8,1,0.39070993747154087,0.0013472756464535892
7227,9,1,0.33757430011715844,0.0011640493107488222
6402,6,0,0.18449627767390359,0.0006361940609444951
401,8,1,0.36135562371806135,0.0012460538748898667
684,7,1,0.3976211055633167,0.001371107260563161
2213,8,1,0.4118095728695371,0.0014200330098949555
105,9,1,0.3738434572329067,0.0012891153697686438
2647,3,1,0.36668346334128127,0.0012644257356595905
43,2,1,0.35481468311338005,0.0012234989072875174
3627,8,1,0.4033249018933929,0.0013907755237703202
4037,6,0,-0.016304153962849233,-5.6221220561549076e-05
2315,1,1,0.2919547925636782,0.0010067406640126833
5597,4,1,0.35919629813042175,0.0012386079245876613
9706,2,1,0.41202204902743417,0.0014207656863014972
5047,4,1,0.3743033727827326,0.0012907012854576987
5497,6,0,0.10337772455773331,0.0003564749122680459
6128,6,0,0.0895980111699825,0.0003089586592068362
3984,9,1,0.3862306489074845,0.001331829823818912
4101,9,1,0.4123912915770038,0.001422038936472427
1174,2,1,0.42278810959190827,0.0014578900330755457
4943,2,1,0.3647401762809064,0.0012577247457962288
1705,7,1,0.3570270011273481,0.0012311275900943038
7709,6,0,0.2505092003496002,0.0008638248287917249
222,2,1,0.42160010870841064,0.0014537934783048643
7058,6,0,-0.017585642414846447,-6.06401462580912e-05
3507,9,1,0.42146689722389424,0.001453334128358256
1165,9,1,0.3749741469789408,0.001293014299927382
9323,7,1,0.3906925718592133,0.00134721576503177
4402,2,1,0.4131707572707049,0.0014247267492093272
5032,4,1,0.40077662112666423,0.0013819883487126354
8678,7,1,0.4121792552170438,0.0014213077766104959
2587,3,1,0.40130538194364124,0.001383811661874625
3796,2,1,0.3760725728180185,0.0012968019752345465
2091,7,1,0.40528272848889374,0.0013975266499617026
9404,9,1,0.4207513997304674,0.0014508668956223012
2974,1,1,0.2609668783372514,0.0008998857873698324
8474,6,0,-0.005874123439325696,-2.025559806664033e-05
9729,5,1,0.27271197946072495,0.0009403861360714654
9197,8,1,0.38029261514465335,0.0013113538453263908
2814,5,1,0.4051231160069354,0.0013969762620928807
5973,3,1,0.4152488208904679,0.0014318924858291995
7718,8,1,0.40232436068528743,0.001387325381673405
3176,2,1,0.3618092274099367,0.0012476180255515058
9603,2,1,0.4179154666229875,0.0014410878159413362
1961,8,1,0.35492621898906257,0.001223883513755388
3480,1,1,0.3251532322188084,0.001121218042133822
6589,7,1,0.371836100801482,0.001282193451039593
2677,6,0,-0.0020734281623199236,-7.1497522838618056e-06
459,0,1,0.40491182824859406,0.0013962476836158417
887,3,1,0.41042850300155165,0.0014152707000053505
885,6,0,0.09459675918401073,0.0003261957213241749
2819,4,1,0.3870559254439542,0.0013346756049791523
5952,0,1,0.4232687360163456,0.0014595473655736055
6134,6,0,-0.0029719784559227302,-1.0248201572147346e-05
3162,7,1,0.314462756580595,0.0010843543330365346
875,2,1,0.404321036215293,0.0013942104697079068
6839,8,1,0.4169420456538187,0.0014377311919097197
5110,7,1,0.39643431131398127,0.0013670148665999354
5643,2,1,0.4223889654250332,0.0014565136738794247
129,5,1,0.3847242704326058,0.0013266354152848476
3882,8,1,0.4164009347165028,0.0014358652921258718
9417,2,1,0.4159845646043297,0.0014344295331183783
4373,4,1,0.36115674058475544,0.0012453680709819154
7690,3,1,0.3587681010800752,0.001237131383034742
9011,3,1,0.4149744595315086,0.0014309464121776158
7408,4,1,0.30470240554109956,0.0010506979501417226
3066,4,1,0.289548601425234,0.000998443453190462
9966,6,0,0.03282220690173593,0.0001131800237990894
3730,7,1,0.3790121039781634,0.0013069382895798736
4024,4,1,0.39749706852426087,0.0013706795466353822
4537,3,1,0.41859900678881373,0.0014434448509959095
3344,6,0,0.09146273050979109,0.00031538872589583134
9709,5,1,0.28658834250014287,0.0009882356637935961
4947,9,1,0.3944859995136981,0.001360296550047235
679,7,1,0.37080571664936035,0.0012786404022391736
4224,9,1,0.3034188334684357,0.00104627183954633
7609,2,1,0.4203828986560259,0.0014495962022621582
6207,6,0,-0.14619715856292964,-0.0005041281329756194
1402,2,1,0.3536472885666257,0.0012194734088504333
2767,3,1,0.3882059381134679,0.0013386411659085098
3367,2,1,0.4233390141799882,0.0014597897040689249
8218,7,1,0.3721135461734953,0.0012831501592189493
8603,3,1,0.42140802393699195,0.00145313111702411
9698,6,0,0.20651532123991623,0.0007121217973790214
514,6,0,0.3458165686549538,0.0011924709263963925
111,7,1,0.3671213656147671,0.0012659357434991968
2665,7,1,0.3335314721991307,0.0011501085248245887
292,9,1,0.394617209536428,0.0013607489984014758
4752,9,1,0.382187178079774,0.001317886820964738
7551,3,1,0.4139212222823686,0.0014273145595943746
7688,0,1,0.40425551202875865,0.0013939845242370988
9280,8,1,0.3999101485936473,0.0013790005123918874
7469,2,1,0.39578276807475304,0.0013647681657750104
4306,3,1,0.3776720632319935,0.0013023174594206672
2394,4,1,0.4027285053725194,0.0013887189840431705
9357,9,1,0.3622063167371318,0.0012489872990935579
3369,9,1,0.3744493233790026,0.0012912045633758711
3768,0,1,0.4251093092714033,0.0014658941699013906
1881,9,1,0.3903897686036415,0.0013461716158746258
5070,9,1,0.41835337558356883,0.0014425978468398926
9089,9,1,0.406171055163273,0.0014005898453905965
7289,0,1,0.41785135368084037,0.001440866736830484
3720,7,1,0.3936783981073878,0.0013575117176116821
5132,1,1,0.35556397511754645,0.0012260826728191256
9740,9,1,0.41266761787590944,0.001422991785778998
2634,3,1,0.4091160456204147,0.0014107449848979818
7307,7,1,0.3767203786563426,0.0012990357884701468
1646,1,1,0.33247524793778027,0.0011464663721992424
4379,4,1,0.36934544006471137,0.001273604965740384
8871,7,1,0.41112368511407144,0.0014176678797036945
5065,8,1,0.347443448232981,0.0011980808559757966
5011,8,1,0.34284443118422525,0.0011822221764973284
2438,9,1,0.3657514450134669,0.0012612118793567824
5182,9,1,0.34101985253727807,0.001175930525990614
9246,2,1,0.41548037894811973,0.001432690961890068
7151,2,1,0.4215281130776977,0.0014535452175093026
1280,1,1,0.3063534829784035,0.0010563913206151844
9494,6,0,0.38072703734496466,0.0013128518529136712
2031,3,1,0.41922577099299896,0.0014456061068724101
1713,0,1,0.41022061760646344,0.0014145538538153913
8744,6,0,0.043845619073106024,0.00015119178990726214
5720,4,1,0.280770667431374,0.0009681747152806001
7905,3,1,0.4229421731246782,0.0014584212866368214
6087,5,1,0.4081876383040797,0.0014075435803588955
4159,8,1,0.41334772151993554,0.0014253369707583985
1641,5,1,0.4164621152724852,0.001436076259560294
2393,8,1,0.4226020404214652,0.0014572484152464318
6121,7,1,0.422955524396671,0.001458467325505762
9120,1,1,0.2245785737800269,0.000774408875103541
4160,6,0,0.055773888916591685,0.00019232375488479893
1927,2,1,0.3902178368902672,0.001345578747897473
7989,0,1,0.40830486470267435,0.0014079478093195668
5384,1,1,0.3025298553258417,0.0010432063976753162
4517,2,1,0.42269872137929987,0.0014575817978596548
7383,8,1,0.4135178323329224,0.001425923559768698
334,3,1,0.38969282302533764,0.0013437683552597849
5767,2,1,0.4217676911990446,0.0014543713489622227
6268,4,1,0.3987752280962647,0.0013750869934353956
624,2,1,0.3839091673745144,0.0013238247150845325
3300,3,1,0.3846874971101728,0.0013265086107247337
8462,4,1,0.41930567217748704,0.0014458816281982313
4333,9,1,0.37942745910197784,0.0013083705486275098
1602,6,0,-0.06285695797185287,-0.00021674813093742367
1225,8,1,0.3993029721546163,0.0013769068005331597
2710,7,1,0.20849521175097868,0.0007189490060378575
4677,7,1,0.41174521684420445,0.0014198110925662223
51,3,1,0.4121461870099266,0.0014211937483100917
8374,9,1,0.424141412754037,0.001462556595703576
5094,7,1,0.4091294850473004,0.0014107913277493116
349,3,1,0.3741766581703074,0.0012902643385183012
6634,1,1,0.32074443608198233,0.0011060152968344217
9583,5,1,0.4074148384959132,0.0014048787534341833
8512,7,1,0.41780405517651725,0.0014407036385397146
1456,6,0,0.14653013789303931,0.0005052763375622046
1414,9,1,0.33078295561661564,0.0011406308814366057
1812,9,1,0.3718778818792463,0.001282337523721539
4819,0,1,0.34765355625685,0.001198805366402931
520,8,1,0.3118385977325102,0.001075305509422449
7101,4,1,0.3910627827430348,0.0013484923542863268
4057,1,1,0.32985936896555906,0.0011374460998812381
8931,7,1,0.4197064807336981,0.0014472637266679245
6959,0,1,0.36638253436648227,0.001263388049539594
5422,7,1,0.41658745225983074,0.0014365084560683818
7517,1,1,0.2851386353402219,0.000983236673586972
9290,5,1,0.3848191415456019,0.0013269625570537995
7473,4,1,0.33936988776353527,0.0011702409922880526
1177,2,1,0.41208559673181283,0.001420984816316596
3279,8,1,0.41108856860023,0.0014175467882766553
5551,7,1,0.4131514993678731,0.0014246603426478382
2776,3,1,0.4112075883181704,0.0014179572010971392
3364,8,1,0.4247729777223294,0.001464734405939067
9883,5,1,0.27478965681995937,0.0009475505407584805
2055,2,1,0.40090294389917963,0.0013824239444799298
6499,2,1,0.4240626722483334,0.001462285076718391
26,7,1,0.3252407669972518,0.00112151988619742
5275,5,1,0.41411265137266073,0.0014279746599057267
9081,1,1,0.32214035981320577,0.001110828826942089
6436,9,1,0.41159725426849497,0.0014193008767879136
5659,0,1,0.402728853991711,0.0013887201861783138
963,1,1,0.268514057647161,0.0009259105436109001
7670,6,0,-0.02382574324981529,-8.215773534419066e-05
3143,1,1,0.34114948585770305,0.0011763775374403554
8385,6,0,0.0900297867777673,0.00031044754061299067
9161,8,1,0.419626042497436,0.0014469863534394346
2600,8,1,0.4200337473215733,0.0014483922321433561
4886,7,1,0.3628664105510666,0.0012512634846588505
5408,3,1,0.4189541674940629,0.0014446695430829755
7238,7,1,0.3754379227291862,0.0012946135266523663
8505,8,1,0.4194507331259212,0.0014463818383652456
883,3,1,0.32471619835165205,0.0011197110287988002
9067,7,1,0.42167618926953004,0.001454055825067345
9029,6,0,0.22344829336121444,0.0007705113564179808
2301,7,1,0.34330665630741786,0.0011838160562324754
4190,1,1,0.3127281430094462,0.0010783729069291249
2680,4,1,0.35262180458330517,0.001215937257183811
800,8,1,0.366387699530193,0.0012634058604489415
5706,5,1,0.3918802926071701,0.001351311353817828
2768,5,1,0.4196160514233561,0.0014469519014598487
6907,3,1,0.4156284341021591,0.001433201496903997
707,4,1,0.38951827441217474,0.0013431664634902577
2456,9,1,0.30744041517912013,0.001060139362686621
15,5,1,0.4135452280717495,0.001426018027833619
5757,9,1,0.40871598165872364,0.0014093654539955988
1903,7,1,0.3568922323313969,0.0012306628701082652
6764,6,0,0.13977845927923072,0.0004819946871697611
2250,9,1,0.32352982142943626,0.0011156200738946078
7088,7,1,0.4092551581759499,0.0014112246833653443
505,3,1,0.4176848556675827,0.0014402926057502851
9302,7,1,0.36597149307862054,0.0012619706657883466
2054,9,1,0.37716824343563954,0.0013005801497780673
1406,5,1,0.3952055080158088,0.0013627776138476165
4513,8,1,0.3564357959360184,0.0012290889515035115
9878,1,1,0.3353408392233423,0.001156347721459801
8721,2,1,0.41981930673527956,0.0014476527818457917
4488,6,0,-0.003121293144834114,-1.0763079809772808e-05
1147,4,1,0.40902258158187543,0.0014104226951099153
5571,5,1,0.4197503591682173,0.0014474150316145424
3729,2,1,0.4242908448975718,0.001463071878957144
3604,7,1,0.3848438596130839,0.001327047791769255
6401,9,1,0.37401259986165103,0.0012896986202125898
6182,1,1,0.3288292493084531,0.0011338939631325969
1072,3,1,0.3447767027827147,0.0011888851820093611
6853,7,1,0.40565263020530684,0.0013988021731217478
3549,3,1,0.3983133563609195,0.001373494332279033
8711,5,1,0.40761468634590264,0.0014055678839513884
6085,3,1,0.4248266070877326,0.0014649193347852849
4846,9,1,0.3855815990068305,0.0013295917207132085
4118,5,1,0.2893628469506375,0.0009978029205194396
7438,6,0,0.05974800317809953,0.00020602759716586045
8797,4,1,0.4031030558027948,0.0013900105372510166
8924,3,1,0.40393185785911057,0.0013928684753762434
7611,4,1,0.3939681814646359,0.00135851097056771
3816,8,1,0.3843069262710966,0.00132519629748654
2242,2,1,0.4148424360058072,0.0014304911586407146
6698,2,1,0.39767936879593946,0.0013713081682618603
3854,7,1,0.4170391804215727,0.0014380661393847334
7855,0,1,0.4248509532503025,0.0014650032870700085
2719,1,1,0.20255553884754732,0.0006984673753363701
1755,5,1,0.3888544006472731,0.0013408772436112866
8659,1,1,0.3322138073780006,0.0011455648530275882
1474,8,1,0.36268693961994775,0.0012506446193791302
7295,6,0,-0.027369757430938224,-9.437847389978698e-05
4354,2,1,0.393531487603704,0.0013570051296679449
2215,6,0,0.39137780393260657,0.0013495786342503674
6005,1,1,0.3071223050115684,0.0010590424310743737
8856,3,1,0.42279078923953217,0.001457899273239766
2749,7,1,0.4233543708502037,0.0014598426581041509
2669,2,1,0.4130339559556849,0.0014242550205368443
7801,7,1,0.41945116931496995,0.0014463833424654135
2721,6,0,0.3639728154301512,0.001255078673897073
6518,5,1,0.3634456056326258,0.00125326070907802
2951,5,1,0.3363966232460228,0.0011599883560207682
470,8,1,0.39412268771305514,0.0013590437507346729
121,4,1,0.26288747289872205,0.0009065085272369726
2762,6,0,0.08345575269730021,0.0002877784575768973
4425,9,1,0.4102765671286963,0.001414746783202401
8796,9,1,0.3999976842681145,0.0013793023595452224
2856,8,1,0.4008094141781828,0.0013821014282006303
2841,7,1,0.30417434051954617,0.001048877036274297
8806,8,1,0.3902991669780966,0.0013458591964761952
8238,2,1,0.38569542819167063,0.0013299842351436918
914,8,1,0.3852486935131897,0.0013284437707351369
2270,7,1,0.34744636482524455,0.0011980909131904984
1217,9,1,0.39349048389598545,0.0013568637375723637
160,4,1,0.39557927359637257,0.0013640664606771468
2030,5,1,0.40150168268851216,0.0013844885609948696
2782,6,0,0.05773597157133431,0.0001990895571425321
4604,0,1,0.42142163122326237,0.0014531780387009047
3519,8,1,0.36137479878029183,0.0012461199957941097
4368,5,1,0.3592784236321175,0.0012388911159728188
2937,0,1,0.391299566667365,0.0013493088505771207
7804,3,1,0.419834437682564,0.0014477049575260827
2266,1,1,0.35662131937077,0.001229728687485414
5288,8,1,0.41050384784659316,0.0014155305098158385
9114,5,1,0.42157047489496335,0.001453691292741253
1768,0,1,0.38918230318681885,0.0013420079420235133
3978,6,0,-0.033823991933072506,-0.00011663445494162933
9468,3,1,0.4219158880922226,0.001454882372731802
5803,8,1,0.39239312355565076,0.0013530797363987958
5722,1,1,0.2860955645076718,0.0009865364293367993
6434,7,1,0.4012081506664107,0.0013834763816083127
8533,3,1,0.4132606771092977,0.001425036817618268
141,7,1,0.3582886160177519,0.00123547798626811
6255,3,1,0.4189779848569666,0.0014447516719205745
84,8,1,0.41397388747198427,0.0014274961636964974
6687,4,1,0.3472297083975189,0.00119734382206041
6000,9,1,0.3953520594615272,0.0013632829636604385
4743,8,1,0.4004491913555197,0.0013808592805362749
5832,4,1,0.41347550006301736,0.0014257775864241979
8638,7,1,0.4017282467824094,0.001385269816491067
5321,0,1,0.4128498570192767,0.0014236201966181955
1211,1,1,0.36589590330837096,0.0012617100114081757
8907,2,1,0.4238669217728722,0.0014616100750788697
6958,8,1,0.41630495885126517,0.0014355343408664317
4419,8,1,0.3890586827616238,0.0013415816646952545
2267,6,0,0.10381021594938283,0.00035796626189442355
9281,0,1,0.411482505060415,0.0014189051898635
5228,6,0,0.10410933772576675,0.0003589977162957474
1640,9,1,0.3762520930501897,0.0012974210105178956
5310,7,1,0.4202829703192834,0.0014492516217906324
3912,2,1,0.4016918874862279,0.0013851444396076826
4716,2,1,0.39137203036358265,0.0013495587253916643
8187,1,1,0.3801535550836969,0.001310874327874817
5412,7,1,0.40391031584079645,0.0013927941925544706
948,1,1,0.2983300755480854,0.0010287243984416737
7258,6,0,0.05929110503366419,0.00020445208632297997
3977,3,1,0.28350173925466704,0.0009775922043264381
4990,3,1,0.34677449726015214,0.0011957741284832832
1028,3,1,0.4178832164622877,0.0014409766084906473
9413,7,1,0.3969374323591672,0.0013687497667557488
7072,0,1,0.4061318585572541,0.0014004546846801864
662,9,1,0.387896888732197,0.0013375754783868862
3952,5,1,0.32121665227446,0.0011076436285326207
3413,0,1,0.33511766206113847,0.0011555781450384086
6296,8,1,0.4120872637320837,0.001420990564593392
1999,5,1,0.37340897846047155,0.0012876171671050744
4804,0,1,0.42349285532513287,0.0014603201907763203
7873,0,1,0.42238411913713236,0.0014564969625418358
3105,2,1,0.40105379317965667,0.0013829441144126093
6603,8,1,0.4120198591089092,0.0014207581348583075
4681,9,1,0.39548243840283326,0.0013637325462166664
5668,5,1,0.4228003301603044,0.0014579321729665667
5241,0,1,0.40864514959069337,0.0014091212054851495
5319,4,1,0.40457963840966304,0.0013951022014126312
7707,9,1,0.3508470334450419,0.001209817356707041
1328,7,1,0.2678713959683563,0.000923694468856401
2313,9,1,0.3798972223578004,0.0013099904219234495
6813,5,1,0.37318474523529166,0.0012868439490872127
7042,6,0,0.0155286641288227,5.3547117685595516e-05
8195,0,1,0.4156411080653069,0.0014332452002251963
2280,3,1,0.37925917090547917,0.0013077902445016523
2946,1,1,0.33502593244841505,0.0011552618360290174
5265,6,0,0.2911657480673708,0.0010040198209219683
1612,3,1,0.4130318810741745,0.0014242478657730156
1635,5,1,0.32484394755524953,0.0011201515432939639
7881,1,1,0.3592127602748691,0.0012386646906029969
3424,6,0,-0.17815035657839545,-0.0006143115744082602
8497,7,1,0.41395657362239124,0.0014274364607668663
1845,3,1,0.4169369139160451,0.0014377134962622244
7864,9,1,0.4149902585087353,0.001431000891409432
9869,7,1,0.38075003848731953,0.0013129311671976535
7521,5,1,0.3393629870392774,0.0011702171966871636
2797,5,1,0.4185425005062362,0.0014432500017456421
6328,0,1,0.38687318736184045,0.0013340454736615187
4073,7,1,0.39249454331565176,0.001353429459709144
9768,2,1,0.40662008080535395,0.0014021382096736344
542,8,1,0.19733574470182808,0.0006804680851787175
7708,1,1,0.3378500591351048,0.0011650002039141545
1401,7,1,0.3445497364836707,0.0011881025395988644
8991,0,1,0.42095195618630277,0.0014515584696079406
9291,1,1,0.2952880684711975,0.0010182347188661981
5461,1,1,0.320187515827924,0.001104094882165255
1972,0,1,0.4211892611362995,0.0014523767625389638
6765,8,1,0.34507333895487197,0.0011899080653616275
2645,4,1,0.3022266437759723,0.001042160840606801
3228,4,1,0.41980402292024493,0.0014476000790353274
9655,3,1,0.32487820828778824,0.0011202696837509939
288,1,1,0.24174092931949415,0.0008335894114465315
8657,0,1,0.4239922071818106,0.0014620420937303813
8482,2,1,0.42064624902612124,0.001450504306986625
9732,8,1,0.41383154291119245,0.0014270053203834223
1015,4,1,0.36462073410945645,0.001257312876239505
6779,0,1,0.4144130062827656,0.0014290103664922952
6515,1,1,0.33249630908696054,0.0011465389968515882
7305,6,0,-0.0437207326395635,-0.00015076114703297758
943,6,0,-0.014388928989535477,-4.961699651563957e-05
19,4,1,0.3440773602353182,0.001186473655983856
3982,0,1,0.42387320631039815,0.0014616317458979247
6169,4,1,0.4154709905948064,0.001432658588257953
1476,5,1,0.3792843256111786,0.001307876984866133
862,9,1,0.3826848099618937,0.0013196027929720472
9982,5,1,0.3508842762554988,0.001209945780191375
4344,9,1,0.30271951588101337,0.0010438603995897014
9530,9,1,0.3720386693444067,0.001282891963256575
3190,9,1,0.3889516122212778,0.0013412124559354407
1615,3,1,0.4093622788872525,0.001411594065128457
845,0,1,0.42390694504843013,0.001461748086373897
9882,3,1,0.367667599933575,0.0012678193101157758
4491,1,1,0.3249093627992859,0.001120377113100986
7443,6,0,0.07644398793618618,0.000263599958400642
207,5,1,0.40335456643056716,0.001390877815277818
912,3,1,0.4224300814285275,0.001456655453201819
1957,2,1,0.4162226872533909,0.001435250645701348
602,6,0,0.23357034512521743,0.0008054149831904049
2245,1,1,0.19231033077131487,0.0006631390716252237
3826,5,1,0.3890331577946016,0.0013414936475675918
5880,1,1,0.3293105168425442,0.0011355535063536006
1489,3,1,0.4189791829721858,0.0014447558033523647
1502,8,1,0.3406839345085745,0.0011747721879606017
5961,9,1,0.40612877466380903,0.0014004440505648588
7100,2,1,0.40846957343445817,0.0014085157704636488
4802,3,1,0.3485456959512018,0.0012018817101765579
8209,8,1,0.39841518475747695,0.001373845464680955
3406,8,1,0.4198522906953054,0.001447766519638984
2272,8,1,0.411760222450152,0.0014198628360350069
469,5,1,0.4153423400786824,0.00143221496578856
9872,3,1,0.41111436322255923,0.0014176357352502042
9351,2,1,0.36057591266604694,0.001243365216089817
1150,3,1,0.4096128030746201,0.001412457941636621
8289,1,1,0.37195509360949724,0.001282603771067232
9595,2,1,0.3725402950085443,0.0012846217069260148
4302,5,1,0.40212903860216764,0.001386651857248854
7863,9,1,0.4047319599938762,0.0013956274482547454
7229,2,1,0.39705802213944713,0.0013691655935843005
9312,6,0,-0.14300749712044042,-0.0004931293004153118
3737,8,1,0.41395509256910573,0.0014274313536865714
8861,4,1,0.40972878980286453,0.0014128578958719467
8732,6,0,-0.02332111618957211,-8.041764203300728e-05
3953,3,1,0.34632196935907467,0.001194213687445085
4059,5,1,0.40246447058235846,0.001387808519249512
8363,4,1,0.41481252214267056,0.0014303880073885192
7870,5,1,0.40534853356985434,0.0013977535640339804
491,5,1,0.33745360309230854,0.0011636331141114088
6862,3,1,0.38868641137012205,0.0013402979702418002
298,2,1,0.40897043564326135,0.0014102428815284875
3518,6,0,-0.042865769251786534,-0.00014781299741995356
1334,5,1,0.39382247368939843,0.0013580085299634429
2529,1,1,0.27643954624478195,0.0009532398146371792
8477,9,1,0.4204991708054881,0.0014499971407085797
9685,5,1,0.35539397659666383,0.0012254964710229788
6890,4,1,0.4084895251222757,0.0014085845693871577
783,1,1,0.27605262020023164,0.0009519055868973504
5366,2,1,0.4208938905551961,0.0014513582432937797
9722,8,1,0.4104516782663546,0.0014153506147115676
731,2,1,0.394460480813116,0.0013602085545279864
379,4,1,0.3860583565846158,0.001331235712360744
1977,6,0,0.1953073734805221,0.0006734737016569727
9539,9,1,0.3947727898849905,0.0013612854823620362
431,8,1,0.32288763947204135,0.0011134056533518668
8655,3,1,0.4229194844374195,0.0014583430497842052
9541,4,1,0.40391189780877745,0.001392799647616474
389,9,1,0.39860769473765895,0.001374509292198824
7011,8,1,0.4163148182643362,0.0014355683388425386
1777,0,1,0.3718298687858815,0.0012821719613306257
3755,9,1,0.39243106454694604,0.0013532105674032623
219,5,1,0.39803081551794295,0.001372520053510148
6279,2,1,0.401591221959983,0.0013847973171033897
9316,8,1,0.40062812915902096,0.0013814763074448998
318,2,1,0.41442028546484444,0.0014290354671201533
949,1,1,0.29780115141732066,0.001026900522128692
3109,7,1,0.26143371406733873,0.0009014955657494439
6516,4,1,0.4048600449523112,0.0013960691205252111
7440,0,1,0.3204437754949095,0.001104978536189343
7351,5,1,0.3614124885393055,0.001246249960480364
9455,0,1,0.4237380569419929,0.0014611657135930789
2732,6,0,-0.0763336319519558,-0.0002632194205239855
9532,6,0,0.08551962163051602,0.00029489524700177937
410,7,1,0.37510999403344303,0.0012934827380463552
1045,9,1,0.40461861041841873,0.0013952365876497197
216,3,1,0.38979881523645954,0.001344133845642964
8816,8,1,0.39704023456272425,0.0013691042571128422
3280,2,1,0.39332792133475547,0.0013563031770163982
3961,6,0,0.13741699052966816,0.00047385169148161433
8038,5,1,0.4196811977687067,0.0014471765440300232
1305,1,1,0.25211052394357353,0.0008693466342881846
6254,1,1,0.2967332301589515,0.001023218035030867
6386,5,1,0.4202741646969122,0.0014492212575755593
1281,5,1,0.41319934368627453,0.0014248253230561192
7286,7,1,0.4103338064178166,0.0014149441600614366
8987,5,1,0.38683524756245047,0.0013339146467670705
7853,8,1,0.4228887513881875,0.0014582370737523706
9666,0,1,0.3780484433079699,0.0013036153217516203
8413,8,1,0.4006075330686881,0.0013814052864437522
462,6,0,0.2899096812331934,0.000999688555976529
7028,7,1,0.35785135422392667,0.0012339701869790575
7167,1,1,0.3013163362270627,0.001039021849058837
3315,0,1,0.41932258198971933,0.001445939937895584
9587,9,1,0.3653917638410055,0.0012599715994517432
2496,2,1,0.40019406190829976,0.0013799795238217233
7743,6,0,0.10104168104978806,0.00034841958982685537
809,1,1,0.25145370381512244,0.0008670817372935256
7509,3,1,0.4130700169564248,0.001424379368815258
4962,2,1,0.41552766050379997,0.0014328540017372413
6914,9,1,0.36461251067165595,0.0012572845195574344
6597,0,1,0.3862224674664191,0.0013318016119531692
3212,2,1,0.36282917550829397,0.0012511350879596344
5205,7,1,0.35479621591362076,0.0012234352272883474
3433,1,1,0.2774463242982872,0.000956711463097542
7902,7,1,0.4241076561417452,0.001462440193592225
8458,0,1,0.421983366395927,0.0014551150565376791
7409,6,0,0.018054210700765794,6.225589896815791e-05
9140,1,1,0.3252466588848928,0.0011215402030513545
9096,1,1,0.30450387359510506,0.0010500133572245002
6081,9,1,0.4235710200741111,0.0014605897243934866
4541,3,1,0.4065617362685655,0.001401937021615743
2846,6,0,-0.07032451486725483,-0.00024249832712846492
7476,3,1,0.41041955163964833,0.0014152398332401667
7331,6,0,-0.04643606587268995,-0.0001601243650782412
5425,7,1,0.40985023258507475,0.0014132766640864646
9948,0,1,0.4219125684693215,0.0014548709257562811
433,5,1,0.4030328353523835,0.0013897683977668396
3392,9,1,0.3884622677633095,0.0013395250612527913
8945,4,1,0.39179477611350827,0.001351016469356925
7235,2,1,0.3974275796209036,0.0013704399297272537
3353,1,1,0.3363700313213813,0.0011598966597289012
2050,8,1,0.4143115737205311,0.0014286605990363143
6878,2,1,0.40446154282253943,0.001394694975250136
2736,7,1,0.3661040187964129,0.0012624276510221134
483,5,1,0.340234822595936,0.0011732235261928828
6720,1,1,0.3191827268376184,0.0011006300925435117
9509,1,1,0.3776905675810106,0.0013023812675207263
5304,6,0,-0.013245029211992887,-4.5672514524113405e-05
4170,1,1,0.2852543476909052,0.0009836356816927765
4245,9,1,0.3906936145384396,0.001347219360477378
6924,4,1,0.33207261656291703,0.0011450779881479899
1364,8,1,0.289549001455061,0.0009984448326036588
870,6,0,0.01720990609088696,5.934450376167918e-05
3693,9,1,0.37256293315079575,0.0012846997694855025
3396,2,1,0.4159672733645165,0.001434369908153505
9184,5,1,0.4011619832346981,0.0013833171835679245
9269,6,0,-0.027972048855518072,-9.64553408810968e-05
2815,1,1,0.37585985652039655,0.0012960684707599881
3017,4,1,0.3750799961150444,0.0012933792969484288
429,8,1,0.400819155170765,0.001382135017830224
2459,2,1,0.38281152173058797,0.0013200397301054757
269,0,1,0.39707187331245997,0.001369213356249862
3836,7,1,0.42044171012040066,0.0014497990004151747
8171,3,1,0.41151288320744467,0.0014190099420946368
5125,2,1,0.4203233107217941,0.0014493907266268761
7939,6,0,-0.057869182986308054,-0.00019954890684933813
27,4,1,0.38439396861688074,0.0013254964435064852
1531,3,1,0.38502583469019874,0.0013276752920351681
2954,0,1,0.3286983263177212,0.0011334425045438662
1586,3,1,0.38516792109751613,0.0013281652451638487
6992,7,1,0.4180294702786931,0.0014414809319954933
8793,2,1,0.4206455900805686,0.0014505020347605813
1986,1,1,0.3233146329523135,0.00111487804466315
2929,9,1,0.42175712354590966,0.001454334908778999
4267,1,1,0.2988593361687045,0.0010305494350644983
7013,2,1,0.41474188180363525,0.0014301444200125353
5989,6,0,0.06814535483086098,0.0002349839821753827
4686,6,0,0.2251075937223516,0.0007762330818012124
3089,2,1,0.375877318831159,0.0012961286856246863
7484,3,1,0.4067987634047836,0.0014027543565682194
5719,9,1,0.3134261666320046,0.001080779884937947
3177,3,1,0.3793986855541948,0.0013082713294972235
516,2,1,0.4114509801712638,0.0014187964833491855
304,4,1,0.4080614812475254,0.0014071085560259497
4776,0,1,0.4218544781324581,0.0014546706142498555
4751,4,1,0.2038207973128351,0.0007028303355615003
5337,0,1,0.41143132866066734,0.0014187287195195426
1745,9,1,0.38474251828407297,0.0013266983389105965
1453,4,1,0.3768659328193481,0.0012995376993770625
434,9,1,0.3272547657848653,0.0011284647096029838
3360,7,1,0.37633886657622795,0.0012977202295732
3090,0,1,0.40837239562204625,0.0014081806745587801
3559,8,1,0.38827647582052927,0.0013388843993811354
7328,2,1,0.415549250239396,0.0014329284491013655
6497,2,1,0.40988295028523575,0.0014133894837421923
2233,8,1,0.40741240781313687,0.0014048703717694374
4484,6,0,-0.011078465520302172,-3.820160524242128e-05
4082,0,1,0.4226070283383271,0.0014572656149597486
2328,0,1,0.40651174520886857,0.001401764638651271
7176,1,1,0.2932522568428748,0.0010112146787685339
5263,6,0,0.030205931986920564,0.00010415838616179505
3845,8,1,0.41563313253801343,0.0014332176984069428
9289,5,1,0.41423071316780297,0.001428381769544148
9748,8,1,0.40206950243425027,0.0013864465601181044
9274,1,1,0.34406881462956473,0.0011864441883778095
8459,1,1,0.3543357980443645,0.001221847579463326
110,8,1,0.4012684296918249,0.0013836842403166377
494,7,1,0.40839434195698254,0.0014082563515758018
7573,7,1,0.39845825062295187,0.0013739939676653513
5536,2,1,0.41246689005464304,0.0014222996208780796
4151,7,1,0.4199332702207826,0.001448045759382009
9265,1,1,0.281920439528359,0.0009721394466495137
6218,6,0,-0.026469381171750406,-9.127372817844967e-05
2618,3,1,0.3960082066504891,0.0013655455401741002
2337,6,0,0.26702441605740973,0.0009207738484738266
2340,4,1,0.42157903427833315,0.0014537208078563213
2975,8,1,0.37401203426320184,0.0012896966698731098
2052,8,1,0.29143253403658653,0.0010049397725399535
4129,9,1,0.3376286177829007,0.001164236613044485
4143,9,1,0.38475813461196473,0.0013267521883171198
103,4,1,0.41369573163803997,0.0014265370056484137
2341,9,1,0.3977139924309191,0.0013714275601066175
713,0,1,0.41794591669524533,0.0014411928161905012
3560,6,0,-0.15994307101678545,-0.0005515278310923637
2102,8,1,0.36926758077071736,0.0012733364854162668
8515,6,0,0.2751566010375718,0.0009488158656467992
2224,5,1,0.34668757234554815,0.0011954743873984419
1018,8,1,0.41182527960848686,0.0014200871710637478
1273,0,1,0.3474408320934689,0.0011980718348050651
5134,5,1,0.38690532372714004,0.001334156288714276
4356,5,1,0.35963253682847707,0.0012401121959602658
826,1,1,0.28223625496025745,0.0009732284653801981
6395,8,1,0.41526576931629483,0.0014319509286768786
2788,1,1,0.25533462692535186,0.0008804642307770754
6410,8,1,0.3574218437687649,0.001232489116444017
5541,2,1,0.4234484995153806,0.001460167239708209
8788,5,1,0.39876519324362564,0.0013750523904952608
4933,5,1,0.4117782772402749,0.0014199250939319823
5585,3,1,0.41932686762093613,0.0014459547159342626
9028,9,1,0.40527949648834666,0.0013975155051322299
7896,1,1,0.36998092737235067,0.0012757963012839679
5447,9,1,0.3972166198129774,0.0013697124821137152
2892,9,1,0.41450164362981706,0.0014293160125166105
1276,7,1,0.40250474587025037,0.0013879473995525875
9897,0,1,0.41237957583429463,0.0014219985373596367
4772,4,1,0.37636277494774223,0.001297802672233594
5299,9,1,0.4142799561222357,0.0014285515728352956
1857,6,0,0.3032951191023261,0.0010458452382838832
7102,4,1,0.3625136337365574,0.0012500470128846805
9086,6,0,0.1846711849476503,0.0006367971894746563
6616,2,1,0.42095395385934026,0.001451565358135656
9820,2,1,0.4206515197701966,0.0014505224819661951
2296,2,1,0.40342183510305224,0.0013911097762174215
8985,8,1,0.4135367437246796,0.0014259887714644123
9135,2,1,0.4241478846387189,0.0014625789125473066
6758,1,1,0.388613393176239,0.0013400461833663413
6191,0,1,0.42445273231684055,0.0014636301114373813
8148,6,0,0.07026470221364528,0.00024229207659877682
7398,3,1,0.4182194479598755,0.0014421360274478464
7730,3,1,0.4223944620131892,0.0014565326276316868
9191,2,1,0.42016688007207564,0.0014488513105933643
8867,3,1,0.41846290560528504,0.0014429755365699484
8709,4,1,0.4164462795317168,0.0014360216535576442
4690,7,1,0.390504985425478,0.001346568915260269
1680,4,1,0.35830464920583344,0.0012355332731235635
3069,4,1,0.41589693280284346,0.0014341273544925637
3323,8,1,0.41318220196945826,0.0014247662136877871
5686,0,1,0.42336779428423077,0.0014598889458076923
8545,1,1,0.3869386909106092,0.0013342713479676178
4679,9,1,0.42329448750987386,0.0014596361638271513
9372,5,1,0.41951213217084826,0.0014465935592098216
5455,2,1,0.4186339771479816,0.001443565438441316
9649,1,1,0.3980638308019521,0.0013726338993170764
1408,0,1,0.4141405532720024,0.0014280708733517323
3395,6,0,-0.17836662561528344,-0.0006150573297078739
3499,8,1,0.3970226100328288,0.0013690434828718234
2107,8,1,0.419496898047101,0.0014465410277486241
1891,2,1,0.4074163606718752,0.001404884002316811
9557,8,1,0.4098738898910188,0.0014133582410035131
5915,1,1,0.3127674868983406,0.0010785085755115192
4166,0,1,0.31524509608567386,0.0010870520554678409
3235,4,1,0.40845844276773896,0.0014084773888542723
8820,2,1,0.4181062265967102,0.001441745608954173
5360,8,1,0.40800370642997197,0.0014069093325171447
8858,0,1,0.4189198289117271,0.0014445511341783692
8452,4,1,0.4125781897684365,0.0014226834129946087
7155,5,1,0.3799908355598524,0.0013103132260684565
8789,6,0,-0.05569313744639098,-0.00019204530153927926
8212,0,1,0.4113714889945371,0.0014185223758432315
8473,5,1,0.41275945980974493,0.0014233084821025687
1104,7,1,0.3279675891595697,0.0011309227212398954
6190,9,1,0.38478065120482535,0.001326829831740777
2115,7,1,0.42345787699081305,0.0014601995758303898
8649,8,1,0.39817843139606857,0.0013730290737795467
5126,4,1,0.36801405523696157,0.0012690139835757296
1645,9,1,0.4081990435305104,0.001407582908725898
6814,6,0,-0.025699296056196363,-8.861826226274608e-05
9324,1,1,0.3122549068531153,0.0010767410581141907
4217,4,1,0.4188270351917212,0.0014442311558335215
1449,9,1,0.39630781289185074,0.001366578665144313
3108,3,1,0.3971973525647775,0.0013696460433268189
9682,1,1,0.3171404501464035,0.0010935877591255294
8202,7,1,0.353197787654836,0.001217923405706331
7431,3,1,0.3954215463903208,0.0013635225737597268
4408,9,1,0.38599421583708904,0.0013310145373692725
760,4,1,0.264389007821378,0.0009116862338668206
8717,9,1,0.40039375638572117,0.001380668125468004
9169,7,1,0.4193754399083274,0.0014461222065804392
2145,4,1,0.42203771133006945,0.0014553024528623085
824,1,1,0.2643535618343023,0.0009115640063251804
8519,7,1,0.420752332004823,0.0014508701103614586
5654,7,1,0.36654483805066607,0.00126394771741609
1805,7,1,0.3620983998859078,0.0012486151720203717
8476,8,1,0.4217312839063005,0.00145424580657345
9279,7,1,0.3755262199663614,0.0012949179998840048
834,6,0,0.046261738683515685,0.00015952323683970926
6521,2,1,0.42064305956226855,0.0014504933088354088
9501,3,1,0.4025761871632804,0.001388193748838898
610,4,1,0.36558716564475013,0.0012606453987750006
9405,0,1,0.42031619346403326,0.0014493661843587354
1269,2,1,0.32045372132147176,0.001105012832143006
5187,5,1,0.3960220536696816,0.0013655932885161433
3680,0,1,0.4230943683499454,0.0014589460977584325
3660,0,1,0.41692988490792976,0.001437689258303206
7523,7,1,0.4150222408413824,0.0014311111753151117
9139,8,1,0.41318149365174855,0.001424763771212926
1472,3,1,0.3355085659811497,0.0011569260895901714
9669,4,1,0.3499070359619904,0.001206575986075829
6738,4,1,0.42015732599378747,0.0014488183654958189
6094,6,0,-0.02952468054375157,-0.00010180924325431575
3166,7,1,0.389569400512959,0.001343342760389514
4453,7,1,0.351577302359821,0.001212335525378693
7150,1,1,0.34943832883786424,0.001204959754613325
8563,5,1,0.4235426998746474,0.0014604920685332668
7370,8,1,0.41843383362697345,0.001442875288368874
473,1,1,0.23933604530580987,0.0008252967079510685
1994,1,1,0.28671972770380416,0.0009886887162200144
6884,5,1,0.40548816379532354,0.0013982350475700812
6918,3,1,0.4003310414599619,0.0013804518671033169
9994,1,1,0.2822186570302372,0.0009731677828628869
5058,7,1,0.377431760980236,0.001301488830966331
597,0,1,0.4041778633680293,0.0013937167702345837
5473,5,1,0.3128592199497925,0.0010788248963785948
7220,8,1,0.41222727186464514,0.001421473351257397
2827,1,1,0.2507898639139373,0.0008647926341859907
1798,3,1,0.3986957164780692,0.0013748128154416179
5031,0,1,0.39662303515585157,0.0013676656384684538
6623,1,1,0.22639244834041597,0.0007806636149669516
5779,5,1,0.41192105121977357,0.0014204174179992192
5530,8,1,0.411369667424263,0.0014185160945664242
4890,8,1,0.3993287616299561,0.0013769957297584694
8742,7,1,0.41742594253995635,0.0014393998018619185
5774,4,1,0.393085569994177,0.0013554674827385414
2044,2,1,0.41601929805888455,0.0014345493036513261
7104,3,1,0.3910025708404518,0.0013482847270360407
5303,6,0,0.029204628183181147,0.00010070561442476258
9403,6,0,-0.10702694666137841,-0.0003690584367633738
6201,0,1,0.41601211954754436,0.001434524550163946
1985,4,1,0.29000096308188117,0.001000003320972004
6979,0,1,0.4007541988746063,0.0013819110306020907
7223,1,1,0.33794665743920826,0.0011653333015145112
6557,0,1,0.3889450322649262,0.00134118976643078
6095,5,1,0.38299804031953694,0.0013206828976535757
5208,1,1,0.2275084476011548,0.0007845118882798441
6435,8,1,0.40403493950473274,0.0013932239293266645
3417,0,1,0.40164266358706574,0.0013849747020243646
646,2,1,0.228204063150925,0.0007869105625893965
3307,6,0,0.09183026313109877,0.0003166560797624095
3587,9,1,0.41958513353165616,0.0014468452880401937
327,0,1,0.4087884151455626,0.0014096152246398709
7793,5,1,0.4174944259508879,0.001439635951554786
7758,6,0,-0.02103712750314085,-7.254181897634777e-05
4231,8,1,0.30244880893854237,0.001042926927374284
5522,8,1,0.42335397189805357,0.0014598412824070814
7967,0,1,0.42033841192305355,0.0014494427997346674
4769,9,1,0.37500666346512507,0.0012931264257418106
1744,6,0,0.011305452609736644,3.8984319343919464e-05
3623,5,1,0.3359965320852425,0.0011586087313284223
9255,9,1,0.4187841234640452,0.0014440831843587766
6590,0,1,0.42349613791377694,0.0014603315100475067
6998,9,1,0.3772888850500938,0.001300996155345151
3727,8,1,0.42501710538461385,0.0014655762254641856
2551,3,1,0.42016114922329,0.0014488315490458277
4759,1,1,0.2725927574468316,0.0009399750256787297
7470,3,1,0.40896645729869163,0.0014102291630989367
5480,5,1,0.31266749876107175,0.0010781637888312818
2331,6,0,0.14388956291473942,0.0004961709066025497
7530,4,1,0.3693763354865596,0.0012737115016777918
3947,3,1,0.4187280601460518,0.0014438898625725924
9627,6,0,0.0686093245762317,0.00023658387784907483
3535,7,1,0.4234135733152398,0.0014600468045353097
9451,7,1,0.39553817337933894,0.001363924735790824
5868,9,1,0.3775375572677044,0.0013018536457507048
2269,2,1,0.3774335359284019,0.001301494951477248
5975,4,1,0.3569269557903424,0.0012307826061735945
3858,1,1,0.30469748555828374,0.0010506809846837371
663,1,1,0.3091368413058352,0.0010659891079511559
8807,9,1,0.38526206208799557,0.0013284898692689502
2573,5,1,0.39918892304471265,0.0013765135277403885
4502,9,1,0.4070393228000376,0.0014035838717242676
4884,9,1,0.4070912959510203,0.0014037630894862768
283,5,1,0.32762645000515234,0.0011297463793281115
9232,4,1,0.40487611286851743,0.0013961245271328188
226,8,1,0.4163985839174317,0.0014358571859221783
7506,0,1,0.355401020250699,0.0012255207594851689
3039,1,1,0.20746575815299298,0.0007153991660448034
8605,6,0,0.15919884465502782,0.0005489615332931994
6730,7,1,0.41920778093787553,0.0014455440721995708
322,9,1,0.40086193195876,0.0013822825239957243
6757,1,1,0.34639817017282093,0.0011944764488717964
8746,2,1,0.41863015756580074,0.0014435522674682785
5046,3,1,0.4115809939394396,0.0014192448066877228
9783,4,1,0.37099288192594604,0.0012792857997446416
3255,1,1,0.31593871910952026,0.0010894438589983458
5017,9,1,0.4017157270680112,0.0013852266450621075
8698,7,1,0.41882373269403267,0.0014442197679104575
9970,5,1,0.3821361075371058,0.0013177107156451923
9753,0,1,0.4107459295601279,0.0014163652743452687
8502,5,1,0.42456737203847755,0.0014640254208223365
3766,3,1,0.41617054085116395,0.001435070830521255
1125,8,1,0.3963855926908283,0.0013668468713476838
4898,6,0,-0.13548714769004627,-0.00046719706100015955
820,6,0,0.049271627480578395,0.00016990216372613238
2702,6,0,0.2149093649000553,0.000741066775517432
1339,5,1,0.39478696252305434,0.0013613343535277735
4360,5,1,0.3933660990414555,0.0013564348242808809
6636,3,1,0.41400159042154955,0.0014275916911087915
8082,5,1,0.4104951714251158,0.001415500591121089
7720,8,1,0.3595480003093041,0.0012398206907217383
8770,4,1,0.3920770426372164,0.0013519898021972978
7776,8,1,0.4208407905183125,0.001451175139718319
525,0,1,0.4011790641834212,0.0013833760833911076
5193,1,1,0.3201456383783107,0.0011039504771665886
7920,1,1,0.3895004134177804,0.0013431048738544152
117,4,1,0.41674951631300683,0.001437067297631058
1051,4,1,0.4088490129355717,0.0014098241825364541
9181,2,1,0.4213349163883151,0.0014528790220286727
2796,6,0,0.05455950307857482,0.000188136217512327
6487,9,1,0.4026099955566428,0.0013883103295056647
6471,7,1,0.4051760259894236,0.0013971587103083572
7005,1,1,0.3210006260092097,0.001106898710376585
4279,2,1,0.4088752988779646,0.0014099148237171192
2571,0,1,0.2820920373614886,0.0009727311633154779
2904,2,1,0.4165561917200061,0.0014364006611034693
9770,5,1,0.37203635892234155,0.0012828839962839363
9360,5,1,0.41048122426729045,0.0014154524974734153
8084,9,1,0.40512997365925935,0.0013969999091698597
355,8,1,0.36136681718636277,0.0012460924730564233
8870,2,1,0.4147107044333623,0.0014300369118391803
3191,0,1,0.26664544190509354,0.0009194670410520467
2321,6,0,0.10354861766913565,0.0003570641988590884
9276,4,1,0.41018843867037913,0.0014144428919668245
5929,0,1,0.4115865898008121,0.001419264102761421
2987,5,1,0.3468103818020608,0.0011958978682829683
9148,6,0,-0.08080794092586602,-0.00027864807215815867
8117,0,1,0.4208642841457441,0.0014512561522267038
249,2,1,0.37264024960175146,0.001284966377937074
8442,4,1,0.41452179228608077,0.0014293854906416578
6707,6,0,-0.11551112401860603,-0.00039831422075381386
6124,9,1,0.42425157343420683,0.0014629364601179546
159,4,1,0.2595402211383392,0.0008949662797873765
7558,0,1,0.3409322527334635,0.0011756284577015984
6728,5,1,0.4175668567942889,0.001439885713083755
6692,9,1,0.4117155569054606,0.0014197088169153813
6035,2,1,0.3305619993524248,0.0011398689632842235
534,6,0,-0.1354620594100277,-0.0004671105496897507
4482,2,1,0.42213630337366653,0.0014556424254264363
5002,9,1,0.4164985988756006,0.0014362020650882778
383,7,1,0.26664162731645624,0.0009194538872981249
6051,2,1,0.37650230337347723,0.0012982838047361283
333,5,1,0.40075520009768917,0.00138191448309548
1071,7,1,0.3981116893601835,0.001372798928828219
2585,9,1,0.4009058040288429,0.00138243380699601
5236,8,1,0.381890546528059,0.001316863953545031
1688,6,0,-0.06732229850430094,-0.00023214585691138254
873,2,1,0.41444526857511477,0.0014291216157762579
5297,7,1,0.4190680692880658,0.001445062307889882
1539,3,1,0.3517055660548961,0.0012127778139824003
6323,4,1,0.40720580240279725,0.0014041579393199906
3284,8,1,0.4182801770322298,0.0014423454380421718
9155,1,1,0.34500182630671405,0.001189661470023152
8408,8,1,0.210234473311344,0.0007249464596942897
2886,4,1,0.41746019236056553,0.0014395179046916052
6225,2,1,0.41983512420186975,0.0014477073248340337
2237,5,1,0.4074112532935291,0.0014048663906673418
2127,0,1,0.4080783679150942,0.001407166785914118
9841,5,1,0.3585829976956589,0.001236493095502272
1722,2,1,0.35452305898547676,0.0012224933068464717
4078,9,1,0.4188638533236091,0.0014443581149089968
7349,2,1,0.4197224790360819,0.0014473188932278686
7478,5,1,0.394098701787543,0.0013589610406467
9431,3,1,0.3806781133551662,0.0013126831495005732
9750,3,1,0.42003302625645617,0.0014483897457119178
6501,3,1,0.40729019010261613,0.0014044489313883315
2561,8,1,0.37230517170019445,0.0012838109368972222
8689,8,1,0.4183095676109563,0.0014424467848653665
3964,8,1,0.40074950183442953,0.001381894833911826
2595,7,1,0.4100535228987824,0.001413977665168215
7490,7,1,0.39012200132903035,0.0013452482804449323
2839,5,1,0.42197107595480904,0.001455072675706238
7338,4,1,0.3818371200040343,0.0013166797241518425
9300,7,1,0.40469820355642255,0.0013955110467462847
1389,8,1,0.40551375681336604,0.0013983232993564345
2235,1,1,0.3580575531065957,0.0012346812176089507
9813,4,1,0.33517237500106506,0.0011557668103485002
7186,4,1,0.2925855213143459,0.0010089155907391238
3808,7,1,0.3777017367509494,0.0013024197818998257
3130,6,0,0.18023178666028197,0.0006214889195182138
1185,8,1,0.4021573306407127,0.0013867494160024576
3422,6,0,0.3693556464919854,0.0012736401603171909
5977,9,1,0.424072404550224,0.0014623186363800827
1782,8,1,0.41500348206703785,0.0014310464898863375
5357,6,0,-0.07420021905225138,-0.0002558628243181082
6019,4,1,0.35223823297140955,0.0012146145964531364
8880,2,1,0.41995583391089353,0.0014481235652099777
917,7,1,0.31211549865479077,0.0010762603401889338
4000,9,1,0.41294018473797856,0.0014239316715102708
6355,6,0,-0.039816518556226255,-0.00013729833984905604
6966,6,0,-0.00530730373172722,-1.8301047350783518e-05
6173,9,1,0.41981583688013197,0.0014476408168280412
3225,7,1,0.22136506814759446,0.0007633278211986016
3317,0,1,0.3228300166539635,0.0011132069539791845
938,3,1,0.4193473298547912,0.0014460252753613488
7660,8,1,0.412089186863778,0.001420997196081993
1081,9,1,0.3457554526865834,0.0011922601816778738
7215,3,1,0.42159476852978556,0.0014537750638958123
2006,6,0,0.209696906489565,0.0007230927809985
9083,3,1,0.4193316449648524,0.001445971189533974
4281,0,1,0.24203481113257194,0.0008346027970088688
3940,0,1,0.4103684822454504,0.0014150637318808635
6632,9,1,0.16700844841782192,0.0005758912014407653
7330,0,1,0.41419880194172176,0.0014282717308335233
8225,2,1,0.3908123477403732,0.0013476287853116317
6529,4,1,0.4044986739960661,0.0013948230137795382
8060,3,1,0.4179362401065015,0.0014411594486431086
2660,0,1,0.392470779353653,0.0013533475150125966
1990,6,0,0.05928686918739301,0.00020443747995652761
4583,5,1,0.4015582272340575,0.0013846835421864052
9598,6,0,0.060354869144618906,0.00020812023842972036
3517,4,1,0.42469277305425523,0.0014644578381181215
7637,2,1,0.4197390165250519,0.001447375919051903
8332,9,1,0.4194388437908782,0.0014463408406582008
5233,9,1,0.38443705748939966,0.001325645025825516
6153,8,1,0.41924487401702915,0.001445671979369066
54,6,0,0.28420535142560477,0.0009800184531917407
1019,1,1,0.34684024831409976,0.0011960008562555164
6851,8,1,0.38708030825741396,0.001334759683646255
4860,4,1,0.41359382833973324,0.0014261856149645974
5769,5,1,0.2549889184597172,0.0008792721326197145
5246,7,1,0.35582318591759593,0.001226976503164124
6690,3,1,0.4225940385080196,0.0014572208224414467
4450,1,1,0.3075490236414413,0.0010605138746256598
8963,8,1,0.4063008676072646,0.0014010374745078089
1509,4,1,0.4190383197489269,0.0014449597232721618
6880,5,1,0.42278699767707273,0.0014578861988864577
9978,1,1,0.3833831282510988,0.0013220107870727546
4578,7,1,0.40637615230415824,0.0014012970769108905
7544,7,1,0.4123479091408392,0.0014218893418649627
274,9,1,0.4186498017876779,0.0014436200061644065
3520,6,0,0.3961350247363063,0.0013659828439182976
99,9,1,0.41546417558732956,0.001432635088232171
1638,0,1,0.37347032814560116,0.0012878287177434523
7586,8,1,0.3987294923867379,0.0013749292840921996
5612,9,1,0.36553972633258836,0.0012604818149399598
4713,2,1,0.4199231222698365,0.0014480107664477122
1689,2,1,0.33078234407566426,0.0011406287726747043
9287,9,1,0.338411927469064,0.001166937680927807
2793,8,1,0.10781788210011878,0.00037178580034523715
8552,4,1,0.4196506669014914,0.0014470712651775564
9065,5,1,0.41541457700611256,0.0014324640586417675
3649,1,1,0.3333965776393304,0.0011496433711701047
6284,4,1,0.3835030048272921,0.0013224241545768693
7760,7,1,0.4191820163050635,0.00144545522863815
5050,9,1,0.38867188697911914,0.0013402478861348937
9547,2,1,0.4162987173466182,0.0014355128184366146
8690,9,1,0.38709200125911103,0.0013348000043417621
9502,4,1,0.41946554735957464,0.0014464329219295677
4747,7,1,0.39924619668469563,0.0013767110230506745
4077,1,1,0.3367685001620348,0.0011612706902139132
2241,5,1,0.38239675927601574,0.0013186095147448818
1251,2,1,0.3637484442394473,0.0012543049801360252
4978,8,1,0.41266271707948265,0.0014229748864809746
482,7,1,0.37162448156962563,0.0012814637295504331
4092,8,1,0.38518316789297025,0.001328217820320587
1365,2,1,0.4026263832800905,0.0013883668388968637
544,4,1,0.40623878060984947,0.001400823381413274
9158,0,1,0.4110256359664953,0.0014173297791948113
3430,1,1,0.24762591332895173,0.000853882459755006
886,6,0,0.13995621983823664,0.0004826076546146091
9803,2,1,0.4211422346927188,0.0014522146023886854
1073,5,1,0.42254657460217543,0.001457057153800605
741,2,1,0.38109781082564886,0.0013141303821574098
6751,1,1,0.38403429132693084,0.0013242561769894166
3794,8,1,0.4144326763661664,0.001429078194366091
9487,2,1,0.41332331019568697,0.001425252793778231
9145,2,1,0.41734941572127654,0.001439135916280264
1488,4,1,0.40218702657167743,0.001386851815764405
4127,2,1,0.4094562087104535,0.0014119179610705293
8529,4,1,0.4229918593445005,0.0014585926184293122
7674,3,1,0.37856304380295264,0.001305389806217078
9033,4,1,0.40417229151501366,0.001393697556948323
3669,1,1,0.268187948904765,0.0009247860307060861
2060,0,1,0.42278858058449453,0.0014578916571879122
7866,0,1,0.41650665162272654,0.0014362298331818157
2858,9,1,0.4115180990554303,0.0014190279277773458
1699,7,1,0.3692923137229382,0.0012734217714584076
9006,2,1,0.4237140439858331,0.0014610829102959762
9017,1,1,0.406783911572642,0.0014027031433539378
1187,2,1,0.4036057296618293,0.0013917438953856183
9875,8,1,0.3257417755180888,0.0011232475017865131
681,9,1,0.41183071128409476,0.001420105900979637
6539,7,1,0.39236041998798904,0.0013529669654758242
2307,4,1,0.3503811328461849,0.0012082108029178788
1219,8,1,0.3798162540025262,0.0013097112206983663
7232,1,1,0.27542392119946224,0.0009497376593084905
3586,1,1,0.3821113036728441,0.0013176251850787728
3321,5,1,0.4180898577652777,0.001441689164707854
5190,7,1,0.36128366128041944,0.0012458057285531705
484,4,1,0.3589648174701875,0.0012378097154144396
594,6,0,-0.08275586831285547,-0.00028536506314777747
2905,8,1,0.3782383059569065,0.0013042700205410569
2674,1,1,0.28625491984358176,0.0009870859304951095
152,5,1,0.3635389719925018,0.0012535826620431096
3490,4,1,0.3740565828442436,0.0012898502856698055
8682,1,1,0.3257228737668154,0.0011231823233338462
2254,2,1,0.37198258964350467,0.0012826985849776023
7899,1,1,0.37163588064645714,0.001281503036711921
4462,0,1,0.4159213880247618,0.0014342116828440063
5118,8,1,0.40564058420153704,0.001398760635177714
6007,7,1,0.3994839659577181,0.0013775309170955797
6490,7,1,0.41359096886927627,0.0014261757547216424
55,0,1,0.3548666845116656,0.0012236782224540194
1249,8,1,0.40552867731024234,0.0013983747493456632
2282,5,1,0.3452067327949634,0.0011903680441205633
1084,0,1,0.42392937839662104,0.001461825442746969
1407,2,1,0.41791408974934524,0.0014410830681011904
8124,7,1,0.4040139637894483,0.0013931515992739597
8736,7,1,0.4133047172955314,0.0014251886803294186
5691,4,1,0.34163307495663664,0.0011780450860573678
3810,5,1,0.4059804972073411,0.0013999327489908314
3220,5,1,0.42186591277969304,0.001454710044067907
5279,9,1,0.41094186079168754,0.001417040899281681
2492,0,1,0.4187589259791945,0.001443996296479981
5158,3,1,0.41431451408283815,0.0014286707382166833
937,6,0,0.043489948234026354,0.0001499653387380219
6961,1,1,0.3406984531047752,0.0011748222520854318
9009,7,1,0.41949142426679076,0.0014465221526441061
676,7,1,0.4147920827189401,0.0014303175266170347
1711,2,1,0.41421409105676515,0.00142832445191988
6828,2,1,0.41278898185257734,0.0014234102822502667
3970,9,1,0.37894951301271756,0.0013067224586645434
1142,4,1,0.34210280251265085,0.0011796648362505202
8527,4,1,0.41547381319713794,0.0014326683213694413
4098,2,1,0.4136712681521405,0.0014264526488004844
1947,2,1,0.40181791867771577,0.0013855790299231578
3163,8,1,0.3799560542772724,0.0013101932906112842
5620,7,1,0.4054840245782267,0.0013982207744076783
496,9,1,0.36297624119983496,0.0012516422110339137
8912,8,1,0.40739643913825563,0.0014048153073732952
1620,2,1,0.41883645456937135,0.0014442636364461082
2289,8,1,0.32528362416686096,0.0011216676695409
166,4,1,0.3348192696577126,0.0011545492057162502
4179,1,1,0.3211938367375309,0.0011075649542673478
3091,8,1,0.3792954394875285,0.0013079153085776844
9064,4,1,0.4219346333674812,0.0014549470116120042
2096,0,1,0.4152283464950517,0.0014318218844656956
7846,0,1,0.42224937508571825,0.0014560323278817872
2737,6,0,0.04856495713966702,0.00016746536944712765
5450,0,1,0.4239823002446057,0.0014620079318779506
950,7,1,0.3832928662929459,0.0013216995389411929
9633,0,1,0.41416610944586335,0.001428158998089184
5145,6,0,0.19850581488526536,0.0006845028099491909
3269,6,0,0.4067367048458877,0.0014025403615375437
6965,5,1,0.39010839230608035,0.0013452013527795875
2185,0,1,0.258108415370935,0.0008900290185204655
2149,8,1,0.4085417601897145,0.0014087646903093603
9055,8,1,0.4210074555565344,0.0014517498467466704
6756,7,1,0.41363294861275784,0.0014263205124577856
95,4,1,0.42063394616227856,0.001450461883318202
2922,5,1,0.4191367248922357,0.001445299051352537
682,1,1,0.30766997552508285,0.0010609309500864926
2556,5,1,0.39845404361712267,0.0013739794607486987
6313,4,1,0.41188781266293695,0.0014203028022859894
6821,3,1,0.4015861250496862,0.0013847797415506421
864,8,1,0.4246767908962512,0.0014644027272284524
3824,3,1,0.3559024513266834,0.0012272498321609772
3153,8,1,0.3740495715389832,0.0012898261087551145
366,6,0,0.2539790309984331,0.0008757897620635624
3334,5,1,0.29261368006028665,0.0010090126898630574
4097,3,1,0.421781986630109,0.0014544206435521002
4569,5,1,0.39189307136777934,0.001351355418509584
3853,6,0,0.4010345932496414,0.0013828779077573843
9723,9,1,0.4061713799743096,0.0014005909654286536
1706,4,1,0.41070872384289536,0.0014162369787686048
4497,8,1,0.4199748974834228,0.0014481893016669752
8673,2,1,0.4135580435205777,0.0014260622190364748
4669,7,1,0.3121304611436217,0.0010763119349780058
4683,9,1,0.3480972836354977,0.001200335460812061
3059,7,1,0.35186427147878707,0.001213325074064783
1056,2,1,0.32081386793368105,0.0011062547170126932
8581,3,1,0.4186842888659604,0.0014437389271240012
858,2,1,0.407488731127284,0.0014051335556113241
3249,4,1,0.4123997982757944,0.0014220682699165326
4075,8,1,0.40451687985487433,0.001394885792603015
9333,4,1,0.382702857198915,0.0013196650248238448
974,2,1,0.4157309100785651,0.0014335548623398797
6280,0,1,0.4131433630459753,0.0014246322863654321
3079,7,1,0.40064678331520404,0.0013815406321213933
4237,9,1,0.3806026630744915,0.001312422976118936
4378,5,1,0.4067875520750836,0.0014027156968106332
1619,0,1,0.2981324810095154,0.0010280430379638462
2158,2,1,0.4078998685508254,0.0014065512708649152
954,9,1,0.3653738947437549,0.001259909981875017
4476,2,1,0.39530721461719337,0.0013631283262661841
6484,1,1,0.29031598895793426,0.001001089617096325
3955,5,1,0.39213607591473393,0.0013521933652232204
3297,0,1,0.40014223130911025,0.0013798007976176215
8646,2,1,0.41401038656903005,0.0014276220226518278
8277,3,1,0.4113551420829529,0.001418466007182596
8244,1,1,0.36834126079060153,0.001270142278588281
6451,9,1,0.40886941672039245,0.0014098945404151463
9452,8,1,0.399683156951186,0.0013782177825902965
7700,9,1,0.34700289940646123,0.0011965617220912456
4936,7,1,0.4055910014050595,0.0013985896600174465
5678,8,1,0.26527506749132357,0.0009147416120390468
5716,2,1,0.41613994266613735,0.0014349653195384047
9272,9,1,0.3583833340372834,0.0012358046001285634
6786,0,1,0.40094047121187004,0.0013825533490064484
3788,5,1,0.4131583765868038,0.0014246840571958753
4227,0,1,0.39288243456324123,0.0013547670157353145
7843,6,0,0.3129799694357909,0.0010792412739165202
204,1,1,0.2952731125702953,0.0010181831467941218
239,1,1,0.30035468784085845,0.0010357058201408912
8096,6,0,0.04189265846807866,0.0001444574429933747
3577,2,1,0.3688326237724011,0.0012718366336979348
7550,4,1,0.40291694186170846,0.001389368765040374
2076,3,1,0.406440415548535,0.001401518674305293
7140,3,1,0.3896291295986013,0.0013435487227537975
8464,6,0,0.20165221102777614,0.0006953524518199177
70,7,1,0.39468466172839123,0.0013609815921668664
7775,4,1,0.419090127812879,0.0014451383717685483
4313,4,1,0.33520602676511035,0.0011558828509141735
7173,1,1,0.35911254494858597,0.0012383191205123654
5992,7,1,0.40072296641380584,0.0013818033324613994
3423,7,1,0.3889911991031604,0.001341348962424691
7020,6,0,0.12401331631111323,0.0004276321252107353
7352,5,1,0.3449674147053401,0.001189542809328759
1335,2,1,0.39895707111878953,0.0013757140383406535
8110,7,1,0.4034414178132233,0.0013911773028042183
8184,9,1,0.4127486988152622,0.001423271375225042
2432,2,1,0.3654654852723392,0.0012602258112839283
3047,2,1,0.41574697783596415,0.0014336102683998764
4420,5,1,0.4029180375006499,0.0013893725431056894
4710,2,1,0.42130003694847973,0.001452758748098206
506,1,1,0.2825827279088521,0.0009744231996856969
2843,7,1,0.4199646336083153,0.0014481539089941907
8034,5,1,0.4184633725889664,0.0014429771468585048
2813,3,1,0.39798295057087213,0.0013723550019685245
4779,6,0,0.06444351841490514,0.00022221902901691429
3750,5,1,0.3794388762807236,0.0013084099182093917
6887,9,1,0.386102440307945,0.0013313877251998104
7565,7,1,0.42212138735335936,0.001455590990873653
507,3,1,0.3606769484919746,0.0012437136154895678
7381,0,1,0.39463736514724673,0.0013608185005077474
8972,3,1,0.41472891736843875,0.001430099715063582
5976,8,1,0.4061497358561485,0.001400516330538443
884,0,1,0.3561644618109752,0.0012281533165895697
3823,2,1,0.41446469728440516,0.001429188611325535
194,0,1,0.41128281272544676,0.0014182165956049889
8348,5,1,0.355407159557683,0.0012255419295092516
8950,2,1,0.42001938174783726,0.0014483426956821974
2381,8,1,0.3889795664773513,0.0013413088499219011
856,5,1,0.4120094826970945,0.001420722354127912
7202,0,1,0.4229850658464258,0.001458569192573882
6488,4,1,0.38446659776949765,0.0013257468888603367
7658,1,1,0.31767248626738837,0.0010954223664392702
7019,1,1,0.31188658951732734,0.0010754709983356115
2692,9,1,0.3277988599092205,0.0011303408962386912
1299,5,1,0.4143788648774155,0.0014288926375083293
2743,5,1,0.27794460096841656,0.0009584296585117812
8584,2,1,0.40499404673331457,0.0013965311956321191
2482,7,1,0.403215627676847,0.0013903987161270586
9710,6,0,0.3014635498029733,0.0010395294820792183
4242,3,1,0.417151555577331,0.0014384536399218311
8809,1,1,0.37934018972251504,0.0013080696197328105
4778,1,1,0.3273122283029854,0.001128662856217191
7914,6,0,0.16645601480111016,0.0005739862579348627
5573,3,1,0.40971633406762964,0.0014128149450607919
2594,3,1,0.37410280114558087,0.0012900096591226926
5428,0,1,0.4228689814845338,0.001458168901670806
813,9,1,0.4024169413465791,0.0013876446253330314
498,0,1,0.3070480084275157,0.0010587862359569505
9625,4,1,0.3845707203467441,0.0013261059322301522
742,0,1,0.4228411780533304,0.0014580730277701048
7112,0,1,0.384149064505837,0.0013246519465718518
6540,1,1,0.3011708468081858,0.001038520161407537
4871,1,1,0.23553059856327935,0.0008121744778044115
2423,8,1,0.4149228361483839,0.0014307684005116685
9270,7,1,0.3550601985606062,0.0012243455122779524
7584,7,1,0.4088879379552926,0.0014099584067423883
3428,6,0,-0.03579445888258376,-0.00012342916856063365
4825,8,1,0.385896523346686,0.0013306776667127104
9575,8,1,0.41310709524516304,0.0014245072249833208
710,5,1,0.42309579303287176,0.0014589510104581784
6136,5,1,0.40664438141233117,0.0014022220048701074
4883,6,0,0.07193716537399086,0.00024805919094479607
3589,7,1,0.37457837290202284,0.0012916495617311132
2952,3,1,0.41809115853018264,0.001441693650104078
5064,7,1,0.3568751452751357,0.0012306039492246059
8500,4,1,0.42256484039084,0.0014571201392787588
7903,7,1,0.4239122297243946,0.001461766309394464
4783,4,1,0.38969640408889855,0.0013437807037548226
4639,8,1,0.4056492426586245,0.0013987904919262914
641,8,1,0.3601537334842937,0.0012419094258079094
9475,6,0,0.2377928652993289,0.0008199753975838927
1465,4,1,0.18918212806804052,0.0006523521657518639
2790,5,1,0.41358399918985683,0.001426151721344334
5553,1,1,0.3583255542483476,0.0012356053594770608
7302,8,1,0.38222178402947216,0.001318006151825766
1535,0,1,0.3903471403264787,0.0013460246218154439
3568,4,1,0.3135630447024817,0.0010812518782844197
5221,6,0,0.27863481853241634,0.0009608097190772977
8006,9,1,0.4204465121965073,0.001449815559298301
3582,1,1,0.2855084106530211,0.0009845117608724867
8115,3,1,0.4216837259046242,0.0014540818134642214
4458,4,1,0.4161632339678198,0.0014350456343717923
8092,4,1,0.36620568711393187,0.0012627782314273512
3740,3,1,0.42123429802546897,0.0014525320621567896
867,2,1,0.41195688806212083,0.001420540993317658
2831,6,0,0.050410374291204374,0.00017382887686622197
5538,3,1,0.42354537152704586,0.0014605012811277442
7661,1,1,0.2656546579834653,0.0009160505447705701
8411,3,1,0.4150611626287193,0.0014312453883748941
1306,4,1,0.3808672898619232,0.0013133354822824938
2121,8,1,0.30723965266191516,0.0010594470781445351
6637,4,1,0.28179713370736126,0.0009717142541633147
7219,7,1,0.39843283265548807,0.001373906319501683
971,4,1,0.4098951666809481,0.0014134316092446486
6993,2,1,0.4209781373013537,0.0014516487493150126
9808,9,1,0.3853087464376237,0.0013286508497849093
3298,4,1,0.3883169109306144,0.001339023830795222
8087,3,1,0.41994687843470785,0.0014480926842576132
9935,7,1,0.36894383386686064,0.001272220116782278
595,3,1,0.40791089660029406,0.0014065892986217037
1710,7,1,0.38546007732294907,0.0013291726804239624
1932,2,1,0.37711673690553843,0.0013004025410535808
9132,5,1,0.3760221182409867,0.0012966279939344368
4803,4,1,0.39872846354445773,0.001374925736360199
3967,9,1,0.20759779666109535,0.0007158544712451563
8347,4,1,0.393792806726988,0.001357906230093062
8030,7,1,0.41585319996085823,0.0014339765515891663
4664,3,1,0.38844315199143303,0.001339459144798045
9674,1,1,0.3806566033420848,0.0013126089770416716
6304,8,1,0.40000678011889285,0.0013793337245479064
890,3,1,0.3818335337819656,0.0013166673578688469
323,3,1,0.3922764677346904,0.0013526774749472081
9020,8,1,0.414846717094798,0.0014305059210165448
5192,2,1,0.3781168754864124,0.0013038512947807323
9063,3,1,0.41981594584976956,0.0014476411925854122
2080,3,1,0.4218984914542115,0.0014548223843248672
356,5,1,0.40949187119796177,0.0014120409351653855
6443,9,1,0.40865142557385276,0.0014091428468063888
5302,5,1,0.40247135954373114,0.001387832274288728
2622,7,1,0.34385263317618187,0.0011856987350902823
7479,3,1,0.39371700843613566,0.0013576448566763298
3602,6,0,0.009552565940514735,3.2939882553499084e-05
7583,5,1,0.33762275953563964,0.0011642164121918608
580,8,1,0.4206630542953056,0.001450562256190709
7638,1,1,0.33784899940321345,0.0011649965496662532
843,4,1,0.409815806944302,0.0014131579549803517
1116,4,1,0.32504864232743935,0.0011208573873359978
7779,5,1,0.4095264575809941,0.0014121601985551521
8636,1,1,0.31258512814944134,0.001077879752239453
7792,6,0,0.09812374312206018,0.0003383577349036558
9073,3,1,0.3944160129794194,0.0013600552171704118
9967,8,1,0.3928527814215869,0.0013546647635227136
376,4,1,0.3555346584995612,0.0012259815810329695
5066,6,0,0.16974275657452859,0.0005853198502569951
6686,8,1,0.3525673846572451,0.0012157496022663623
6613,6,0,0.12365814086930788,0.0004264073823079582
174,2,1,0.39490290249779675,0.0013617341465441267
2005,4,1,0.4030014151336854,0.0013896600521851221
4831,6,0,0.1762258068913359,0.0006076751961770204
7043,9,1,0.3442045096290992,0.0011869121021693076
5163,8,1,0.38935005999673283,0.0013425864137818373
6608,9,1,0.25213180636036125,0.0008694200219322802
8465,7,1,0.4192417954695646,0.0014456613636881538
1751,4,1,0.33469465900631873,0.0011541195138148922
6795,0,1,0.4180196493256634,0.0014414470666402185
3954,8,1,0.41068758262437405,0.001416164078015083
1934,1,1,0.34228077731348616,0.001180278542460297
6641,8,1,0.4136681638209701,0.0014264419442102418
7604,2,1,0.4125111248224954,0.001422452154560329
4580,1,1,0.3417278881871831,0.0011783720282316657
7607,0,1,0.3866682572878598,0.0013333388182339993
9128,4,1,0.42011271440396386,0.0014486645324274616
7029,5,1,0.39590450705976543,0.0013651879553785015
9864,7,1,0.3591639099204963,0.0012384962411051597
8455,7,1,0.4064144473792791,0.001401429128894066
6399,6,0,0.06800457835129331,0.00023449854603894245
3096,4,1,0.40980753519361296,0.0014131294317021137
6084,2,1,0.42440501268696484,0.0014634655609895339
827,4,1,0.2794756602937743,0.000963709173426808
2366,1,1,0.3468574160683095,0.0011960600554079637
7935,2,1,0.42270989597739644,0.0014576203309565395
2401,4,1,0.3998643029739614,0.0013788424240481429
955,5,1,0.2874043409543381,0.000991049451566683
7699,0,1,0.4066835262147072,0.0014023569869472663
6464,8,1,0.41239325666672716,0.0014220457126438869
1462,2,1,0.39297199834544627,0.001355075856363608
4288,3,1,0.4087939305804592,0.0014096342433808939
9364,6,0,0.08020684552294793,0.00027657532938947564
4709,2,1,0.4136913633038889,0.0014265219424272032
1637,5,1,0.2500874976188976,0.0008623706814444744
4648,9,1,0.35629322656355294,0.0012285973329777687
4440,5,1,0.4095000212880735,0.0014120690389243914
7524,8,1,0.40093888206738043,0.0013825478691978635
2727,5,1,0.358539566920345,0.0012363433342080861
5023,4,1,0.3964692169203695,0.001367135230759895
4278,0,1,0.4217941689180985,0.001454462651441719
1949,7,1,0.4072991175273459,0.0014044797156115374
1656,2,1,0.37869098051601663,0.0013058309672966091
7541,5,1,0.33835479091994425,0.0011667406583446354
2694,9,1,0.2744310959149534,0.0009463141238446669
9370,3,1,0.41871303397308884,0.001443838048183065
7209,6,0,0.0018213502192629405,6.280517997458415e-06
2462,2,1,0.4221940606880762,0.0014558415885795731
2608,8,1,0.33248930741978977,0.0011465148531716888
7145,7,1,0.40707804424870964,0.0014037173939610676
8478,6,0,-0.013698690390067658,-4.7236863414026405e-05
1846,5,1,0.31035914584995006,0.0010702039512067243
5214,3,1,0.4108952137643732,0.0014168800474633559
48,4,1,0.4229289331264327,0.0014583756314704576
1435,9,1,0.4014380164468953,0.0013842690222306735
1913,3,1,0.3623760743626192,0.0012495726702159283
7375,7,1,0.40479819173478326,0.0013958558335682182
2058,2,1,0.4215680276742668,0.001453682854049196
6625,8,1,0.290050276465297,0.001000173367121714
1059,4,1,0.4032034890140496,0.0013903568586691366
3555,8,1,0.3946247330072511,0.001360774941404314
6517,3,1,0.41888506602549813,0.00144443126215689
6474,4,1,0.3584463981243968,0.00123602206249792
2722,1,1,0.2973956629911755,0.0010255022861764673
4196,5,1,0.396160626644876,0.0013660711263616414
5433,8,1,0.39969795431151217,0.0013782688079707315
8601,5,1,0.4192986881123329,0.001445857545214941
7048,1,1,0.3260614726058767,0.0011243499055375058
4026,3,1,0.41228704485753087,0.0014216794650259686
1396,9,1,0.3719896426070504,0.0012827229055415532
439,6,0,-0.015872166598017323,-5.4731608958680426e-05
7585,6,0,-0.10066783697390574,-0.0003471304723238129
4410,9,1,0.35125913180616053,0.0012112383855384845
9533,5,1,0.3935270638346304,0.0013569898752918289
444,2,1,0.4129297559362898,0.0014238957101251372
1496,7,1,0.38980634963972466,0.001344159826343878
573,3,1,0.4003657495546253,0.0013805715501883631
8749,7,1,0.40748651654451074,0.0014051259191190026
2238,7,1,0.40417269226486235,0.001393698938844353
784,4,1,0.4086883467434757,0.001409270161184399
3562,1,1,0.30688354015425146,0.0010582191039801773
49,4,1,0.4012276495560137,0.001383543619158668
633,2,1,0.40105482783567953,0.0013829476821919985
941,7,1,0.3939319876888357,0.001358386164444261
5735,5,1,0.254347772860384,0.0008770612857254621
387,2,1,0.2684132199756586,0.000925562827502271
5950,8,1,0.37915851271347845,0.0013074431472878568
9891,9,1,0.315910508942025,0.001089346582558707
8301,8,1,0.41538251227217093,0.001432353490593693
1320,8,1,0.25837232954924916,0.000890939067411204
5860,3,1,0.4142549720958046,0.0014284654210200158
9719,5,1,0.42385046518914715,0.0014615533282384384
4658,7,1,0.35054981860327067,0.0012087924779423127
4023,0,1,0.42472175613540897,0.0014645577797772723
1734,7,1,0.4187661097314245,0.0014440210680393948
3530,4,1,0.3826425955407563,0.001319457226002608
8150,9,1,0.40633312724121434,0.0014011487146248771
6740,9,1,0.4215948972443165,0.0014537755077390223
9077,7,1,0.422902697412469,0.0014582851634912723
1287,8,1,0.39081982117106306,0.0013476545557622864
6322,3,1,0.40038638080425903,0.0013806426924284794
8702,5,1,0.35412362969038885,0.0012211159644496168
1180,1,1,0.33815859528525144,0.001166064121673281
6902,1,1,0.30655517866057114,0.0010570868229674867
7249,2,1,0.4037790982024681,0.0013923417179395451
6657,8,1,0.4076030496235377,0.0014055277573225438
6659,8,1,0.3859889808462652,0.0013309964856767767
2488,2,1,0.2705559575704063,0.0009329515778289872
2291,5,1,0.41929141636049255,0.001445832470208595
4342,2,1,0.3654847582301707,0.0012602922697592092
6861,4,1,0.4118434841172572,0.0014201499452319213
9842,6,0,0.11146198488078102,0.0003843516720026932
7050,6,0,0.005247365369827728,1.8094363344233546e-05
3469,3,1,0.40809718812984447,0.0014072316832063603
256,2,1,0.40124032063587967,0.0013835873125375162
4416,6,0,0.09415068024642065,0.00032465751809110567
7416,7,1,0.3980661276192384,0.001372641819376684
5565,9,1,0.4081807102559198,0.0014075196905376545
5008,0,1,0.4002383926794324,0.0013801323885497669
3975,3,1,0.4178862430093721,0.001440987044859904
5290,0,1,0.41591273729195705,0.0014341818527308864
9234,5,1,0.3890677850272463,0.0013416130518180908
4215,7,1,0.3922269882520823,0.0013525068560416632
4912,4,1,0.42269201868095646,0.0014575586851067464
1008,1,1,0.27717666400816504,0.0009557816000281554
9458,7,1,0.4138696702237615,0.0014271367938750396
2329,0,1,0.41848153142943567,0.0014430397635497782
1218,0,1,0.4166312708090209,0.0014366595545138652
1770,7,1,0.35866647189185846,0.0012367809375581327
7865,7,1,0.4217687750610056,0.0014543750864172607
8686,5,1,0.38617107558342556,0.0013316243985635363
2895,8,1,0.4140183118468746,0.0014276493511961193
5872,1,1,0.30930956160427087,0.001066584695187141
6141,1,1,0.30138654577866386,0.00103926395096091
7278,9,1,0.4109210260225356,0.0014169690552501227
900,1,1,0.2709288924343318,0.0009342375601183856
4220,3,1,0.416810812833758,0.001437278664943993
3848,7,1,0.40480143671749985,0.0013958670231637926
1791,1,1,0.2673390837628218,0.0009218589095269717
1089,5,1,0.33043193542953464,0.0011394204669983954
3509,8,1,0.3943561126546002,0.0013598486643262076
4486,8,1,0.40271153196486625,0.0013886604550512628
2540,5,1,0.421853545514732,0.001454667398326662
3009,7,1,0.34508775217261767,0.0011899577661124746
9090,1,1,0.3403473781656248,0.0011736116488469822
4452,8,1,0.3111902116770956,0.0010730696954382606
8579,6,0,0.1808478528785088,0.0006236132857879614
8825,7,1,0.37814972700088306,0.001303964575865114
5746,1,1,0.2833625980219798,0.000977112406972344
238,4,1,0.40357245636988454,0.0013916291598961535
8645,5,1,0.3760317721497241,0.0012966612832749106
9754,5,1,0.30873090867797187,0.0010645893402688685
903,6,0,0.23075286241296863,0.0007956995255619608
3022,5,1,0.4126851639292657,0.001423052289411261
7364,2,1,0.42327887787337837,0.0014595823374944081
6428,0,1,0.3660915589846227,0.0012623846861538714
4765,6,0,0.30817655909052205,0.0010626777899673174
5062,3,1,0.3823958009207918,0.0013186062100716959
6927,0,1,0.3925578628930309,0.001353647803079417
126,0,1,0.4216605022262429,0.0014540017318146307
392,6,0,-0.07625535776124232,-0.00026294950952152524
6843,0,1,0.3892874797252123,0.0013423706197421114
2649,0,1,0.4229877375264715,0.0014585784052636949
7717,1,1,0.31665487699336503,0.001091913368942638
7751,4,1,0.41954171190107803,0.0014466955582795795
9804,3,1,0.41658915776949335,0.001436514337136184
994,1,1,0.3876665555491009,0.0013367812260313824
2912,1,1,0.28421807714597813,0.0009800623349861316
8735,8,1,0.4207753538332363,0.0014509494959766768
5048,7,1,0.3897171612252564,0.001343852280087091
2414,9,1,0.3543836832267514,0.0012220127007819014
3956,4,1,0.4217312107168189,0.0014542455541959273
4163,9,1,0.3654148687785126,0.0012600512716500435
2779,0,1,0.4244809032043553,0.0014637272524288113
9052,0,1,0.42449089980441806,0.0014637617234635105
3733,1,1,0.35987346067713755,0.0012409429678521984
2770,3,1,0.40987534564085776,0.001413363260830544
9658,6,0,0.1264795366612841,0.0004361363333147727
2000,6,0,-0.13700091836862366,-0.0004724169598918057
93,3,1,0.4150310767371665,0.0014311416439212637
5850,3,1,0.41524670846956524,0.0014318852016191905
235,9,1,0.3399600082789812,0.0011722758906171765
7252,3,1,0.42233892024031167,0.0014563411042769368
6793,9,1,0.36958297761441145,0.0012744240607393499
5440,4,1,0.3648557190390549,0.0012581231691001892
116,4,1,0.31384022844316256,0.0010822076842867674
2875,9,1,0.3879978196448218,0.0013379235160166268
6505,9,1,0.4104281557161333,0.001415269502469425
8966,2,1,0.42224845021308355,0.0014560291386658054
9346,2,1,0.40330575614263264,0.0013907095039401125
3416,5,1,0.4041825886435543,0.001393733064288118
4133,2,1,0.41279894938065326,0.0014234446530367354
9095,0,1,0.4235461089371951,0.0014605038239213623
8837,7,1,0.40326315199516355,0.0013905625930867708
7047,4,1,0.3792751854146707,0.0013078454669471404
7395,1,1,0.29235230535267864,0.0010081113977678574
2939,9,1,0.4170439731963859,0.0014380826661944343
8706,3,1,0.4130601398947621,0.0014243453099819382
5816,4,1,0.4179781662398358,0.0014413040215166752
8997,6,0,-0.000991625251684003,-3.41939741960001e-06
4099,7,1,0.417561067102526,0.0014398657486294
390,2,1,0.4142189930698346,0.0014283413554132228
6329,1,1,0.28350575530933586,0.0009776060527908134
9985,2,1,0.4187452702985349,0.0014439492079259826
7253,1,1,0.3757198619719162,0.0012955857309376421
9241,1,1,0.3943321913834408,0.0013597661771842786
4593,7,1,0.3967567997259411,0.0013681268956066933
4872,1,1,0.2713121323023492,0.0009355590769046523
3690,6,0,0.029420336659577384,0.00010144943675716339
586,0,1,0.3874973447215468,0.001336197740419127
4911,4,1,0.3867564014728916,0.0013336427636996262
5255,0,1,0.3971000844355838,0.0013693106359847717
5320,0,1,0.4178797808845135,0.0014409647616707361
5180,7,1,0.3700553837694272,0.0012760530474807835
5381,2,1,0.42459137446816547,0.0014641081878212603
1069,3,1,0.42280851659178587,0.001457960402040641
5506,1,1,0.3573644347390439,0.0012322911542725652
8392,4,1,0.4063016397791309,0.001401040137169417
2276,1,1,0.25665278888942644,0.0008850096168600912
3675,2,1,0.4160891763147051,0.0014347902631541556
7891,6,0,0.2305570475122671,0.0007950243017664383
9322,8,1,0.3744841768939962,0.0012913247479103317
5666,1,1,0.3001946453104146,0.0010351539493462572
65,4,1,0.23766977662184613,0.0008195509538684349
7025,9,1,0.3792566745205431,0.001307781636277735
4210,9,1,0.3913223021212411,0.0013493872486939349
7634,9,1,0.33912911293579195,0.0011694107342613517
1079,6,0,0.2385705067648208,0.0008226569198786925
402,3,1,0.40995885710378666,0.0014136512313923679
6298,6,0,-0.059877290184300824,-0.00020647341442862354
5636,2,1,0.4061080297767355,0.0014003725164715016
3242,0,1,0.4202234323818787,0.0014490463185582024
453,3,1,0.42323029036337245,0.0014594147943564567
1000,9,1,0.36315183546121343,0.001252247708486943
8401,7,1,0.3805525248387734,0.0013122500856509428
3028,5,1,0.4086388330429769,0.001409099424286127
6710,9,1,0.4137302860135087,0.0014266561586672713
5897,9,1,0.4094884010653441,0.0014120289691908418
7317,0,1,0.4182294010534282,0.0014421703484600974
8472,4,1,0.4174543879571524,0.001439497889507422
8091,2,1,0.41687543066187316,0.001437501485040942
3322,0,1,0.4029743158521546,0.00138956660638674
2998,4,1,0.3471437798516379,0.0011970475167297858
1313,4,1,0.3909641134480999,0.0013481521153382754
7796,7,1,0.4160839241626601,0.0014347721522850348
2893,3,1,0.41743200815674175,0.001439420717781868
8692,1,1,0.29090970180635733,0.0010031369027805426
2444,1,1,0.2410361516629269,0.0008311591436652652
7125,4,1,0.40773550057330876,0.0014059844847355474
7355,7,1,0.41684704722720983,0.0014374036111283097
3472,9,1,0.39491972906571365,0.001361792169192116
5004,4,1,0.4168225545826422,0.001437319153733249
767,1,1,0.3079584743917257,0.0010619257737645713
2144,6,0,0.18196678726709026,0.0006274716802313457
5006,0,1,0.3776452180004277,0.0013022248896566472
9612,1,1,0.39906651210998195,0.0013760914210689033
7485,0,1,0.39628134820255984,0.001366487407595034
5849,2,1,0.4206197226514066,0.0014504128367289883
3154,4,1,0.35193597809857036,0.0012135723382709323
6682,9,1,0.38584487003077284,0.0013304995518302512
2430,8,1,0.3201624516285302,0.0011040084538914835
4707,8,1,0.3948979044735482,0.0013617169119777524
3229,2,1,0.422678179442493,0.0014575109635948033
6939,2,1,0.41703605636389957,0.0014380553667720675
2548,9,1,0.4184540716356715,0.0014429450746057638
2255,3,1,0.39179039688670314,0.0013510013685748385
1327,9,1,0.33650773713023613,0.0011603715073456417
7099,8,1,0.38802543590447386,0.0013380187444981858
8066,9,1,0.4077907532024645,0.001406175011042981
5984,1,1,0.34179703789017835,0.0011786104754833737
414,9,1,0.385321730877042,0.001328695623713938
6058,1,1,0.3231504206093278,0.0011143117952045786
3032,0,1,0.41438669342104045,0.0014289196324863463
3457,1,1,0.04884488313860785,0.00016843063151244088
8299,5,1,0.40365693797986346,0.0013919204757926326
1644,2,1,0.3720512423865221,0.0012829353185742141
4326,2,1,0.3534152968764357,0.0012186734375049506
3839,2,1,0.4182094071659817,0.0014421014040206265
9286,8,1,0.39424055266834507,0.001359450181614983
2726,2,1,0.39639587711790175,0.0013668823348893164
8160,5,1,0.3503618471890074,0.0012081443006517498
2494,9,1,0.36762993838058317,0.001267689442691666
6612,8,1,0.36469345850817636,0.0012575636500281944
6259,0,1,0.4185921772322414,0.0014434213008008324
7943,0,1,0.4216072144969687,0.00145381798102403
2194,6,0,0.23851834614013734,0.000822477055655646
6334,6,0,-0.07929314084259947,-0.0002734246235951706
5584,0,1,0.4237573385572585,0.001461232201921581
8248,7,1,0.4174757976891096,0.0014395717161693434
1665,4,1,0.3807514662541345,0.001312936090531498
6382,3,1,0.41605854591176183,0.0014346846410750408
1175,7,1,0.39626888604897614,0.0013664444346516418
7505,0,1,0.3800255008842758,0.0013104327616699164
1727,3,1,0.41916895357695094,0.0014454101847481066
7491,0,1,0.3830922471751835,0.001321007748879943
2074,4,1,0.4124004809960683,0.0014220706241243734
3302,6,0,0.03948451222285576,0.00013615349042364055
8976,1,1,0.3488980977618142,0.001203096888833842
7537,0,1,0.3951874385651749,0.0013627153053971549
7183,1,1,0.2962047028696639,0.001021395527136772
8794,2,1,0.4211855451143757,0.0014523639486702612
6905,9,1,0.34117439697488955,0.0011764634378444467
6801,3,1,0.3956503188757724,0.0013643114443992151
5925,3,1,0.38949613755459883,0.0013430901294986166
9207,6,0,-0.04142888400291267,-0.00014285822069969885
9035,5,1,0.3552422143732645,0.0012249731530112567
607,6,0,0.024738523654666444,8.530525398160843e-05
3270,6,0,0.2594473818592249,0.0008946461443421548
7966,7,1,0.4168585656664508,0.001437443329884313
9503,5,1,0.4120925322157148,0.0014210087317783268
3585,7,1,0.416202639026575,0.0014351815138847414
4575,4,1,0.39340666920581896,0.0013565747213993757
5166,1,1,0.36333160070382303,0.0012528675886338725
8026,3,1,0.42484194858616153,0.0014649722365040053
3592,9,1,0.2967988958804844,0.0010234444685533945
7120,2,1,0.4215019415230776,0.001453454970769233
9924,9,1,0.40178361531802964,0.0013854607424759642
708,4,1,0.40611179663376756,0.0014003855056336813
6706,5,1,0.39294545779550527,0.0013549843372258803
4115,2,1,0.41721746339287497,0.001438680908251293
6714,3,1,0.4165290030903392,0.001436306907208066
626,7,1,0.3923165644713094,0.0013528157395562394
9310,0,1,0.42359262684567833,0.001460664230502339
3976,7,1,0.27354816943050514,0.0009432695497603625
1973,8,1,0.406794027708393,0.0014027380265806656
7023,1,1,0.3444922476227033,0.0011879043021472528
4328,1,1,0.3098545101456809,0.0010684638280885547
5731,0,1,0.4066849824872654,0.0014023620085767774
1698,6,0,0.25214546549301026,0.0008694671223896906
7888,5,1,0.40180503312542043,0.0013855345969842083
3676,4,1,0.3883075672044958,0.0013389916110499854
6531,6,0,0.2704015460170818,0.0009324191241968337
4223,4,1,0.4185751467926002,0.0014433625751468972
6941,4,1,0.40901755106545423,0.0014104053485015664
6919,9,1,0.3630494036409644,0.0012518944953136702
9492,4,1,0.4216833507808543,0.0014540805199339804
280,2,1,0.4107568956715453,0.0014164030885225698
622,4,1,0.3813429721348182,0.0013149757659821318
69,0,1,0.41200724315793236,0.001420714631579077
8647,6,0,0.026637098934715553,9.18520652921226e-05
1398,8,1,0.40366201661693013,0.001391937988334242
3421,1,1,0.3135668433556814,0.0010812649770885565
7079,7,1,0.41642156210817216,0.0014359364210626627
5642,1,1,0.2526488461191983,0.0008712029176524079
5684,0,1,0.41891164326774327,0.0014445229078198043
9226,6,0,-0.0882625701093866,-0.00030435369003236755
8,5,1,0.4145348716891766,0.0014294305920316433
4262,1,1,0.36978991959702173,0.0012751376537828336
1639,5,1,0.36895876221600477,0.0012722715938482923
6669,6,0,0.24155800187693424,0.0008329586271618422
1784,7,1,0.315022937058743,0.0010862859898577346
581,0,1,0.38995279772263736,0.0013446648197332322
8174,2,1,0.4217887259523658,0.0014544438825943647
8542,6,0,0.0019651114467744146,6.7762463681876365e-06
4790,6,0,-0.02777423456882233,-9.577322265111149e-05
8868,0,1,0.4043846685761449,0.001394429891641879
605,7,1,0.3815928651113063,0.0013158374659010563
148,0,1,0.2948814560274069,0.0010168326069910582
4002,3,1,0.413118052406474,0.001424545008298186
8185,5,1,0.38425604680739867,0.0013250208510599954
5847,0,1,0.42244374330339785,0.001456702563115165
9728,4,1,0.36300109273551623,0.0012517279059845387
9898,1,1,0.3098422988219851,0.0010684217200758108
7746,9,1,0.41827460567531183,0.0014423262264665925
3301,2,1,0.3942545504638245,0.001359498449875257
7577,5,1,0.3638802096774114,0.0012547593437152117
5324,7,1,0.40848225010970024,0.0014085594831368974
6797,2,1,0.4244487807600274,0.001463616485379405
7877,7,1,0.4202726055619012,0.0014492158812479353
4404,0,1,0.3929505889062255,0.0013550020307111223
3271,0,1,0.39481649392069684,0.0013614361859334374
3852,1,1,0.3123791988204939,0.0010771696511051513
2240,7,1,0.38448038800851275,0.0013257944414086648
4796,3,1,0.3393253350972058,0.001170087362404158
8580,6,0,0.17682125144598604,0.0006097284532620208
7379,8,1,0.413778545748252,0.0014268225715456965
2639,3,1,0.3956055445658027,0.001364157050226906
2538,9,1,0.39900621795512736,0.0013758835101900944
2844,7,1,0.40833724530915966,0.0014080594665833092
7915,7,1,0.424118481943515,0.0014624775239431551
9977,4,1,0.3758699953580218,0.0012961034322690407
9177,3,1,0.4177391814356377,0.0014404799359849577
9570,1,1,0.3116925868580509,0.0010748020236484514
6234,2,1,0.421608717259198,0.0014538231629627517
6991,5,1,0.37124090294909096,0.0012801410446520378
2966,9,1,0.3806464269931217,0.001312573886183178
3045,3,1,0.4141686300361187,0.0014281676897797196
541,4,1,0.4130466121560734,0.0014242986626071498
6910,9,1,0.3620291765688307,0.0012483764709270025
290,8,1,0.41603627279824695,0.0014346078372353343
2808,7,1,0.3569381694812601,0.0012308212740733107
32,3,1,0.4063221734213078,0.0014011109428320957
5788,6,0,-0.03924602055914378,-0.00013533110537635785
7455,8,1,0.3656377191808671,0.0012608197213133348
7734,7,1,0.4232179018078959,0.001459372075199641
64,7,1,0.4067913594307058,0.0014027288256231235
8415,5,1,0.35370037032166324,0.0012196564493850456
3436,2,1,0.2816636249209533,0.00097125387903777
2169,4,1,0.3861551970816723,0.0013315696451092149
4797,8,1,0.4058936376626602,0.001399633233319518
1568,8,1,0.4132502641503304,0.0014250009108632083
9153,9,1,0.35037699781962167,0.001208196544205592
8322,9,1,0.40544671242594127,0.0013980921118135906
7096,4,1,0.40429229857291804,0.0013941113743893725
7782,0,1,0.4229582319031545,0.0014584766617350155
6483,5,1,0.37160178946209443,0.001281385480903774
4414,4,1,0.37853209887460987,0.0013052830995676202
5080,9,1,0.39982678919179176,0.0013787130661785923
3871,8,1,0.39361301871494625,0.0013572862714308492
6135,1,1,0.2813649303842129,0.0009702238978765962
8903,3,1,0.41825706517497646,0.0014422657419826774
354,1,1,0.3682395431807436,0.0012697915282094607
9519,0,1,0.4079601229964904,0.0014067590448154843
6842,6,0,-0.02131659769991423,-7.350550931004907e-05
7854,9,1,0.4198457305161881,0.0014477438983316832
3979,6,0,-0.04231395657450665,-0.0001459101950845057
8547,8,1,0.42021722610886225,0.0014490249176167664
6061,3,1,0.4129931445468716,0.0014241142915409366
3834,3,1,0.4132930313690229,0.0014251483840311135
488,9,1,0.3441259874738175,0.0011866413361166122
3011,7,1,0.4177970024362027,0.0014406793187455265
1935,7,1,0.34705149528576484,0.0011967292940888443
9811,2,1,0.41208775589433755,0.0014209922617046122
293,2,1,0.3985256261691642,0.001374226297135049
3920,7,1,0.409259437260781,0.0014112394388302793
6796,2,1,0.4001630299042685,0.0013798725169112706
1141,7,1,0.38655295113583665,0.0013329412108132298
847,3,1,0.4005764183152519,0.0013812979941905238
5247,9,1,0.36160088728379297,0.001246899611323424
2476,5,1,0.4193320150180634,0.001445972465579529
913,9,1,0.3915596971949019,0.0013502058523962134
9037,0,1,0.41340989915821513,0.0014255513764076383
4257,9,1,0.3991311342189372,0.0013763142559273696
164,6,0,0.20546462361722093,0.000708498702128348
176,1,1,0.21566887644118168,0.0007436857808316609
743,6,0,-0.10509040689349652,-0.00036238071342585006
4694,6,0,0.015700996664106848,5.4141367807264994e-05
7193,3,1,0.4152673528046701,0.001431956388981621
2878,1,1,0.298849112420692,0.001030514180761007
3931,6,0,0.038981012066891974,0.00013441728298928268
975,2,1,0.3773326896772414,0.001301147205783591
5022,9,1,0.41108400158982633,0.0014175310399649184
5270,0,1,0.41465508929314737,0.0014298451354936117
5300,8,1,0.3756879013939179,0.0012954755220479927
8979,1,1,0.38045132214383093,0.0013119011108407963
7201,4,1,0.36968907618016567,0.0012747899178626402
4815,7,1,0.3758749039396879,0.001296120358412717
4132,6,0,-0.07953492776264953,-0.0002742583715953432
776,4,1,0.4068982102624131,0.0014030972767669417
3179,0,1,0.421797563898844,0.0014544743582718758
7146,8,1,0.4135685943898036,0.0014260986013441502
7547,6,0,-0.028120851644226008,-9.696845394560692e-05
700,1,1,0.35945163216353887,0.0012394883867708237
1345,2,1,0.37395515562532616,0.0012895005366390557
4049,7,1,0.35561767971640196,0.0012262678610910412
9672,4,1,0.3931951651317723,0.0013558453970061112
3309,7,1,0.3627429127603133,0.0012508376302079768
1376,5,1,0.4093755602764053,0.0014116398630220873
8889,2,1,0.40913610042958737,0.0014108141394123701
982,3,1,0.39938057113478315,0.0013771743832233902
56,4,1,0.41169735586185846,0.0014196460546960638
1026,8,1,0.3265185537356807,0.0011259260473644164
3081,2,1,0.41698464581997435,0.0014378780890343943
3600,2,1,0.41620508413748036,0.0014351899453016565
734,3,1,0.3555722337011704,0.001226111150693691
4432,0,1,0.34626871346446714,0.001194030046429197
2132,7,1,0.3586791658312218,0.0012368247097628337
9100,3,1,0.4198530449291233,0.0014477691204452527
6513,2,1,0.41562543905968863,0.00143319116917134
7564,2,1,0.4217179447255598,0.001454199809398482
352,5,1,0.4236417854874672,0.0014608337430602318
3672,4,1,0.26219372400106283,0.0009041162896588373
7260,7,1,0.39101496657447354,0.0013483274709464605
6561,7,1,0.2003566118898466,0.0006908848685856779
1241,7,1,0.3944570544720749,0.001360196739558879
7680,9,1,0.348614951060981,0.0012021205208999344
2688,1,1,0.3284195163861288,0.001132481090986651
6940,3,1,0.37886828070391704,0.0013064423472548864
7041,7,1,0.4072679876911172,0.00140437237134868
1852,6,0,0.06420258745577584,0.0002213882326061236
8454,6,0,0.07551862834286066,0.00026040906325124367
12,9,1,0.3753417662170236,0.0012942819524724952
9480,2,1,0.42141414453720494,0.001453152222542086
3769,3,1,0.3996090370699517,0.001377962196792937
3656,7,1,0.3442529988555706,0.0011870793063985194
1400,6,0,0.003133368796093383,1.0804719986528908e-05
7369,8,1,0.41180398709848104,0.0014200137486154519
2171,1,1,0.29508302401014896,0.0010175276690005137
3497,4,1,0.36015713627199497,0.0012419211595586033
9668,9,1,0.3940675706593988,0.0013588536919289613
1984,2,1,0.4171672687850388,0.0014385078233966856
9301,1,1,0.26800528371831156,0.0009241561507527985
7397,5,1,0.38375469102683285,0.0013232920380235615
1134,3,1,0.4137325765929233,0.0014266640572169768
4775,2,1,0.4120877674070126,0.0014209923014034916
4601,8,1,0.4224206960444293,0.0014566230898083769
7126,8,1,0.40468950729942854,0.001395481059653202
4349,1,1,0.3021729953033729,0.0010419758458736995
5766,3,1,0.42149962833848964,0.001453446994270654
6366,7,1,0.4029747050718211,0.001389567948523521
8296,3,1,0.41998568481609977,0.0014482264993658613
5545,2,1,0.4176521549851765,0.0014401798447764708
4652,4,1,0.3683735295144662,0.0012702535500498835
5196,5,1,0.4028086213185174,0.001388995245925922
4464,6,0,0.2344012749467904,0.0008082802584372082
2500,2,1,0.21470567008527597,0.0007403643796043999
6324,5,1,0.40447104533239153,0.001394727742525488
8284,7,1,0.41002090267676616,0.0014138651816440213
947,8,1,0.4128337646521107,0.0014235647056969334
3981,9,1,0.4074308859228038,0.0014049340893889787
7826,5,1,0.3912282251085186,0.0013490628452017884
4293,9,1,0.3789418801826756,0.0013066961385609505
6439,2,1,0.42017939010399424,0.001448894448634463
957,3,1,0.4185038740792434,0.0014431168071698049
7092,4,1,0.4124980085164442,0.001422406925918773
1838,1,1,0.36884628252242657,0.0012718837328359537
3702,5,1,0.31013714645707785,0.0010694384360588891
1627,9,1,0.4191284472887469,0.0014452705078922307
4485,7,1,0.42136341074927103,0.0014529772784457622
5327,1,1,0.3680878341366016,0.0012692683935744884
9860,3,1,0.41983388585540393,0.0014477030546738068
759,9,1,0.3409474591962627,0.0011756808937802162
9441,6,0,0.08706220404327703,0.00030021449670095525
4177,5,1,0.4091378227577039,0.001410820078474841
8097,8,1,0.4229284740545119,0.0014583740484638342
6249,9,1,0.4070238655437941,0.0014035305708406693
7444,8,1,0.39571055987543996,0.0013645191719842758
5175,4,1,0.39366303847119466,0.001357458753348947
3243,0,1,0.3127668731350311,0.0010785064590863142
6935,8,1,0.42285697964516566,0.0014581275160178127
1939,1,1,0.30624410150608317,0.0010560141431244247
6282,5,1,0.39561317368324345,0.0013641833575284256
1090,9,1,0.3319090498875451,0.001144513965129466
4473,0,1,0.2714010014289109,0.0009358655221686582
9807,8,1,0.38689455959601066,0.0013341191710207264
518,5,1,0.40638551680014534,0.0014013293682763632
7435,3,1,0.41752142097936634,0.001439729037859884
6092,1,1,0.34089336524976765,0.0011754943629302332
4938,7,1,0.37818709401277806,0.0013040934276302692
5057,6,0,0.095455455671769,0.00032915674369575514
1625,4,1,0.3891220933204494,0.001341800321794653
490,0,1,0.3567244424949524,0.001230084284465353
4563,1,1,0.3175651195216034,0.001095052136281391
5999,7,1,0.3311834944616534,0.0011420120498677703
5562,2,1,0.4208062583763265,0.0014510560633666431
7380,9,1,0.38308878700287974,0.0013209958172513095
1189,1,1,0.2363152579593156,0.000814880199859709
6753,0,1,0.40662518051746893,0.001402155794887824
5361,1,1,0.313337339981394,0.001080473586142738
6519,2,1,0.41995874941498385,0.001448133618672358
3411,9,1,0.40597189835264974,0.0013999030977677577
6052,2,1,0.36556115252892635,0.001260555698375608
4818,3,1,0.4170157787104436,0.001437985443829116
1422,4,1,0.4200164688389982,0.0014483326511689593
3790,0,1,0.40717398502902113,0.001404048224238004
6830,7,1,0.3735620639112362,0.00128814504796978
2903,5,1,0.4166022607917802,0.0014365595199716558
5257,0,1,0.3796624194027534,0.0013091807565612187
5867,5,1,0.4199141850793542,0.0014479799485494973
5,1,1,0.3270384745943111,0.0011277188779114176
1604,2,1,0.41070273235785704,0.001416216318475369
566,6,0,-0.060163018753851105,-0.00020745868535810725
7636,1,1,0.3159597252718603,0.0010895162940408975
1492,9,1,0.4056528603930055,0.0013988029668724328
604,5,1,0.3811597507979629,0.0013143439682688374
6174,3,1,0.41608846007424605,0.0014347877933594691
6374,1,1,0.29106734882255375,0.0010036805131812198
9288,7,1,0.34937847185280224,0.0012047533512165596
2177,8,1,0.4137580848267664,0.001426752016644022
9979,7,1,0.4026012289482516,0.0013882800998215573
4748,8,1,0.41581230250298234,0.0014338355258723529
5116,6,0,0.09395689933132212,0.0003239893080390418
8280,4,1,0.4052823099827009,0.0013975252068368995
8494,3,1,0.41022241873592336,0.0014145600646066324
8738,0,1,0.3592558747158192,0.0012388133610890318
7788,8,1,0.4126904097613484,0.0014230703784874083
1585,2,1,0.4172261098224524,0.0014387107235256979
6526,0,1,0.4050879143662482,0.0013968548771249938
9317,6,0,0.1503859260275317,0.0005185721587156266
4131,5,1,0.3713308580122423,0.0012804512345249734
5213,6,0,0.0782330757376522,0.0002697692266815593
9242,7,1,0.41838659421975904,0.0014427123938612382
5613,0,1,0.4182558178840951,0.0014422614409796382
2848,2,1,0.4044343256326868,0.0013946011228713336
7664,4,1,0.42066779707096175,0.0014505786105895233
4234,3,1,0.4186600990795092,0.001443655514067273
6859,4,1,0.396961479912371,0.0013688326893530034
1898,0,1,0.41707295309307263,0.0014381825968726642
4087,3,1,0.399490854056377,0.0013775546691599209
2155,0,1,0.3455248606276148,0.0011914650366469475
9505,7,1,0.3926523405321979,0.0013539735880420617
5296,6,0,0.019190880781179587,6.617545096958478e-05
378,1,1,0.2921442066142369,0.0010073938159111616
2610,2,1,0.4166978012718597,0.0014368889699029645
8196,6,0,0.390478528076377,0.0013464776830219897
5700,3,1,0.41487079526698956,0.0014305889491965157
2829,5,1,0.3820418798642403,0.0013173857926353115
6808,0,1,0.3890501333570974,0.0013415521839899912
5089,2,1,0.41699835273472496,0.0014379253542576723
8582,4,1,0.4028547714688338,0.001389154384375289
1725,6,0,0.11123442067971828,0.00038356696786109753
5359,3,1,0.40896775348955355,0.0014102336327225984
6699,4,1,0.3873830810357599,0.001335803727709517
8121,4,1,0.3999904796092973,0.0013792775158941286
7045,4,1,0.3736990118420856,0.0012886172822140882
750,0,1,0.3564991669740131,0.0012293074723241832
4568,7,1,0.2937200485099296,0.001012827753482516
3523,4,1,0.35056892732145817,0.0012088583700739937
8719,2,1,0.41776026726089244,0.0014405526457272153
6537,5,1,0.34527694469479264,0.0011906101541199745
6600,5,1,0.3217680940933012,0.0011095451520458663
3129,3,1,0.4144380115241924,0.0014290965914627324
7329,3,1,0.422286292470042,0.0014561596292070413
9511,3,1,0.42194370744240545,0.001454978301525536
6016,0,1,0.4217956426105699,0.001454467733139896
5955,3,1,0.41696924155380305,0.0014378249708751829
7733,6,0,0.1637745708150697,0.0005647398993623093
6123,2,1,0.42423352360469707,0.0014628742193265416
8369,4,1,0.38965085635088714,0.001343623642589266
4365,0,1,0.3935720170114859,0.001357144886246503
3644,8,1,0.33874173428836674,0.0011680749458219542
2676,1,1,0.2863847086098619,0.000987533477965041
396,2,1,0.4148996655668583,0.0014306885019546838
4920,2,1,0.41872957993254234,0.0014438951032156632
9111,2,1,0.4243482704146531,0.0014632698979815625
5648,8,1,0.41577433434312777,0.0014337046011831992
1006,7,1,0.39803471965394827,0.0013725335160480975
9964,0,1,0.39413277935861973,0.0013590785495124819
8661,8,1,0.4040760325457243,0.0013933656294680147
1794,0,1,0.3501660274875496,0.0012074690603018953
3119,5,1,0.42032737717429475,0.0014494047488768785
417,9,1,0.38120117358086164,0.001314486805451247
7836,4,1,0.41604009057194663,0.0014346210019722297
1354,3,1,0.40631606946267745,0.0014010898946988878
4136,8,1,0.4098021973648937,0.0014131110253961853
3776,5,1,0.3847371882003271,0.0013266799593114728
3687,9,1,0.3680772516918226,0.001269231902385595
2509,4,1,0.25552619505077223,0.0008811248105199043
5539,6,0,0.19284252760465545,0.0006649742331195016
2114,5,1,0.3868555899944424,0.001333984793084284
3479,0,1,0.4228875912780048,0.0014582330733724303
8782,9,1,0.41413114928329003,0.0014280384458044484
6425,6,0,0.37463404525926697,0.0012918415353767826
3820,9,1,0.39697090253035205,0.001368865181139145
683,3,1,0.33250445053435973,0.001146567070808137
5331,1,1,0.2079815603759436,0.0007171777943998055
3855,5,1,0.41869700565683904,0.0014437827781270311
1630,1,1,0.25547502402628264,0.0008809483587113194
3305,0,1,0.14400195003597976,0.0004965584483999303
7681,6,0,-0.022351436908677413,-7.70739203747497e-05
42,4,1,0.39946714704212527,0.0013774729208349146
4017,4,1,0.35093991726488033,0.0012101376457409666
5423,8,1,0.39430850067705076,0.0013596844850932784
2583,3,1,0.41376686404824603,0.001426782289821538
6511,3,1,0.4220147930417179,0.001455223424281786
1216,7,1,0.24795857683191722,0.0008550295752824731
609,2,1,0.40285342246790345,0.0013891497326479429
7795,9,1,0.38698252704606606,0.0013344225070554003
3213,7,1,0.27397485122874815,0.0009447408663060281
82,2,1,0.42086067590939263,0.0014512437100323884
6713,2,1,0.42383808618050356,0.0014615106420017363
1910,5,1,0.3716122185128585,0.001281421443147788
8866,8,1,0.3994444529792381,0.0013773946654456486
9294,7,1,0.3880511504108131,0.0013381074152097004
6309,0,1,0.41325552652296843,0.0014250190569757531
4859,1,1,0.310162582465838,0.0010695261464339241
467,2,1,0.4064362756611576,0.0014015043988315778
2212,9,1,0.3742064997218419,0.0012903672404201445
3915,4,1,0.34097782922973485,0.0011757856180335685
4672,0,1,0.3282374512514038,0.0011318532801772544
7270,1,1,0.28903108735018723,0.0009966589218971973
5477,1,1,0.34141747251781673,0.0011773016293717819
9776,6,0,0.1463362448708781,0.0005046077409340624
693,8,1,0.39455640761488864,0.0013605393366030642
6024,8,1,0.39648233280058154,0.0013671804579330398
9775,6,0,0.3095593611119365,0.001067446072799781
9724,0,1,0.4227579247282029,0.0014577859473386306
4545,8,1,0.3013979500678977,0.001039303276096199
2925,5,1,0.40045004498633124,0.0013808622240907974
6825,7,1,0.38893823426975005,0.0013411663250681037
454,9,1,0.3948143897333084,0.0013614289301148565
7240,5,1,0.31856314811921926,0.0010984936142042043
6022,9,1,0.3848085727616137,0.0013269261129710817
1233,5,1,0.3493652808052192,0.0012047078648455836
2949,8,1,0.3675419148986958,0.0012673859134437787
8433,6,0,0.03353583311397412,0.00011564080384129008
381,3,1,0.31624938555187554,0.0010905151225926743
7543,3,1,0.409078722028265,0.0014106162828560862
2148,4,1,0.39044959146725333,0.0013463779016112184
5420,5,1,0.40505521272526895,0.001396742112845755
9660,7,1,0.4131103433783062,0.0014245184254424352
423,2,1,0.4012533851966178,0.001383632362746958
3487,3,1,0.40277276816928875,0.0013888716143768578
8975,3,1,0.4208611052623728,0.0014512451905599063
5136,6,0,0.1940944686014777,0.0006692912710395783
1783,7,1,0.3928299465945753,0.0013545860227399148
3133,4,1,0.3799969222940055,0.0013103342148069155
2995,6,0,0.1661305373163739,0.0005728639217805996
2304,0,1,0.4225633831177335,0.0014571151141990811
3398,6,0,-0.012505278578213208,-4.312165026970072e-05
1758,8,1,0.4215459371320926,0.0014536066797658366
7984,4,1,0.40771131472655975,0.0014059010852639992
1173,7,1,0.37279155552494964,0.0012854881224998263
7990,1,1,0.32361723331525283,0.001115921494190527
3383,6,0,0.14723790992856783,0.0005077169307881649
1144,5,1,0.3880746854992609,0.0013381885706871064
719,4,1,0.42389799073958534,0.001461717209446846
5778,0,1,0.36096100824592625,0.0012446931318825043
5606,3,1,0.4170944168740417,0.0014382566099104886
1584,8,1,0.29630797418123983,0.0010217516351077236
7542,5,1,0.3340564415898228,0.0011519187641028372
1682,2,1,0.41304049959782135,0.0014242775848200737
3546,1,1,0.2796303932374903,0.0009642427353016907
9644,7,1,0.32836747271777067,0.0011323016300612782
7759,4,1,0.40350508193432216,0.0013913968342562832
4429,8,1,0.3656693826267027,0.0012609289056093197
2920,6,0,0.12695278807418064,0.00043776823473855395
5372,7,1,0.3716443414726643,0.0012815322119747044
6476,5,1,0.3752668292599978,0.0012940235491724064
6617,8,1,0.3875397340439992,0.001336343910496549
3837,5,1,0.4094127044594767,0.0014117679464119887
8611,0,1,0.4137425046778347,0.0014266982919925333
295,4,1,0.41256112618722096,0.0014226245730593827
4547,6,0,0.2912543929708409,0.0010043254930028995
3463,4,1,0.38735217450030945,0.001335697153449343
5407,2,1,0.39953400871471867,0.001377703478326616
9554,9,1,0.39886206815439174,0.0013753864419116957
8998,9,1,0.3838291885777955,0.0013235489261303295
5547,8,1,0.4043219196179608,0.0013942135159240028
8438,2,1,0.3883735249090881,0.0013392190514106487
6633,0,1,0.3646780631952045,0.0012575105627420846
4230,8,1,0.3681341997348515,0.0012694282749477637
8078,1,1,0.3577029590999666,0.0012334584796550572
8614,0,1,0.372572533004797,0.0012847328724303344
765,4,1,0.35516833435518425,0.0012247183943282216
127,5,1,0.40549882212362964,0.0013982718004263092
4175,7,1,0.38517037470197685,0.0013281737058688857
2085,2,1,0.41849962009230307,0.001443102138249321
1159,4,1,0.3089120394358463,0.001065213929089125
5715,6,0,0.09986799526137452,0.0003443723974530156
6074,2,1,0.4247665965408433,0.001464712401864977
3588,8,1,0.37928585609915366,0.0013078822624108747
4603,1,1,0.32576884166036124,0.0011233408333115905
2268,7,1,0.422911039909767,0.0014583139307233345
8804,6,0,0.02038011650019539,7.02762637937772e-05
8406,4,1,0.414081470567841,0.001427867139889107
3387,9,1,0.3918879177367002,0.0013513376473679316
1508,9,1,0.40702947564282044,0.0014035499160097256
5242,9,1,0.3641301096604391,0.0012556210677946177
4984,1,1,0.29878990945695616,0.0010303100326101936
1267,8,1,0.4192741608535423,0.0014457729684604907
7516,0,1,0.3893065775322168,0.0013424364742490235
2323,9,1,0.3737433892306683,0.0012887703076919596
5775,8,1,0.3764917587725539,0.0012982474440432893
1574,2,1,0.42179713293036064,0.0014544728721736574
667,7,1,0.22611585052675523,0.0007797098294026043
5139,0,1,0.4157677193323072,0.0014336817908010594
3851,1,1,0.18731919502514222,0.0006459282587073869
4422,5,1,0.3312270925565055,0.001142162388125881
5034,6,0,-0.12622394803616538,-0.0004352549932281565
9038,0,1,0.41529804077452126,0.0014320622095673147
8072,5,1,0.419324421012894,0.001445946279354807
1415,8,1,0.3388489445647618,0.001168444636430213
7251,4,1,0.4176750271779892,0.0014402587144068594
7466,6,0,0.05588579030918078,0.0001927096217557958
4426,9,1,0.3158119471985666,0.0010890067144778159
2516,9,1,0.42064748671253666,0.001450508574870816
8968,6,0,0.04757742810260712,0.0001640600969055418
9971,2,1,0.3989096374612592,0.001375550474004342
5968,9,1,0.41116901021811325,0.0014178241731659079
4646,1,1,0.22829784588619603,0.0007872339513317105
6315,6,0,-0.08678250720809583,-0.00029925002485550284
6780,4,1,0.3929173891734073,0.0013548875488738183
8760,6,0,-0.04527270667474609,-0.00015611278163705548
1871,2,1,0.4124737625263067,0.0014223233190562299
2898,4,1,0.3753114136218152,0.0012941772883510868
3346,0,1,0.4186592139473516,0.0014436524618874193
1763,3,1,0.3158333276260299,0.0010890804400897583
2661,1,1,0.28712194859867823,0.0009900756848230283
1332,6,0,0.2556485868598215,0.0008815468512407638
9506,8,1,0.4088876729705758,0.0014099574930019857
4555,9,1,0.4091704511485719,0.0014109325901674895
9201,2,1,0.42422943727322543,0.0014628601285283636
6981,5,1,0.32743210273323964,0.001129076216321516
659,2,1,0.41859811934124064,0.0014434417908318644
1941,7,1,0.31624590805360503,0.0010905031312193278
6696,4,1,0.3381883930990708,0.0011661668727554165
5071,7,1,0.41629838451659995,0.0014355116707468964
9735,4,1,0.3041326600619586,0.0010487333105584778
7464,9,1,0.37217026081095717,0.001283345726934335
2195,7,1,0.3519838657240069,0.001213737468013817
3110,3,1,0.37495915164214744,0.001292962591869474
3699,1,1,0.3009482934323372,0.0010377527359735766
9113,7,1,0.4173042042710952,0.0014389800147279145
8054,4,1,0.41493630016347627,0.001430814828149918
502,5,1,0.38033262711280874,0.001311491817630375
8033,4,1,0.40324283406499833,0.001390492531258615
8930,1,1,0.36008605819209344,0.0012416760627313567
926,2,1,0.3743510312891045,0.0012908656251348432
4515,0,1,0.38660734303927174,0.001333128769100937
5245,3,1,0.35912882006449387,0.001238375241601703
50,6,0,-0.08849259072021282,-0.000305146864552458
2139,3,1,0.4190312803504249,0.0014449354494842238
1111,4,1,0.364192982584596,0.0012558378709813655
9779,2,1,0.4130928095159997,0.0014244579638482747
9116,8,1,0.4214145174552783,0.0014531535084664768
9919,7,1,0.4005725427239948,0.0013812846300827407
6376,9,1,0.3506458378571035,0.0012091235788175983
5945,3,1,0.41314310185491143,0.0014246313857065912
6360,7,1,0.42234110959922716,0.0014563486537904386
7829,3,1,0.42263509755190587,0.0014573624053513996
7081,9,1,0.40291105622328854,0.0013893484697354778
8282,7,1,0.4103597689510529,0.0014150336860381135
7938,5,1,0.3313108738294352,0.001142451289067018
5939,7,1,0.3631666276724585,0.0012522987161119258
4294,9,1,0.4230293232962278,0.0014587218044697509
6856,7,1,0.3519878608133298,0.0012137512441838959
3771,8,1,0.3474924520603115,0.0011982498346907293
3299,3,1,0.3746735086652031,0.0012919776160869073
9428,5,1,0.3716615175891992,0.0012815914399627558
5796,3,1,0.4136891294605201,0.0014265142395190349
5143,3,1,0.40665287238832915,0.0014022512840976868
5957,5,1,0.40353837444316254,0.0013915116360109054
4559,2,1,0.4202685804530863,0.0014492020015623665
2613,4,1,0.41194584714709215,0.0014205029211968696
1493,5,1,0.3894022812575044,0.0013427664870948428
2306,4,1,0.3860209734998366,0.0013311068051718503
357,1,1,0.2416417769027222,0.000833247506561111
63,3,1,0.3919343878677655,0.0013514978891991914
7492,2,1,0.3854635999200692,0.0013291848273105833
210,4,1,0.3895742503171887,0.0013433594838523747
3230,1,1,0.3466971334521703,0.0011955073567316216
3713,7,1,0.35938487219228843,0.0012392581799734084
1411,0,1,0.39941479072773123,0.0013772923818197629
4958,0,1,0.4068139992107942,0.0014028068938303248
3126,1,1,0.26539580800768403,0.0009151579586471864
9456,2,1,0.3066916154524285,0.0010575572946635466
5721,0,1,0.3813351133736008,0.0013149486668055201
9353,4,1,0.38221030492594893,0.0013179665687101686
8490,0,1,0.417257682193324,0.0014388195937700826
6602,0,1,0.41727822695997585,0.0014388904377930201
1529,4,1,0.4211716246537583,0.001452315947081925
9618,7,1,0.40009158459981714,0.0013796261537924728
2416,1,1,0.2660136529199751,0.0009172884583447417
8103,6,0,-0.029228552645855,-0.0001007881125719138
4735,9,1,0.39834703938008986,0.0013736104806209995
2474,7,1,0.40136346756949826,0.001384011957136201
2643,6,0,0.20334043549210387,0.0007011739154900134
9745,4,1,0.3011362154632887,0.0010384007429768576
6704,3,1,0.4199071652490112,0.0014479557422379698
143,1,1,0.29907889166124535,0.0010313065229698116
1995,0,1,0.4244833832730691,0.0014637358043898935
4696,5,1,0.39207834577617184,0.001351994295779903
4756,8,1,0.39453706821388723,0.0013604726490134042
7762,2,1,0.4242511000274823,0.0014629348276809734
8085,0,1,0.4161554237372103,0.0014350187025421045
8881,0,1,0.4079556763807315,0.0014067437116576948
4733,1,1,0.25226135407345773,0.000869866738184337
8952,3,1,0.39023194889937934,0.0013456274099978597
4361,0,1,0.296511705867489,0.0010224541581637552
7412,2,1,0.4136805753042042,0.0014264847424282903
7189,7,1,0.32425265724022356,0.0011181126111731846
1786,4,1,0.34399809630929334,0.0011862003321010115
7456,4,1,0.30085128662488453,0.001037418229740981
