sample_id,original_label,anomaly_label,score,svdd_squared_radius_excess
8229,8,1,0.10947791413068403,0.0004379116565227361
8037,1,1,0.10947790068910643,0.0004379116027564257
1664,0,1,0.10947201713098073,0.0004378880685239229
8204,3,1,0.0912529506470352,0.0003650118025881408
5252,4,0,0.0646323105044138,0.00025852924201765523
68,3,1,0.10947765285411817,0.0004379106114164727
9961,3,1,0.1094761777089992,0.0004379047108359968
4879,6,1,0.10506663506966313,0.0004202665402786525
3629,1,1,0.10947791413075944,0.0004379116565230378
8477,5,1,0.10947772835649505,0.0004379109134259802
2791,7,1,0.10935583257451863,0.0004374233302980745
6751,8,1,0.1065599606567953,0.00042623984262718116
554,9,1,0.10947444983925153,0.0004378977993570061
9446,5,1,0.10947791273294599,0.000437911650931784
1173,3,1,0.10947697323062425,0.000437907892922497
1804,5,1,0.1094582559754706,0.00043783302390188237
6794,8,1,0.10947791271935794,0.0004379116508774318
6341,2,1,0.10947681195709777,0.0004379072478283911
1516,4,0,0.1093858636047173,0.0004375434544188692
1862,5,1,0.1022238846083824,0.0004088955384335296
7932,9,1,0.1094777552716917,0.0004379110210867668
3687,9,1,0.10947409397264896,0.00043789637589059584
2081,3,1,0.10870060106817764,0.00043480240427271055
6946,6,1,0.09627269986878055,0.0003850907994751222
2435,6,1,0.1082498148496342,0.00043299925939853677
2191,4,0,0.10944733337114987,0.0004377893334845995
5189,0,1,0.09110003213224065,0.00036440012852896256
9153,2,1,0.10947772856802358,0.00043791091427209435
8236,5,1,0.05271495067367705,0.00021085980269470818
2031,1,1,0.10947791412740217,0.0004379116565096087
8041,8,1,0.108577151694733,0.000434308606778932
7682,8,1,0.10947791401826545,0.0004379116560730618
9258,9,1,0.10947791158562659,0.00043791164634250635
9035,4,0,0.10829941012714674,0.00043319764050858694
5936,6,1,0.10927331113216153,0.00043709324452864614
8553,7,1,0.10947660321968293,0.0004379064128787317
4085,8,1,0.10947758185206333,0.0004379103274082533
1226,6,1,0.1086260302588846,0.0004345041210355384
5655,3,1,0.10947763185400956,0.00043791052741603827
4565,2,1,0.10946735088152201,0.00043786940352608805
321,5,1,0.10947779266867323,0.00043791117067469294
4345,6,1,0.10940877114251032,0.0004376350845700413
6554,5,1,0.10947629353962232,0.00043790517415848927
2831,3,1,0.10947788843312051,0.00043791155373248204
6037,5,1,0.1094777420473889,0.0004379109681895556
4567,4,0,0.10588167538494614,0.00042352670153978457
4910,8,1,0.10947732811575744,0.0004379093124630298
9814,8,1,0.10943792690160581,0.0004377517076064232
6025,6,1,0.10852147675586826,0.00043408590702347305
7289,0,1,0.10947719235448547,0.0004379087694179419
6396,4,0,0.10821374007223106,0.0004328549602889242
5632,3,1,0.1094779132666164,0.0004379116530664656
5978,5,1,0.10947790045822396,0.00043791160183289583
6231,8,1,0.10947734960548997,0.00043790939842195986
1008,9,1,0.10905492645070623,0.00043621970580282494
5040,3,1,0.10947791396530013,0.0004379116558612005
1599,5,1,0.10947177255308352,0.00043788709021233405
7021,1,1,0.10947790445430362,0.0004379116178172145
9929,8,1,0.10907115009848259,0.00043628460039393037
1372,1,1,0.10947092412586452,0.0004378836965034581
8282,1,1,0.10946876988936505,0.0004378750795574602
9403,9,1,0.10947791295116661,0.0004379116518046665
7273,4,0,0.10328681582333792,0.0004131472632933517
1017,6,1,0.10722915587102941,0.00042891662348411763
6289,9,1,0.10947790186416574,0.00043791160745666296
1090,0,1,0.10724239086807372,0.0004289695634722949
9909,1,1,0.10947729936519396,0.0004379091974607758
4305,0,1,0.10947791084017269,0.00043791164336069076
7999,6,1,0.10621968551703548,0.0004248787420681419
7775,2,1,0.10854515633018803,0.00043418062532075215
530,9,1,0.10945101421999638,0.0004378040568799855
2826,4,0,0.10802443677242961,0.0004320977470897184
1002,8,1,0.10947063218845893,0.0004378825287538357
2800,4,0,0.10216284772975524,0.00040865139091902095
3382,2,1,0.0958502653721707,0.0003834010614886828
6562,5,1,0.1094779141257319,0.0004379116565029276
9138,5,1,0.10947791411542063,0.0004379116564616825
453,3,1,0.10918711084285622,0.0004367484433714249
9968,3,1,0.10947646606735999,0.00043790586426943997
3004,4,0,0.10942555591607844,0.0004377022236643138
354,2,1,0.10108932604462714,0.00040435730417850854
7178,0,1,0.10940236800459759,0.00043760947201839035
6614,5,1,0.10904155339983963,0.0004361662135993585
5003,4,0,0.10466531858055046,0.00041866127432220186
4234,2,1,0.019095628647414042,7.638251458965617e-05
7856,6,1,0.10935784985472383,0.0004374313994188953
5108,1,1,0.10947558271576757,0.0004379023308630703
3673,2,1,0.10543831145386144,0.00042175324581544577
3478,4,0,0.10943266288391737,0.0004377306515356695
6552,1,1,0.10946104393890974,0.00043784417575563894
7184,5,1,0.10921860372666388,0.0004368744149066555
3068,2,1,0.10343875742488337,0.0004137550296995335
2614,0,1,0.10826437063129682,0.00043305748252518727
2316,5,1,0.1092136465736567,0.0004368545862946268
7714,3,1,0.10947791142165837,0.0004379116456866335
5405,2,1,0.10743780201917738,0.00042975120807670953
4137,4,0,0.10612314035817792,0.0004244925614327117
9157,3,1,0.10946251506020832,0.0004378500602408333
1647,7,1,0.10947070998978795,0.00043788283995915177
7210,3,1,0.1094324747963656,0.0004377298991854624
1179,3,1,0.10947737251579873,0.0004379094900631949
8057,9,1,0.10947791411366205,0.0004379116564546482
5042,2,1,0.10947773567029816,0.0004379109426811926
7667,6,1,0.10943741452646144,0.0004377496581058458
153,0,1,0.10947790255170607,0.0004379116102068243
1308,5,1,0.07871865824886778,0.0003148746329954711
6212,7,1,0.1094692241785595,0.00043787689671423804
7399,3,1,0.10947791413076018,0.0004379116565230407
9283,9,1,0.1094539104474134,0.0004378156417896536
926,8,1,0.10947765194606066,0.0004379106077842426
8161,5,1,0.10947791413075883,0.0004379116565230353
9632,2,1,0.08174737267893686,0.00032698949071574747
3191,0,1,0.10607496181339593,0.0004242998472535837
5083,9,1,0.10947789255135981,0.00043791157020543926
9811,1,1,0.10947789025913311,0.0004379115610365325
7817,6,1,0.10634784518698363,0.00042539138074793454
4555,5,1,0.1094779140971785,0.000437911656388714
3282,9,1,0.10944403826463603,0.0004377761530585441
361,5,1,0.10947777925024339,0.00043791111700097355
5780,7,1,0.10947708916183911,0.00043790835664735643
3509,3,1,0.10947769250889601,0.00043791077003558403
5980,9,1,0.10947791043556934,0.00043791164174227735
226,6,1,0.1093855918890979,0.0004375423675563916
5074,0,1,0.10941229537120258,0.0004376491814848103
3219,0,1,0.10945695782998865,0.0004378278313199546
1926,0,1,0.10946231317322479,0.00043784925269289913
3510,4,0,0.08206433457920934,0.00032825733831683737
2305,9,1,0.10947608068822548,0.0004379043227529019
2085,0,1,0.10913408929766462,0.00043653635719065846
5309,3,1,0.10947780163149601,0.000437911206525984
6493,1,1,0.10947675484933096,0.00043790701939732383
8854,4,0,0.10928024393753051,0.000437120975750122
7846,6,1,0.10819831753921173,0.00043279327015684693
3104,7,1,0.10947763648347256,0.00043791054593389023
1725,0,1,0.10944646393580879,0.00043778585574323517
5090,1,1,0.10947791344224121,0.00043791165376896483
5407,4,0,0.1089486801153917,0.0004357947204615668
441,4,0,0.09078161347295188,0.0003631264538918075
427,4,0,0.1084471954415735,0.000433788781766294
2913,0,1,0.10881277551760336,0.0004352511020704135
429,6,1,0.1094779140023055,0.000437911656009222
5249,8,1,0.10947785829826005,0.0004379114331930402
3392,1,1,0.10947356017905353,0.00043789424071621414
4587,5,1,0.1091442874493442,0.00043657714979737676
5634,4,0,0.10873699820972992,0.0004349479928389197
4825,7,1,0.10504659744598104,0.0004201863897839241
9081,7,1,0.10947332664385331,0.00043789330657541324
3198,6,1,0.10947791374910867,0.00043791165499643467
946,0,1,0.10947590014297535,0.0004379036005719014
1769,1,1,0.10947783076971472,0.0004379113230788589
7111,5,1,0.10947790781033025,0.00043791163124132096
7766,4,0,0.09727462055408069,0.00038909848221632275
7134,4,0,0.10262487736765326,0.00041049950947061304
8126,4,0,0.10947787657253007,0.00043791150629012026
5712,2,1,0.10224052826268007,0.0004089621130507203
1419,8,1,0.10947418729091739,0.00043789674916366953
4935,5,1,0.10947790819427455,0.0004379116327770982
3545,4,0,0.0844707459899175,0.00033788298395967
5851,1,1,0.10944924178544559,0.00043779696714178236
1244,5,1,0.10946897434454074,0.00043787589737816294
3568,0,1,0.10947694016254614,0.00043790776065018457
7174,3,1,0.10947659100596217,0.00043790636402384867
2392,5,1,0.10947250496950384,0.00043789001987801533
182,2,1,0.1093753338806854,0.0004375013355227416
9982,2,1,0.10947181042826475,0.000437887241713059
8485,0,1,0.10947306710661683,0.00043789226842646736
4096,8,1,0.10694311443027699,0.00042777245772110796
2682,7,1,0.10945418948276545,0.00043781675793106177
6709,3,1,0.10947783200248619,0.00043791132800994476
861,6,1,0.10270835121503652,0.0004108334048601461
8731,9,1,0.10946756732881746,0.0004378702693152698
1559,5,1,0.10947612224557914,0.0004379044889823165
2624,8,1,0.1094779141305671,0.0004379116565222684
6271,6,1,0.07361036312201652,0.00029444145248806605
7128,7,1,0.10947524896417606,0.00043790099585670425
6936,9,1,0.10947559770454782,0.0004379023908181913
8744,1,1,0.1094761676000605,0.000437904670400242
6154,4,0,0.1091952556480775,0.00043678102259231
4939,0,1,0.10947034121680889,0.00043788136486723554
1101,8,1,0.10943333597002933,0.0004377333438801173
7096,0,1,0.10947488931378355,0.0004378995572551342
6789,1,1,0.10947791244159223,0.00043791164976636894
3367,7,1,0.10947783709347286,0.00043791134837389145
2933,4,0,0.07942819132428697,0.00031771276529714786
8533,6,1,0.10525209576159392,0.00042100838304637566
3481,7,1,0.10370021401016079,0.00041480085604064316
2149,6,1,0.1079039349855275,0.00043161573994211
7634,1,1,0.10947776108011334,0.00043791104432045337
5672,8,1,0.10888177960600068,0.0004355271184240027
3213,9,1,0.10947790878635494,0.00043791163514541974
341,6,1,0.10947660173422613,0.00043790640693690453
568,9,1,0.1094778496066896,0.0004379113984267584
8228,8,1,0.10947010903168893,0.0004378804361267557
1603,3,1,0.10947775671671897,0.0004379110268668759
2366,9,1,0.10947761275139908,0.0004379104510055963
5094,9,1,0.10947791394537283,0.0004379116557814913
5981,7,1,0.10935257274162034,0.0004374102909664814
2141,7,1,0.10947781092025573,0.0004379112436810229
3445,0,1,0.10947775385245098,0.00043791101540980394
758,2,1,0.10857118562038116,0.00043428474248152467
952,6,1,0.10538123332643327,0.0004215249333057331
4340,0,1,0.10943331225508546,0.00043773324902034183
2640,7,1,0.10947717460488827,0.0004379086984195531
431,5,1,0.10947783314010347,0.00043791133256041386
7877,0,1,0.0873083174526921,0.0003492332698107684
4967,7,1,0.10941429619065084,0.00043765718476260337
8177,8,1,0.10947625261020237,0.0004379050104408095
5724,5,1,0.10945672180452035,0.0004378268872180814
3586,8,1,0.10947308392183858,0.0004378923356873543
8400,0,1,0.10918681841440137,0.00043674727365760544
2024,6,1,0.10913042892024481,0.00043652171568097926
8677,3,1,0.10947777560519648,0.0004379111024207859
7863,0,1,0.10930256035701183,0.0004372102414280473
3972,7,1,0.1094779121943388,0.0004379116487773552
9402,6,1,0.1066497042107086,0.0004265988168428344
8740,2,1,0.10654598255893465,0.0004261839302357386
7000,2,1,0.1079406481631074,0.0004317625926524296
9987,0,1,0.10935942809275646,0.0004374377123710259
4224,5,1,0.10883742927702979,0.00043534971710811916
7275,3,1,0.10947001372189837,0.00043788005488759347
6869,5,1,0.10932691666736821,0.00043730766666947283
2753,7,1,0.10947778977050165,0.0004379111590820066
149,2,1,0.10947791173413049,0.00043791164693652196
2483,2,1,0.10947790996754936,0.00043791163987019744
7673,5,1,0.10947650687787085,0.0004379060275114834
8631,2,1,0.09878222522163391,0.00039512890088653563
735,4,0,0.05833196075663361,0.00023332784302653446
6503,6,1,0.10861339378646485,0.00043445357514585944
2528,9,1,0.10947486776693871,0.00043789947106775485
284,0,1,0.10945084757929727,0.00043780339031718906
8068,9,1,0.10942848374291032,0.0004377139349716413
6712,0,1,0.10947399520581468,0.0004378959808232587
6542,9,1,0.1094779141288893,0.00043791165651555717
1656,2,1,0.10504161036939555,0.0004201664414775822
4568,8,1,0.10938144926589903,0.00043752579706359614
1953,4,0,0.10922896812072005,0.00043691587248288023
9599,7,1,0.1094779141307592,0.0004379116565230368
3907,2,1,0.10947791172049785,0.0004379116468819914
4194,0,1,0.10934223841417191,0.0004373689536566876
5175,6,1,0.10947234524045961,0.0004378893809618384
6754,8,1,0.10947526591807438,0.0004379010636722975
8167,6,1,0.10904683252628519,0.00043618733010514075
8272,9,1,0.10946765604795002,0.00043787062419180006
163,6,1,0.10592438010047436,0.00042369752040189747
1152,0,1,0.1091663245204031,0.00043666529808161243
3067,3,1,0.1084541767211768,0.0004338167068847072
73,8,1,0.10923616188619055,0.0004369446475447622
1875,0,1,0.10946161387506452,0.0004378464555002581
6481,0,1,0.10947758975543535,0.0004379103590217414
3016,4,0,0.0954539117295841,0.0003818156469183364
1597,3,1,0.10943950740564828,0.0004377580296225931
5858,7,1,0.109477404396841,0.000437909617587364
9037,9,1,0.10947766623159633,0.0004379106649263853
9308,3,1,0.09245301601641825,0.00036981206406567303
157,9,1,0.10947782016635912,0.0004379112806654365
7476,5,1,0.10945253242057049,0.00043781012968228196
9017,0,1,0.1094754776184231,0.0004379019104736924
352,0,1,0.10943744520043686,0.00043774978080174745
5894,7,1,0.10947786544469217,0.0004379114617787687
6912,3,1,0.1094779137731971,0.0004379116550927884
4145,8,1,0.10943625448444727,0.0004377450179377891
1251,2,1,0.10947789600293484,0.00043791158401173933
2495,9,1,0.10944372505625345,0.0004377749002250138
2173,3,1,0.10946854761479548,0.0004378741904591819
5816,5,1,0.10947784439354669,0.00043791137757418674
1097,5,1,0.10947767822777472,0.0004379107129110989
5651,4,0,0.07890539820242054,0.0003156215928096822
2122,0,1,0.10946867495356905,0.0004378746998142762
8541,8,1,0.10936471472045545,0.0004374588588818218
2686,7,1,0.10651879873763569,0.00042607519495054273
312,8,1,0.10215800300774332,0.00040863201203097325
4762,1,1,0.10947790057158713,0.00043791160228634854
5194,7,1,0.10941114374086174,0.0004376445749634469
418,3,1,0.1092394548310855,0.000436957819324342
8066,9,1,0.10947781180337524,0.00043791124721350095
4583,7,1,0.10947024212380789,0.0004378809684952316
765,2,1,0.09783451655085279,0.00039133806620341116
5086,3,1,0.10947036964646573,0.0004378814785858629
6236,1,1,0.10947783564612276,0.000437911342584491
7636,5,1,0.10944942817709495,0.0004377977127083798
154,0,1,0.10947213832002314,0.0004378885532800926
4730,2,1,0.09662498601200235,0.0003864999440480094
7633,7,1,0.10947790192661921,0.00043791160770647686
6752,9,1,0.10947173213887362,0.0004378869285554945
74,0,1,0.10945320048490853,0.0004378128019396341
4560,1,1,0.10938139200163302,0.0004375255680065321
8,3,1,0.1094487387465247,0.0004377949549860988
8955,1,1,0.10947731088766227,0.0004379092435506491
3800,9,1,0.10947732999638941,0.00043790931998555763
8185,0,1,0.1094765518527969,0.00043790620741118757
9136,6,1,0.10946305702959964,0.0004378522281183986
9972,4,0,0.1094491437816103,0.0004377965751264412
232,5,1,0.10947791413036946,0.00043791165652147784
2671,6,1,0.10914152930112689,0.00043656611720450754
243,9,1,0.10947788284431172,0.00043791153137724687
2352,2,1,0.10942782539280345,0.00043771130157121377
2857,0,1,0.10894254714185897,0.0004357701885674359
5509,7,1,0.10947791227382116,0.0004379116490952846
5589,2,1,0.09436381181943188,0.0003774552472777275
7663,2,1,0.10431886426362429,0.00041727545705449716
8802,6,1,0.1094753801491114,0.0004379015205964456
7626,1,1,0.10947669038381375,0.000437906761535255
399,3,1,0.10947789146769416,0.00043791156587077664
5798,0,1,0.10936052028749278,0.00043744208114997115
1567,2,1,0.10947767065908794,0.00043791068263635176
505,4,0,0.10947442686729758,0.0004378977074691903
804,4,0,0.10450965642860699,0.00041803862571442794
7809,0,1,0.10946100124523847,0.00043784400498095386
4853,7,1,0.10947491611195208,0.0004378996644478083
2346,1,1,0.10940921964023179,0.00043763687856092717
959,8,1,0.10947765657438402,0.0004379106262975361
6036,0,1,0.1094735878528853,0.00043789435141154123
625,9,1,0.10947789595233097,0.0004379115838093239
9418,8,1,0.10947446601976256,0.00043789786407905025
9889,8,1,0.10902394772649787,0.0004360957909059915
5953,7,1,0.1094779141306409,0.0004379116565225636
8647,4,0,0.10796117280615188,0.0004318446912246075
484,5,1,0.10947787177796336,0.00043791148711185343
5951,0,1,0.10947648531689409,0.00043790594126757635
9904,0,1,0.10879637720565945,0.00043518550882263777
6915,1,1,0.10947760888258216,0.00043791043553032867
8448,4,0,0.1094309157243208,0.00043772366289728323
123,2,1,0.10946074920189962,0.00043784299680759846
9101,8,1,0.10947643263706945,0.0004379057305482778
528,4,0,0.10944246061902156,0.00043776984247608625
8667,4,0,0.10946219233110509,0.00043784876932442037
9541,4,0,0.10885470269710447,0.0004354188107884179
3020,1,1,0.10947789419256612,0.0004379115767702645
2662,6,1,0.10694711474861869,0.00042778845899447477
1531,7,1,0.1088419185852745,0.000435367674341098
3977,3,1,0.08886500062063232,0.0003554600024825293
7586,2,1,0.10947789485511913,0.0004379115794204765
4916,6,1,0.1074901733081299,0.00042996069323251963
396,2,1,0.10945090784602848,0.00043780363138411395
8427,2,1,0.10947783383780688,0.0004379113353512275
1949,0,1,0.10947759908181559,0.00043791039632726236
8545,6,1,0.10947774250274067,0.0004379109700109627
4295,0,1,0.10947770140930707,0.0004379108056372283
9815,5,1,0.06423188514971867,0.0002569275405988747
4883,2,1,0.10730683070022326,0.000429227322800893
9827,4,0,0.07524302843957484,0.0003009721137582994
6327,4,0,0.10422960711943424,0.00041691842847773697
5085,2,1,0.10570873405278593,0.0004228349362111437
9337,5,1,0.1094727907843564,0.0004378911631374256
8871,9,1,0.10946942998906313,0.00043787771995625253
2823,3,1,0.10947290793016437,0.0004378916317206575
4447,0,1,0.1094768666527094,0.0004379074666108376
1894,3,1,0.10912671807747186,0.00043650687230988743
5235,1,1,0.10568022469696542,0.0004227208987878617
7138,0,1,0.10947275523411329,0.00043789102093645313
3166,9,1,0.109260322916705,0.00043704129166682
140,6,1,0.10412849335847293,0.00041651397343389174
6933,0,1,0.10947791411828355,0.0004379116564731342
633,8,1,0.10947631855983056,0.00043790527423932227
927,6,1,0.10940563823744232,0.0004376225529497693
8685,7,1,0.10947065372525351,0.00043788261490101406
6648,0,1,0.10924709691715248,0.0004369883876686099
9587,7,1,0.10947656694408606,0.00043790626777634423
773,4,0,0.09665696994290819,0.0003866278797716328
3306,5,1,0.10945960694068693,0.0004378384277627477
5287,7,1,0.10946351340599095,0.0004378540536239638
1616,7,1,0.1073350231250516,0.0004293400925002064
172,9,1,0.10587171288229821,0.00042348685152919285
6692,6,1,0.10498320565201699,0.00041993282260806796
8340,5,1,0.10941568266974105,0.00043766273067896423
4878,7,1,0.10919816093030706,0.0004367926437212282
6978,4,0,0.10947544906581251,0.00043790179626325003
519,8,1,0.10947788817690814,0.00043791155270763257
2973,0,1,0.10780830202212655,0.00043123320808850617
8627,7,1,0.10947776351260644,0.00043791105405042573
7201,4,0,0.10932859390593341,0.0004373143756237337
4218,9,1,0.1094479437579429,0.0004377917750317716
6777,2,1,-0.02100119526652204,-8.400478106608817e-05
7042,8,1,0.10893543597962745,0.00043574174391850976
8314,6,1,0.10917528515697872,0.00043670114062791486
1022,0,1,0.10928454478979073,0.00043713817915916293
7276,1,1,0.10942289924463698,0.0004376915969785479
7376,1,1,0.10947791362840675,0.00043791165451362703
6499,7,1,0.10947784499735404,0.00043791137998941616
7485,8,1,0.10750021322922015,0.0004300008529168806
1947,3,1,0.10947791413075987,0.00043791165652303947
7812,2,1,0.10812250975222343,0.0004324900390088937
1294,8,1,0.10944409824857579,0.00043777639299430313
9826,0,1,0.10782467330605643,0.0004312986932242257
1829,1,1,0.10947272435230171,0.0004378908974092068
6925,2,1,0.1094764130490922,0.0004379056521963688
1,8,1,0.10947787393302254,0.00043791149573209017
4287,0,1,0.10945457288572172,0.00043781829154288687
8635,6,1,0.10946621913186091,0.00043786487652744367
4031,4,0,0.10002914608291168,0.0004001165843316467
1678,2,1,0.10924545642666118,0.00043698182570664474
5688,8,1,0.10920313409499906,0.0004368125363799962
6741,9,1,0.10947674889294595,0.0004379069955717838
6472,1,1,0.10947392858843509,0.0004378957143537404
4378,1,1,0.10947791070631686,0.00043791164282526744
6175,3,1,0.10947723450818155,0.0004379089380327262
6322,4,0,0.1094653438722118,0.00043786137548884716
7549,3,1,0.1094772876951771,0.0004379091507807084
8362,3,1,0.10947780069403,0.00043791120277612
5958,9,1,0.10947786072433889,0.00043791144289735554
6862,5,1,0.10947784636340689,0.00043791138545362754
4040,0,1,0.10947790761493265,0.00043791163045973057
311,6,1,0.10895162699305483,0.0004358065079722193
6177,2,1,0.10861344544640918,0.0004344537817856367
6325,7,1,0.10947778747185581,0.00043791114988742325
8420,3,1,0.10634566123171939,0.00042538264492687756
1639,9,1,0.1094779048273597,0.0004379116193094388
7767,9,1,0.10947626192288676,0.00043790504769154704
7366,2,1,0.10946359338948608,0.00043785437355794434
6597,1,1,0.10947701911647274,0.00043790807646589095
9556,6,1,0.10871636359482259,0.00043486545437929037
9607,7,1,0.10929263256713108,0.0004371705302685243
8164,6,1,0.09688595623659838,0.0003875438249463935
3329,3,1,0.109477547487877,0.000437910189951508
9276,7,1,0.10935117520792885,0.0004374047008317154
6123,6,1,0.10947783266993504,0.00043791133067974013
25,2,1,0.10944001889153107,0.0004377600755661243
9794,1,1,0.10947766575129775,0.000437910663005191
5866,4,0,0.06482636940371525,0.000259305477614861
7638,1,1,0.10648475942348909,0.00042593903769395637
3484,4,0,0.1009222796106676,0.00040368911844267043
9777,9,1,0.10947788613089494,0.0004379115445235798
197,8,1,0.10945670729950602,0.0004378268291980241
5006,7,1,0.10947773786379372,0.0004379109514551749
8814,9,1,0.10947581139031491,0.00043790324556125965
8788,5,1,0.1094779141293746,0.00043791165651749843
6101,9,1,0.10947790799050712,0.0004379116319620285
3296,4,0,0.10941856427197555,0.0004376742570879022
6970,0,1,0.10934869777109439,0.00043739479108437755
162,6,1,0.10947790992308974,0.00043791163969235895
1257,2,1,0.1088869266778168,0.0004355477067112672
3835,3,1,0.10947790390607892,0.00043791161562431566
4637,3,1,0.10946823510600454,0.00043787294042401813
9625,2,1,0.10855965324568748,0.0004342386129827499
3006,5,1,0.1094646350310646,0.0004378585401242584
1198,7,1,0.10947725605385261,0.00043790902421541044
8466,7,1,0.10947791344562836,0.00043791165378251345
2794,0,1,0.10947791413025706,0.00043791165652102827
5120,9,1,0.10947790438522352,0.0004379116175408941
7369,5,1,0.10947197565454446,0.0004378879026181778
8399,5,1,0.10946687342195786,0.00043786749368783143
9033,2,1,0.1094730289441524,0.0004378921157766096
9172,0,1,0.10947300699713682,0.00043789202798854725
7227,7,1,0.09530202417711368,0.00038120809670845473
3549,1,1,0.10947747623403394,0.00043790990493613574
1118,4,0,0.1085474005174301,0.0004341896020697204
5716,0,1,0.10803208871841109,0.00043212835487364435
9224,6,1,0.10826490538359797,0.0004330596215343919
9199,9,1,0.10947791413068679,0.00043791165652274717
3635,4,0,0.1089179543743059,0.0004356718174972236
9636,6,1,0.10049113143014637,0.0004019645257205855
4200,4,0,0.08944700638068058,0.00035778802552272233
9546,6,1,0.10938344137732244,0.00043753376550928973
9493,0,1,0.10946025790555922,0.00043784103162223685
7412,9,1,0.10944401862668961,0.0004377760745067584
4010,7,1,0.10940090787256608,0.00043760363149026433
51,8,1,0.10923986393090133,0.00043695945572360534
1950,5,1,0.10891765685591534,0.00043567062742366135
1613,8,1,0.10947731620089812,0.0004379092648035925
5398,8,1,0.10541916696676894,0.0004216766678670757
3577,9,1,0.10947791364094009,0.0004379116545637604
8526,3,1,0.10947780694979584,0.00043791122779918335
3154,9,1,0.10936437841507794,0.00043745751366031175
4767,6,1,0.1094778892633979,0.0004379115570535916
4187,0,1,0.10805267686683001,0.00043221070746732006
7721,2,1,0.10522555371860548,0.00042090221487442193
6708,2,1,0.10820497045314997,0.0004328198818125999
590,6,1,0.10947786511267257,0.0004379114604506903
1766,6,1,0.10314278516723392,0.0004125711406689357
9590,0,1,0.10947746278425691,0.0004379098511370276
779,5,1,0.10945875291052426,0.00043783501164209703
2755,5,1,0.10947783375058959,0.00043791133500235835
2997,2,1,0.10947516165640733,0.0004379006466256293
204,1,1,0.10946546105712536,0.00043786184422850145
3518,5,1,0.10947791256214151,0.00043791165024856607
2474,6,1,0.10770584843144457,0.00043082339372577826
2874,8,1,0.1094465091272249,0.0004377860365088996
7935,7,1,0.08052914747177084,0.00032211658988708336
7575,8,1,0.10945288344766327,0.0004378115337906531
5840,2,1,0.10916753136925925,0.00043667012547703697
6505,4,0,0.10573995425376183,0.0004229598170150473
3042,8,1,0.10947791323092317,0.0004379116529236927
9787,8,1,0.1094779139251564,0.0004379116557006256
8307,4,0,0.10903058646605991,0.00043612234586423964
3206,8,1,0.10938363701740149,0.000437534548069606
8701,8,1,0.10947791404407071,0.0004379116561762829
9240,8,1,0.1094261528881007,0.0004377046115524028
968,1,1,0.10947719426933959,0.0004379087770773584
2731,5,1,0.1094764807196969,0.0004379059228787876
2723,2,1,0.10867164343068106,0.0004346865737227242
39,5,1,0.10947408717282206,0.00043789634869128826
883,0,1,0.1094779141282143,0.0004379116565128572
5977,6,1,0.10900846782050388,0.00043603387128201556
5136,9,1,0.10947330129568487,0.0004378932051827395
4518,9,1,0.10947789474130006,0.00043791157896520025
4776,3,1,0.10947724564825873,0.0004379089825930349
6989,7,1,0.10947260392576752,0.0004378904157030701
2586,7,1,0.10854154787536227,0.0004341661915014491
2846,6,1,0.10941104138244535,0.0004376441655297814
6174,3,1,0.10868265668808384,0.0004347306267523354
9245,1,1,0.10943994006488005,0.0004377597602595202
7982,9,1,0.1094654590136843,0.0004378618360547372
6284,0,1,0.10753204427993018,0.00043012817711972074
3447,4,0,0.10368895544112024,0.00041475582176448095
5352,5,1,0.10947578786204298,0.00043790315144817194
1660,3,1,0.10947611855897302,0.00043790447423589207
3074,1,1,0.10947791411797336,0.0004379116564718935
644,9,1,0.10931124399041127,0.0004372449759616451
1452,6,1,0.10947790584488888,0.0004379116233795555
8388,1,1,0.10925825986178292,0.0004370330394471317
313,0,1,0.10925758216516955,0.0004370303286606782
9939,5,1,0.10947778864707274,0.00043791115458829093
1056,3,1,0.1094779128887161,0.0004379116515548644
1059,8,1,0.10940073311813701,0.00043760293247254806
3085,2,1,0.10946656599640117,0.00043786626398560467
8951,8,1,0.10944505067403489,0.0004377802026961395
7312,2,1,0.10876664553115731,0.0004350665821246292
7551,6,1,0.10925866355802026,0.00043703465423208104
9059,2,1,0.10938156265862731,0.0004375262506345092
1642,5,1,0.09993983779972007,0.00039975935119888027
3680,0,1,0.10655787414914232,0.00042623149659656926
8337,3,1,0.10947775463825188,0.0004379110185530075
3890,7,1,0.10939004617624441,0.00043756018470497764
3982,9,1,0.10947786501822528,0.0004379114600729011
91,3,1,0.10461639700044453,0.00041846558800177815
9044,2,1,0.08163968276736935,0.00032655873106947743
2108,4,0,0.10947776791872083,0.0004379110716748833
9321,4,0,0.07541504323875906,0.00030166017295503623
1444,1,1,0.1094779121518236,0.0004379116486072944
5450,5,1,0.10947791394218336,0.0004379116557687334
262,5,1,0.1094169510281129,0.0004376678041124516
2124,0,1,0.10915307268637692,0.00043661229074550765
3097,0,1,0.10943942504149831,0.00043775770016599326
8088,7,1,0.10947778938006848,0.0004379111575202739
9873,2,1,0.10946840921144928,0.0004378736368457971
200,5,1,0.10947787588009872,0.0004379115035203949
6690,5,1,0.10945226321990645,0.0004378090528796258
476,6,1,0.10193076494838146,0.00040772305979352584
5974,9,1,0.10947790216834445,0.0004379116086733778
4172,5,1,0.1094692724036476,0.00043787708961459036
379,6,1,0.10941166601557227,0.0004376466640622891
1808,9,1,0.10947788141536449,0.00043791152566145797
691,2,1,0.10947791161908396,0.00043791164647633587
3728,2,1,0.10947359104750391,0.00043789436419001563
8339,8,1,0.10946202389229702,0.0004378480955691881
9432,1,1,0.10947791405898934,0.00043791165623595737
2722,5,1,0.10623722975187316,0.00042494891900749264
4418,9,1,0.10947782769545443,0.00043791131078181774
5569,0,1,0.10946293297731556,0.00043785173190926226
2055,5,1,0.10947646284735701,0.0004379058513894281
2381,5,1,0.10947791413068667,0.0004379116565227467
8900,2,1,0.10888765505202565,0.0004355506202081026
9624,2,1,0.1001934407344222,0.00040077376293768877
651,9,1,0.10947705945151823,0.0004379082378060729
4839,7,1,0.10886632366250153,0.0004354652946500061
3156,9,1,0.10947784460538071,0.0004379113784215228
7467,6,1,0.10021649231373533,0.0004008659692549413
3063,0,1,0.10944818566547251,0.00043779274266189005
6945,5,1,0.10947791251882585,0.0004379116500753034
8755,6,1,0.10945759580867834,0.00043783038323471333
695,3,1,0.10784845163369883,0.0004313938065347953
9883,7,1,0.10896652276549743,0.0004358660910619897
1365,0,1,0.10861533677986841,0.00043446134711947365
3583,1,1,0.10947788661375328,0.0004379115464550131
6400,0,1,0.1094759013054226,0.00043790360522169043
8566,4,0,0.10947790953482499,0.00043791163813929995
1589,6,1,0.10892907049046277,0.00043571628196185106
217,9,1,0.10947769260663295,0.00043791077042653183
7054,2,1,0.1094655754879898,0.00043786230195195917
1065,3,1,0.10947791284474247,0.0004379116513789699
6604,2,1,0.10947764801404716,0.00043791059205618865
696,8,1,0.10947727599775083,0.0004379091039910033
2425,0,1,0.10947562260086041,0.00043790249040344165
1764,5,1,0.10947020739116863,0.0004378808295646745
9036,4,0,0.10718443496900544,0.0004287377398760218
3057,6,1,0.10918425099741497,0.00043673700398965987
1908,5,1,0.10947788736717541,0.00043791154946870163
1977,5,1,0.1087750647052653,0.00043510025882106116
3089,8,1,0.10947619835885625,0.000437904793435425
5271,5,1,0.1094779136053308,0.0004379116544213232
5059,4,0,0.10947775890372294,0.00043791103561489176
3019,5,1,0.1094779141307291,0.0004379116565229164
8287,8,1,0.10947769025671626,0.000437910761026865
3027,1,1,0.1094704238996767,0.0004378816955987068
1323,0,1,0.10946501428565494,0.0004378600571426198
7457,2,1,0.10684162620550108,0.00042736650482200434
2779,3,1,0.10947789893020245,0.0004379115957208098
9586,5,1,0.10528358728523582,0.0004211343491409433
706,2,1,0.10941018579466269,0.00043764074317865077
6437,0,1,0.10947326387739066,0.0004378930555095626
7545,5,1,0.10946720838901469,0.00043786883355605876
8813,1,1,0.10947790019658331,0.00043791160078633326
3996,6,1,0.10944562670895212,0.0004377825068358085
823,8,1,0.10942343859216179,0.00043769375436864715
5366,1,1,0.1045510621278331,0.0004182042485113324
4802,0,1,0.1094779105978964,0.0004379116423915856
6288,6,1,0.10742745673933086,0.00042970982695732343
9064,1,1,0.10947780974581128,0.0004379112389832451
9981,4,0,0.10756031471615492,0.00043024125886461967
2,8,1,0.10947336440516783,0.00043789345762067135
2908,7,1,0.10945202569460466,0.0004378081027784186
5460,0,1,0.10947791413063511,0.00043791165652254046
4160,5,1,0.10947786347680118,0.0004379114539072047
7584,1,1,0.10947791410264608,0.00043791165641058434
2099,1,1,0.1094659019862874,0.0004378636079451496
7848,4,0,0.1028999069777199,0.0004115996279108796
4561,3,1,0.10947031941098326,0.000437881277643933
2061,5,1,0.10947688384518345,0.0004379075353807338
944,0,1,0.10875133048520463,0.00043500532194081854
3574,5,1,0.10793488981186178,0.0004317395592474471
447,0,1,0.10868671657034701,0.00043474686628138806
6703,2,1,0.1088786407456096,0.0004355145629824384
7121,9,1,0.10947696035736446,0.0004379078414294578
1062,6,1,0.1079906149351204,0.00043196245974048156
5457,8,1,0.10947772784455083,0.00043791091137820333
4212,1,1,0.10945184241200841,0.0004378073696480336
3283,7,1,0.10947790928754876,0.00043791163715019505
6193,9,1,0.10947624222988903,0.0004379049689195561
6342,8,1,0.10929523040817438,0.0004371809216326975
116,0,1,0.10894233590550081,0.00043576934362200327
8049,1,1,0.1094778526729075,0.00043791141069163
1999,5,1,0.1094567785214482,0.0004378271140857928
8039,1,1,0.10947791304916797,0.00043791165219667186
7645,0,1,0.10945552199208418,0.0004378220879683367
701,2,1,0.10947701982608544,0.0004379080793043418
6145,2,1,0.10947704377632853,0.00043790817510531413
3539,3,1,0.10945915153792411,0.0004378366061516965
6032,4,0,0.04629806089365299,0.00018519224357461193
6095,9,1,0.10947780295654473,0.0004379112118261789
715,3,1,0.10947670575709545,0.0004379068230283818
9781,3,1,0.10947791357344863,0.0004379116542937945
7064,5,1,0.10929837396542602,0.0004371934958617041
409,2,1,0.10947774959429166,0.00043791099837716665
254,4,0,0.10852218174950796,0.0004340887269980319
8073,0,1,0.109477711730963,0.000437910846923852
7818,9,1,0.10947782536415876,0.000437911301456635
7211,3,1,0.10947791103004857,0.0004379116441201943
37,1,1,0.10947791386163944,0.00043791165544655774
2505,7,1,0.1094779113379817,0.00043791164535192677
4098,9,1,0.10947788844032104,0.00043791155376128414
3649,3,1,0.10943889972429463,0.0004377555988971785
2664,4,0,0.039861806332076755,0.00015944722532830702
5299,7,1,0.10947766765414485,0.0004379106706165794
2326,7,1,0.10928217332392003,0.0004371286932956801
5808,5,1,0.10933496205552132,0.00043733984822208526
4255,9,1,0.10947742392235645,0.00043790969568942577
2441,4,0,0.06285203221125424,0.00025140812884501696
1143,6,1,0.10947788000253095,0.0004379115200101238
8931,9,1,0.10947770084870612,0.0004379108033948245
2956,0,1,0.10140487839135919,0.0004056195135654367
535,6,1,0.10814733629203022,0.00043258934516812085
8624,9,1,0.10947791232737696,0.00043791164930950783
6800,6,1,0.10874702648987593,0.00043498810595950373
3997,2,1,0.10947014776049836,0.0004378805910419934
7694,9,1,0.1094636166821007,0.0004378544667284028
3047,6,1,0.10946762177758464,0.00043787048711033854
1545,1,1,0.10946891618049093,0.00043787566472196373
416,0,1,0.10947790949427084,0.00043791163797708336
1669,6,1,0.08695459065415537,0.00034781836261662147
6026,3,1,0.10947791337997363,0.00043791165351989453
5402,4,0,-0.015144081408597868,-6.057632563439147e-05
661,4,0,0.10828522142495725,0.000433140885699829
4499,3,1,0.10892761823052542,0.00043571047292210167
8491,3,1,0.10947314507716985,0.00043789258030867937
9190,3,1,0.10947775019997742,0.0004379110007999097
3638,9,1,0.10947788579529652,0.0004379115431811861
9922,5,1,0.10947791373381452,0.0004379116549352581
5423,6,1,0.10720493528142852,0.00042881974112571406
1964,3,1,0.10947775167236194,0.00043791100668944774
256,3,1,0.10940412516429288,0.00043761650065717153
6011,7,1,0.10947767705685824,0.00043791070822743293
3434,5,1,0.10947777893990476,0.00043791111575961904
1001,0,1,0.10877675003916229,0.00043510700015664917
2751,2,1,0.10944263973275004,0.00043777055893100015
275,5,1,0.10947774331556484,0.00043791097326225937
7314,3,1,0.10947066345543263,0.00043788265382173054
5068,4,0,0.10947401305522293,0.00043789605222089174
9008,0,1,0.10936542787804082,0.0004374617115121633
4814,3,1,0.10913437353509005,0.0004365374941403602
9905,1,1,0.1094779141304185,0.000437911656521674
6631,7,1,0.10882185094647483,0.0004352874037858993
4687,3,1,0.10947769809412226,0.00043791079237648903
2717,0,1,0.10632908721124644,0.00042531634884498574
8366,1,1,0.10947791412766471,0.00043791165651065885
8322,4,0,0.07017606586954551,0.00028070426347818204
5446,6,1,0.10947791413076036,0.0004379116565230414
648,4,0,0.10915902965015689,0.00043663611860062754
1746,2,1,0.10647119205549138,0.00042588476822196555
2981,4,0,0.10928581736152888,0.0004371432694461155
4604,4,0,0.10040286928610431,0.00040161147714441725
4849,5,1,0.10947672646825353,0.00043790690587301414
4482,6,1,0.10946673710268731,0.00043786694841074927
642,0,1,0.10947790765038415,0.0004379116306015366
5921,7,1,0.10941161066796393,0.0004376464426718557
8806,3,1,0.10936309553666321,0.0004374523821466528
1912,0,1,0.10943567950924311,0.00043774271803697246
5976,5,1,0.10947778058290146,0.00043791112233160587
20,7,1,0.10947789196070613,0.00043791156784282455
4845,3,1,0.10947247120022367,0.00043788988480089467
4030,1,1,0.10947239942116536,0.0004378895976846615
4157,2,1,0.10947788541588481,0.00043791154166353925
3070,0,1,0.10940551844649532,0.00043762207378598126
3516,9,1,0.10947783739027446,0.0004379113495610978
4075,2,1,0.08657194830803197,0.0003462877932321279
2241,0,1,0.10945636253393641,0.00043782545013574566
5941,9,1,0.10947714877063922,0.00043790859508255684
1731,5,1,0.1021458379710614,0.0004085833518842456
9969,6,1,0.10947787980768109,0.00043791151923072436
4876,3,1,0.10947779871100705,0.0004379111948440282
6161,4,0,0.10554971510969835,0.0004221988604387934
1760,0,1,0.10637073556066984,0.00042548294224267936
5345,4,0,0.08317639908516512,0.0003327055963406605
2176,1,1,0.10947777384887582,0.00043791109539550327
9473,0,1,0.10901661487973616,0.00043606645951894463
6928,2,1,0.04233145699943944,0.00016932582799775774
3263,1,1,0.10944347775610269,0.0004377739110244108
3772,1,1,0.10947770638459392,0.0004379108255383757
3526,4,0,0.10915462142539778,0.00043661848570159114
3351,1,1,0.1094617477371477,0.0004378469909485908
2564,2,1,0.10775127685141285,0.0004310051074056514
7696,0,1,0.10947784760442253,0.0004379113904176901
728,6,1,0.09948542013936099,0.00039794168055744397
7690,6,1,0.10893159718882595,0.00043572638875530377
345,5,1,0.10947782474735299,0.0004379112989894119
9761,5,1,0.10801185016065777,0.00043204740064263107
7104,2,1,0.10821452382337915,0.0004328580952935166
3045,5,1,0.10947791410984088,0.0004379116564393635
9285,8,1,0.10947789815718587,0.00043791159262874347
7492,9,1,0.10947790815008085,0.0004379116326003234
1036,0,1,0.10889387382346971,0.00043557549529387883
8260,1,1,0.10947790696139514,0.00043791162784558057
8521,9,1,0.1094778887318431,0.00043791155492737237
125,0,1,0.10922900246770657,0.0004369160098708263
4741,1,1,0.1094779101857419,0.0004379116407429676
7531,4,0,0.10894165790567484,0.0004357666316226994
1860,8,1,0.1094779141285241,0.0004379116565140964
8146,8,1,0.10947776977009488,0.00043791107908037954
9997,5,1,0.10947604590217234,0.00043790418360868937
8519,7,1,0.10947132868175229,0.00043788531472700916
4509,7,1,0.10947789892898922,0.0004379115957159569
8964,0,1,0.10947683265342806,0.0004379073306137122
1264,8,1,0.10937599685353691,0.00043750398741414763
3579,1,1,0.10947777251725989,0.00043791109006903955
1859,2,1,0.10947460513067107,0.0004378984205226843
1711,1,1,0.10947765547599457,0.0004379106219039783
3398,2,1,0.10917169876221343,0.0004366867950488537
6027,3,1,0.10918594433282056,0.0004367437773312822
3124,6,1,0.10777037734322945,0.0004310815093729178
3322,2,1,0.10947784235107594,0.0004379113694043037
2792,0,1,0.10947790721666983,0.00043791162886667935
9117,9,1,0.10947613033906792,0.00043790452135627166
9730,6,1,0.10947791399523964,0.00043791165598095855
6984,1,1,0.10947790795779838,0.0004379116318311935
1356,2,1,0.1094608071008074,0.0004378432284032296
1630,9,1,0.1094778707572456,0.0004379114830289824
7093,2,1,0.10946259686988986,0.00043785038747955944
5170,9,1,0.10947791409691968,0.0004379116563876787
7192,7,1,0.10947791405453769,0.00043791165621815076
1707,9,1,0.10944534213859208,0.00043778136855436833
5124,0,1,0.10947600937596887,0.00043790403750387547
6246,4,0,0.10925184347327972,0.0004370073738931189
130,4,0,0.1087871485544099,0.00043514859421763956
8960,0,1,0.10920748315540774,0.0004368299326216309
5587,0,1,0.10939061761928816,0.00043756247047715263
6707,2,1,0.10684223557660452,0.0004273689423064181
8528,3,1,0.10946942985340534,0.0004378777194136214
7489,3,1,0.1094774692967854,0.0004379098771871416
5451,6,1,0.10860137825584248,0.00043440551302336995
2979,0,1,0.10943674963471334,0.00043774699853885336
9926,3,1,0.10709557729654236,0.00042838230918616944
4670,8,1,0.10947511224849785,0.00043790044899399137
6651,6,1,0.07048295899246343,0.0002819318359698537
7133,1,1,0.10947433728728326,0.000437897349149133
7040,7,1,0.10947537413923426,0.00043790149655693704
2589,0,1,0.08312621916969379,0.00033250487667877516
5750,6,1,0.10938057643157188,0.0004375223057262875
4299,2,1,0.06424864446649303,0.0002569945778659721
260,8,1,0.10947768418155236,0.00043791073672620946
5844,0,1,0.10947684375870188,0.00043790737503480754
2733,3,1,0.10947791412704702,0.00043791165650818807
8020,6,1,0.10940268298921935,0.0004376107319568774
2861,5,1,0.1094778468760943,0.0004379113875043772
4638,6,1,0.10942436987739713,0.0004376974795095885
1428,7,1,0.10941302032699914,0.00043765208130799654
6352,2,1,0.10913196561499905,0.0004365278624599962
6249,5,1,0.10946459984036669,0.00043785839936146676
8431,8,1,0.10946456146782017,0.0004378582458712807
2472,5,1,0.10892726803134216,0.0004357090721253686
2927,8,1,0.10947685042939584,0.00043790740171758337
9805,2,1,0.09634409771950905,0.0003853763908780362
9221,7,1,0.10814390876309474,0.00043257563505237894
5106,6,1,0.10947551061097219,0.00043790204244388873
3893,9,1,0.10947789032864196,0.0004379115613145678
2106,5,1,0.10947787439188905,0.0004379114975675562
7803,0,1,0.10947791250062211,0.00043791165000248844
8428,5,1,0.10907710217026333,0.0004363084086810533
815,8,1,0.10947758530869994,0.00043791034123479976
3503,4,0,0.09366725269999261,0.00037466901079997046
4210,3,1,0.10947791377427747,0.0004379116550971099
7632,0,1,0.10947785416841939,0.0004379114166736776
8047,0,1,0.1093511219406632,0.00043740448776265277
146,6,1,0.10845492606394407,0.00043381970425577626
3882,1,1,0.10939957531384194,0.00043759830125536775
5199,6,1,0.10947791412214816,0.00043791165648859263
1119,7,1,0.10947734037553356,0.0004379093615021342
250,5,1,0.10944520808322175,0.000437780832332887
7255,3,1,0.10941183192763615,0.0004376473277105446
5721,0,1,0.10843351904299633,0.00043373407617198535
2389,6,1,0.10932718031455001,0.00043730872125820005
9695,0,1,0.10935501186954753,0.00043742004747819016
5105,7,1,0.10942949435249244,0.00043771797740996976
7026,3,1,0.10942368767266544,0.0004376947506906618
7116,0,1,0.10947791386748572,0.0004379116554699429
8318,2,1,0.10943833726934814,0.00043775334907739257
206,0,1,0.10938663589036575,0.000437546543561463
5803,1,1,0.10947791186467289,0.00043791164745869156
1830,3,1,0.10933148842553037,0.00043732595370212147
9502,6,1,0.10879942476079964,0.00043519769904319856
5580,5,1,0.1094424794717614,0.00043776991788704563
4399,4,0,0.10947342649149985,0.00043789370596599943
4073,6,1,0.10918760921771402,0.0004367504368708561
174,9,1,0.10947119175467114,0.00043788476701868455
2879,0,1,0.10947731434745946,0.00043790925738983785
4364,9,1,0.10947791408446914,0.00043791165633787655
7770,9,1,0.10947775345157275,0.000437911013806291
3415,7,1,0.10947688398487002,0.00043790753593948004
1276,5,1,0.10947782926490852,0.0004379113170596341
3433,4,0,0.10914230735630762,0.0004365692294252305
1761,1,1,0.10947687904727073,0.0004379075161890829
9115,8,1,0.10947791411923223,0.00043791165647692894
2566,2,1,0.1094779137560353,0.0004379116550241412
127,3,1,0.1094775609055834,0.0004379102436223336
4514,9,1,0.10947791353939855,0.0004379116541575942
6618,0,1,0.1086866267499754,0.0004347465069999016
1312,6,1,0.1068405195178697,0.0004273620780714788
1730,4,0,0.10897850385510764,0.0004359140154204306
7513,0,1,0.10939823263484,0.00043759293053935997
4932,9,1,0.10947790933577105,0.0004379116373430842
5573,9,1,0.10947763267575575,0.000437910530703023
5994,4,0,0.10947748839080987,0.0004379099535632395
7592,9,1,0.1094771774720069,0.00043790870988802763
1872,5,1,0.10947743356981797,0.0004379097342792719
7400,3,1,0.10947791284961733,0.0004379116513984693
8853,2,1,0.10600451898353613,0.0004240180759341445
9000,8,1,0.10947789042655762,0.0004379115617062305
3605,6,1,0.09172741831173681,0.00036690967324694724
5512,9,1,0.10947733416735585,0.0004379093366694234
2306,3,1,0.10947578653810998,0.00043790314615243993
4779,9,1,0.10947791278635183,0.0004379116511454073
7344,4,0,0.10867498170407179,0.00043469992681628716
5182,1,1,0.10947721825769713,0.00043790887303078854
9751,0,1,0.10943434990377694,0.00043773739961510777
5727,6,1,0.1094653151702066,0.0004378612606808264
8006,9,1,0.10947256893650428,0.00043789027574601714
3941,6,1,0.10629909280056914,0.00042519637120227657
2889,7,1,0.10942763049265908,0.0004377105219706363
3869,8,1,0.10940745409182935,0.0004376298163673174
9822,0,1,0.10947791400578677,0.0004379116560231471
5571,0,1,0.10947778254156713,0.0004379111301662685
5768,7,1,0.10947783785062606,0.00043791135140250424
2115,5,1,0.109379698663359,0.000437518794653436
390,1,1,0.10946866176195211,0.00043787464704780844
2920,2,1,0.10947717170908705,0.0004379086868363482
2820,6,1,0.10764969778247013,0.00043059879112988055
2969,5,1,0.10947293784069799,0.00043789175136279196
9439,0,1,0.10909314970282026,0.000436372598811281
2703,9,1,0.10947309630019711,0.0004378923852007884
6758,8,1,0.1082505399580055,0.000433002159832022
5652,0,1,0.10947346231599743,0.0004378938492639897
4824,0,1,0.10947729022175652,0.0004379091608870261
3252,4,0,0.07705465776007987,0.00030821863104031947
9182,0,1,0.10919014996878307,0.0004367605998751323
8767,7,1,0.10947733629313636,0.00043790934517254544
100,4,0,0.1087340602298587,0.00043493624091943476
2678,0,1,0.10947790189902389,0.00043791160759609554
4745,7,1,0.1094747534354868,0.0004378990137419472
3285,1,1,0.10947791396863897,0.00043791165587455587
4127,6,1,0.10801368082537409,0.00043205472330149635
9181,0,1,0.10946988650787898,0.0004378795460315159
4957,4,0,-0.11812133698483361,-0.00047248534793933444
211,4,0,0.10947790866755353,0.0004379116346702141
8878,8,1,0.10943585341198987,0.0004377434136479595
3169,9,1,0.10947326459577252,0.00043789305838309005
9384,4,0,0.1094747485268606,0.00043789899410744235
1300,4,0,0.09067256988005329,0.00036269027952021317
9734,4,0,0.1081031754978761,0.0004324127019915044
2217,8,1,0.10935597670746361,0.0004374239068298544
9165,4,0,0.10947005476663,0.00043788021906652005
8127,9,1,0.10941136220045047,0.0004376454488018019
2661,3,1,0.10947783996056454,0.0004379113598422581
2695,2,1,0.1084121617224722,0.0004336486468898888
4944,8,1,0.1092037284807648,0.0004368149139230592
1206,1,1,0.10947257835258072,0.00043789031341032284
353,2,1,0.10947791412233146,0.0004379116564893258
1158,1,1,0.10943546595271188,0.0004377418638108475
3486,6,1,0.10509739797541931,0.00042038959190167726
8849,9,1,0.10947777021680082,0.00043791108086720326
7508,2,1,0.06778269352240221,0.00027113077408960883
3670,9,1,0.10947428836141132,0.00043789715344564527
1895,8,1,0.1094778802845916,0.0004379115211383664
7310,3,1,0.10946931077519478,0.0004378772431007791
5930,5,1,0.10947617178979874,0.00043790468715919497
1778,8,1,0.10938154324418944,0.0004375261729767578
3227,2,1,0.07603918150062278,0.0003041567260024911
9314,6,1,0.10854395380877224,0.000434175815235089
8818,3,1,0.10947786571493041,0.00043791146285972166
6584,5,1,0.10947779946178872,0.00043791119784715487
6753,4,0,0.10940074200116943,0.00043760296800467776
494,1,1,0.10945035741178123,0.00043780142964712493
3902,9,1,0.10947757100483428,0.00043791028401933714
1297,2,1,0.10947772302352592,0.0004379108920941037
8857,0,1,0.10945904392591257,0.0004378361757036503
690,3,1,0.10865750122891939,0.00043463000491567754
7342,7,1,0.10947759368024924,0.000437910374720997
5964,9,1,0.1094779141284034,0.0004379116565136136
2043,8,1,0.10946975751063721,0.00043787903004254887
1228,5,1,0.10941496320606577,0.00043765985282426305
6378,5,1,0.10947788270321546,0.00043791153081286185
2571,9,1,0.10947330431959416,0.0004378932172783767
6060,3,1,0.09080920941353914,0.00036323683765415656
5329,4,0,0.10947095841703065,0.0004378838336681226
9728,2,1,0.10765911754123433,0.00043063647016493734
9012,8,1,0.1094778998997009,0.0004379115995988036
4024,8,1,0.1091825101985938,0.00043673004079437523
5426,5,1,0.10941482878725917,0.00043765931514903666
1588,5,1,0.10947620872205871,0.00043790483488823485
3965,0,1,0.10913801110413707,0.0004365520444165483
7142,8,1,0.10921811658622514,0.00043687246634490056
5296,4,0,0.1094566146612964,0.0004378264586451856
8588,6,1,0.09411407367286519,0.00037645629469146074
6574,0,1,0.10516773401311769,0.0004206709360524707
9399,7,1,0.10947790900488313,0.00043791163601953253
6081,0,1,0.10806890679283464,0.00043227562717133855
5983,4,0,0.10930483623422332,0.0004372193449368933
1528,2,1,0.10947791133991935,0.0004379116453596774
8779,7,1,0.109344433451427,0.000437377733805708
1490,8,1,0.10946974786231524,0.00043787899144926096
1134,1,1,0.10947790812818654,0.00043791163251274615
9209,9,1,0.10947692263781644,0.00043790769055126577
5267,6,1,0.10524508883802308,0.0004209803553520923
8384,2,1,0.10947791413039447,0.00043791165652157785
5765,9,1,0.1094739971208816,0.0004378959884835264
6291,9,1,0.10947065532202266,0.00043788262128809064
7753,9,1,0.10947791412865004,0.0004379116565146002
7484,1,1,0.10947729361656258,0.0004379091744662503
3878,5,1,0.10947791402241729,0.00043791165608966917
3233,8,1,0.10870451593446771,0.00043481806373787084
6909,4,0,0.10872293578871366,0.0004348917431548546
6028,8,1,0.1094461345753176,0.0004377845383012704
7315,0,1,0.10939210756445973,0.0004375684302578389
1973,0,1,0.10864639365978596,0.0004345855746391438
1392,2,1,0.10941824465269209,0.0004376729786107684
7547,9,1,0.1094769900302868,0.0004379079601211472
1215,7,1,0.10947390399865997,0.0004378956159946399
7570,1,1,0.10944762869724015,0.00043779051478896056
4553,3,1,0.10944660641921353,0.00043778642567685413
4077,3,1,0.10932195197493579,0.00043728780789974316
3038,3,1,0.10912463393955761,0.00043649853575823043
9203,8,1,0.10945435040528653,0.00043781740162114613
6606,4,0,0.10942931122058126,0.00043771724488232504
2970,5,1,0.10947626027318842,0.0004379050410927537
8063,0,1,0.10947761807178764,0.0004379104722871506
483,5,1,0.10942286154652087,0.00043769144618608345
970,9,1,0.10947785990557073,0.0004379114396222829
1747,1,1,0.10947639210896916,0.00043790556843587665
9051,8,1,0.1094632862540317,0.0004378531450161268
4933,3,1,0.10947791060355566,0.00043791164241422265
5703,0,1,0.10947734369113048,0.00043790937476452193
3760,7,1,0.10947734059794213,0.00043790936239176856
8920,6,1,0.09539057685776262,0.00038156230743105046
7658,7,1,0.10940942526839541,0.0004376377010735816
6222,0,1,0.10947791411425839,0.00043791165645703356
7740,4,0,0.10214442432012333,0.0004085776972804933
1881,9,1,0.10947791342587346,0.0004379116537034938
1018,0,1,0.10931216772065915,0.0004372486708826366
7637,8,1,0.10947041814359257,0.00043788167257437027
6466,8,1,0.10946574678872786,0.00043786298715491143
4422,3,1,0.10947780712727373,0.0004379112285090949
8160,6,1,0.10947590696016472,0.00043790362784065887
6266,7,1,0.10947787988289351,0.00043791151953157404
6121,2,1,0.10947790826593022,0.0004379116330637209
6415,1,1,0.10932801018007882,0.0004373120407203153
9098,5,1,0.10934885218509736,0.00043739540874038944
5725,5,1,0.10947014270313708,0.00043788057081254835
7011,7,1,0.10946688508122922,0.00043786754032491685
7363,1,1,0.10947726881095958,0.00043790907524383834
3650,0,1,0.10947782124777844,0.00043791128499111375
6801,6,1,0.10923715710943176,0.00043694862843772703
5023,2,1,0.10947778409459806,0.0004379111363783922
7438,5,1,0.10947791412986738,0.0004379116565194695
8152,8,1,0.1093119476032101,0.0004372477904128404
5007,3,1,0.10944990117800144,0.00043779960471200573
7223,7,1,0.10947791048423984,0.00043791164193695935
9976,5,1,0.10946903830233928,0.0004378761532093571
3179,6,1,0.10947302136071546,0.0004378920854428618
8994,8,1,0.10938869581183494,0.00043755478324733975
2436,6,1,0.10944891665673599,0.00043779566662694396
1430,8,1,0.10913596490171132,0.0004365438596068453
6427,2,1,0.10947791039379608,0.0004379116415751843
3131,7,1,0.10793354989381958,0.0004317341995752783
3654,3,1,0.1094779135398408,0.00043791165415936316
8147,5,1,0.1094778044970563,0.0004379112179882252
3741,2,1,0.10932445585579693,0.0004372978234231877
7815,0,1,0.10946875997712541,0.00043787503990850164
3681,2,1,0.045493311820631474,0.0001819732472825259
3117,0,1,0.10947791242150323,0.0004379116496860129
3346,4,0,0.10947769993565366,0.00043791079974261465
5417,4,0,0.10838865659033015,0.00043355462636132056
7494,2,1,0.08375711498799865,0.0003350284599519946
4025,1,1,0.1094773188864684,0.0004379092755458736
6285,8,1,0.10817713916152598,0.0004327085566461039
4991,0,1,0.1077417021301009,0.0004309668085204036
9942,7,1,0.10947001702941207,0.00043788006811764827
4937,0,1,0.10910921831404861,0.00043643687325619447
4618,3,1,0.1094141918101055,0.000437656767240422
4656,9,1,0.10947781363192823,0.0004379112545277129
3859,3,1,0.1094711771505254,0.0004378847086021016
6196,3,1,0.10947789048237618,0.0004379115619295047
9124,0,1,0.10322936401454579,0.00041291745605818314
6730,8,1,0.10947773057429906,0.00043791092229719626
3151,8,1,0.10947761446521695,0.0004379104578608678
8200,3,1,0.10938958110489934,0.00043755832441959736
9973,0,1,0.10946773072443464,0.00043787092289773857
905,7,1,0.10946550395481713,0.00043786201581926855
4672,6,1,0.10946084191611564,0.00043784336766446256
2497,9,1,0.10947791259191336,0.0004379116503676534
4206,1,1,0.10947530866156306,0.0004379012346462522
2966,0,1,0.10947482269447273,0.0004378992907778909
9970,2,1,0.09433854580011605,0.00037735418320046423
3181,9,1,0.1094779086990908,0.0004379116347963632
7029,4,0,0.10910003724683019,0.0004364001489873208
6403,4,0,0.1092830567398919,0.0004371322269595676
5477,2,1,0.10947764026540843,0.00043791056106163374
6218,9,1,0.1094401969076092,0.0004377607876304368
3710,2,1,0.09277152996577667,0.0003710861198631067
2601,1,1,0.10947791127775772,0.00043791164511103087
4195,3,1,0.10945398268203294,0.00043781593072813175
5097,7,1,0.10947791293262463,0.0004379116517304985
700,7,1,0.10947772344764195,0.0004379108937905678
1124,3,1,0.10694298040041625,0.000427771921601665
4315,6,1,0.07162160903082537,0.0002864864361233015
1232,1,1,0.1094779027030655,0.00043791161081226196
8712,1,1,0.1094774918595773,0.0004379099674383092
3432,5,1,0.10947773681359874,0.00043791094725439495
2296,9,1,0.10946413665053006,0.00043785654660212026
5456,1,1,0.10947789807362787,0.0004379115922945115
290,1,1,0.10947790872015524,0.000437911634880621
8841,2,1,0.10486857072096126,0.000419474282883845
929,0,1,0.10939865615755644,0.00043759462463022577
8369,4,0,0.1034861583785312,0.0004139446335141248
57,7,1,0.1094778743566192,0.0004379114974264768
1993,3,1,0.1094650078417108,0.0004378600313668432
2151,5,1,0.10947111388590099,0.00043788445554360396
3374,6,1,0.10947790045514813,0.0004379116018205925
8154,8,1,0.10947771016176155,0.00043791084064704624
730,4,0,0.10947760704800309,0.00043791042819201235
4579,6,1,0.1094746945937711,0.00043789877837508437
117,4,0,0.10947758725192183,0.00043791034900768735
565,3,1,0.10947791413075257,0.0004379116565230103
3400,6,1,0.10929973810339455,0.0004371989524135782
6944,5,1,0.10947791237863438,0.00043791164951453756
3709,5,1,0.10947786172145416,0.00043791144688581663
4183,7,1,0.1094772378941402,0.0004379089515765608
9887,5,1,0.10947791279865027,0.0004379116511946011
1727,9,1,0.10913228935029289,0.00043652915740117153
5867,5,1,0.10903495413777557,0.0004361398165511023
7162,5,1,0.10947787790198503,0.0004379115116079401
5100,3,1,0.10947586716472821,0.00043790346865891285
1510,8,1,0.10909415986618373,0.00043637663946473495
3884,3,1,0.08365445151001741,0.00033461780604006965
9281,3,1,0.1087247630110785,0.000434899052044314
9102,7,1,0.10934641882635919,0.0004373856753054368
4462,2,1,0.10947785541228311,0.0004379114216491324
2240,9,1,0.10947720970501211,0.00043790883882004845
3225,9,1,0.10946514198480137,0.00043786056793920547
7031,0,1,0.10729700225229538,0.00042918800900918153
1390,6,1,0.1091126089898685,0.00043645043595947404
393,2,1,0.10947778527186275,0.000437911141087451
520,5,1,0.10947788424207337,0.0004379115369682935
4354,7,1,0.10947791374497443,0.0004379116549798977
8351,0,1,0.10947436986832362,0.0004378974794732945
2280,4,0,0.1093434408558943,0.0004373737634235772
8678,1,1,0.10946283097791132,0.0004378513239116453
8551,8,1,0.10947767771230396,0.0004379107108492158
9937,4,0,0.10947770248081831,0.00043791080992327326
8909,0,1,0.10947582168506084,0.0004379032867402434
63,3,1,0.1094779108384038,0.0004379116433536152
3125,3,1,0.10947701911274678,0.0004379080764509871
6756,5,1,0.10947791138185857,0.00043791164552743427
482,8,1,0.1003779209573447,0.0004015116838293788
2639,6,1,0.10940543134248827,0.0004376217253699531
5685,1,1,0.10947702478186411,0.00043790809912745644
7190,2,1,0.050382515030196154,0.0002015300601207846
6625,4,0,0.10593555541787775,0.00042374222167151096
8586,6,1,0.10941723900229106,0.00043766895600916425
1825,2,1,0.10932760605722582,0.00043731042422890325
4484,4,0,0.10850087123300657,0.0004340034849320263
7978,4,0,0.079328763615972,0.000317315054463888
5494,9,1,0.10947790943266497,0.00043791163773065987
6719,2,1,0.10941020871702607,0.0004376408348681043
2681,0,1,0.10861172055760114,0.00043444688223040457
8455,1,1,0.10947791408106165,0.0004379116563242466
8459,9,1,0.10947790621510077,0.0004379116248604031
1462,4,0,0.09444027177904761,0.00037776108711619046
2051,5,1,0.10946642189645066,0.00043786568758580265
3811,7,1,0.10947560787548563,0.0004379024315019425
133,9,1,0.10947791386634126,0.000437911655465365
4259,5,1,0.10947787555112173,0.00043791150220448696
3066,1,1,0.10947385350680851,0.00043789541402723404
9731,2,1,0.1094066402835983,0.00043762656113439317
381,9,1,0.10947174732775614,0.00043788698931102456
9737,5,1,0.10947425570666544,0.00043789702282666176
459,6,1,0.10947175146745754,0.00043788700586983015
9673,9,1,0.1094678098419541,0.0004378712393678164
6990,3,1,0.10947133001443961,0.00043788532005775845
5254,9,1,0.10946283595700272,0.0004378513438280109
9945,7,1,0.10946914407612439,0.0004378765763044976
5744,2,1,0.10945406947289155,0.0004378162778915662
4946,4,0,0.10917087142502312,0.00043668348570009244
9266,8,1,0.10947584512242767,0.00043790338048971066
6881,2,1,0.10946869517087163,0.0004378747806834865
1086,4,0,0.10259193596263999,0.00041036774385055995
1826,8,1,0.10947777939647882,0.00043791111758591526
343,5,1,0.10941932977672766,0.00043767731910691063
4415,0,1,0.10947776084117741,0.00043791104336470964
8139,1,1,0.10947721140289718,0.0004379088456115887
6523,6,1,0.10187644060214425,0.000407505762408577
176,3,1,0.10947772471300368,0.00043791089885201475
8836,4,0,0.10623475033907083,0.0004249390013562833
9516,9,1,0.10947775025969586,0.00043791100103878345
8760,8,1,0.10947791023808241,0.00043791164095232965
1659,8,1,0.10945824360627106,0.0004378329744250842
253,9,1,0.10792843856528743,0.0004317137542611497
1530,3,1,0.10947450845391626,0.00043789803381566504
4349,0,1,0.10831320198313173,0.0004332528079325269
8748,6,1,0.10132380448599335,0.0004052952179439734
3090,4,0,0.10716791712513615,0.0004286716685005446
5148,3,1,0.1094779117767823,0.0004379116471071292
3897,0,1,0.10891981625118546,0.00043567926500474185
9875,9,1,0.10947774587254915,0.0004379109834901966
240,1,1,0.109476461003175,0.0004379058440127
2803,5,1,0.10947321540255808,0.0004378928616102323
478,5,1,0.10918352676702252,0.00043673410706809005
3736,3,1,0.10947789247899536,0.00043791156991598146
6106,2,1,0.1094779075010823,0.0004379116300043292
9104,4,0,0.1093949836850832,0.0004375799347403328
5349,3,1,0.10947791412091895,0.0004379116564836758
8467,3,1,0.1094763504107244,0.0004379054016428976
9703,4,0,0.09914483949436946,0.00039657935797747783
4547,3,1,0.1094750256400058,0.0004379001025600232
1109,0,1,0.1094449000860262,0.0004377796003441048
868,0,1,0.10904301712518874,0.00043617206850075495
8036,6,1,0.10947756337872822,0.00043791025351491285
5825,3,1,0.1094779134554545,0.000437911653821818
4854,0,1,0.10942505125737446,0.00043770020502949784
2215,0,1,0.10551269460414561,0.0004220507784165824
6061,0,1,0.1094373510195602,0.00043774940407824084
7520,4,0,0.07133698309805978,0.0002853479323922391
175,9,1,0.10947791403367246,0.00043791165613468985
4036,7,1,0.109465044736474,0.000437860178945896
90,0,1,0.1094618531621161,0.0004378474126484644
5142,8,1,0.10943844280707522,0.0004377537712283009
6679,2,1,0.10917003483519905,0.00043668013934079617
5434,6,1,0.09663208507720174,0.00038652834030880693
5109,9,1,0.1094778911994063,0.0004379115647976252
9065,0,1,0.10823249647371631,0.00043292998589486523
9933,7,1,0.10947542536222932,0.00043790170144891727
3714,3,1,0.10947791406192402,0.0004379116562476961
3168,9,1,0.10946488622137564,0.0004378595448855026
5325,8,1,0.10922122662321225,0.000436884906492849
3837,9,1,0.1094775810497025,0.00043791032419881
7239,4,0,0.10932844080238152,0.00043731376320952606
4983,6,1,0.1094779141213356,0.0004379116564853424
8539,6,1,0.10947791309473297,0.0004379116523789319
6429,8,1,0.10946603750508706,0.00043786415002034824
9868,9,1,0.10947313892906992,0.0004378925557162797
9507,0,1,0.1094743398857993,0.0004378973595431972
3834,8,1,0.10861110723806355,0.0004344444289522542
4507,5,1,0.10947785592718197,0.00043791142370872786
8058,4,0,0.10947561460525483,0.00043790245842101935
7625,7,1,0.1094773423523483,0.00043790936940939316
1016,1,1,0.10631760104285037,0.0004252704041714015
5524,0,1,0.10947775298579641,0.0004379110119431857
6853,4,0,0.10947740805150705,0.0004379096322060282
8303,8,1,0.10947301644399998,0.00043789206577599994
6716,8,1,0.10941475318388567,0.0004376590127355427
1500,1,1,0.10947774996999107,0.00043791099987996427
6306,0,1,0.10947791357234903,0.0004379116542893961
566,9,1,0.109461379038733,0.000437845516154932
7697,5,1,0.10947791395578788,0.0004379116558231515
9409,9,1,0.1094779141043004,0.0004379116564172016
6309,6,1,0.10282746133996626,0.000411309845359865
4023,4,0,0.10944816121016443,0.0004377926448406577
8341,6,1,0.1094480266330802,0.00043779210653232083
6879,1,1,0.1094676881255098,0.00043787075250203923
4130,6,1,0.10947791409838546,0.00043791165639354187
3110,7,1,0.10947789955411596,0.00043791159821646386
5701,3,1,0.10947791222273724,0.000437911648890949
2565,3,1,0.10947791407047283,0.00043791165628189133
3692,4,0,0.10875320934407692,0.0004350128373763077
9326,0,1,0.10765937053200045,0.0004306374821280018
7049,2,1,0.10947790508372189,0.00043791162033488755
4836,9,1,0.10947771768871176,0.00043791087075484704
1994,8,1,0.10885556759297388,0.00043542227037189553
161,1,1,0.1094688879780134,0.00043787555191205355
8890,8,1,0.10935051880492314,0.00043740207521969255
6700,6,1,0.10941877820860851,0.00043767511283443407
8599,4,0,0.10791897838336703,0.0004316759135334681
1958,6,1,0.10936997271200649,0.00043747989084802594
2272,7,1,0.10943439364657198,0.00043773757458628795
6855,4,0,0.1031489229051132,0.0004125956916204528
7504,6,1,0.10947732769409937,0.0004379093107763975
7506,4,0,0.10945126161573338,0.0004378050464629335
9852,0,1,0.10947791003432249,0.00043791164013728994
7898,1,1,0.10947611048762325,0.000437904441950493
1501,2,1,0.10930984669644038,0.00043723938678576153
9537,6,1,0.10947604975368348,0.0004379041990147339
9091,7,1,0.1094541389274441,0.0004378165557097764
6580,1,1,0.1094779010360266,0.0004379116041441064
2146,2,1,0.10759206659031693,0.0004303682663612677
4129,1,1,0.10947653983211464,0.0004379061593284586
8398,4,0,0.10455882502596668,0.0004182353001038667
8241,3,1,0.10947300879974056,0.00043789203519896224
6,1,1,0.10947790964570114,0.00043791163858280456
683,8,1,0.10947786575954632,0.0004379114630381853
6662,6,1,0.10172688494925677,0.0004069075397970271
9251,6,1,0.10947789973992873,0.0004379115989597149
6665,4,0,0.10880574019115682,0.0004352229607646273
6652,2,1,0.10947785101709666,0.00043791140406838664
2095,0,1,0.10947764944906757,0.0004379105977962703
3883,7,1,0.1094694201221348,0.0004378776804885392
878,3,1,0.10943079012477228,0.0004377231604990891
2224,1,1,0.1094779084548424,0.0004379116338193696
6677,5,1,0.10946829538185777,0.0004378731815274311
2626,7,1,0.10933282873606244,0.0004373313149442498
3990,4,0,-0.07008339188117547,-0.0002803335675247019
2676,4,0,0.10929155482962986,0.00043716621931851946
6069,0,1,0.10946569053850942,0.0004378627621540377
4087,5,1,0.10947784100126803,0.00043791136400507215
6737,8,1,0.1094752739311349,0.0004379010957245396
3754,0,1,0.10917031684950423,0.00043668126739801694
4480,9,1,0.10946639581295697,0.0004378655832518279
4178,7,1,0.10947791025763988,0.0004379116410305595
2481,7,1,0.10916880802043011,0.0004366752320817204
3226,8,1,0.10940320749292609,0.00043761282997170436
3797,6,1,0.1094574942241002,0.0004378299768964008
8606,1,1,0.10947727355941522,0.0004379090942376609
5322,4,0,0.10868048983782037,0.0004347219593512815
6812,0,1,0.10934832494049389,0.00043739329976197555
3597,6,1,0.10686861326185733,0.00042747445304742933
2052,8,1,0.10947090459944002,0.00043788361839776005
7618,3,1,0.10936470646455308,0.0004374588258582123
604,1,1,0.10947752596944281,0.00043791010387777125
8700,3,1,0.10947779043496318,0.0004379111617398527
2510,4,0,0.10308896991108794,0.00041235587964435176
8643,0,1,0.10944621354188953,0.0004377848541675581
711,8,1,0.10947705788266653,0.0004379082315306661
8791,6,1,0.10558070863983306,0.0004223228345593322
3833,9,1,0.10947531784295667,0.0004379012713718267
5699,4,0,0.10664068525295978,0.0004265627410118391
1484,4,0,0.09414417548100462,0.00037657670192401847
5563,1,1,0.10947482707910824,0.000437899308316433
1558,4,0,0.10944228328119604,0.00043776913312478416
798,7,1,0.10944988763907922,0.00043779955055631685
4242,8,1,0.10947703042418361,0.00043790812169673443
1838,6,1,0.10936279853872351,0.00043745119415489404
9145,1,1,0.1094779067838003,0.0004379116271352012
7497,3,1,0.10947550448461132,0.0004379020179384453
784,7,1,0.10944456498982848,0.0004377782599593139
7411,5,1,0.10946936263393844,0.00043787745053575376
7808,8,1,0.10933500302056165,0.0004373400120822466
4759,0,1,0.10947608802561357,0.00043790435210245426
8961,0,1,0.09504035038796152,0.0003801614015518461
9231,7,1,0.10940899722797977,0.00043763598891191906
9710,7,1,0.10947784063099479,0.0004379113625239792
806,8,1,0.10944488224819682,0.00043777952899278725
950,3,1,0.10935464302221726,0.000437418572088869
3299,0,1,0.10758878565819287,0.0004303551426327715
4539,8,1,0.10945083390665697,0.0004378033356266279
5204,3,1,0.10947781101573416,0.0004379112440629366
188,4,0,0.10947791412794448,0.0004379116565117779
3948,1,1,0.10947623580620923,0.0004379049432248369
4448,4,0,0.10887085132364466,0.0004354834052945786
1901,5,1,0.10947765687801113,0.0004379106275120445
3697,4,0,0.06611231935618281,0.00026444927742473123
5555,4,0,0.059284075132750844,0.00023713630053100336
4669,6,1,0.10848643240148026,0.000433945729605921
4631,5,1,0.10897793134064333,0.0004359117253625733
2395,7,1,0.10946975203306716,0.00043787900813226863
4735,8,1,0.1064237336694929,0.0004256949346779716
669,3,1,0.10947643227369958,0.0004379057290947983
3055,9,1,0.10947740019057567,0.0004379096007623027
7074,3,1,0.10947790062373271,0.0004379116024949308
5777,8,1,0.10946571669440071,0.00043786286677760283
5437,0,1,0.07949210527944586,0.00031796842111778346
1230,5,1,0.10947790456148154,0.00043791161824592616
6526,8,1,0.1094778191524798,0.0004379112766099192
3970,9,1,0.10946967537753206,0.00043787870151012825
8602,8,1,0.10945610556996069,0.00043782442227984273
8706,7,1,0.1090857999301602,0.0004363431997206408
5882,1,1,0.10947782769006524,0.000437911310760261
3420,5,1,0.10874203600558893,0.0004349681440223557
852,8,1,0.10947754451091092,0.0004379101780436437
1505,2,1,0.09538143521387538,0.00038152574085550153
3705,8,1,0.10947791390674992,0.00043791165562699966
1695,9,1,0.10947755924565697,0.00043791023698262787
9803,1,1,0.10947790030249831,0.0004379116012099932
1776,0,1,0.10947623925013206,0.0004379049570005282
8249,1,1,0.1094640501827753,0.0004378562007311012
28,9,1,0.10947788326993804,0.0004379115330797522
1571,5,1,0.10947718729530725,0.000437908749181229
6739,0,1,0.10944715537157824,0.000437788621486313
3391,3,1,0.10916980252486357,0.00043667921009945426
7382,9,1,0.1094716209771468,0.0004378864839085872
8888,8,1,0.10923449890388741,0.0004369379956155496
4987,3,1,0.1094374172999091,0.00043774966919963643
6210,4,0,0.10947783777661459,0.00043791135110645834
4708,3,1,0.10947791409679627,0.0004379116563871851
7083,6,1,0.10837407889279058,0.0004334963155711623
9336,3,1,0.10947789247757261,0.00043791156991029043
3100,0,1,0.10034862966935582,0.00040139451867742324
4811,2,1,0.10947476464614127,0.00043789905858456505
5812,4,0,0.09884320793833479,0.00039537283175333917
3718,8,1,0.10667040903143422,0.0004266816361257369
2699,4,0,0.1080308064384923,0.0004321232257539692
4702,6,1,0.10947182382067475,0.000437887295282699
7719,2,1,0.1094778939427394,0.0004379115757709576
3799,3,1,0.10947790849888023,0.00043791163399552093
5082,6,1,0.10947790976833997,0.0004379116390733599
1009,6,1,0.10881359525335788,0.0004352543810134315
5273,7,1,0.10947791410210413,0.00043791165640841653
5940,7,1,0.10851343354456613,0.0004340537341782645
6228,4,0,0.10946891268899829,0.00043787565075599315
6178,5,1,0.10753922373671275,0.000430156894946851
439,1,1,0.10947419629045353,0.0004378967851618141
2774,2,1,0.10906736038631987,0.0004362694415452795
9855,7,1,0.10941909241134806,0.0004376763696453923
214,8,1,0.10947120662467326,0.00043788482649869304
919,0,1,0.10774620246393232,0.0004309848098557293
1600,8,1,0.10926645021630964,0.00043706580086523854
6173,1,1,0.10947791411910153,0.00043791165647640614
6424,8,1,0.10693136549380747,0.0004277254619752299
7937,1,1,0.10946889518231125,0.00043787558072924497
6486,8,1,0.10946395520109052,0.0004378558208043621
1620,5,1,0.10947755988699788,0.00043791023954799154
4062,0,1,0.10947565807294965,0.0004379026322917986
6395,8,1,0.10947392489788813,0.0004378956995915525
3491,3,1,0.10947167365021235,0.0004378866946008494
1019,5,1,0.10947791411617896,0.00043791165646471584
5873,4,0,0.08743156294872592,0.0003497262517949037
9820,0,1,0.1093814470005246,0.0004375257880020984
4233,9,1,0.10947786654840633,0.0004379114661936253
727,3,1,0.10926135511324477,0.0004370454204529791
9723,7,1,0.10947788513127753,0.0004379115405251101
2647,1,1,0.10947784319234383,0.0004379113727693753
207,5,1,0.10938644456811786,0.00043754577827247144
796,1,1,0.10947446984498373,0.0004378978793799349
4964,5,1,0.09942001229772279,0.0003976800491908912
4078,5,1,0.10947791405213922,0.00043791165620855687
102,6,1,0.10947560533187142,0.0004379024213274857
4266,3,1,0.10940987089714196,0.0004376394835885679
7949,8,1,0.10947700067087576,0.00043790800268350303
6449,8,1,0.10947791401048024,0.00043791165604192096
9830,1,1,0.1094709104622714,0.0004378836418490856
4791,9,1,0.10947692534809125,0.000437907701392365
6460,3,1,0.10947684983439655,0.0004379073993375862
7791,6,1,0.0995822720469659,0.0003983290881878636
1810,1,1,0.1094771871746173,0.0004379087486984692
8165,1,1,0.10947789993706372,0.0004379115997482549
2652,7,1,0.10947667742319803,0.0004379067096927921
8079,5,1,0.10946531447261953,0.0004378612578904781
9967,3,1,0.10946859311785684,0.00043787437247142733
2455,6,1,0.10902431784619653,0.0004360972713847861
6088,6,1,0.10583171962567263,0.00042332687850269053
6262,8,1,0.10896495790046562,0.0004358598316018625
1003,4,0,0.08688625745453182,0.0003475450298181273
6438,4,0,0.10812273665876336,0.00043249094663505344
8460,8,1,0.10760290261140594,0.00043041161044562375
7025,6,1,0.10795168829665273,0.0004318067531866109
2152,7,1,0.10942146144380814,0.00043768584577523256
5379,4,0,0.10945612791683233,0.00043782451166732934
8231,3,1,0.10947787920202239,0.0004379115168080895
331,9,1,0.10947791413054218,0.00043791165652216874
1960,2,1,0.10947451632320336,0.00043789806529281346
6759,1,1,0.10947791412878995,0.0004379116565151598
2813,1,1,0.10947779482586452,0.00043791117930345807
536,6,1,0.10924378475088069,0.00043697513900352276
8280,4,0,0.10947788891030848,0.0004379115556412339
8215,1,1,0.10947778799778478,0.0004379111519911391
1066,9,1,0.10947229525585632,0.00043788918102342526
2245,8,1,0.10334809184292448,0.00041339236737169795
3523,4,0,0.10763333395755978,0.00043053333583023914
3645,1,1,0.10947721768208683,0.0004379088707283473
9893,2,1,0.10373706063543087,0.00041494824254172347
7477,0,1,0.10947791312347455,0.0004379116524938982
4940,6,1,0.09574150932913715,0.0003829660373165486
5264,6,1,0.10920541339107828,0.0004368216535643131
9602,0,1,0.10947785398029089,0.00043791141592116353
7118,5,1,0.10947791410722126,0.000437911656428885
6160,2,1,0.10947686858481433,0.0004379074743392573
4934,5,1,0.10947227137754643,0.00043788908551018575
7059,4,0,0.09034867101350075,0.00036139468405400297
3438,9,1,0.10947784714299144,0.00043791138857196576
8691,6,1,0.10946618341308427,0.00043786473365233706
6256,9,1,0.1094652414955699,0.00043786096598227956
5004,4,0,0.08463230955070633,0.0003385292382028253
3986,7,1,0.10947791162422518,0.00043791164649690075
4542,3,1,0.10896764466331618,0.0004358705786532647
3350,8,1,0.10938962688559434,0.0004375585075423774
6947,8,1,0.10193900933576804,0.00040775603734307216
1402,7,1,0.10947330145481929,0.00043789320581927717
9898,9,1,0.10947789312155419,0.0004379115724862168
6991,1,1,0.10947788295682548,0.0004379115318273019
4508,9,1,0.1094778957291623,0.0004379115829166492
3506,2,1,0.10928333155033955,0.0004371333262013582
628,4,0,0.10901261615433444,0.00043605046461733777
3245,7,1,0.10856831084379065,0.0004342732433751626
6778,2,1,-0.08490857535120681,-0.00033963430140482727
4302,2,1,0.10947611426376423,0.0004379044570550569
5852,3,1,0.10811123555075211,0.00043244494220300847
3129,3,1,0.10947766132710512,0.0004379106453084205
818,8,1,0.10670720005705461,0.00042682880022821846
7449,0,1,0.10947499557078424,0.000437899982283137
6143,9,1,0.10947791190500179,0.0004379116476200072
6877,0,1,0.10947693557987562,0.0004379077423195025
2544,2,1,0.1093602501474733,0.0004374410005898932
828,5,1,0.10947763908396282,0.0004379105563358513
4064,7,1,0.10935036005102368,0.0004374014402040947
3371,2,1,0.10947788569391392,0.00043791154277565567
5543,0,1,0.10940566381324694,0.00043762265525298775
1794,3,1,0.10925858820251988,0.00043703435281007954
5642,5,1,0.10946674401258329,0.00043786697605033314
2247,5,1,0.10939489283836304,0.00043757957135345213
8302,3,1,0.10812594628196574,0.000432503785127863
3973,9,1,0.10854936657662345,0.0004341974663064938
4054,7,1,0.10947210216863842,0.0004378884086745537
7302,6,1,0.10947788324696356,0.00043791153298785424
5232,3,1,0.10947427270301913,0.0004378970908120765
4146,2,1,0.10796824994877582,0.0004318729997951033
8785,8,1,0.10947749486678154,0.00043790997946712616
4976,5,1,0.10943310395106515,0.0004377324158042606
3979,9,1,0.10947777223544844,0.00043791108894179374
913,4,0,0.10942315149023017,0.0004376926059609207
9119,4,0,0.1075887675559799,0.0004303550702239196
5943,3,1,0.10947790815181832,0.0004379116326072733
4425,1,1,0.10947791375995328,0.0004379116550398131
6621,0,1,0.10580242226618802,0.0004232096890647521
5403,7,1,0.10943442533692245,0.0004377377013476898
9606,6,1,0.10799490340368456,0.00043197961361473826
522,0,1,0.10945346543391851,0.00043781386173567403
6010,1,1,0.10937499969142145,0.0004374999987656858
6577,1,1,0.10947774659961051,0.00043791098639844205
2255,1,1,0.1094779076440551,0.0004379116305762204
4044,6,1,0.10903134559766148,0.0004361253823906459
4754,3,1,0.10936444765652226,0.00043745779062608905
5656,3,1,0.10946544420249876,0.0004378617768099951
3675,4,0,0.10947790148838157,0.0004379116059535263
6350,0,1,0.10947791413032797,0.00043791165652131185
6295,8,1,0.10910209552151819,0.00043640838208607274
3397,9,1,0.10947249704475234,0.0004378899881790094
4806,1,1,0.10944081334179119,0.00043776325336716474
6819,2,1,0.1087030153367194,0.00043481206134687763
5625,5,1,0.1094661302581929,0.0004378645210327716
9391,9,1,0.10947586789730249,0.00043790347158920997
7562,2,1,0.10944267020237178,0.0004377706808094871
1362,5,1,0.10510739389511453,0.00042042957558045813
5883,6,1,0.1037245774666668,0.0004148983098666672
5436,6,1,0.10946645701889446,0.00043786582807557784
7445,6,1,0.10936319511418012,0.0004374527804567205
5427,8,1,0.10947476171861363,0.0004378990468744545
7622,9,1,0.1094779141281315,0.000437911656512526
4458,3,1,0.10915739465208317,0.0004366295786083327
6241,0,1,0.10946267374289251,0.00043785069497157003
8884,0,1,0.10944792042007923,0.0004377916816803169
9938,9,1,0.10947707378487546,0.00043790829513950185
4913,1,1,0.10947759512509232,0.0004379103805003693
3546,5,1,0.1094779106727388,0.0004379116426909552
9684,7,1,0.10943808300553165,0.0004377523320221266
5497,3,1,0.10942734413081352,0.0004377093765232541
9659,4,0,0.10790256622216361,0.00043161026488865444
2630,2,1,0.10920901741850775,0.000436836069674031
87,7,1,0.10947524719169535,0.0004379009887667814
1573,0,1,0.10945523153025952,0.00043782092612103805
1542,5,1,0.10932209952852923,0.0004372883981141169
9343,8,1,0.10946527317590901,0.00043786109270363606
982,0,1,0.10946324022161581,0.00043785296088646325
2919,8,1,0.10947436870800696,0.00043789747483202784
9984,7,1,0.10884616684431143,0.00043538466737724573
6005,4,0,0.1094772337124014,0.0004379089348496056
3768,1,1,0.10938201817322349,0.00043752807269289393
856,7,1,0.10947760146110867,0.0004379104058444347
6006,0,1,0.10944970101651538,0.00043779880406606155
4992,1,1,0.10947788284550355,0.0004379115313820142
1321,2,1,0.10947791413042335,0.0004379116565216934
6124,8,1,0.10946047519938873,0.00043784190079755494
1708,7,1,0.10947787001107562,0.00043791148004430246
9818,0,1,0.10947258666161334,0.0004378903466464534
7675,8,1,0.10947652245970098,0.00043790608983880394
9407,6,1,0.10945811254141623,0.0004378324501656649
8661,2,1,0.10947732293710465,0.0004379092917484186
1057,7,1,0.10947774784814172,0.0004379109913925669
1354,1,1,0.10947780213330259,0.00043791120853321037
8395,1,1,0.10947780649161128,0.00043791122596644513
9025,5,1,0.10947287435828267,0.00043789149743313064
9644,0,1,0.1094553399724424,0.0004378213598897696
7041,4,0,0.10842573864163539,0.0004337029545665416
1006,1,1,0.10946966514850243,0.0004378786605940097
5163,5,1,0.10947670279220423,0.0004379068111688169
1615,7,1,0.10947791413075704,0.00043791165652302814
1504,1,1,0.1093115557684329,0.0004372462230737316
7215,1,1,0.10947785872701114,0.00043791143490804456
8203,3,1,0.10943879803787333,0.00043775519215149335
1067,0,1,0.10947628421946856,0.00043790513687787426
6645,6,1,0.10941401245617328,0.0004376560498246931
7771,2,1,0.10947149154591203,0.0004378859661836481
5584,0,1,0.10945623904172351,0.00043782495616689405
9639,2,1,0.06109028753609691,0.00024436115014438766
875,8,1,0.10947791348499274,0.00043791165393997094
190,5,1,0.10947567865964929,0.00043790271463859716
7171,2,1,-0.09928135330406669,-0.0003971254132162668
1636,5,1,0.10946712918942705,0.00043786851675770824
50,9,1,0.10947790667451435,0.0004379116266980574
5137,9,1,0.10947787153366167,0.0004379114861346467
7940,2,1,0.09879095888020577,0.00039516383552082307
1089,6,1,0.1073665728620802,0.0004294662914483208
5733,3,1,0.10947256566916339,0.00043789026267665356
4747,5,1,0.10947791295925895,0.00043791165183703577
4051,5,1,0.10947749856483391,0.0004379099942593356
6893,3,1,0.10946206872821262,0.00043784827491285047
5348,1,1,0.10947788610584064,0.00043791154442336254
6889,5,1,0.10947789547847521,0.00043791158191390083
8123,1,1,0.10947772463185701,0.00043791089852742804
8406,9,1,0.10945428856739699,0.00043781715426958795
4391,3,1,0.10941885416003966,0.0004376754166401586
8973,5,1,0.10947790850381482,0.00043791163401525927
2556,6,1,0.10458397221287703,0.0004183358888515081
8326,3,1,0.09247193439091551,0.00036988773756366206
2845,5,1,0.10946535574192523,0.0004378614229677009
7333,6,1,0.10945124568728594,0.00043780498274914375
7140,4,0,0.10656237009193394,0.00042624948036773573
8104,7,1,0.10947752662623457,0.0004379101065049383
4956,5,1,0.10947789803689528,0.0004379115921475811
2301,2,1,0.10907072154340874,0.000436282886173635
4943,6,1,0.10335890843774971,0.00041343563375099887
1306,1,1,0.10943669907337047,0.0004377467962934819
7944,2,1,0.10851325010759205,0.0004340530004303682
1197,0,1,0.10947790844519639,0.0004379116337807856
3000,5,1,0.10947711980180941,0.0004379084792072376
5177,4,0,0.10841420576545638,0.0004336568230618255
5270,1,1,0.10947783060783742,0.00043791132243134966
936,2,1,0.10935172155972729,0.0004374068862389092
8508,1,1,0.10947771722755896,0.0004379108689102358
7777,6,1,0.10946217140002644,0.0004378486856001058
5860,0,1,0.10944645678441658,0.00043778582713766635
581,0,1,0.109454991405922,0.00043781996562368804
7418,8,1,0.10876799801727546,0.00043507199206910187
3852,2,1,0.10947791413059729,0.00043791165652238916
6000,8,1,0.10945323319528275,0.00043781293278113097
672,6,1,0.10947778733312358,0.0004379111493324943
3293,1,1,0.10947790996300659,0.00043791163985202637
4850,1,1,0.10947786765246395,0.0004379114706098558
4749,2,1,0.1094776953175108,0.0004379107812700432
1836,4,0,0.10056132609625172,0.00040224530438500686
7615,5,1,0.08826542084112922,0.0003530616833645169
1844,9,1,0.10947771539321435,0.0004379108615728574
6062,3,1,0.10947648364807996,0.00043790593459231986
5581,6,1,0.10947525861315291,0.00043790103445261164
2706,3,1,0.10947789269278446,0.00043791157077113785
1612,3,1,0.10902500603141674,0.00043610002412566693
1368,3,1,0.10947791397474281,0.00043791165589897123
978,1,1,0.1094713842637785,0.00043788553705511403
6787,5,1,0.10947791413072043,0.0004379116565228817
8762,8,1,0.10943222255420305,0.00043772889021681223
7404,8,1,0.10947542785509251,0.00043790171142037
3660,0,1,0.10780693850573794,0.0004312277540229518
337,8,1,0.10945817365969075,0.000437832694638763
3807,8,1,0.10947790833367263,0.0004379116333346905
2911,1,1,0.10947787381701886,0.00043791149526807544
2844,4,0,0.10947603203301533,0.0004379041281320613
508,9,1,0.10947791364377131,0.00043791165457508525
7851,0,1,0.10945096819050788,0.00043780387276203155
6533,2,1,0.1094779140753793,0.0004379116563015172
4525,0,1,0.10947328985753205,0.0004378931594301282
4918,3,1,0.1094779108569334,0.0004379116434277336
825,3,1,0.10923644795353264,0.0004369457918141306
2279,9,1,0.10947788388487002,0.0004379115355394801
7013,1,1,0.10947791140180624,0.00043791164560722494
3024,0,1,0.10895256538200297,0.0004358102615280119
2485,6,1,0.10886437683217232,0.00043545750732868925
2900,3,1,0.10947558747181436,0.00043790234988725746
6333,3,1,0.10947781583877733,0.00043791126335510934
5037,0,1,0.10945629696417253,0.0004378251878566901
2608,4,0,0.07587972361619628,0.00030351889446478513
325,1,1,0.10947740740714776,0.000437909629628591
287,0,1,0.10858347706374981,0.0004343339082549992
2188,9,1,0.10947661704352521,0.00043790646817410084
2422,3,1,0.1092457403678764,0.00043698296147150564
3084,3,1,0.09565852199165498,0.0003826340879666199
2971,4,0,0.10939483091968648,0.0004375793236787459
8907,1,1,0.10947697012992182,0.00043790788051968724
7055,8,1,0.10947705946780013,0.00043790823787120053
1716,1,1,0.10944191544436199,0.000437767661777448
9366,2,1,0.10938043234265739,0.00043752172937062955
8803,3,1,0.10947757108640971,0.00043791028434563885
9686,2,1,0.10947785092813692,0.0004379114037125477
1054,1,1,0.10947757338469252,0.0004379102935387701
2489,3,1,0.10941658268941833,0.0004376663307576733
333,6,1,0.10930206410835187,0.0004372082564334075
1874,8,1,0.10920301802643069,0.0004368120721057228
4049,4,0,0.09078152342898729,0.0003631260937159492
1410,1,1,0.10947791173118426,0.00043791164692473706
6640,5,1,0.10947790761793987,0.00043791163047175946
2901,2,1,0.10947790616143821,0.00043791162464575285
7112,2,1,0.10326307043582061,0.0004130522817432825
9529,9,1,0.10947791399584036,0.00043791165598336146
8663,1,1,0.10942548915751991,0.00043770195663007965
7763,4,0,0.10942850227258544,0.0004377140090903417
4822,1,1,0.10947544557485285,0.00043790178229941143
9274,8,1,0.10919137929049802,0.0004367655171619921
6738,0,1,0.10941194930459319,0.00043764779721837274
6868,9,1,0.10925527950485478,0.0004370211180194191
7424,9,1,0.10947581842972304,0.00043790327371889213
347,6,1,0.10842836404652641,0.0004337134561861056
4530,5,1,0.10945448086236115,0.0004378179234494446
6804,9,1,0.10947780189055659,0.00043791120756222633
834,5,1,0.1093961518734487,0.0004375846074937948
4607,1,1,0.1094454055846589,0.0004377816223386356
2166,0,1,0.10947765725206116,0.00043791062900824465
8271,3,1,0.10947753650234598,0.00043791014600938396
2952,3,1,0.10931241308730763,0.00043724965234923053
5307,1,1,0.10947788586468238,0.0004379115434587295
2809,4,0,0.10921761061029703,0.00043687044244118813
3114,2,1,0.10944631820303544,0.00043778527281214174
6824,0,1,0.09452633147868349,0.00037810532591473395
3216,4,0,0.10947777223367361,0.00043791108893469444
2053,6,1,0.10315305717107841,0.00041261222868431365
8669,4,0,0.10625662343905158,0.00042502649375620634
3813,8,1,0.10947565025653384,0.0004379026010261354
1471,8,1,0.1068718609094968,0.0004274874436379872
7905,3,1,0.10928798564649544,0.0004371519425859818
9743,9,1,0.10947778176397875,0.000437911127055915
259,9,1,0.10947791347695604,0.0004379116539078242
7670,2,1,0.10899855410255854,0.0004359942164102342
9846,8,1,0.1093938391396469,0.0004375753565585876
5378,1,1,0.1094522636601848,0.0004378090546407392
4728,7,1,0.10947766520088036,0.0004379106608035214
9414,5,1,0.10946542881914129,0.00043786171527656514
6731,6,1,0.0812017081963686,0.0003248068327854744
8497,4,0,0.10916158085546182,0.0004366463234218473
6788,1,1,0.10926635540139519,0.0004370654216055808
7923,9,1,0.1094640055299055,0.000437856022119622
4675,4,0,0.1094669784789153,0.00043786791391566124
7110,3,1,0.1094650617901707,0.0004378602471606828
524,0,1,0.10944602313374514,0.0004377840925349806
2275,6,1,0.08544016953922967,0.0003417606781569187
1055,5,1,0.1094607705971045,0.000437843082388418
6895,2,1,0.10939707446593694,0.00043758829786374776
4742,8,1,0.10939051905343714,0.00043756207621374854
1718,0,1,0.10947711096359485,0.0004379084438543794
4694,7,1,0.10947791143579434,0.0004379116457431774
5016,6,1,0.10819658195713941,0.00043278632782855765
2619,7,1,0.10947791413068075,0.000437911656522723
2995,4,0,0.09169589122914774,0.00036678356491659097
3416,7,1,0.10947251002192787,0.0004378900400877115
4150,6,1,0.10598558516322601,0.000423942340652904
4756,6,1,0.10265905564835652,0.0004106362225934261
2229,4,0,0.10577027269135146,0.00042308109076540584
8537,0,1,0.10947791413076018,0.0004379116565230407
8269,8,1,0.10933257305120066,0.0004373302922048026
4124,8,1,0.109477914130719,0.000437911656522876
1775,3,1,0.10947764755702051,0.000437910590228082
1832,6,1,0.10866838925209071,0.00043467355700836283
5103,7,1,0.10947691535139459,0.00043790766140557833
5234,7,1,0.10947791367013156,0.00043791165468052624
263,7,1,0.1093918334376015,0.00043756733375040604
3524,5,1,0.10919889798924869,0.00043679559195699473
5966,9,1,0.1094745696480242,0.0004378982785920968
2807,9,1,0.10947791161621998,0.0004379116464648799
9985,5,1,0.1094779133867955,0.000437911653547182
178,5,1,0.10894327830356319,0.0004357731132142528
2923,3,1,0.10947791392276172,0.0004379116556910469
103,3,1,0.10947783852701622,0.00043791135410806484
9570,7,1,0.10947781343433527,0.00043791125373734106
3850,9,1,0.10947779432688153,0.0004379111773075261
3989,2,1,0.07993569713312998,0.0003197427885325199
7009,6,1,0.10943516833408345,0.00043774067333633384
9401,9,1,0.10947361058338224,0.000437894442333529
1042,5,1,0.10520053153739567,0.00042080212614958266
5334,6,1,0.06056348608932803,0.00024225394435731213
662,7,1,0.10947759769063846,0.00043791039076255384
372,9,1,0.10947751751094169,0.00043791007004376675
8664,5,1,0.10947789224192295,0.0004379115689676918
8367,6,1,0.09795693127727591,0.00039182772510910365
4999,1,1,0.10877987890557925,0.000435119515622317
1569,1,1,0.10944957874549865,0.00043779831498199463
2618,5,1,0.10939677729419814,0.0004375871091767926
1693,4,0,0.10947791406954764,0.00043791165627819057
2560,7,1,0.10909567676875534,0.00043638270707502133
9655,8,1,0.10946992487891762,0.00043787969951567044
2286,3,1,0.10947779674343854,0.00043791118697375416
5594,9,1,0.10947765165578921,0.00043791060662315683
8028,1,1,0.10942938730868296,0.0004377175492347318
8858,6,1,0.10760449462246037,0.0004304179784898415
9179,1,1,0.10947790603736891,0.0004379116241494757
8224,3,1,0.10899278303236216,0.00043597113212944866
9676,3,1,0.10945609615182625,0.000437824384607305
1183,0,1,0.10947698109326646,0.00043790792437306585
7774,0,1,0.1094757902111195,0.000437903160844478
4396,9,1,0.10947791412190445,0.0004379116564876178
2988,5,1,0.10947791412892717,0.0004379116565157087
4755,1,1,0.1093862059605406,0.0004375448238421624
5472,1,1,0.10947769359977876,0.000437910774399115
1507,2,1,0.10947780956643241,0.00043791123826572966
3780,4,0,0.10208678662977631,0.00040834714651910526
9526,9,1,0.10945449838195248,0.00043781799352780995
2716,5,1,0.1094778418674689,0.0004379113674698756
3536,0,1,0.10946891568138775,0.000437875662725551
8000,9,1,0.10947527726458564,0.0004379011090583426
1696,4,0,0.10947791364098645,0.0004379116545639458
435,7,1,0.10918908499672657,0.00043675633998690625
8087,2,1,0.10947789970508597,0.00043791159882034387
9697,8,1,0.10947363071706741,0.00043789452286826966
9495,0,1,0.10947791310764483,0.0004379116524305793
3230,3,1,0.10940968461195288,0.00043763873844781154
3820,0,1,0.10644285673864676,0.00042577142695458705
7688,8,1,0.10484519530550737,0.00041938078122202946
8169,3,1,0.1094697957719524,0.0004378791830878096
2014,8,1,0.10943633375126088,0.0004377453350050435
6250,4,0,0.10947568244453457,0.00043790272977813825
8418,8,1,0.10940952086197027,0.00043763808344788105
646,3,1,0.10928884697935107,0.00043715538791740425
1028,6,1,0.10937277881999873,0.0004374911152799949
18,8,1,0.10945144671790218,0.0004378057868716087
3261,0,1,0.10947790304146472,0.0004379116121658589
5624,1,1,0.10947791128126617,0.00043791164512506467
4900,3,1,0.10947791405657697,0.0004379116562263079
7060,8,1,0.10947754344300632,0.00043791017377202527
1044,8,1,0.10947628035973268,0.00043790512143893073
1115,1,1,0.10947764709625281,0.00043791058838501125
3561,7,1,0.10947791325098856,0.0004379116530039542
1591,1,1,0.10947791413050662,0.00043791165652202644
4198,8,1,0.10947744437714964,0.00043790977750859857
8220,6,1,0.10893699626836127,0.00043574798507344507
1422,8,1,0.10942778201461498,0.0004377111280584599
1102,8,1,0.10946134151223758,0.0004378453660489503
9954,0,1,0.10947791412550457,0.0004379116565020183
8148,9,1,0.10935387693575081,0.00043741550774300327
3040,7,1,0.10947720961624993,0.0004379088384649997
2843,1,1,0.1094773019109518,0.0004379092076438072
5480,1,1,0.10940847671691553,0.0004376339068676621
7997,1,1,0.109471734321174,0.000437886937284696
9511,4,0,0.10944212902878495,0.0004377685161151398
2214,4,0,0.10624988432575265,0.0004249995373030106
3995,7,1,0.10945881953472428,0.0004378352781388971
2891,7,1,0.10947790907933522,0.00043791163631734086
569,2,1,0.10947223974094439,0.0004378889589637776
7367,3,1,0.10947434102132653,0.0004378973640853061
2127,2,1,0.10912591832668478,0.0004365036733067391
3628,3,1,0.10947740573723276,0.00043790962294893104
3630,8,1,0.10929967135329337,0.00043719868541317345
7741,5,1,0.10947764581999443,0.0004379105832799777
4924,7,1,0.10947749740887677,0.0004379099896355071
3136,4,0,0.1029031124317942,0.00041161244972717683
5784,6,1,0.10945203867934526,0.00043780815471738103
2199,2,1,0.10910167397009016,0.00043640669588036063
6439,3,1,0.10733260389873558,0.0004293304155949423
8101,8,1,0.10947790629388776,0.00043791162517555106
4520,3,1,0.10943447227471555,0.0004377378890988622
6882,9,1,0.10947791404235967,0.0004379116561694387
7756,5,1,0.10947791041391178,0.0004379116416556471
5496,4,0,0.10947623843375927,0.00043790495373503705
2960,9,1,0.10947772257327452,0.0004379108902930981
4052,5,1,0.10896567947415342,0.0004358627178966137
2524,3,1,0.10940091819940957,0.0004376036727976383
2063,1,1,0.10926794202701011,0.0004370717681080404
2638,4,0,0.10921795124227494,0.00043687180496909976
410,7,1,0.10871054064835764,0.00043484216259343054
2949,3,1,0.10931355851522094,0.0004372542340608838
4580,6,1,0.09779801993379605,0.0003911920797351842
8494,1,1,0.10919295461144454,0.0004367718184457782
407,1,1,0.1094777454345083,0.0004379109817380332
2612,3,1,0.1094751621645133,0.00043790064865805323
6205,1,1,0.1094678834554541,0.00043787153382181645
1631,1,1,0.10947230119697517,0.0004378892047879007
1644,2,1,0.10942503080473209,0.00043770012321892835
1250,7,1,0.10947391030098254,0.00043789564120393017
2243,3,1,0.10885525827725488,0.0004354210331090195
4350,4,0,0.10934595902003977,0.00043738383608015905
7672,6,1,0.1090969990454527,0.0004363879961818108
2319,7,1,0.10946488552212134,0.0004378595420884854
3711,6,1,0.10876889335837693,0.0004350755734335077
8211,5,1,0.10947791370493411,0.00043791165481973644
225,9,1,0.10947782735527163,0.00043791130942108655
3581,4,0,0.07391912575666776,0.000295676503026671
2754,9,1,0.10944796693525406,0.00043779186774101623
3937,8,1,0.10947751659097835,0.0004379100663639134
5129,2,1,0.10944695727731918,0.0004377878291092767
4238,5,1,0.10947550108527486,0.0004379020043410994
5474,1,1,0.10947704054497856,0.00043790816217991423
9792,8,1,0.10947733543534444,0.00043790934174137776
382,0,1,0.10946573206642092,0.0004378629282656837
8248,1,1,0.10878467301929919,0.0004351386920771967
3352,2,1,0.10946585729951311,0.00043786342919805246
8299,3,1,0.10947761590300198,0.0004379104636120079
4867,9,1,0.10946743506159479,0.00043786974024637913
1293,4,0,0.10941990481762556,0.00043767961927050224
1946,8,1,0.0546993228657394,0.0002187972914629576
2476,8,1,0.10944383515778922,0.00043777534063115686
7524,3,1,0.10947719092409804,0.00043790876369639213
2840,3,1,0.10947791413069824,0.000437911656522793
9690,4,0,0.07620565222649114,0.00030482260890596455
1533,4,0,0.10947251362458758,0.00043789005449835036
5895,6,1,0.10859900855736518,0.0004343960342294607
8242,5,1,0.10947790621854288,0.00043791162487417153
3784,5,1,0.10947791402621251,0.00043791165610485006
48,7,1,0.09649687217851753,0.00038598748871407015
9573,2,1,0.10946758532450519,0.00043787034129802075
9371,8,1,0.10946313366360276,0.00043785253465441104
5643,5,1,0.10947791192211667,0.0004379116476884667
4558,0,1,0.10924844107996314,0.0004369937643198525
8812,0,1,0.10947677624409621,0.00043790710497638486
4009,2,1,0.1060992428357663,0.0004243969713430652
7629,6,1,0.10947776947810339,0.0004379110779124136
9041,5,1,0.10947592680924148,0.00043790370723696594
3633,3,1,0.10947791281826845,0.0004379116512730738
4616,4,0,0.10522169005109404,0.00042088676020437616
8709,1,1,0.10947784773792425,0.000437911390951697
3839,5,1,0.10947635533423514,0.00043790542133694053
4697,5,1,0.10934217004831277,0.0004373686801932511
3823,0,1,0.10947773291602927,0.0004379109316641171
6556,8,1,0.10947368295256701,0.00043789473181026807
1478,7,1,0.10943657368627198,0.0004377462947450879
9878,5,1,0.10895836724287769,0.00043583346897151077
5160,0,1,0.10939297915046704,0.0004375719166018682
9500,9,1,0.10947635866828187,0.0004379054346731275
768,5,1,0.10946971317360073,0.00043787885269440293
8765,2,1,0.10944165939390181,0.00043776663757560724
8268,5,1,0.0941623618695035,0.000376649447478014
2768,5,1,0.10911520977481176,0.00043646083909924707
6918,4,0,0.10928379630174226,0.000437135185206969
2076,3,1,0.10866465489160687,0.0004346586195664275
8945,1,1,0.10947791241547548,0.00043791164966190194
3058,1,1,0.10947668359880439,0.00043790673439521755
327,5,1,0.10946101446798738,0.00043784405787194953
7834,5,1,0.10851253738194562,0.00043405014952778247
261,1,1,0.10947773557362118,0.00043791094229448475
6854,0,1,0.10947782947029916,0.00043791131788119666
7854,3,1,0.10947791369955083,0.0004379116547982033
4864,3,1,0.10936974480058032,0.00043747897920232127
3821,8,1,0.10930625914897893,0.0004372250365959157
3636,4,0,0.10664753705367777,0.0004265901482147111
8978,6,1,0.10501064467831192,0.0004200425787132477
4239,4,0,0.10933782558633189,0.00043735130234532753
5955,5,1,0.10594106909598652,0.0004237642763839461
6872,0,1,0.1094778975258721,0.0004379115901034884
1657,5,1,0.10843895383185119,0.00043375581532740474
6735,9,1,0.1094779135748534,0.0004379116542994136
4865,8,1,0.1094779134370167,0.0004379116537480668
2456,8,1,0.10947789419039926,0.000437911576761597
3275,5,1,0.10947659946252408,0.00043790639785009635
8055,2,1,0.10771036822625689,0.00043084147290502753
3765,0,1,0.10947787680317421,0.00043791150721269684
8385,9,1,0.10947766172979774,0.000437910646919191
9244,7,1,0.1080515079270208,0.0004322060317080832
1811,1,1,0.10939190166992863,0.00043756760667971453
2487,5,1,0.10947791400594993,0.0004379116560237997
8872,8,1,0.109451790008682,0.000437807160034728
705,4,0,0.10694480557311772,0.0004277792222924709
1033,3,1,0.10846260614914378,0.00043385042459657513
4713,1,1,0.10947051912978724,0.00043788207651914893
3532,5,1,0.1094779141269933,0.0004379116565079732
8925,0,1,0.10881728177161865,0.0004352691270864746
8184,6,1,0.1054154441049876,0.0004216617764199504
9925,4,0,0.10737059891382682,0.00042948239565530726
4630,2,1,0.10946389095738823,0.00043785556382955294
9745,3,1,0.10947448006222286,0.00043789792024889144
515,3,1,0.10947785123695908,0.0004379114049478363
5214,1,1,0.10947790506478025,0.000437911620259121
8099,3,1,0.10935742549550388,0.0004374297019820155
7893,1,1,0.10947782297732973,0.00043791129190931896
8637,4,0,0.08476230347370307,0.0003390492138948123
3046,8,1,0.10872161781181905,0.00043488647124727617
2984,2,1,0.10912760516135665,0.0004365104206454266
8531,8,1,0.10946967515267506,0.0004378787006107002
3135,7,1,0.10947683816452601,0.000437907352658104
5224,0,1,0.10947791413076036,0.0004379116565230414
7548,6,1,0.10934645648013984,0.00043738582592055936
8468,6,1,0.09254919755921723,0.00037019679023686893
3950,8,1,0.1094384127563761,0.0004377536510255044
5794,7,1,0.1094779141147228,0.0004379116564588912
1852,2,1,0.10947791413024464,0.00043791165652097856
6100,1,1,0.10947520008178907,0.0004379008003271563
2333,6,1,0.10945951182446076,0.000437838047297843
9467,2,1,0.10947752330548441,0.0004379100932219376
9934,4,0,0.10916689279028678,0.00043666757116114714
8819,0,1,0.10945390043347769,0.0004378156017339108
9819,3,1,0.10947772822970314,0.00043791091291881255
7259,4,0,0.06177869531194671,0.00024711478124778683
7801,4,0,0.10512994088034942,0.0004205197635213977
4906,5,1,0.10945381167814372,0.0004378152467125749
4250,1,1,0.10940097890374831,0.0004376039156149932
740,2,1,0.10947697365686879,0.00043790789462747515
7464,8,1,0.10947676960487673,0.0004379070784195069
9749,0,1,0.10947731660149806,0.00043790926640599226
1674,4,0,0.10815226875744707,0.0004326090750297883
5922,7,1,0.10941667788474345,0.0004376667115389738
8639,7,1,0.10947760674288634,0.0004379104269715454
1154,6,1,0.08390011553612715,0.0003356004621445086
8550,1,1,0.10947783284896474,0.00043791133139585897
7679,6,1,0.09741806728024913,0.0003896722691209965
5663,8,1,0.10933504003296095,0.0004373401601318438
5578,3,1,0.10940324405677178,0.0004376129762270871
236,4,0,0.037609751190521,0.000150439004762084
2001,5,1,0.10947125812987388,0.0004378850325194955
8115,5,1,0.10947177892716572,0.0004378871157086629
9333,0,1,0.10947515534291752,0.00043790062137167007
5262,4,0,0.10941445816454566,0.0004376578326581826
8085,2,1,0.10903402014975976,0.000436136080599039
6774,3,1,0.10947058253194902,0.0004378823301277961
4402,4,0,0.10850968998033005,0.0004340387599213202
4517,8,1,0.10947728818742053,0.0004379091527496821
9907,1,1,0.10947545487883893,0.00043790181951535573
1379,7,1,0.1094767984736332,0.00043790719389453283
79,8,1,0.10947785169073981,0.00043791140676295923
1800,4,0,0.109344780956165,0.00043737912382466
9631,7,1,0.10947786347734344,0.00043791145390937377
3429,0,1,0.1038667761958029,0.0004154671047832116
851,9,1,0.10947786961983973,0.0004379114784793589
8377,8,1,0.10947650846855447,0.0004379060338742179
1468,3,1,0.10947791411937778,0.0004379116564775111
3127,4,0,0.06946802558796339,0.0002778721023518536
4715,9,1,0.10947791329161351,0.000437911653166454
2667,1,1,0.1094779138010446,0.00043791165520417843
2469,9,1,0.10944182873647958,0.0004377673149459183
9580,1,1,0.10918618075923184,0.00043674472303692735
1824,9,1,0.1094274863047028,0.0004377099452188112
2748,1,1,0.10947791413075712,0.0004379116565230285
268,7,1,0.10945756645495465,0.0004378302658198186
3764,1,1,0.1094779139423417,0.0004379116557693668
2747,3,1,0.1094779141241319,0.0004379116564965276
3788,7,1,0.10918386756673298,0.00043673547026693195
5242,0,1,0.10941174456606143,0.0004376469782642457
7989,7,1,0.10947709017211212,0.00043790836068844844
5999,2,1,0.10806251149043897,0.00043225004596175585
8679,8,1,0.10946000755331924,0.0004378400302132769
1986,4,0,0.10843698764391875,0.000433747950575675
8698,6,1,0.0698484564686799,0.0002793938258747196
1194,4,0,0.10947147334829777,0.0004378858933931911
632,6,1,0.10944471263657689,0.00043777885054630753
5087,9,1,0.10947791241437695,0.0004379116496575078
7860,8,1,0.10944491467507785,0.0004377796587003114
4449,9,1,0.1094779089604202,0.0004379116358416808
8281,3,1,0.10947737907261207,0.00043790951629044827
6956,6,1,0.10923548102941484,0.00043694192411765934
8128,7,1,0.10250931274133472,0.0004100372509653389
6704,1,1,0.1094769308164625,0.00043790772326584996
3770,9,1,0.10947791404007566,0.00043791165616030266
5604,1,1,0.10946205554808895,0.0004378482221923558
7889,1,1,0.10947789234112816,0.00043791156936451265
7579,3,1,0.10947773578761426,0.00043791094315045705
5740,6,1,0.0883904197644089,0.0003535616790576356
8932,6,1,0.10947789728715719,0.0004379115891486288
1755,7,1,0.10947791405988408,0.0004379116562395363
3512,4,0,0.08289451796930226,0.00033157807187720906
2959,7,1,0.10947645245544414,0.0004379058098217766
5887,1,1,0.10947173344758176,0.00043788693379032703
4777,5,1,0.10947791067814944,0.00043791164271259774
4308,0,1,0.10938215696311601,0.00043752862785246405
4412,7,1,0.10947735162710415,0.0004379094065084166
8983,3,1,0.10904935072194169,0.00043619740288776675
2475,6,1,0.09205893083397712,0.0003682357233359085
6814,9,1,0.10947791407064823,0.0004379116562825929
4830,3,1,0.10947551610216187,0.00043790206440864747
9290,4,0,0.10528133517443784,0.0004211253406977514
481,6,1,0.09512414642058953,0.0003804965856823581
4786,6,1,0.10947791316539697,0.0004379116526615879
9589,5,1,0.10947791404969597,0.00043791165619878387
7911,2,1,0.1094748470528887,0.00043789938821155476
1952,4,0,0.07749549329050488,0.00030998197316201953
1121,3,1,0.10946064906394613,0.0004378425962557845
9892,5,1,0.10886404127742343,0.0004354561651096937
585,9,1,0.10946610453004488,0.00043786441812017953
1942,2,1,0.10875634758278595,0.0004350253903311438
1361,9,1,0.10947790554539578,0.00043791162218158314
2378,1,1,0.10947777444776279,0.00043791109779105117
2327,1,1,0.10893828550417778,0.0004357531420167111
3682,3,1,0.10927932538933871,0.0004371173015573548
6441,5,1,0.10942946184922002,0.00043771784739688005
7970,3,1,0.10947770207444898,0.00043791080829779595
5422,1,1,0.10947430092476845,0.0004378972036990738
8654,2,1,0.10947076395182001,0.00043788305580728004
3978,2,1,0.10875781089862338,0.00043503124359449354
1524,3,1,0.10935586363387731,0.00043742345453550926
9100,9,1,0.10943613607303336,0.00043774454429213345
9096,9,1,0.10947790744426335,0.0004379116297770534
8807,6,1,0.10875014152028065,0.00043500056608112257
4557,0,1,0.10947540774587025,0.000437901630983481
4812,8,1,0.10947790572134002,0.0004379116228853601
6802,4,0,0.10890801770869082,0.00043563207083476327
9330,4,0,0.10725521554429183,0.00042902086217716734
2291,5,1,0.10947153636493796,0.00043788614545975184
4249,4,0,0.1016376392368599,0.0004065505569474396
4351,8,1,0.10847865546308294,0.00043391462185233176
4223,8,1,0.10946018427266911,0.00043784073709067647
8347,1,1,0.10947791239629862,0.0004379116495851945
2646,3,1,0.10944993702309065,0.0004377997480923626
8869,5,1,0.10944992692252276,0.00043779970769009105
8364,7,1,0.1094775320814887,0.00043791012832595475
3928,3,1,0.10746908808979012,0.0004298763523591605
2391,2,1,0.10451819705067612,0.0004180727882027045
8727,9,1,0.10932146995773616,0.00043728587983094463
5986,3,1,0.10947755180371001,0.00043791020721484
2054,3,1,0.10947614962626713,0.0004379045985050685
1136,9,1,0.10947571459121326,0.00043790285836485304
5628,8,1,0.10947787746089475,0.000437911509843579
5819,2,1,0.1094774583173885,0.000437909833269554
8475,9,1,0.10929113088919473,0.0004371645235567789
4441,1,1,0.10947790285999773,0.0004379116114399909
8235,7,1,0.10947791395222628,0.0004379116558089051
2090,2,1,0.10689457575403295,0.0004275783030161318
5071,1,1,0.10947788877226307,0.0004379115550890523
7394,1,1,0.1089722412302988,0.00043588896492119524
6810,8,1,0.10929601056047683,0.0004371840422419073
6595,2,1,0.10947780924249492,0.0004379112369699797
2232,0,1,0.10947791413010502,0.0004379116565204201
1789,0,1,0.10947631411415291,0.00043790525645661163
1837,9,1,0.1093027843149667,0.00043721113725986684
1514,0,1,0.109074017842397,0.000436296071369588
3940,6,1,0.10939577815148861,0.00043758311260595447
2107,3,1,0.1094773901073535,0.000437909560429414
9123,2,1,0.1094579326813409,0.0004378317307253636
7470,9,1,0.10868331859434052,0.0004347332743773621
1233,4,0,0.10763522539414443,0.0004305409015765777
7737,0,1,0.1094779128919391,0.00043791165156775643
9579,2,1,0.10924699740026725,0.000436987989601069
5912,4,0,0.1083160650885809,0.0004332642603543236
235,0,1,0.10946133842529034,0.00043784535370116137
9940,4,0,0.10947789821692992,0.0004379115928677197
44,0,1,0.10947723345365974,0.000437908933814639
8331,3,1,0.10591205917495915,0.0004236482366998366
8070,5,1,0.1094778413823615,0.000437911365529446
7912,0,1,0.10947221519806889,0.00043788886079227556
3347,9,1,0.10947770169775807,0.00043791080679103227
9712,5,1,0.10947791052697985,0.0004379116421079194
9722,3,1,0.10947789446796297,0.00043791157787185185
8435,3,1,0.10947791405353818,0.0004379116562141527
403,8,1,0.10902549417843925,0.000436101976713757
7309,1,1,0.10947790591507098,0.00043791162366028393
8780,4,0,0.03894437457729788,0.00015577749830919153
1258,1,1,0.1093495679939032,0.0004373982719756128
7879,3,1,0.109144495747354,0.000436577982989416
6874,6,1,0.06405069762315937,0.0002562027904926375
1061,1,1,0.10947560968963584,0.00043790243875854333
4658,1,1,0.10947791413061815,0.0004379116565224726
5826,7,1,0.10946099076957745,0.0004378439630783098
9801,6,1,0.10947786152469167,0.0004379114460987667
3427,6,1,0.10943179082336561,0.00043772716329346247
4908,6,1,0.07997351711982185,0.00031989406847928744
5565,3,1,0.10830359484324004,0.00043321437937296015
4666,0,1,0.10409811454428414,0.00041639245817713655
1424,9,1,0.10947779373296523,0.0004379111749318609
6230,2,1,0.10860916522869302,0.0004344366609147721
6951,9,1,0.10743414743662046,0.0004297365897464818
4290,2,1,0.10947026074996648,0.0004378810429998659
2433,9,1,0.10947783615217502,0.00043791134460870006
6590,5,1,0.10947790251242474,0.000437911610049699
6630,7,1,0.10899028350269241,0.0004359611340107696
2208,4,0,0.10908500603813828,0.0004363400241525531
4770,9,1,0.10947748746494256,0.0004379099498597702
5191,3,1,0.10934914773138753,0.00043739659092555014
7487,1,1,0.10947791369433679,0.00043791165477734717
8027,4,0,0.10893137430219292,0.0004357254972087717
1439,9,1,0.10947789152053937,0.00043791156608215747
4366,2,1,0.10940715182678676,0.00043762860730714703
3204,5,1,0.10947791357964483,0.00043791165431857933
558,3,1,0.10947791406921134,0.00043791165627684534
8692,5,1,0.10936130431502587,0.0004374452172601035
2783,0,1,0.10941779115061183,0.00043767116460244733
6571,5,1,0.10944792630879895,0.0004377917052351958
218,8,1,0.1094609947269047,0.0004378439789076188
4374,0,1,0.10947750316655727,0.0004379100126662291
5839,2,1,0.1032308077424419,0.00041292323096976755
2986,1,1,0.1093690313540164,0.0004374761254160656
1535,4,0,0.10945591794734992,0.00043782367178939966
3456,3,1,0.10944910315793141,0.0004377964126317256
3108,8,1,0.028432477203979997,0.00011372990881591999
3962,4,0,0.10925763124133431,0.00043703052496533724
7149,5,1,0.10945689576772272,0.0004378275830708909
4477,6,1,0.10947719888550939,0.00043790879554203756
5311,9,1,0.10947791391165468,0.00043791165564661873
7885,3,1,0.10942660801732652,0.0004377064320693061
3241,7,1,0.109467314348851,0.000437869257395404
6078,2,1,0.10695096844297247,0.0004278038737718899
5697,1,1,0.10947779082169846,0.00043791116328679384
8969,8,1,0.10923288530028227,0.0004369315412011291
3757,4,0,0.10940610021173033,0.0004376244008469213
5033,3,1,0.10944443182049743,0.0004377777272819897
8777,0,1,0.10930659075681425,0.000437226363027257
714,4,0,0.10944889328267579,0.00043779557313070315
2260,4,0,0.10945933294294032,0.00043783733177176127
406,0,1,0.10947783733157997,0.00043791134932631985
6655,1,1,0.109477914113776,0.000437911656455104
6744,3,1,0.10947791408974382,0.0004379116563589753
5546,7,1,0.10939412079458619,0.00043757648317834473
4227,4,0,0.10944926985732858,0.00043779707942931433
8970,0,1,0.10946872695142935,0.0004378749078057174
3747,9,1,0.10947790796072913,0.00043791163184291656
2094,5,1,0.10905401503493192,0.0004362160601397277
346,4,0,0.10947751375758386,0.00043791005503033545
3832,7,1,0.10792384543522676,0.00043169538174090707
6056,4,0,0.10937040195799591,0.0004374816078319836
6157,0,1,0.10946418547762124,0.00043785674191048496
1882,1,1,0.1094493271473381,0.0004377973085893524
5963,9,1,0.1094682649133916,0.0004378730596535664
601,5,1,0.10947789459617668,0.00043791157838470675
8815,3,1,0.10947791411704648,0.00043791165646818594
9268,7,1,0.10592845833858221,0.00042371383335432884
9957,0,1,0.10947790200511692,0.0004379116080204677
9941,1,1,0.10947765440219681,0.00043791061760878726
7699,9,1,0.10946339023188702,0.00043785356092754805
6878,5,1,0.10947762820637917,0.00043791051282551666
8479,4,0,0.10936756977231693,0.0004374702790892677
3303,8,1,0.10945184813562192,0.0004378073925424877
5076,5,1,0.10912013026411603,0.00043648052105646414
5198,3,1,0.10947784603775092,0.0004379113841510037
5989,8,1,0.10946054373762522,0.0004378421749505009
4468,9,1,0.10932099725536154,0.0004372839890214462
6760,5,1,0.1094778464080197,0.0004379113856320788
9109,3,1,0.10939065143900735,0.0004375626057560294
8426,9,1,0.1094657765449748,0.0004378631061798992
9086,0,1,0.10914107670337853,0.0004365643068135141
7316,1,1,0.10947791411409084,0.00043791165645636336
6376,8,1,0.10947687665118187,0.0004379075066047275
1092,6,1,0.10944449480646237,0.0004377779792258495
9576,3,1,0.10947756691053813,0.00043791026764215254
596,7,1,0.10843063178626206,0.0004337225271450482
6664,4,0,0.10843291888823937,0.0004337316755529575
3622,5,1,0.10940930486180364,0.0004376372194472146
1035,6,1,0.10853682426890496,0.0004341472970756198
4654,7,1,0.10914421604270941,0.00043657686417083763
5442,2,1,0.10947785577683686,0.0004379114231073474
179,0,1,0.10947774208021079,0.0004379109683208431
2781,7,1,0.10946220441895398,0.0004378488176758159
5463,5,1,0.10944587026600906,0.00043778348106403623
7882,7,1,0.10928639895405633,0.0004371455958162253
6725,8,1,0.10947782150742529,0.00043791128602970115
1083,2,1,0.10859111087601218,0.0004343644435040487
271,3,1,0.10947556910346053,0.0004379022764138421
4537,3,1,0.10923457699096709,0.0004369383079638683
3182,8,1,0.10947615810665974,0.00043790463242663897
7478,7,1,0.10947790416529068,0.00043791161666116276
4548,0,1,0.10947791407550787,0.00043791165630203147
5620,3,1,0.10886039071719793,0.00043544156286879173
2851,4,0,0.08168088312959003,0.0003267235325183601
7437,3,1,0.10626487874768055,0.0004250595149907222
7621,8,1,0.10946342147801687,0.00043785368591206747
7199,1,1,0.10947752483662919,0.00043791009934651676
5158,4,0,0.10140176940569308,0.0004056070776227723
8596,1,1,0.10947118229518613,0.0004378847291807445
6020,6,1,0.1090761920368522,0.00043630476814740884
2032,4,0,0.10625810818378424,0.00042503243273513694
6599,2,1,0.09421249006927819,0.0003768499602771128
2082,2,1,0.10611344909451026,0.000424453796378041
9211,1,1,0.1094779130570117,0.0004379116522280468
3052,3,1,0.1088621952825882,0.0004354487811303528
7853,3,1,0.10819699340791103,0.00043278797363164413
5676,6,1,0.10504238486731038,0.0004201695394692415
4973,1,1,0.10947791067920865,0.0004379116427168346
258,0,1,0.10947087193755431,0.00043788348775021724
2991,3,1,0.10947027864776798,0.0004378811145910719
9079,1,1,0.10941380448055953,0.0004376552179222381
7607,0,1,0.1094722487513481,0.0004378889950053924
540,1,1,0.10947766671804457,0.00043791066687217826
6092,5,1,0.1094775834478201,0.00043791033379128044
9045,0,1,0.10947791413059418,0.00043791165652237675
7362,9,1,0.1094723411242887,0.0004378893644971548
1782,3,1,0.10946498765190832,0.00043785995060763327
4545,3,1,0.10945702506518296,0.0004378281002607318
5607,6,1,0.10947791361893211,0.0004379116544757284
3026,5,1,0.10938697647915852,0.00043754790591663407
3929,3,1,0.10947781320639074,0.000437911252825563
4190,3,1,0.10945487503183278,0.00043781950012733114
8368,6,1,0.09898654144111324,0.00039594616576445294
3240,4,0,0.10939734555757068,0.0004375893822302827
7268,3,1,0.10947654496998312,0.00043790617987993246
9914,8,1,0.10947788738081307,0.0004379115495232523
9774,5,1,0.10604932735992528,0.00042419730943970115
3271,5,1,0.1060911188732529,0.0004243644754930116
1681,5,1,0.06031777557162183,0.00024127110228648732
1145,4,0,0.09628840335407937,0.0003851536134163175
6340,3,1,0.10947785625230727,0.00043791142500922907
6021,3,1,0.10947790944195625,0.000437911637767825
8285,9,1,0.10947775671306256,0.00043791102685225027
712,8,1,0.10937868076759716,0.0004375147230703886
4380,9,1,0.10947790242320306,0.0004379116096928122
6343,8,1,0.10940330560154297,0.0004376132224061719
5250,7,1,0.10947685471227804,0.00043790741884911215
2924,1,1,0.10936710978699063,0.0004374684391479625
2397,5,1,0.10947791365099079,0.00043791165460396313
3186,7,1,0.10942091400227652,0.0004376836560091061
5670,4,0,0.10936672181786757,0.0004374668872714703
7428,0,1,0.10947611893452917,0.0004379044757381167
1184,6,1,0.10182336657399521,0.00040729346629598086
9692,9,1,0.10947790105892717,0.0004379116042357087
1785,0,1,0.10934544682197204,0.0004373817872878882
8093,7,1,0.10946605270390854,0.00043786421081563415
105,1,1,0.1094779141307301,0.0004379116565229204
908,8,1,0.10907607885559864,0.00043630431542239457
9960,2,1,0.1094778865204745,0.000437911546081898
5183,4,0,0.1093750950096821,0.00043750038003872836
8585,9,1,0.1094778856371013,0.0004379115425484052
2597,2,1,0.10947602231644986,0.0004379040892657994
3082,7,1,0.10932947837938563,0.00043731791351754254
746,6,1,0.10320988148645206,0.00041283952594580825
6995,1,1,0.10946533740222619,0.00043786134960890476
1182,1,1,0.10770123810535354,0.00043080495242141416
5458,3,1,0.10764693453758416,0.0004305877381503366
7389,6,1,0.10947366804515471,0.0004378946721806188
46,3,1,0.10947561520651666,0.00043790246082606665
8673,9,1,0.10947789945145114,0.00043791159780580456
137,7,1,0.10946916589511109,0.00043787666358044436
301,6,1,0.10931309014512947,0.00043725236058051787
9616,5,1,0.10947790232939872,0.0004379116093175949
8781,6,1,0.10533571515043283,0.0004213428606017313
7294,5,1,0.10760719736265591,0.00043042878945062364
987,1,1,0.10947664730381329,0.00043790658921525314
4455,8,1,0.10947785136246004,0.0004379114054498401
4260,8,1,0.10947785905673517,0.00043791143622694067
3862,4,0,0.10897576854530495,0.00043590307418121983
8103,7,1,0.10947707645974823,0.00043790830583899295
8940,6,1,0.10947791410378606,0.0004379116564151442
2685,2,1,0.10368734193327889,0.00041474936773311556
2521,9,1,0.10943369972523037,0.0004377347989009215
1594,3,1,0.10796455945154516,0.00043185823780618064
265,8,1,0.10947372027648486,0.00043789488110593944
3464,9,1,0.10947791407856826,0.00043791165631427303
7941,5,1,0.10769356385748706,0.0004307742554299482
7311,1,1,0.10947294080094966,0.00043789176320379865
6125,8,1,0.10947791412298392,0.0004379116564919357
7335,4,0,0.10946382910519424,0.00043785531642077696
9487,1,1,0.1091745939767975,0.00043669837590719
7159,6,1,0.10942987932934735,0.0004377195173173894
8250,6,1,0.10935979909303632,0.0004374391963721453
2222,6,1,0.10525212263241342,0.0004210084905296537
9386,4,0,0.0667075589254519,0.0002668302357018076
3956,3,1,0.08074486905457882,0.0003229794762183153
194,7,1,0.10842383137264894,0.00043369532549059574
7282,1,1,0.10947784041521044,0.00043791136166084177
3722,7,1,0.1094778632549571,0.00043791145301982844
5225,0,1,0.10928776182547058,0.0004371510473018823
355,7,1,0.10947753756836466,0.0004379101502734586
3010,6,1,0.10943948738689821,0.00043775794954759283
3442,6,1,0.10947791413067139,0.00043791165652268553
7173,1,1,0.10947789991818067,0.0004379115996727227
1684,1,1,0.10947790957106611,0.00043791163828426445
5998,7,1,0.10940703971984742,0.00043762815887938964
2318,2,1,0.09218394475378276,0.0003687357790151311
397,3,1,0.10947717332872756,0.00043790869331491024
1131,1,1,0.10947790556726317,0.00043791162226905267
3044,7,1,0.1077445343799321,0.0004309781375197284
380,6,1,0.09686191477396357,0.00038744765909585425
7726,4,0,0.10811164126182428,0.0004324465650472971
5222,5,1,0.10947761473502929,0.00043791045894011715
5865,6,1,0.10893496291360123,0.0004357398516544049
2999,6,1,0.10619756069605514,0.00042479024278422055
8891,9,1,0.10947658116656102,0.0004379063246662441
923,9,1,0.1094655671400894,0.0004378622685603576
5382,0,1,0.10947673536517541,0.0004379069414607016
3592,7,1,0.10919763775579276,0.00043679055102317104
5598,1,1,0.10947791413075635,0.00043791165652302537
8003,4,0,0.10947791343438998,0.00043791165373755994
8015,8,1,0.10942881140385957,0.0004377152456154383
1854,5,1,0.10947641475839168,0.0004379056590335667
7959,5,1,0.10946782585494971,0.00043787130341979883
8736,3,1,0.10907149449847899,0.00043628597799391596
8532,3,1,0.10932728602998543,0.0004373091441199417
1052,0,1,0.10940228442255462,0.0004376091376902185
3789,9,1,0.10947784640911,0.00043791138563644
4398,4,0,0.10921335671951199,0.00043685342687804795
3988,1,1,0.10942927754891614,0.00043771711019566456
5609,5,1,0.10790739375015691,0.0004316295750006277
95,6,1,0.1093420536087459,0.0004373682144349836
5453,2,1,0.10947486053419436,0.00043789944213677744
5205,8,1,0.10947791075859306,0.00043791164303437225
2980,8,1,0.10946466674174862,0.0004378586669669945
9236,9,1,0.10947750971563462,0.00043791003886253847
7955,9,1,0.1094759424506423,0.0004379037698025692
9392,0,1,0.10947791413075987,0.00043791165652303947
8675,7,1,0.10947763323786115,0.0004379105329514446
9578,3,1,0.10946397175308493,0.00043785588701233973
5356,7,1,0.1094774767976397,0.0004379099071905588
9040,2,1,0.10947766260734158,0.00043791065042936636
7530,2,1,0.10303084368439508,0.0004121233747375803
292,6,1,0.09634758602788636,0.00038539034411154546
5637,7,1,0.10817274611829028,0.00043269098447316115
1905,3,1,0.10947774460603352,0.00043791097842413404
920,6,1,0.10946696129306437,0.00043786784517225747
5432,9,1,0.10947791403244346,0.00043791165612977386
7063,1,1,0.10947789974394258,0.0004379115989757703
1672,6,1,0.10938545925753065,0.0004375418370301226
9329,7,1,0.10947742479470014,0.0004379096991788006
2516,2,1,0.10947675522259398,0.00043790702089037593
324,4,0,0.10947751929115838,0.00043791007716463353
1426,7,1,0.10857050225497616,0.00043428200901990464
5005,5,1,0.10946043765395203,0.00043784175061580813
5298,5,1,0.10947789611598956,0.0004379115844639582
2745,8,1,0.10947791409860985,0.00043791165639443943
1021,1,1,0.10559067488137355,0.0004223626995254942
3379,5,1,0.10877344502909932,0.00043509378011639727
2657,7,1,0.1094643892783323,0.0004378575571133292
5855,7,1,0.10947782684537098,0.0004379113073814839
5856,3,1,0.10945776504843396,0.00043783106019373586
6830,1,1,0.10947783527298097,0.0004379113410919239
1241,0,1,0.10947790676904164,0.0004379116270761665
227,4,0,0.10941055625072364,0.0004376422250028946
5799,1,1,0.10947791370141535,0.00043791165480566144
6425,2,1,0.1094752973501013,0.00043790118940040517
4626,5,1,0.10947482730187191,0.00043789930920748763
5326,7,1,0.10947791413074673,0.00043791165652298694
9125,1,1,0.10936918296330603,0.0004374767318532241
7612,7,1,0.10947791412913288,0.00043791165651653154
8458,5,1,0.10947789334849745,0.00043791157339398976
4021,9,1,0.10947789803599017,0.0004379115921439607
6695,4,0,0.09315487556863739,0.00037261950227454957
6721,7,1,0.10947789747090639,0.00043791158988362554
4174,2,1,0.1094779140866738,0.00043791165634669523
9084,5,1,0.10947790349072432,0.0004379116139628973
7552,4,0,0.10937334633478536,0.00043749338533914146
5631,6,1,0.10329358597347245,0.0004131743438938898
2343,6,1,0.10944778257021152,0.0004377911302808461
7786,9,1,0.10947707990139792,0.0004379083196055917
8113,6,1,0.10596653849092146,0.00042386615396368583
7980,3,1,0.1092809250651148,0.0004371237002604592
6313,9,1,0.10947769313717337,0.0004379107725486935
8118,4,0,0.10929126508507958,0.00043716506034031835
3993,6,1,0.07442713539304888,0.0002977085415721955
8962,5,1,0.10947791381343458,0.00043791165525373834
9675,4,0,0.10845264947300515,0.0004338105978920206
5737,9,1,0.1094779136797481,0.00043791165471899243
8436,5,1,0.10944612771902412,0.0004377845108760965
1160,8,1,0.10947192272348293,0.0004378876908939317
2287,2,1,0.10936802207021323,0.00043747208828085295
3003,2,1,0.1094778734380598,0.0004379114937522392
2089,7,1,0.10947791399155975,0.000437911655966239
7107,2,1,0.10073541053950577,0.0004029416421580231
2736,8,1,0.10947769220318097,0.0004379107688127239
6619,0,1,0.10947779972075669,0.0004379111988830268
4120,4,0,0.10947707189437052,0.00043790828757748205
4997,3,1,0.10947791292663903,0.0004379116517065561
2300,3,1,0.1046521746178169,0.0004186086984712676
2904,7,1,0.10938506865718926,0.00043754027462875706
6870,7,1,0.10946984708631903,0.00043787938834527614
9322,2,1,0.1094777214951819,0.0004379108859807276
5680,2,1,0.10947790736787395,0.0004379116294714958
1940,5,1,0.10947791411698976,0.00043791165646795907
2922,3,1,0.10946582594126775,0.00043786330376507096
1335,1,1,0.10947789105637433,0.0004379115642254973
4339,7,1,0.10942396512493266,0.00043769586049973065
4496,8,1,0.10947791390625121,0.00043791165562500484
7706,8,1,0.10944712994257877,0.0004377885197703151
4949,1,1,0.1094219795494981,0.0004376879181979924
3331,8,1,0.10559239462601783,0.00042236957850407133
4348,8,1,0.10940289653880846,0.0004376115861552338
1924,9,1,0.10947791260152379,0.00043791165040609517
9148,3,1,0.1094720226936589,0.0004378880907746356
3531,8,1,0.10947427488607864,0.00043789709954431455
6930,2,1,0.10940502928444532,0.00043762011713778125
3507,4,0,0.10795419098111136,0.00043181676392444547
8868,4,0,0.10947417328514734,0.00043789669314058937
2379,0,1,0.10947786019381872,0.00043791144077527487
6498,4,0,0.108966387890915,0.00043586555156366005
6200,3,1,0.10947731100171303,0.0004379092440068521
9341,2,1,0.10928238312722416,0.00043712953250889665
1918,2,1,0.10947677679544923,0.00043790710718179693
559,2,1,0.011560516222650058,4.624206489060023e-05
6418,0,1,0.10899454216776455,0.0004359781686710582
3260,7,1,0.10947787053788365,0.0004379114821515346
2428,6,1,0.1093580361958147,0.0004374321447832588
525,5,1,0.10933312552038858,0.0004373325020815543
4647,1,1,0.10947766910422445,0.00043791067641689777
9475,2,1,0.08515824665925101,0.00034063298663700403
7349,3,1,0.10946142542421493,0.0004378457016968597
7768,8,1,0.10947383420449931,0.00043789533681799726
564,2,1,0.10782581463522858,0.00043130325854091433
984,7,1,0.10947700663501017,0.0004379080265400407
6223,7,1,0.10945831122249045,0.00043783324488996176
9524,4,0,0.10836848922858296,0.0004334739569143318
665,8,1,0.10931674376005515,0.0004372669750402206
4689,1,1,0.109442887062966,0.000437771548251864
3377,7,1,0.10947166947130041,0.00043788667788520165
4094,3,1,0.10947791293839186,0.00043791165175356743
7608,5,1,0.10255259345866868,0.00041021037383467474
8489,1,1,0.10947768512167487,0.0004379107404866995
7035,1,1,0.10934804047658736,0.00043739216190634943
9641,6,1,0.10946467258271846,0.0004378586903308738
7320,8,1,0.10947791132271319,0.00043791164529085274
5797,5,1,0.10942424250161088,0.00043769697000644355
4099,4,0,0.1089324810146612,0.0004357299240586448
5864,9,1,0.1094465993276702,0.0004377863973106808
5056,1,1,0.10947680280127814,0.00043790721120511256
3460,1,1,0.10947193006313882,0.0004378877202525553
7861,0,1,0.10043410111192341,0.00040173640444769363
3794,1,1,0.1094779137808463,0.0004379116551233852
9783,2,1,0.10946954761926332,0.0004378781904770533
5012,6,1,0.10375311807154447,0.00041501247228617786
3144,1,1,0.10947780930423712,0.0004379112372169485
6964,5,1,0.1094779141260501,0.00043791165650420037
5490,3,1,0.10915001251889764,0.0004366000500755905
6931,5,1,0.1094689282847684,0.00043787571313907357
5300,9,1,0.10947739553049819,0.00043790958212199275
4060,6,1,0.10947460875024584,0.00043789843500098336
547,6,1,0.10945977115528455,0.0004378390846211382
9559,1,1,0.10947791376172282,0.00043791165504689127
7313,3,1,0.1094482187900226,0.0004377928751600904
6520,6,1,0.1057248978919895,0.000422899591567958
5507,6,1,0.10740305985163134,0.00042961223940652537
4202,0,1,0.1086315710388333,0.0004345262841553332
6158,7,1,0.10456373960269956,0.0004182549584107982
8213,6,1,0.10944630528058978,0.00043778522112235914
6051,4,0,0.09325833595831115,0.0003730333438332446
5769,3,1,0.1093899201866954,0.0004375596807467816
3221,5,1,0.10947529248993612,0.0004379011699597445
9430,6,1,0.09670120057531711,0.0003868048023012685
9648,3,1,0.10947790959993715,0.0004379116383997486
9393,4,0,0.10911076966469815,0.0004364430786587926
7043,6,1,0.10933722448725239,0.00043734889794900953
2114,2,1,0.10947791039834165,0.00043791164159336657
3665,7,1,0.10893639860298195,0.0004357455944119278
4388,2,1,0.10947791398710102,0.0004379116559484041
4158,7,1,0.08388984254099352,0.0003355593701639741
9831,2,1,0.10947782789445197,0.0004379113115778079
9936,8,1,0.10947791396625613,0.0004379116558650245
1334,3,1,0.10938576843059318,0.0004375430737223727
847,0,1,0.10947134512591701,0.000437885380503668
421,5,1,0.10947205515654614,0.0004378882206261845
2178,3,1,0.10947791286964777,0.00043791165147859105
9113,1,1,0.10946398170656767,0.0004378559268262707
5053,7,1,0.10947768508429719,0.00043791074033718876
8345,9,1,0.10947733984714315,0.0004379093593885726
6187,0,1,0.1094778942030305,0.000437911576812122
2251,6,1,0.10945839306641204,0.00043783357226564817
2470,7,1,0.1094779077127277,0.00043791163085091076
5413,3,1,0.10947786312606697,0.00043791145250426786
29,6,1,0.10746596081697925,0.000429863843267917
8686,9,1,0.10947775345851225,0.000437911013834049
129,2,1,0.10905042034469324,0.00043620168137877295
1851,0,1,0.10947789571408237,0.0004379115828563295
4300,8,1,0.10945455164053049,0.00043781820656212193
5636,4,0,0.10947784066120032,0.0004379113626448013
2427,5,1,0.10947272171592627,0.0004378908868637051
7056,2,1,0.10947788771959129,0.00043791155087836514
8680,3,1,0.10944108341473542,0.00043776433365894167
7490,4,0,0.10935810517772036,0.00043743242071088147
7600,8,1,0.10914679377553262,0.00043658717510213044
7038,0,1,0.09845821246569482,0.00039383284986277926
8142,7,1,0.10375711391393534,0.0004150284556557414
6263,2,1,0.10217434694190357,0.00040869738776761426
9575,5,1,0.10946912463223615,0.0004378764985289446
6767,1,1,0.10942359379388393,0.00043769437517553574
7398,5,1,0.10947791101207249,0.00043791164404829
1798,4,0,0.10553075062127834,0.00042212300248511335
757,8,1,0.1089853103147548,0.0004359412412590192
205,3,1,0.10843308947824848,0.00043373235791299393
8422,2,1,0.1087944388391261,0.00043517775535650437
1024,3,1,0.10946825947899133,0.0004378730379159653
3631,0,1,0.10947790670862458,0.0004379116268344983
5751,4,0,0.10811872969097512,0.0004324749187639005
6204,4,0,0.10884884562234984,0.00043539538248939935
22,4,0,0.10536955945810927,0.0004214782378324371
910,5,1,0.10943440990401386,0.00043773763961605543
3945,5,1,0.10942060699433552,0.0004376824279773421
7910,3,1,0.10947747532044097,0.0004379099012817639
9821,4,0,0.10873597306574298,0.0004349438922629719
7792,9,1,0.10931754340080325,0.00043727017360321304
1186,4,0,0.04389243156864317,0.00017556972627457267
5181,1,1,0.10947791412655866,0.00043791165650623466
544,5,1,0.10839737200458513,0.00043358948801834054
7739,9,1,0.10947774353489301,0.000437910974139572
3424,5,1,0.10947770414648561,0.00043791081658594243
5027,0,1,0.10947791412129235,0.00043791165648516937
4240,7,1,0.10947581368066685,0.0004379032547226674
8255,9,1,0.10947294680779253,0.0004378917872311701
6379,8,1,0.1094755452982137,0.00043790218119285477
5055,0,1,0.10947767482994894,0.00043791069931979577
4450,0,1,0.10904952575834126,0.00043619810303336504
8650,2,1,0.10947479089809355,0.0004378991635923742
8914,4,0,0.10792111961524671,0.00043168447846098686
5568,7,1,0.1094719924251227,0.00043788796970049083
9824,1,1,0.10947787292992568,0.00043791149171970275
4571,4,0,0.036303363632406146,0.0001452134545296246
7226,7,1,0.10947167438826642,0.00043788669755306567
7715,1,1,0.10947790849254266,0.0004379116339701706
5752,3,1,0.10947585861492913,0.00043790343445971653
2204,9,1,0.1094703995646478,0.0004378815982585912
8333,1,1,0.10942603442354493,0.0004377041376941797
2943,1,1,0.1094470496457383,0.0004377881985829532
6888,4,0,0.08882705883437718,0.00035530823533750874
212,5,1,0.10947791116842734,0.00043791164467370936
6586,6,1,0.10914441481552711,0.00043657765926210845
7639,9,1,0.10947787576488224,0.00043791150305952896
3291,5,1,0.10947791411482537,0.00043791165645930144
922,9,1,0.10945736783135603,0.0004378294713254241
1556,8,1,0.1094728280504005,0.000437891312201602
5694,5,1,0.10947791413048368,0.0004379116565219347
2157,3,1,0.10944113295357,0.00043776453181428
8935,0,1,0.10943637517393602,0.0004377455006957441
1765,4,0,0.1018238338582201,0.0004072953354328804
7712,5,1,0.10946570568347119,0.0004378628227338848
6139,9,1,0.10947769277505662,0.0004379107711002265
4410,9,1,0.10945964748516532,0.0004378385899406613
1147,6,1,0.10947672497765372,0.0004379068999106149
3963,1,1,0.10947791127010621,0.00043791164508042487
4416,4,0,0.09536646355198736,0.00038146585420794943
6639,1,1,0.10947791360674185,0.0004379116544269674
2297,7,1,0.10947761178126764,0.00043791044712507054
8379,8,1,0.10947776732077992,0.0004379110692831197
7406,7,1,0.10918772503691362,0.0004367509001476545
4863,1,1,0.10947780121224447,0.00043791120484897787
580,4,0,0.10308317653926304,0.00041233270615705217
4331,2,1,0.10926233935130439,0.0004370493574052176
2666,6,1,0.10947759449043808,0.0004379103779617523
5046,5,1,0.10845352585581272,0.0004338141034232509
2784,1,1,0.10946257083848435,0.00043785028335393736
3475,0,1,0.09416900500745037,0.0003766760200298015
8990,1,1,0.10947788110147359,0.0004379115244058944
3662,6,1,0.10923342314020996,0.00043693369256083987
1586,5,1,0.10857526550332233,0.0004343010620132893
1611,3,1,0.10932499283086013,0.0004372999713234405
5147,3,1,0.10944236488779037,0.00043776945955116146
3195,5,1,0.04838062055622954,0.00019352248222491815
2883,2,1,0.04312154538365702,0.00017248618153462808
2207,3,1,0.10911382136217546,0.0004364552854487018
8516,8,1,0.10898808579631518,0.00043595234318526073
5633,4,0,0.1094776339091987,0.00043791053563679475
7700,6,1,0.10293359012994613,0.0004117343605197845
1159,8,1,0.10947538028391092,0.0004379015211356437
9530,6,1,0.10947790038950171,0.00043791160155800683
1666,6,1,0.08459596437051786,0.00033838385748207145
5162,7,1,0.1094772896637788,0.0004379091586551152
8210,0,1,0.10850388978089884,0.00043401555912359535
1093,0,1,0.10931331846452513,0.00043725327385810055
694,8,1,0.10938490005912334,0.00043753960023649335
3551,0,1,0.1094777931192426,0.0004379111724769704
7336,5,1,0.10509132302280556,0.00042036529209122227
8334,6,1,0.07872237164862948,0.00031488948659451793
9127,8,1,0.10945436607127652,0.0004378174642851061
7099,3,1,0.10901413130487783,0.0004360565252195113
981,9,1,0.10947784974635154,0.00043791139898540616
6194,1,1,0.10947791310081999,0.00043791165240328
3208,9,1,0.10947675690931012,0.0004379070276372405
7352,3,1,0.10947791226806859,0.00043791164907227436
6576,7,1,0.10947791357303215,0.0004379116542921286
6311,3,1,0.10947773605325652,0.0004379109442130261
4089,5,1,0.10928975682327262,0.0004371590272930905
2376,7,1,0.1094766876787221,0.00043790675071488837
6683,5,1,0.10947538812749162,0.00043790155250996647
9603,2,1,0.10908709683968375,0.000436348387358735
6847,8,1,0.10947752736822566,0.00043791010947290265
4251,8,1,0.10946429383288767,0.00043785717533155065
9693,6,1,0.10932634012861871,0.0004373053605144748
4326,7,1,0.10943700522831967,0.0004377480209132787
7855,2,1,0.10769685682937245,0.0004307874273174898
7824,9,1,0.1094778905856635,0.00043791156234265397
8004,7,1,0.10947791408710536,0.00043791165634842144
8794,5,1,0.10913551309793286,0.00043654205239173147
8050,7,1,0.10946567017939715,0.0004378626807175886
7254,2,1,0.10947771924308626,0.000437910876972345
7558,2,1,0.10844999067991216,0.00043379996271964864
707,9,1,0.10947543304545707,0.0004379017321818283
3640,6,1,0.10654766337690068,0.0004261906535076027
5576,5,1,0.10946016748305971,0.00043784066993223886
9200,8,1,0.10941097223130045,0.00043764388892520177
8380,9,1,0.10947791392874763,0.0004379116557149905
3218,9,1,0.10947772479483667,0.00043791089917934666
6413,6,1,0.1094690375598077,0.0004378761502392308
9583,9,1,0.10941665690894628,0.0004376666276357851
859,8,1,0.10947735178591357,0.0004379094071436543
9613,4,0,0.10529226041179898,0.00042116904164719594
2912,2,1,0.10905598935772717,0.0004362239574309087
3676,9,1,0.10938388776773536,0.00043753555107094145
1313,1,1,0.1094694588059314,0.0004378778352237256
2396,1,1,0.10947780019013051,0.00043791120076052206
7732,7,1,0.10947682959828317,0.0004379073183931327
4107,3,1,0.10947791399846307,0.0004379116559938523
2898,8,1,0.10947505881450745,0.00043790023525802976
1329,5,1,0.10916685573626297,0.0004366674229450519
1762,4,0,0.08274088353473788,0.00033096353413895153
67,2,1,0.1094774582603126,0.0004379098330412504
5101,5,1,0.1094488598412432,0.0004377954393649728
2817,9,1,0.10947317822367285,0.0004378927128946914
7616,0,1,0.10943875106650572,0.0004377550042660229
1249,4,0,0.10897687008705512,0.0004359074803482205
6663,0,1,0.10947722940997333,0.0004379089176398933
3719,5,1,0.10943312971142867,0.0004377325188457147
9802,0,1,0.10947786090285692,0.0004379114436114277
4375,3,1,0.10908072291564241,0.0004363228916625697
1345,4,0,-0.032753066999454836,-0.00013101226799781934
9867,8,1,0.1094633865500403,0.0004378535462001612
4712,4,0,0.10907721788982894,0.00043630887155931576
7094,4,0,0.10159456619815306,0.00040637826479261225
6617,4,0,0.10947729641634686,0.00043790918566538747
6636,2,1,0.031515011434709944,0.00012606004573883977
610,6,1,0.1091448386307076,0.0004365793545228304
3036,9,1,0.1094746910305587,0.00043789876412223477
699,5,1,0.1092969492834272,0.0004371877971337088
5346,7,1,0.10947788218701049,0.00043791152874804196
5619,8,1,0.10947789609886291,0.00043791158439545166
2431,8,1,0.10513727465499137,0.0004205490986199655
7186,2,1,0.1094777934940778,0.0004379111739763112
9071,7,1,0.10947377931340047,0.00043789511725360184
6783,3,1,0.10942427643973468,0.00043769710575893874
6507,4,0,0.10946428198439685,0.0004378571279375874
2587,0,1,0.10947655534377582,0.00043790622137510326
335,9,1,0.10946076225835914,0.0004378430490334366
3943,0,1,0.1064453629044157,0.0004257814516176628
6776,8,1,0.10947613416370024,0.0004379045366548009
4826,3,1,0.0948416350439298,0.0003793665401757192
997,1,1,0.1094779102018201,0.0004379116408072804
5313,3,1,0.10947784234902314,0.0004379113693960925
6817,1,1,0.10947779546796232,0.0004379111818718493
3375,4,0,-0.029047805796305212,-0.00011619122318522085
8202,5,1,0.10841199357368368,0.00043364797429473474
3355,5,1,0.10904534126551033,0.0004361813650620413
5014,7,1,0.10947490975258954,0.00043789963901035814
3192,5,1,0.10873127797638418,0.0004349251119055367
7914,7,1,0.10862707792868147,0.00043450831171472587
7985,5,1,0.1094775919087392,0.0004379103676349568
1752,5,1,0.10947791412748628,0.0004379116565099451
7832,8,1,0.10945282446455504,0.00043781129785822016
8567,8,1,0.10947771034117422,0.0004379108413646969
3113,3,1,0.10886585144093726,0.000435463405763749
9425,6,1,0.09769350232156089,0.0003907740092862436
1189,0,1,0.107621205869068,0.000430484823476272
8741,1,1,0.10947788062373455,0.0004379115224949382
9126,1,1,0.10947787254227817,0.0004379114901691127
863,3,1,0.1094779106704788,0.0004379116426819152
2200,0,1,0.1093543564388383,0.0004374174257553532
2461,0,1,0.10845783009725335,0.0004338313203890134
7511,0,1,0.10947560329865967,0.0004379024131946387
5026,4,0,0.07862005601344028,0.0003144802240537611
4431,1,1,0.1094779062560145,0.000437911625024058
148,5,1,0.10947791413070164,0.0004379116565228066
9528,0,1,0.10947692156088298,0.0004379076862435319
9681,2,1,0.10695527156924803,0.0004278210862769921
69,7,1,0.10947692727436228,0.00043790770909744913
272,6,1,0.10896448506395269,0.00043585794025581076
5475,0,1,0.10947791386507592,0.0004379116554603037
6294,0,1,0.10943876656811084,0.0004377550662724434
3419,4,0,0.10911058290875987,0.00043644233163503946
8243,4,0,0.10910647614772201,0.00043642590459088803
2875,1,1,0.10947741635892363,0.00043790966543569455
510,5,1,0.10947143733101483,0.00043788574932405934
1680,6,1,0.10235147091527794,0.00040940588366111173
2367,4,0,0.10679174248499633,0.0004271669699399853
5301,7,1,0.10947782267603742,0.0004379112907041497
7205,6,1,0.10928029919728552,0.00043712119678914206
4969,1,1,0.10939773511444197,0.0004375909404577679
2328,7,1,0.10947622490350993,0.0004379048996140397
8054,9,1,0.10947790531411772,0.0004379116212564709
8365,6,1,0.10947791412840582,0.0004379116565136233
6065,5,1,0.10573067631801691,0.00042292270527206764
3535,5,1,0.10854370953103673,0.0004341748381241469
2529,3,1,0.10947495207134227,0.0004378998082853691
5308,9,1,0.10934783598135937,0.0004373913439254375
5523,6,1,0.07738240180944242,0.0003095296072377697
6588,0,1,0.10937580113623331,0.00043750320454493324
933,2,1,0.10947773329091783,0.0004379109331636713
1690,2,1,0.10919311656596266,0.00043677246626385065
8405,0,1,0.10512694574903729,0.0004205077829961492
811,3,1,0.10947790579910215,0.00043791162319640857
647,4,0,0.08166401927636743,0.0003266560771054697
7216,2,1,0.09661205351972152,0.0003864482140788861
7950,9,1,0.109477914106376,0.000437911656425504
4866,9,1,0.10947791412295169,0.00043791165649180675
5174,6,1,0.10584726549717735,0.0004233890619887094
7669,7,1,0.10536391398798141,0.00042145565595192564
3751,7,1,0.10933846534003863,0.0004373538613601545
5877,9,1,0.1094772957951421,0.00043790918318056837
5638,4,0,0.017518108194550117,7.007243277820047e-05
8149,9,1,0.10947791394225721,0.00043791165576902884
8329,8,1,0.10928363532767255,0.00043713454131069017
1885,5,1,0.10925417891061269,0.00043701671564245077
2689,5,1,0.10924939437847843,0.0004369975775139137
13,7,1,0.10947791319944317,0.0004379116527977727
4512,8,1,0.09870644289740428,0.00039482577158961714
807,4,0,0.09503949272359562,0.00038015797089438247
5504,5,1,0.10367310588979121,0.0004146924235591649
378,0,1,0.10591023235035354,0.0004236409294014142
6134,3,1,0.10928768090526403,0.0004371507236210561
4739,6,1,0.10615964312464415,0.0004246385724985766
6857,2,1,0.10945115724361931,0.00043780462897447724
1883,3,1,0.08202853083005969,0.00032811412332023874
7103,0,1,0.10178433993359241,0.00040713735973436964
1965,0,1,0.10947653181180406,0.00043790612724721624
8587,7,1,0.109477909676142,0.000437911638704568
8801,4,0,0.10947791412982247,0.00043791165651928986
956,0,1,0.10931406953131179,0.00043725627812524713
9159,9,1,0.10947791071525637,0.00043791164286102546
8453,9,1,0.10947791270145167,0.0004379116508058067
7263,5,1,0.10947183322245094,0.00043788733288980375
864,0,1,0.10946339599947517,0.0004378535839979007
6873,3,1,0.1089083612876875,0.00043563344515074997
6856,6,1,0.10946524810234877,0.0004378609924093951
2853,9,1,0.10947459859516939,0.00043789839438067757
7695,8,1,0.10886127409357269,0.0004354450963742907
9318,4,0,-0.12082614746412902,-0.0004833045898565161
8440,5,1,0.10947758062275861,0.00043791032249103443
4929,9,1,0.10943722680963518,0.0004377489072385407
7807,3,1,0.10947775774563616,0.00043791103098254463
7925,0,1,0.1094778319424499,0.00043791132776979956
9097,0,1,0.10931949079208479,0.00043727796316833916
7565,1,1,0.10947784971956849,0.000437911398878274
1466,7,1,0.10947790992249208,0.00043791163968996834
8562,2,1,0.10947473732680717,0.0004378989493072287
4186,7,1,0.10947375621474356,0.00043789502485897425
8198,4,0,0.10938662338687305,0.0004375464935474922
5229,5,1,0.1094779077742713,0.0004379116310970852
9143,9,1,0.1094776005741326,0.0004379104022965304
3317,7,1,0.10922774820633276,0.000436910992825331
3896,7,1,0.10947781130282006,0.00043791124521128024
2066,2,1,0.10754509849483077,0.0004301803939793231
7450,1,1,0.10947791373789877,0.00043791165495159505
5034,8,1,0.10946017262546144,0.00043784069050184575
2887,9,1,0.1094778861031082,0.0004379115444124328
2680,0,1,0.10947738368374144,0.0004379095347349657
7542,8,1,0.1094777234531345,0.000437910893812538
6048,1,1,0.10947414667958855,0.0004378965867183542
7339,6,1,0.10947451494654475,0.00043789805978617903
6215,2,1,0.1087167083815813,0.0004348668335263252
8349,4,0,0.10946965764770845,0.00043787863059083383
4000,8,1,0.10919281022118045,0.0004367712408847218
233,8,1,0.10068894763187858,0.0004027557905275143
5872,7,1,0.10947705061972056,0.0004379082024788822
4960,4,0,0.10685092915652662,0.00042740371662610647
3812,9,1,0.10945678132075008,0.00043782712528300034
9622,5,1,0.10946188103161467,0.00043784752412645865
171,9,1,0.10947524034774826,0.00043790096139099304
8898,7,1,0.10919715544997499,0.00043678862179989995
3912,8,1,0.0959872727818945,0.000383949091127578
2005,5,1,0.10947597566167093,0.0004379039026466837
3015,6,1,0.10935612675239947,0.0004374245070095979
5410,3,1,0.10947791278940588,0.00043791165115762356
1780,7,1,0.10947548971633726,0.000437901958865349
8238,1,1,0.109477591643823,0.000437910366575292
7015,3,1,0.10947791316021184,0.0004379116526408474
2572,6,1,0.10944151317739216,0.00043776605270956867
9288,8,1,0.10710820050921005,0.0004284328020368402
9347,8,1,0.10655228086482527,0.0004262091234593011
9931,0,1,0.1092335380368115,0.000436934152147246
849,4,0,0.07148092127211453,0.0002859236850884581
2888,7,1,0.10947506237836863,0.0004379002495134745
4904,9,1,0.10947791407535135,0.0004379116563014054
3280,3,1,0.10849648516997974,0.00043398594067991896
6740,2,1,0.10491415185209259,0.00041965660740837037
255,0,1,0.10945061024677849,0.00043780244098711395
3866,0,1,0.10942917090251215,0.0004377166836100486
5236,0,1,0.10945972466595111,0.0004378388986638044
4397,8,1,0.10919783668443117,0.0004367913467377247
5992,4,0,0.10798337954145416,0.00043193351816581664
6074,4,0,0.10925035841329019,0.00043700143365316076
3381,5,1,0.10947690813222435,0.0004379076325288974
507,9,1,0.10947669920652425,0.000437906796826097
1827,4,0,0.0724316060589574,0.0002897264242358296
5009,7,1,0.10946392830794141,0.00043785571323176565
9427,1,1,0.10947132295397893,0.0004378852918159157
3888,6,1,0.1092621436418281,0.0004370485745673124
8529,0,1,0.10947791407672772,0.00043791165630691087
9271,0,1,0.10921096289723373,0.0004368438515889349
4038,0,1,0.10945911494411582,0.0004378364597764633
1403,6,1,0.10784808662660529,0.00043139234650642116
549,5,1,0.10947791391191684,0.00043791165564766737
3842,8,1,0.10947060420764491,0.00043788241683057966
8297,1,1,0.10947600954929664,0.00043790403819718654
6179,8,1,0.10947652208018026,0.000437906088320721
6305,6,1,0.10732229140972094,0.00042928916563888376
9657,5,1,0.10947371258872012,0.00043789485035488046
5461,0,1,0.10947546479561436,0.0004379018591824574
4221,2,1,0.10319349880764733,0.0004127739952305893
4244,2,1,0.10942713559088027,0.0004377085423635211
6867,6,1,0.10938578700040474,0.00043754314800161897
4605,3,1,0.10947765855095602,0.0004379106342038241
5153,7,1,0.10947761482940245,0.0004379104593176098
6421,6,1,0.0992421329665891,0.0003969685318663564
688,3,1,0.0495554958751408,0.0001982219835005632
7998,2,1,0.10947791317914414,0.00043791165271657656
266,2,1,0.1094737336930746,0.0004378949347722984
7835,0,1,0.109477914130746,0.000437911656522984
2605,4,0,0.10947184420478341,0.00043788737681913365
1480,1,1,0.10947784594873324,0.00043791138379493293
2884,6,1,0.1009826122855372,0.0004039304491421488
3749,8,1,0.10940680014482071,0.00043762720057928284
6671,5,1,0.10932967214412513,0.0004373186885765005
3014,6,1,0.10947632975368266,0.00043790531901473064
7984,8,1,0.10853383058836273,0.00043413532235345094
4309,7,1,0.10896668070785705,0.0004358667228314282
2870,8,1,0.10946727455080008,0.0004378690982032003
9951,0,1,0.10947791408995264,0.00043791165635981055
4353,6,1,0.10901129767349343,0.0004360451906939737
9006,6,1,0.10264213728216347,0.0004105685491286539
6808,0,1,0.10944491416213122,0.00043777965664852485
8659,4,0,0.09639856957860952,0.0003855942783144381
9085,9,1,0.10945032961625137,0.0004378013184650055
8496,0,1,0.1093502739167035,0.000437401095666814
5132,1,1,0.10947782890454,0.00043791131561816
6402,8,1,0.10947791011555666,0.00043791164046222663
9214,9,1,0.10947557288660499,0.00043790229154642
9421,1,1,0.10947671259839624,0.000437906850393585
4005,5,1,0.10947704261478218,0.00043790817045912873
6347,0,1,0.10931043467673757,0.00043724173870695026
1499,8,1,0.10933476549642568,0.0004373390619857027
3879,7,1,0.10947762310991332,0.0004379104924396533
3910,4,0,0.10914072066870091,0.0004365628826748036
4593,5,1,0.10947741547707789,0.0004379096619083115
5269,5,1,0.10947765620394877,0.0004379106248157951
5532,3,1,0.10943443550293035,0.0004377377420117214
7245,4,0,0.07112127802204686,0.00028448511208818743
8040,2,1,0.10913494088857016,0.0004365397635542806
9004,7,1,0.10946333707040527,0.0004378533482816211
3417,7,1,0.10945120506479998,0.00043780482025919994
1858,4,0,0.10947789128514994,0.00043791156514059977
500,4,0,0.10947098441874459,0.0004378839376749784
1578,6,1,0.10774257886349725,0.000430970315453989
7387,1,1,0.10947785573316579,0.00043791142293266315
4457,3,1,0.1094451087240781,0.0004377804348963124
2442,4,0,0.1087847401972511,0.0004351389607890044
7146,0,1,0.1090284299429881,0.0004361137197719524
2837,8,1,0.10915272477996715,0.0004366108991198686
9736,8,1,0.10947782052442087,0.00043791128209768346
8980,9,1,0.10947791313458875,0.00043791165253835503
2730,6,1,0.10845574210977883,0.00043382296843911535
1338,6,1,0.10804255405239656,0.0004321702162095862
8062,2,1,0.10393822746024808,0.00041575290984099234
3585,8,1,0.10944434597494566,0.00043777738389978266
3778,7,1,0.09036412200832596,0.00036145648803330384
8621,1,1,0.10947791412405931,0.00043791165649623723
1671,8,1,0.10947791410330732,0.00043791165641322925
8432,5,1,0.10947711384986307,0.0004379084553994523
7402,0,1,0.10932570581264342,0.0004373028232505737
8711,4,0,0.10803046657095264,0.0004321218662838106
7529,5,1,0.10947625221442778,0.0004379050088577111
5141,6,1,0.10947460869628495,0.0004378984347851398
3712,4,0,0.10814400751788833,0.0004325760300715533
5762,0,1,0.10576783845583114,0.00042307135382332455
5340,3,1,0.10946962984590695,0.0004378785193836278
6235,6,1,0.10947791411850226,0.000437911656474009
2350,3,1,0.1081570746040471,0.00043262829841618836
3704,5,1,0.10449788271863064,0.00041799153087452255
1923,1,1,0.10947220283134411,0.00043788881132537645
7595,1,1,0.10947078028658713,0.0004378831211463485
6367,4,0,0.10861632532457768,0.0004344653012983107
6637,9,1,0.10947713529339326,0.000437908541173573
1757,6,1,0.10794508337849518,0.0004317803335139807
4213,4,0,0.10850717304769833,0.00043402869219079333
7361,8,1,0.10947637291612308,0.0004379054916644923
7456,7,1,0.10947700684447506,0.0004379080273779002
2500,4,0,0.09880506316776186,0.00039522025267104744
428,0,1,0.10947749430257278,0.00043790997721029115
7030,8,1,0.10945033597382257,0.0004378013438952903
6457,2,1,0.10947468836475396,0.00043789875345901587
3734,7,1,0.10947704101580924,0.00043790816406323694
6952,8,1,0.1094769496924144,0.0004379077987696576
3572,3,1,0.0971277601292902,0.0003885110405171608
1273,6,1,0.10935561442765304,0.00043742245771061217
7188,4,0,0.10739270317654459,0.00042957081270617834
279,3,1,0.10947790128929864,0.00043791160515719457
8558,2,1,0.10947614361372068,0.0004379045744548827
7014,3,1,0.10947049290305208,0.0004378819716122083
7685,9,1,0.10947774746963193,0.00043791098987852774
9361,8,1,0.1094759758294647,0.0004379039033178588
5251,5,1,0.10947791413013636,0.0004379116565205454
4022,6,1,0.10944537537666378,0.00043778150150665515
6884,0,1,0.10934127881027499,0.0004373651152410999
527,0,1,0.10939640586732054,0.00043758562346928216
8025,5,1,0.10947791378717549,0.000437911655148702
7838,0,1,0.10947777807905093,0.00043791111231620373
7156,1,1,0.10947714027429521,0.00043790856109718085
170,9,1,0.10947789563610327,0.0004379115825444131
5886,2,1,0.07803727594337556,0.0003121491037735022
2065,2,1,0.10232131112083676,0.00040928524448334704
2643,3,1,0.10947695873434007,0.0004379078349373603
6382,4,0,0.10298690011230616,0.00041194760044922465
8153,4,0,0.10848638594659549,0.00043394554378638195
1853,9,1,0.10947054172635111,0.00043788216690540443
4027,4,0,0.07226785549714274,0.00028907142198857094
9247,9,1,0.10947784894725555,0.0004379113957890222
7596,3,1,0.10947791046441045,0.00043791164185764183
7603,9,1,0.10947658972626592,0.00043790635890506366
6085,2,1,0.10938061445740166,0.0004375224578296066
8548,3,1,0.10947777931170039,0.00043791111724680154
8012,3,1,0.10825616756692863,0.0004330246702677145
3451,5,1,0.09331874204233782,0.0003732749681693513
8108,5,1,0.10947790930025769,0.0004379116372010308
7279,5,1,0.10947718344942135,0.0004379087337976854
6368,7,1,0.10947258409127748,0.00043789033636510994
526,0,1,0.10362480070584378,0.0004144992028233751
5767,7,1,0.10947791370234577,0.0004379116548093831
3031,7,1,0.10947788504918803,0.0004379115401967521
6455,6,1,0.10930212590716207,0.00043720850362864824
3237,9,1,0.10947791369532855,0.0004379116547813142
6972,1,1,0.1094779141306848,0.0004379116565227392
877,2,1,0.10947676967275956,0.00043790707869103824
5542,9,1,0.10945639238510389,0.00043782556954041557
1108,2,1,0.10946748637756844,0.00043786994551027377
7890,6,1,0.10927435296629938,0.0004370974118651975
9683,6,1,0.10945545703390504,0.00043782182813562016
166,8,1,0.10935923026690772,0.0004374369210676309
621,7,1,0.1094777454129503,0.0004379109816518012
6237,3,1,0.10944167776549957,0.00043776671106199826
8277,4,0,0.10886429999667686,0.00043545719998670747
9911,4,0,0.10939617466569589,0.00043758469866278353
4589,3,1,0.10736704628130078,0.0004294681851252031
4797,5,1,0.10918932735274933,0.00043675730941099733
6214,5,1,0.10942044556006628,0.0004376817822402651
210,7,1,0.10850029387831395,0.0004340011755132558
873,2,1,0.10946346332659815,0.0004378538533063926
9459,0,1,0.10947791376831546,0.00043791165507326183
4061,5,1,0.10947791363814499,0.00043791165455257997
7007,9,1,0.10947739482052826,0.00043790957928211305
6938,3,1,0.1094770217768699,0.0004379080871074796
32,4,0,0.10102485572501523,0.0004040994229000609
4104,0,1,0.10946315297453056,0.00043785261189812225
5635,7,1,0.10678630200463812,0.0004271452080185525
5692,5,1,0.10947776645911743,0.0004379110658364697
8107,1,1,0.10947644568656775,0.000437905782746271
1856,8,1,0.10947502175399978,0.00043790008701599913
6480,0,1,0.10947711335914014,0.0004379084534365605
7357,6,1,0.10941067269051283,0.0004376426907620513
7238,4,0,0.10946186778260796,0.0004378474711304318
9454,3,1,0.10915119158898232,0.0004366047663559293
1512,8,1,0.10945541741584104,0.00043782166966336417
2408,2,1,0.10906203034798155,0.0004362481213919262
3054,4,0,0.10944503907495377,0.0004377801562998151
4644,7,1,0.06746669222738515,0.0002698667689095406
3700,3,1,0.10946072355134692,0.0004378428942053877
4034,2,1,0.0770708308277214,0.00030828332331088557
7698,0,1,0.10820489062088622,0.00043281956248354485
1598,5,1,0.10901030505174027,0.0004360412202069611
2400,0,1,0.10947722731603565,0.0004379089092641426
3501,9,1,0.10945748616714213,0.0004378299446685685
5677,7,1,0.10947737973261726,0.000437909518930469
3485,1,1,0.10947791413076037,0.00043791165652304147
5154,2,1,0.10920850226496676,0.00043683400905986705
4179,6,1,0.10944039425528976,0.00043776157702115904
6433,8,1,0.10929225190868591,0.00043716900763474364
560,0,1,0.10946672520035244,0.0004378669008014098
5972,8,1,0.10945621088169706,0.00043782484352678826
7461,9,1,0.10947789983879114,0.00043791159935516454
9555,4,0,0.10945716251449558,0.00043782865005798235
6122,5,1,0.10714429620894914,0.00042857718483579654
7953,1,1,0.10947659527519209,0.00043790638110076835
3716,3,1,0.10946239979180052,0.00043784959916720205
8714,4,0,0.10879626030460597,0.0004351850412184239
2805,4,0,0.10299467773115788,0.0004119787109246315
599,3,1,0.10915538918740487,0.0004366215567496195
7990,0,1,0.10902796921841701,0.00043611187687366806
2670,9,1,0.10947791368900567,0.00043791165475602265
5603,5,1,0.1021431609435553,0.0004085726437742212
4093,3,1,0.10947719423709731,0.00043790877694838923
7474,5,1,0.1094694608894209,0.0004378778435576836
3694,2,1,0.1093613716059093,0.00043744548642363717
9225,5,1,0.10947779647861258,0.0004379111859144503
1772,8,1,0.109472464659068,0.000437889858636272
993,4,0,0.10947791325156842,0.00043791165300627365
1984,7,1,0.1089059319921878,0.0004356237279687512
2035,6,1,0.10925223688298086,0.00043700894753192343
8928,4,0,0.10692527787979102,0.0004277011115191641
4014,8,1,0.10896933617433224,0.000435877344697329
2147,7,1,0.10947790866172098,0.0004379116346468839
992,8,1,0.1094749335126217,0.00043789973405048685
5610,8,1,0.10947757829681343,0.0004379103131872537
2941,8,1,0.10947762801931264,0.00043791051207725057
2129,9,1,0.1094778511884583,0.00043791140475383324
9254,7,1,0.10947791412610591,0.00043791165650442366
592,2,1,0.10864377486655918,0.0004345750994662367
4959,7,1,0.109471061438435,0.00043788424575374004
1084,5,1,0.10885414340063644,0.00043541657360254577
2985,2,1,0.10947328310196296,0.00043789313240785184
7996,7,1,0.10947753224258941,0.00043791012897035763
9623,9,1,0.10947733549069302,0.0004379093419627721
5586,8,1,0.10686994993601967,0.00042747979974407866
9747,0,1,0.10945726147794618,0.0004378290459117847
2311,7,1,0.1085449668983191,0.00043417986759327644
4563,7,1,0.10947791389004709,0.00043791165556018836
7373,0,1,0.10947791377392987,0.0004379116550957195
6477,4,0,0.10942793418448396,0.0004377117367379358
5491,0,1,0.10947679260626426,0.00043790717042505706
9553,7,1,0.10947752421345754,0.00043791009685383015
4781,7,1,0.10947791413017506,0.00043791165652070025
9002,6,1,0.10941654250799453,0.0004376661700319781
1353,3,1,0.10914983759929345,0.0004365993503971738
7321,2,1,0.06541893854503975,0.000261675754180159
7281,7,1,0.10318049248304352,0.0004127219699321741
8756,2,1,0.10947791409923326,0.00043791165639693304
4497,8,1,0.1094779070956441,0.0004379116283825764
7332,7,1,0.10947763868839912,0.0004379105547535965
2383,2,1,0.09418492960738063,0.00037673971842952254
6549,0,1,0.107764554441197,0.000431058217764788
388,2,1,0.10947787095174846,0.00043791148380699385
8017,0,1,0.10947729075655332,0.0004379091630262133
3935,4,0,0.10946770892256673,0.0004378708356902669
6602,8,1,0.10946481440132963,0.0004378592576053185
7196,0,1,0.10818022577339893,0.0004327209030935957
9202,7,1,0.10947460582936297,0.0004378984233174519
2552,9,1,0.10947791412647999,0.00043791165650591997
452,7,1,0.1094778861049886,0.0004379115444199544
4611,1,1,0.1094523854218598,0.0004378095416874392
5691,2,1,0.10906575235335174,0.00043626300941340695
6034,9,1,0.10947790649111956,0.00043791162596447825
2849,6,1,0.10495011709686582,0.00041980046838746327
9539,0,1,0.10947781682831315,0.00043791126731325256
6392,6,1,0.10947661511716428,0.00043790646046865713
6371,1,1,0.10946226683238632,0.00043784906732954523
4427,2,1,0.10863327156552295,0.0004345330862620918
6816,1,1,0.10947094345344709,0.00043788377381378835
3616,4,0,0.10490751778163146,0.00041963007112652583
4342,3,1,0.10947784934019081,0.00043791139736076325
3132,5,1,0.10930185496492877,0.0004372074198597151
1254,2,1,0.10947539908276496,0.00043790159633105987
5324,2,1,0.10947339811116943,0.00043789359244467775
5811,7,1,0.10947791134027055,0.0004379116453610822
6859,3,1,0.10884072705821188,0.0004353629082328475
718,4,0,0.10946798514621782,0.00043787194058487127
4203,2,1,0.09320194095520028,0.0003728077638208011
1595,3,1,0.1094779133362066,0.0004379116533448264
572,1,1,0.10947787254399646,0.0004379114901759859
4119,6,1,0.10947666007049867,0.00043790664028199464
754,2,1,0.07543242420480678,0.00030172969681922714
5904,7,1,0.10938716608019633,0.00043754866432078535
8816,7,1,0.10470999733957843,0.00041883998935831376
1130,7,1,0.10947691825865004,0.00043790767303460013
1910,4,0,0.10748357125459976,0.00042993428501839905
1283,5,1,0.10947755836732435,0.0004379102334692974
5314,7,1,0.10936440246734494,0.00043745760986937975
6581,1,1,0.10947637112917827,0.0004379054845167131
2499,6,1,0.10947791378745599,0.00043791165514982396
7068,2,1,0.1086914069915929,0.0004347656279663716
6698,3,1,0.10946797640744817,0.00043787190562979267
2582,5,1,0.10947037765617729,0.0004378815106247092
4394,5,1,0.10947786911810282,0.0004379114764724113
9255,3,1,0.10947791410590833,0.0004379116564236333
3792,0,1,0.10947789990482075,0.000437911599619283
2022,5,1,0.10947791180699415,0.0004379116472279766
2303,2,1,0.06372693990159936,0.00025490775960639744
5342,8,1,0.10947754887761277,0.00043791019551045105
7370,3,1,0.10947533213844342,0.0004379013285537737
4945,9,1,0.10947710234190591,0.00043790840936762366
1447,8,1,0.10947235149742617,0.00043788940598970465
3599,7,1,0.10940937605356325,0.00043763750421425303
904,8,1,0.10943967809513684,0.00043775871238054735
296,6,1,0.10946570503891495,0.0004378628201556598
3856,9,1,0.10947764511734062,0.0004379105804693625
5614,8,1,0.10939033134481703,0.0004375613253792681
900,2,1,0.10150447860983026,0.0004060179144393211
8977,0,1,0.10947791335993019,0.00043791165343972076
5562,4,0,0.10947103981545667,0.0004378841592618267
8912,4,0,0.10937880546680079,0.00043751522186720313
5814,8,1,0.10947791413065881,0.0004379116565226353
7537,4,0,0.10916440452336118,0.0004366576180934447
9832,2,1,0.07516907714871554,0.00030067630859486217
6411,8,1,0.10947791321180719,0.0004379116528472288
8613,6,1,0.1059505870445492,0.0004238023481781968
7957,4,0,0.10939096391116764,0.00043756385564467054
2480,8,1,0.1094496205722156,0.0004377984822888624
3949,5,1,0.10664699690907023,0.00042658798763628095
111,0,1,0.1094779133723618,0.0004379116534894472
6071,7,1,0.015839088013637537,6.335635205455015e-05
9229,1,1,0.10946544720392236,0.0004378617888156894
2687,8,1,0.10946935419927649,0.000437877416797106
2649,6,1,0.09973172597756058,0.0003989269039102423
9518,9,1,0.10947748500784943,0.0004379099400313977
1963,2,1,0.10945635532293656,0.00043782542129174626
3796,5,1,0.10947761969746272,0.0004379104787898509
4466,1,1,0.10947789763528941,0.0004379115905411576
6626,2,1,0.10739241768258469,0.00042956967073033876
1395,3,1,0.10415409584500686,0.00041661638338002746
2642,7,1,0.10900674131775454,0.0004360269652710181
2364,6,1,0.10724793832523273,0.0004289917533009309
1051,2,1,0.10947781470064527,0.00043791125880258107
2575,5,1,0.09507687791482647,0.0003803075116593059
3824,2,1,0.10858988192723765,0.0004343595277089506
9771,4,0,0.04120425097639524,0.00016481700390558095
3803,8,1,0.10947791406879867,0.0004379116562751947
8014,2,1,0.08364131222337708,0.0003345652488935083
1442,3,1,0.10947711094642927,0.0004379084437857171
1266,0,1,0.10947786230710527,0.0004379114492284211
7407,9,1,0.1094778770837936,0.0004379115083351744
1387,9,1,0.10947790382522357,0.0004379116153008943
2990,4,0,0.09742608837839042,0.0003897043535135617
5804,0,1,0.10946056836277203,0.00043784227345108813
8089,9,1,0.10947790226879678,0.0004379116090751871
302,3,1,0.10940415414598396,0.00043761661658393586
7533,0,1,0.10946407214965784,0.00043785628859863135
6914,8,1,0.10185604450477044,0.00040742417801908177
5265,2,1,0.10930406893594256,0.00043721627574377025
5927,6,1,0.10733922547339077,0.0004293569018935631
7414,8,1,0.10912567323950029,0.00043650269295800116
5829,4,0,0.10757782842579856,0.00043031131370319423
4757,4,0,0.10947294600205693,0.0004378917840082277
1296,7,1,0.10947017260975495,0.0004378806904390198
2156,8,1,0.10942094385001835,0.00043768377540007343
4128,1,1,0.10947791199677674,0.000437911647987107
775,2,1,0.09994679901081871,0.00039978719604327485
8702,0,1,0.10945845791907076,0.000437833831676283
6050,2,1,0.10460883596690335,0.0004184353438676134
2459,5,1,0.10947157214582472,0.0004378862885832989
5778,7,1,0.10943627088645554,0.00043774508354582213
3994,8,1,0.10947755229323257,0.0004379102091729303
2336,9,1,0.10947497163688487,0.0004378998865475395
8937,7,1,0.10947791412882751,0.0004379116565153101
607,3,1,0.10946377459064745,0.0004378550983625898
5658,4,0,0.1091089206740998,0.0004364356826963992
4041,7,1,0.10946929748181695,0.0004378771899272678
198,7,1,0.10947791413072973,0.0004379116565229189
1303,4,0,0.10920857996346314,0.0004368343198538526
600,8,1,0.1094777335667215,0.000437910934266886
9816,1,1,0.10941955811642835,0.0004376782324657134
8723,5,1,0.10486996903755796,0.00041947987615023185
8262,0,1,0.10947526917720367,0.0004379010767088147
7204,4,0,0.1087333848159308,0.00043493353926372317
2133,3,1,0.10947783114526033,0.00043791132458104133
385,8,1,0.10947726373083737,0.00043790905492334945
602,0,1,0.10947787734028014,0.00043791150936112053
1619,4,0,0.10877874058782276,0.00043511496235129106
455,4,0,0.10947777733465534,0.00043791110933862136
2220,1,1,0.10947435607969776,0.000437897424318791
4705,3,1,0.10931410141379647,0.0004372564056551859
383,9,1,0.10947678985345183,0.0004379071594138073
6420,7,1,0.10947773308789054,0.0004379109323515621
8259,8,1,0.10947699274725443,0.0004379079709890177
5954,8,1,0.10947791412736094,0.00043791165650944373
3064,1,1,0.10947568572732949,0.000437902742909318
3669,5,1,0.109477913881396,0.000437911655525584
5530,3,1,0.10940457521164824,0.000437618300846593
3222,4,0,0.1094776078332705,0.000437910431333082
1327,6,1,0.10947791169199883,0.0004379116467679953
1217,4,0,0.10947786457886304,0.00043791145831545213
2423,2,1,0.10722545331327073,0.0004289018132530829
9385,7,1,0.10947791251455628,0.0004379116500582251
7200,4,0,0.10821558527781115,0.0004328623411112446
9776,2,1,0.066530281329936,0.000266121125319744
886,0,1,0.10947715281573388,0.0004379086112629355
7965,7,1,0.10945203622042343,0.00043780814488169375
7974,6,1,0.10940380336313149,0.000437615213452526
7130,6,1,0.09938406303597706,0.0003975362521439083
8693,9,1,0.10947791411797606,0.0004379116564719042
6012,4,0,0.10445743853506076,0.000417829754140243
6495,7,1,0.10260275857514982,0.00041041103430059926
2519,4,0,0.10520770735116973,0.0004208308294046789
7921,4,0,0.10561060278808042,0.0004224424111523217
3496,5,1,0.10943465256604856,0.00043773861026419423
1469,7,1,0.10947791413073818,0.00043791165652295273
9016,1,1,0.10339786499398515,0.0004135914599759406
698,7,1,0.10941298252171021,0.0004376519300868408
3092,5,1,0.10941848970892105,0.0004376739588356842
6779,8,1,0.10947633060168592,0.0004379053224067437
5556,6,1,0.10946951268183178,0.0004378780507273271
9072,9,1,0.10947791407844902,0.0004379116563137961
8457,2,1,0.10688840140532237,0.00042755360562128945
5649,0,1,0.10947790622160355,0.00043791162488641424
2697,0,1,0.10947791338362134,0.00043791165353448535
9222,7,1,0.10947767233950619,0.0004379106893580247
9758,6,1,0.10947791382885383,0.0004379116553154153
9628,9,1,0.10947782956320334,0.0004379113182528134
9612,4,0,0.10947791378983655,0.00043791165515934624
9228,3,1,0.10947791287488261,0.0004379116514995304
850,7,1,0.10947788606444432,0.0004379115442577773
445,7,1,0.10943192955200658,0.0004377277182080263
9270,9,1,0.10947791413072734,0.00043791165652290936
7671,5,1,0.10540376509079538,0.00042161506036318154
2357,1,1,0.10947790035288096,0.00043791160141152386
9709,0,1,0.10946529513850083,0.0004378611805540033
3514,2,1,0.10947688130367855,0.0004379075252147142
9139,4,0,0.10771810804934652,0.00043087243219738607
199,8,1,0.10933404336881743,0.0004373361734752697
8703,4,0,0.10846532245267114,0.0004338612898106846
9508,8,1,0.10947790035031753,0.0004379116014012701
736,1,1,0.10947784459983012,0.0004379113783993205
4891,6,1,0.10947745471858635,0.0004379098188743454
512,6,1,0.10932191020023818,0.00043728764080095274
9120,3,1,0.1094686194661874,0.0004378744778647496
1060,9,1,0.1094778619784659,0.0004379114479138636
6734,8,1,0.10936865259059611,0.0004374746103623844
3724,6,1,0.10660229416489632,0.0004264091766595853
1242,8,1,0.10947695350165679,0.00043790781400662715
6937,8,1,0.10947037748106835,0.00043788150992427337
603,2,1,0.09576531856847711,0.00038306127427390846
5481,7,1,0.10946782320974373,0.0004378712928389749
1068,9,1,0.10947790530427497,0.00043791162121709987
5984,5,1,0.10947791412413,0.00043791165649652
7451,9,1,0.1094779141054048,0.00043791165642161924
998,3,1,0.1094698073742052,0.0004378792294968208
9141,3,1,0.10947693930628555,0.0004379077572251422
1592,4,0,0.10946114274639544,0.0004378445709855818
6349,0,1,0.10947437990575153,0.0004378975196230061
2594,0,1,0.10947759448427302,0.00043791037793709206
2323,8,1,0.10947694017291924,0.000437907760691677
7179,9,1,0.10947690837022185,0.0004379076334808874
6519,2,1,0.10429015167507588,0.0004171606067003035
5058,1,1,0.1094778368421252,0.0004379113473685008
7126,0,1,0.10945840585472359,0.00043783362341889436
943,4,0,0.10850425706534136,0.00043401702826136544
7237,7,1,0.10935310628975835,0.0004374124251590334
8987,2,1,0.10780834321475004,0.00043123337285900013
1381,6,1,0.10940856948366862,0.00043763427793467447
6141,8,1,0.109466460907796,0.000437865843631184
7143,4,0,0.052402449140900656,0.00020960979656360263
395,6,1,0.10034369058353647,0.00040137476233414587
3914,4,0,0.07518067756255645,0.0003007227102502258
2725,8,1,0.10947790711219625,0.000437911628448785
1337,5,1,0.08241516945636566,0.00032966067782546265
637,3,1,0.10940871148960817,0.00043763484595843265
3327,7,1,0.10939375492799305,0.00043757501971197223
8552,6,1,0.10947791413048433,0.0004379116565219373
6560,6,1,0.109314385192419,0.000437257540769676
6669,5,1,0.043278367052364236,0.00017311346820945696
497,2,1,0.10947786637602382,0.00043791146550409526
4493,4,0,0.007461954433618245,2.984781773447298e-05
3739,7,1,0.10947790890827797,0.0004379116356331119
3022,7,1,0.10947042203266893,0.00043788168813067575
7654,4,0,0.105359462203426,0.000421437848813704
8560,7,1,0.10947763064453413,0.0004379105225781365
1618,7,1,0.10947784130028113,0.0004379113652011245
3499,0,1,0.1092752939807611,0.00043710117592304443
4577,6,1,0.10946456784389802,0.0004378582713755921
9364,5,1,0.10947791404800436,0.0004379116561920174
4572,2,1,0.10947525700339245,0.0004379010280135698
4636,8,1,0.10947789807012794,0.0004379115922805117
835,4,0,0.10947704553737458,0.0004379081821494983
6547,6,1,0.1057686629858265,0.000423074651943306
2047,5,1,0.10932293146294121,0.00043729172585176484
3894,7,1,0.10946089166876176,0.00043784356667504704
2037,5,1,0.10947781920230806,0.00043791127680923225
3553,1,1,0.10947791411478824,0.00043791165645915296
5312,5,1,0.10947791395740826,0.00043791165582963303
2542,2,1,0.10940004889891784,0.00043760019559567134
3922,2,1,0.10947558159594596,0.0004379023263837838
2961,4,0,0.10410617475633824,0.00041642469902535294
5139,6,1,0.10943149000155676,0.00043772596000622705
4856,7,1,0.10947593864203875,0.000437903754568155
7643,8,1,0.10947655237101647,0.0004379062094840659
3946,8,1,0.10947103600292969,0.00043788414401171877
1255,4,0,0.10645211016002744,0.00042580844064010975
3826,1,1,0.10947022850645995,0.0004378809140258398
1417,9,1,0.10947626600361714,0.0004379050640144686
7541,0,1,0.10947791327176103,0.0004379116530870441
8605,6,1,0.10934695199928815,0.0004373878079971526
9419,2,1,0.1091938567217914,0.00043677542688716557
8934,7,1,0.10947791374584914,0.0004379116549833966
1968,8,1,0.10947791409739814,0.00043791165638959256
7909,1,1,0.10947342299122208,0.0004378936919648883
4136,2,1,-0.12008143946852219,-0.00048032575787408877
1140,6,1,0.036393929862020793,0.00014557571944808317
6401,4,0,0.10947558257881504,0.00043790233031526017
9615,6,1,0.10519440468582945,0.0004207776187433178
2756,9,1,0.10947781003892022,0.0004379112401556809
1627,9,1,0.10947791411241047,0.00043791165644964185
8507,8,1,0.10922589588011726,0.000436903583520469
2677,7,1,0.10947319437412324,0.00043789277749649297
404,8,1,0.1094665536563449,0.0004378662146253796
612,8,1,0.10947791113514667,0.0004379116445405867
6772,0,1,0.10947781530871863,0.00043791126123487453
782,7,1,0.10946229981571014,0.0004378491992628405
7676,2,1,0.10393766939571654,0.00041575067758286617
5281,3,1,0.10897814333588308,0.0004359125733435323
9039,2,1,0.10947226684704678,0.0004378890673881871
8632,3,1,0.10867871226349435,0.0004347148490539774
1398,7,1,0.10947660698813669,0.0004379064279525468
4642,2,1,0.1077849316687299,0.0004311397266749196
767,0,1,0.10947384643438406,0.0004378953857375362
8601,3,1,0.10682875264769662,0.0004273150105907865
4803,7,1,0.10947650936892825,0.000437906037475713
6046,2,1,0.10744988585008138,0.0004297995434003255
1582,9,1,0.10947742884596644,0.00043790971538386575
9858,4,0,0.10544421905746439,0.00042177687622985756
2696,2,1,0.1093960629470855,0.000437584251788342
9020,7,1,0.10947783231743895,0.0004379113292697558
9257,5,1,0.10947580579632851,0.00043790322318531405
7960,0,1,0.10947786524444636,0.00043791146097778543
1185,1,1,0.1094777046927264,0.0004379108187709056
8051,9,1,0.10897196670697724,0.00043588786682790897
8649,2,1,0.10947653728851364,0.00043790614915405456
1523,4,0,0.10887593512022793,0.00043550374048091173
598,5,1,0.1094657793720897,0.0004378631174883588
6974,9,1,0.1094779068502039,0.0004379116274008156
8226,8,1,0.10884506141289249,0.00043538024565156996
4556,2,1,0.10947419422093783,0.00043789677688375135
6442,6,1,0.10941761866351354,0.00043767047465405415
5369,4,0,0.0919915164268546,0.0003679660657074184
1855,5,1,0.1093051872239782,0.0004372207488959128
1453,5,1,0.10940144642010022,0.0004376057856804009
3050,0,1,0.10947271023092378,0.0004378908409236951
3661,1,1,0.10947127439457092,0.0004378850975782837
3476,8,1,0.10938157030343897,0.0004375262812137559
8156,0,1,0.10947791412949924,0.00043791165651799695
2003,5,1,0.10938863154916394,0.00043755452619665574
1448,4,0,0.10946432080239597,0.00043785728320958387
4411,5,1,0.10947791390272041,0.00043791165561088164
3214,6,1,0.10947784723129951,0.00043791138892519807
9444,7,1,0.10947754569891849,0.00043791018279567396
246,1,1,0.10861820975277063,0.00043447283901108254
366,1,1,0.10945572360343395,0.00043782289441373577
274,8,1,0.10945879888330315,0.0004378351955332126
7644,3,1,0.10947790312369782,0.00043791161249479124
9660,6,1,0.10947791389191795,0.0004379116555676718
5605,3,1,0.10909438553852362,0.00043637754215409446
8598,3,1,0.1094779133570241,0.0004379116534280964
8894,0,1,0.10947789592404589,0.00043791158369618354
9860,0,1,0.10902489325653679,0.00043609957302614716
3603,6,1,0.10947621122820284,0.00043790484491281135
9380,5,1,0.10947785920834616,0.00043791143683338465
5441,5,1,0.10947790942962299,0.000437911637718492
8095,2,1,0.10687474954909401,0.00042749899819637604
9569,6,1,0.10933065413918541,0.00043732261655674167
9932,8,1,0.10698508417773615,0.00042794033671094463
4180,0,1,0.10457789853753188,0.0004183115941501275
3876,7,1,0.1094779042691447,0.0004379116170765788
7746,2,1,0.10922692639520966,0.00043690770558083865
6673,4,0,0.07398686801975617,0.00029594747207902465
3624,2,1,0.10356649936112788,0.0004142659974445115
2578,8,1,0.10947785279282508,0.0004379114111713003
7496,3,1,0.10813549015650473,0.0004325419606260189
5789,2,1,0.10867268852813058,0.0004346907541125223
5591,5,1,0.10947570498092049,0.00043790281992368195
9506,4,0,0.10647041404951435,0.0004258816561980574
3944,7,1,0.10947776170278746,0.0004379110468111498
5511,3,1,0.04141671442846814,0.00016566685771387258
4199,8,1,0.10947771546885633,0.0004379108618754253
8887,4,0,0.10346556356255439,0.00041386225425021753
3174,2,1,0.1094729900401244,0.0004378919601604976
3273,8,1,0.109259227884607,0.000437036911538428
8311,8,1,0.10947787356086386,0.00043791149424345544
909,8,1,0.10947471143177828,0.0004378988457271131
9057,8,1,0.10947791336795094,0.00043791165347180377
1164,8,1,0.10947768858302018,0.0004379107543320807
6112,8,1,0.10947791410718823,0.0004379116564287529
5244,2,1,-0.05731012318253738,-0.0002292404927301495
1088,3,1,0.10947790955305609,0.00043791163821222436
8124,7,1,0.10727974658395517,0.00042911898633582067
9106,6,1,0.10631358480769383,0.0004252543392307753
4071,3,1,0.10947790339220535,0.00043791161356882143
3149,1,1,0.10947755812269792,0.0004379102324907917
5220,0,1,0.10867228450422683,0.00043468913801690735
6892,6,1,0.10947787520186691,0.0004379115008074677
3610,5,1,0.10947567424251707,0.0004379026969700683
4885,2,1,0.1094757796223308,0.0004379031184893232
6897,9,1,0.10930636437954941,0.00043722545751819766
6997,8,1,0.10947782452306434,0.0004379112980922574
96,6,1,0.10714014905660457,0.0004285605962264183
2341,0,1,0.10945499237948779,0.00043781996951795115
9382,9,1,0.10947791399688887,0.0004379116559875555
9018,8,1,0.10947791411061801,0.000437911656442472
5641,4,0,0.10929009018836928,0.00043716036075347714
687,6,1,0.10947748883779627,0.0004379099553511851
2293,8,1,0.10947791310168328,0.00043791165240673316
4690,2,1,0.05604173645174703,0.00022416694580698813
8936,9,1,0.10947791359803077,0.0004379116543921231
8075,8,1,0.09842712281982818,0.00039370849127931274
4535,2,1,0.10193750464471699,0.00040775001857886795
2872,1,1,0.1094772799919272,0.00043790911996770883
3892,5,1,0.10704694284800204,0.0004281877713920081
2440,7,1,0.10947789120059943,0.00043791156480239775
1104,9,1,0.1094779107525898,0.0004379116430103592
2292,5,1,0.10624066116360463,0.0004249626446544185
2120,4,0,0.10947598724047734,0.0004379039489619094
2218,4,0,0.10335411287222045,0.00041341645148888176
6003,0,1,0.10947514788091944,0.00043790059152367777
7952,3,1,0.10448803787401124,0.00041795215149604496
3393,5,1,0.09294912304619295,0.0003717964921847718
3337,7,1,0.10947791196109108,0.00043791164784436434
7350,9,1,0.10947791262987884,0.00043791165051951535
6911,6,1,0.1093300692814934,0.0004373202771259736
9649,5,1,0.10947776843949017,0.00043791107375796065
9210,7,1,0.10947646325777956,0.0004379058530311182
6398,6,1,0.08740450090591648,0.00034961800362366593
1272,4,0,0.10947790907632121,0.00043791163630528486
4453,0,1,0.10947791413076033,0.0004379116565230413
7258,5,1,0.10944938565064798,0.0004377975426025919
1144,1,1,0.10936514547156459,0.00043746058188625834
4617,3,1,0.1094779132672982,0.0004379116530691928
4601,2,1,0.10894155133647815,0.0004357662053459126
336,3,1,0.10932693856664431,0.00043730775426657726
6539,7,1,0.10893570561520302,0.0004357428224608121
1073,7,1,0.1094778339377665,0.000437911335751066
3540,6,1,0.10913832297431397,0.0004365532918972559
8504,1,1,0.10947782039227102,0.0004379112815690841
999,8,1,0.10923720972804433,0.00043694883891217735
3547,9,1,0.10947791218764719,0.00043791164875058876
9610,4,0,0.10872160542876635,0.0004348864217150654
7486,1,1,0.10947791390362595,0.0004379116556145038
2632,3,1,0.10470932383766314,0.00041883729535065255
2623,4,0,0.10862971775388515,0.0004345188710155406
7434,0,1,0.10945759490370308,0.0004378303796148123
6397,5,1,0.10947790400101783,0.0004379116160040713
4149,9,1,0.10947791189213932,0.0004379116475685573
7769,4,0,0.1094252831337244,0.00043770113253489764
3656,2,1,0.10731245567204806,0.00042924982268819224
7598,3,1,0.10932479040809845,0.0004372991616323938
1641,6,1,0.10947791067987687,0.0004379116427195075
1723,2,1,0.1094713383720187,0.0004378853534880748
5021,0,1,0.10905940300116046,0.00043623761200464186
5732,3,1,0.10947791377332827,0.00043791165509331307
6171,4,0,0.10631643028096466,0.0004252657211238586
7440,3,1,0.10933881298418201,0.00043735525193672805
2855,3,1,0.10947773136901051,0.00043791092547604206
2841,2,1,0.10547454134702625,0.000421898165388105
4154,7,1,0.10947733328054284,0.00043790933312217134
4598,1,1,0.10946713137300573,0.00043786852549202295
2839,2,1,0.10891101098712684,0.0004356440439485074
6558,6,1,0.10947779347136906,0.00043791117388547625
3037,8,1,0.10946477283882601,0.00043785909135530404
2655,4,0,0.10787182012325464,0.00043148728049301855
5043,0,1,0.10947790962433843,0.0004379116384973537
7828,5,1,0.10947790347077038,0.00043791161388308155
5843,6,1,0.10947551081390876,0.000437902043255635
2932,9,1,0.10947730965631618,0.00043790923862526473
8851,0,1,0.10947789718504643,0.0004379115887401857
4884,4,0,0.10947647724435666,0.00043790590897742663
2239,7,1,0.10924519122919615,0.0004369807649167846
9416,7,1,0.10942639440397972,0.0004377055776159189
5763,9,1,0.10947791398706866,0.0004379116559482746
4727,9,1,0.10947791396509343,0.00043791165586037374
3758,2,1,0.10943791378369146,0.00043775165513476583
8965,4,0,0.10903988383297765,0.0004361595353319106
7865,3,1,0.10946332528184212,0.00043785330112736847
3279,8,1,0.10941927583225869,0.00043767710332903476
8929,9,1,0.10947616997390165,0.0004379046798956066
971,4,0,0.09569575745634536,0.0003827830298253814
7842,5,1,0.10802975232380554,0.00043211900929522216
899,5,1,0.10947791208833871,0.0004379116483533548
7264,4,0,0.08335304684235381,0.00033341218736941523
5230,8,1,0.10947791410012069,0.0004379116564004827
1157,7,1,0.1094755246635151,0.0004379020986540604
1355,5,1,0.10947695220327322,0.00043790780881309286
5104,8,1,0.10947769725211685,0.0004379107890084674
1434,0,1,0.10901669073586723,0.0004360667629434689
474,5,1,0.1094779139703231,0.0004379116558812924
2656,9,1,0.10947791412868571,0.0004379116565147428
1169,7,1,0.10947763493260573,0.0004379105397304229
3357,8,1,0.10492138287380254,0.00041968553149521014
2078,2,1,0.1091147644463395,0.000436459057785358
3542,9,1,0.10947791410423258,0.0004379116564169303
2118,8,1,0.10945811909808575,0.00043783247639234303
8645,1,1,0.10947791407043175,0.000437911656281727
6593,2,1,0.10947791412908357,0.0004379116565163343
9619,8,1,0.10944838671236319,0.0004377935468494528
4337,1,1,0.1094771204149538,0.0004379084816598152
1153,8,1,0.10947779374968655,0.0004379111749987462
320,3,1,0.10819823385467058,0.0004327929354186823
1961,7,1,0.10947321428558682,0.0004378928571423473
8390,1,1,0.10947788697433228,0.0004379115478973291
4722,6,1,0.10945851861825319,0.0004378340744730128
8234,8,1,0.10947791404979343,0.0004379116561991737
4632,5,1,0.10947491500554958,0.0004378996600221983
678,0,1,0.10947791413074606,0.0004379116565229842
6786,3,1,0.10894807268958953,0.00043579229075835815
6658,6,1,0.10947757111233049,0.00043791028444932197
8172,5,1,0.10943292452531223,0.0004377316981012489
1221,9,1,0.10947791364313078,0.0004379116545725231
230,5,1,0.10947790476119727,0.0004379116190447891
935,2,1,0.10947788510124201,0.00043791154040496804
4664,7,1,0.10947758652222994,0.00043791034608891974
208,7,1,0.10938029927682477,0.0004375211971072991
2602,6,1,0.10488591572930438,0.0004195436629172175
5950,9,1,0.10947791276367302,0.0004379116510546921
4772,6,1,0.10490544240400455,0.0004196217696160182
2067,7,1,0.10947094364196236,0.00043788377456784944
1472,7,1,0.10945152914877522,0.00043780611659510087
3703,6,1,0.10947753187666508,0.0004379101275066603
8638,0,1,0.10856138719770954,0.00043424554879083817
940,9,1,0.10947784422066643,0.00043791137688266573
1628,4,0,0.10941397313034222,0.0004376558925213689
6524,8,1,0.10939804320785997,0.00043759217283143985
5447,5,1,0.10947791412975312,0.00043791165651901247
8454,2,1,0.10947791334836776,0.00043791165339347103
5796,5,1,0.10947585679357792,0.00043790342717431167
7288,7,1,0.10911608843607233,0.0004364643537442893
9135,7,1,0.10944576210298748,0.0004377830484119499
5479,2,1,0.07676691387157214,0.00030706765548628857
8730,2,1,0.10790365868084305,0.0004316146347233722
2992,4,0,0.10942298344465572,0.0004376919337786229
1754,7,1,0.10947619272477378,0.00043790477089909513
2330,0,1,0.10763707482092309,0.0004305482992836924
7499,9,1,0.10947789551516499,0.00043791158206065995
2012,5,1,0.10947791266620173,0.0004379116506648069
9838,5,1,0.10947791410456913,0.0004379116564182765
4208,2,1,0.10787252306139952,0.00043149009224559807
3917,7,1,0.10947122946221807,0.0004378849178488723
1464,1,1,0.10915970450527072,0.0004366388180210829
6301,1,1,0.10947721075685073,0.0004379088430274029
1311,8,1,0.10943249301841718,0.0004377299720736687
4294,0,1,0.0038188850028545163,1.5275540011418064e-05
3904,1,1,0.10947789867664966,0.0004379115947065986
5364,7,1,0.10945940011687463,0.00043783760046749853
4620,7,1,0.10947790319253416,0.00043791161277013664
9994,3,1,0.10947786339359988,0.00043791145357439953
7776,5,1,0.10947791326658549,0.0004379116530663419
3386,2,1,0.10945746917231736,0.00043782987668926945
4816,6,1,0.08725426379585169,0.00034901705518340675
2206,1,1,0.10947790512402857,0.00043791162049611426
222,9,1,0.10947791074736275,0.000437911642989451
1888,2,1,0.1094661781396533,0.0004378647125586132
7078,7,1,0.10947768572183587,0.0004379107428873435
5741,1,1,0.10947787834152622,0.0004379115133661049
8048,0,1,0.10599590723371191,0.0004239836289348476
7754,0,1,0.10765745000255846,0.0004306298000102338
2438,1,1,0.10947753991298806,0.00043791015965195226
4827,9,1,0.10947780667979463,0.00043791122671917856
2226,2,1,0.10907219743563937,0.0004362887897425575
6467,3,1,0.10947025968418836,0.00043788103873675343
3926,9,1,0.10947786268554123,0.0004379114507421649
7922,8,1,0.10947654982304347,0.0004379061992921739
4761,9,1,0.10947764244357304,0.00043791056977429216
414,1,1,0.10947791413068833,0.00043791165652275335
2634,1,1,0.10947760637479284,0.00043791042549917134
5837,2,1,0.10947786829632439,0.00043791147318529756
1063,4,0,0.10938980416008959,0.00043755921664035834
496,0,1,0.10947781849199625,0.000437911273967985
7472,1,1,0.10928895129942856,0.0004371558051977142
1686,0,1,0.10942385918247387,0.00043769543672989546
760,3,1,0.10947754529624322,0.00043791018118497285
3984,6,1,0.10667005268627162,0.0004266802107450865
2568,9,1,0.10945261051554216,0.0004378104420621686
495,8,1,0.10947764722542523,0.0004379105889017009
2446,9,1,0.109477914079255,0.00043791165631702
6406,3,1,0.10947791408128216,0.0004379116563251286
5615,5,1,0.10940544148182521,0.0004376217659273008
4175,3,1,0.10947788566164114,0.00043791154264656454
710,6,1,0.10947790103778028,0.00043791160415112114
8830,9,1,0.10947707900196933,0.00043790831600787735
589,9,1,0.10947769066419394,0.00043791076265677575
1128,4,0,0.10947719975601726,0.00043790879902406906
1150,2,1,0.10947789311466874,0.00043791157245867495
2030,4,0,0.10821380455575301,0.00043285521822301204
434,3,1,0.10947551439594345,0.0004379020575837738
2015,4,0,0.09444591422081813,0.0003777836568832725
5535,3,1,0.10947496190503292,0.0004378998476201317
3790,4,0,-0.037137473559431325,-0.0001485498942377253
6290,9,1,0.10947789595769519,0.0004379115838307808
5268,3,1,0.10947730189131324,0.00043790920756525296
7535,1,1,0.10943805130470036,0.00043775220521880144
8315,6,1,0.07938460371841541,0.00031753841487366165
9643,9,1,0.1094778217748972,0.0004379112870995888
3034,2,1,0.04801378122514581,0.00019205512490058323
9168,2,1,0.10945952986716312,0.0004378381194686525
3462,2,1,0.10946376995086889,0.00043785507980347553
8077,3,1,0.10940952241025373,0.0004376380896410149
6691,8,1,0.10947736043425818,0.00043790944173703275
6307,4,0,0.10947751430840617,0.0004379100572336247
6532,5,1,0.10947776880979526,0.00043791107523918107
6821,0,1,0.10947791413074436,0.0004379116565229774
7385,9,1,0.10947790715760758,0.0004379116286304303
8512,9,1,0.109477484118413,0.000437909936473652
4564,4,0,0.1094523939248808,0.0004378095756995232
9768,7,1,0.10947710114118256,0.0004379084045647302
3118,6,1,0.10456977104462423,0.0004182790841784969
3359,7,1,0.109420140970721,0.000437680563882884
6511,7,1,0.10947784670280082,0.00043791138681120327
1928,4,0,0.10928213707531985,0.0004371285483012794
2246,9,1,0.10947760038555197,0.0004379104015422079
4501,5,1,0.1094778086756833,0.0004379112347027332
2167,7,1,0.10946298459646449,0.00043785193838585796
4135,1,1,0.10934617171520072,0.0004373846868608029
9230,2,1,0.10797014198682336,0.00043188056794729346
6733,5,1,0.10947791180309252,0.0004379116472123701
6926,7,1,0.1094778926135393,0.0004379115704541572
4653,2,1,-0.00014801176455646325,-5.92047058225853e-07
392,6,1,0.1094496402939446,0.0004377985611757784
1473,7,1,0.10947785075924138,0.00043791140303696554
8810,2,1,0.10947530015018614,0.00043790120060074455
2338,6,1,0.09361692459874119,0.00037446769839496476
6922,2,1,0.10943685640647062,0.00043774742562588246
3083,5,1,0.10946429828328613,0.0004378571931331445
9315,7,1,0.10945998616861294,0.00043783994467445176
7580,8,1,0.10947787882667327,0.00043791151530669307
1429,6,1,0.10947788572692374,0.00043791154290769496
7131,6,1,0.10256428486336308,0.00041025713945345234
5708,2,1,0.10947293488052652,0.0004378917395221061
5228,3,1,0.10945869848435599,0.00043783479393742395
1146,2,1,0.10620159164243585,0.00042480636656974343
4262,4,0,0.10947724105010405,0.0004379089642004162
7567,7,1,0.10947791092821564,0.00043791164371286256
1046,2,1,0.06496479046309399,0.00025985916185237594
5583,0,1,0.1094777854070667,0.00043791114162826676
1814,9,1,0.10947784084114433,0.00043791136336457733
1117,5,1,0.10945864234355142,0.00043783456937420567
5381,3,1,0.10947790835111293,0.0004379116334044517
6634,4,0,0.10947781891050583,0.0004379112756420233
5488,9,1,0.10947754580490764,0.00043791018321963056
5920,8,1,0.10947791412987999,0.00043791165651952
2420,8,1,0.10947775408691605,0.0004379110163476642
1270,1,1,0.1094779141307019,0.0004379116565228076
2940,3,1,0.10947791413076005,0.0004379116565230402
4167,0,1,0.10859438162383334,0.00043437752649533334
8843,8,1,0.10947787971517248,0.0004379115188606899
9440,8,1,0.1094779141141467,0.0004379116564565868
8861,4,0,0.10947633026947885,0.0004379053210779154
3967,4,0,0.10833971150808838,0.0004333588460323535
7689,0,1,0.1094774922244989,0.0004379099688979956
2515,2,1,0.06902151146435079,0.00027608604585740315
7884,9,1,0.10947433417517126,0.00043789733670068505
8081,6,1,0.10491542989009611,0.00041966171956038447
7187,7,1,0.10947791412975602,0.00043791165651902407
7986,1,1,0.10947427207370349,0.0004378970882948139
3356,4,0,0.10762952891103092,0.0004305181156441237
5213,3,1,0.10917500221513694,0.00043670000886054776
587,4,0,0.10219302550555838,0.0004087721020222335
4624,5,1,0.10877781521341616,0.00043511126085366464
7951,2,1,0.108254684183784,0.000433018736735136
112,6,1,0.10943636803974563,0.0004377454721589825
6598,6,1,0.10852810367450563,0.0004341124146980225
3840,6,1,0.10947643865588753,0.00043790575462355016
7933,3,1,0.10153678103324752,0.0004061471241329901
3300,4,0,0.10903540223764256,0.0004361416089505702
329,6,1,0.10943706355523294,0.00043774825422093175
7837,7,1,0.1094772815871663,0.0004379091263486652
9460,3,1,0.10861916054227587,0.0004344766421691035
7666,2,1,0.10855962009403095,0.0004342384803761238
5344,2,1,0.05220668841950638,0.00020882675367802552
3825,0,1,0.10947272998075398,0.00043789091992301593
7913,8,1,0.10947635583448088,0.0004379054233379235
5949,6,1,0.10945603766063829,0.00043782415064255313
223,4,0,0.10815124051464918,0.0004326049620585967
9532,8,1,0.10947769173549679,0.00043791076694198715
3032,2,1,0.1091869756964957,0.0004367479027859828
9894,1,1,0.10902373473220028,0.0004360949389288011
3231,3,1,0.10944472814783743,0.0004377789125913497
2835,4,0,0.10947790725329608,0.0004379116290131843
3059,5,1,0.1094779137351699,0.00043791165494067957
1606,3,1,0.10947636186204944,0.0004379054474481978
9864,8,1,0.10943312972779594,0.00043773251891118375
960,9,1,0.10947787982540079,0.00043791151930160316
8863,5,1,0.10912838603577958,0.00043651354414311834
2644,8,1,0.10943706666436269,0.00043774826665745074
5849,5,1,0.109476870731742,0.000437907482926968
7516,1,1,0.10947767741733046,0.0004379107096693218
9788,1,1,0.10947791365727988,0.0004379116546291195
3302,0,1,0.10947791254564675,0.000437911650182587
356,3,1,0.06760875848148087,0.0002704350339259235
2365,7,1,0.1094757796158729,0.00043790311846349163
2720,3,1,0.10911658193356763,0.00043646632773427054
4191,9,1,0.10947787203232359,0.0004379114881292944
1126,2,1,0.10897277377242004,0.00043589109508968015
5392,0,1,0.10947759303972576,0.00043791037215890305
5766,8,1,0.10947787054072547,0.00043791148216290187
7765,8,1,0.10945968521241688,0.0004378387408496675
2077,0,1,0.10778265786264069,0.00043113063145056274
4804,3,1,0.10947789354768242,0.00043791157419072966
5459,5,1,0.1094156885326643,0.0004376627541306572
8111,5,1,0.10947769216276576,0.00043791076865106306
6064,5,1,0.10947569575872622,0.00043790278303490487
5926,4,0,0.1094777362942318,0.0004379109451769272
1655,8,1,0.10947267648451037,0.00043789070593804145
4274,1,1,0.10947787267772999,0.00043791149071091995
8633,3,1,0.09694879473764209,0.00038779517895056836
3211,0,1,0.10947791398295212,0.00043791165593180846
5772,9,1,0.1094779075759869,0.0004379116303039476
9943,7,1,0.10947791411368861,0.00043791165645475446
9195,6,1,0.10874732455697494,0.0004349892982278998
4575,6,1,0.09524678333762013,0.0003809871333504805
7091,6,1,0.10937305139986502,0.0004374922055994601
4566,8,1,0.10947625847000067,0.0004379050338800027
2432,9,1,0.10922124043474182,0.0004368849617389673
1793,5,1,0.10947762515206705,0.0004379105006082682
3865,7,1,0.10941546891710943,0.0004376618756684377
5830,5,1,0.10673170926101269,0.00042692683704405077
8430,9,1,0.10947791234908928,0.00043791164939635714
8874,7,1,0.10935892032301113,0.0004374356812920445
6181,8,1,0.10947789504719618,0.00043791158018878474
9861,6,1,0.10905039570753024,0.00043620158283012096
6138,3,1,0.10947710143443017,0.00043790840573772064
8022,2,1,0.10947676931696021,0.00043790707726784086
8091,7,1,0.10870268538789755,0.0004348107415515902
3556,6,1,0.09784202914347821,0.00039136811657391286
3841,9,1,0.10947791302898867,0.0004379116521159547
880,8,1,0.10947618376432866,0.00043790473505731463
7503,8,1,0.1092814035759471,0.00043712561430378835
3725,2,1,0.10944166816285326,0.00043776667265141305
7543,9,1,0.10947783158404133,0.0004379113263361653
2153,8,1,0.10939548029814462,0.0004375819211925785
4780,0,1,0.10940402496953004,0.00043761609987812014
6373,6,1,0.10947747166097277,0.00043790988664389106
1058,6,1,0.10947782766448018,0.0004379113106579207
5168,7,1,0.10925075781614373,0.0004370030312645749
4285,1,1,0.10947766984204406,0.00043791067936817626
7738,2,1,0.09216467720783808,0.00036865870883135234
2091,0,1,0.10910199619711435,0.00043640798478845736
2683,5,1,0.10947609607576708,0.00043790438430306835
6718,8,1,0.10947781459958218,0.00043791125839832875
2184,9,1,0.10947676396732221,0.00043790705586928887
1341,4,0,0.10914703342457532,0.0004365881336983013
6579,9,1,0.10941003925893604,0.00043764015703574415
7927,7,1,0.08586856918719749,0.0003434742767487899
4338,9,1,0.10947791386849944,0.00043791165547399775
9853,5,1,0.10883132733158105,0.0004353253093263242
9756,5,1,0.10783301885958184,0.00043133207543832733
3529,6,1,0.10944070256561292,0.00043776281026245166
3534,2,1,0.10944238258211056,0.00043776953032844226
3538,2,1,0.10085897013113866,0.00040343588052455464
6114,9,1,0.10947606026069072,0.00043790424104276287
5411,2,1,0.08922580997244192,0.0003569032398897677
9545,9,1,0.1094778984627229,0.0004379115938508916
6162,0,1,0.10944976319681479,0.00043779905278725916
120,8,1,0.10931382014243106,0.00043725528056972425
1572,6,1,0.10947573135081953,0.00043790292540327815
2534,9,1,0.10947748150502971,0.0004379099260201189
5831,6,1,0.10947790343242014,0.00043791161372968055
964,6,1,0.10943781312520191,0.00043775125250080765
7515,8,1,0.10947484196452162,0.0004378993678580865
7430,2,1,0.10922798392910472,0.0004369119357164189
8472,2,1,0.0901763329013622,0.00036070533160544884
9073,4,0,0.10725625267063625,0.000429025010682545
1996,3,1,0.10931793523399973,0.0004372717409359989
5266,4,0,0.10896473101522353,0.0004358589240608941
4257,6,1,0.10944686424730346,0.00043778745698921386
6054,3,1,0.10947726862628858,0.0004379090745051543
6850,6,1,0.10570630339641449,0.00042282521358565794
1358,8,1,0.10938250782158866,0.00043753003128635463
6963,9,1,0.10947768744667216,0.00043791074978668864
1487,9,1,0.10947772802256867,0.0004379109120902747
192,0,1,0.10947787927149542,0.0004379115170859817
7653,8,1,0.10946720740841781,0.0004378688296336712
626,9,1,0.10947791372428001,0.00043791165489712
8608,8,1,0.10947791391981512,0.0004379116556792605
9424,2,1,0.10947279188901138,0.0004378911675560455
2139,8,1,0.10947787750407874,0.00043791151001631496
9248,0,1,0.10947791398947512,0.0004379116559579005
2698,3,1,0.10947791413008462,0.0004379116565203385
4544,7,1,0.10947728331491895,0.0004379091332596758
4080,1,1,0.1094735673888787,0.0004378942695555148
8359,2,1,0.10947088028278919,0.00043788352113115675
3594,3,1,0.10947791385168737,0.00043791165540674946
489,0,1,0.10921322316739773,0.0004368528926695909
6272,2,1,0.10918748636918377,0.00043674994547673505
467,3,1,0.10947434571288417,0.0004378973828515367
4139,5,1,0.10947791407703851,0.00043791165630815407
2430,7,1,0.1092566118213046,0.0004370264472852184
391,2,1,0.10947214552972062,0.0004378885821188825
583,4,0,0.1059936951466316,0.0004239747805865264
5791,8,1,0.10946402442720071,0.00043785609770880283
2486,7,1,0.10940342863220243,0.0004376137145288097
9032,9,1,0.10936666335645283,0.0004374666534258113
498,2,1,0.10583668916343257,0.0004233467566537303
8640,1,1,0.10947787498237217,0.0004379114999294887
8092,4,0,0.10947179792138216,0.00043788719168552865
1992,6,1,0.10947791401002228,0.00043791165604008914
6475,2,1,0.1094779140606484,0.0004379116562425936
3570,3,1,0.10947791412973035,0.0004379116565189214
463,4,0,0.10718114491852418,0.0004287245796740967
2064,8,1,0.10946875822595357,0.0004378750329038143
7979,3,1,0.1094484637415548,0.0004377938549662192
3934,2,1,0.10945751598185316,0.0004378300639274126
9503,2,1,0.10879188357993642,0.0004351675343197457
9284,7,1,0.10947365698221673,0.0004378946279288669
8121,0,1,0.10903512781343354,0.0004361405112537341
1774,5,1,0.10946992427964809,0.00043787969711859236
1433,7,1,0.10947791402875132,0.0004379116561150053
954,4,0,0.10322658820360063,0.0004129063528144025
6270,2,1,0.10641324277971853,0.0004256529711188741
5706,7,1,0.1079847583460547,0.0004319390333842188
789,8,1,0.10947396246735494,0.0004378958498694198
119,7,1,0.10947764863304303,0.00043791059453217215
8270,6,1,0.1094442178423354,0.0004377768713693416
7278,5,1,0.10947159908109513,0.00043788639632438056
8581,8,1,0.10947755729109629,0.0004379102291643852
8217,9,1,0.10947791404799678,0.0004379116561919871
1384,9,1,0.10947787614235563,0.0004379115045694225
7514,7,1,0.10947789816718852,0.00043791159266875406
2009,1,1,0.109477914043531,0.00043791165617412396
5818,7,1,0.1094777511844348,0.0004379110047377392
2700,9,1,0.10947790807695822,0.00043791163230783286
1485,0,1,0.10947773538646047,0.00043791094154584185
627,4,0,0.055621035601093514,0.00022248414240437405
6620,7,1,0.10947585408750286,0.00043790341635001145
8778,3,1,0.10947386307638844,0.0004378954523055538
3753,4,0,0.10929008110964655,0.0004371603244385862
1543,5,1,0.10842766375010272,0.0004337106550004109
5396,1,1,0.10947791413075654,0.0004379116565230262
2743,9,1,0.10945955271634854,0.0004378382108653942
6516,2,1,0.10911129319303602,0.00043644517277214407
4502,7,1,0.10947769424160844,0.00043791077696643375
3253,9,1,0.10947785147620988,0.0004379114059048395
4355,0,1,0.1094551817000604,0.0004378207268002416
8254,8,1,0.10947791362704642,0.0004379116545081857
7971,5,1,0.10947307638825632,0.00043789230555302527
7668,5,1,0.1092434500482498,0.0004369738001929992
3126,9,1,0.10947790258196163,0.00043791161032784656
1841,9,1,0.10947779766128607,0.0004379111906451443
6353,2,1,0.1092735997873243,0.00043709439914929723
8278,8,1,0.10947139371344602,0.0004378855748537841
4414,2,1,0.10451636547700106,0.00041806546190800427
8209,2,1,0.1082901162461615,0.000433160464984646
4915,5,1,0.10947790257493378,0.00043791161029973515
4053,4,0,0.09009844852477959,0.00036039379409911836
8968,8,1,0.10917905233766119,0.00043671620935064475
4846,8,1,0.10947742520524929,0.00043790970082099715
8403,6,1,0.10115945721615854,0.00040463782886463416
4971,9,1,0.1094779135238183,0.0004379116540952732
449,2,1,0.10826219309122195,0.0004330487723648878
8320,7,1,0.1088513225412895,0.000435405290165158
6685,1,1,0.10947791255349176,0.00043791165021396706
9379,7,1,0.10947642433709397,0.00043790569734837587
8839,1,1,0.10947791332040122,0.00043791165328160484
2627,7,1,0.1094587234791918,0.0004378348939167672
8221,7,1,0.10947562646341585,0.0004379025058536634
2399,8,1,0.10946501818864093,0.00043786007275456375
7904,1,1,0.10947791381005535,0.00043791165524022143
9717,9,1,0.10943364730156606,0.00043773458920626424
5374,0,1,0.10946541753677105,0.0004378616701470842
9144,0,1,0.10945552773666635,0.0004378221109466654
8733,7,1,0.10928299354211353,0.00043713197416845413
9804,5,1,0.1045565688465727,0.0004182262753862908
3394,1,1,0.10947734963472444,0.0004379093985388978
4408,0,1,0.10937418122389406,0.00043749672489557624
3666,5,1,0.10947670456067479,0.0004379068182426992
3404,5,1,0.10947779576330771,0.00043791118305323086
2029,3,1,0.0941199508087197,0.00037647980323487877
6030,8,1,0.10947790515979718,0.0004379116206391887
7181,6,1,0.10939356995235654,0.00043757427980942615
2299,6,1,0.1094757549548993,0.00043790301981959715
9134,5,1,0.10944517841426307,0.00043778071365705226
6016,4,0,0.10763845051333588,0.0004305538020533435
8885,3,1,0.10947785944268693,0.0004379114377707477
6489,8,1,0.10947731697366322,0.0004379092678946529
4921,5,1,0.10947791413075976,0.00043791165652303903
8747,2,1,0.10947769978606436,0.00043791079914425746
1359,9,1,0.1094779098879814,0.00043791163955192555
1576,7,1,0.1051753821186318,0.0004207015284745272
2155,9,1,0.10945724810775748,0.0004378289924310299
8933,6,1,0.10947780144106414,0.0004379112057642566
6635,6,1,0.10947784817836652,0.00043791139271346605
556,6,1,0.09858509829558161,0.00039434039318232645
2135,8,1,0.10945310515691764,0.00043781242062767054
8464,6,1,0.10943894564982481,0.00043775578259929923
330,1,1,0.1094771505283747,0.0004379086021134988
5616,6,1,0.10868946591976954,0.00043475786367907815
2312,2,1,0.10109005630682631,0.00040436022522730527
653,6,1,0.10942573968996509,0.0004377029587598604
2603,0,1,0.10947720636737553,0.0004379088254695021
7045,3,1,0.10944113739549284,0.00043776454958197134
2304,6,1,0.10921157102409686,0.00043684628409638743
1346,3,1,0.10945321529420184,0.00043781286117680737
5599,2,1,0.10117265380918622,0.0004046906152367449
1823,0,1,0.10947791319528201,0.000437911652781128
4640,2,1,0.10905995984596203,0.0004362398393838481
7241,5,1,0.10947760722392301,0.00043791042889569203
245,3,1,0.10947791411879683,0.00043791165647518734
4406,5,1,0.1094778972454123,0.00043791158898164923
6283,3,1,0.10645306118985075,0.000425812244759403
7119,5,1,0.10947791326241937,0.0004379116530496775
5525,3,1,0.10947791408001149,0.000437911656320046
160,2,1,0.10947777318066054,0.00043791109272264215
2347,8,1,0.10947779813347189,0.00043791119253388757
4528,5,1,0.10937438405181825,0.000437497536207273
285,9,1,0.10947126041339168,0.0004378850416535667
6680,3,1,0.10947791393019021,0.00043791165572076087
4622,2,1,0.10897562614803552,0.0004359025045921421
6276,7,1,0.10947791157480943,0.00043791164629923774
1506,5,1,0.10777546424807372,0.00043110185699229487
8348,6,1,0.10894413600402036,0.00043577654401608145
3284,4,0,0.10945690606539668,0.0004378276242615867
7646,2,1,0.10827644043838668,0.0004331057617535467
2850,5,1,0.10947791406520228,0.0004379116562608091
9464,4,0,0.10696972292333054,0.0004278788916933222
521,7,1,0.10947786760429438,0.0004379114704171775
4998,5,1,0.10947479338963069,0.00043789917355852275
4774,6,1,0.10947791412788972,0.0004379116565115589
5536,6,1,0.10924414423255972,0.0004369765769302389
4832,4,0,0.10860999211439278,0.0004344399684575711
8019,3,1,0.10947148621813114,0.00043788594487252457
3646,3,1,0.10947663373335258,0.0004379065349334103
4524,4,0,0.08332217641551184,0.0003332887056620474
7761,2,1,0.10884187798122291,0.00043536751192489167
8112,3,1,0.10946234006901469,0.00043784936027605874
5355,8,1,0.10945245823384335,0.0004378098329353734
3467,0,1,0.10947791362619358,0.0004379116545047743
9884,9,1,0.1094779116728287,0.00043791164669131484
8524,6,1,0.10688147434000574,0.00042752589736002293
8809,8,1,0.10806255423681095,0.0004322502169472438
5489,7,1,0.1094765046805768,0.00043790601872230724
5755,4,0,0.07088308210549647,0.00028353232842198586
3119,4,0,0.10088978909132579,0.00040355915636530314
3593,2,1,0.10261076966431663,0.00041044307865726655
3466,5,1,0.10947778284369888,0.0004379111313747955
6422,4,0,0.05405510732621262,0.00021622042930485047
9277,3,1,0.10947791346651255,0.0004379116538660502
7664,2,1,0.10880694443467784,0.0004352277777387114
5159,6,1,0.0830826373819356,0.00033233054952774236
9617,8,1,0.1094620109005089,0.0004378480436020356
2359,2,1,0.10925547811895228,0.0004370219124758091
5845,5,1,0.10947782159606502,0.0004379112863842601
1919,4,0,0.10942146986259639,0.00043768587945038556
5493,3,1,0.10939435171979935,0.0004375774068791974
4599,8,1,0.10947065094591542,0.0004378826037836617
4387,0,1,0.10947430276063524,0.000437897211042541
6102,3,1,0.10947791385496179,0.00043791165541984717
7019,2,1,0.09805881078574377,0.0003922352431429751
94,4,0,0.053259269496996824,0.00021303707798798728
4252,9,1,0.10947772057023765,0.0004379108822809506
5001,6,1,0.1056566715752631,0.0004226266863010524
6182,1,1,0.1094779100114361,0.0004379116400457444
4426,0,1,0.10907048653943804,0.0004362819461577522
1454,3,1,0.10947790505372842,0.0004379116202149137
5959,4,0,0.08970436368934348,0.00035881745475737395
3270,8,1,0.1094650973808732,0.0004378603895234928
270,2,1,0.10689220575744979,0.0004275688230297992
2905,4,0,0.09796847345180579,0.00039187389380722316
5485,8,1,0.10947736745670543,0.0004379094698268217
2907,9,1,0.10947780836089394,0.00043791123344357575
5218,3,1,0.1088460504906296,0.0004353842019625184
2358,7,1,0.10947791412981007,0.0004379116565192403
7830,2,1,0.10947652952194055,0.0004379061180877622
9095,5,1,0.10946910927372062,0.0004378764370948825
7665,9,1,0.10947774206709175,0.00043791096826836703
144,8,1,0.10947791412938587,0.0004379116565175435
5802,6,1,0.10152965772100413,0.0004061186308840165
9770,4,0,0.10947770063611442,0.0004379108025444577
0,3,1,0.10945601090189508,0.0004378240436075803
2963,3,1,0.10947790409195408,0.00043791161636781635
8486,4,0,0.08667708044384345,0.0003467083217753738
75,2,1,0.10910101564326354,0.00043640406257305415
2962,8,1,0.10947695291193438,0.0004379078116477375
8518,9,1,0.1094778345954428,0.0004379113383817712
1123,3,1,0.1093585319317022,0.0004374341277268088
5761,6,1,0.10607894280687466,0.0004243157712274986
1349,8,1,0.10947767459784907,0.00043791069839139627
7298,4,0,0.06924224347120701,0.00027696897388482803
4055,1,1,0.1076229984874799,0.0004304919939499196
9226,3,1,0.10947367585043916,0.00043789470340175663
8842,4,0,0.08364513104116206,0.0003345805241646482
1204,6,1,0.07359244226310652,0.00029436976905242607
8520,8,1,0.10945444306689311,0.00043781777226757244
3801,2,1,0.10946513841490577,0.00043786055365962307
8456,4,0,0.10945248448717541,0.00043780993794870167
7448,9,1,0.10947790715751746,0.00043791162863006985
8261,1,1,0.10947027693823351,0.00043788110775293406
4789,9,1,0.10947788398887401,0.00043791153595549605
2345,1,1,0.10947747555795465,0.0004379099022318186
8044,9,1,0.10947769484124736,0.00043791077936498944
2939,2,1,0.10792202451584583,0.0004316880980633833
8616,3,1,0.09901854596509102,0.00039607418386036406
8938,1,1,0.10947674023965798,0.0004379069609586319
2159,8,1,0.10947780453238473,0.00043791121812953893
3920,7,1,0.1094778269367543,0.0004379113077470172
283,1,1,0.10947791396624493,0.0004379116558649797
4247,5,1,0.10947233911783508,0.0004378893564713403
9996,3,1,0.10912990625094461,0.00043651962500377845
1700,5,1,0.10884105654073711,0.00043536422616294844
1421,6,1,0.10902228845545059,0.0004360891538218024
6761,5,1,0.10947748328175934,0.00043790993312703733
4437,1,1,0.10947707153749298,0.0004379082861499719
7728,1,1,0.10939504644829784,0.00043758018579319135
4134,1,1,0.10940565831381678,0.0004376226332552671
3575,3,1,0.10947642074427748,0.0004379056829771099
4920,7,1,0.10947785657754534,0.00043791142631018136
8376,7,1,0.10947791232247879,0.00043791164928991516
2104,6,1,0.10947051580104916,0.00043788206320419666
8445,1,1,0.10947782972232337,0.0004379113188892935
8207,7,1,0.1094777327749149,0.0004379109310996596
6426,1,1,0.10923888562075591,0.00043695554248302366
9194,6,1,0.10727255161540919,0.00042909020646163677
2526,3,1,0.10924497786726996,0.00043697991146907984
2282,9,1,0.10944575705622385,0.0004377830282248954
2669,6,1,0.109191367098032,0.00043676546839212796
3966,4,0,0.06158938193125927,0.00024635752772503706
3756,7,1,0.10947791413031656,0.00043791165652126625
367,3,1,0.1094775185241319,0.0004379100740965276
3702,1,1,0.10947790684757104,0.0004379116273902842
8295,3,1,0.10947783483301661,0.00043791133933206644
5484,9,1,0.10812098596718764,0.00043248394386875057
8332,9,1,0.1094776162386704,0.0004379104649546816
9750,2,1,0.10935826274065537,0.0004374330509626215
1867,6,1,0.10940124212745626,0.00043760496850982504
7193,8,1,0.1093154759810577,0.0004372619039242308
5995,0,1,0.10946992349539138,0.00043787969398156553
9480,2,1,0.10756969166569212,0.0004302787666627685
9053,5,1,0.10947791049352976,0.000437911641974119
4229,8,1,0.109477200548449,0.000437908802193796
7938,2,1,0.10947782980220394,0.00043791131920881577
6565,9,1,0.10947791413069782,0.0004379116565227913
985,8,1,0.10947791055141468,0.0004379116422056587
4714,6,1,0.10946736758013227,0.00043786947032052907
7493,5,1,0.10943569571740104,0.0004377427828696042
8439,8,1,0.10947786477581614,0.00043791145910326455
1938,8,1,0.10916593112838668,0.00043666372451354676
983,4,0,0.10794750905777513,0.0004317900362311005
92,8,1,0.10947653386395241,0.00043790613545580966
3774,5,1,0.10947791358995945,0.00043791165435983783
1561,5,1,0.10947790228116284,0.00043791160912465136
234,8,1,0.10945354817546205,0.0004378141927018482
1933,3,1,0.10947757124492696,0.00043791028497970787
969,9,1,0.10947764582453529,0.00043791058329814114
4253,9,1,0.10947783894331607,0.0004379113557732643
1400,5,1,0.1071859936196278,0.0004287439744785112
2727,9,1,0.10946599022864985,0.0004378639609145994
8074,7,1,0.10947762334582226,0.00043791049338328904
7521,2,1,0.10935309912813478,0.0004374123965125391
867,7,1,0.10946632039334017,0.00043786528157336067
3388,6,1,0.10947754651078791,0.0004379101860431516
1534,4,0,0.10946295037301874,0.00043785180149207497
6797,0,1,0.10947790155061778,0.0004379116062024711
251,3,1,0.10947790199856365,0.0004379116079942546
298,0,1,0.1094778416395353,0.00043791136655814124
9754,9,1,0.10947574012986695,0.00043790296051946783
228,7,1,0.1094778481024333,0.0004379113924097332
9180,5,1,0.10947790504040018,0.00043791162016160076
6790,7,1,0.10947576264936477,0.0004379030505974591
1645,4,0,0.10652728624487931,0.00042610914497951725
1047,1,1,0.10946322178306586,0.00043785288713226345
2742,2,1,0.10947262694525176,0.00043789050778100704
3155,8,1,0.10553888641406094,0.0004221555456562437
3901,3,1,0.1094779108693064,0.00043791164347722563
4685,4,0,0.10283368523043687,0.0004113347409217475
833,2,1,0.10944301473506068,0.0004377720589402427
5328,0,1,0.10920532381601401,0.00043682129526405604
4100,7,1,0.10947788008433366,0.00043791152033733466
4286,2,1,0.10817617104880539,0.0004327046841952216
6575,3,1,0.10947460332189789,0.00043789841328759153
3251,5,1,0.10944478063515256,0.00043777912254061027
8739,3,1,0.10947791370320335,0.00043791165481281343
668,1,1,0.10947269492374659,0.00043789077969498633
3220,3,1,0.10947786721053004,0.00043791146884212016
8061,0,1,0.10929147192744186,0.00043716588770976745
2728,2,1,0.10947781911466142,0.0004379112764586457
4608,4,0,0.10945026255507591,0.00043780105022030364
3210,9,1,0.10947791411779989,0.0004379116564711996
1281,8,1,0.10947791397420718,0.00043791165589682874
1237,0,1,0.10902788496595858,0.00043611153986383434
1482,8,1,0.10947540411376985,0.0004379016164550794
6225,3,1,0.1094763427959896,0.0004379053711839584
76,9,1,0.10947671945666997,0.00043790687782667984
6641,0,1,0.10946951291220276,0.00043787805164881104
4420,5,1,0.10946313645272848,0.0004378525458109139
2859,1,1,0.1087331387298895,0.000434932554919558
6324,7,1,0.1094770727447621,0.0004379082909790484
2557,2,1,0.10947501563757342,0.0004379000625502937
134,1,1,0.10947787765068051,0.000437911510602722
358,8,1,0.10947689453071738,0.00043790757812286953
7793,8,1,0.10947778755549065,0.0004379111502219626
3505,4,0,0.10877111093426904,0.0004350844437370762
2123,2,1,0.1088200936615518,0.0004352803746462072
6609,5,1,0.10941603807859539,0.00043766415231438153
5258,2,1,0.10947506886640432,0.0004379002754656173
7878,1,1,0.1094778840982349,0.0004379115363929396
3921,1,1,0.10947743473006832,0.0004379097389202733
2203,6,1,0.10947767995463374,0.000437910719818535
4384,6,1,0.10939072870720296,0.00043756291482881183
5210,5,1,0.10941766950411261,0.0004376706780164504
9082,2,1,0.10947284659371838,0.00043789138637487354
7899,7,1,0.10947775909831489,0.0004379110363932596
8790,0,1,0.10947677501970188,0.0004379071000788075
2622,0,1,0.10545658201103664,0.00042182632804414657
9658,9,1,0.1094137879378972,0.0004376551517515888
203,7,1,0.10947791344449342,0.0004379116537779737
7517,2,1,0.10250614269179655,0.00041002457076718616
2071,9,1,0.10944178407052002,0.00043776713628208006
465,4,0,0.10921354021628271,0.00043685416086513087
3939,9,1,0.1094778545463153,0.0004379114181852612
417,7,1,0.10947791413066381,0.0004379116565226552
1703,5,1,0.1094777901085832,0.00043791116043433284
8237,7,1,0.10945494142867086,0.00043781976571468344
54,8,1,0.10947790570343822,0.0004379116228137529
2048,8,1,0.10921750661652899,0.00043687002646611593
704,7,1,0.10894362180273845,0.0004357744872109538
4282,3,1,0.10944499434230043,0.0004377799773692017
3449,1,1,0.10947790389646893,0.0004379116155858757
4914,3,1,0.10943750423684036,0.0004377500169473614
8619,5,1,0.10947791099330269,0.0004379116439732108
5187,4,0,0.09834244890959487,0.0003933697956383795
1521,7,1,0.10279573922106032,0.0004111829568842413
4279,6,1,0.10947753949516024,0.00043791015798064095
8859,2,1,0.10798057323570447,0.00043192229294281785
2131,7,1,0.10947618297370353,0.0004379047318948141
2508,6,1,0.10900477287325114,0.0004360190914930045
2457,6,1,0.10765835406184829,0.00043063341624739314
3332,7,1,0.10947787466125075,0.00043791149864500303
7916,4,0,0.10874446623839858,0.0004349778649535943
5539,4,0,0.10917821957235112,0.0004367128782894045
8344,7,1,0.10721692242816669,0.00042886768971266674
5968,0,1,0.10947682494568978,0.00043790729978275913
9760,9,1,0.10947531847099233,0.0004379012738839693
948,3,1,0.10942685555375031,0.00043770742221500126
8668,3,1,0.10947763472157673,0.00043791053888630696
2117,7,1,0.10946204581112097,0.0004378481832444839
6148,4,0,0.09391969264277206,0.0003756787705710882
6682,4,0,0.07959408717865821,0.00031837634871463284
5339,0,1,0.10947775601757939,0.00043791102407031755
7236,1,1,0.10944411485090869,0.0004377764594036347
9661,5,1,0.10947791203583766,0.00043791164814335065
7544,0,1,0.10941530080431972,0.0004376612032172789
6627,5,1,0.1066680063964572,0.00042667202558582877
917,8,1,0.10944184662602496,0.00043776738650409987
5367,0,1,0.10928927704418354,0.00043715710817673415
8246,8,1,0.10939637991163587,0.00043758551964654345
2185,0,1,0.10943696591561367,0.00043774786366245465
2947,1,1,0.10947777108249321,0.00043791108432997283
4004,0,1,0.1094779047521207,0.0004379116190084828
2563,2,1,0.10428069472567576,0.00041712277890270305
3406,6,1,0.0963916688818353,0.0003855666755273412
202,8,1,0.1093412522822655,0.00043736500912906203
1385,5,1,0.10947791106134733,0.0004379116442453893
7012,7,1,0.10947716175340746,0.0004379086470136299
2882,7,1,0.10633988557718711,0.00042535954230874846
2382,9,1,0.10947743828090553,0.0004379097531236221
5321,1,1,0.10943816248497293,0.0004377526499398917
8266,5,1,0.10947791389840349,0.00043791165559361393
9223,1,1,0.10947788579877903,0.0004379115431951161
5669,0,1,0.10945652683479334,0.00043782610733917335
2562,4,0,0.09734836555883682,0.00038939346223534725
7459,8,1,0.1094341758787255,0.000437736703514902
5443,6,1,0.05873513136742933,0.00023494052546971732
1289,6,1,0.10947139307310948,0.0004378855722924379
2798,3,1,0.1094779129755564,0.0004379116519022256
291,2,1,0.060314649810758306,0.00024125859924303323
8603,1,1,0.10942916066127327,0.00043771664264509306
201,1,1,0.1092684779174027,0.0004370739116696108
2628,0,1,0.10942036969927207,0.0004376814787970883
1900,8,1,0.10947714683692036,0.00043790858734768143
9022,3,1,0.10947363062561198,0.0004378945225024479
3290,5,1,0.10947791361190234,0.00043791165444760936
4711,9,1,0.10947791406679605,0.0004379116562671842
3426,0,1,0.10947397717340746,0.00043789590869362983
3430,8,1,0.10947791253623641,0.00043791165014494567
1673,2,1,0.10947789945419954,0.00043791159781679816
6216,5,1,0.1094778057836121,0.0004379112231344484
2876,9,1,0.10947775595487992,0.0004379110238195197
1494,7,1,0.10947791413076037,0.00043791165652304147
9338,3,1,0.10947735309669569,0.00043790941238678276
7827,3,1,0.10947329172231612,0.00043789316688926447
3527,1,1,0.10947790040136524,0.00043791160160546095
5201,1,1,0.10947677461923914,0.0004379070984769566
7798,5,1,0.10947791411621766,0.0004379116564648706
9069,9,1,0.10945470749200956,0.0004378188299680382
814,0,1,0.10947765912473117,0.0004379106364989247
9468,7,1,0.10947785590141777,0.0004379114236056711
4831,1,1,0.10947791413064917,0.0004379116565225967
8035,1,1,0.1094779127556342,0.0004379116510225368
1399,2,1,0.10947788430388769,0.0004379115372155508
4271,1,1,0.10947790517635338,0.00043791162070541353
1929,2,1,0.09766219030141411,0.00039064876120565645
6097,5,1,0.10946403980349541,0.00043785615921398166
4400,3,1,0.10809379962590637,0.0004323751985036255
8471,0,1,0.10947248369084447,0.0004378899347633779
2690,2,1,0.10364220472114895,0.0004145688188845958
5315,9,1,0.10947791393210332,0.0004379116557284133
6105,0,1,0.10924878378676023,0.00043699513514704094
4513,4,0,0.10947528304860867,0.0004379011321944347
7351,2,1,0.10947776086569899,0.00043791104346279595
4815,9,1,0.1094769727426452,0.0004379078909705808
4729,2,1,0.1093327540138568,0.0004373310160554272
3130,3,1,0.10947790793013502,0.0004379116317205401
6087,4,0,0.10935072411581102,0.0004374028964632441
548,2,1,0.10937199112049681,0.00043748796448198724
5495,4,0,0.10947582909657791,0.00043790331638631164
2724,0,1,0.10740967356619335,0.0004296386942647734
563,2,1,0.09587662862104963,0.00038350651448419855
9046,0,1,0.10947569394135775,0.000437902775765431
9029,4,0,0.10891800127296306,0.00043567200509185225
6659,1,1,0.10947791363964049,0.00043791165455856195
3238,6,1,0.1094322689076823,0.0004377290756307292
3343,3,1,0.10947791413076033,0.0004379116565230413
1584,7,1,0.1094779140283243,0.0004379116561132972
5478,3,1,0.10947791351607937,0.0004379116540643175
9137,2,1,0.10897902973415477,0.0004359161189366191
2511,8,1,0.1094772118397275,0.00043790884735891
6784,9,1,0.1094773569892124,0.00043790942795684964
5338,8,1,0.10943311394187843,0.00043773245576751377
2266,8,1,0.10947770247503023,0.00043791080990012094
915,1,1,0.10947785706351691,0.00043791142825406765
7214,3,1,0.10947331459056883,0.00043789325836227533
2105,6,1,0.10942955035337146,0.00043771820141348585
1570,4,0,0.10873147106039938,0.0004349258842415975
5823,5,1,0.10947791402004357,0.00043791165608017427
9739,1,1,0.10947753931867056,0.0004379101572746822
2415,6,1,0.10946628941375332,0.0004378651576550133
5347,1,1,0.10947281081831889,0.00043789124327327553
8769,0,1,0.10929860853896071,0.00043719443415584286
4723,9,1,0.10947373255381553,0.0004378949302152621
1207,4,0,0.10947164768267158,0.00043788659073068633
1701,5,1,0.10943266533516252,0.0004377306613406501
6823,5,1,0.1094751410618297,0.0004379005642473188
4304,6,1,0.10947701979764957,0.0004379080791905983
5859,2,1,0.10798848041533393,0.00043195392166133574
2259,5,1,0.1094434729205711,0.0004377738916822844
7265,5,1,0.10947784144546564,0.00043791136578186257
9711,4,0,0.10873675480587408,0.0004349470192234963
4817,0,1,0.10947681606526184,0.00043790726426104736
2546,8,1,0.10557043391535906,0.0004222817356614362
8833,6,1,0.10937186162443809,0.00043748744649775237
8976,7,1,0.1094779129636918,0.0004379116518547672
2998,5,1,0.10947760588581704,0.0004379104235432681
8353,7,1,0.1094744667657204,0.0004378978670628816
2593,8,1,0.1094775401391998,0.0004379101605567992
1575,2,1,0.09223573592378537,0.0003689429436951415
6736,4,0,0.08718884566592622,0.0003487553826637049
5611,5,1,0.10947791413067674,0.000437911656522707
9834,8,1,0.10946300039659324,0.00043785200158637293
553,5,1,0.1094096611613438,0.00043763864464537523
7894,1,1,0.10947791412493421,0.00043791165649973687
5419,2,1,0.10800357784928061,0.00043201431139712243
5510,4,0,0.10703332647109991,0.00042813330588439965
8771,6,1,0.1084394256389839,0.0004337577025559356
2785,4,0,0.10946416966799175,0.00043785667867196696
3086,9,1,0.1094778576742425,0.00043791143069697003
2163,7,1,0.1094779133995977,0.00043791165359839077
3543,6,1,0.10946040015238646,0.00043784160060954583
664,3,1,0.10947784645628912,0.00043791138582515647
7262,2,1,0.10935855285716381,0.00043743421142865524
4467,3,1,0.10947791126562816,0.0004379116450625126
2273,5,1,0.10920354240275373,0.00043681416961101495
6208,8,1,0.10942383462200846,0.0004376953384880338
310,8,1,0.10932867153641103,0.0004373146861456441
6374,9,1,0.10947769964548065,0.0004379107985819226
7429,5,1,0.1077204596776909,0.0004308818387107636
7229,2,1,0.10946214997329154,0.00043784859989316613
7447,8,1,0.10947488956791483,0.0004378995582716593
4393,3,1,0.10929517437255666,0.00043718069749022667
9014,7,1,0.10947771552217557,0.0004379108620887023
9534,6,1,0.10896882457133619,0.0004358752982853448
759,1,1,0.10947783841185767,0.00043791135364743065
1393,4,0,0.1092805281984007,0.0004371221127936028
9797,1,1,0.1094743290474942,0.0004378973161899768
9769,8,1,0.10946074662415346,0.00043784298649661386
5979,5,1,0.1094779024444781,0.0004379116097779124
7915,3,1,0.10947735560572916,0.00043790942242291663
1956,7,1,0.10947683467780152,0.0004379073387112061
3409,9,1,0.10947791296618489,0.00043791165186473957
8189,8,1,0.10947789085990206,0.00043791156343960826
2249,0,1,0.10590830220781401,0.000423633208831256
5211,7,1,0.10947790833703336,0.0004379116333481334
1638,4,0,0.09142006735800123,0.00036568026943200493
7559,8,1,0.10947791298804119,0.00043791165195216476
1748,0,1,0.10902959857972133,0.0004361183943188853
6104,1,1,0.10942665558682571,0.00043770662234730287
8768,2,1,0.10816105873135144,0.0004326442349254058
6724,9,1,0.1094779028100114,0.0004379116112400456
4834,4,0,0.10043696664305421,0.00040174786657221686
6896,6,1,0.10947714832032056,0.0004379085932812822
5467,5,1,0.10946035294459691,0.00043784141177838766
1525,3,1,0.10944368254805494,0.0004377747301922197
5332,9,1,0.10947713633519907,0.00043790854534079627
384,2,1,0.1084250588837311,0.00043370023553492443
5820,5,1,0.10947609300350726,0.00043790437201402904
7799,9,1,0.10947658857071249,0.00043790635428284997
7479,6,1,0.10895839335195383,0.0004358335734078153
9038,2,1,0.03022701779616739,0.00012090807118466956
8180,4,0,0.06284236878220945,0.0002513694751288378
650,3,1,0.10945776511995338,0.0004378310604798135
6184,1,1,0.10942568872063319,0.0004377027548825327
7372,5,1,0.10947791298645523,0.0004379116519458209
9547,4,0,0.07479039542714208,0.00029916158170856835
1596,0,1,0.1094778244250353,0.0004379112977001412
7538,5,1,0.10916903716212824,0.000436676148648513
1541,4,0,0.06493301328794113,0.0002597320531517645
2663,7,1,0.10947791412311113,0.00043791165649244453
4419,0,1,0.10947388074360796,0.0004378955229744319
2372,5,1,0.10947771794200808,0.00043791087176803234
9871,9,1,0.10947775677969357,0.00043791102711877427
1821,4,0,0.1094497950370284,0.0004377991801481136
191,8,1,0.1094767825483721,0.00043790713019348844
4871,7,1,0.10926975409988535,0.0004370790163995414
6628,4,0,0.10946089071738403,0.0004378435628695361
1937,1,1,0.1094779061432883,0.0004379116245731532
827,6,1,0.1092374778619023,0.0004369499114476092
8707,2,1,0.10947596008495857,0.00043790384033983424
7797,3,1,0.10847752460176066,0.00043391009840704263
6332,5,1,0.10947781743888536,0.00043791126975554145
8506,9,1,0.10947791412023707,0.00043791165648094825
9837,4,0,0.08496136203494775,0.00033984544813979103
5901,5,1,0.10937213763421265,0.0004374885505368506
2458,8,1,0.10943566990018143,0.0004377426796007257
5017,7,1,0.10947791356187363,0.00043791165424749453
6248,2,1,0.10947788350248214,0.00043791153400992854
277,3,1,0.10946776767677437,0.00043787107070709745
3102,0,1,0.10947404384847222,0.0004378961753938889
8394,7,1,0.10947772875858808,0.0004379109150343523
2491,9,1,0.1094728581454943,0.0004378914325819772
7324,1,1,0.10947789786480595,0.0004379115914592238
6117,1,1,0.10947782152744787,0.0004379112861097915
3228,3,1,0.10947760430037129,0.0004379104172014852
4171,0,1,0.10681438775045209,0.00042725755100180837
5077,0,1,0.10801915316909305,0.0004320766126763722
1554,4,0,0.09631471673377953,0.0003852588669351181
7047,8,1,0.10947320269567237,0.00043789281078268947
6841,1,1,0.10945895562618276,0.000437835822504731
9363,5,1,0.10947441464301204,0.00043789765857204816
9232,1,1,0.10944993890879634,0.00043779975563518534
5835,3,1,0.1094778947213787,0.0004379115788855148
6544,0,1,0.10911321933963697,0.0004364528773585479
2074,2,1,0.10946986229072886,0.0004378794491629154
3265,8,1,0.10937249457562492,0.0004374899783024997
9175,8,1,0.10947791210380235,0.0004379116484152094
6904,5,1,0.10947789913561853,0.00043791159654247414
88,8,1,0.109476207209329,0.00043790482883731603
8717,8,1,0.10378119146336123,0.00041512476585344496
6811,9,1,0.1094597153629144,0.00043783886145165764
5063,9,1,0.1094776598400073,0.00043791063936002923
3947,2,1,0.10921724986790367,0.00043686899947161466
41,6,1,0.10861927142152103,0.0004344770856860841
6053,4,0,0.09034946651500025,0.000361397866060001
422,0,1,0.10901719922948261,0.0004360687969179304
4219,0,1,0.10947763495284459,0.00043791053981137834
9964,2,1,0.10947317517194101,0.00043789270068776405
4284,9,1,0.1094778911406441,0.0004379115645625764
1980,9,1,0.109467431665716,0.000437869726662864
2558,4,0,0.10349832878666104,0.00041399331514664416
5871,6,1,0.10946915898209396,0.00043787663592837584
6059,9,1,0.10947791343610767,0.0004379116537444307
9767,2,1,0.08699965186005981,0.00034799860744023925
479,4,0,0.10796164635562894,0.00043184658542251575
8030,2,1,0.10947791265390032,0.0004379116506156013
3798,5,1,0.10947791413027787,0.0004379116565211115
8729,5,1,0.10940297647419461,0.00043761190589677846
9110,1,1,0.10947375054303096,0.00043789500217212386
2741,6,1,0.10926956272944824,0.000437078250917793
8170,5,1,0.10936273716894251,0.0004374509486757701
8410,5,1,0.10947098149146654,0.0004378839259658662
5911,6,1,0.10694700650824368,0.00042778802603297473
2545,4,0,0.10923860724180758,0.0004369544289672303
2317,5,1,0.10947754062122,0.00043791016248488
9983,0,1,0.1094528552456774,0.0004378114209827096
8607,8,1,0.10947699432833595,0.0004379079773133438
4074,2,1,0.1094776631538154,0.0004379106526152616
7710,9,1,0.10947786369089846,0.00043791145476359384
5070,7,1,0.10946475934673805,0.0004378590373869522
6201,3,1,0.08350881553282574,0.000334035262131303
4401,1,1,0.1094779021152489,0.0004379116084609956
6515,2,1,0.10945038024202063,0.0004378015209680825
6286,8,1,0.10947723766956462,0.0004379089506782585
9132,2,1,0.10947737525858142,0.0004379095010343257
2787,3,1,0.10947791390482445,0.0004379116556192978
257,0,1,0.1094779140918283,0.00043791165636731323
6605,6,1,0.10947789174816012,0.0004379115669926405
7374,3,1,0.109468830186973,0.000437875320747892
7867,4,0,0.09917422598818779,0.0003966969039527511
3732,9,1,0.10947791383202073,0.0004379116553280829
523,7,1,0.10947714455200187,0.0004379085782080075
809,7,1,0.10935410024957401,0.000437416400998296
9596,5,1,0.10947791340326114,0.0004379116536130446
4707,7,1,0.10947791382315028,0.00043791165529260114
7528,5,1,0.10947482881289215,0.0004378993152515686
8681,2,1,0.09026008418467911,0.0003610403367387164
8256,8,1,0.10947619439149743,0.0004379047775659897
7433,5,1,0.10947751667714599,0.000437910066708584
4855,1,1,0.10947651079077633,0.0004379060431631053
9856,5,1,0.1094778715971493,0.00043791148638859723
7102,0,1,0.10944495537208022,0.0004377798214883209
9525,2,1,0.10570281181775476,0.000422811247271019
448,2,1,0.09681654834029095,0.0003872661933611638
1351,7,1,0.10947790901374774,0.00043791163605499093
7733,0,1,0.108394341374527,0.000433577365498108
6806,1,1,0.10947757151296339,0.00043791028605185355
491,0,1,0.10947791390017572,0.0004379116556007029
9028,8,1,0.10917522088364222,0.00043670088353456885
3190,3,1,0.10947791402026798,0.00043791165608107193
3071,7,1,0.10947655155572816,0.00043790620622291267
3013,3,1,0.109477899590621,0.000437911598362484
4552,5,1,0.1094779141037727,0.00043791165641509077
8916,6,1,0.1094501812052622,0.0004378007248210488
8008,0,1,0.10946963842267113,0.0004378785536906845
9664,0,1,0.10947557990641275,0.00043790231962565103
1688,6,1,0.10914155078855814,0.0004365662031542326
1550,6,1,0.10947784372976506,0.00043791137491906024
3777,7,1,0.10940534174487616,0.00043762136697950464
9297,2,1,0.10934557037931197,0.0004373822815172479
2492,8,1,0.10947791413031117,0.0004379116565212447
9765,4,0,0.08598437057861372,0.00034393748231445487
3968,8,1,0.10584719243817642,0.00042338876975270566
4463,5,1,0.10947791354544095,0.0004379116541817638
4334,3,1,0.10941574751961924,0.00043766299007847695
7432,7,1,0.10947791380742804,0.00043791165522971215
1920,2,1,0.1094719627516908,0.0004378878510067632
438,3,1,0.10946251751932184,0.0004378500700772874
9292,3,1,0.10947791412973479,0.0004379116565189392
5128,3,1,0.10943099689749484,0.00043772398758997936
4056,0,1,0.10944777998562526,0.000437791119942501
400,9,1,0.10947791408793782,0.0004379116563517513
542,6,1,0.10947789681156733,0.00043791158724626933
5684,7,1,0.10902229397039118,0.0004360891758815647
4395,7,1,0.10947698656809776,0.00043790794627239103
4950,2,1,0.10947766923542537,0.0004379106769417015
5195,4,0,0.10931734550676638,0.0004372693820270655
2585,3,1,0.10669804674255247,0.0004267921869702099
1343,0,1,0.10947749564499432,0.0004379099825799773
8252,2,1,0.1032593281175443,0.0004130373124701772
3838,1,1,0.10941034452015341,0.00043764137808061364
326,7,1,0.08740501994358621,0.0003496200797743448
5600,6,1,0.10942988316457158,0.00043771953265828634
3576,4,0,0.10947720856194755,0.0004379088342477902
7195,7,1,0.10945977312359208,0.0004378390924943683
2588,4,0,0.1091193708700495,0.000436477483480198
2739,2,1,0.10400922454655165,0.0004160368981862066
8116,9,1,0.10947790744157797,0.0004379116297663119
4057,7,1,0.10944430793915484,0.00043777723175661935
6099,7,1,0.10947761974051523,0.00043791047896206094
9396,5,1,0.10946773794152295,0.0004378709517660918
7024,9,1,0.10946930965370287,0.0004378772386148115
7963,7,1,0.1094524022908459,0.0004378096091633836
5020,8,1,0.10947759540757919,0.00043791038163031677
6603,9,1,0.10940191268374409,0.0004376076507349764
3699,9,1,0.10947791126742938,0.0004379116450697175
8100,6,1,0.10947173642166212,0.00043788694568664847
6670,3,1,0.1092499508019497,0.0004369998032077988
2096,2,1,0.10947728312433748,0.0004379091324973499
2169,8,1,0.09199258022642193,0.0003679703209056877
3494,0,1,0.10947790895299944,0.00043791163581199775
6780,7,1,0.10946886462477337,0.00043787545849909346
2479,5,1,0.1094777067400471,0.0004379108269601884
9186,7,1,0.10935837888096693,0.0004374335155238677
3073,3,1,0.10947513815066956,0.00043790055260267826
750,9,1,0.10931942239524135,0.00043727768958096543
7295,5,1,0.10945471527008854,0.0004378188610803542
860,4,0,0.0733576961027366,0.00029343078441094637
7296,8,1,0.10753633981355631,0.00043014535925422527
9509,4,0,0.10936395374782225,0.000437455814991289
921,9,1,0.10947790375476414,0.00043791161501905655
1020,1,1,0.10947782697494876,0.00043791130789979504
4860,5,1,0.10945024085330643,0.00043780096341322573
7702,4,0,0.10947549327103168,0.0004379019730841267
3899,6,1,0.09238859913410503,0.00036955439653642015
5255,0,1,0.10800617283781488,0.00043202469135125953
1079,6,1,0.10947791189343827,0.00043791164757375306
9215,5,1,0.10947791377677238,0.00043791165510708954
2749,0,1,0.10947779191317956,0.00043791116765271823
1240,2,1,0.10531544680331938,0.0004212617872132775
369,1,1,0.109474988101277,0.00043789995240510796
1113,8,1,0.10947661397918901,0.000437906455916756
2915,5,1,0.10947775057268572,0.0004379110022907429
9011,2,1,0.1028721630618677,0.00041148865224747077
2377,6,1,0.10906470206013426,0.000436258808240537
2164,1,1,0.10947790971074968,0.0004379116388429987
4919,8,1,0.10947658811213208,0.0004379063524485283
7020,7,1,0.10947787790949633,0.0004379115116379853
9320,9,1,0.10947277264514281,0.00043789109058057124
7601,8,1,0.10947774389518791,0.00043791097558075167
3614,3,1,0.109470460477078,0.000437881841908312
7172,4,0,0.05235844558811805,0.0002094337823524722
7395,2,1,0.10865437168047155,0.0004346174867218862
3287,5,1,0.10947791412664389,0.00043791165650657553
4464,3,1,0.10946166280231705,0.0004378466512092682
6292,6,1,0.10885342450827012,0.0004354136980330805
1127,8,1,0.10658154733965981,0.00042632618935863927
1719,0,1,0.10848137270585777,0.0004339254908234311
9293,7,1,0.1091059719534541,0.0004364238878138164
6013,6,1,0.10883812684499766,0.00043535250737999063
3873,9,1,0.10947791413068282,0.0004379116565227313
1224,7,1,0.10460071474409431,0.00041840285897637723
3691,1,1,0.10947789384505206,0.00043791157538020824
454,9,1,0.10947776172041315,0.0004379110468816526
9807,1,1,0.10947789592220725,0.00043791158368882896
1648,8,1,0.10947771422206043,0.0004379108568882417
8463,1,1,0.10940394227853824,0.00043761576911415293
2454,1,1,0.10947789569234466,0.00043791158276937863
9627,4,0,0.07875352184131018,0.0003150140873652407
5876,6,1,0.1091428712011982,0.0004365714848047928
2113,0,1,0.10045201397645634,0.00040180805590582535
9282,7,1,0.10947192200931785,0.0004378876880372714
8381,4,0,0.10794146377521562,0.0004317658551008625
4981,1,1,0.1094726795564943,0.0004378907182259772
3128,9,1,0.10947791413030615,0.0004379116565212246
8137,8,1,0.10947785841856525,0.000437911433674261
104,1,1,0.10947747239301878,0.0004379098895720751
8535,7,1,0.10923528878971889,0.00043694115515887554
8824,3,1,0.10947627419600853,0.0004379050967840341
6463,8,1,0.10910245973758011,0.0004364098389503204
4459,8,1,0.10947083694151837,0.00043788334776607345
3663,1,1,0.10947791413075075,0.00043791165652300304
1082,9,1,0.10947778574887415,0.0004379111429954966
5384,6,1,0.10826059366109321,0.00043304237464437284
8383,2,1,-0.009238131112852349,-3.69525244514094e-05
4588,9,1,0.10947791412720503,0.00043791165650882016
8939,8,1,0.10928701378756506,0.0004371480551502602
9784,8,1,0.10947791357928927,0.00043791165431715707
8719,2,1,0.10946280103896415,0.0004378512041558566
6221,0,1,0.10947788721858916,0.00043791154887435664
7423,6,1,0.10936663249557606,0.0004374665299823042
6613,8,1,0.10947786387792936,0.00043791145551171746
4346,3,1,0.10947785762581799,0.00043791143050327195
573,3,1,0.10945774662795345,0.0004378309865118138
6534,7,1,0.10920975766487989,0.0004368390306595196
895,1,1,0.10947790826761881,0.00043791163307047525
5709,2,1,0.10944267898379469,0.00043777071593517874
6165,5,1,0.10945912190662817,0.00043783648762651267
3078,8,1,0.10940581661787534,0.0004376232664715013
3861,6,1,0.10857405399277631,0.00043429621597110523
9608,0,1,0.10946820475877905,0.0004378728190351162
7883,9,1,0.10947767739044958,0.00043791070956179833
6820,1,1,0.10947789418295972,0.0004379115767318389
7946,1,1,0.10918499355551005,0.0004367399742220402
6714,1,1,0.10947708562063468,0.00043790834248253873
9218,3,1,0.10947778197979585,0.0004379111279191834
9449,9,1,0.10947780625452287,0.0004379112250180915
2937,3,1,0.10798308490320002,0.00043193233961280006
7918,4,0,0.10947791408215297,0.0004379116563286119
5395,0,1,0.10925134839547021,0.00043700539358188087
323,3,1,0.10798265213024741,0.00043193060852098964
6423,5,1,0.10577897775260191,0.00042311591101040763
81,1,1,0.1094777882419587,0.00043791115296783477
6077,0,1,0.10380587566695032,0.00041522350266780126
2944,9,1,0.1094779126852951,0.00043791165074118037
7588,2,1,0.10947745300697516,0.00043790981202790065
1222,9,1,0.10947720641596757,0.0004379088256638703
8034,9,1,0.10947791411826423,0.00043791165647305693
2827,5,1,0.1094760961528046,0.0004379043846112184
1039,2,1,0.10521809187946844,0.00042087236751787375
2595,4,0,0.08004764668958993,0.0003201905867583597
2394,6,1,0.1078377791933381,0.0004313511167733524
1712,0,1,0.10924176110008768,0.0004369670444003507
6898,3,1,0.10947640430989178,0.0004379056172395671
4148,3,1,0.10947786919484873,0.0004379114767793949
7381,4,0,0.025664142165240697,0.00010265656866096279
1094,6,1,0.1094755532466847,0.0004379022129867388
7703,7,1,0.10947790588154764,0.00043791162352619056
9959,2,1,0.10947747906020967,0.0004379099162408387
1617,0,1,0.10947382646056558,0.0004378953058422623
5899,1,1,0.10947691709533265,0.0004379076683813306
3625,8,1,0.10940879456298702,0.0004376351782519481
1819,0,1,0.10947373220975504,0.00043789492883902016
9312,9,1,0.10946492577063524,0.00043785970308254094
6612,7,1,0.10947788027919757,0.00043791152111679027
6057,0,1,0.10947779239615206,0.0004379111695846082
3163,9,1,0.10947773105025885,0.0004379109242010354
7992,6,1,0.10568986730534757,0.0004227594692213903
2895,7,1,0.10947786751112462,0.00043791147004449847
7409,8,1,0.10947064104180128,0.0004378825641672051
6711,5,1,0.10947791262844973,0.00043791165051379894
3737,2,1,0.0866574561886869,0.00034662982475474756
7576,8,1,0.10937849044569237,0.00043751396178276947
1564,1,1,0.10947718467409945,0.0004379087386963978
3099,9,1,0.10947736573015496,0.0004379094629206198
619,1,1,0.10947791411580134,0.00043791165646320533
972,2,1,0.10946920196875516,0.00043787680787502064
6815,0,1,0.10942925769640491,0.0004377170307856196
4332,7,1,0.10947032118885323,0.0004378812847554129
368,8,1,0.1094757654517511,0.0004379030618070044
7194,8,1,0.1094673621091966,0.00043786944843678637
8981,7,1,0.08968365264134587,0.00035873461056538345
5970,1,1,0.10947558476537818,0.0004379023390615127
3548,0,1,0.10945611681552664,0.00043782446726210657
106,3,1,0.10938404143777912,0.0004375361657511165
9083,8,1,0.10947790574366634,0.0004379116229746654
2309,6,1,0.10919833118896194,0.00043679332475584775
7943,1,1,0.10947779437298974,0.000437911177491959
7390,6,1,0.10947782616174018,0.0004379113046469607
282,6,1,0.10849416723945947,0.0004339766689578379
6998,8,1,0.109401765289342,0.00043760706115736803
8527,1,1,0.10942503766762235,0.0004377001506704894
3521,8,1,0.09041003464924555,0.0003616401385969822
2993,0,1,0.1094656059115859,0.0004378624236463436
2016,6,1,0.10448640261339558,0.0004179456104535823
8883,8,1,0.10947743165370924,0.000437909726614837
7379,7,1,0.10946426797578915,0.0004378570719031566
5371,7,1,0.10910172086579223,0.0004364068834631689
9088,2,1,0.10941039868919746,0.00043764159475678983
1132,2,1,0.1088671078377081,0.0004354684313508324
7611,7,1,0.10944039479003559,0.00043776157916014237
6432,8,1,0.1094752535253656,0.00043790101410146244
3458,5,1,0.10939629888969855,0.0004375851955587942
2134,4,0,0.10947727987101562,0.00043790911948406245
7610,7,1,0.10944323969777568,0.00043777295879110273
1081,6,1,0.1094611937102205,0.000437844774840882
4907,5,1,0.10947784960160657,0.0004379113984064263
3689,7,1,0.1094778313246177,0.0004379113252984708
8043,0,1,0.10746294857503298,0.00042985179430013194
1210,0,1,0.1094754243349146,0.0004379016973396584
2325,7,1,0.10947790689705643,0.0004379116275882257
5449,1,1,0.10947791411040675,0.000437911656441627
1955,2,1,0.10947592186104015,0.0004379036874441606
4894,6,1,0.1093638457713275,0.00043745538308531
9585,4,0,0.10944730233322222,0.0004377892093328889
9630,6,1,0.10939721270520357,0.0004375888508208143
2080,1,1,0.10947383654081379,0.00043789534616325517
8614,8,1,0.10947359145350634,0.00043789436581402537
2145,7,1,0.10931886913025259,0.00043727547652101036
1795,6,1,0.10945636732873985,0.00043782546931495943
4623,5,1,0.10947791412759446,0.00043791165651037783
1587,2,1,0.1090639703848426,0.0004362558815393704
6265,4,0,0.10947539606858996,0.00043790158427435983
2600,8,1,0.10944957920978089,0.00043779831683912355
5695,7,1,0.10944063747717679,0.0004377625499087072
6042,6,1,0.10943508126236233,0.0004377403250494493
8998,9,1,0.10947774720418686,0.00043791098881674746
6536,1,1,0.10947275421412213,0.0004378910168564885
2621,8,1,0.10931210158179887,0.00043724840632719547
8966,3,1,0.10947777287528952,0.0004379110915011581
3957,9,1,0.10947671276318945,0.0004379068510527578
186,6,1,0.10754106290008256,0.0004301642516003302
4066,6,1,0.10928795442205883,0.0004371518176882353
6501,2,1,0.10947500033014335,0.0004379000013205734
5428,4,0,0.1094754149729203,0.0004379016598916812
7723,3,1,0.1086056120144318,0.00043442244805772716
8926,4,0,0.10615614420879423,0.0004246245768351769
9698,7,1,0.10947791350281046,0.00043791165401124184
8482,1,1,0.10947791413072919,0.00043791165652291674
9609,1,1,0.10803883949910703,0.0004321553579964281
8284,2,1,0.08984355796249183,0.0003593742318499673
9368,1,1,0.10947791384589771,0.00043791165538359085
3105,1,1,0.10947605849707152,0.0004379042339882861
6443,6,1,0.10564322896523047,0.0004225729158609219
4439,9,1,0.1094778567687362,0.0004379114270749448
546,1,1,0.10947790152795348,0.0004379116061118139
2583,7,1,0.10947791390702308,0.0004379116556280923
7224,3,1,0.10947743253594701,0.00043790973014378804
5853,5,1,0.10947739570603322,0.00043790958282413287
1156,1,1,0.10931983679709881,0.0004372793471883952
9700,0,1,0.1092813079687384,0.0004371252318749536
5790,9,1,0.10947229301540608,0.0004378891720616243
1899,7,1,0.10947357734733511,0.0004378943093893404
5029,3,1,0.10871514825121868,0.0004348605930048747
3915,4,0,0.10449911324507899,0.000417996452980316
6015,0,1,0.10944996430038331,0.0004377998572015332
6040,2,1,0.10947773201293878,0.00043791092805175514
5519,6,1,0.10946843104331913,0.00043787372417327655
2084,7,1,0.10947751375714297,0.0004379100550285719
6310,5,1,0.10947786542761431,0.0004379114617104573
7790,8,1,0.10943120656751092,0.00043772482627004366
9131,3,1,0.1094776863141421,0.00043791074525656844
5293,0,1,0.10947654180913811,0.00043790616723655246
4818,3,1,0.10947583176819849,0.00043790332707279394
888,0,1,0.10945529866864874,0.00043782119467459493
9319,3,1,0.10947791370851064,0.00043791165483404254
2812,0,1,0.1085485215614061,0.0004341940862456244
9191,3,1,0.1094542800496761,0.0004378171201987044
8997,5,1,0.10947661289370952,0.0004379064515748381
792,3,1,0.10947437323589239,0.00043789749294356956
7125,5,1,0.1094778784399152,0.0004379115137596608
2424,8,1,0.1094774371668074,0.0004379097486672296
1122,8,1,0.10947559220074078,0.0004379023688029631
7743,3,1,0.10947766956955687,0.0004379106782782275
9483,0,1,0.10945567491699476,0.00043782269966797903
8417,1,1,0.10947791390732992,0.00043791165562931964
1651,0,1,0.10930901656136173,0.0004372360662454469
7306,4,0,0.10685630649435277,0.00042742522597741104
8622,4,0,0.09855563036373484,0.00039422252145493935
377,7,1,0.10942558040006366,0.0004377023216002546
5518,3,1,0.10946754047687444,0.0004378701619074978
3748,5,1,0.10939283863739609,0.00043757135454958434
608,3,1,0.10947785512455309,0.00043791142049821234
6072,5,1,0.10947654025308244,0.0004379061610123298
113,2,1,0.10149533991456014,0.00040598135965824056
7303,8,1,0.10930649835897997,0.0004372259934359199
9306,8,1,0.10941957526792505,0.00043767830107170017
1609,4,0,0.10917599586137822,0.0004367039834455129
6666,2,1,-0.09304414997884848,-0.00037217659991539394
1699,7,1,0.10925343520203641,0.00043701374080814566
2339,2,1,0.10811591094985132,0.0004324636437994053
7850,0,1,0.1089926226875111,0.0004359704907500444
6234,7,1,0.10947791336548464,0.00043791165346193856
9133,9,1,0.10947783022929129,0.00043791132091716516
4926,7,1,0.10932437856369245,0.0004372975142547698
7994,0,1,0.10613312205789971,0.00042453248823159885
4270,0,1,0.10943750674849835,0.0004377500269939934
1344,9,1,0.10945466114714802,0.0004378186445885921
6232,2,1,0.10947791367002224,0.000437911654680089
23,9,1,0.10947765172442812,0.0004379106068977125
713,7,1,0.10945455754904272,0.0004378182301961709
6672,9,1,0.10947627431930396,0.00043790509727721584
2555,7,1,0.10947791407030358,0.0004379116562812143
6587,3,1,0.10942335712964761,0.00043769342851859047
9572,8,1,0.10947791332425746,0.00043791165329702984
9428,7,1,0.1094351736825275,0.00043774069473011
4327,1,1,0.1094779141275338,0.0004379116565101352
6412,8,1,0.1094358755496275,0.00043774350219851
6750,4,0,0.10919157329774433,0.0004367662931909773
7157,5,1,0.10946236425332108,0.00043784945701328434
5080,7,1,0.10947784159990265,0.0004379113663996106
869,1,1,0.10798579523965784,0.0004319431809586314
9129,4,0,0.09832167866476353,0.0003932867146590541
7405,7,1,0.10947443326658679,0.0004378977330663472
3487,5,1,0.10947791400140383,0.0004379116560056153
891,6,1,0.10888348633884547,0.00043553394535538186
7839,3,1,0.10926848336298307,0.0004370739334519323
7050,8,1,0.10947790837815669,0.0004379116335126267
339,7,1,0.10947708744370475,0.000437908349774819
1653,9,1,0.10947693423491796,0.00043790773693967185
3001,1,1,0.1094777964661643,0.0004379111858646572
3011,3,1,0.1094778049834077,0.0004379112199336308
7325,4,0,0.09893075836385551,0.00039572303345542203
5891,0,1,0.10934536089667363,0.0004373814435866945
8589,5,1,0.10705706823372196,0.00042822827293488786
5261,2,1,0.10945982350349756,0.0004378392940139902
4522,2,1,0.09217703577816257,0.0003687081431126503
4316,8,1,0.10936728997894281,0.0004374691599157712
462,1,1,0.10947791356962908,0.0004379116542785163
9566,9,1,0.10947787259495961,0.00043791149037983844
6209,7,1,0.10947776211831264,0.00043791104847325056
5870,7,1,0.10929946766414798,0.0004371978706565919
5533,2,1,0.10947678276227228,0.00043790713104908914
5084,3,1,0.10947791409571768,0.0004379116563828707
947,1,1,0.10947648061098243,0.0004379059224439297
8495,1,1,0.10947496480501923,0.0004378998592200769
8924,2,1,0.10243180940907202,0.0004097272376362881
5140,8,1,0.10920671463847297,0.00043682685855389185
5200,3,1,0.1094779137136057,0.0004379116548544228
1834,9,1,0.10895686265619503,0.0004358274506247801
9260,5,1,0.10930517783743583,0.0004372207113497433
3141,9,1,0.10947790595197379,0.0004379116238078952
6510,4,0,0.109477914076607,0.00043791165630642796
8133,8,1,0.10946129694978946,0.0004378451877991578
4763,0,1,0.10947791408607176,0.000437911656344287
5383,8,1,0.10947791401785155,0.0004379116560714062
3196,7,1,0.10946063438354316,0.00043784253753417264
8629,7,1,0.10947779272993069,0.00043791117091972274
70,2,1,0.09857235527615549,0.00039428942110462196
6009,3,1,0.10820518438482926,0.00043282073753931705
464,3,1,0.10936937757690972,0.0004374775103076389
986,3,1,0.10947789246777967,0.0004379115698711187
3095,4,0,0.10350841754492997,0.0004140336701797199
8615,9,1,0.10946823158423853,0.00043787292633695415
8335,7,1,0.10947758706740586,0.00043791034826962344
5869,7,1,0.10930999467845892,0.0004372399787138357
802,4,0,0.10947775527126631,0.00043791102108506526
7145,3,1,0.10947515257598514,0.00043790061030394054
6608,5,1,0.10370408750485781,0.0004148163500194312
5156,5,1,0.1094779134260807,0.0004379116537043228
6886,1,1,0.10946114852305361,0.00043784459409221445
8009,5,1,0.10945291327797375,0.000437811653111895
7114,1,1,0.10947791214616547,0.00043791164858466186
6018,5,1,0.10904370284128621,0.00043617481136514483
5486,3,1,0.1094777436411623,0.0004379109745646492
1717,7,1,0.10947518555083226,0.00043790074220332903
3194,3,1,0.10947413135949596,0.0004378965254379839
8995,9,1,0.10947209791827778,0.0004378883916731111
5354,0,1,0.10471060549713343,0.00041884242198853374
2641,4,0,0.09214229570273698,0.0003685691828109479
7566,9,1,0.10947762820728527,0.00043791051282914104
3846,9,1,0.10947791411048571,0.0004379116564419429
9651,7,1,0.10946872193253776,0.00043787488773015104
6921,6,1,0.106906643924395,0.00042762657569758
3197,6,1,0.10841001598575022,0.00043364006394300085
6066,2,1,0.10945266153071893,0.00043781064612287575
5782,7,1,0.10947787917020929,0.00043791151668083714
8583,8,1,0.1094710907694543,0.0004378843630778172
3954,5,1,0.10947785341751778,0.00043791141367007115
8950,9,1,0.1094727716772058,0.0004378910867088232
3886,8,1,0.10740169707033113,0.0004296067882813245
6600,7,1,0.10947791407896555,0.0004379116563158622
3508,3,1,0.1094779139118666,0.0004379116556474664
7442,7,1,0.1094770563556883,0.0004379082254227532
5358,1,1,0.10946328733744805,0.0004378531493497922
5897,4,0,0.09488658579590797,0.0003795463431836319
9725,8,1,0.10947789093241996,0.00043791156372967983
5400,9,1,0.10939112463057704,0.00043756449852230817
1948,5,1,0.10947791295708731,0.00043791165182834925
657,1,1,0.10947789547614349,0.000437911581904574
3906,3,1,0.10941577936519101,0.000437663117460764
5881,3,1,0.10945139934925226,0.000437805597397009
6052,8,1,0.10944013915013179,0.00043776055660052715
9523,5,1,0.10947786775951229,0.0004379114710380492
5960,2,1,0.10937801415666051,0.00043751205662664205
6982,1,1,0.10945903308557892,0.00043783613234231564
1292,4,0,0.10947193626154193,0.00043788774504616775
1605,3,1,0.10926053525825671,0.00043704214103302684
3017,5,1,0.1094779089245833,0.0004379116356983332
2711,5,1,0.10940925562869058,0.00043763702251476235
8604,6,1,0.10947791404587766,0.00043791165618351066
8786,3,1,0.10133277326218974,0.00040533109304875895
9466,8,1,0.10894821550795984,0.00043579286203183936
2894,6,1,0.10947759149622598,0.0004379103659849039
7334,5,1,0.10947790719145221,0.00043791162876580887
889,4,0,0.10788999105478725,0.000431559964219149
2268,3,1,0.10947791394605513,0.0004379116557842205
2494,5,1,0.1094779049086436,0.0004379116196345744
6968,8,1,0.10946588119225101,0.00043786352476900405
6561,9,1,0.10947787441133636,0.0004379114976453454
5008,4,0,0.10863393669445748,0.0004345357467778299
4478,1,1,0.10945955463149272,0.0004378382185259709
4893,1,1,0.10947643375828259,0.0004379057350331303
6491,0,1,0.10947113872039357,0.0004378845548815743
1291,9,1,0.10947769809899513,0.0004379107923959805
1309,6,1,0.1092224502643214,0.0004368898010572856
4709,8,1,0.10947694036943122,0.00043790776147772486
3185,2,1,0.10947626307697386,0.00043790505230789547
9848,2,1,0.10947690995647652,0.0004379076398259061
7127,5,1,0.10947790811312022,0.0004379116324524809
7590,2,1,0.04408758008892204,0.00017635032035568816
7338,5,1,0.10947627867165251,0.00043790511468661
8623,1,1,0.10947732615045504,0.00043790930460182016
2371,4,0,0.1094775917933466,0.0004379103671733864
2834,4,0,0.0474034807801359,0.0001896139231205436
2033,2,1,0.10136152958206669,0.0004054461183282668
5971,1,1,0.1094718985984268,0.00043788759439370724
7089,7,1,0.10947393600974359,0.00043789574403897436
3106,8,1,0.10947314964434081,0.00043789259857736324
1915,9,1,0.10947790758183534,0.00043791163032734135
4737,9,1,0.10947554542203707,0.00043790218168814825
8746,3,1,0.10945968168072351,0.000437838726722894
9054,8,1,0.10748514178635186,0.0004299405671454075
6865,3,1,0.10892343830876394,0.0004356937532350558
1202,2,1,0.10947782343024826,0.00043791129372099303
5247,7,1,0.10947787387344951,0.00043791149549379804
3167,2,1,0.10917763976607625,0.000436710559064305
8173,5,1,0.10947779057276552,0.0004379111622910621
1301,1,1,0.10947765724965525,0.000437910628998621
8837,1,1,0.109477914130748,0.00043791165652299203
4347,8,1,0.10947753009909954,0.00043791012039639816
6906,1,1,0.10947783552695471,0.00043791134210781883
7084,4,0,0.09245278083545472,0.00036981112334181886
9411,7,1,0.1094120718466957,0.0004376482873867828
749,5,1,0.1094708970835192,0.0004378835883340768
9063,7,1,0.10947789390053933,0.00043791157560215733
5294,8,1,0.1094778506271784,0.00043791140250871356
1508,8,1,0.10947445772066237,0.0004378978308826495
9663,1,1,0.10947673140584634,0.00043790692562338534
1216,8,1,0.10947791386692556,0.0004379116554677022
6958,7,1,0.10947791089024238,0.0004379116435609695
8789,5,1,0.10947767622998045,0.00043791070491992176
3806,5,1,0.1088248613575942,0.0004352994454303768
5644,7,1,0.10947673956250174,0.00043790695825000696
7887,5,1,0.10947712145556567,0.00043790848582226266
3742,9,1,0.10947791409290986,0.0004379116563716394
1658,4,0,0.10870411587857179,0.00043481646351428715
9471,6,1,0.1094245897297703,0.00043769835891908123
3860,7,1,0.10947756354579316,0.0004379102541831726
8026,0,1,0.10947722474161385,0.0004379088989664554
3729,8,1,0.10947481746963941,0.00043789926987855766
2760,2,1,0.10661560005281834,0.00042646240021127337
6479,4,0,0.10946116508261214,0.00043784466033044853
7708,2,1,0.10325096220007703,0.0004130038488003081
1770,7,1,0.10899065624917126,0.000435962624996685
1459,8,1,0.1091253654326078,0.0004365014617304312
3569,9,1,0.10947742625168169,0.00043790970500672677
2631,4,0,0.08867364319658512,0.00035469457278634046
7044,4,0,0.10947547113170755,0.00043790188452683023
8500,4,0,0.10588262151349986,0.00042353048605399944
6494,0,1,0.1086587078542236,0.0004346348314168944
2795,3,1,0.10947791413075458,0.0004379116565230183
4546,2,1,0.10947649123658788,0.00043790596494635154
903,5,1,0.10947761090482683,0.0004379104436193073
7948,1,1,0.10900762814806089,0.00043603051259224356
8192,5,1,0.1094778047117251,0.0004379112188469004
7505,7,1,0.10947790006076295,0.0004379116002430518
1935,6,1,0.10938425608245565,0.0004375370243298226
9205,4,0,0.10848500311329687,0.00043394001245318747
6207,9,1,0.10947730964760419,0.00043790923859041674
8985,9,1,0.10935245270799124,0.000437409810831965
7453,0,1,0.10947790921331871,0.00043791163685327484
142,6,1,0.10947789882145749,0.00043791159528582994
6851,0,1,0.10947341802058931,0.00043789367208235723
7942,9,1,0.10939097186341655,0.0004375638874536662
9538,8,1,0.10947113560384371,0.0004378845424153748
1871,3,1,0.10947039513545308,0.0004378815805418123
4214,7,1,0.10947791339682643,0.0004379116535873057
8901,5,1,0.10947790540908439,0.00043791162163633754
6994,3,1,0.09159551403129268,0.0003663820561251707
6986,5,1,0.10946939313984717,0.0004378775725593887
7061,4,0,0.10780905502811387,0.0004312362201124555
1326,6,1,0.09336921137482644,0.00037347684549930574
1902,0,1,0.1094775329163672,0.00043791013166546885
8102,3,1,0.10947565041346367,0.0004379026016538547
8206,7,1,0.10947727728930146,0.00043790910915720584
2708,4,0,0.10897933073432396,0.00043591732293729585
7359,1,1,0.10947693327827156,0.0004379077331130862
3336,0,1,0.10947669840730681,0.00043790679362922723
7269,7,1,0.1094685020210565,0.000437874008084226
682,4,0,0.10947649333668952,0.00043790597334675805
9727,6,1,0.10947247166463503,0.0004378898866585401
7924,3,1,0.10406411850921575,0.000416256474036863
6791,7,1,0.10947791036741587,0.0004379116414696635
4706,2,1,0.08768289365455467,0.0003507315746182187
7523,0,1,0.10947791330865576,0.00043791165323462305
6949,0,1,0.10663394747787483,0.0004265357899114993
689,0,1,0.10938729672594863,0.0004375491869037945
2362,3,1,0.1001576709959275,0.00040063068398370997
8634,6,1,0.10901657630133615,0.0004360663052053446
8097,1,1,0.1094779022467954,0.0004379116089871816
6537,5,1,0.10728315174459938,0.0004291326069783975
6583,0,1,0.1094378280994779,0.0004377513123979116
5678,1,1,0.10591414020570193,0.00042365656082280775
9055,6,1,0.10931421221274223,0.0004372568488509689
9280,9,1,0.10947672427809313,0.0004379068971123725
5952,9,1,0.10947560198364069,0.00043790240793456275
4029,4,0,0.10421851537401326,0.00041687406149605306
6965,6,1,0.10947789266075278,0.0004379115706430111
9305,5,1,0.10798050622334772,0.0004319220248933909
6676,0,1,0.10945404687379909,0.00043781618749519634
3679,0,1,0.10947065161889226,0.00043788260647556904
2648,4,0,0.10924209887964138,0.0004369683955185655
8446,3,1,0.1094779141235536,0.0004379116564942144
6464,1,1,0.10947791413033289,0.0004379116565213316
1721,8,1,0.10947765619701626,0.00043791062478806505
3707,6,1,0.08299986200275414,0.00033199944801101655
5749,5,1,0.10947784543284325,0.000437911381731373
4974,7,1,0.10936530570852669,0.0004374612228341068
9998,1,1,0.109476508212413,0.00043790603284965204
509,4,0,0.0684624233799618,0.00027384969351984724
1305,9,1,0.10947791404547219,0.00043791165618188875
3601,0,1,0.10947791412489438,0.00043791165649957755
7150,3,1,0.10874248900392618,0.0004349699560157047
9355,6,1,0.10696811211250351,0.00042787244845001403
1032,6,1,0.10947518187730775,0.000437900727509231
4008,8,1,0.10932287954633854,0.0004372915181853542
3286,6,1,0.10746841536596917,0.00042987366146387667
2294,1,1,0.10947208537123589,0.00043788834148494356
6391,9,1,0.10947445051680463,0.0004378978020672185
4306,3,1,0.10947771493077937,0.00043791085972311747
5245,1,1,0.10947791409336499,0.00043791165637345995
2386,4,0,0.10947791407461935,0.0004379116562984774
4740,5,1,0.10941648554684535,0.0004376659421873814
4297,9,1,0.10947654668899888,0.0004379061867559955
3652,2,1,0.10944123184537857,0.0004377649273815143
5418,8,1,0.10946909170623435,0.0004378763668249374
7617,2,1,0.1090457708837214,0.0004361830835348856
1170,7,1,0.10947779165007988,0.00043791116660031956
938,9,1,0.1082854300661612,0.0004331417202646448
4367,0,1,0.10947790745102606,0.00043791162980410424
8372,1,1,0.10935575029350382,0.0004374230011740153
7519,2,1,0.09866261699337812,0.0003946504679735125
8514,7,1,0.10947791181737977,0.0004379116472695191
1646,0,1,0.10947784513704154,0.00043791138054816614
4248,3,1,0.10947790895073678,0.0004379116358029471
7155,9,1,0.10947789510817159,0.0004379115804326864
4479,7,1,0.10941314909321928,0.0004376525963728771
785,0,1,0.1094689157582456,0.0004378756630329824
5343,3,1,0.10947791378635369,0.00043791165514541473
2514,9,1,0.10947787900372351,0.00043791151601489404
5503,8,1,0.10947790015511868,0.0004379116006204747
9952,5,1,0.10939312004400371,0.00043757248017601484
7814,7,1,0.10947762435294672,0.0004379104974117869
2886,6,1,0.10947719207999422,0.0004379087683199769
2452,2,1,0.10938994409514807,0.00043755977638059226
8979,5,1,0.10946279394911566,0.0004378511757964627
3340,6,1,0.08119972142025997,0.00032479888568103985
2213,4,0,0.08891560376577784,0.00035566241506311135
7845,2,1,0.10945436728175277,0.00043781746912701107
1208,3,1,0.10478936111228886,0.0004191574444491554
7752,9,1,0.10947791412753154,0.00043791165651012613
8646,2,1,0.10945735953112759,0.00043782943812451034
86,2,1,0.10947790147224923,0.00043791160588899694
4492,8,1,0.10947785815759513,0.0004379114326303805
9554,7,1,0.10946329226239516,0.00043785316904958063
3171,0,1,0.10947765654052148,0.0004379106261620859
7555,1,1,0.10947784159375704,0.00043791136637502816
8852,7,1,0.10946228339659514,0.00043784913358638054
2838,1,1,0.10911842469897215,0.0004364736987958886
9913,7,1,0.09140920826133145,0.0003656368330453258
1190,1,1,0.10947633896805183,0.0004379053558722073
1220,9,1,0.10877858949398977,0.0004351143579759591
1106,9,1,0.10947790958355225,0.000437911638334209
9451,8,1,0.10947745031011992,0.00043790980124047967
5079,1,1,0.10947251818795263,0.0004378900727518105
1736,5,1,0.1094717842857686,0.00043788713714307443
6805,1,1,0.1094482321718685,0.000437792928687474
5700,3,1,0.10947490833164918,0.0004378996333265967
6120,5,1,0.10947790511425369,0.00043791162045701473
7330,5,1,0.1086367601634399,0.00043454704065375957
3908,2,1,0.10947791329082193,0.00043791165316328775
7742,0,1,0.10946845710277894,0.0004378738284111158
8811,1,1,0.10947782109575825,0.000437911284383033
3250,2,1,0.10709339538622396,0.00042837358154489586
1916,9,1,0.1073996821112659,0.0004295987284450636
4267,7,1,0.1094766817837223,0.0004379067271348892
9782,2,1,0.10412293921300103,0.00041649175685200415
8554,0,1,0.10947791407652428,0.0004379116563060971
6348,8,1,0.10947559814367791,0.00043790239257471167
8972,9,1,0.1094779139662879,0.00043791165586515155
8879,9,1,0.10946854620475167,0.0004378741848190067
7175,7,1,0.10947168842709896,0.00043788675370839584
4917,5,1,0.1094770615811885,0.000437908246324754
6277,2,1,0.0800960761786181,0.0003203843047144724
5144,0,1,0.10947263249181138,0.0004378905299672455
4529,4,0,0.10662110879102052,0.0004264844351640821
5541,7,1,0.10940131386975219,0.00043760525547900875
9367,9,1,0.10947774413082638,0.00043791097652330554
3853,9,1,0.1094755886235937,0.0004379023544943748
9192,2,1,0.10601024464922075,0.000424040978596883
2018,3,1,0.0994017401957374,0.0003976069607829496
1715,3,1,0.10944062146020028,0.00043776248584080114
5471,6,1,0.10944465322445814,0.0004377786128978325
80,8,1,0.10939111082391198,0.0004375644432956479
3626,9,1,0.10947764297753386,0.0004379105719101354
5389,4,0,0.10933909973858431,0.00043735639895433725
4283,6,1,0.10935669794642625,0.00043742679178570496
5896,8,1,0.10947788310548684,0.0004379115324219474
8319,7,1,0.10938243114998188,0.0004375297245999275
1758,2,1,0.08018098426390244,0.00032072393705560973
4691,2,1,0.07377360662004993,0.0002950944264801997
8840,2,1,0.10947625143603999,0.00043790500574415997
7509,3,1,0.10690336348866647,0.0004276134539546659
2531,2,1,0.10947791307820766,0.0004379116523128306
5045,7,1,0.1094656749083088,0.0004378626996332352
5559,3,1,0.07833936688146864,0.00031335746752587457
3140,8,1,0.10945897648849781,0.00043783590595399127
831,3,1,0.10888651070288345,0.0004355460428115338
6837,5,1,0.10512753471171628,0.00042051013884686513
6314,6,1,0.09488369334423716,0.00037953477337694864
9993,5,1,0.10947791102081067,0.00043791164408324266
4491,2,1,0.08939978749083345,0.0003575991499633338
9836,2,1,0.10947139495678522,0.0004378855798271409
8954,2,1,0.05866200727952868,0.00023464802911811472
5805,1,1,0.1094779109343144,0.0004379116437372576
3674,3,1,0.10947664564145869,0.00043790658256583477
8722,7,1,0.10947608617441962,0.00043790434469767847
9567,7,1,0.10878037304453707,0.0004351214921781483
9463,9,1,0.10947749148749997,0.0004379099659499999
4526,3,1,0.10947202748773037,0.00043788810995092146
9481,2,1,0.10869799079892575,0.000434791963195703
9851,6,1,0.10931367365851904,0.00043725469463407616
3533,2,1,0.061618396035752636,0.00024647358414301053
5387,3,1,0.10657136429161503,0.0004262854571664601
9558,0,1,0.10873822927108294,0.00043495291708433177
4795,5,1,0.10947622105101014,0.0004379048842040406
9049,6,1,0.10923717964410004,0.00043694871857640014
7605,2,1,0.10597433015429666,0.0004238973206171867
1203,0,1,0.109168830491433,0.000436675321965732
4975,3,1,0.10947787570008169,0.00043791150280032674
1336,4,0,0.10697082949807613,0.0004278833179923045
8306,6,1,0.10915143694776908,0.0004366057477910763
722,8,1,0.10947695971272207,0.0004379078388508883
1532,8,1,0.1091375849986954,0.0004365503399947816
2447,6,1,0.10947763446730246,0.00043791053786920985
8449,1,1,0.10946960255449922,0.0004378784102179969
6280,8,1,0.10942932845542533,0.00043771731382170133
1181,3,1,0.10945825960275751,0.00043783303841103005
9235,0,1,0.10933338160998927,0.0004373335264399571
3363,2,1,0.1094491590657526,0.0004377966362630104
557,4,0,0.1094749562495146,0.0004378998249980584
2498,3,1,0.10938497151177919,0.0004375398860471167
132,8,1,0.10947699418774058,0.0004379079767509623
5280,0,1,0.1094779141239955,0.000437911656495982
4151,6,1,0.0625428547333149,0.0002501714189332596
5760,2,1,0.032405735622596785,0.00012962294249038714
9455,1,1,0.109477902209114,0.000437911608836456
8971,6,1,0.0788809986642935,0.000315523994657174
9796,9,1,0.10947784525608459,0.00043791138102433836
7286,2,1,0.10947771830882966,0.00043791087323531865
9902,6,1,0.10947776246383661,0.00043791104985534644
1623,2,1,0.10690542837340643,0.0004276217134936257
5031,4,0,0.1081188567623422,0.00043247542704936883
2906,1,1,0.10946670473099593,0.0004378668189239837
3555,6,1,0.1038029387595385,0.000415211755038154
4584,4,0,0.1094749994704878,0.0004378999978819512
8433,3,1,0.10781116520681862,0.00043124466082727447
9634,1,1,0.10947726767599164,0.00043790907070396655
9461,4,0,0.10930236000386348,0.0004372094400154539
1195,6,1,0.10947791186860052,0.0004379116474744021
8919,7,1,0.10934693637835956,0.0004373877455134382
2866,9,1,0.10947769525676422,0.0004379107810270569
4296,8,1,0.10946888033334491,0.00043787552133337963
9515,0,1,0.10947177941936835,0.00043788711767747343
97,0,1,0.09054944813900098,0.00036219779255600393
4117,4,0,0.10912041124038285,0.0004364816449615314
5932,4,0,0.10250666899439317,0.0004100266759775727
3745,1,1,0.10947791407029234,0.00043791165628116936
1689,9,1,0.10947791397754446,0.0004379116559101778
9720,8,1,0.10818290106474279,0.00043273160425897115
6022,0,1,0.10947785235690562,0.0004379114094276225
2161,5,1,0.10772130689251425,0.000430885227570057
3134,7,1,0.10947789127372902,0.0004379115650949161
4320,1,1,0.10947763925722785,0.0004379105570289114
7836,0,1,0.10947789741952971,0.0004379115896781188
7129,1,1,0.10947783481596861,0.00043791133926387446
3373,6,1,0.10942283522381449,0.00043769134089525797
7348,2,1,0.10947772363663281,0.00043791089454653126
9353,5,1,0.10947572715463945,0.0004379029086185578
2361,2,1,0.10925906568372132,0.00043703626273488525
3686,8,1,0.10946936782325982,0.0004378774712930393
4684,1,1,0.10947652815575068,0.0004379061126230027
5121,6,1,0.09513381394493534,0.00038053525577974134
2740,1,1,0.1094779120734028,0.00043791164829361115
3319,2,1,0.10947791409884965,0.00043791165639539857
655,2,1,0.10947602298100534,0.0004379040919240214
5719,2,1,0.10947786053544568,0.00043791144214178274
5302,0,1,0.10907701161221889,0.00043630804644887556
8953,9,1,0.10947791016642236,0.0004379116406656894
3733,2,1,0.10947790069419233,0.00043791160277676934
8350,9,1,0.10943794080437974,0.000437751763217519
5188,8,1,0.10947185611566972,0.00043788742446267885
3578,7,1,0.10947247939021768,0.0004378899175608707
2501,4,0,0.04764483219902984,0.00019057932879611937
3829,8,1,0.10886136497949628,0.0004354454599179851
571,7,1,0.10947791346464313,0.0004379116538585725
8708,7,1,0.10926844051185411,0.00043707376204741644
4047,4,0,0.10010455795073649,0.00040041823180294597
9373,1,1,0.10942825153456938,0.0004377130061382775
6622,4,0,0.09357347578980055,0.0003742939031592022
1299,7,1,0.10947784787552048,0.0004379113915020819
9147,9,1,0.10947736608323848,0.0004379094643329539
4942,5,1,0.10947784556331759,0.00043791138225327035
6923,0,1,0.1094766533965356,0.0004379066135861424
4232,5,1,0.10947734020577243,0.0004379093608230897
7368,5,1,0.10947791391419372,0.0004379116556567749
7106,8,1,0.10947788019777338,0.00043791152079109355
8492,0,1,0.10947618010334859,0.00043790472041339433
3120,4,0,0.09660088910502228,0.0003864035564200891
1909,3,1,0.10942434350843709,0.0004376973740337484
2335,5,1,0.10947042177067477,0.0004378816870826991
344,8,1,0.10942465512976023,0.0004376986205190409
1178,6,1,0.10947789000416414,0.00043791156001665656
9548,2,1,0.10947790874220456,0.0004379116349688182
9719,8,1,0.10946248642323485,0.0004378499456929394
1884,7,1,0.10847766337327691,0.00043391065349310763
9089,3,1,0.10947057408627087,0.00043788229634508346
9550,6,1,0.10651540533710399,0.00042606162134841596
7115,0,1,0.10947791411837923,0.0004379116564735169
2536,5,1,0.1094779097717794,0.0004379116390871176
1805,8,1,0.1090522853341707,0.0004362091413366828
3903,0,1,0.10946975124774025,0.000437879004990961
6414,8,1,0.10237026442096196,0.00040948105768384783
1053,3,1,0.10947759994493692,0.0004379103997797477
6607,7,1,0.10947289696747574,0.00043789158786990297
4046,7,1,0.10946216656845924,0.00043784866627383695
5743,6,1,0.10944342328115206,0.00043777369312460824
3843,7,1,0.10947790695868136,0.00043791162783472543
8109,2,1,0.09381440454112622,0.00037525761816450487
7070,7,1,0.10941415059125341,0.00043765660236501363
6957,6,1,0.10947338466112239,0.00043789353864448954
1840,8,1,0.10933307247451114,0.00043733228989804455
1614,1,1,0.10947750873199699,0.000437910034927988
3413,3,1,0.1094778820532784,0.0004379115282131136
1756,2,1,0.10942371902104102,0.00043769487608416406
4307,3,1,0.109477914129521,0.000437911656518084
766,7,1,0.10937128233071795,0.0004374851293228718
5098,5,1,0.10947729274571787,0.00043790917098287147
7420,3,1,0.10947683937194025,0.000437907357487761
8963,6,1,0.10250707999813116,0.00041002831999252466
681,6,1,0.10629405108896181,0.0004251762043558472
7640,9,1,0.1094759815335298,0.0004379039261341192
135,2,1,0.10946365726427836,0.0004378546290571134
8016,4,0,0.10905181337240465,0.0004362072534896186
8342,1,1,0.1094776896101752,0.00043791075844070083
7780,3,1,0.10947786824323288,0.0004379114729729315
6687,3,1,0.09070117353015827,0.0003628046941206331
5566,1,1,0.1094779046787007,0.0004379116187148028
110,4,0,0.10919027728244597,0.0004367611091297839
4554,4,0,0.10939121899580694,0.00043756487598322773
2484,1,1,0.10947767448286701,0.000437910697931468
2140,9,1,0.10947791041115502,0.0004379116416446201
9472,8,1,0.10944207171666018,0.0004377682868666407
5667,1,1,0.10947772023001434,0.00043791088092005735
597,3,1,0.109330174414659,0.000437320697658636
4538,7,1,0.10947791348781452,0.0004379116539512581
5538,7,1,0.10382862529918574,0.000415314501196743
4681,9,1,0.10947061859187242,0.0004378824743674897
3924,5,1,0.10719392621648628,0.0004287757048659451
537,2,1,0.036518599374383856,0.00014607439749753543
543,7,1,0.10929647140302663,0.0004371858856121065
7458,2,1,0.10944685674152203,0.0004377874269660881
4002,4,0,0.10944677643011289,0.0004377871057204515
639,5,1,0.10947782986329202,0.0004379113194531681
8544,6,1,0.10942236862050313,0.0004376894744820125
5438,7,1,0.10282115596823566,0.0004112846238729426
4595,9,1,0.10946245773527327,0.0004378498309410931
5391,9,1,0.1094778893715661,0.00043791155748626443
7826,9,1,0.10947789832309744,0.00043791159329238975
8434,9,1,0.10947791374195599,0.000437911654967824
5924,4,0,0.10946329641157677,0.0004378531856463071
4645,4,0,0.07048562111608908,0.0002819424844643563
6435,9,1,0.1094778782689512,0.0004379115130758048
9061,7,1,0.10947226187532308,0.0004378890475012923
4793,6,1,0.10947771856302707,0.0004379108742521083
5809,0,1,0.10908671648959822,0.0004363468659583929
3249,3,1,0.10947419961924507,0.0004378967984769803
3189,8,1,0.10941522475419789,0.00043766089901679155
8549,1,1,0.10947788721162126,0.00043791154884648505
6538,3,1,0.10947552083572644,0.00043790208334290576
6717,0,1,0.10947724346385691,0.00043790897385542765
9637,5,1,0.10947781410437564,0.00043791125641750255
588,8,1,0.1094751375493062,0.00043790055019722477
1284,8,1,0.10947790611245514,0.00043791162444982055
6697,2,1,0.10946149254648711,0.00043784597018594847
5987,3,1,0.10947783313168132,0.00043791133252672526
824,7,1,0.10946619945047155,0.0004378647978018862
6357,7,1,0.10618450859181816,0.0004247380343672726
803,7,1,0.10946978985459681,0.00043787915941838725
4015,1,1,0.1094777569586322,0.00043791102783452877
3142,5,1,0.10947791400788094,0.0004379116560315238
4118,0,1,0.10947791348543189,0.00043791165394172757
6496,7,1,0.1094752688827292,0.0004379010755309168
9010,8,1,0.10941309345231087,0.0004376523738092435
8291,6,1,0.10947416394131301,0.00043789665576525206
2356,8,1,0.10905281521954814,0.00043621126087819257
9445,9,1,0.1094779125185837,0.0004379116500743348
810,5,1,0.10947791395300978,0.0004379116558120391
9246,3,1,0.10947703460792992,0.0004379081384317197
5433,3,1,0.10902056634934548,0.00043608226539738193
2645,1,1,0.10947788597052185,0.0004379115438820874
2921,8,1,0.10947760519491971,0.00043791042077967885
5155,3,1,0.10947448106007313,0.0004378979242402925
9242,7,1,0.10947505478757352,0.00043790021915029407
5019,1,1,0.109242262659407,0.000436969050637628
7147,5,1,0.1094779141240069,0.0004379116564960276
4276,9,1,0.10947691849744937,0.0004379076739897975
359,0,1,0.10942337047168454,0.00043769348188673815
334,6,1,0.10758503678666824,0.00043034014714667297
2814,1,1,0.10947598755898467,0.0004379039502359387
9598,9,1,0.10947597877939093,0.0004379039151175637
8612,4,0,0.09654018712142722,0.0003861607484857089
6948,6,1,0.10846893558176615,0.0004338757423270646
9146,5,1,0.10947791231187608,0.0004379116492475043
3421,0,1,0.10787927603530396,0.00043151710414121586
7888,7,1,0.10947055517929691,0.00043788222071718764
9155,5,1,0.1092255424693964,0.0004369021698775856
977,8,1,0.10932278704896124,0.00043729114819584494
1491,4,0,0.10921257652664013,0.00043685030610656053
6038,4,0,0.10924414314725497,0.00043697657258901987
4511,6,1,0.1055158084078629,0.0004220632336314516
8343,3,1,0.10947787036254591,0.0004379114814501837
6202,3,1,0.10495119954578046,0.00041980479818312183
8321,4,0,0.09585988755531638,0.00038343955022126554
8117,8,1,0.10939036883005003,0.00043756147532020013
4970,2,1,0.10932391738267673,0.0004372956695307069
1622,4,0,0.09496401831035184,0.0003798560732414074
5836,8,1,0.10947624269719568,0.0004379049707887827
4995,2,1,0.10947787525982429,0.00043791150103929716
9611,8,1,0.10947783236775731,0.0004379113294710292
216,7,1,0.1094779139907296,0.0004379116559629184
5990,8,1,0.10222634430913846,0.00040890537723655383
9880,7,1,0.10947787038759883,0.00043791148155039535
1783,8,1,0.10947710977725668,0.00043790843910902674
7331,5,1,0.10947788378738091,0.00043791153514952363
7620,5,1,0.10947784693948329,0.00043791138775793316
7591,6,1,0.0960500457658025,0.00038420018306321
26,4,0,0.10947591091481135,0.0004379036436592454
2584,6,1,0.08328291018988614,0.00033313164075954456
9453,3,1,0.10771911115886103,0.0004308764446354441
2673,2,1,0.06994938828807903,0.00027979755315231614
3864,3,1,0.10947278951128996,0.00043789115804515984
1369,8,1,0.10947351369572107,0.0004378940547828843
4551,5,1,0.10947260897271055,0.0004378904358908422
2688,5,1,0.10947764483998546,0.0004379105793599418
3708,4,0,0.1072694434416365,0.000429077773766546
1342,7,1,0.10947743696750421,0.00043790974787001684
8557,3,1,0.10944867958751876,0.00043779471835007504
6611,8,1,0.10947786801153082,0.0004379114720461233
9948,8,1,0.10947129342426529,0.00043788517369706113
6769,3,1,0.10947149653418299,0.00043788598613673195
3146,2,1,0.10693477074490461,0.0004277390829796184
7958,5,1,0.10855599086964461,0.00043422396347857846
3580,4,0,0.10946744887441849,0.00043786979549767394
2230,3,1,0.10943939804305189,0.0004377575921722076
499,0,1,0.10927276932685762,0.00043709107730743044
278,4,0,0.10937407804036638,0.0004374963121614655
442,9,1,0.10947745198683644,0.00043790980794734574
3677,4,0,0.10947275088910972,0.0004378910035564389
5841,6,1,0.10884133676161241,0.00043536534704644963
3383,8,1,0.10947734251616464,0.0004379093700646586
7158,7,1,0.10947556973595311,0.00043790227894381243
2948,5,1,0.10947791301566484,0.0004379116520626594
4446,0,1,0.10945273031465683,0.0004378109212586273
620,7,1,0.10893740001189717,0.0004357496000475887
5067,9,1,0.10947790305999441,0.00043791161223997766
7981,5,1,0.10947259111017421,0.00043789036444069683
7900,0,1,0.10947773705868982,0.0004379109482347593
9809,3,1,0.10923144272345305,0.0004369257708938122
4324,9,1,0.10947701849596149,0.00043790807398384594
9494,9,1,0.10947769370311243,0.00043791077481244973
2256,4,0,0.10393879999453502,0.0004157551999781401
2972,3,1,0.10944894885625998,0.00043779579542503995
4750,7,1,0.10947335120615,0.00043789340482459997
2349,5,1,0.10947782514980328,0.00043791130059921314
7841,6,1,0.10945292136262068,0.0004378116854504827
7972,5,1,0.10945185827670316,0.00043780743310681264
84,2,1,0.1094767528115907,0.0004379070112463628
2931,9,1,0.1094779140211816,0.0004379116560847264
4417,9,1,0.10947782138729024,0.00043791128554916095
9151,0,1,0.1094776516328162,0.0004379106065312648
7252,8,1,0.1094768435870062,0.00043790737434802477
6126,3,1,0.10947789509845698,0.0004379115803938279
8059,3,1,0.10927044424391968,0.00043708177697567875
5671,3,1,0.10946790961802312,0.00043787163847209247
8179,4,0,0.09728610262676798,0.0003891444105070719
5130,5,1,0.10945610900426478,0.0004378244360170591
6408,0,1,0.10947649730029532,0.0004379059892011813
6785,6,1,0.10945454155700439,0.00043781816622801754
6163,3,1,0.09790371738722416,0.0003916148695488966
5196,2,1,0.10607734966396745,0.0004243093986558698
3301,8,1,0.10941242606287843,0.00043764970425151374
4732,2,1,0.10933149316162906,0.00043732597264651624
9646,5,1,0.10845567937288945,0.0004338227174915578
9790,8,1,0.10927463737457997,0.0004370985494983199
2776,7,1,0.10908540260965247,0.00043634161043860985
3267,3,1,0.10946091757157309,0.00043784367028629233
2450,1,1,0.10947790920657402,0.0004379116368262961
931,2,1,0.10929432870062375,0.000437177314802495
4938,3,1,0.10946421372201852,0.0004378568548880741
4574,3,1,0.10935370317018915,0.00043741481268075663
6083,2,1,0.10866955849803737,0.0004346782339921495
4590,9,1,0.10815114989748631,0.00043260459958994525
8301,5,1,0.1089975938143752,0.0004359903752575008
2796,7,1,0.10936997001734819,0.00043747988006939274
5217,1,1,0.10947761501173807,0.00043791046004695226
3761,0,1,0.10941066370683833,0.00043764265482735333
8201,3,1,0.10947050108549591,0.00043788200434198365
7422,4,0,0.1094622466993283,0.0004378489867973132
3457,4,0,0.10782409850803454,0.00043129639403213815
6029,0,1,0.10635814991476672,0.00042543259965906687
822,0,1,0.10946659320222155,0.00043786637280888616
4494,8,1,0.1094596867516642,0.0004378387470066568
3746,7,1,0.1094521058179364,0.0004378084232717456
8881,6,1,0.10947791410930123,0.0004379116564372049
6318,7,1,0.10947044853276355,0.0004378817941310542
1141,1,1,0.1094779141297917,0.0004379116565191668
252,9,1,0.10947790973176595,0.0004379116389270638
7713,5,1,0.10946789064778217,0.0004378715625911287
4738,5,1,0.10947791190360588,0.00043791164761442354
2416,6,1,0.10930783147089174,0.00043723132588356693
916,3,1,0.10921792760249446,0.00043687171040997783
1538,3,1,0.10947758460358398,0.0004379103384143359
1828,7,1,0.10947591338764434,0.0004379036535505774
1753,6,1,0.10662462243135566,0.00042649848972542263
4912,1,1,0.10947788833475867,0.0004379115533390347
7781,5,1,0.10922095355491922,0.00043688381421967687
8352,5,1,0.10947479462136835,0.00043789917848547337
2468,0,1,0.10938343723662686,0.00043753374894650745
6649,9,1,0.10942195866825642,0.0004376878346730257
6035,5,1,0.10947647770121977,0.00043790591080487904
3403,8,1,0.10946443029704997,0.00043785772118819986
976,6,1,0.10943178687893737,0.00043772714751574946
1460,6,1,0.10914086021762454,0.00043656344087049815
4090,4,0,-0.014309012208811867,-5.723604883524746e-05
6448,7,1,0.10947755811591789,0.00043791023246367154
5416,9,1,0.10947791413074082,0.00043791165652296325
1873,6,1,0.10379889818581961,0.00041519559274327844
533,5,1,0.10947779731542395,0.0004379111892616958
1777,4,0,0.08638189399646648,0.0003455275759858659
9356,0,1,0.10758023096575278,0.00043032092386301114
9269,5,1,0.10947756589760195,0.0004379102635904078
8296,5,1,0.10947716380012838,0.0004379086552005135
5630,3,1,0.10792335954603495,0.0004316934381841398
3453,2,1,0.10945437987673967,0.0004378175195069587
3942,1,1,0.10947734384470807,0.0004379093753788323
7507,7,1,0.1094457573418839,0.0004377830293675356
7113,9,1,0.10947107712514056,0.00043788430850056227
9438,7,1,0.10947762965861381,0.0004379105186344552
3591,6,1,0.10947651876872765,0.0004379060750749106
9116,4,0,0.10934179876716618,0.0004373671950686647
2569,0,1,0.10917898852076718,0.00043671595408306874
6303,7,1,0.10947272932391434,0.00043789091729565737
1247,3,1,0.10945715479546138,0.0004378286191818455
4481,9,1,0.1094779141305163,0.0004379116565220652
1553,4,0,-0.04759015221018169,-0.00019036060884072676
9519,9,1,0.1094774606063072,0.0004379098424252288
7778,0,1,0.1094721690890298,0.0004378886763561192
8158,8,1,0.10943066124214473,0.00043772264496857896
7135,4,0,0.10583131088489758,0.00042332524353959035
3913,7,1,0.10947657693394067,0.00043790630773576266
1740,1,1,0.10947791370231073,0.00043791165480924294
3759,4,0,-0.05240117647380575,-0.000209604705895223
9840,4,0,0.10947788937223243,0.0004379115574889297
7154,0,1,0.10945701463986982,0.0004378280585594793
3783,2,1,0.10176990783136196,0.00040707963132544784
3816,2,1,0.09597128828823685,0.0003838851531529474
6601,0,1,0.10946522440154846,0.00043786089760619384
5386,1,1,0.10947752623600676,0.00043791010494402706
7701,0,1,0.10916116547868922,0.00043664466191475687
3776,9,1,0.10947623853860028,0.00043790495415440113
2165,2,1,0.10947759599570571,0.0004379103839828228
3782,0,1,0.10947791410757705,0.0004379116564303082
6192,6,1,0.10863830964075814,0.00043455323856303257
2132,2,1,0.10852283675120776,0.00043409134700483107
9592,1,1,0.10947789142036483,0.00043791156568145933
4768,9,1,0.10947791412236188,0.0004379116564894475
9112,4,0,0.10936930563321139,0.00043747722253284553
8761,0,1,0.10777734551536604,0.00043110938206146417
8555,5,1,0.10891660704342121,0.00043566642817368485
9166,6,1,0.1094758486850381,0.00043790339474015236
5115,5,1,0.10947791396229727,0.00043791165584918906
5303,5,1,0.10908003351552728,0.00043632013406210915
3863,2,1,0.10923177630853849,0.00043692710523415395
1683,8,1,0.1094437819443421,0.0004377751277773684
7707,8,1,0.10876667356457985,0.0004350666942583194
7602,2,1,0.10906226760119238,0.0004362490704047695
45,9,1,0.10947783437041654,0.0004379113374816662
7341,4,0,0.10273527456217468,0.00041094109824869874
9825,2,1,-0.04816839235531607,-0.0001926735694212643
8230,0,1,0.10945734984249046,0.00043782939936996184
9431,3,1,0.10947780139819474,0.00043791120559277894
7930,2,1,0.1094779140596947,0.0004379116562387788
2702,6,1,0.1094266153530432,0.0004377064614121728
6529,2,1,0.10947139728648622,0.00043788558914594487
6155,8,1,0.10940304378831073,0.0004376121751532429
8288,5,1,0.1094756279483939,0.0004379025117935756
2467,9,1,0.10947716321110541,0.0004379086528444217
658,4,0,0.04272729446046768,0.00017090917784187072
4343,5,1,0.10947791358235798,0.0004379116543294319
1868,2,1,0.10947789956468923,0.0004379115982587569
7249,9,1,0.10947752331244673,0.0004379100932497869
8474,4,0,0.0763451400031982,0.00030538056001279276
4113,0,1,0.1094486674779436,0.0004377946699117744
7469,6,1,0.10946339529387154,0.0004378535811754862
7919,6,1,0.10947790852749047,0.0004379116341099619
9924,4,0,0.10766251576594671,0.0004306500630637868
4613,1,1,0.10947791334589546,0.00043791165338358186
733,9,1,0.10942609615369393,0.0004377043846147757
7582,5,1,0.10947778202161061,0.00043791112808644247
8850,1,1,0.10947162251830639,0.00043788649007322556
4695,8,1,0.1094767350498879,0.00043790694019955163
9077,2,1,0.09642415540534112,0.00038569662162136445
8563,0,1,0.10627154552718057,0.0004250861821087223
8626,1,1,0.10947221115542484,0.00043788884462169934
9299,9,1,0.10947790219823145,0.00043791160879292577
6469,9,1,0.10941291591836808,0.0004376516636734723
1167,4,0,0.10947744147925095,0.0004379097659170038
401,8,1,0.10947791051041945,0.00043791164204167783
911,3,1,0.10947787474080396,0.0004379114989632158
9666,3,1,0.10947183099881395,0.00043788732399525584
9706,9,1,0.10947142310007556,0.00043788569240030224
6219,7,1,0.10947787567772746,0.0004379115027109098
5675,7,1,0.10947770474057755,0.0004379108189623102
6041,7,1,0.10947789140146201,0.00043791156560584805
387,2,1,0.10945230901017808,0.0004378092360407123
7868,8,1,0.10947706473588774,0.00043790825894355094
248,2,1,0.10886769113152284,0.00043547076452609134
9462,2,1,-0.04066755345198182,-0.0001626702138079273
634,7,1,0.10943216624033511,0.00043772866496134046
8263,5,1,0.10947418407211272,0.0004378967362884509
8644,8,1,0.1094778823931417,0.0004379115295725668
3137,5,1,0.10947767558926164,0.00043791070235704656
3076,2,1,0.08431291454018035,0.0003372516581607214
9549,4,0,0.10942144523347161,0.00043768578093388645
3752,3,1,0.10945721509359266,0.0004378288603743706
6268,5,1,0.1094762838480464,0.0004379051353921856
2762,4,0,0.08501829713137028,0.0003400731885254811
5260,0,1,0.10941895915638757,0.00043767583662555025
4875,1,1,0.1094648288415759,0.0004378593153663036
1969,1,1,0.10947791411388717,0.0004379116564555487
9422,3,1,0.1093213420464286,0.0004372853681857144
6033,2,1,0.10941304938905173,0.0004376521975562069
3173,9,1,0.10947789697827284,0.0004379115879130914
5681,3,1,0.10947791407040153,0.00043791165628160613
8407,8,1,0.10947451653043867,0.0004378980661217547
8001,1,1,0.10946922129908726,0.000437876885196349
795,7,1,0.10938749087409005,0.0004375499634963602
4533,8,1,0.1094747155962565,0.000437898862385026
5582,4,0,0.10766770250037805,0.0004306708100015122
4235,9,1,0.10947790881500956,0.00043791163526003823
4254,8,1,0.10947730817330949,0.00043790923269323794
5627,9,1,0.10946298379374272,0.0004378519351749709
3378,4,0,0.10294116206884102,0.00041176464827536406
5792,2,1,0.09492543369233487,0.0003797017347693395
3701,1,1,0.10947790257348196,0.00043791161029392784
5588,3,1,0.10947536288348055,0.00043790145153392216
3358,9,1,0.10947791410245239,0.00043791165640980957
567,7,1,0.10914257019875533,0.0004365702807950213
470,3,1,0.10895657731169889,0.00043582630924679554
3326,4,0,0.1093816237278595,0.00043752649491143804
1813,3,1,0.10947771280908862,0.0004379108512363545
9544,0,1,0.10947789730402764,0.00043791158921611056
788,6,1,0.10759495931923467,0.0004303798372769387
6742,1,1,0.10947791388435624,0.00043791165553742494
8704,8,1,0.10947668426396108,0.0004379067370558443
3671,4,0,0.053271690471241036,0.00021308676188496413
3723,1,1,0.10947791371908329,0.00043791165487633315
6076,7,1,0.10947674438157178,0.0004379069775262871
1440,0,1,0.10933720828688587,0.00043734883314754347
7067,9,1,0.10940699442935467,0.0004376279777174187
9488,6,1,0.10947775010783718,0.0004379110004313487
8069,4,0,0.0850580743609206,0.00034023229744368236
7421,5,1,0.10947791413069248,0.00043791165652276993
8273,6,1,0.10020021871977548,0.00040080087487910193
1897,8,1,0.10947782934618625,0.000437911317384745
4873,2,1,0.10912255561024217,0.0004364902224409687
7207,3,1,0.10891803528283217,0.0004356721411313287
902,6,1,0.10523027717214636,0.00042092110868858547
6320,0,1,0.10946960456608354,0.00043787841826433414
8827,2,1,0.1064639007678573,0.0004258556030714292
6932,9,1,0.1094779141306723,0.0004379116565226892
5065,0,1,0.10944600627431669,0.00043778402509726675
4138,4,0,0.10917291641932086,0.00043669166567728343
2262,2,1,0.10945192252194283,0.00043780769008777134
5375,1,1,0.10945360247784906,0.00043781440991139624
7144,8,1,0.1094737503598033,0.0004378950014392132
300,6,1,0.10894430076145209,0.00043577720304580834
3366,8,1,0.10945287944679215,0.0004378115177871686
461,6,1,0.10801448941709668,0.0004320579576683867
3246,1,1,0.10939077533314814,0.00043756310133259257
7795,5,1,0.10947730190975198,0.00043790920763900793
1750,8,1,0.10859354235051255,0.0004343741694020502
5501,6,1,0.10843055046330967,0.00043372220185323865
5393,4,0,0.10840969235238739,0.00043363876940954955
4278,1,1,0.10945606291648884,0.00043782425166595534
6407,2,1,0.08657109394211793,0.0003462843757684717
8007,0,1,0.10934047760624707,0.00043736191042498826
2196,8,1,0.10947746592036185,0.00043790986368144743
4808,3,1,0.10929682429254448,0.0004371872971701779
6172,1,1,0.10947790227326118,0.0004379116090930447
1734,9,1,0.10947791400010973,0.0004379116560004389
8157,1,1,0.10947791122805366,0.00043791164491221464
3318,8,1,0.1094766326316113,0.0004379065305264452
7388,7,1,0.10947742520942974,0.00043790970083771897
7473,1,1,0.10946601502225861,0.00043786406008903444
6686,9,1,0.10947781581907545,0.00043791126327630183
443,9,1,0.10947193040343356,0.00043788772161373424
3376,5,1,0.10947520954185949,0.000437900838167438
1635,7,1,0.10947791006374574,0.00043791164025498296
6450,0,1,0.10947774363308402,0.0004379109745323361
8749,5,1,0.10946599414535965,0.00043786397658143863
2198,8,1,0.10947384972189761,0.00043789539888759043
4352,3,1,0.10947784629471367,0.0004379113851788547
9404,3,1,0.10947101825168581,0.00043788407300674327
4748,0,1,0.1094779042005073,0.00043791161680202924
4751,6,1,0.10927670349889798,0.00043710681399559194
6118,0,1,0.10802360195598662,0.0004320944078239465
6901,2,1,0.10947789883888717,0.0004379115953555487
1107,7,1,0.10944503587675411,0.00043778014350701646
7166,1,1,0.10947791284207452,0.0004379116513682981
5513,6,1,0.1094753637414027,0.0004379014549656108
7403,4,0,0.10276199671719165,0.0004110479868687666
1212,1,1,0.10947774466136571,0.00043791097864546286
4161,6,1,0.06981917982475595,0.0002792767192990238
8522,1,1,0.10947791403010775,0.00043791165612043096
2057,5,1,0.10942609001554138,0.0004377043600621655
5431,1,1,0.10947791413072372,0.0004379116565228949
3255,5,1,0.10946917084609109,0.00043787668338436436
1768,2,1,0.1094779140513498,0.0004379116562053992
5793,8,1,0.10947085794710829,0.00043788343178843316
3810,3,1,0.10947724709771305,0.00043790898839085216
8870,5,1,0.10947759486187784,0.0004379103794475114
7410,4,0,0.09979155456685238,0.0003991662182674095
2684,3,1,0.10947788181365911,0.00043791152725463646
9742,9,1,0.10947790121590624,0.000437911604863625
6954,7,1,0.10947536890769295,0.0004379014756307718
7023,2,1,0.10874245733516667,0.0004349698293406667
8652,9,1,0.10947723880132998,0.00043790895520531993
82,1,1,0.1094421168227091,0.0004377684672908364
7022,2,1,0.10943986519237832,0.0004377594607695133
3698,8,1,0.10936773600726794,0.0004374709440290718
7088,8,1,0.10947683764468774,0.00043790735057875095
1322,0,1,0.10947790245595586,0.0004379116098238234
1467,1,1,0.10947381169692395,0.0004378952467876958
9334,7,1,0.10919540877358207,0.0004367816350943283
8828,0,1,0.10945338915129048,0.0004378135566051619
4928,9,1,0.10947791047203528,0.00043791164188814114
4328,0,1,0.10895095802030588,0.00043580383208122355
4643,3,1,0.10947791358802642,0.0004379116543521057
3918,6,1,0.10947791406356712,0.00043791165625426846
7242,7,1,0.1094564790910638,0.00043782591636425523
5515,4,0,0.10947781785564661,0.0004379112714225865
1629,9,1,0.1094779068566887,0.00043791162742675484
488,5,1,0.10937182498740813,0.00043748729994963254
6039,8,1,0.10947452304754896,0.00043789809219019584
837,2,1,0.10922614073090758,0.00043690456292363035
9149,7,1,0.10947791317061725,0.00043791165268246903
5779,3,1,0.10923228803147549,0.00043692915212590195
7396,8,1,0.10947757181006394,0.0004379102872402558
4628,5,1,0.10947791099516355,0.0004379116439806542
1732,9,1,0.10947132600941893,0.00043788530403767573
9908,8,1,0.1094778942977327,0.0004379115771909308
9995,8,1,0.10947791412794512,0.0004379116565117805
1560,7,1,0.10947791411563026,0.00043791165646252104
9090,2,1,0.10691035233574284,0.00042764140934297134
4519,6,1,0.10945998736867245,0.00043783994947468977
4265,6,1,0.10825544233264724,0.00043302176933058894
4475,1,1,0.10947788499934635,0.00043791153999738543
4880,0,1,0.10947738711488977,0.00043790954845955907
9479,7,1,0.10940134304454116,0.0004376053721781646
3976,1,1,0.10947586887418241,0.0004379034754967296
8174,3,1,0.10943663111325963,0.00043774652445303854
5648,8,1,0.10947402069978802,0.0004378960827991521
6017,9,1,0.10936055022311404,0.00043744220089245617
1877,3,1,0.10936218408828921,0.00043744873635315684
7057,6,1,0.1094420714176672,0.00043776828567066876
8628,7,1,0.10946622349855281,0.00043786489399421123
7071,1,1,0.1094779135597345,0.000437911654238938
7936,1,1,0.1094759355431368,0.00043790374217254717
5150,4,0,0.1041865461531421,0.0004167461846125684
4037,0,1,0.1094778869119526,0.0004379115476478104
4423,6,1,0.10947788839817123,0.0004379115535926849
1675,5,1,0.10947321254535247,0.00043789285018140987
4389,8,1,0.10947711804511394,0.00043790847218045574
1029,6,1,0.10338028849451865,0.0004135211539780746
3495,2,1,0.10947790804251585,0.0004379116321700634
7228,3,1,0.1094779041934821,0.0004379116167739284
2713,8,1,0.1094777086409938,0.00043791083456397523
8718,7,1,0.1094763269753171,0.00043790530790126844
9916,1,1,0.10947791376653664,0.00043791165506614654
4646,2,1,0.10946858355930776,0.00043787433423723103
4703,4,0,0.10905345977024063,0.0004362138390809625
4155,3,1,0.10947789894856648,0.0004379115957942659
6008,3,1,0.10923078419892039,0.0004369231367956816
6444,3,1,0.10947790482664005,0.0004379116193065602
1205,8,1,0.10936919418368714,0.0004374767767347485
8032,1,1,0.10947410593297809,0.00043789642373191236
3584,3,1,0.10947735267887486,0.0004379094107154994
7977,8,1,0.1094701842127567,0.0004378807368510268
5336,3,1,0.1094769018476046,0.0004379076073904184
8905,8,1,0.10942934448337685,0.0004377173779335074
437,5,1,0.10758837144315887,0.0004303534857726355
3012,1,1,0.10947698022438643,0.0004379079208975457
306,8,1,0.10946547397954164,0.00043786189591816653
9946,0,1,0.1094232547683059,0.0004376930190732236
4901,0,1,0.10947785577170543,0.00043791142308682174
2448,2,1,0.10644308219814902,0.00042577232879259606
5500,8,1,0.10947486684066185,0.0004378994673626474
5165,2,1,0.09887432655344583,0.0003954973062137833
1238,1,1,0.10947788908284053,0.00043791155633136214
9682,7,1,0.10875233318692269,0.00043500933274769077
5900,4,0,0.10636860558911918,0.0004254744223564767
8540,4,0,0.056272093282421345,0.00022508837312968538
9357,9,1,0.10947791256214172,0.0004379116502485669
7003,7,1,0.10947791408009656,0.00043791165632038625
6344,5,1,0.10947600786811539,0.00043790403147246155
1171,9,1,0.10947662891424062,0.0004379065156569625
6792,3,1,0.10947766552278547,0.00043791066209114185
6456,2,1,0.10703899090603256,0.0004281559636241302
108,8,1,0.10947791383214878,0.00043791165532859513
1259,8,1,0.10946609967409208,0.00043786439869636834
8848,3,1,0.10947721851442509,0.00043790887405770033
717,8,1,0.10947752041433549,0.000437910081657342
3418,1,1,0.10947244942533058,0.0004378897977013223
6521,4,0,0.10372044290283121,0.00041488177161132483
1271,8,1,0.10947787422949015,0.0004379114969179606
7353,8,1,0.10946101568408263,0.0004378440627363305
5385,2,1,0.10947789661162362,0.0004379115864464945
9759,5,1,0.10838360137957474,0.00043353440551829897
3573,2,1,0.10912421401719291,0.0004364968560687716
1352,2,1,0.10946312484084632,0.00043785249936338525
7151,1,1,0.10947306423266637,0.0004378922569306655
6540,8,1,0.10943922988161779,0.00043775691952647116
2004,7,1,0.10947791413076037,0.00043791165652304147
9160,5,1,0.10942585905931516,0.0004377034362372607
9048,0,1,0.10946746689607767,0.00043786986758431067
7734,1,1,0.10947788419303768,0.00043791153677215074
1665,6,1,0.09404645148370888,0.00037618580593483554
4562,4,0,0.10947777207020357,0.0004379110882808143
3405,7,1,0.10943879247749232,0.00043775516990996924
8534,6,1,0.08666325887236394,0.00034665303548945576
5673,5,1,0.10947791397122955,0.0004379116558849182
1608,4,0,0.10801349217210665,0.0004320539686884266
4372,1,1,0.1094779140972309,0.0004379116563889236
2202,9,1,0.10947612487350541,0.00043790449949402164
3898,1,1,0.10934322742682895,0.00043737290970731577
1488,8,1,0.10947495127647551,0.00043789980510590203
7328,4,0,0.10819636353125311,0.0004327854541250125
4,6,1,0.10725432473479256,0.00042901729893917025
1007,8,1,0.10947596845753581,0.00043790387383014324
5842,7,1,0.10947784291561323,0.0004379113716624529
5353,1,1,0.109477052456062,0.000437908209824248
9278,7,1,0.1094779087528186,0.0004379116350112744
5683,6,1,0.10947791341797188,0.0004379116536718875
2079,0,1,0.10942631337328841,0.00043770525349315364
622,1,1,0.10947273330437726,0.00043789093321750904
932,3,1,0.10946364091961985,0.00043785456367847943
3889,6,1,0.10901993687954009,0.00043607974751816035
5024,1,1,0.10947185235734005,0.00043788740942936024
4277,3,1,0.10947784129141626,0.00043791136516566504
3607,3,1,0.10933152904104367,0.00043732611616417467
9793,2,1,0.10947758774737437,0.00043791035098949746
4963,3,1,0.1094549634575482,0.0004378198538301928
238,5,1,0.10947790870640947,0.0004379116348256379
5341,6,1,0.10883107705228073,0.00043532430820912295
2878,3,1,0.10859398661522889,0.00043437594646091553
2236,5,1,0.10647230016521991,0.00042588920066087966
2965,7,1,0.109477872717112,0.00043791149086844797
5787,0,1,0.10947787877436138,0.0004379115150974455
1110,2,1,0.10947791403648445,0.0004379116561459378
3634,3,1,0.10947791413070948,0.0004379116565228379
8346,6,1,0.10947791303263557,0.0004379116521305423
5788,0,1,0.10921562422194561,0.00043686249688778243
34,9,1,0.10947486975462771,0.00043789947901851084
6191,0,1,0.10927659100089047,0.0004371063640035619
774,0,1,0.10940450413307068,0.00043761801653228273
2574,8,1,0.10945085535412004,0.00043780342141648017
1275,3,1,0.10943204840012341,0.0004377281936004936
1991,1,1,0.10947762216837623,0.0004379104886735049
5702,4,0,0.10427984209872153,0.00041711936839488613
2549,6,1,0.08923404218037709,0.00035693616872150836
1076,0,1,0.10947790954935262,0.0004379116381974105
9562,3,1,0.10945982197965082,0.00043783928791860327
1579,0,1,0.10942365274331782,0.0004376946109732713
1496,2,1,0.10920595146954919,0.0004368238058781967
805,4,0,0.06953137457923456,0.0002781254983169382
9370,8,1,0.10947791403492116,0.00043791165613968466
4360,6,1,0.10947790406646299,0.00043791161626585196
5522,2,1,0.10946955413928007,0.00043787821655712027
5650,5,1,0.10947394661967826,0.00043789578647871304
7731,1,1,0.10947669936982486,0.00043790679747929945
5062,5,1,0.10945182839838755,0.0004378073135935502
6363,0,1,0.10947458894243506,0.0004378983557697402
4985,4,0,0.10385379451788238,0.0004154151780715295
6506,5,1,0.10947791387083577,0.0004379116554833431
4668,6,1,0.10941195941342102,0.0004376478376536841
777,6,1,0.0987408286932825,0.00039496331477313
6809,6,1,0.10715603177918619,0.00042862412711674476
2530,6,1,0.1094778442776623,0.0004379113771106492
2388,0,1,0.10947787845280339,0.00043791151381121355
6229,6,1,0.10865509764875174,0.00043462039059500695
6128,0,1,0.10944351845819421,0.00043777407383277685
5668,7,1,0.10947695554440436,0.0004379078221776174
1280,3,1,0.10947774357322443,0.00043791097429289773
8247,6,1,0.10923300086461057,0.0004369320034584423
8695,4,0,0.024812327533235715,9.924931013294286e-05
3519,8,1,0.10919216363683427,0.0004367686545473371
7931,9,1,0.10947785512329507,0.0004379114204931803
6131,3,1,0.10946665580300781,0.0004378666232120312
3205,8,1,0.10943453560022277,0.0004377381424008911
5134,5,1,0.10947791209803548,0.00043791164839214193
5775,7,1,0.09805654534143801,0.00039222618136575203
8119,6,1,0.10945461994317,0.00043781847977268
2402,9,1,0.1094778167981844,0.0004379112671927376
4361,8,1,0.10947790887256363,0.0004379116354902545
7819,1,1,0.10946074141155243,0.0004378429656462097
1934,7,1,0.10946808820629328,0.0004378723528251731
2732,7,1,0.10947791125174881,0.00043791164500699527
3473,2,1,0.1094286378073929,0.0004377145512295716
1209,7,1,0.10947495672759404,0.00043789982691037617
6150,1,1,0.1094773875956739,0.0004379095503826956
1248,2,1,0.08355931002148204,0.00033423724008592817
1601,9,1,0.10947611431892106,0.0004379044572756842
7991,9,1,0.10947746104762454,0.00043790984419049816
8409,8,1,0.10947139201514612,0.00043788556806058447
2283,4,0,0.10421529895028797,0.0004168611958011519
9094,2,1,0.10920682415956814,0.0004368272966382726
304,6,1,0.09702176367767715,0.0003880870547107086
2660,3,1,0.10890643043580321,0.00043562572174321286
4498,8,1,0.10932941777130235,0.00043731767108520943
3033,1,1,0.10947756701041497,0.0004379102680416599
2946,9,1,0.10947774136753632,0.0004379109654701453
636,8,1,0.10947510835271859,0.0004379004334108744
5157,6,1,0.08067916229647275,0.000322716649185891
307,2,1,0.10829108233171059,0.00043316432932684237
4311,7,1,0.10947765449292837,0.0004379106179717135
8397,0,1,0.10897551089142794,0.00043590204356571175
6822,4,0,0.1093176785917561,0.00043727071436702443
2903,2,1,0.10947791375677308,0.00043791165502709233
5057,2,1,0.10832592031189599,0.00043330368124758396
4489,7,1,0.10946304178024269,0.00043785216712097073
907,6,1,0.10149222339512527,0.0004059688935805011
6798,8,1,0.10947790734450034,0.00043791162937800135
9019,9,1,0.1094700571204407,0.0004378802284817628
3595,2,1,0.1087372145269739,0.00043494885810789556
9003,3,1,0.10739986031920201,0.000429599441276808
4373,0,1,0.1093730049451735,0.000437492019780694
1451,2,1,0.10945119386406393,0.0004378047754562557
3489,3,1,0.10947787509855426,0.00043791150039421703
8114,3,1,0.10944457356558901,0.000437778294262356
9870,2,1,0.1094710262027859,0.0004378841048111436
5557,4,0,0.10944347251431133,0.0004377738900572453
1568,0,1,0.10844530552792533,0.0004337812221117013
9601,1,1,0.10947791413024027,0.0004379116565209611
7220,9,1,0.10947790209050466,0.00043791160836201867
4043,3,1,0.1081545808079037,0.0004326183232316148
6535,5,1,0.10947791040072818,0.00043791164160291276
6732,3,1,0.10947712314462303,0.00043790849257849214
6275,9,1,0.10946024226362092,0.0004378409690544837
2897,3,1,0.10939472429730845,0.0004375788971892338
5985,4,0,0.10548381722339457,0.0004219352688935783
5473,5,1,0.1094777672631258,0.0004379110690525032
8499,9,1,0.1092848192396886,0.0004371392769587544
8122,4,0,0.10947704263050742,0.0004379081705220297
156,2,1,0.10923322123759774,0.00043693288495039097
7577,1,1,0.1094778562035636,0.0004379114248142544
3891,1,1,0.10947791405857848,0.00043791165623431393
3025,2,1,0.10820410505869944,0.0004328164202347978
561,7,1,0.10829315104941614,0.00043317260419766456
4451,2,1,0.10947790917038581,0.00043791163668154324
9076,6,1,0.09417027364521238,0.0003766810945808495
2334,1,1,0.10935991285409945,0.0004374396514163978
8298,3,1,0.10947791402440252,0.0004379116560976101
6159,1,1,0.1094775734349543,0.0004379102937398172
2852,2,1,0.10940648450430983,0.0004376259380172393
6531,4,0,0.10916439252009646,0.00043665757008038586
8443,2,1,0.10944390564620834,0.00043777562258483335
991,5,1,0.10919757212848985,0.0004367902885139594
4392,5,1,0.10947671729763155,0.0004379068691905262
8275,3,1,0.10947513453439649,0.00043790053813758594
9152,4,0,0.10885255551568532,0.00043541022206274125
2128,4,0,0.10727487056349971,0.00042909948225399884
7160,5,1,0.10945771861900831,0.00043783087447603325
5092,9,1,0.10947770163120574,0.00043791080652482296
7001,1,1,0.109475046068949,0.00043790018427579603
2464,2,1,0.1090070926151985,0.000436028370460794
2385,4,0,0.1094754951338599,0.0004379019805354396
3111,0,1,0.10934276217324766,0.00043737104869299065
1784,1,1,0.10947790508590342,0.0004379116203436137
4217,0,1,0.10852443588195237,0.0004340977435278095
3288,9,1,0.10946840320808798,0.00043787361283235195
4994,7,1,0.10947235926684744,0.0004378894370673898
9325,6,1,0.109473869738731,0.000437895478954924
4403,8,1,0.10538369731678796,0.00042153478926715184
5570,5,1,0.10947791413051369,0.0004379116565220548
4476,1,1,0.10947785153218481,0.00043791140612873923
1114,9,1,0.10947752070754686,0.00043791008283018744
1304,4,0,0.10946865578766075,0.000437874623150643
3316,7,1,0.10936430773338189,0.00043745723093352755
5854,4,0,0.0965580430092628,0.0003862321720370512
5878,4,0,0.10935420526815468,0.0004374168210726187
4273,5,1,0.10947443931226168,0.00043789775724904675
6299,3,1,0.1087987833958669,0.0004351951335834676
173,8,1,0.10947675372109802,0.0004379070148843921
4207,1,1,0.10947790013741726,0.00043791160054966905
6316,7,1,0.10947774906027631,0.00043791099624110525
4783,4,0,0.10780197618708084,0.00043120790474832337
9350,6,1,0.10464346811200716,0.00041857387244802864
1906,9,1,0.10947790535343628,0.00043791162141374514
99,7,1,0.10947788463070743,0.0004379115385228297
3769,9,1,0.1093277360272032,0.00043731094410881283
6004,7,1,0.1094728123599055,0.000437891249439622
9629,1,1,0.10944265445084217,0.00043777061780336866
6298,3,1,0.10946986723772252,0.00043787946895089007
7415,3,1,0.10947783921844781,0.00043791135687379124
3304,2,1,0.1093754867270484,0.0004375019469081936
4182,5,1,0.10947791015110747,0.0004379116406044299
8244,4,0,0.06169245177141292,0.0002467698070856517
9233,8,1,0.10947711131677443,0.0004379084452670977
8625,5,1,0.10946999148652457,0.0004378799659460983
1668,9,1,0.10947788550993201,0.000437911542039728
7800,0,1,0.10632226932532995,0.00042528907730131983
6546,2,1,0.1094376950335608,0.00043775078013424316
7546,7,1,0.1094772248506954,0.0004379088994027816
8292,9,1,0.1094397680476492,0.0004377590721905968
8943,7,1,0.10763314296114697,0.00043053257184458787
726,1,1,0.10942804311721559,0.00043771217246886237
6365,7,1,0.10943178892439644,0.00043772715569758574
2478,6,1,0.10816984735126295,0.0004326793894050518
2042,1,1,0.10941575897503389,0.00043766303590013554
3109,8,1,0.109474552237419,0.000437898208949676
1726,0,1,0.10932449347240125,0.000437297973889605
5747,8,1,0.09872466277522206,0.00039489865110088824
8763,9,1,0.10946242235238705,0.0004378496894095482
4001,2,1,0.1069467181328102,0.0004277868725312408
3909,5,1,0.10947642380713606,0.0004379056952285442
3199,6,1,0.09794148152951276,0.00039176592611805104
1316,5,1,0.10947041045419074,0.000437881641816763
7072,8,1,0.10947101334237906,0.00043788405336951626
8797,9,1,0.10947789754299718,0.00043791159017198873
6836,4,0,0.10947558888128338,0.0004379023555251335
5734,6,1,0.10902418730014686,0.00043609674920058744
1174,1,1,0.1094779125990124,0.0004379116503960496
2098,0,1,0.10947772383638962,0.0004379108953455585
8286,7,1,0.10947651952318593,0.00043790607809274376
9671,7,1,0.1094778821805721,0.00043791152872228837
3621,4,0,0.10944063595753167,0.00043776254383012667
6781,3,1,0.10089306191275352,0.00040357224765101405
2324,0,1,0.1031182477394206,0.00041247299095768244
7512,9,1,0.10947790026059873,0.0004379116010423949
7046,9,1,0.10947016359607907,0.0004378806543843163
8442,6,1,0.1094779138107875,0.00043791165524315
6770,1,1,0.10947791380675011,0.00043791165522700045
1418,6,1,0.10944337524662635,0.0004377735009865054
340,2,1,0.10690380365348529,0.00042761521461394115
9953,7,1,0.1084812343441588,0.00043392493737663516
3517,1,1,0.10947791277425908,0.00043791165109703634
8501,8,1,0.10940810214939478,0.00043763240859757914
5907,5,1,0.10942213326584438,0.0004376885330633775
4559,3,1,0.10906191078613126,0.000436247643144525
3187,7,1,0.10947791033891571,0.00043791164135566284
853,9,1,0.10947764402018097,0.0004379105760807239
3370,1,1,0.10947768055887916,0.00043791072223551663
38,9,1,0.109473938043852,0.000437895752175408
4123,0,1,0.10947775711814128,0.00043791102847256516
7299,6,1,0.10617210166241649,0.000424688406649666
6828,3,1,0.10946712489595249,0.00043786849958381
6864,0,1,0.10947791306444975,0.00043791165225779896
7975,2,1,0.1093036109117238,0.0004372144436468952
1670,6,1,0.06290513321342381,0.00025162053285369523
9465,5,1,0.10947763376754654,0.0004379105350701862
9497,3,1,0.10593629010436525,0.000423745160417461
5531,8,1,0.10943337574727881,0.00043773350298911525
9992,3,1,0.1094778872027344,0.0004379115488109376
3202,5,1,0.10947765604704776,0.00043791062418819106
844,1,1,0.10946347230129762,0.0004378538892051905
4381,7,1,0.1079987604861158,0.0004319950419444632
5152,9,1,0.10931394410460878,0.0004372557764184351
4931,9,1,0.10947791154165801,0.000437911646166632
6960,9,1,0.10947331766583505,0.00043789327066334023
3678,1,1,0.10947791371776412,0.0004379116548710565
4796,9,1,0.10947790003041363,0.00043791160012165455
2186,9,1,0.10947791367019592,0.0004379116546807837
5689,3,1,0.10947755791821465,0.0004379102316728586
2635,6,1,0.07978886405115884,0.0003191554562046354
7784,7,1,0.10838364082471337,0.0004335345632988535
6796,6,1,0.10123681919830133,0.0004049472767932053
2332,2,1,0.10947785965335106,0.00043791143861340425
1663,6,1,0.10937852698878033,0.0004375141079551213
1781,6,1,0.10809532024847962,0.0004323812809939185
1917,8,1,0.10947779558714646,0.00043791118234858586
1771,2,1,0.07988803410697531,0.0003195521364279013
8175,3,1,0.10676932922621112,0.0004270773169048445
2832,3,1,0.10945771127973904,0.00043783084511895615
2250,7,1,0.10947708130289285,0.0004379083252115714
412,3,1,0.10947697387006528,0.0004379078954802611
2936,5,1,0.10947789749526503,0.00043791158998106013
1737,6,1,0.10947186421442387,0.0004378874568576955
2789,9,1,0.10947762755989283,0.0004379105102395713
3651,0,1,0.1094778698633096,0.00043791147945323837
1863,5,1,0.10815837624343391,0.00043263350497373565
2770,7,1,0.1094753391796366,0.0004379013567185464
3919,7,1,0.10947566467788354,0.00043790265871153415
7939,2,1,0.10947063152723457,0.0004378825261089383
5305,7,1,0.10947753692640204,0.0004379101477056082
5289,4,0,0.10857137998786338,0.00043428551995145355
4951,7,1,0.10860342203424878,0.0004344136881369951
1425,4,0,0.10833718510208937,0.00043334874040835747
3446,6,1,0.10947790320767525,0.00043791161283070104
4245,1,1,0.10947574801337234,0.0004379029920534894
6996,0,1,0.10939457497633148,0.00043757829990532593
5096,7,1,0.10947775894088319,0.00043791103576353274
8559,1,1,0.10947791412926731,0.00043791165651706925
1833,8,1,0.10947790874552209,0.00043791163498208837
5116,6,1,0.10947492937189057,0.0004378997174875623
4156,3,1,0.10947781716182287,0.00043791126864729145
9027,5,1,0.10947787383411237,0.00043791149533644946
7821,2,1,0.10946352345936584,0.00043785409383746335
7581,9,1,0.10941119328165165,0.0004376447731266066
9441,4,0,0.1094638943420114,0.0004378555773680456
1415,7,1,0.10892148148561798,0.0004356859259424719
4527,3,1,0.10945413624173582,0.00043781654496694326
799,2,1,0.06747530802735621,0.00026990123210942485
881,4,0,0.10929686852993854,0.00043718747411975416
9130,8,1,0.10746457079204383,0.0004298582831681753
9259,7,1,0.10923568747917746,0.00043694274991670984
6941,4,0,0.1041356875733307,0.0004165427502933228
9891,2,1,0.10947569255372144,0.0004379027702148858
8892,8,1,0.10947470749366794,0.00043789882997467177
5537,2,1,0.1094779141292006,0.00043791165651680243
362,8,1,0.10947779865680328,0.00043791119462721314
5928,7,1,0.1080014248975209,0.0004320056995900836
2679,0,1,0.10947791412879607,0.00043791165651518426
9346,7,1,0.10459027840401175,0.000418361113616047
7843,0,1,0.10947791379189467,0.0004379116551675787
5469,5,1,0.10560572135985603,0.00042242288543942413
4256,8,1,0.10843209935658699,0.00043372839742634794
2763,4,0,0.0663541690729691,0.0002654166762918764
659,1,1,0.10945142759149952,0.00043780571036599805
9047,4,0,0.10930888955222437,0.00043723555820889746
1475,9,1,0.10947297673866045,0.0004378919069546418
5618,0,1,0.10947789760524336,0.0004379115904209734
1413,1,1,0.10947791376933895,0.0004379116550773558
143,3,1,0.10941851141412468,0.0004376740456564987
8373,8,1,0.1094671565883156,0.0004378686263532624
8323,9,1,0.10947159592972551,0.00043788638371890205
1773,5,1,0.10947791406934411,0.00043791165627737644
4927,1,1,0.10947014460138277,0.0004378805784055311
918,8,1,0.10947483257690103,0.00043789933030760413
6336,4,0,0.09720828228344199,0.00038883312913376796
7233,5,1,0.10946255855902184,0.0004378502342360874
745,7,1,0.10916647206447065,0.0004366658882578826
1962,6,1,0.10528942914003624,0.00042115771656014495
3493,0,1,0.10527062144264401,0.00042108248577057603
709,8,1,0.10731841165013832,0.0004292736466005533
1162,7,1,0.10769906982684689,0.00043079627930738755
5052,6,1,0.10667960654179282,0.00042671842616717124
7873,1,1,0.10947424008369676,0.000437896960334787
9729,4,0,0.10565516962362587,0.0004226206784945035
9394,5,1,0.10946634610735964,0.00043786538442943854
9753,3,1,0.10941394960144245,0.0004376557984057698
3325,6,1,0.10947790753850384,0.00043791163015401537
8327,7,1,0.10923604544055147,0.0004369441817622059
7648,0,1,0.10947678731128421,0.00043790714924513683
2194,8,1,0.10912591116454093,0.0004365036446581637
2059,9,1,0.10947786748304969,0.00043791146993219876
5807,6,1,0.10945095944388492,0.00043780383777553965
6190,4,0,0.10942339544608222,0.0004376935817843289
9715,4,0,0.10870240306494552,0.0004348096122597821
8312,9,1,0.1094725988651073,0.0004378903954604292
9074,4,0,0.1063004144079844,0.0004252016576319376
1957,3,1,0.1094346326284548,0.0004377385305138192
2373,0,1,0.10947502516776199,0.00043790010067104796
2769,2,1,0.1094762417567986,0.0004379049670271944
8770,6,1,0.1094551282531354,0.0004378205130125416
78,3,1,0.10947205825673875,0.000437888233026955
5047,5,1,0.10926721251871098,0.00043706885007484394
4472,4,0,0.02749675383406383,0.00010998701533625533
6183,5,1,0.10947787709239183,0.00043791150836956734
6227,7,1,0.10947791412419652,0.0004379116564967861
322,2,1,0.10944704509582744,0.00043778818038330973
4269,0,1,0.10817755645727428,0.0004327102258290971
5910,2,1,0.1094735222274613,0.00043789408890984523
7657,2,1,0.10947790966509947,0.00043791163866039787
3558,5,1,0.10947771657630889,0.00043791086630523557
6950,8,1,0.1064596077570732,0.00042583843102829275
3440,2,1,0.10946819258529539,0.00043787277034118153
71,6,1,0.10926192331687283,0.0004370476932674913
7736,3,1,0.1093830774001346,0.00043753230960053843
2258,1,1,0.10944882371025615,0.0004377952948410246
242,8,1,0.10865889681842732,0.00043463558727370927
974,7,1,0.10947789812688195,0.0004379115925075278
1199,9,1,0.10947783419584863,0.0004379113367833945
4576,4,0,0.09000024053153163,0.0003600009621261265
2271,9,1,0.10947789868177937,0.0004379115947271175
630,2,1,0.06883667252046108,0.0002753466900818443
8875,8,1,0.10947788651825457,0.0004379115460730183
1013,1,1,0.10947791413025812,0.0004379116565210325
3817,8,1,0.10940176724549085,0.0004376070689819634
656,1,1,0.10947791383835806,0.00043791165535343225
7300,3,1,0.10946195729857446,0.0004378478291942978
3203,4,0,0.10531626340399015,0.0004212650536159606
4597,9,1,0.1094773053707955,0.000437909221483182
8194,1,1,0.10947759092859129,0.00043791036371436517
6281,1,1,0.10947639699227445,0.00043790558796909777
4888,5,1,0.10936087489760644,0.00043744349959042576
4881,8,1,0.1094738057921445,0.00043789522316857796
5253,0,1,0.10947687403730275,0.000437907496149211
9056,4,0,0.10931088932028654,0.00043724355728114617
357,2,1,0.10918161767541444,0.0004367264707016578
229,6,1,0.10947744388062307,0.00043790977552249225
5937,1,1,0.10947730864117972,0.0004379092345647189
6543,6,1,0.10947782657116688,0.0004379113062846675
9087,3,1,0.10947201721977202,0.0004378880688790881
2195,4,0,0.10945726777926651,0.00043782907111706605
5942,4,0,0.10867030981294551,0.00043468123925178204
1720,4,0,0.10937134271828097,0.00043748537087312387
49,6,1,0.06320218050197739,0.00025280872200790955
7764,6,1,0.10934042103936478,0.00043736168415745914
7488,2,1,0.10945329078920019,0.00043781316315680074
1037,7,1,0.10938381432268376,0.00043753525729073507
9888,0,1,0.10947785353751541,0.0004379114141500616
9,1,1,0.10947785042338537,0.00043791140169354147
7218,9,1,0.10947728491136466,0.00043790913964545866
6564,5,1,0.10946528041158365,0.0004378611216463346
2607,1,1,0.10947498069309677,0.0004378999227723871
5406,7,1,0.10944994792566683,0.0004377997917026673
2235,2,1,0.1094724157570797,0.0004378896630283188
3932,6,1,0.09337150295917312,0.0003734860118366925
8556,4,0,0.10947728478994945,0.0004379091391597978
1137,0,1,0.10947765842798818,0.0004379106337119527
6198,9,1,0.10947759680949477,0.0004379103872379791
513,1,1,0.10943129187333162,0.0004377251674933265
8759,7,1,0.1094778867938437,0.0004379115471753748
2070,2,1,0.0951840007647696,0.0003807360030590784
503,4,0,0.1046330392652314,0.0004185321570609256
2764,1,1,0.10947548015779372,0.0004379019206311749
9309,5,1,0.10947649370110442,0.0004379059748044177
8620,3,1,0.10945708309962335,0.0004378283323984934
5095,8,1,0.10895725592321646,0.00043582902369286586
973,1,1,0.10943117657017333,0.00043772470628069334
8666,0,1,0.10947791412965596,0.00043791165651862384
945,3,1,0.10947790563907145,0.0004379116225562858
8579,1,1,0.1094757942810754,0.0004379031771243016
5330,7,1,0.10947764541537107,0.0004379105816614843
3072,8,1,0.10947791228810208,0.00043791164915240834
2651,5,1,0.10947768471532673,0.00043791073886130695
906,1,1,0.10947742592873587,0.00043790970371494347
7568,7,1,0.10947791361928799,0.000437911654477152
7163,6,1,0.10934424487212284,0.00043737697948849135
2179,1,1,0.10946514311497739,0.00043786057245990954
9253,2,1,0.10947791378793842,0.0004379116551517537
8670,9,1,0.1083720685438905,0.000433488274175562
3422,2,1,0.10946903144373404,0.00043787612577493617
7168,5,1,0.10947783955460429,0.00043791135821841714
159,4,0,0.08195620584089329,0.0003278248233635732
1234,1,1,0.10947248432419969,0.0004378899372967988
5455,9,1,0.10947783650610837,0.0004379113460244335
884,9,1,0.10947768631865391,0.00043791074527461564
1831,9,1,0.10947790296300432,0.00043791161185201727
2267,6,1,0.10940702913567936,0.00043762811654271744
2718,5,1,0.10154651556013604,0.00040618606224054416
4897,1,1,0.10947786528125215,0.0004379114611250086
5276,9,1,0.10947786310365872,0.00043791145241463486
9372,7,1,0.10946119890688896,0.00043784479562755587
9581,7,1,0.10942538894891495,0.0004377015557956598
8401,3,1,0.10947612676821966,0.00043790450707287867
4890,1,1,0.1094303480339793,0.00043772139213591724
4536,9,1,0.10947756202591011,0.00043791024810364046
3002,7,1,0.10947791065227025,0.000437911642609081
4485,3,1,0.10939002156605504,0.00043756008626422014
6728,1,1,0.10947619567532295,0.0004379047827012918
1357,9,1,0.10947791385162854,0.0004379116554065142
2021,8,1,0.109474576074916,0.00043789830429966396
4800,9,1,0.10947791031699022,0.0004379116412679609
7692,0,1,0.10947526346101706,0.00043790105384406824
618,2,1,0.10947791174246041,0.00043791164696984166
5905,1,1,0.1094779071365587,0.0004379116285462348
7947,2,1,0.10947754222068184,0.00043791016888272737
3828,1,1,0.1094779141289445,0.000437911656515778
3094,2,1,0.1076511460021302,0.0004306045840085208
9707,5,1,0.10947324459946167,0.0004378929783978467
5401,2,1,0.10940010020391938,0.00043760040081567753
8590,0,1,0.10947790059710065,0.0004379116023884026
3292,4,0,0.020467137685810224,8.18685507432409e-05
8094,1,1,0.10947791257246665,0.00043791165028986663
4434,2,1,0.10947375291727862,0.0004378950116691145
663,6,1,0.0800508630546549,0.0003202034522186196
3297,4,0,0.10947724995368911,0.00043790899981475647
7540,5,1,0.10947791162783509,0.00043791164651134037
6969,2,1,0.10947771892523268,0.00043791087570093073
8902,6,1,0.09520520511470588,0.0003808208204588235
7203,5,1,0.10946576059686892,0.0004378630423874757
53,3,1,0.10947125421416262,0.0004378850168566505
2136,0,1,0.109477575517578,0.00043791030207031203
2126,9,1,0.1094779140924543,0.0004379116563698172
2982,4,0,0.10942703544826017,0.00043770814179304067
1149,7,1,0.10944825233516885,0.0004377930093406754
8609,6,1,0.109237427193387,0.000436949708773548
5534,6,1,0.09351188695863466,0.00037404754783453866
1880,1,1,0.10947684006733588,0.0004379073602693435
2617,3,1,0.10947791413075765,0.0004379116565230306
8190,4,0,0.10922812455141748,0.0004369124982056699
9918,5,1,0.1094778937906322,0.0004379115751625288
539,0,1,0.1094769724288583,0.0004379078897154332
1904,1,1,0.10947791412546796,0.0004379116565018719
1583,1,1,0.1094779140735699,0.0004379116562942796
9474,8,1,0.10946542151144827,0.00043786168604579304
5178,5,1,0.10947791412439557,0.0004379116564975823
8911,4,0,0.10864959019913327,0.0004345983607965331
6164,7,1,0.10942937463804832,0.0004377174985521933
4948,1,1,0.10947498908339606,0.00043789995633358427
5425,6,1,0.10945658704583829,0.0004378263481833531
4773,1,1,0.109429877402101,0.000437719509608404
4469,5,1,0.10939890454302338,0.0004375956181720935
1891,8,1,0.10947754381171776,0.000437910175246871
6282,6,1,0.09729032026002717,0.0003891612810401087
8918,7,1,0.10947497160820155,0.0004378998864328062
4877,6,1,0.10665895573141083,0.00042663582292564334
2974,9,1,0.109477906991877,0.000437911627967508
5011,3,1,0.10930650238544688,0.00043722600954178753
4226,0,1,0.10843799484645697,0.0004337519793858279
4578,4,0,0.10900162798272404,0.0004360065119308962
4335,9,1,0.10947483065891205,0.0004378993226356482
1235,5,1,0.10846722870546295,0.0004338689148218518
6899,2,1,0.10947677969898716,0.00043790711879594863
4952,9,1,0.10947584057269592,0.0004379033622907837
4390,5,1,0.10947786716407937,0.00043791146865631745
4205,4,0,0.10944702878014806,0.00043778811512059225
7961,3,1,0.10913482071172174,0.000436539282846887
2691,2,1,0.10580307704836993,0.0004232123081934797
9376,5,1,0.10947776443281819,0.00043791105773127275
7661,9,1,0.10947791311631178,0.0004379116524652471
8182,8,1,0.1094779069994936,0.0004379116279979744
9521,2,1,0.10895184357490308,0.0004358073742996123
7892,1,1,0.10947273561591013,0.0004378909424636405
841,0,1,0.10327494402932723,0.0004130997761173089
2829,3,1,0.10947791396004562,0.0004379116558401825
9442,4,0,0.10164670479839304,0.00040658681919357215
4018,9,1,0.10947507024179969,0.00043790028096719874
1869,8,1,0.10925024579949871,0.00043700098319799486
6132,7,1,0.1094778451417973,0.00043791138056718923
9862,3,1,0.10947791412616048,0.0004379116565046419
8946,9,1,0.10947791375100503,0.00043791165500402013
8948,6,1,0.10947785621264401,0.00043791142485057603
8860,2,1,0.10913623971566867,0.00043654495886267467
1331,8,1,0.10947791407951239,0.0004379116563180496
5435,7,1,0.10918683517999582,0.0004367473407199833
4197,4,0,0.10904911150063365,0.0004361964460025346
2351,1,1,0.10947466296971564,0.00043789865187886256
8546,8,1,0.10929069001100583,0.0004371627600440233
6852,9,1,0.1094778903989707,0.0004379115615958828
7920,9,1,0.10945951357400302,0.0004378380542960121
1649,5,1,0.10894726710421902,0.00043578906841687607
2363,2,1,0.10947494224305836,0.00043789976897223344
4323,5,1,0.10947790958775443,0.0004379116383510177
158,5,1,0.10940465824190117,0.0004376186329676047
6428,5,1,0.10947791392038367,0.00043791165568153465
5113,6,1,0.1013318608493042,0.0004053274433972168
3172,9,1,0.10945411645823948,0.0004378164658329579
93,6,1,0.10946960239794105,0.0004378784095917642
4581,3,1,0.10947791359593388,0.00043791165438373554
247,9,1,0.10934943129000246,0.00043739772516000985
9354,0,1,0.10947692133821735,0.00043790768535286937
6329,1,1,0.10946142588502855,0.0004378457035401142
2885,5,1,0.10947791412882407,0.0004379116565152963
790,3,1,0.1094779141271661,0.0004379116565086644
224,3,1,0.10947716045114542,0.0004379086418045817
3474,2,1,0.10946889766336595,0.0004378755906534638
8450,9,1,0.10947256274056454,0.00043789025096225816
9670,1,1,0.10946258590771392,0.0004378503436308557
753,1,1,0.1094778810513554,0.0004379115242054216
1654,9,1,0.10947791407971966,0.0004379116563188786
685,6,1,0.09398470074274384,0.0003759388029709754
7481,4,0,0.10612066629944558,0.00042448266519778233
1898,0,1,0.10865459222990027,0.0004346183689196011
124,8,1,0.10944548222277493,0.0004377819288910997
5606,7,1,0.10947791103990615,0.0004379116441596246
8800,0,1,0.10945652669805717,0.00043782610679222864
8370,4,0,0.06818513341291726,0.00027274053365166907
1540,8,1,0.10943372334895472,0.00043773489339581887
8543,0,1,0.109273486539296,0.000437093946157184
1744,0,1,0.10947791393563973,0.0004379116557425589
3107,5,1,0.10947739160604923,0.00043790956642419693
1809,8,1,0.10817833594484817,0.0004327133437793927
9662,1,1,0.10947782480438716,0.0004379112992175486
2368,0,1,0.10947791408505711,0.00043791165634022845
9835,7,1,0.10947138993592176,0.00043788555974368706
9289,5,1,0.10947733336432762,0.0004379093334573105
7945,6,1,0.10169014039264802,0.0004067605615705921
1260,1,1,0.10947791345175031,0.00043791165380700124
2527,8,1,0.10947727337945362,0.0004379090935178145
8470,8,1,0.1094779132393937,0.00043791165295757476
1492,9,1,0.10942854674547961,0.00043771418698191846
269,0,1,0.10874117171651217,0.00043496468686604866
2189,2,1,0.10947752579757725,0.00043791010319030896
6238,8,1,0.1065907351555564,0.00042636294062222557
8393,8,1,0.1094763022370838,0.0004379052089483352
9344,2,1,0.10942641541830708,0.00043770566167322835
8136,3,1,0.10942984347058386,0.00043771937388233545
4886,3,1,0.1094646012655961,0.00043785840506238436
6434,0,1,0.10945524741767401,0.00043782098967069604
6929,5,1,0.10947789665822469,0.00043791158663289875
3209,7,1,0.10945706373022593,0.0004378282549209037
3298,3,1,0.10935890180028962,0.0004374356072011585
8222,1,1,0.1094768970989391,0.0004379075883957564
738,1,1,0.10947790275711122,0.0004379116110284449
2654,5,1,0.10849248788836575,0.000433969951553463
1397,0,1,0.10941511313406153,0.00043766045253624614
9799,7,1,0.10947351130145387,0.00043789404520581547
65,2,1,0.10851550822759044,0.00043406203291036175
4365,9,1,0.10947368287151261,0.0004378947314860505
5377,5,1,0.10938298078188648,0.00043753192312754593
1340,1,1,0.10947791375369745,0.0004379116550147898
4792,0,1,0.10947771801550871,0.00043791087206203485
9478,7,1,0.10936432500965444,0.0004374573000386178
5745,5,1,0.1094778853790909,0.00043791154151636357
708,8,1,0.10947706182031604,0.00043790824728126413
7536,8,1,0.1094779108121875,0.00043791164324875
6245,6,1,0.10947784439678007,0.0004379113775871203
6474,8,1,0.10947413927308777,0.0004378965570923511
3664,6,1,0.10929525607740696,0.00043718102430962785
7534,6,1,0.10703241995677672,0.00042812967982710685
2238,1,1,0.10947775408929303,0.0004379110163571721
5764,7,1,0.10947783306965243,0.0004379113322786097
3043,4,0,0.10939281395508298,0.0004375712558203319
3845,0,1,0.1084262719108644,0.0004337050876434576
9806,8,1,0.10943337557908361,0.00043773350231633446
5078,8,1,0.1071974903609322,0.0004287899614437288
3049,3,1,0.10940225304103625,0.000437609012164145
8484,3,1,0.10947711233177776,0.00043790844932711104
7729,9,1,0.10947791408644866,0.00043791165634579464
8572,0,1,0.1074866428512761,0.0004299465714051044
5357,0,1,0.10947759966231516,0.00043791039864926064
1607,3,1,0.10947790285607818,0.00043791161142431274
8478,5,1,0.10892125447834855,0.0004356850179133942
671,3,1,0.10947791412536478,0.00043791165650145913
6267,9,1,0.1094777565595915,0.000437911026238366
8134,6,1,0.07361395650756711,0.00029445582603026844
692,2,1,0.10947791413010421,0.00043791165652041684
4007,6,1,0.10947791388228342,0.0004379116555291337
9486,4,0,0.10751381193252876,0.00043005524773011506
6943,4,0,0.09195568687230204,0.0003678227474892082
6548,0,1,0.10942807696824979,0.00043771230787299916
3266,7,1,0.10947782779559953,0.00043791131118239813
8490,3,1,0.10947471327329941,0.00043789885309319763
9520,1,1,0.1094779141289556,0.0004379116565158224
7036,3,1,0.1088318677107435,0.00043532747084297404
9740,3,1,0.09130461608589718,0.00036521846434358875
7090,2,1,0.1089684999000419,0.0004358739996001676
4209,4,0,0.10681570007125456,0.00042726280028501824
7117,6,1,0.10947791413073771,0.00043791165652295083
2983,5,1,0.10947786283301576,0.00043791145133206306
5050,3,1,0.10940836143275763,0.0004376334457310305
9778,3,1,0.1094774758906941,0.0004379099035627764
3497,0,1,0.10794092957193177,0.0004317637182877271
724,8,1,0.10947699038050872,0.00043790796152203486
4289,7,1,0.10946418479114317,0.0004378567391645727
3600,4,0,0.10908551213674697,0.00043634204854698787
7687,6,1,0.10939307173350682,0.00043757228693402727
606,4,0,0.10947791334175472,0.0004379116533670189
1713,8,1,0.1094778386995526,0.0004379113547982104
7886,7,1,0.10946527420525487,0.00043786109682101946
871,1,1,0.10947498465809102,0.0004378999386323641
7751,7,1,0.10947657957813288,0.0004379063183125315
1458,1,1,0.10943756347659299,0.00043775025390637194
5122,6,1,0.10934632579270422,0.0004373853031708169
8582,6,1,0.1044010303812062,0.0004176041215248248
2170,2,1,0.09172742955821861,0.00036690971823287444
3815,2,1,0.10947746130911112,0.00043790984523644447
3093,7,1,0.10947791359178385,0.00043791165436713543
8949,7,1,0.10947778202051253,0.00043791112808205015
8913,8,1,0.1086287875728993,0.0004345151502915972
4532,1,1,0.10947787828007131,0.0004379115131202853
8509,6,1,0.10911632211834264,0.00043646528847337055
1172,2,1,0.10945896299321617,0.0004378358519728647
15,8,1,0.10947510189874599,0.00043790040759498393
5579,9,1,0.10947764879530111,0.00043791059518120447
2075,4,0,0.10834797184631975,0.000433391887385279
1142,8,1,0.10947640001645603,0.0004379056000658241
3147,2,1,0.07794330187528115,0.00031177320750112457
21,0,1,0.10947789150613675,0.00043791156602454703
1155,9,1,0.10947789623212346,0.00043791158492849385
8726,9,1,0.10947791412094811,0.00043791165648379243
1295,0,1,0.10530576522074342,0.00042122306088297366
6688,1,1,0.10947480180626845,0.0004378992072250738
874,3,1,0.10947791257918044,0.0004379116503167217
5237,4,0,0.10097937970957149,0.000403917518838286
2045,1,1,0.10947789852550381,0.0004379115941020152
3341,1,1,0.10946848237325074,0.000437873929493003
3098,4,0,0.08554209986056471,0.00034216839944225885
8438,1,1,0.10893206614773648,0.0004357282645909459
5466,8,1,0.10944971148822169,0.0004377988459528868
375,7,1,0.10939644838222687,0.00043758579352890745
5595,6,1,0.10655978757547217,0.0004262391503018887
6755,9,1,0.10947601831908636,0.00043790407327634547
8651,4,0,0.10947764433534485,0.0004379105773413794
1896,9,1,0.1094769232354709,0.0004379076929418836
6251,1,1,0.10943500283781757,0.0004377400113512703
9605,5,1,0.10947790386244911,0.00043791161544979646
6269,7,1,0.10947783519471183,0.0004379113407788473
7004,3,1,0.10947789389087313,0.0004379115755634925
2295,8,1,0.10947699480412151,0.0004379079792164861
8817,4,0,0.10940733563966966,0.0004376293425586786
2028,7,1,0.10947784554396192,0.0004379113821758477
7968,8,1,0.10947396797799616,0.00043789587191198466
6488,2,1,0.10947468601667544,0.00043789874406670174
9896,4,0,0.09114812022914626,0.00036459248091658505
2449,4,0,0.10943546180170625,0.000437741847206825
8197,0,1,0.10947050824663745,0.0004378820329865498
2329,4,0,0.09393508676334912,0.0003757403470533965
3952,4,0,0.012539785498342379,5.0159141993369515e-05
9527,6,1,0.10947765981652725,0.00043791063926610903
8196,3,1,0.10947791070030159,0.0004379116428012064
9971,9,1,0.10947720421509746,0.00043790881686038986
2738,4,0,0.10906843074371556,0.0004362737229748622
9142,3,1,0.10947786642666163,0.0004379114657066465
9448,3,1,0.10947774517990175,0.000437910980719607
1367,2,1,-0.06274238578222759,-0.00025096954312891037
5231,4,0,0.10946223581786052,0.0004378489432714421
7871,0,1,0.10947327560128586,0.00043789310240514346
6257,5,1,0.109476919333187,0.000437907677332748
7718,0,1,0.10922080172441781,0.00043688320689767125
6258,0,1,0.10946342908910328,0.00043785371635641314
5923,0,1,0.10944644512146982,0.0004377857804858793
9795,4,0,0.10281493651818549,0.00041125974607274197
3455,6,1,0.10947791368005011,0.00043791165472020045
3565,1,1,0.10947776205488301,0.000437911048219532
2693,9,1,0.10947791333133504,0.00043791165332534015
7934,8,1,0.10596904119224741,0.00042387616476898964
3390,3,1,0.10947719912452834,0.0004379087964981134
675,0,1,0.10945434928594212,0.0004378173971437685
6568,2,1,0.10805808673858797,0.00043223234695435186
8867,8,1,0.10946577612876686,0.0004378631045150674
2778,4,0,0.1001838869904085,0.000400735547961634
5800,2,1,0.10897391386395221,0.0004358956554558088
582,8,1,0.109477678546751,0.000437910714187004
5184,4,0,0.10946920786019775,0.00043787683144079097
1479,2,1,0.10947790729763344,0.0004379116291905338
2709,6,1,0.1092687308263201,0.0004370749233052804
3150,1,1,0.10947744932498267,0.00043790979729993066
1767,2,1,0.10877732275149674,0.0004351092910059869
7804,5,1,0.10921964296556719,0.0004368785718622688
9456,6,1,0.09330959981629662,0.00037323839926518647
3088,6,1,0.1084229889341919,0.0004336919557367676
3176,7,1,0.10947791332177523,0.00043791165328710093
3522,2,1,0.10934970939765075,0.00043739883759060297
9457,1,1,0.10947363155427386,0.0004378945262170955
2011,2,1,0.07526588178535884,0.00030106352714143533
4844,5,1,0.10947788676669674,0.000437911547066787
7606,6,1,0.10947516815577553,0.0004379006726231021
3791,2,1,0.1094061107443445,0.000437624442977378
9897,8,1,0.10947748335524074,0.00043790993342096297
2744,9,1,0.10947788766500262,0.00043791155066001046
2254,8,1,0.10289204642335187,0.0004115681856934075
7392,8,1,0.10315054849878359,0.0004126021939951344
6199,5,1,0.10926006858308177,0.00043704027433232707
3235,5,1,0.109464131622286,0.00043785652648914403
231,1,1,0.1094779141306425,0.00043791165652257
2263,6,1,0.10855334389283294,0.00043421337557133176
4582,8,1,0.10947776463604904,0.00043791105854419616
5991,3,1,0.10947786146209376,0.00043791144584837507
6377,9,1,0.10947791412763538,0.00043791165651054154
9067,9,1,0.10947778480563462,0.0004379111392225385
5304,7,1,0.10947015459050069,0.00043788061836200274
5318,1,1,0.10945430310164382,0.0004378172124065753
4444,8,1,0.10947704642428138,0.0004379081856971255
4619,9,1,0.10947781810401457,0.0004379112724160583
9791,9,1,0.10947702716626617,0.00043790810866506467
845,3,1,0.1094779138346478,0.0004379116553385912
3469,9,1,0.10939983933819959,0.0004375993573527984
5310,0,1,0.10762701996854873,0.00043050807987419495
4086,8,1,0.10947789417700875,0.000437911576708035
8045,5,1,0.10947790310785259,0.00043791161243141036
2150,9,1,0.10947777376692411,0.0004379110950676964
5064,5,1,0.10947791411424576,0.00043791165645698304
386,7,1,0.10946192631103355,0.0004378477052441342
6706,6,1,0.10940043389357974,0.000437601735574319
3223,7,1,0.10947652780883574,0.00043790611123534294
3612,1,1,0.10947736781868782,0.00043790947127475126
3023,3,1,0.10924491329477684,0.00043697965317910736
1889,9,1,0.10947169471171819,0.00043788677884687275
892,7,1,0.10947791283481455,0.00043791165133925817
152,6,1,0.10931114302020711,0.00043724457208082845
8305,4,0,0.10720902466189952,0.0004288360986475981
3112,0,1,0.10947785934510693,0.0004379114373804277
7052,1,1,0.1094778249360587,0.00043791129974423483
3773,2,1,0.10943696456768204,0.00043774785827072814
1363,1,1,0.10947785977670964,0.00043791143910683854
4819,5,1,0.10947318424488049,0.00043789273697952195
8419,7,1,0.10915266241061465,0.0004366106496424586
12,5,1,0.10945352262982472,0.0004378140905192989
2288,5,1,0.10749561557668146,0.0004299824623067258
4261,9,1,0.10947365626903487,0.0004378946250761395
1307,2,1,0.1094779140993297,0.00043791165639731885
2473,0,1,0.10947612501981403,0.00043790450007925614
8610,2,1,0.10946322782263278,0.0004378529112905311
3766,4,0,0.10947790064273301,0.00043791160257093204
2606,3,1,0.10947777265162019,0.00043791109060648074
5060,6,1,0.10871641700288379,0.00043486566801153513
6098,6,1,0.09066460185951798,0.0003626584074380719
5834,5,1,0.10946575333343395,0.0004378630133337358
9514,5,1,0.10823143115742732,0.0004329257246297093
5739,2,1,0.10699348136852363,0.0004279739254740945
295,4,0,0.052661892585173696,0.0002106475703406948
7148,0,1,0.1094778747215361,0.0004379114988861444
2102,0,1,0.10946491727263752,0.0004378596690905501
6136,9,1,0.10939687991828877,0.00043758751967315506
1974,6,1,0.10947739787834783,0.0004379095915133913
8515,8,1,0.10947791334214894,0.0004379116533685958
9775,9,1,0.10947791363226025,0.000437911654529041
4436,4,0,0.10793446085455799,0.000431737843418232
4067,1,1,0.10947465678132254,0.00043789862712529016
9237,7,1,0.10947791413073377,0.00043791165652293506
4102,0,1,-0.04734925969980901,-0.00018939703879923602
5662,8,1,0.1079322920692317,0.0004317291682769268
9962,4,0,0.10141544499573729,0.0004056617799829492
9773,9,1,0.10947791331609469,0.00043791165326437876
5316,4,0,0.10945897000940755,0.0004378358800376302
4947,5,1,0.10947407492884968,0.0004378962997153987
420,4,0,0.10920325564313417,0.0004368130225725367
6167,9,1,0.10947791365784923,0.0004379116546313969
6566,1,1,0.10947785021978491,0.00043791140087913965
4805,5,1,0.1094773861056538,0.0004379095444226152
5295,0,1,0.10944159404551489,0.00043776637618205954
8683,7,1,0.10947784134592814,0.0004379113653837126
9702,7,1,0.10946413095134719,0.00043785652380538874
2880,4,0,0.08760999823183777,0.00035043999292735104
4541,2,1,0.10197002307190042,0.0004078800922876017
1687,8,1,0.10947786528910046,0.00043791146115640183
7730,4,0,0.10872799602209773,0.0004349119840883909
6849,4,0,0.109468466217578,0.000437873864870312
9377,4,0,0.1085882853174335,0.00043435314126973404
1662,3,1,0.10947770761117269,0.0004379108304446908
7380,7,1,0.10946720032666292,0.0004378688013066517
7180,6,1,0.10725671429749627,0.00042902685718998506
1709,2,1,0.10788411379814093,0.0004315364551925637
8734,2,1,0.10946511162576968,0.0004378604465030787
1580,6,1,0.10947783246709143,0.0004379113298683657
6416,7,1,0.10917988542925805,0.0004367195417170322
3537,8,1,0.10791690149561477,0.0004316676059824591
3061,7,1,0.1094708204974753,0.0004378832819899012
9844,5,1,0.10947273326048826,0.000437890933041953
2509,2,1,0.10942355908585205,0.0004376942363434082
9899,7,1,0.10947791413076031,0.00043791165652304126
5939,9,1,0.10947537996922188,0.0004379015198768875
4813,8,1,0.10720127980496852,0.0004288051192198741
7691,6,1,0.10947790498663432,0.0004379116199465373
4820,3,1,0.10947787496502585,0.0004379114998601034
6518,6,1,0.10946159953367765,0.0004378463981347106
3775,6,1,0.10932791324100569,0.00043731165296402276
6339,3,1,0.1094503785540891,0.0004378015142163564
2000,1,1,0.10893687758861031,0.00043574751035444127
5857,0,1,0.10934557027493086,0.00043738228109972346
2314,3,1,0.10947785353982643,0.00043791141415930573
9923,7,1,0.10947786087333376,0.0004379114434933351
1457,1,1,0.10947791211883959,0.00043791164847535835
5710,6,1,0.10946995822340519,0.00043787983289362073
6096,2,1,0.10946811393327463,0.0004378724557330985
4116,2,1,0.10749002482807087,0.00042996009931228345
1455,6,1,0.10947787648449837,0.0004379115059379935
5754,3,1,0.1094778160952635,0.00043791126438105397
3805,9,1,0.10947784893770723,0.00043791139575082895
7066,6,1,0.10905558798486256,0.00043622235193945024
1966,7,1,0.1093305639129238,0.0004373222556516952
9413,0,1,0.1094778157626372,0.00043791126305054877
6971,9,1,0.10947791326830968,0.0004379116530732387
9267,2,1,0.10947223356828258,0.0004378889342731303
8168,6,1,0.08852694082537443,0.00035410776330149774
1759,5,1,0.10947789369107341,0.00043791157476429364
19,6,1,0.10946179102695301,0.000437847164107812
6745,7,1,0.10947619453355723,0.0004379047781342289
7794,5,1,0.10933942483684993,0.0004373576993473997
1091,8,1,0.1094778719379819,0.00043791148775192764
3153,1,1,0.10947789922254743,0.0004379115968901897
2856,2,1,0.10920878509026163,0.0004368351403610465
6705,3,1,0.10787169127781192,0.00043148676511124766
121,3,1,0.10881299535724906,0.00043525198142899623
4746,6,1,0.07263411597113156,0.00029053646388452626
2034,3,1,-0.0061079721032591405,-2.443188841303656e-05
7270,9,1,0.10947786346600584,0.0004379114538640234
9491,8,1,0.10347985704258916,0.00041391942817035665
5776,5,1,0.10947790663248595,0.0004379116265299438
8876,0,1,0.10946869902071725,0.000437874796082869
9638,2,1,0.10899639931330624,0.00043598559725322497
4012,3,1,0.10947556386738264,0.00043790225546953056
686,9,1,0.10883325839782398,0.0004353330335912959
1377,3,1,0.10924498816605369,0.00043697995266421476
1269,3,1,0.10947791392298507,0.0004379116556919403
787,9,1,0.10942610723671367,0.0004377044289468547
6988,4,0,0.10764392070082514,0.00043057568280330054
8072,3,1,0.10947767665286955,0.00043791070661147816
8657,6,1,0.10947786342830453,0.0004379114537132181
8696,8,1,0.10943399530118106,0.0004377359812047242
2253,3,1,0.10947776039934538,0.00043791104159738155
3115,5,1,0.10925036853458392,0.0004370014741383357
2233,3,1,0.10947790644520941,0.00043791162578083766
4586,0,1,0.10922062484362237,0.0004368824993744895
764,1,1,0.10947790976708893,0.0004379116390683557
5517,1,1,0.1094778904286522,0.00043791156171460883
6924,5,1,0.10941584888743094,0.00043766339554972375
6111,3,1,0.10947791411961631,0.00043791165647846526
6334,0,1,0.10932078384232029,0.00043728313536928117
433,7,1,0.10947785743885223,0.0004379114297554089
3644,9,1,0.10947791411116167,0.0004379116564446467
1857,5,1,0.10943998096325279,0.00043775992385301115
3243,8,1,0.10947450544056864,0.00043789802176227453
4788,6,1,0.10859225211568566,0.00043436900846274265
8523,6,1,0.10267012195196766,0.00041068048780787067
7383,4,0,0.10943669981394842,0.0004377467992557937
855,7,1,0.10947790188578958,0.00043791160754315834
6818,7,1,0.10947659912520667,0.0004379063965008267
4432,7,1,0.10946810452128315,0.0004378724180851326
9436,1,1,0.10545504268560175,0.000421820170742407
7525,8,1,0.10947785765727724,0.00043791143062910895
8574,4,0,0.10732983545190233,0.00042931934180760934
3143,3,1,0.10947628012397904,0.0004379051204959162
924,5,1,0.10942060803302847,0.0004376824321321139
8363,2,1,0.10947788178070515,0.00043791152712282063
6650,0,1,0.10946456981795856,0.00043785827927183424
1010,0,1,0.10912956519307272,0.0004365182607722909
801,1,1,0.10947790960146288,0.0004379116384058515
8283,1,1,0.10947725655593407,0.0004379090262237363
966,6,1,0.10947777782989551,0.00043791111131958205
912,0,1,0.10947790441513021,0.00043791161766052085
2675,2,1,0.1092741440822489,0.00043709657632899564
4487,3,1,0.10947791363713713,0.00043791165454854853
7866,6,1,0.1065053376162107,0.0004260213504648428
3295,9,1,0.10947620751383882,0.0004379048300553553
6693,6,1,0.10937059488119123,0.0004374823795247649
4504,0,1,0.10883895700934043,0.0004353558280373617
723,1,1,0.10947785451777853,0.0004379114180711141
6795,9,1,0.10947791258915203,0.0004379116503566081
6388,7,1,0.10947788190005696,0.00043791152760022786
8889,4,0,0.1047897332942712,0.0004191589331770848
2451,8,1,0.10947791412803468,0.0004379116565121387
370,4,0,0.10821668635249644,0.00043286674540998576
2270,2,1,0.0972602634302397,0.0003890410537209588
6497,4,0,0.10885719790161993,0.0004354287916064797
2401,3,1,0.10909763878167293,0.0004363905551266917
797,4,0,0.10945863990148398,0.00043783455960593593
2942,5,1,0.10947791376590915,0.0004379116550636366
2223,8,1,0.1088008909651547,0.0004352035638606188
897,7,1,0.10854252325530912,0.0004341700930212365
8135,7,1,0.10947771677194482,0.00043791086708777925
6103,6,1,0.10883710601717551,0.00043534842406870204
56,7,1,0.10947790307133012,0.0004379116122853205
7722,7,1,0.10947704192245108,0.00043790816768980435
415,9,1,0.10947790912931973,0.0004379116365172789
5291,9,1,0.10947789021071974,0.00043791156084287895
2437,8,1,0.10682368634614758,0.00042729474538459036
8425,6,1,0.08300833386516786,0.0003320333354606714
1536,5,1,0.10947790800400636,0.00043791163201602543
5713,5,1,0.10947791379662604,0.00043791165518650415
9177,9,1,0.1094763748583811,0.0004379054994335244
7526,9,1,0.10947774581257581,0.00043791098325030324
9966,6,1,0.1094777222983003,0.0004379108891932012
737,4,0,0.10947634793294521,0.00043790539173178085
5430,7,1,0.10842852620742041,0.00043371410482968164
8829,0,1,0.10936681120269476,0.00043746724481077905
9388,3,1,0.10947730859927159,0.0004379092343970863
5947,5,1,0.10947791399313771,0.00043791165597255083
9647,3,1,0.10947777957644085,0.0004379111183057634
6385,5,1,0.10792233504344849,0.00043168934017379394
9295,3,1,0.10947776098411578,0.0004379110439364631
2261,3,1,0.1094547746986901,0.0004378190987947604
4903,2,1,0.10073751723380779,0.0004029500689352312
5729,8,1,0.10947790616673274,0.00043791162466693095
7100,9,1,0.10947791412848357,0.0004379116565139343
6384,7,1,0.10712885956802778,0.0004285154382721111
9843,1,1,0.10947790821538742,0.00043791163286154965
2721,8,1,0.10946878665238317,0.0004378751466095327
4667,0,1,0.10946408006875495,0.0004378563202750198
8996,3,1,0.10947790808743771,0.0004379116323497508
4840,0,1,0.10947791276062764,0.00043791165104251057
2705,8,1,0.10947774118432593,0.00043791096473730373
1513,6,1,0.1094502807771706,0.0004378011231086824
376,0,1,0.10947788065918056,0.00043791152263672223
7574,3,1,0.10947393477270596,0.00043789573909082386
8324,3,1,0.10946643568087033,0.0004378657427234813
6905,2,1,0.052089942320605466,0.00020835976928242186
5690,7,1,0.10947269605336335,0.0004378907842134534
2409,4,0,0.10545716240819841,0.00042182864963279365
3706,4,0,0.10310173771782763,0.00041240695087131054
872,4,0,0.1018810436770703,0.0004075241747082812
6727,6,1,0.10947695015723174,0.000437907800628927
8138,1,1,0.10947791412777351,0.00043791165651109405
371,7,1,0.10947791326681891,0.00043791165306727563
2405,3,1,0.1094520522256852,0.0004378082089027408
8941,0,1,0.1094779138352047,0.00043791165534081875
3740,0,1,0.1094766893200905,0.000437906757280362
1702,9,1,0.10947604676550075,0.000437904187062003
3563,6,1,0.1065046239488872,0.0004260184957955488
8125,8,1,0.1094779141130587,0.0004379116564522348
5756,4,0,0.10866011876867454,0.00043464047507469814
9317,6,1,0.10861541019056095,0.0004344616407622438
4515,0,1,0.10947699440658351,0.000437907977626334
7408,4,0,0.0872088898751393,0.00034883555950055724
2977,2,1,0.10925044460938954,0.0004370017784375582
4125,8,1,0.10939822731170729,0.00043759290924682914
1168,3,1,0.10947736727824116,0.0004379094691129646
6188,9,1,0.10947791412986922,0.0004379116565194769
3053,4,0,0.10926515594525338,0.0004370606237810135
364,9,1,0.10947778126727946,0.00043791112506911785
2830,6,1,0.10202176773006273,0.0004080870709202509
1445,3,1,0.10946538543723408,0.00043786154174893635
2994,8,1,0.10935355300512288,0.0004374142120204915
1219,3,1,0.10945429113620919,0.00043781716454483675
5370,6,1,0.10947791412569796,0.00043791165650279183
4923,7,1,0.10947769313386431,0.0004379107725354572
2625,2,1,0.10738550419435884,0.0004295420167774354
4659,4,0,0.09583087538789184,0.00038332350155156734
1087,6,1,0.1094764579405965,0.000437905831762386
2916,1,1,0.10947791405569177,0.0004379116562227671
2242,2,1,0.10944877136884289,0.00043779508547537156
2404,0,1,0.10947533873722093,0.0004379013549488837
3587,0,1,0.10947396811838458,0.00043789587247353834
8186,8,1,0.10903063480915756,0.0004361225392366302
4851,9,1,0.10947786025256194,0.00043791144101024777
5502,6,1,0.09512971587737012,0.0003805188635094805
2201,5,1,0.1094778143561569,0.0004379112574246276
3193,2,1,0.10778352584548692,0.0004311341033819477
1551,4,0,0.06738190336103106,0.00026952761344412426
1498,5,1,0.10947791411378807,0.0004379116564551523
8882,3,1,0.10947572969352384,0.0004379029187740954
2604,8,1,0.1094713611675425,0.00043788544467017
5925,3,1,0.1094463659200055,0.000437785463680022
6127,5,1,0.10943795091004356,0.00043775180364017427
2573,5,1,0.10853977318423448,0.0004341590927369379
7973,1,1,0.10946050630717129,0.00043784202522868516
3911,9,1,0.10945624269884154,0.00043782497079536615
6979,5,1,0.10783366916228909,0.00043133467664915637
6858,1,1,0.10858637792949219,0.00043434551171796877
5025,5,1,0.10947611701621468,0.0004379044680648587
8697,5,1,0.10947791412880405,0.0004379116565152162
458,4,0,0.10909902370851766,0.00043639609483407064
8917,0,1,0.10943770820172924,0.00043775083280691695
7323,3,1,0.10947790963702908,0.0004379116385481163
8120,8,1,0.10947770051912536,0.0004379108020765015
8774,3,1,0.10906176236479719,0.00043624704945918876
1116,5,1,0.1094675622987304,0.0004378702491949216
3851,4,0,0.10566575607086905,0.0004226630242834762
5813,4,0,0.10863312842541639,0.0004345325137016656
2414,5,1,0.10916070790381054,0.00043664283161524216
5540,5,1,0.1068384916339185,0.000427353966535674
1807,5,1,0.10947790204519094,0.00043791160818076376
6093,2,1,0.10603367295998053,0.00042413469183992216
4787,8,1,0.10943762896050163,0.0004377505158420065
7261,8,1,0.10947781697668074,0.000437911267906723
8309,4,0,0.10635422070240153,0.0004254168828096061
9780,4,0,0.09206966216558973,0.00036827864866235895
6185,5,1,0.10947791387611552,0.0004379116555044621
4115,8,1,0.10947777226123728,0.0004379110890449491
6304,0,1,0.10910504941600074,0.000436420197664003
6156,9,1,0.10947431902727038,0.00043789727610908153
7831,2,1,0.10215193365315217,0.0004086077346126087
7425,2,1,0.05105516577979672,0.0002042206631191869
8031,0,1,0.10947791147291094,0.0004379116458916438
8424,5,1,0.10743862259897874,0.000429754490395915
925,5,1,0.10947791412565493,0.0004379116565026197
4017,5,1,0.10522511733780161,0.00042090046935120643
3627,4,0,0.10947769445802857,0.00043791077783211427
7274,1,1,0.10947678844759469,0.0004379071537903788
4701,0,1,0.10947737409047445,0.0004379094963618978
5561,6,1,0.10636796520947711,0.00042547186083790846
4063,7,1,0.10947546720373778,0.0004379018688149511
2525,5,1,0.109477913783296,0.00043791165513318395
7441,8,1,0.10947744358464519,0.0004379097743385808
3148,0,1,0.1082727236688633,0.0004330908946754532
1939,6,1,0.10947779833278955,0.0004379111933311582
9789,6,1,0.10933518134996323,0.0004373407253998529
469,8,1,0.10944053997741031,0.00043776215990964126
8710,7,1,0.10935854254093394,0.00043743417016373575
2471,8,1,0.10947750089013548,0.00043791000356054196
8745,5,1,0.10947791388419138,0.0004379116555367655
2313,6,1,0.10905063290728878,0.0004362025316291551
7231,8,1,0.1094387914539987,0.0004377551658159948
5567,6,1,0.10073004326591158,0.0004029201730636463
7419,0,1,0.10856483235776337,0.0004342593294310535
4543,1,1,0.10947712408255476,0.00043790849633021904
2370,0,1,0.10894743259248536,0.00043578973036994146
3330,7,1,0.10947791399008376,0.00043791165596033507
821,2,1,0.10943053888111944,0.0004377221555244777
7844,9,1,0.10947791278808444,0.00043791165115233775
1546,4,0,0.0944719270717066,0.00037788770828682636
1921,2,1,0.10945563381298277,0.0004378225352519311
6393,3,1,0.10947789125733398,0.0004379115650293359
6875,5,1,0.10947753869893456,0.00043791015479573825
2734,7,1,0.10947791117700088,0.00043791164470800354
3289,8,1,0.10947531477961783,0.00043790125911847134
5996,4,0,0.10945155456325252,0.00043780621825301007
14,9,1,0.10947503009943016,0.0004379001203977206
2211,7,1,0.10946209425898935,0.00043784837703595743
450,2,1,0.10947045275861553,0.00043788181103446213
9327,2,1,0.10438622580332217,0.00041754490321328867
440,1,1,0.10947765208617607,0.0004379106083447043
6934,6,1,0.10472988369851134,0.0004189195347940454
5185,3,1,0.10947632766896971,0.00043790531067587884
6940,1,1,0.10947791405519074,0.0004379116562207629
7614,4,0,0.10462042921113404,0.00041848171684453616
5948,0,1,0.10867032155316979,0.0004346812862126792
2548,0,1,0.10938044822056488,0.0004375217928822595
6530,3,1,0.1094667086277749,0.00043786683451109957
1502,2,1,0.06534857906983148,0.0002613943162793259
4857,6,1,0.10947399700126573,0.0004378959880050629
221,6,1,0.109134114645232,0.000436536458580928
9080,3,1,0.10938599321906323,0.0004375439728762529
6453,8,1,0.1094770866913549,0.00043790834676541964
1988,5,1,0.10947791412762996,0.0004379116565105198
5847,8,1,0.10947560927135613,0.00043790243708542454
1527,5,1,0.10947780701100338,0.0004379112280440135
2193,2,1,0.1094779133009588,0.0004379116532038352
1729,8,1,0.10947791396811754,0.0004379116558724702
8132,8,1,0.10836903911430332,0.00043347615645721326
8265,0,1,0.10943618369260963,0.0004377447347704385
953,1,1,0.10947777585777073,0.0004379111034310829
9764,2,1,0.10947790657658554,0.00043791162630634216
5931,4,0,0.1084486285899869,0.0004337945143599476
5010,7,1,0.10939976721314178,0.0004375990688525671
9099,9,1,0.10939603355160914,0.0004375841342064365
2375,0,1,0.10907180957486848,0.0004362872382994739
2935,8,1,0.1094634713307777,0.0004378538853231108
7198,9,1,0.10947763721989687,0.00043791054887958747
6701,1,1,0.1094536822989171,0.0004378147291956684
7243,1,1,0.10947706915761832,0.0004379082766304733
3412,0,1,0.10349563250756409,0.00041398253003025636
1213,8,1,0.10947791316311911,0.00043791165265247647
1049,4,0,0.10947728914880582,0.0004379091565952233
2818,5,1,0.10947779070655622,0.00043791116282622486
6405,1,1,0.10942924460234457,0.0004377169784093783
4726,0,1,0.10947361937384936,0.0004378944774953975
5529,3,1,0.10947773542584002,0.0004379109417033601
1495,2,1,0.10947559075698152,0.0004379023630279261
6370,6,1,0.10947263890274804,0.00043789055561099213
2802,6,1,0.09282140608620465,0.0003712856243448186
2175,3,1,0.10947197577396585,0.0004378879030958634
9092,6,1,0.10774384492393102,0.0004309753796957241
4678,9,1,0.10947477651387773,0.0004378991060555109
1100,7,1,0.10947790764341565,0.0004379116305736626
7164,0,1,0.10947786909007495,0.0004379114763602998
8336,3,1,0.10947788561113177,0.00043791154244452704
4673,0,1,0.1091721622721727,0.0004366886490886908
7285,1,1,0.10942164094160993,0.00043768656376643974
7347,0,1,0.09553945867369636,0.00038215783469478545
5956,4,0,0.10937873903500359,0.00043751495614001434
770,6,1,0.10945240474120548,0.0004378096189648219
9618,1,1,0.10947786822703194,0.0004379114729081278
2320,5,1,0.10947791024586219,0.00043791164098344875
9654,5,1,0.10939801555724099,0.00043759206222896395
4872,9,1,0.10947743249322021,0.00043790972997288086
3974,8,1,0.10940556498291236,0.0004376222599316494
7371,6,1,0.10923424700080658,0.00043693698800322634
2020,9,1,0.10947789916976611,0.0004379115966790644
5125,1,1,0.10947772971115413,0.0004379109188446165
8145,9,1,0.10947538626787251,0.00043790154507149004
486,9,1,0.10947763097877887,0.00043791052391511546
4889,4,0,0.10942239533496169,0.00043768958133984676
1803,2,1,0.10783018855290444,0.00043132075421161776
4847,4,0,0.10945692656376155,0.0004378277062550462
1796,0,1,0.10946611279202614,0.00043786445116810455
6399,1,1,0.1094557659935395,0.000437823063974158
1812,5,1,0.10947753589249672,0.00043791014356998686
9122,9,1,0.10947239403502416,0.0004378895761400967
6140,9,1,0.10947752687540356,0.00043791010750161423
2816,7,1,0.10947383247771258,0.0004378953299108503
783,6,1,0.10713656716452655,0.0004285462686581062
5707,0,1,0.10942796420903661,0.00043771185683614644
7993,2,1,0.10947787046088032,0.0004379114818435213
5753,2,1,0.1094751831308519,0.0004379007325234076
5415,4,0,0.10935240632184955,0.0004374096252873982
4165,8,1,0.10946432474209854,0.00043785729896839414
2517,9,1,0.10947564800179375,0.000437902592007175
2824,7,1,0.109120586928101,0.00043648234771240404
2069,4,0,0.10930360807164147,0.00043721443228656587
6470,1,1,0.10947791413056221,0.0004379116565222488
4359,2,1,0.10937573523686217,0.0004375029409474487
4905,7,1,0.10947600542475558,0.0004379040216990223
3964,9,1,0.10947319978169114,0.00043789279912676455
8944,4,0,0.10947676061613243,0.00043790704246452974
4634,7,1,0.10947791413075762,0.00043791165652303047
9849,0,1,0.10944162032300266,0.0004377664812920106
6813,6,1,0.10939001970057789,0.00043756007880231155
2636,1,1,0.10925224507113807,0.0004370089802845523
83,7,1,0.10947343652755809,0.00043789374611023237
7755,7,1,0.1094755672552068,0.0004379022690208272
8974,2,1,0.021535496120487455,8.614198448194982e-05
5412,6,1,0.10781097318306553,0.00043124389273226213
6668,6,1,0.10368006508148606,0.0004147202603259442
4652,3,1,0.10946529552526484,0.00043786118210105933
8989,4,0,0.10929179615245134,0.0004371671846098054
7896,4,0,0.0896032118342984,0.0003584128473371936
4635,7,1,0.10939932981989238,0.00043759731927956954
2523,4,0,0.10947147509832694,0.00043788590039330776
635,6,1,0.10857230520987193,0.00043428922083948773
7391,4,0,0.1006374302784141,0.0004025497211136564
2171,2,1,0.10947502249628756,0.0004379000899851502
2570,0,1,0.10771967658779592,0.0004308787063511837
6866,4,0,0.1061748576268986,0.0004246994305075944
6404,7,1,0.10947307780605309,0.00043789231122421236
8942,6,1,0.10870998785959339,0.0004348399514383736
3307,9,1,0.10947783160066893,0.0004379113264026757
3009,7,1,0.10609493209175738,0.0004243797283670295
5597,3,1,0.10947585976747154,0.00043790343906988615
264,0,1,0.1094617215918846,0.0004378468863675384
7397,4,0,0.09963467881470443,0.0003985387152588177
2413,4,0,0.10945485455171798,0.0004378194182068719
965,6,1,0.10620206296748748,0.0004248082518699499
9311,5,1,0.1094779136809679,0.0004379116547238716
2976,0,1,0.10947033025787223,0.0004378813210314889
4281,7,1,0.1094570506436056,0.0004378282025744224
1438,5,1,0.10947790962997696,0.0004379116385199078
4045,7,1,0.1000476182127962,0.00040019047285118483
5892,8,1,0.10895712119414919,0.00043582848477659677
843,2,1,0.10562346404305936,0.00042249385617223746
3364,4,0,0.10947147758908042,0.0004378859103563217
8751,1,1,0.10947780161175505,0.0004379112064470202
5241,4,0,0.10089692188770001,0.00040358768755080005
3925,1,1,0.10947455824797037,0.00043789823299188147
5508,7,1,0.10898708004048177,0.0004359483201619271
4341,1,1,0.109475874700846,0.00043790349880338397
7213,6,1,0.09237932477571015,0.00036951729910284056
6176,9,1,0.10947791390795444,0.0004379116556318178
3188,4,0,0.10947788281191076,0.000437911531247643
8743,0,1,0.10947708017950691,0.00043790832071802764
319,5,1,0.10880326188700172,0.00043521304754800687
2873,9,1,0.1094779127866488,0.00043791165114659517
1375,4,0,0.1093154770906477,0.0004372619083625908
1944,4,0,0.1094490736330668,0.0004377962945322672
6842,3,1,0.10934799361746741,0.0004373919744698697
5238,2,1,0.1094779125055623,0.00043791165002224916
2712,1,1,0.10947787915418167,0.0004379115166167267
1278,2,1,0.10947789211231558,0.0004379115684492623
6090,1,1,0.10947747077197457,0.0004379098830878983
2759,3,1,0.10936510719742427,0.0004374604287896971
4848,1,1,0.10947477247618294,0.0004378990899047318
8910,1,1,0.10826589529343034,0.00043306358117372137
6492,1,1,0.10947505118659868,0.0004379002047463947
8005,1,1,0.10947791413075415,0.0004379116565230166
5110,8,1,0.10881875049959236,0.00043527500199836946
2934,6,1,0.10947791058535455,0.0004379116423414182
5277,8,1,0.1094769313457961,0.0004379077253831844
5208,4,0,0.07570342865559412,0.0003028137146223765
5350,9,1,0.10947791353516453,0.0004379116541406581
3268,5,1,0.10947788207285386,0.0004379115282914154
3081,9,1,0.10947788254238834,0.00043791153016955336
4743,6,1,0.10934698436149233,0.00043738793744596934
4688,7,1,0.10947788468014734,0.0004379115387205894
816,9,1,0.1094423428348646,0.00043776937133945844
5601,7,1,0.10947760309093396,0.00043791041236373584
4356,0,1,0.10947002333488294,0.00043788009333953177
3887,2,1,0.10939719145411185,0.0004375887658164474
1581,2,1,0.10947382638782935,0.00043789530555131737
7079,7,1,0.10947768179131205,0.0004379107271652482
3525,2,1,0.10928715698328187,0.0004371486279331275
2007,8,1,0.10947790679891259,0.00043791162719565037
7711,6,1,0.10814757613397741,0.0004325903045359096
6296,8,1,0.1094778702901142,0.00043791148116045683
3069,4,0,0.10947325576322309,0.00043789302305289235
4405,6,1,0.10881268986624938,0.00043525075946499755
5283,4,0,0.10947628951618338,0.0004379051580647335
4531,1,1,0.10922445167982175,0.000436897806719287
1103,0,1,0.1094779058591774,0.00043791162343670957
8923,6,1,0.10769583680473281,0.00043078334721893125
1522,4,0,0.10486583585076883,0.00041946334340307536
763,0,1,0.10947784794037507,0.0004379113917615003
9704,2,1,0.1094099831967028,0.0004376399327868112
6880,2,1,0.10947781325908792,0.0004379112530363517
8024,0,1,0.10947790695372892,0.00043791162781491564
5550,5,1,0.10947111273665716,0.00043788445094662865
6217,8,1,0.10943885894117229,0.00043775543576468916
8487,4,0,0.1093796956402613,0.00043751878256104523
2393,1,1,0.10947791412360372,0.0004379116564944149
3372,1,1,0.10947788450865001,0.00043791153803460003
8144,9,1,0.10947791381123798,0.0004379116552449519
517,9,1,0.10947790957285515,0.0004379116382914206
4717,4,0,0.10943468000383708,0.0004377387200153483
7674,1,1,0.10947789551776355,0.0004379115820710542
118,2,1,0.10788434435819615,0.0004315373774327846
4650,6,1,0.10682031854061214,0.00042728127416244855
7806,9,1,0.10939350798347149,0.00043757403193388596
9965,2,1,0.10947258995669945,0.00043789035982679783
1314,9,1,0.10947791412871982,0.0004379116565148793
1520,7,1,0.10864453278490874,0.00043457813113963493
4103,8,1,0.10944031284111193,0.0004377612513644477
5957,4,0,0.10940448699725538,0.00043761794798902155
9204,9,1,0.10947775016313041,0.00043791100065252163
2790,8,1,0.10933887476039046,0.0004373554990415618
769,4,0,0.1094596581881566,0.0004378386327526264
8131,3,1,0.10947400622372641,0.00043789602489490565
7326,4,0,0.08859112257329518,0.00035436449029318075
7483,1,1,0.10947791240649028,0.0004379116496259611
9874,2,1,0.1051507126617592,0.00042060285064703676
6771,5,1,0.10947791033837952,0.00043791164135351807
4312,5,1,0.1094671347836749,0.00043786853913469956
2125,1,1,0.10947596642462348,0.0004379038656984939
8129,2,1,0.108000592824234,0.00043200237129693603
475,7,1,0.10929675854041344,0.00043718703416165377
3310,6,1,0.05030007686199576,0.00020120030744798305
8716,2,1,0.1086218304307824,0.0004344873217231296
47,9,1,0.10945623861596793,0.0004378249544638717
2771,7,1,0.109465693728978,0.000437862774915912
5069,9,1,0.10920132570506634,0.00043680530282026535
3596,2,1,0.029088516735224765,0.00011635406694089906
551,5,1,0.10947745240914453,0.0004379098096365781
3619,1,1,0.10924080664332111,0.00043696322657328445
477,0,1,0.10947725639202721,0.0004379090255681088
9188,5,1,0.10945183037268359,0.0004378073214907344
3441,0,1,0.10947730204163365,0.0004379092081665346
4731,4,0,0.07877939347170115,0.0003151175738868046
5639,3,1,0.10947791391128162,0.00043791165564512644
2777,5,1,0.10947791413073019,0.00043791165652292075
6115,8,1,0.10833422842190289,0.00043333691368761156
3183,3,1,0.10946416264200864,0.0004378566505680346
7678,8,1,0.1094779107085165,0.00043791164283406596
5190,0,1,0.10811574787474526,0.00043246299149898106
3872,7,1,0.10947433169364977,0.0004378973267745991
9865,1,1,0.1092415114519552,0.00043696604580782076
7720,5,1,0.10918949703425286,0.0004367579881370114
3139,2,1,0.09793936495495119,0.00039175745981980475
2892,0,1,0.10947791412203003,0.00043791165648812013
1802,2,1,0.023305208789605722,9.322083515842289e-05
5146,0,1,-0.01757138607024196,-7.028554428096784e-05
2205,5,1,0.10947768256032077,0.0004379107302412831
3620,0,1,0.10945620033765352,0.0004378248013506141
7185,8,1,0.10877955465083676,0.00043511821860334703
3959,5,1,0.10947727054521825,0.000437909082180873
2342,5,1,0.10934538187220441,0.00043738152748881763
1519,6,1,0.10925004981444653,0.0004370001992577861
4039,7,1,0.10947791318732772,0.00043791165274931085
303,2,1,0.1094779099237357,0.00043791163969494277
7167,7,1,0.10929360670198042,0.00043717442680792166
351,1,1,0.10946671841082223,0.0004378668736432889
1401,4,0,0.10947752665289531,0.00043791010661158123
1509,1,1,0.10947383235694957,0.0004378953294277983
1045,5,1,0.10947720436757316,0.00043790881747029267
3349,6,1,0.10946140080733345,0.0004378456032293338
2307,9,1,0.10947744521821776,0.00043790978087287103
5429,6,1,0.1069154385148422,0.0004276617540593688
6594,8,1,0.10947539989911075,0.000437901599596443
6476,0,1,0.10947777298702792,0.0004379110919481117
7124,5,1,0.10902577969420214,0.00043610311877680856
2002,4,0,0.108575329242525,0.0004343013169701
1096,7,1,0.10947576555418179,0.00043790306221672717
4692,8,1,0.10079170595656597,0.0004031668238262639
5592,3,1,0.10947788748100452,0.0004379115499240181
6440,3,1,0.10946811353281329,0.0004378724541312531
676,3,1,0.10470623466313102,0.0004188249386525241
666,9,1,0.10947732971441682,0.00043790931885766726
3477,6,1,0.10887498135957097,0.00043549992543828384
4790,1,1,0.10947789751379144,0.0004379115900551658
1610,2,1,0.10947758598547844,0.00043791034394191375
1945,4,0,0.10946875198814848,0.00043787500795259394
9193,0,1,-0.12179135228817763,-0.0004871654091527105
5397,9,1,0.10947788289036672,0.0004379115315614669
4676,7,1,0.10947789631551205,0.0004379115852620482
457,5,1,0.10933331271095459,0.00043733325084381835
107,6,1,0.10746158468318334,0.0004298463387327334
7008,1,1,0.10776015121290292,0.00043104060485161166
6490,8,1,0.10947779668647185,0.0004379111867458874
6656,6,1,0.1094773037256093,0.0004379092149024372
3344,9,1,0.10924049367985679,0.00043696197471942717
3414,3,1,0.10914180180768689,0.00043656720723074755
3423,8,1,0.09228073336973124,0.00036912293347892496
5626,0,1,0.07259017695454985,0.0002903607078181994
3655,9,1,0.10947634848727077,0.0004379053939490831
1012,6,1,0.10947654897249266,0.00043790619588997064
8274,6,1,0.10947776990184728,0.0004379110796073891
7,6,1,0.10913537648464611,0.0004365415059385844
5506,3,1,0.10946347664608679,0.00043785390658434713
6351,0,1,0.10594920481866905,0.0004237968192746762
5227,4,0,0.10563081917674094,0.00042252327670696377
3528,1,1,0.10944318715510884,0.00043777274862043535
2547,4,0,0.10682768658036977,0.0004273107463214791
8705,6,1,0.10942236730763934,0.00043768946923055735
4625,4,0,0.09455265756776854,0.0003782106302710742
7250,8,1,0.1094779092277116,0.0004379116369108464
4993,7,1,0.10945879803391483,0.0004378351921356593
7656,1,1,0.10947791404036113,0.0004379116561614445
1914,9,1,0.10946871567413935,0.0004378748626965574
2512,2,1,0.10947770235987407,0.0004379108094394963
7760,2,1,0.10947790333834088,0.0004379116133533635
3162,1,1,0.10947253306767851,0.00043789013227071405
1476,7,1,0.10947155976559775,0.000437886239062391
4220,4,0,0.10743395035721261,0.0004297358014288504
7906,2,1,0.10939111372933452,0.0004375644549173381
1565,6,1,0.10897160291752583,0.00043588641167010335
4954,1,1,0.10947790289397581,0.00043791161157590323
3483,0,1,0.10946908596829093,0.0004378763438731637
5202,9,1,0.10945999873069832,0.0004378399949227933
6356,7,1,0.10947791399891679,0.00043791165599566716
2429,8,1,0.10934485477801106,0.0004373794191120443
2955,2,1,0.10947634400315052,0.0004379053760126021
4318,1,1,0.10947765240142095,0.00043791060960568376
3960,2,1,0.10943121400040191,0.00043772485600160766
829,3,1,0.10947785715773165,0.00043791142863092657
289,9,1,0.10947757288164577,0.00043791029152658305
4322,4,0,0.10900506531013752,0.0004360202612405501
141,5,1,0.10947789971133104,0.00043791159884532416
1682,7,1,0.10947177072025827,0.00043788708288103307
2567,4,0,0.10933698061896804,0.00043734792247587215
4471,5,1,0.10947747805895856,0.00043790991223583423
3980,9,1,0.1094779030336388,0.0004379116121345552
9560,9,1,0.10947781247425838,0.0004379112498970335
9721,6,1,0.10877849704030922,0.00043511398816123686
1274,3,1,0.1040144477185099,0.0004160577908740396
3582,6,1,0.10947790707403429,0.00043791162829613715
1412,1,1,0.10947787131096272,0.0004379114852438509
2577,4,0,0.10904540772251456,0.00043618163089005824
9817,9,1,0.10947791409032229,0.00043791165636128913
4704,9,1,0.10946367794640317,0.0004378547117856127
10,0,1,0.10858236971332,0.00043432947885328
866,3,1,0.10947204407176639,0.00043788817628706556
2674,0,1,0.10947301332941985,0.0004378920533176794
6684,8,1,0.1094730179577295,0.000437892071830918
9390,7,1,0.10947791114311671,0.00043791164457246683
4456,7,1,0.1094400834971572,0.0004377603339886288
2036,5,1,0.10947789140371209,0.00043791156561484834
4733,6,1,0.10890461862425183,0.0004356184744970073
4163,2,1,0.10945809512844652,0.0004378323805137861
5207,8,1,0.10947790508679686,0.00043791162034718744
7750,3,1,0.10739641398392213,0.00042958565593568854
4627,4,0,0.09428881062369232,0.0003771552424947693
3277,7,1,0.10947763247157695,0.0004379105298863078
3389,1,1,0.10943164809631217,0.0004377265923852487
2825,2,1,0.04374901453232251,0.00017499605812929003
485,9,1,0.10896865465243549,0.000435874618609742
6278,5,1,0.10946461761621748,0.0004378584704648699
3229,9,1,0.10933292547133434,0.0004373317018853374
2507,0,1,0.08186862103638391,0.00032747448414553564
4101,2,1,0.06635732952159867,0.0002654293180863947
2726,5,1,0.10936179495228432,0.0004374471798091373
8577,3,1,0.10945199994953407,0.0004378079997981363
2881,7,1,0.10945173403860069,0.00043780693615440275
9812,3,1,0.10947788372969411,0.00043791153491877646
593,6,1,0.027803886772659755,0.00011121554709063903
5107,9,1,0.10943209122617488,0.0004377283649046995
2088,7,1,0.10946282143309437,0.0004378512857323775
9733,7,1,0.10947789480540782,0.00043791157922163125
4930,1,1,0.10947791403447449,0.00043791165613789795
2322,0,1,0.10947784126032148,0.0004379113650412859
2539,8,1,0.10947305689622239,0.0004378922275848896
7926,5,1,0.10947749884389721,0.0004379099953755888
3407,1,1,0.10947789791650094,0.00043791159166600376
2216,2,1,0.10947790357061817,0.0004379116142824727
4313,0,1,0.10947606933330248,0.0004379042773332099
1166,3,1,0.09719712892769153,0.00038878851571076613
35,2,1,0.10947765200970186,0.0004379106080388074
6366,8,1,0.08981193495561693,0.0003592477398224677
3500,1,1,0.10947209951699508,0.0004378883980679803
1252,5,1,0.10947788549324601,0.00043791154197298404
9150,6,1,0.10726714495447176,0.00042906857981788707
5660,9,1,0.10947499678643959,0.0004378999871457583
6500,7,1,0.10924887659939846,0.0004369955063975938
9187,4,0,0.10777322042377521,0.0004310928816951008
3615,6,1,0.10940443629300622,0.0004376177451720249
6977,7,1,0.10935006727445006,0.0004374002690978002
7183,6,1,0.109477913783831,0.000437911655135324
9955,8,1,0.10945967139456503,0.0004378386855782601
9705,6,1,0.10942944654848612,0.0004377177861939445
7355,7,1,0.10947053507033146,0.00043788214028132584
3550,0,1,0.08769661229726569,0.00035078644918906275
7284,0,1,0.10947791302062819,0.00043791165208251274
7317,6,1,0.10943200234790437,0.0004377280093916175
9316,3,1,0.10668748263034127,0.00042674993052136507
6903,9,1,0.10947434704475077,0.0004378973881790031
7028,9,1,0.10463233364888166,0.00041852933459552664
5176,3,1,0.10947784834705303,0.0004379113933882121
280,9,1,0.10947791009909684,0.00043791164039638737
2668,0,1,0.0986977308260828,0.00039479092330433116
7319,2,1,0.10888972940679008,0.0004355589176271603
59,6,1,0.10885931282150488,0.0004354372512860195
1177,9,1,0.10947783110171178,0.0004379113244068471
9685,0,1,0.10137660013472863,0.0004055064005389145
1972,6,1,0.10898730746682449,0.000435949229867298
2576,2,1,0.10947788313172774,0.00043791153252691094
7745,7,1,0.10947666334011458,0.0004379066533604583
2087,0,1,0.10945126844396447,0.00043780507377585786
2758,1,1,0.1094779139395483,0.00043791165575819316
7287,5,1,0.10947732807242139,0.00043790931228968554
3513,3,1,0.10940942840029282,0.00043763771360117126
6169,5,1,0.10946550768154029,0.00043786203072616116
7033,8,1,0.10933442487916391,0.00043733769951665564
819,3,1,0.10947592864951909,0.00043790371459807636
7976,7,1,0.10892524976197156,0.0004357009990478862
2877,0,1,0.10947695899725604,0.0004379078359890242
7343,7,1,0.10946460554336934,0.0004378584221734774
5526,8,1,0.10947780096249013,0.00043791120384996054
5888,4,0,0.10947627576856217,0.00043790510307424867
5361,3,1,0.1094779104469013,0.00043791164178760524
9161,6,1,0.09402862631658984,0.0003761145052663594
7191,7,1,0.10928045168720016,0.00043712180674880064
1951,7,1,0.10906036052598353,0.0004362414421039341
2868,9,1,0.10947437127462718,0.00043789748509850875
1176,1,1,0.10909298846426685,0.0004363719538570674
1423,4,0,0.09407852123194614,0.0003763140849277846
3793,6,1,0.10946593678756955,0.0004378637471502782
1463,0,1,0.10947732729458237,0.0004379093091783295
6694,3,1,0.1094779077312777,0.0004379116309251108
3762,1,1,0.10947777030426308,0.0004379110812170523
2190,9,1,0.1094708847979233,0.0004378835391916932
744,9,1,0.10943971952465598,0.00043775887809862393
5552,5,1,0.10947791295399438,0.0004379116518159775
7087,7,1,0.10518618925042783,0.00042074475700171134
6624,4,0,0.1028205224635834,0.0004112820898543336
7895,4,0,0.10924279967298933,0.00043697119869195734
6043,5,1,0.1094593282054039,0.00043783731282161556
405,4,0,0.09296543325733074,0.000371861733029323
9755,3,1,0.10919671060404605,0.0004367868424161842
9980,0,1,0.10947791280081906,0.00043791165120327623
5884,4,0,0.10909673580200062,0.00043638694320800246
6226,5,1,0.1094779141111053,0.0004379116564444212
363,1,1,0.10947744375658419,0.0004379097750263368
8355,9,1,0.10947714220532687,0.0004379085688213075
8845,2,1,0.10798494274677917,0.00043193977098711665
6748,0,1,0.10940970366845852,0.0004376388146738341
7290,6,1,0.1094768654266106,0.0004379074617064424
742,0,1,0.10945929102533633,0.0004378371641013453
2228,7,1,0.10947750891658511,0.00043791003566634045
3448,6,1,0.10924330172745021,0.0004369732069098008
9482,0,1,0.10947791413076037,0.00043791165652304147
3091,1,1,0.10905061616839438,0.00043620246467357757
8473,2,1,0.10904776900300515,0.0004361910760120206
2672,0,1,0.10947786139083765,0.0004379114455633506
531,0,1,0.10947791407728234,0.00043791165630912936
5161,3,1,0.1094779112325325,0.00043791164493013
6773,2,1,0.10734058394718347,0.0004293623357887339
4088,7,1,0.10947780315452392,0.0004379112126180957
1539,2,1,0.10336117009741239,0.0004134446803896495
4325,6,1,0.10934409708033162,0.0004373763883213265
9435,2,1,0.10947791363595673,0.00043791165454382694
365,4,0,0.10947790306819935,0.0004379116122727974
2027,9,1,0.1067662213818674,0.00042706488552746955
7069,0,1,0.10937679248432718,0.0004375071699373087
3459,9,1,0.10947565263286002,0.00043790261053144007
5902,9,1,0.10946541141387933,0.00043786164565551733
9800,1,1,0.10947791413072598,0.00043791165652290394
615,8,1,0.1094714108462929,0.0004378856433851716
817,5,1,0.1083921673694374,0.00043356866947774956
7597,9,1,0.10943345381338832,0.00043773381525355324
5862,2,1,0.10944055041216215,0.0004377622016486486
2369,1,1,0.10947788727669869,0.00043791154910679473
4177,6,1,0.10947769481182174,0.00043791077924728694
7599,8,1,0.10947791389116926,0.00043791165556467706
4189,1,1,0.10945254682747373,0.00043781018730989493
1817,6,1,0.0969528082025964,0.0003878112328103856
9066,1,1,0.1094135365005758,0.0004376541460023032
9600,8,1,0.10923382839522253,0.0004369353135808901
1788,3,1,0.10947754496054815,0.0004379101798421926
5748,8,1,0.10947781088880716,0.00043791124355522864
9261,5,1,0.10947448949183375,0.000437897957967335
3847,0,1,0.10939897482191736,0.00043759589928766944
641,3,1,0.10915399576644602,0.0004366159830657841
389,5,1,0.10946953429656787,0.0004378781371862715
1739,0,1,0.10946319663609315,0.00043785278654437257
887,1,1,0.10947732963292268,0.0004379093185316907
4495,3,1,0.10947695339730668,0.0004379078135892267
315,0,1,0.10947791013275605,0.0004379116405310242
2058,0,1,0.10944635258227504,0.0004377854103291002
7073,9,1,0.10947786747979413,0.0004379114699191765
9956,0,1,0.10870730777723997,0.0004348292311089599
793,4,0,0.10947631405589527,0.0004379052562235811
2101,6,1,0.10627196221156197,0.0004250878488462479
6916,4,0,0.10945423541730416,0.00043781694166921667
3320,2,1,0.10947791093731232,0.0004379116437492493
6319,7,1,0.10944670587058618,0.0004377868234823447
2945,7,1,0.10895948520786257,0.0004358379408314503
5180,9,1,0.1093866553596461,0.00043754662143858443
9239,8,1,0.10947765757277418,0.0004379106302910967
3848,8,1,0.1042972386148349,0.0004171889544593396
3,0,1,0.10947418185687141,0.00043789672742748566
3463,3,1,0.1093394738739358,0.00043735789549574324
2950,1,1,0.10947079933330356,0.00043788319733321424
4070,9,1,0.10947791413019055,0.0004379116565207622
7569,3,1,0.10930358995339919,0.00043721435981359673
5498,9,1,0.10947791401894763,0.0004379116560757905
2142,1,1,0.10946719030297197,0.0004378687612118879
9417,4,0,0.10810162270741552,0.0004324064908296621
8183,3,1,0.10945004711165425,0.000437800188446617
8536,1,1,0.10940093703005699,0.00043760374812022794
6768,2,1,0.037084099813942104,0.00014833639925576842
1120,5,1,0.10902419282316231,0.00043609677129264924
2533,8,1,0.10947766169290375,0.000437910646771615
5686,6,1,0.10925571923336988,0.0004370228769334795
5483,1,1,0.10947744749476569,0.0004379097899790628
4268,4,0,0.09132178343259353,0.00036528713373037416
3048,0,1,0.10942530222100212,0.0004377012088840085
9395,7,1,0.10947784259295532,0.00043791137037182124
4319,2,1,0.07559072665589817,0.0003023629066235927
9944,7,1,0.10947789214657354,0.0004379115685862942
3425,0,1,0.1092620403648406,0.0004370481614593624
3170,9,1,0.1094779141259373,0.0004379116565037492
8856,0,1,0.09799156167915737,0.0003919662467166295
5216,6,1,0.10947781158975785,0.0004379112463590314
1865,7,1,0.10922889764284002,0.0004369155905713601
9522,3,1,0.10945014797322951,0.00043780059189291805
2344,0,1,0.10947785317898623,0.0004379114127159449
9517,9,1,0.10912794832020538,0.0004365117932808215
5961,6,1,0.10947727410003404,0.00043790909640013614
858,7,1,0.10940974608448639,0.0004376389843379456
6233,7,1,0.1094596537515068,0.00043783861500602724
9163,4,0,0.10622655518947446,0.00042490622075789787
2231,3,1,0.10947791281415307,0.0004379116512566123
9565,0,1,0.10894053179468176,0.00043576212717872704
3819,3,1,0.10947345352480213,0.00043789381409920853
4862,3,1,0.10851955185660736,0.00043407820742642945
5278,0,1,0.10918608472791,0.00043674433891164
9653,6,1,0.1094610843429833,0.0004378443373719332
8569,6,1,0.10917680959423251,0.00043670723837693006
4801,2,1,0.10896716956767741,0.0004358686782707096
1043,2,1,0.10778512368095775,0.00043114049472383096
9854,9,1,0.10947791407486498,0.00043791165629945996
136,9,1,0.10947789699708498,0.0004379115879883399
1925,1,1,0.10947790381806044,0.00043791161527224177
5390,1,1,0.10947719217311892,0.0004379087686924757
2119,6,1,0.10947125320879081,0.0004378850128351632
2535,0,1,0.10940662880606863,0.00043762651522427453
1366,8,1,0.10947091897665544,0.00043788367590662176
3278,0,1,0.10947514959106107,0.0004379005983642443
167,4,0,0.03684549387559624,0.00014738197550238496
2821,0,1,0.1094776571281262,0.0004379106285125048
2554,4,0,0.10947581789622421,0.00043790327158489684
4185,7,1,0.10947769984606846,0.00043791079938427385
1000,5,1,0.10947673138598218,0.0004379069255439287
1493,1,1,0.10947674091943807,0.0004379069636777523
6578,6,1,0.10883601977654567,0.00043534407910618265
5547,2,1,0.10933625311867506,0.00043734501247470026
8568,7,1,0.1094775912311992,0.0004379103649247968
7954,9,1,0.10947788844744884,0.00043791155378979535
4775,2,1,0.10939268074063434,0.00043757072296253736
1801,4,0,0.10638292824366459,0.00042553171297465836
145,7,1,0.10947763240543813,0.00043791052962175256
6259,5,1,0.10947786238354171,0.0004379114495341668
9287,9,1,0.10936667218280555,0.0004374666887312222
3975,7,1,0.10943721058502781,0.00043774884234011125
7219,7,1,0.10947775105255858,0.0004379110042102343
9679,2,1,0.10947791189611486,0.00043791164758445945
2046,3,1,0.10947791252755798,0.0004379116501102319
8565,7,1,0.10947744306650502,0.00043790977226602007
9930,8,1,0.10943298425438582,0.00043773193701754327
4026,9,1,0.1089264154663784,0.0004357056618655136
4990,7,1,0.1094740192053349,0.00043789607682133956
3755,9,1,0.1094742084719897,0.0004378968338879588
5240,1,1,0.1094760153855778,0.0004379040615423112
3062,9,1,0.10947656105080966,0.00043790624420323864
5093,0,1,0.10947773799741722,0.0004379109519896689
9691,6,1,0.10947184081853531,0.0004378873632741412
1069,6,1,0.10940122706001756,0.00043760490824007025
181,5,1,0.10947789947967485,0.0004379115979186994
2265,8,1,0.10942218602637023,0.00043768874410548094
8402,0,1,0.1094318347002494,0.0004377273388009976
4114,4,0,0.1094709043248542,0.00043788361729941685
1892,6,1,0.10922858221288366,0.00043691432885153465
4243,6,1,0.10935998497309608,0.0004374399398923843
6961,8,1,0.10947791413008394,0.00043791165652033574
6007,6,1,0.10245862167856667,0.0004098344867142667
8930,3,1,0.10947790303067084,0.00043791161212268335
6409,9,1,0.10947788932437712,0.00043791155729750846
9571,6,1,0.10750766607505771,0.00043003066430023085
9220,8,1,0.10947787118297839,0.00043791148473191355
9910,4,0,0.10947676162603455,0.0004379070465041382
9714,1,1,0.10947790170645846,0.00043791160682583386
7823,7,1,0.10915008308514774,0.00043660033234059096
1180,3,1,0.10947578706777326,0.00043790314827109306
5861,1,1,0.10916927340642145,0.00043667709362568577
4833,2,1,0.09849410378239092,0.0003939764151295637
7518,3,1,0.10859020066622051,0.00043436080266488205
7709,3,1,0.10503101687966485,0.0004201240675186594
1733,3,1,0.10947697535426729,0.00043790790141706916
9075,0,1,0.10935981724476343,0.00043743926897905374
4892,7,1,0.10941078517689756,0.00043764314070759026
3511,0,1,0.1094180372094093,0.0004376721488376372
8542,2,1,0.10906928632168464,0.00043627714528673853
1763,2,1,0.10947791204926895,0.0004379116481970758
8847,5,1,0.10331995056034922,0.00041327980224139686
2406,4,0,0.08806899250020574,0.0003522759700008229
9999,7,1,0.10935622452047959,0.00043742489808191835
7010,0,1,0.10947615205248916,0.00043790460820995666
3767,6,1,0.05568898286339813,0.00022275593145359252
9216,6,1,0.10943041625004558,0.0004377216650001823
1989,6,1,0.10875644545083384,0.00043502578180333536
1621,1,1,0.1092607623589201,0.0004370430494356804
5380,1,1,0.10947337182746185,0.0004378934873098474
3177,0,1,0.10947761253371181,0.00043791045013484727
8223,8,1,0.10903468690613087,0.00043613874762452346
101,5,1,0.10942662101306165,0.0004377064840522466
9963,8,1,0.10946598169052617,0.00043786392676210465
1820,8,1,0.10947790411844882,0.00043791161647379527
865,1,1,0.10947772455008087,0.0004379108982003235
2541,1,1,0.10947544479175132,0.0004379017791670053
942,7,1,0.10947791284399569,0.00043791165137598275
957,3,1,0.10944464649441722,0.0004377785859776689
6487,6,1,0.10844427674053535,0.0004337771069621414
9978,7,1,0.10180299853360128,0.0004072119941344051
3639,7,1,0.10946390658874815,0.00043785562635499257
1555,0,1,0.10883537606971684,0.00043534150427886737
4371,1,1,0.10947731086998863,0.0004379092434799545
2072,6,1,0.10947734499379046,0.00043790937997516185
7232,9,1,0.10947410085757327,0.0004378964034302931
2418,8,1,0.1094698792362059,0.0004378795169448236
1409,0,1,0.10842559701719617,0.0004337023880687847
2591,8,1,0.10748672119054176,0.000429946884762167
3916,9,1,0.10947762335626922,0.00043791049342507685
6086,1,1,0.10947748914435498,0.0004379099565774199
6592,5,1,0.1094777791223265,0.00043791111648930597
4147,3,1,0.10925567096184566,0.00043702268384738266
2537,1,1,0.10947791413044415,0.0004379116565217766
3877,4,0,0.10947790897033083,0.0004379116358813233
9426,2,1,0.10945894361300668,0.00043783577445202673
1850,1,1,0.10947784734398715,0.0004379113893759486
2387,9,1,0.10928864733795615,0.0004371545893518246
11,9,1,0.10947760902939516,0.00043791043611758065
6615,7,1,0.10947700176751186,0.00043790800707004744
2613,6,1,0.06776869307043495,0.0002710747722817398
4429,2,1,0.10881859041621045,0.00043527436166484177
3999,9,1,0.10947581588177638,0.00043790326352710553
2493,9,1,0.10947771707860927,0.0004379108683144371
1593,3,1,0.10946967683005686,0.00043787870732022745
6075,3,1,0.10947761519681357,0.0004379104607872543
8694,0,1,0.09782200307092268,0.0003912880122836907
4216,0,1,0.10642168078625545,0.0004256867231450218
3602,3,1,0.10947761679554392,0.00043791046718217566
9263,6,1,0.1093587809470838,0.00043743512378833523
3334,5,1,0.10904987041943857,0.0004361994816777543
2417,7,1,0.10947153438602887,0.0004378861375441155
3180,3,1,0.1094752649149228,0.00043790105965969123
9389,8,1,0.10947775792661588,0.0004379110317064635
9708,9,1,0.10947790691224885,0.00043791162764899536
4298,9,1,0.10947769367341302,0.00043791077469365207
8083,9,1,0.10947770513891696,0.0004379108205556678
5558,7,1,0.10947787822729302,0.0004379115129091721
1298,9,1,0.10947791412435644,0.00043791165649742573
9950,3,1,0.10944990460075571,0.00043779961840302285
2819,1,1,0.10947737899877046,0.00043790951599508184
328,4,0,0.10946878349845425,0.000437875133993817
9656,0,1,0.10922352342160299,0.000436894093686412
2466,2,1,0.10947774389103025,0.000437910975564121
7101,6,1,0.10876844763866991,0.0004350737905546797
3264,5,1,0.10945799268659212,0.0004378319707463685
1816,7,1,0.10883628756024208,0.00043534515024096833
961,1,1,0.1094596363751639,0.00043783854550065557
9557,5,1,0.10942078715532373,0.0004376831486212949
781,1,1,0.10947325813438169,0.0004378930325375268
4858,2,1,0.10947094918021355,0.0004378837967208542
6244,8,1,0.1094774528105108,0.0004379098112420432
6031,5,1,0.10947762278775006,0.0004379104911510002
5654,4,0,0.10462267789623919,0.00041849071158495674
7908,9,1,0.10947791412856396,0.00043791165651425586
5885,4,0,0.055699290680569793,0.00022279716272227917
6458,2,1,0.10335796616090373,0.0004134318646436149
193,1,1,0.10945195672253706,0.0004378078268901482
6369,9,1,0.10911230383222123,0.0004364492153288849
8897,2,1,0.10912260823400219,0.00043649043293600876
5404,2,1,0.09240288421705495,0.0003696115368682198
8480,2,1,0.10944220957166262,0.0004377688382866505
6410,1,1,0.10947791413011812,0.00043791165652047246
9164,5,1,0.10947754333213779,0.0004379101733285511
9313,7,1,0.10946394804058425,0.000437855792162337
4006,8,1,0.1094779100634161,0.0004379116402536644
4569,9,1,0.10946239738807613,0.0004378495895523045
9174,9,1,0.10947645903984052,0.00043790583615936206
177,7,1,0.10932790720717185,0.0004373116288286874
9672,7,1,0.10947218223494191,0.00043788872893976764
8257,3,1,0.10947691121943795,0.0004379076448777518
8371,2,1,0.10947425284052849,0.00043789701136211397
4430,1,1,0.10947766923246918,0.00043791067692987675
7869,0,1,0.10817145808687567,0.0004326858323475027
725,2,1,0.10946975661855302,0.00043787902647421205
7641,7,1,0.1094776374115186,0.0004379105496460744
3272,7,1,0.10911563602632604,0.00043646254410530414
5248,9,1,0.10947791401701447,0.0004379116560680579
9256,0,1,0.10916469213170185,0.0004366587685268074
6300,1,1,0.10947373231923203,0.0004378949292769281
7587,7,1,0.10946792023909357,0.0004378716809563743
5933,4,0,0.10946541360679844,0.00043786165442719375
6345,3,1,0.09472683001083179,0.0003789073200433272
4968,0,1,0.10947635857302934,0.0004379054342921174
1557,8,1,0.10894645956852204,0.00043578583827408817
1034,6,1,0.10943323777337306,0.00043773295109349224
7058,9,1,0.10947791385824378,0.0004379116554329751
1446,0,1,0.10909699168617706,0.00043638796674470826
7652,0,1,0.10947776568390524,0.000437911062735621
638,0,1,0.1094777638524223,0.00043791105540968924
8421,2,1,0.10947791411977198,0.0004379116564790879
3454,2,1,0.10946773474310327,0.0004378709389724131
4236,1,1,0.10947790326284318,0.0004379116130513727
2808,2,1,0.1031887163816228,0.00041275486552649123
794,7,1,0.10915560440055441,0.0004366224176022176
7613,9,1,0.1094778728328664,0.0004379114913314656
3690,9,1,0.1094776023080604,0.00043791040923224164
6985,0,1,0.10933935212059477,0.0004373574084823791
155,5,1,0.1094200018271932,0.0004376800073087728
4082,6,1,0.10947517153231928,0.0004379006861292771
7297,9,1,0.10947788175492569,0.00043791152701970276
4097,3,1,0.10947577658016089,0.00043790310632064354
1842,4,0,0.1076518630174639,0.0004306074520698556
1976,5,1,0.10947791366791493,0.0004379116546716597
9408,6,1,0.1094377226917117,0.00043775089076684683
1133,4,0,0.09589903110338353,0.00038359612441353415
3715,1,1,0.10947542579173754,0.00043790170316695016
5879,8,1,0.10947788360665062,0.00043791153442660245
3657,7,1,0.10932185301317059,0.00043728741205268236
1864,7,1,0.10947709500570316,0.0004379083800228126
4719,9,1,0.10947771248339534,0.0004379108499335814
9850,7,1,0.09238510392801663,0.0003695404157120665
3504,9,1,0.10947752259301126,0.00043791009037204504
8547,6,1,0.1094779030342229,0.0004379116121368916
4409,8,1,0.10947790143976725,0.000437911605759069
4752,1,1,0.10947655583852482,0.00043790622335409927
2112,1,1,0.10946230883068203,0.00043784923532272813
8233,4,0,0.10941830002932135,0.0004376732001172854
9450,6,1,0.09955725170140245,0.0003982290068056098
9921,0,1,0.10947436656099083,0.00043789746624396333
9748,3,1,0.10947791254919619,0.00043791165019678473
1245,6,1,0.10947240433039766,0.00043788961732159066
1936,3,1,0.10947791397256505,0.0004379116558902602
3161,9,1,0.10947790683677097,0.00043791162734708387
7225,1,1,0.10947769217279467,0.00043791076869117865
4725,9,1,0.10947790296376206,0.0004379116118550482
5997,0,1,0.10878508939872895,0.0004351403575949158
1339,5,1,0.1094778485128844,0.00043791139405153763
8205,2,1,0.10546808855889861,0.0004218723542355944
4594,1,1,0.10947787796143078,0.0004379115118457231
9196,0,1,0.10947770229280067,0.00043791080917120266
2410,3,1,0.10947789781519214,0.00043791159126076856
7891,6,1,0.10947688822964656,0.00043790755291858626
4506,1,1,0.10947692759552241,0.00043790771038208965
8053,1,1,0.10947788869614608,0.0004379115547845843
4610,6,1,0.10938311792765394,0.00043753247171061574
752,9,1,0.10947775969740468,0.00043791103878961874
8959,1,1,0.10947790099958957,0.00043791160399835825
4682,3,1,0.10947791389825351,0.00043791165559301404
2321,2,1,0.1094675689631078,0.0004378702758524312
1031,3,1,0.1094779141099441,0.0004379116564397764
1098,1,1,0.10942299712389636,0.00043769198849558544
9863,6,1,0.10947694087626841,0.00043790776350507364
3693,6,1,0.10939770812459824,0.000437590832498393
6871,9,1,0.10947778089100511,0.0004379111235640205
6743,8,1,0.10947770976085053,0.0004379108390434021
1943,8,1,0.10947432816350482,0.0004378973126540193
3969,2,1,0.10944675852245386,0.00043778703408981547
2865,6,1,0.1094760011886993,0.00043790400475479717
5164,0,1,0.10942217442031922,0.0004376886976812769
9531,6,1,0.10903194941849235,0.00043612779767396943
4081,0,1,0.10944777737215668,0.0004377911094886267
2453,3,1,0.10204561182215906,0.00040818244728863624
8721,6,1,0.1094401729750554,0.0004377606919002216
7346,5,1,0.10947789713859941,0.00043791158855439763
4651,8,1,0.1094778015032685,0.000437911206013074
6826,6,1,0.10766562616759102,0.0004306625046703641
4084,7,1,0.10525628937052324,0.00042102515748209296
4111,4,0,0.10947737972600155,0.0004379095189040062
6919,4,0,0.10161220818707685,0.0004064488327483074
6107,9,1,0.10947775694314882,0.0004379110277725953
3184,0,1,0.10558414154907049,0.00042233656619628196
2010,7,1,0.10947791393326892,0.00043791165573307567
7647,6,1,0.10275946607616737,0.0004110378643046695
3465,6,1,0.10944395988615667,0.0004377758395446267
3482,7,1,0.10947791403114342,0.00043791165612457365
2810,9,1,0.10947791413076004,0.00043791165652304017
185,8,1,0.10843704174662126,0.00043374816698648505
6321,8,1,0.10947784214556106,0.00043791136858224424
8877,9,1,0.10947791384962047,0.0004379116553984819
7966,7,1,0.10946648670960198,0.0004378659468384079
5946,8,1,0.10932367085315764,0.00043729468341263054
9156,6,1,0.09915975653496044,0.00039663902613984176
4317,8,1,0.10938799310082768,0.0004375519724033107
6468,8,1,0.10947783212566621,0.0004379113285026648
1848,3,1,0.10936809596404373,0.00043747238385617493
9360,5,1,0.10882590938234007,0.0004353036375293603
187,3,1,0.10946802473907317,0.0004378720989562927
2443,2,1,0.10947780137273364,0.0004379112054909345
1227,3,1,0.10947789254998896,0.00043791157019995586
2421,8,1,0.1094775232851627,0.0004379100931406508
1239,5,1,0.10941438595389297,0.0004376575438155719
9111,0,1,0.1094774069739724,0.00043790962789588963
4310,4,0,0.10869049798902997,0.00043476199195611987
7789,3,1,0.10947789249454927,0.0004379115699781971
1995,2,1,0.10937061175868976,0.00043748244703475903
9173,4,0,0.10947783434337466,0.00043791133737349863
3588,6,1,0.10769513399370577,0.0004307805359748231
4019,7,1,0.10947451226966688,0.00043789804907866755
5039,6,1,0.10940103603913394,0.00043760414415653574
3874,6,1,0.10252222199395718,0.0004100888879758287
1139,8,1,0.10947782380053178,0.00043791129520212715
2590,5,1,0.10947438007580154,0.00043789752030320614
3165,1,1,0.10932226902188365,0.0004372890760875346
3365,9,1,0.10947766536343846,0.00043791066145375387
511,6,1,0.10637092985548913,0.0004254837194219565
5612,8,1,0.10947696410064917,0.00043790785640259665
6844,7,1,0.10947222159700964,0.0004378888863880386
3738,9,1,0.10947791291553143,0.0004379116516621257
9574,4,0,0.10861598706574813,0.0004344639482629925
5815,3,1,0.1094779129599941,0.0004379116518399764
109,7,1,0.10947791413070122,0.0004379116565228049
7122,9,1,0.10947791401278961,0.00043791165605115847
5018,4,0,0.10912857325904002,0.00043651429303616005
9990,7,1,0.10947791413069494,0.00043791165652277975
8715,2,1,0.10947784948687059,0.00043791139794748234
8023,3,1,0.10933149530315546,0.00043732598121262186
2637,6,1,0.10041448828990149,0.00040165795315960596
3259,3,1,0.10947783362183033,0.00043791133448732133
2520,1,1,0.10947791381285268,0.0004379116552514107
215,0,1,0.10947791323963453,0.0004379116529585381
4510,0,1,0.10947787913832212,0.00043791151655328845
6570,9,1,0.10947371055526656,0.00043789484222106625
5785,2,1,0.10642902451487314,0.0004257160980594926
7065,2,1,0.10716142962649909,0.00042864571850599636
5827,0,1,0.10944774977875901,0.00043779099911503606
8105,0,1,0.10945792019545174,0.000437831680781807
1931,6,1,0.10947790532689217,0.0004379116213075687
896,3,1,0.10947781494170197,0.00043791125976680787
1151,2,1,0.012903146331928239,5.1612585327712955e-05
5554,9,1,0.10947553462616212,0.0004379021385046485
8308,2,1,0.10947791234510439,0.0004379116493804175
9501,6,1,0.10819493618092546,0.00043277974472370187
5112,5,1,0.10947791179414494,0.00043791164717657977
8317,5,1,0.10868644209508342,0.0004347457683803337
755,2,1,0.026057477118810374,0.0001042299084752415
1911,4,0,0.06010730868539354,0.00024042923474157415
629,1,1,0.10927605196666354,0.0004371042078666542
4059,1,1,0.10947791292500766,0.00043791165170003067
3955,0,1,0.10945616759567407,0.0004378246703826963
6702,8,1,0.10947772945338465,0.00043791091781353856
8071,4,0,0.10947434240019122,0.00043789736960076484
4721,1,1,0.10947761084119369,0.00043791044336477476
5233,1,1,0.10947776101422428,0.0004379110440568971
5206,3,1,0.1094763527114515,0.000437905410845806
9857,0,1,0.10947791075124168,0.0004379116430049667
1196,2,1,0.10947692486842821,0.0004379076994737128
3164,0,1,0.10187202497629588,0.00040748809990518353
1320,7,1,0.10942363440564576,0.00043769453762258304
2274,1,1,0.10947789683433927,0.00043791158733735706
5317,4,0,0.10807881702304561,0.00043231526809218247
719,9,1,0.10927984835354027,0.0004371193934141611
4280,8,1,0.10947682953788228,0.0004379073181515291
6545,9,1,0.1094773189056628,0.0004379092756226512
5243,1,1,0.10947784587226697,0.0004379113834890679
538,9,1,0.10947704822973844,0.0004379081929189538
9687,1,1,0.10944233560024083,0.00043776934240096334
8338,3,1,0.10947791413047196,0.00043791165652188783
9808,1,1,0.10947791275828014,0.00043791165103312056
2967,7,1,0.10942426601463393,0.0004376970640585357
5704,4,0,0.10902819735011986,0.00043611278940047945
1971,4,0,0.10834256827948316,0.00043337027311793265
398,0,1,0.10947788644395838,0.0004379115457758335
3309,4,0,0.10921869485939982,0.0004368747794375993
5746,7,1,0.10947730786692488,0.0004379092314676995
3554,1,1,0.10947024598163307,0.0004378809839265323
1004,8,1,0.10945982133450047,0.00043783928533800185
9060,9,1,0.10947791404337073,0.00043791165617348293
9189,4,0,0.10873463172905354,0.00043493852691621417
4972,8,1,0.10946452321307075,0.000437858092852283
5420,6,1,0.10947759614452805,0.0004379103845781122
3623,5,1,0.10947777592868022,0.00043791110371472087
5487,6,1,0.10947777548162145,0.0004379111019264858
624,7,1,0.10939373712279278,0.0004375749484911711
8999,3,1,0.10936309347415868,0.0004374523738966347
5758,8,1,0.10917075723585339,0.0004366830289434135
3234,3,1,0.10947582239373699,0.00043790328957494796
5362,2,1,0.10944823227351863,0.0004377929290940745
5832,9,1,0.10947788124659229,0.00043791152498636913
6211,8,1,0.10947637335498642,0.0004379054934199457
8360,7,1,0.1094249812506588,0.0004376999250026352
5962,6,1,0.10947738383643697,0.0004379095353457479
4614,3,1,0.10852256934684983,0.0004340902773873993
3041,4,0,0.09306816120332172,0.00037227264481328685
7246,0,1,0.10947313189316722,0.0004378925275726689
8276,9,1,0.10945099502480113,0.0004378039800992045
2398,8,1,0.10659776857746248,0.0004263910743098499
444,5,1,0.10947790517592156,0.00043791162070368623
7048,2,1,0.10947656177155797,0.0004379062470862319
7717,3,1,0.10940140480850409,0.00043760561923401637
8181,3,1,0.10947630402685694,0.0004379052161074278
7141,5,1,0.10940101423892858,0.0004376040569557143
2221,2,1,0.10879275575589627,0.0004351710230235851
5564,6,1,0.10947724225991282,0.00043790896903965124
9640,5,1,0.10947390888571107,0.00043789563554284426
9642,0,1,0.10947488948237429,0.00043789955792949715
7659,2,1,0.07904305939874001,0.00031617223759496007
751,2,1,0.10855840153057934,0.0004342336061223174
9291,8,1,0.10941857934053381,0.00043767431736213525
9650,8,1,0.10947791389442608,0.00043791165557770435
7345,6,1,0.10947791413075247,0.0004379116565230099
5718,1,1,0.10946984422378381,0.00043787937689513523
5282,4,0,0.10855202148855106,0.00043420808595420426
3305,9,1,0.1094778783908868,0.0004379115135635472
4809,0,1,0.10947235172291485,0.00043788940689165937
7561,2,1,0.10911762556656722,0.0004364705022662689
9250,3,1,0.109477471892828,0.000437909887571312
4042,4,0,0.10727483728447337,0.0004290993491378935
1267,4,0,0.09787089818669888,0.00039148359274679553
5111,6,1,0.10836218936198985,0.0004334487574479594
4596,7,1,0.10775567869274416,0.00043102271477097665
8823,4,0,0.10875742961066737,0.0004350297184426695
776,2,1,0.10947787956738649,0.00043791151826954596
6920,5,1,0.09358506746026263,0.0003743402698410505
541,7,1,0.10947787309365581,0.00043791149237462325
7532,1,1,0.1094779122311732,0.0004379116489246928
4142,8,1,0.10947784942940528,0.00043791139771762113
1318,5,1,0.10947786732460561,0.00043791146929842247
6541,8,1,0.10918342321813972,0.0004367336928725589
8975,8,1,0.10947770566393551,0.00043791082265574204
6471,6,1,0.10947790959629007,0.0004379116383851603
1011,8,1,0.1075617347306616,0.0004302469389226464
2822,3,1,0.1094779141302494,0.00043791165652099764
756,6,1,0.0732034375066377,0.0002928137500265508
5288,4,0,0.10944961828046842,0.0004377984731218737
6170,2,1,0.10947717384847255,0.00043790869539389024
3028,1,1,0.10947789509880272,0.00043791158039521087
8218,9,1,0.10944495026999583,0.00043777980107998334
2550,4,0,0.10940695108103234,0.00043762780432412933
7085,5,1,0.10906949222803916,0.00043627796891215667
150,8,1,0.10947791351852623,0.0004379116540741049
5117,7,1,0.10947569723750408,0.0004379027889500163
6338,7,1,0.10708334275112472,0.00042833337100449886
7759,1,1,0.10947790364736854,0.0004379116145894741
3804,5,1,0.109471540796962,0.000437886163187848
4978,1,1,0.10947581417922553,0.0004379032567169021
5548,8,1,0.10946039683490885,0.0004378415873396354
8358,0,1,0.10473831253836648,0.0004189532501534659
9633,0,1,0.10947791413076031,0.00043791165652304126
1637,5,1,0.10947524186846122,0.00043790096747384487
5337,5,1,0.08043155666320798,0.0003217262266528319
6220,2,1,0.10864167733807738,0.00043456670935230953
3938,8,1,0.10945856558542748,0.0004378342623417099
151,9,1,0.10947791198342485,0.0004379116479336994
8212,5,1,0.10947736997656335,0.0004379094799062534
6762,7,1,0.10947058353187797,0.00043788233412751185
2864,5,1,0.10947791373555153,0.00043791165494220613
1970,1,1,0.10945380899518332,0.0004378152359807333
1981,3,1,0.10947624622796717,0.00043790498491186867
6483,6,1,0.09520616848887054,0.0003808246739554821
6166,1,1,0.1094768744153635,0.000437907497661454
6261,0,1,0.10947788997331957,0.0004379115598932783
9331,7,1,0.10947780690078918,0.00043791122760315673
6638,1,1,0.10947342738575369,0.00043789370954301475
9241,6,1,0.10925213340822104,0.00043700853363288415
5285,1,1,0.10947791368161283,0.0004379116547264513
8195,8,1,0.10946843839570694,0.0004378737535828278
9512,0,1,0.0618453715681183,0.0002473814862724732
5934,3,1,0.10947791368421798,0.00043791165473687195
6274,9,1,0.10946838698187303,0.0004378735479274921
1214,5,1,0.10947778857247376,0.000437911154289895
9052,0,1,0.10947791329965978,0.00043791165319863914
139,9,1,0.10932389973805803,0.00043729559895223214
949,8,1,0.10947257597314439,0.0004378903038925775
3313,2,1,0.10725521851009916,0.0004290208740403966
5138,8,1,0.10938523714326652,0.00043754094857306606
8799,1,1,0.10944344764980528,0.0004377737905992211
6255,6,1,0.1069142993817002,0.0004276571975268008
4362,4,0,0.09317205444390607,0.0003726882177756243
5863,4,0,0.07104049305617742,0.0002841619722247097
6657,7,1,0.10940068991708632,0.00043760275966834525
8896,8,1,0.10947634403361363,0.0004379053761344545
7452,4,0,0.1094575913679252,0.0004378303654717008
3399,0,1,0.1091132108259848,0.0004364528433039392
2187,5,1,0.10947750936811781,0.00043791003747247127
40,4,0,0.08232110084277264,0.00032928440337109054
8018,8,1,0.109428106613601,0.000437712426454404
9772,0,1,0.10537823504502446,0.0004215129401800978
5875,1,1,0.1094769556371404,0.00043790782254856156
360,9,1,0.10892123971354045,0.0004356849588541618
2896,8,1,0.10947791362090255,0.0004379116544836102
3480,2,1,0.10925266667367216,0.00043701066669468865
7427,2,1,0.10820881560273801,0.00043283526241095203
8356,1,1,0.10947791331099864,0.00043791165324399457
9078,4,0,0.10947740598342663,0.0004379096239337065
8597,5,1,0.10947771182022313,0.00043791084728089254
1290,5,1,0.10947786210201728,0.0004379114484080691
9093,3,1,0.10945552130145911,0.00043782208520583646
2310,6,1,0.10945292355724909,0.00043781169422899637
6860,0,1,0.10942283561707977,0.0004376913424683191
5013,0,1,0.10944910305079024,0.00043779641220316093
4680,9,1,0.10947791410167583,0.0004379116564067033
1503,4,0,0.10947790592302305,0.0004379116236920922
6528,5,1,0.10941094390341051,0.00043764377561364204
5982,9,1,0.1094779141232617,0.0004379116564930468
1626,9,1,0.10753669058730662,0.0004301467623492265
2930,7,1,0.10947788963864077,0.0004379115585545631
6094,5,1,0.10947791147557642,0.0004379116459023057
9652,5,1,0.10947775420347874,0.000437911016813915
1743,1,1,0.10947791104881315,0.00043791164419525256
5735,0,1,0.10938851216164236,0.00043755404864656946
7277,4,0,0.10819293673186212,0.0004327717469274485
8525,3,1,0.1094741179271395,0.000437896471708558
8895,0,1,0.10947791389857428,0.00043791165559429714
8573,6,1,0.10939071466243713,0.00043756285864974853
4602,1,1,0.10947791411569152,0.00043791165646276607
6293,3,1,0.1092219187419043,0.00043688767496761723
5327,0,1,0.10761994140177816,0.00043047976560711264
1105,4,0,0.10946351562668519,0.0004378540625067407
6890,5,1,0.10944967057769757,0.00043779868231079026
4887,5,1,0.10942091609984882,0.00043768366439939527
3870,8,1,0.06380013281324046,0.00025520053125296184
8465,9,1,0.10947785717598407,0.0004379114287039363
7785,4,0,0.10285384805447215,0.0004114153922178886
1941,7,1,0.10946474284767327,0.0004378589713906931
6512,2,1,0.04832152754625188,0.00019328611018500753
8592,0,1,0.10947790462448267,0.0004379116184979307
5476,6,1,0.10112167437122178,0.00040448669748488714
2248,0,1,0.10738183080786581,0.00042952732323146327
6394,0,1,0.10945928151097185,0.0004378371260438874
2581,4,0,0.1094425893645953,0.00043777035745838123
241,1,1,0.10945238319183694,0.00043780953276734776
411,9,1,0.10944211585634604,0.00043776846342538417
617,6,1,0.10929663175182727,0.0004371865270073091
3589,7,1,0.10912726428952602,0.00043650905715810406
934,7,1,0.10947791406631789,0.00043791165626527154
8838,8,1,0.10946936260164684,0.0004378774504065874
6024,2,1,0.10947571349457415,0.0004379028539782966
4996,3,1,0.10946494035691025,0.000437859761427641
6846,9,1,0.1094779115113259,0.0004379116460453036
4303,5,1,0.10939076031415314,0.00043756304125661257
7681,0,1,0.10947790750987837,0.0004379116300395135
4106,3,1,0.10944987449660426,0.000437799497986417
1562,6,1,0.10942874078748469,0.00043771496314993873
1315,4,0,0.10944887589764372,0.0004377955035905749
5002,8,1,0.10943549420261955,0.0004377419768104782
7583,1,1,0.10932014334646979,0.00043728057338587916
55,8,1,0.10386753827351777,0.0004154701530940711
8511,2,1,0.10943775502580048,0.00043775102010320193
6629,0,1,0.10905304542802055,0.0004362121817120822
4293,9,1,0.10945867696139618,0.00043783470784558473
7480,1,1,0.10947570077970459,0.00043790280311881835
9213,2,1,0.10947788925670464,0.0004379115570268186
2284,8,1,0.10855667351910807,0.0004342266940764323
3659,6,1,0.10931794199105459,0.00043727176796421835
3930,1,1,0.10947785396948813,0.0004379114158779525
9300,5,1,0.10947739316798713,0.00043790957267194854
7788,6,1,0.10939631099269591,0.0004375852439707836
9121,3,1,0.10943613732992578,0.0004377445493197031
2502,8,1,0.10947744561429325,0.000437909782457173
7465,0,1,0.10947782973521909,0.0004379113189408764
8452,4,0,0.07818505048870936,0.00031274020195483745
4363,9,1,0.10946547647400381,0.00043786190589601527
3726,5,1,0.07355702618118266,0.0002942281047247307
6513,5,1,0.10947578131790464,0.00043790312527161856
9304,5,1,0.10939217265513224,0.00043756869062052897
4870,8,1,0.10946518967600609,0.00043786075870402434
591,9,1,0.10947788762511797,0.00043791155050047184
1722,6,1,0.10946950972465075,0.000437878038898603
1373,3,1,0.10946146400318331,0.0004378458560127332
4503,7,1,0.10947047711044684,0.0004378819084417874
6633,0,1,0.10945716348189138,0.00043782865392756555
4683,4,0,0.03651717060033663,0.00014606868240134651
6553,3,1,0.10945864672857333,0.0004378345869142933
6623,0,1,0.10947784227717385,0.0004379113691086954
5275,2,1,0.10463478693194374,0.00041853914772777494
3498,4,0,0.10947788777191865,0.0004379115510876746
7108,2,1,0.10947786404675006,0.0004379114561870002
6014,5,1,0.10947765608417559,0.00043791062433670236
8804,6,1,0.10947791382925075,0.000437911655317003
1405,1,1,0.10947786460095303,0.0004379114584038121
1364,4,0,0.10780268544953271,0.00043121074179813086
7502,8,1,0.10947763378598149,0.000437910535143926
2957,8,1,0.10947650915387903,0.0004379060366155161
3079,8,1,0.10947790603356207,0.0004379116241342483
1876,2,1,0.10935384370725261,0.0004374153748290104
7455,1,1,0.10947686369542851,0.00043790745478171404
2426,2,1,0.10676774724134715,0.0004270709889653886
6308,4,0,0.10344326025470525,0.00041377304101882103
3471,1,1,0.10947791413076009,0.0004379116565230404
195,2,1,0.09306592886716289,0.00037226371546865157
4665,3,1,0.10848293966396134,0.00043393175865584537
3362,1,1,0.10947731804500906,0.0004379092721800362
332,3,1,0.10816275247855703,0.0004326510099142281
4696,5,1,0.10947715234454132,0.00043790860937816526
3618,4,0,0.10947298808720769,0.00043789195234883075
1866,8,1,0.10947756924128685,0.0004379102769651474
77,3,1,0.10947451633790044,0.0004378980653516018
7446,5,1,0.1094751219299107,0.0004379004877196428
9437,3,1,0.10947791413002535,0.0004379116565201014
1818,5,1,0.1094778451959857,0.0004379113807839428
5622,1,1,0.10947790744789183,0.00043791162979156734
6206,5,1,0.1094779141208836,0.0004379116564835344
5290,3,1,0.1094596191153995,0.000437838476461598
9915,2,1,0.10893491546003417,0.00043573966184013666
43,6,1,0.10943201343677515,0.0004377280537471006
5828,5,1,0.10947791412252202,0.00043791165649008807
5913,7,1,0.10943894502966972,0.00043775578011867887
5687,2,1,0.10798073049788603,0.00043192292199154415
2219,5,1,0.10947622418929039,0.00043790489675716156
3035,3,1,0.10947160584964412,0.00043788642339857647
6135,3,1,0.10947172698822304,0.00043788690795289214
2968,0,1,0.10947637230278798,0.0004379054892111519
7822,2,1,0.09679328097788877,0.00038717312391155505
2174,9,1,0.10947776731772843,0.00043791106927091374
492,8,1,0.10913310650149176,0.00043653242600596705
1481,2,1,0.10947535999027869,0.0004379014399611147
1396,1,1,0.10947788231492986,0.0004379115292597194
6151,7,1,0.10906329314980436,0.0004362531725992174
857,0,1,0.05071788285234393,0.00020287153140937574
9303,9,1,0.10947791397684263,0.00043791165590737055
3123,8,1,0.10920236397665697,0.0004368094559066279
7619,5,1,0.10944193113442179,0.00043776772453768716
9510,1,1,0.10947743315028302,0.0004379097326011321
5908,3,1,0.10947790956799729,0.00043791163827198916
4222,8,1,0.10945020663358442,0.0004378008265343377
2380,8,1,0.10940157750272889,0.00043760631001091554
890,4,0,0.10944458568252048,0.00043777834273008194
8510,7,1,0.10947023838827355,0.0004378809535530942
5850,6,1,0.09235907333990842,0.0003694362933596337
6082,0,1,0.10933979835004465,0.0004373591934001786
9217,9,1,0.10947791352360259,0.00043791165409441034
60,7,1,0.10911109587502932,0.00043644438350011727
5035,5,1,0.10946474374624858,0.00043785897498499433
5868,9,1,0.109477059846641,0.000437908239386564
7522,9,1,0.10947790802848106,0.0004379116321139243
9688,2,1,0.10946536824209036,0.0004378614729683614
7802,2,1,0.10803658290044572,0.0004321463316017829
6243,4,0,0.09657387956488456,0.00038629551825953824
1317,9,1,0.10947791412762298,0.0004379116565104919
8216,3,1,0.10947791162524496,0.00043791164650097984
4677,4,0,0.10826092877333525,0.000433043715093341
862,3,1,0.10498673985011617,0.00041994695940046465
5973,6,1,0.10799430856869065,0.00043197723427476257
7995,8,1,0.10945735985009751,0.00043782943940039003
2858,4,0,0.10181274330064102,0.0004072509732025641
9594,9,1,0.10947791092486224,0.00043791164369944897
6557,9,1,0.10947497973711985,0.0004378999189484794
7684,0,1,0.10947791410982657,0.0004379116564393063
6632,7,1,0.10943265923638369,0.0004377306369455348
3611,1,1,0.10947791080557288,0.00043791164322229154
7386,5,1,0.10947791412818325,0.000437911656512733
2060,5,1,0.1094778715422405,0.00043791148616896205
6239,6,1,0.09718333639445881,0.0003887333455778352
6902,4,0,0.07763977293823576,0.00031055909175294304
6447,4,0,0.10879402390640092,0.0004351760956256037
9989,2,1,0.10838294042743139,0.0004335317617097256
6832,1,1,0.10947791322146107,0.00043791165288584427
1148,2,1,0.10939121822407417,0.0004375648728962967
6525,3,1,0.10947777378567776,0.000437911095142711
1279,8,1,0.10947791376453415,0.0004379116550581366
4275,5,1,0.10946305161026655,0.0004378522064410662
2083,2,1,0.10947788074406589,0.00043791152297626356
6137,2,1,0.10947717977010608,0.0004379087190804243
8855,4,0,0.10937251649849376,0.00043749006599397506
6168,3,1,0.10947790144279868,0.0004379116057711947
7833,8,1,0.10934086143078366,0.00043736344572313464
1792,9,1,0.10947791403179506,0.00043791165612718023
9582,5,1,0.10938672849365283,0.0004375469139746113
7874,6,1,0.10762220991384933,0.0004304888396553973
9885,8,1,0.10850456615249635,0.0004340182646099854
8993,0,1,0.108727009826638,0.00043490803930655195
1728,0,1,0.10939376732073924,0.000437575069282957
1822,7,1,0.10947791324296827,0.00043791165297187305
7929,0,1,0.10908398615215589,0.00043633594460862357
8483,0,1,0.10946475824529993,0.0004378590329811997
6569,8,1,0.10947489767800885,0.0004378995907120354
550,5,1,0.10947768752194705,0.0004379107500877882
6485,9,1,0.10947704483856176,0.00043790817935424704
5044,5,1,0.10947782813208906,0.00043791131252835625
9584,3,1,0.10877770984404876,0.00043511083937619507
426,3,1,0.10947733312203531,0.00043790933248814124
9798,5,1,0.10947791401054258,0.0004379116560421703
8240,7,1,0.1094682134582952,0.0004378728538331808
1998,8,1,0.10945558380662807,0.0004378223352265123
64,6,1,0.10877315576847298,0.0004350926230738919
3353,3,1,0.1047311370588382,0.0004189245482353528
3439,4,0,0.10928353904267385,0.0004371341561706954
9535,1,1,0.10947791411729359,0.00043791165646917435
2290,9,1,0.10947767786673858,0.0004379107114669543
8738,4,0,0.10947153966927013,0.00043788615867708055
5414,4,0,0.09918663099103715,0.0003967465239641486
4184,4,0,-0.04318871030540651,-0.00017275484122162606
5714,2,1,0.10937718206361884,0.00043750872825447536
8690,8,1,0.10912316154763597,0.0004364926461905439
1975,6,1,0.10947784975935132,0.00043791139903740525
7208,1,1,0.10947791399903999,0.00043791165599615993
4621,8,1,0.10933163739565811,0.0004373265495826325
6242,4,0,0.109078126656573,0.00043631250662629203
4109,5,1,0.1094766101032077,0.0004379064404128308
61,3,1,0.10947110878583567,0.0004378844351433427
9786,6,1,0.10943911524669185,0.0004377564609867674
848,2,1,0.10368874687856128,0.0004147549875142451
2815,3,1,0.10947791255932654,0.00043791165023730614
5806,0,1,0.10947160807779391,0.00043788643231117564
7829,2,1,0.10941208778950842,0.0004376483511580337
9339,1,1,0.10942765282451397,0.0004377106112980559
8808,6,1,0.10930949312728185,0.00043723797250912736
1714,0,1,0.10937617965584155,0.0004375047186233662
5259,0,1,0.10947756636978732,0.0004379102654791493
425,9,1,0.1094779120531171,0.00043791164821246843
2842,7,1,0.10027267414360509,0.0004010906965744204
5365,8,1,0.10946503323389374,0.00043786013293557497
747,6,1,0.10944700572739517,0.0004377880229095807
4176,3,1,0.10945111340652931,0.00043780445362611727
2109,0,1,0.10787358480310608,0.0004314943392124243
7956,4,0,0.10947791364546823,0.00043791165458187295
1959,0,1,0.10947486499615947,0.00043789945998463784
6942,3,1,0.10947791413075997,0.00043791165652303985
9206,8,1,0.10701877061173685,0.0004280750824469474
7594,0,1,0.10947242688256699,0.00043788970753026794
1927,9,1,0.10921624093365555,0.0004368649637346222
748,2,1,0.10732788124847369,0.00042931152499389475
8451,5,1,0.10932281175223894,0.0004372912470089558
8538,7,1,0.10853438447739375,0.000434137537909575
5617,5,1,0.1094777470624382,0.00043791098824975277
2707,6,1,0.08009443988257181,0.00032037775953028724
8481,3,1,0.10947791393461793,0.00043791165573847174
2354,8,1,0.10947791269407339,0.00043791165077629356
930,4,0,0.1084004660659592,0.0004336018642638368
1890,6,1,0.10917024970391599,0.00043668099881566397
7080,5,1,0.10294095137847976,0.00041176380551391907
3858,8,1,0.10871198371108598,0.0004348479348443439
7491,9,1,0.1094778838238103,0.00043791153529524116
9839,3,1,0.10947172205189802,0.00043788688820759207
9665,3,1,0.10947739042710485,0.00043790956170841936
8029,7,1,0.10935846343520061,0.0004374338537408025
9443,5,1,0.10947766818343131,0.00043791067273372524
5711,6,1,0.10922093318838773,0.0004368837327535509
8404,2,1,0.10943669189598945,0.0004377467675839578
8080,4,0,0.05483923024646767,0.00021935692098587066
5838,4,0,0.1094779129750557,0.0004379116519002228
4570,9,1,0.10946383085468649,0.00043785532341874596
743,7,1,0.10947720831987509,0.00043790883327950034
9015,8,1,0.1094724004380021,0.0004378896017520084
1072,0,1,0.10917261810419686,0.00043669047241678743
2180,4,0,0.08672211867582696,0.00034688847470330786
4162,0,1,0.10946431451178176,0.00043785725804712706
1319,0,1,0.10947785385155767,0.0004379114154062307
545,9,1,0.10947663450227742,0.00043790653800910965
1330,2,1,0.10947512317974925,0.000437900492718997
6315,6,1,0.10947791413033837,0.0004379116565213535
4421,2,1,0.10947791413076037,0.00043791165652304147
2039,8,1,0.10947791412117842,0.0004379116564847137
4782,2,1,0.1087609181200046,0.0004350436724800184
7032,4,0,0.09777745011120875,0.00039110980044483503
2463,0,1,0.10947791407285334,0.0004379116562914134
7628,4,0,0.10947653396491464,0.00043790613585965854
4169,3,1,0.10947791413001097,0.00043791165652004387
6661,4,0,0.06376649776737758,0.0002550659910695103
2148,9,1,0.1094778982205467,0.0004379115928821868
419,7,1,0.10942025267853765,0.00043768101071415064
432,3,1,0.1071029354015598,0.00042841174160623916
9201,3,1,0.10922767349137895,0.0004369106939655158
6675,2,1,0.10947791413076029,0.00043791165652304115
8865,7,1,0.10940554918231567,0.0004376221967292627
5049,7,1,0.10320417647947339,0.00041281670591789357
4977,9,1,0.10947791405614045,0.0004379116562245618
8033,3,1,0.10947783795869442,0.0004379113518347777
9505,3,1,0.10644605599949408,0.0004257842239979763
4648,6,1,0.1090105537309949,0.0004360422149239796
9234,2,1,0.10183886305504453,0.0004073554522201781
6144,7,1,0.10944946819507267,0.0004377978727802907
373,4,0,0.10846322733625766,0.0004338529093450306
9542,1,1,0.10947767684866917,0.0004379107073946767
6381,9,1,0.10947791312194924,0.00043791165248779695
2121,6,1,0.04281711827495539,0.00017126847309982158
1268,3,1,0.10947225623597084,0.0004378890249438834
6504,7,1,0.1033944548586073,0.00041357781943442915
5372,5,1,0.10947784144372077,0.0004379113657748831
703,8,1,0.10543237216514836,0.00042172948866059346
3159,2,1,0.10947651785161337,0.0004379060714064535
4765,3,1,0.1094732761411726,0.00043789310456469037
2111,9,1,0.1094779107741571,0.0004379116430966284
1742,8,1,0.10947479698800694,0.00043789918795202775
780,9,1,0.10947383058295833,0.0004378953223318333
8665,3,1,0.10945066339696272,0.0004378026535878509
2488,6,1,0.10734773057206691,0.00042939092228826766
6647,3,1,0.10946491514784516,0.00043785966059138067
8193,3,1,0.10947791299141393,0.00043791165196565575
276,0,1,0.1094779133908932,0.0004379116535635728
6848,9,1,0.10934463683296106,0.0004373785473318442
6146,0,1,0.109389980140503,0.000437559920562012
4534,2,1,0.07204886075015261,0.00028819544300061047
2289,1,1,0.10947411983605408,0.00043789647934421635
7902,2,1,0.10947660536572719,0.00043790642146290874
9302,3,1,0.10947746905720468,0.0004379098762288187
408,8,1,0.10924720581896798,0.0004369888232758719
7727,6,1,0.10945026786409578,0.00043780107145638316
9621,6,1,0.1094577546758274,0.0004378310187033096
885,0,1,0.10920714456218826,0.000436828578248753
5323,1,1,0.10947790909556882,0.00043791163638227525
8682,5,1,0.10947784290396707,0.0004379113716158683
1585,7,1,0.10947791327519628,0.0004379116531007851
7748,0,1,0.10947718732249903,0.00043790874928999613
9762,6,1,0.031016862369677475,0.0001240674494787099
209,9,1,0.10945096455496536,0.00043780385821986145
5151,9,1,0.10947313383312136,0.0004378925353324855
8826,8,1,0.10913491982454299,0.00043653967929817197
9879,7,1,0.10947790244487468,0.00043791160977949873
1470,7,1,0.10947790490954806,0.00043791161963819224
1025,5,1,0.10947787934673768,0.0004379115173869507
5903,4,0,0.10947791412320512,0.0004379116564928205
9564,9,1,0.1094778251328736,0.0004379113005314944
7772,3,1,0.1094779123148611,0.0004379116492594444
882,3,1,0.10947789191636098,0.0004379115676654439
4925,5,1,0.10947791356759157,0.00043791165427036627
1023,0,1,0.10947722706424952,0.0004379089082569981
6264,6,1,0.10736258391592159,0.00042945033566368636
9677,6,1,0.10939680327656515,0.0004375872131062606
9328,6,1,0.10947657452801841,0.00043790629811207366
1015,4,0,0.10885748170337232,0.0004354299268134893
5944,2,1,0.10314457664087588,0.0004125783065635035
2701,1,1,0.10947716305821471,0.00043790865223285885
2559,7,1,0.109370169784006,0.000437480679136024
219,2,1,0.1093704323722109,0.0004374817294888436
8787,4,0,0.10510871056065386,0.00042043484224261546
2252,3,1,0.10947787994450342,0.0004379115197780137
3617,3,1,0.10945785464836397,0.00043783141859345587
2050,8,1,0.10947512601964178,0.0004379005040785671
8141,3,1,0.10934965055178271,0.0004373986022071308
7266,2,1,0.06897284108376142,0.0002758913643350457
1265,9,1,0.10947550751746916,0.00043790203006987665
673,3,1,0.10947790279311125,0.000437911611172445
2023,5,1,0.10947774193320028,0.00043791096773280113
2419,4,0,0.10644581126847824,0.000425783245073913
8046,8,1,0.10947791125795472,0.0004379116450318189
8391,1,1,0.10947789159005572,0.00043791156636022286
3648,7,1,0.10780678203917063,0.00043122712815668254
8775,1,1,0.10946878468634164,0.00043787513874536655
6108,4,0,0.10763810022056232,0.0004305524008822493
2182,4,0,0.10750293331841548,0.00043001173327366195
6461,4,0,0.08496097487168938,0.00033984389948675753
6667,7,1,0.1094778099697799,0.00043791123987911964
7132,4,0,0.10947586743718349,0.00043790346974873396
5833,3,1,0.10947771627094863,0.0004379108650837945
2411,0,1,0.10113731213004362,0.00040454924852017447
7716,5,1,0.10947791362842194,0.00043791165451368774
534,6,1,0.09648079065973898,0.00038592316263895594
1474,3,1,0.10947791376611583,0.0004379116550644633
2244,9,1,0.10947788659379167,0.00043791154637516666
6839,8,1,0.1094773636333867,0.0004379094545335468
697,2,1,0.10677964329149524,0.00042711857316598097
3713,2,1,0.10947791356799648,0.0004379116542719859
3436,4,0,0.1078564705092566,0.0004314258820370264
5464,7,1,0.10947745613817333,0.0004379098245526933
1125,6,1,0.1053287937620534,0.00042131517504821357
430,2,1,0.10943791804273131,0.00043775167217092526
2264,0,1,0.1094761427845016,0.0004379045711380064
424,2,1,0.017104008764685763,6.841603505874305e-05
8503,1,1,0.10945724553127731,0.00043782898212510924
4461,0,1,0.10904474105896304,0.0004361789642358522
9738,6,1,0.10535991589022496,0.0004214396635608999
4076,7,1,0.10946337792082847,0.00043785351168331387
8880,1,1,0.1094458788319113,0.0004377835153276452
7624,2,1,0.10399663918937332,0.0004159865567574933
4443,4,0,0.09483600353551304,0.00037934401414205216
5938,9,1,0.10947791348417156,0.00043791165393668624
8593,1,1,0.10947791213642066,0.00043791164854568263
6047,0,1,0.10888056178370892,0.0004355222471348357
5284,6,1,0.10946338636851803,0.00043785354547407214
5988,9,1,0.10947722641850516,0.0004379089056740206
5846,5,1,0.10945929074908903,0.0004378371629963561
3981,5,1,0.10934741366180022,0.00043738965464720087
7260,1,1,0.10946315500448581,0.0004378526200179432
1749,2,1,0.10764998660044246,0.0004305999464017699
951,9,1,0.10947790319047905,0.0004379116127619162
1449,6,1,0.10723474832724694,0.00042893899330898776
8325,8,1,0.10947786508089996,0.00043791146032359985
9298,1,1,0.10947666110272682,0.0004379066444109073
2929,1,1,0.10947791407664514,0.00043791165630658056
131,1,1,0.10947790833730571,0.0004379116333492228
1922,5,1,0.10947789280110296,0.0004379115712044118
8408,6,1,0.10947775928374479,0.00043791103713497915
1027,0,1,0.10928936241648031,0.0004371574496659212
5145,4,0,0.08612298245465169,0.00034449192981860676
244,0,1,0.10947757535361496,0.00043791030141445987
1376,9,1,0.1094775768426767,0.0004379103073707068
6935,7,1,0.10946235654139785,0.0004378494261655914
3395,9,1,0.10947583827509474,0.00043790335310037897
2162,5,1,0.10947791307048803,0.0004379116522819521
7267,5,1,0.10937910352018708,0.0004375164140807483
9252,7,1,0.10825750502114152,0.0004330300200845661
8595,1,1,0.10947790540967443,0.00043791162163869774
3335,0,1,0.1094757596618813,0.00043790303864752524
1432,9,1,0.10947690188523342,0.00043790760754093365
4230,6,1,0.10903078785665575,0.000436123151426623
9162,1,1,0.10937662602726628,0.0004375065041090651
24,5,1,0.10901538097669401,0.00043606152390677605
7510,8,1,0.10947791286601595,0.0004379116514640638
6681,9,1,0.10947788597927095,0.0004379115439170838
5898,8,1,0.10925866352550714,0.00043703465410202855
1427,9,1,0.10947547668046118,0.0004379019067218447
9757,7,1,0.10947627121539902,0.0004379050848615961
8106,8,1,0.10947782374446757,0.0004379112949778703
2278,9,1,0.1094743791483144,0.0004378975165932576
288,7,1,0.109477823666001,0.000437911294664004
5889,6,1,0.10387459273854006,0.0004154983709541603
6073,2,1,0.10942994817289857,0.00043771979269159426
7304,2,1,0.10947787877920215,0.0004379115151168086
3830,5,1,0.10947791412964433,0.0004379116565185773
8150,6,1,0.10816001647081765,0.0004326400658832706
7560,0,1,0.10920564710316005,0.0004368225884126402
2899,9,1,0.10901658953581804,0.0004360663581432722
716,3,1,0.10607969454247018,0.0004243187781698807
962,1,1,0.10947756534644178,0.0004379102613857671
893,6,1,0.10947750443115968,0.0004379100177246387
1843,8,1,0.1094778311489657,0.0004379113245958628
826,7,1,0.1041515242268844,0.0004166060969075376
8796,9,1,0.10888881882224256,0.00043555527528897024
281,0,1,0.10941489976229388,0.0004376595990491755
2653,4,0,0.10944636052133075,0.000437785442085323
579,5,1,0.10946826234542749,0.00043787304938170996
5246,7,1,0.10947580821586449,0.00043790323286345797
812,7,1,0.10918455886609105,0.0004367382354643642
9903,6,1,0.10757089115417878,0.00043028356461671514
7006,6,1,0.10134389441296271,0.00040537557765185086
8757,8,1,0.10932891132317199,0.00043731564529268796
8580,3,1,0.10947791413075993,0.0004379116565230397
8782,5,1,0.10915312015561385,0.00043661248062245537
164,8,1,0.10947790009062044,0.00043791160036248176
30,6,1,0.10759456223902067,0.00043037824895608267
2257,0,1,0.10947789448730456,0.00043791157794921824
3875,2,1,0.10947789889599666,0.0004379115955839866
786,3,1,0.10947791050027116,0.00043791164200108465
8396,3,1,0.10947788220350341,0.0004379115288140136
9724,0,1,0.10674413256351145,0.00042697653025404583
3684,9,1,0.10947780909786997,0.0004379112363914799
2532,0,1,0.10947431772959519,0.00043789727091838075
9919,4,0,0.09706820645096448,0.0003882728258038579
2704,0,1,0.10944612502905095,0.0004377845001162038
180,0,1,0.10947791396915585,0.0004379116558766234
836,1,1,0.10946920293083436,0.00043787681172333744
8561,8,1,0.1093782855314798,0.0004375131421259192
6335,2,1,0.0972645675366275,0.00038905827014651
8688,8,1,0.10947487491514651,0.0004378994996605861
3779,3,1,0.10944373252796394,0.00043777493011185574
6975,8,1,0.1094369900034233,0.0004377479600136932
5038,4,0,0.10396155757296752,0.0004158462302918701
4092,7,1,0.10926872715449451,0.000437074908617978
6417,1,1,0.1094747320250713,0.0004378989281002852
7244,5,1,0.10947791242925535,0.0004379116497170214
8078,7,1,0.09673773523670974,0.00038695094094683895
8578,2,1,0.10947789931766824,0.00043791159727067294
9504,6,1,0.09176423767952804,0.0003670569507181122
5516,0,1,0.10943407027099651,0.00043773628108398604
8219,3,1,0.10947790607526331,0.0004379116243010532
3809,4,0,0.10092621984435585,0.0004037048793774234
3785,6,1,0.10933307533999118,0.0004373323013599647
5126,0,1,0.10947779347584548,0.0004379111739033819
7253,4,0,0.10133592154503623,0.00040534368618014494
9043,3,1,0.10947791412055578,0.00043791165648222316
2308,1,1,0.10947686404674341,0.00043790745618697363
5679,0,1,0.10947713263140242,0.0004379085305256097
3239,1,1,0.1094778928195461,0.0004379115712781844
6068,5,1,0.10938676086596003,0.0004375470434638401
979,9,1,0.10939029533963034,0.00043756118135852135
7034,0,1,0.10855621033477836,0.00043422484133911343
6654,4,0,0.10832778212880538,0.00043331112851522155
3435,6,1,0.10947764398119826,0.00043791057592479306
1436,6,1,0.10947790868491318,0.00043791163473965274
3987,1,1,0.10947533940832123,0.0004379013576332849
9351,1,1,0.10947751867527183,0.00043791007470108734
7318,4,0,0.10926250722104712,0.00043705002888418847
8699,4,0,0.10880865409888817,0.00043523461639555266
8293,0,1,0.10947732446619442,0.00043790929786477765
1787,3,1,0.1094779087989089,0.0004379116351956356
4188,6,1,0.09928882411015925,0.000397155296440637
5179,5,1,0.10947783566960184,0.0004379113426784074
1779,3,1,0.1094779116178391,0.0004379116464713564
6678,7,1,0.10947785710238468,0.0004379114284095387
8956,2,1,0.10947271222357421,0.00043789084889429684
2444,3,1,0.10947560054569039,0.00043790240218276154
2953,8,1,0.10946355901578946,0.00043785423606315784
9895,4,0,0.1086367050065691,0.00043454682002627644
3018,5,1,0.10815445834031338,0.00043261783336125354
514,5,1,0.10947746625881731,0.0004379098650352692
8958,6,1,0.0811705213529973,0.0003246820854119892
2092,1,1,0.10947396447946188,0.00043789585791784754
3717,6,1,0.10846868262025086,0.00043387473048100343
1679,7,1,0.10947779735540912,0.0004379111894216365
3215,1,1,0.10947791408286904,0.0004379116563314762
297,0,1,0.10947791389222794,0.00043791165556891174
4736,1,1,0.10947698827944728,0.00043790795311778914
2130,0,1,0.10947788176954983,0.0004379115270781993
6109,2,1,0.09610754723664702,0.0003844301889465881
4382,7,1,0.10945522293084962,0.0004378208917233985
2772,6,1,0.10923488925577485,0.00043693955702309937
4358,5,1,0.10947791411348014,0.00043791165645392055
939,8,1,0.10947790744653345,0.0004379116297861338
8564,1,1,0.10947397039582488,0.0004378958815832995
8163,0,1,0.10947780095458565,0.0004379112038183426
1465,9,1,0.10947782796645253,0.0004379113118658101
3562,8,1,0.10947791411088795,0.0004379116564435518
8300,5,1,0.10788143423859912,0.0004315257369543965
9050,5,1,0.10939681226923116,0.00043758724907692464
2561,6,1,0.10945043709533561,0.00043780174838134244
1694,0,1,0.10947216576304887,0.0004378886630521955
898,3,1,0.10947790642485264,0.00043791162569941055
1193,5,1,0.10946552997119585,0.00043786211988478343
2434,0,1,0.10947703572097343,0.0004379081428838937
7564,8,1,0.10945612610372402,0.00043782450441489604
2227,8,1,0.10944459311879953,0.00043777837247519814
7248,4,0,0.10946823594538871,0.0004378729437815548
4035,2,1,0.10945194121824867,0.00043780776487299466
6375,3,1,0.10903100918967511,0.00043612403675870044
9859,6,1,0.10919235365655448,0.00043676941462621795
348,8,1,0.10947791410006756,0.00043791165640027027
8461,7,1,0.1094778993081593,0.0004379115972326372
4292,1,1,0.10947789932856788,0.00043791159731427153
3030,6,1,0.10764490168692652,0.00043057960674770606
4020,8,1,0.10947779842548476,0.000437911193701939
8591,6,1,0.1069147913253738,0.00042765916530149525
529,6,1,0.10501010875176127,0.0004200404350070451
3328,2,1,0.10259393125173508,0.0004103757250069403
6555,1,1,0.10947697235340137,0.0004379078894136055
8735,3,1,0.10947789745002451,0.00043791158980009806
7005,1,1,0.10947708382507329,0.00043790833530029316
7051,3,1,0.109189206531133,0.00043675682612453196
7988,6,1,0.10251571760460845,0.0004100628704184338
8952,3,1,0.10947743139744257,0.0004379097255897703
8415,0,1,0.10926676418610759,0.00043706705674443036
5773,3,1,0.08430507864626129,0.00033722031458504513
614,5,1,0.10863067032580571,0.00043452268130322283
4700,6,1,0.10943762284854501,0.00043775049139418005
4612,7,1,0.10932621777990262,0.0004373048711196105
4460,9,1,0.10947788787204857,0.0004379115514881943
9198,3,1,0.10947767201815835,0.0004379106880726334
5613,5,1,0.10947686235146224,0.000437907449405849
5073,8,1,0.10603173635800485,0.0004241269454320194
5292,4,0,0.10947790536374738,0.0004379116214549895
4152,5,1,0.10947780365844324,0.00043791121463377297
7498,6,1,0.10915498330933622,0.0004366199332373449
4413,6,1,0.09923800480573172,0.0003969520192229269
3232,7,1,0.10947746207095088,0.00043790984828380355
1201,7,1,0.10947760652403131,0.00043791042609612525
1886,8,1,0.10947791381307048,0.00043791165525228193
1332,1,1,0.1094778140632636,0.0004379112562530544
2797,6,1,0.10903547886746189,0.0004361419154698475
5066,4,0,0.10931624293999431,0.00043726497175997726
52,0,1,0.10940477275379851,0.000437619091015194
4829,5,1,0.10945265938968604,0.00043781063755874415
394,9,1,0.10947781477399328,0.0004379112590959731
9635,7,1,0.1094411401484158,0.0004377645605936632
239,5,1,0.10947791410899678,0.00043791165643598714
4821,4,0,0.10947054936314314,0.0004378821974525726
6883,7,1,0.1094779135834956,0.00043791165433398237
1443,4,0,0.10683908419456088,0.0004273563367782435
7825,3,1,0.10947791298075596,0.00043791165192302384
1835,0,1,0.10947153199746587,0.00043788612798986346
5915,5,1,0.10947790881674548,0.0004379116352669819
2847,8,1,0.10342028584959563,0.0004136811433983825
7454,0,1,0.1094583159531318,0.0004378332638125272
7221,3,1,0.10927582843309294,0.0004371033137323718
9785,8,1,0.10947788930861582,0.0004379115572344633
3060,7,1,0.10946957402276453,0.0004378782960910581
9604,8,1,0.10947758989485269,0.00043791035957941075
1288,1,1,0.10947787431805192,0.0004379114972722077
2439,1,1,0.10947790436193289,0.00043791161744773154
2543,3,1,0.10947624481334957,0.0004379049792533983
7301,6,1,0.10947786038248788,0.0004379114415299515
9489,6,1,0.10947743991539986,0.00043790975966159947
5263,8,1,0.10947791406726098,0.0004379116562690439
9872,0,1,0.10947748677920474,0.00043790994711681894
7444,9,1,0.1094779132805369,0.0004379116531221476
7018,0,1,0.10940818641145061,0.00043763274564580245
5645,5,1,0.10947791411881094,0.00043791165647524377
5297,6,1,0.10936585721391719,0.0004374634288556687
613,8,1,0.10946684093389623,0.00043786736373558493
5099,2,1,0.10947143674940273,0.0004378857469976109
6383,3,1,0.10920709965150491,0.0004368283986060196
6696,0,1,0.10907912582515854,0.00043631650330063415
8834,8,1,0.10780101058107475,0.000431204042324299
7378,3,1,0.10947791412606003,0.0004379116565042401
2348,4,0,0.10947765363087708,0.0004379106145235083
6894,6,1,0.06638138615638628,0.0002655255446255451
8992,5,1,0.10947791392729403,0.0004379116557091761
8611,7,1,0.10947687562821924,0.000437907502512877
2490,0,1,0.10947706208791355,0.0004379082483516542
1547,2,1,0.10947782563205685,0.00043791130252822743
9264,5,1,0.10947776832363729,0.00043791107329454917
3103,6,1,0.10947748042154676,0.000437909921686187
980,2,1,0.0865561595037084,0.00034622463801483363
1218,8,1,0.10919192912932216,0.0004367677165172886
5274,2,1,0.10666412803268134,0.0004266565121307254
5360,9,1,0.10947791413024752,0.00043791165652099005
4470,0,1,0.10855728294980894,0.00043422913179923576
2412,6,1,0.1088116973784217,0.00043524678951368677
3007,6,1,0.10795385984838862,0.00043181543939355447
3567,6,1,0.10723202262548227,0.0004289280905019291
5114,7,1,0.10947757730690229,0.00043791030922760914
3256,4,0,0.10896506085465382,0.0004358602434186153
8056,1,1,0.10944940732559579,0.0004377976293023831
8166,2,1,0.10943197330396351,0.00043772789321585404
4314,1,1,0.10944258408292835,0.00043777033633171343
1518,3,1,0.10947710771520436,0.00043790843086081744
4435,3,1,0.1094772574853248,0.0004379090299412992
2553,8,1,0.10943173791191224,0.00043772695164764897
8188,7,1,0.10947595452075877,0.0004379038180830351
4778,6,1,0.10925085128215922,0.0004370034051286369
6312,2,1,0.10931277809646468,0.00043725111238585875
3470,7,1,0.1086609613135912,0.0004346438452543648
7139,0,1,0.10947554765074667,0.0004379021906029867
5470,1,1,0.10935358995809674,0.000437414359832387
6180,0,1,0.10947706269798976,0.00043790825079195907
6775,0,1,0.1091181845665345,0.00043647273826613803
6616,4,0,0.1087008451853632,0.0004348033807414528
1391,7,1,0.10904026338177972,0.0004361610535271189
9614,6,1,0.10888161444779659,0.00043552645779118635
7202,3,1,0.1094779141244197,0.00043791165649767884
8162,9,1,0.10947789071295068,0.00043791156285180274
3831,5,1,0.10947791407275383,0.0004379116562910153
8064,0,1,0.10934656242087487,0.00043738624968349946
5373,2,1,0.1093142103959615,0.000437256841583846
2138,6,1,0.10947562189714956,0.00043790248758859824
1643,9,1,0.10947757601330442,0.0004379103040532177
7870,6,1,0.10597832471729825,0.000423913298869193
2137,2,1,0.0854316818908643,0.00034172672756345717
7037,7,1,0.10945211660681228,0.0004378084664272491
3258,0,1,0.10944811251937098,0.0004377924500774839
5698,7,1,0.1094779099963702,0.0004379116399854808
1348,2,1,0.10826131380473838,0.0004330452552189535
6885,0,1,0.10931207984398794,0.0004372483193759518
5171,2,1,0.10947473696989106,0.0004378989478795642
5143,9,1,0.10947791361941536,0.00043791165447766144
7393,5,1,0.1085592983754532,0.0004342371935018128
679,5,1,0.10947790847325542,0.00043791163389302165
9732,9,1,0.10477764690033446,0.00041911058760133786
5335,9,1,0.10947477447692042,0.0004378990979076817
2503,8,1,0.10947359145004795,0.0004378943658001918
1285,9,1,0.1094778137438209,0.0004379112549752836
9348,5,1,0.10947785042531392,0.0004379114017012557
6987,8,1,0.1026336239550127,0.0004105344958200508
7762,7,1,0.10947727039943339,0.00043790908159773356
1223,8,1,0.10946617256386404,0.00043786469025545614
649,5,1,0.1094642046226645,0.000437856818490658
436,2,1,0.10943188615221736,0.0004377275446088694
9378,9,1,0.10947789254993744,0.00043791157019974975
1211,6,1,0.1050697494701879,0.0004202789978807516
8191,6,1,0.026933543122106163,0.00010773417248842465
8903,0,1,0.10947689601702565,0.0004379075840681026
4679,4,0,0.10423102626178615,0.0004169241050471446
2757,1,1,0.10947791413075852,0.0004379116565230341
2073,2,1,0.08797967278461963,0.00035191869113847853
5081,5,1,0.10947791226760327,0.00043791164907041306
5717,6,1,0.10787601057769507,0.0004315040423107803
586,3,1,0.10894132148704193,0.0004357652859481677
8986,6,1,0.10608326578750228,0.00042433306315000914
6451,1,1,0.10947619651915344,0.00043790478607661377
6966,0,1,0.10450762366907047,0.0004180304946762819
3411,5,1,0.10947790841708024,0.00043791163366832097
294,3,1,0.10947791412787053,0.00043791165651148214
5575,3,1,0.10672043025824493,0.00042688172103297974
9387,1,1,0.10947791353592813,0.00043791165414371253
4662,6,1,0.10938253065663094,0.00043753012262652373
9680,8,1,0.1094776429876565,0.000437910571950626
8864,9,1,0.10947722007672787,0.0004379088803069115
9184,7,1,0.10947772735993645,0.0004379109094397458
4011,7,1,0.10947675573017134,0.00043790702292068534
3244,7,1,0.10947052674282505,0.0004378821069713002
5705,2,1,0.10903074401846385,0.0004361229760738554
318,5,1,0.10943980715331793,0.0004377592286132717
7501,9,1,0.10947787819977599,0.00043791151279910394
5590,4,0,0.05636145818336612,0.00022544583273346447
6130,1,1,0.10947736412342433,0.00043790945649369733
9496,1,1,0.10947791240477825,0.000437911649619113
575,6,1,0.10058106958827784,0.00040232427835311136
1253,8,1,0.10946736103309869,0.0004378694441323948
2609,5,1,0.10799792253739904,0.00043199169014959617
8264,2,1,0.10890136381714896,0.00043560545526859587
654,9,1,0.10947791413067533,0.0004379116565227013
8392,6,1,0.1082293630701019,0.0004329174522804076
2116,9,1,0.10947322002388046,0.00043789288009552185
7426,7,1,0.10947681166871112,0.00043790724667484447
7901,1,1,0.10947791268340336,0.00043791165073361345
8967,2,1,0.10947790535388945,0.00043791162141555777
6302,0,1,0.10947781717059893,0.0004379112686823957
9591,1,1,0.10947396694716471,0.00043789586778865885
3122,1,1,0.1094769347658002,0.0004379077390632008
570,6,1,0.10935359586616404,0.00043741438346465614
820,6,1,0.10947785157319302,0.0004379114062927721
3224,6,1,0.0724738512547743,0.00028989540501909723
4874,9,1,0.10947274158812817,0.0004378909663525127
9699,0,1,0.10947774139281129,0.00043791096557124515
9499,0,1,0.10896868395189753,0.00043587473580759015
9447,4,0,0.10944072059945041,0.00043776288239780165
3380,8,1,0.10937623054471966,0.00043750492217887863
8159,8,1,0.10923417391379286,0.00043693669565517145
402,7,1,0.10947714346476944,0.00043790857385907775
2482,9,1,0.10947133502781554,0.0004378853401112622
3642,1,1,0.10947764511078101,0.000437910580443124
5223,0,1,0.1094776968440196,0.0004379107873760784
2168,5,1,0.10947540481266423,0.0004379016192506569
293,9,1,0.10947756925411571,0.00043791027701646284
286,1,1,0.10947791325213574,0.00043791165300854294
7693,7,1,0.10947581154304754,0.0004379032461721902
2160,0,1,0.10914165804460199,0.000436566632178408
5585,0,1,0.10947406584704318,0.0004378962633881727
4633,1,1,0.10947780963525405,0.00043791123854101623
5909,1,1,0.10947790007432506,0.00043791160029730023
1374,2,1,0.10709920389934204,0.0004283968155973681
317,7,1,0.10869163939800743,0.0004347665575920297
1839,7,1,0.10947791380627382,0.0004379116552250953
5505,4,0,0.10425146636972112,0.00041700586547888444
6746,2,1,0.1094771691309495,0.000437908676523798
1041,5,1,0.10919221366752775,0.000436768854670111
7358,8,1,0.10937273375056163,0.0004374909350022465
1724,4,0,0.007600691772662621,3.0402767090650485e-05
4108,2,1,0.1042309865677835,0.000416923946271134
165,4,0,0.10946173547342247,0.00043784694189368987
1071,6,1,0.10929868618308676,0.00043719474473234704
9335,4,0,0.10947660447833164,0.00043790641791332656
1870,2,1,0.10947785135067321,0.00043791140540269284
2862,6,1,0.10796321629160088,0.0004318528651664035
1676,8,1,0.10947063394085597,0.0004378825357634239
3217,7,1,0.1094779041960179,0.0004379116167840716
594,1,1,0.10945587869353833,0.0004378235147741533
2465,9,1,0.1094775054340947,0.00043791002173637877
6478,7,1,0.10947789491296274,0.00043791157965185096
7928,2,1,0.09747461773847955,0.00038989847095391824
2987,1,1,0.1094778931713929,0.00043791157268557163
7322,4,0,0.1092313709737702,0.0004369254838950808
5221,7,1,0.10936738178705181,0.00043746952714820726
2197,6,1,0.10705577637188093,0.00042822310548752376
8354,4,0,0.1083101208920702,0.00043324048356828084
1085,4,0,0.10924134988900382,0.00043696539955601527
1751,1,1,0.10947779102537882,0.0004379111641015153
5722,0,1,0.10908040893800382,0.00043632163575201525
6330,6,1,0.10924675026763685,0.0004369870010705474
4798,4,0,0.10632643565445135,0.0004253057426178054
273,3,1,0.1094778949439629,0.0004379115797758516
6517,7,1,0.10947791368637849,0.00043791165474551397
4807,8,1,0.1094774583495492,0.0004379098333981968
5239,4,0,0.10947634119651037,0.0004379053647860415
4336,9,1,0.10947791412935379,0.00043791165651741517
7862,1,1,0.10947790889542601,0.00043791163558170405
5945,9,1,0.1094776519252477,0.0004379106077009908
9917,2,1,0.10945762496689518,0.0004378304998675807
1661,6,1,0.09906694381159466,0.00039626777524637865
3201,6,1,0.10947747417092808,0.0004379098966837123
2836,3,1,0.10947791352820087,0.00043791165411280345
2893,8,1,0.10947309417472967,0.0004378923766989187
9828,9,1,0.10947791332881518,0.0004379116533152607
5975,9,1,0.10947782722222127,0.0004379113088888851
6019,6,1,0.10947791408619788,0.00043791165634479153
5203,6,1,0.10885540802570362,0.0004354216321028145
7758,7,1,0.10869446182334193,0.0004347778472933677
7217,8,1,0.10947791277405322,0.0004379116510962129
8361,8,1,0.10946800990678467,0.00043787203962713866
8513,9,1,0.10947786683220175,0.000437911467328807
9374,7,1,0.10939549960704051,0.000437581998428162
5653,5,1,0.10947791035367273,0.0004379116414146909
2611,4,0,0.10224970362558468,0.0004089988145023387
1577,5,1,0.1089726728371331,0.00043589069134853243
7563,9,1,0.10947257021350389,0.0004378902808540155
5409,1,1,0.10947788709799516,0.00043791154839198067
3936,6,1,0.10768017950194947,0.00043072071800779785
9746,2,1,0.10947791408507057,0.0004379116563402823
5421,6,1,0.10947127139735727,0.00043788508558942904
1815,9,1,0.10947738271228694,0.00043790953084914773
9359,6,1,0.10947785146505112,0.00043791140586020447
4500,3,1,0.10946369820125051,0.00043785479280500204
249,2,1,0.10947711411036959,0.00043790845644147835
5424,3,1,0.10830578218825215,0.00043322312875300863
6976,3,1,0.10946343248912062,0.00043785372995648245
6186,9,1,0.10947763783330318,0.0004379105513332127
989,0,1,0.10685175282706341,0.00042740701130825363
1552,3,1,0.10488419880898806,0.0004195367952359522
830,1,1,0.10947726922136912,0.0004379090768854765
6465,3,1,0.10947791401731996,0.0004379116560692798
5186,5,1,0.10946604151818697,0.0004378641660727479
8267,0,1,0.1094779034742738,0.0004379116138970952
3983,7,1,0.09822569267523877,0.0003929027707009551
9349,9,1,0.10947587494633272,0.00043790349978533086
1887,3,1,0.0956303995082821,0.0003825215980331284
4758,9,1,0.10582252187520694,0.00042329008750082776
8689,6,1,0.10944556472841915,0.00043778225891367664
1243,8,1,0.1094728665342868,0.0004378914661371472
6729,0,1,0.10947790404760875,0.000437911616190435
7209,0,1,0.10881547614792224,0.00043526190459168893
7683,0,1,0.10943033715613382,0.0004377213486245353
4639,0,1,0.10788783409792756,0.00043155133639171024
8232,2,1,0.10947762740589378,0.0004379105096235751
196,8,1,0.10947720310749094,0.0004379088124299638
7327,4,0,0.01549071299577294,6.196285198309176e-05
9171,2,1,0.10667622793346532,0.0004267049117338613
2890,5,1,0.10947386665993328,0.0004378954666397331
1138,5,1,0.10936380567197738,0.0004374552226879095
8584,1,1,0.10947790511768665,0.0004379116204707466
1229,1,1,0.10947671478043515,0.0004379068591217406
2938,2,1,0.09626435850168356,0.00038505743400673426
1075,8,1,0.10946038295511326,0.00043784153182045303
4540,9,1,0.10947458582746042,0.0004378983433098417
8846,6,1,0.1094209839180441,0.0004376839356721764
4657,7,1,0.10947645222108261,0.00043790580888433044
2692,8,1,0.10947789940614348,0.00043791159762457394
7471,6,1,0.10937429804799413,0.00043749719219197654
8783,6,1,0.10943646694901114,0.00043774586779604457
3613,5,1,0.10945417691143054,0.0004378167076457222
791,0,1,0.10947791410460667,0.00043791165641842664
5445,7,1,0.10947176073146747,0.00043788704292586987
3849,5,1,0.10480266791934191,0.00041921067167736764
5363,7,1,0.1084843984185449,0.0004339375936741796
3985,7,1,0.10946430047577153,0.00043785720190308615
460,5,1,0.10947790153834949,0.00043791160615339796
693,7,1,0.10945745101853382,0.0004378298040741353
7086,7,1,0.10947785207895844,0.00043791140831583376
473,0,1,0.10915790735235946,0.00043663162940943786
3515,8,1,0.10947759096112109,0.00043791036384448434
342,2,1,0.10266394445732716,0.0004106557778293086
9645,1,1,0.1094779141306017,0.00043791165652240684
3160,6,1,0.10946995495785757,0.00043787981983143024
6247,0,1,0.10945868711638279,0.00043783474846553115
314,4,0,0.10945835491350234,0.00043783341965400934
5602,4,0,0.07722486056574217,0.00030889944226296866
9286,7,1,0.10947694307980368,0.00043790777231921473
3096,7,1,0.1094778692361004,0.0004379114769444016
456,3,1,0.09705505983676756,0.0003882202393470702
267,4,0,0.10897968422004167,0.0004359187368801667
1431,4,0,0.09684898055388753,0.00038739592221555014
3541,2,1,0.10943569745763188,0.0004377427898305275
6297,5,1,0.10947761401159462,0.00043791045604637846
8447,0,1,0.10947215926067973,0.0004378886370427189
1263,8,1,0.10760449590475107,0.0004304179836190043
677,1,1,0.10947756623276114,0.00043791026493104456
7095,4,0,0.10132028649418393,0.0004052811459767357
3247,3,1,0.1094729161276596,0.0004378916645106384
5608,9,1,0.10947744837189427,0.0004379097934875771
8214,1,1,0.10942770310871387,0.0004377108124348555
9701,4,0,0.025921529928256137,0.00010368611971302455
4716,9,1,0.10947790008551335,0.0004379116003420534
1286,8,1,0.10914924667078349,0.00043659698668313394
1095,2,1,0.10465964500171247,0.0004186385800068499
5331,2,1,0.05565783270070652,0.00022263133080282607
1632,8,1,0.10947791413075775,0.000437911656523031
9678,3,1,0.038219551710008765,0.00015287820684003504
2093,6,1,0.1075531667668647,0.0004302126670674588
9310,3,1,0.1090165093442366,0.00043606603737694635
9415,0,1,0.10863168257949336,0.00043452673031797343
6710,3,1,0.10947789851044243,0.0004379115940417697
8732,8,1,0.10941263015044041,0.0004376505206017616
8636,6,1,0.10695364105097342,0.00042781456420389367
8720,2,1,0.10774855188740153,0.0004309942075496061
2975,9,1,0.10634409559771783,0.00042537638239087134
6527,5,1,0.10947791255702512,0.00043791165022810045
8653,8,1,0.10947758020914582,0.0004379103208365833
9332,9,1,0.10947791355178925,0.000437911654207157
2025,4,0,-0.030954453043825506,-0.00012381781217530203
6962,7,1,0.10944038916806884,0.00043776155667227533
3720,2,1,0.10884319075763421,0.00043537276303053687
1861,3,1,0.1094767030567644,0.0004379068122270576
6116,5,1,0.10938042514859204,0.0004375217005943682
8922,9,1,0.10945946798460422,0.00043783787193841687
3895,1,1,0.10947777784425972,0.00043791111137703886
4013,1,1,0.10947745294190064,0.00043790981176760257
8065,9,1,0.1094562922261857,0.0004378251689047428
732,7,1,0.10947786397607437,0.00043791145590429747
3744,4,0,0.1094535376752879,0.0004378141507011516
7872,9,1,0.10947765009409675,0.000437910600376387
9986,8,1,0.10947548319374949,0.00043790193277499796
5824,7,1,0.10947751001328253,0.0004379100400531301
3276,4,0,0.0971836265067218,0.0003887345060268872
4911,8,1,0.10947727303228767,0.0004379090921291507
7308,4,0,0.10462853812186004,0.0004185141524874402
3721,2,1,0.10947209286449579,0.0004378883714579831
2729,5,1,0.10947788132817264,0.00043791152531269057
595,4,0,0.1094776324176529,0.00043791052967061164
6508,0,1,0.10945925139648313,0.00043783700558593254
2506,3,1,0.10943149281841463,0.00043772597127365853
6361,0,1,0.10947790381499407,0.0004379116152599763
3818,9,1,0.10947781036099924,0.00043791124144399693
1287,9,1,0.10947617932878424,0.00043790471731513695
4764,5,1,0.10941860671751581,0.00043767442687006326
3795,7,1,0.10769308599946793,0.00043077234399787175
3836,7,1,0.10947477894861594,0.00043789911579446376
471,7,1,0.10947753488142219,0.00043791013952568876
8498,1,1,0.10944388107619597,0.0004377755243047839
6055,0,1,0.10947753658844944,0.00043791014635379775
4126,0,1,0.10947789577865705,0.0004379115831146282
4724,5,1,0.10947791181831402,0.0004379116472732561
3658,2,1,0.10947336065108537,0.0004378934426043415
1231,9,1,0.10947791092501846,0.00043791164370007385
5914,1,1,0.10947789815161509,0.00043791159260646035
89,9,1,0.10938700599161184,0.0004375480239664474
2181,3,1,0.10947791411260496,0.0004379116564504199
1515,2,1,0.10294540528756256,0.0004117816211502502
6522,9,1,0.10944212687230162,0.0004377685074892065
7527,6,1,0.10947742975878698,0.00043790971903514794
8013,8,1,0.10947783218920391,0.00043791132875681564
8984,6,1,0.109464657672114,0.000437858630688456
2183,4,0,0.04063207366093573,0.00016252829464374292
6326,7,1,0.1094659299688084,0.00043786371987523357
6831,8,1,0.10945450657941277,0.0004378180263176511
7735,4,0,0.1094597303688593,0.0004378389214754372
7813,3,1,0.10947542646308842,0.00043790170585235365
4549,1,1,0.10947773342641734,0.0004379109337056694
1990,4,0,0.10941080700710788,0.0004376432280284315
6323,2,1,0.10947790811992018,0.00043791163247968075
901,6,1,0.0867549034733147,0.0003470196138932588
7176,8,1,0.10947791391893749,0.00043791165567574994
9026,9,1,0.10947791413038764,0.0004379116565215506
6825,3,1,0.10947478248497437,0.0004378991299398975
2302,0,1,0.10933684720872347,0.0004373473888348939
3472,7,1,0.10947786525564178,0.0004379114610225671
4231,2,1,0.10944505585848543,0.00043778022343394173
7556,2,1,0.10947791394206777,0.0004379116557682711
8835,7,1,0.10938698464782722,0.0004375479385913089
4699,5,1,0.10655931949154321,0.00042623727796617286
4321,5,1,0.1094779078258085,0.000437911631303234
8674,1,1,0.10947491439204962,0.00043789965756819846
184,3,1,0.10947068189117203,0.0004378827275646881
3257,7,1,0.10947791412996186,0.0004379116565198474
1845,7,1,0.10947637306055354,0.00043790549224221416
2462,1,1,0.1094769645938438,0.0004379078583753752
1441,4,0,0.0867891513918622,0.00034715660556744883
1706,1,1,0.10947789984741423,0.0004379115993896569
6799,0,1,0.1093676038237288,0.0004374704152949152
9935,1,1,0.10947782369313544,0.00043791129477254175
4204,2,1,0.10873649396328369,0.0004349459758531348
3281,2,1,0.08677042534465526,0.00034708170137862104
8328,7,1,0.10749276417684371,0.0004299710567073748
7554,7,1,0.10940084693598298,0.0004376033877439319
3844,2,1,0.10947779618093983,0.0004379111847237593
8086,4,0,0.10539186756397381,0.00042156747025589523
9674,9,1,0.10947723664541877,0.00043790894658167506
3606,3,1,0.10947759441115418,0.0004379103776446167
5499,6,1,0.08272303427752069,0.00033089213711008273
7170,9,1,0.10947791407926509,0.00043791165631706035
5054,9,1,0.10947791277810753,0.0004379116511124301
963,6,1,0.1083509354490146,0.0004334037417960584
6279,1,1,0.10947783449227495,0.00043791133796909984
1404,1,1,0.10947551676693835,0.0004379020670677534
6764,5,1,0.1094779140980163,0.0004379116563920652
490,1,1,0.10947457930178818,0.00043789831720715273
7642,9,1,0.10946781432738674,0.000437871257309547
8096,3,1,0.10947305831510726,0.00043789223326042904
8294,8,1,0.10947789097918986,0.00043791156391675946
9154,2,1,0.08661161292678836,0.00034644645170715344
3781,2,1,0.10939629061904294,0.0004375851624761717
2615,7,1,0.10819172507647624,0.000432766900305905
2315,2,1,0.10825409561798059,0.00043301638247192234
4660,7,1,0.10943248018803643,0.00043772992075214573
7875,2,1,0.10947681962576733,0.0004379072785030693
5723,1,1,0.10945936652691367,0.00043783746610765465
3590,7,1,0.10947790162658763,0.00043791160650635054
2871,3,1,0.10947702923124872,0.0004379081169249949
3490,0,1,0.10947426886917469,0.00043789707547669876
1111,8,1,0.10946634930049084,0.0004378653972019634
9420,5,1,0.1094759716679092,0.00043790388667163684
5659,2,1,0.10943289039492841,0.0004377315615797137
9009,2,1,0.10934652220494324,0.000437386088819773
1566,7,1,0.10947791159682585,0.0004379116463873034
5351,7,1,0.1094779123428733,0.0004379116493714932
33,5,1,0.10947791278632141,0.0004379116511452856
667,0,1,0.10942525879963064,0.00043770103519852257
5468,5,1,0.10947789389594648,0.0004379115755837859
7062,4,0,0.10918337889577043,0.00043673351558308173
9882,1,1,0.10947790586506752,0.0004379116234602701
3461,7,1,0.10947791407604894,0.00043791165630419575
66,1,1,0.10947310555860995,0.0004378924222344398
9031,0,1,0.10769060325746564,0.00043076241302986254
778,0,1,0.006596665193224771,2.6386660772899085e-05
4131,1,1,0.10947687581849108,0.00043790750327396435
1903,0,1,0.10942869315754483,0.0004377147726301793
4258,8,1,0.10947771642493251,0.00043791086569973
502,5,1,0.10945266526145195,0.0004378106610458078
8316,5,1,0.10884160591129698,0.0004353664236451879
9469,0,1,0.10946103351534883,0.00043784413406139534
9975,7,1,0.10947791298822361,0.0004379116519528944
6782,5,1,0.10926393290412999,0.00043705573161651997
493,1,1,0.10947778012592524,0.00043791112050370096
6840,9,1,0.10947729677672625,0.000437909187106905
2100,2,1,0.10829409411749576,0.000433176376469983
9007,2,1,0.10947772107289108,0.0004379108842915643
5965,7,1,0.10947740319330442,0.00043790961277321764
6845,2,1,0.10944040594107128,0.0004377616237642851
451,9,1,0.10947790967747155,0.00043791163870988617
4376,7,1,0.10415336913111405,0.0004166134765244562
9813,1,1,0.10947442964050662,0.0004378977185620265
9991,0,1,0.10947208469615087,0.0004378883387846035
5551,7,1,0.10947791396738901,0.00043791165586955607
1477,7,1,0.1094779137630564,0.0004379116550522256
9669,8,1,0.10941428402196761,0.00043765713608787045
1526,4,0,0.10942378409246795,0.00043769513636987176
6589,2,1,0.1093779794121997,0.0004375119176487988
4370,8,1,0.10947789540805172,0.0004379115816322069
1175,9,1,0.10947786103318924,0.00043791144413275697
2780,7,1,0.10947787816099672,0.00043791151264398686
5192,9,1,0.10947733661942297,0.00043790934647769186
4122,6,1,0.1093455674172104,0.00043738226966884156
4505,4,0,0.0915180419944599,0.0003660721679778396
7635,9,1,0.10947520940522323,0.0004379008376208929
7152,6,1,0.10947277200171995,0.0004378910880068798
3787,3,1,0.1094563051567738,0.00043782522062709524
9024,0,1,0.10942066677489079,0.00043768266709956315
9588,1,1,0.10947700544562412,0.00043790802178249647
5173,0,1,0.10922269757590303,0.0004368907903036121
9713,8,1,0.10947656332890164,0.00043790625331560656
8766,5,1,0.10542529109845163,0.00042170116439380653
6999,8,1,0.10947454746966814,0.00043789818987867256
1030,3,1,0.10947683450806367,0.00043790733803225466
6887,4,0,0.10840658588726888,0.0004336263435490755
2951,0,1,0.10947547721180212,0.00043790190884720846
3827,4,0,0.10790670320197224,0.0004316268128078889
4033,6,1,0.1085498084844688,0.00043419923393787517
413,6,1,0.1026461161790484,0.0004105844647161936
504,9,1,0.10947493983333628,0.0004378997593333451
9928,5,1,0.10946638249448795,0.0004378655299779518
6829,8,1,0.10945619105087888,0.00043782476420351553
4698,6,1,0.106808865693773,0.000427235462775092
7897,2,1,0.10947791151848142,0.00043791164607392567
7416,1,1,0.10947749366800652,0.0004379099746720261
7820,5,1,0.10947419821452549,0.00043789679285810194
3530,6,1,0.10946697226514406,0.00043786788906057623
1048,1,1,0.10947704284789657,0.0004379081713915863
3133,9,1,0.10946985283240361,0.0004378794113296144
374,2,1,0.10946636957702445,0.0004378654783080978
9358,2,1,0.10947787053785939,0.00043791148215143757
8310,3,1,0.10947659188694199,0.00043790636754776794
5172,4,0,0.1093244237151287,0.0004372976948605148
8805,9,1,0.10947592768240137,0.0004379037107296055
838,9,1,0.10944368957477593,0.0004377747582991037
2056,5,1,0.10947791373087239,0.00043791165492348955
7660,7,1,0.1094696534887348,0.0004378786139549392
2746,2,1,0.10947791396024716,0.00043791165584098864
7677,6,1,0.10947771303553497,0.00043791085214213985
115,3,1,0.10947787941061984,0.00043791151764247937
6967,4,0,0.10947748852471789,0.0004379099540988716
8662,3,1,0.10940113598508798,0.00043760454394035193
8575,9,1,0.1094778537737229,0.0004379114150948916
8725,8,1,0.10945914299732941,0.00043783657198931766
5102,5,1,0.1007259361584209,0.0004029037446336836
2914,6,1,0.10947788404397255,0.0004379115361758902
4132,4,0,0.10946412940847597,0.00043785651763390387
4140,5,1,0.10947791413059213,0.0004379116565223685
5967,9,1,0.10946659844513075,0.000437866393780523
5890,3,1,0.10941645676050907,0.00043766582704203626
1188,0,1,0.10798359604088562,0.0004319343841635425
9543,2,1,0.10759327752184106,0.00043037311008736425
7463,2,1,0.10947459199457736,0.00043789836797830943
8713,2,1,0.10920218142873851,0.00043680872571495407
4211,4,0,0.1094545765919875,0.00043781830636794997
8899,4,0,0.08911301929272393,0.0003564520771708957
1997,9,1,0.10947395963205586,0.00043789583852822347
3207,0,1,0.10947770427330177,0.0004379108170932071
299,6,1,0.10781558520553802,0.0004312623408221521
1735,0,1,0.1007241640249992,0.0004028966560999968
2504,1,1,0.10947629076520708,0.00043790516306082834
1563,9,1,0.10947791292027553,0.0004379116516811021
3786,7,1,0.10947411370524422,0.0004378964548209769
6838,1,1,0.10947727628495155,0.0004379091051398062
7553,9,1,0.10165887414757707,0.0004066354965903083
2665,1,1,0.1094778952125797,0.0004379115808503188
3696,4,0,0.10017098945852607,0.0004006839578341043
3730,1,1,0.10947785962836827,0.00043791143851347307
4953,0,1,0.10937168287812836,0.00043748673151251344
8594,3,1,0.10947790328873067,0.00043791161315492264
4301,6,1,0.1085010670550817,0.0004340042682203268
5030,4,0,0.10896060665110066,0.00043584242660440266
4196,8,1,0.10947779492298478,0.0004379111796919391
9118,4,0,0.10577906540994945,0.00042311626163979785
3315,3,1,0.10947593830898127,0.0004379037532359251
5319,7,1,0.10924892982893956,0.00043699571931575824
4144,1,1,0.10947790884845914,0.00043791163539383653
305,1,1,0.10945654776607339,0.00043782619106429356
7439,5,1,0.10908835908340786,0.00043635343633363145
6129,4,0,0.10947730616887259,0.0004379092246754904
1983,8,1,0.1094760196499735,0.000437904078599894
4641,5,1,0.10911375843507604,0.00043645503374030415
840,7,1,0.10947791407970568,0.0004379116563188227
6699,2,1,-0.021423578725079065,-8.569431490031625e-05
2144,3,1,0.1094776126620226,0.0004379104506480904
731,2,1,0.10947323001719222,0.0004378929200687689
9114,8,1,0.10947596047253555,0.0004379038418901422
3008,8,1,0.10947781704401635,0.0004379112681760654
6646,5,1,0.10931955167568438,0.00043727820670273754
7435,7,1,0.10947713267199909,0.00043790853068799635
8642,3,1,0.10810017278565,0.0004324006911426
3348,1,1,0.10947791413006407,0.00043791165652025627
5212,5,1,0.10947220912057627,0.00043788883648230507
5444,7,1,0.10947791271946868,0.0004379116508778747
8822,6,1,0.10767096624519547,0.0004306838649807819
2954,9,1,0.109477813869752,0.000437911255479008
8010,2,1,0.10947780444223015,0.0004379112177689206
1394,6,1,0.10941592506069203,0.00043766370024276815
4615,5,1,0.10229187791919192,0.0004091675116767677
1386,3,1,0.10947618749535139,0.00043790474998140557
3931,5,1,0.10947457753578609,0.00043789831014314434
8571,7,1,0.10947780433652847,0.0004379112173461139
3927,0,1,0.10947791117961776,0.000437911644718471
674,2,1,0.08961471075743638,0.0003584588430297455
1261,9,1,0.10946913171821405,0.00043787652687285624
4962,3,1,0.10947790101252007,0.0004379116040500803
5036,0,1,0.10946865838859433,0.00043787463355437735
7123,6,1,0.10808835285372102,0.0004323534114148841
6273,1,1,0.10947633221345644,0.0004379053288538258
739,3,1,0.10947791410826449,0.00043791165643305795
7816,0,1,0.10942560161547871,0.00043770240646191484
9833,7,1,0.10820290105853186,0.0004328116042341275
487,9,1,0.10947728925579249,0.00043790915702316996
1738,5,1,0.10947750401405015,0.0004379100160562006
3323,5,1,0.1094779012573895,0.000437911605029558
9324,9,1,0.109477150487483,0.000437908601949932
9381,2,1,0.10906463550986362,0.00043625854203945447
4440,2,1,0.10937255825085061,0.00043749023300340245
4663,1,1,0.10946371734721742,0.0004378548693888697
8155,1,1,0.1094655015948985,0.00043786200637959397
6953,0,1,0.10946333415177288,0.0004378533366070915
3342,0,1,0.10944482586870613,0.00043777930347482455
3971,0,1,0.10810795151861444,0.00043243180607445777
6713,2,1,0.10767084282642982,0.00043068337130571925
6766,8,1,0.10946605486913949,0.00043786421947655796
7189,0,1,0.10947712872685524,0.00043790851490742094
2013,6,1,0.1091655796020017,0.00043666231840800676
3324,3,1,0.10946279933922998,0.00043785119735691993
1604,1,1,0.10947635742905795,0.0004379054297162318
2860,5,1,0.10808765213867037,0.0004323506085546815
8825,0,1,0.10943289197345156,0.0004377315678938062
4671,6,1,0.10905748728274231,0.00043622994913096924
8289,5,1,0.10947723642383346,0.0004379089456953338
5359,6,1,0.10725745270925935,0.0004290298108370374
4486,8,1,0.1094779107678474,0.00043791164307138957
3867,3,1,0.10947760872044807,0.00043791043488179227
4842,2,1,0.10947790241880408,0.0004379116096752163
9977,5,1,0.10947791394752977,0.00043791165579011907
4164,1,1,0.10944078018454537,0.0004377631207381815
4272,7,1,0.10935810570587852,0.00043743242282351407
2793,9,1,0.10947791395725535,0.00043791165582902144
9718,9,1,0.10947791084060246,0.0004379116433624098
6080,1,1,0.10947675157388978,0.00043790700629555915
577,9,1,0.10947521348896469,0.00043790085395585874
4966,5,1,0.10947785042615,0.0004379114017046
9841,0,1,0.10872241898752802,0.00043488967595011206
6254,4,0,0.10538644093016164,0.00042154576372064657
7539,5,1,0.03437256488973443,0.00013749025955893772
2650,5,1,0.10947791386002023,0.00043791165544008093
2902,9,1,0.10947479529164592,0.00043789918116658364
8576,2,1,0.10947790837713732,0.0004379116335085493
7466,6,1,0.10875938259632627,0.00043503753038530505
8251,3,1,0.10947773822417908,0.00043791095289671635
7460,5,1,0.10947788548714295,0.00043791154194857177
3248,0,1,0.10239465387748721,0.00040957861550994885
3667,5,1,0.10947788098088138,0.0004379115239235255
5771,2,1,0.10947476160825989,0.00043789904643303955
2522,1,1,0.1094779141101637,0.0004379116564406548
7136,1,1,0.10947791179465732,0.0004379116471786293
4909,0,1,0.10327677814756783,0.0004131071125902713
1324,4,0,0.10947774087038392,0.00043791096348153567
7305,6,1,0.07634788865395731,0.00030539155461582925
5759,9,1,0.10947791141575017,0.0004379116456630007
4016,6,1,0.10947790351908755,0.0004379116140763502
578,7,1,0.10947730587829953,0.00043790922351319813
8906,4,0,0.10947187238325319,0.0004378874895330128
3502,8,1,0.109215904373368,0.000436863617493472
832,2,1,0.10947098765324695,0.0004378839506129878
2017,5,1,0.10947789912661522,0.0004379115965064609
5528,5,1,0.109477856778739,0.000437911427114956
7859,7,1,0.10946950862274774,0.00043787803449099095
1388,5,1,0.10944931894303801,0.00043779727577215205
8171,6,1,0.10912400557995094,0.0004364960223198038
5720,9,1,0.10947781699265723,0.0004379112679706289
9219,9,1,0.10947789050496733,0.0004379115620198693
5770,8,1,0.10935033669726274,0.00043740134678905095
6195,1,1,0.1094777699939139,0.0004379110799756556
6253,5,1,0.10583960351418165,0.0004233584140567266
2978,2,1,0.10947790708604649,0.00043791162834418596
4961,8,1,0.10946589190989123,0.0004378635676395649
6067,8,1,0.1093010459788512,0.0004372041839154048
4609,8,1,0.10947772361825446,0.00043791089447301786
7609,0,1,0.10947778796106472,0.0004379111518442589
3855,1,1,0.10946029978333617,0.0004378411991333447
6861,8,1,0.10947740931979243,0.0004379096372791697
3452,5,1,0.10874934295167563,0.0004349973718067025
2658,7,1,0.10947505546780052,0.0004379002218712021
6252,2,1,0.10485311500986647,0.00041941246003946586
4357,4,0,0.1089478520669505,0.000435791408267802
4438,2,1,0.10884059203593556,0.0004353623681437422
6153,4,0,0.10947398345463073,0.00043789593381852294
5621,8,1,0.10945892020047139,0.00043783568080188554
2269,3,1,0.10947351259480897,0.0004378940503792359
7283,3,1,0.10947372614788115,0.0004378949045915246
3492,9,1,0.10947789595994256,0.00043791158383977023
7649,2,1,0.10947790057191954,0.00043791160228767815
6723,5,1,0.10838828952260705,0.0004335531580904282
6573,7,1,0.10947780332098567,0.0004379112132839427
2580,6,1,0.10947683606486462,0.00043790734425945847
9766,0,1,0.10947791367040605,0.0004379116546816242
5226,1,1,0.10947481765647203,0.00043789927062588813
4550,9,1,0.10839947058058766,0.00043359788232235063
8151,8,1,0.10947730206618064,0.0004379092082647226
9042,1,1,0.10947422671940531,0.00043789690687762124
8793,7,1,0.10947791402592454,0.00043791165610369815
4979,9,1,0.10947791288898574,0.00043791165155594296
8412,2,1,0.09233554184180831,0.00036934216736723323
4159,4,0,0.09511142204279416,0.00038044568817117665
8724,6,1,0.10947789951666434,0.00043791159806665737
5549,5,1,0.10925419465352441,0.00043701677861409765
9176,8,1,0.10946856063042132,0.0004378742425216853
3152,1,1,0.1094407668236972,0.0004377630672947888
9866,1,1,0.1094696326107862,0.0004378785304431448
6763,2,1,0.10723528432559545,0.0004289411373023818
5545,6,1,0.10947791412045181,0.00043791165648180726
1064,9,1,0.10947789565064096,0.0004379115826025639
3075,6,1,0.10947743514393574,0.0004379097405757429
2041,0,1,0.10913184100317656,0.00043652736401270624
3468,2,1,0.10525349442246473,0.00042101397768985895
4869,8,1,0.10947648705949163,0.00043790594823796654
6089,7,1,-0.015370146775214269,-6.148058710085708e-05
5306,3,1,0.10947776830421585,0.0004379110732168634
9212,6,1,0.1089916638306941,0.0004359666553227764
3923,3,1,0.10947656188783397,0.0004379062475513359
1187,1,1,0.10940875582789103,0.0004376350233115641
516,8,1,0.10947765970900551,0.0004379106388360221
1040,7,1,0.10947791359446939,0.00043791165437787754
6084,1,1,0.10947716547143765,0.0004379086618857506
4823,5,1,0.10947320894990005,0.0004378928357996002
9881,9,1,0.10947791413073056,0.00043791165652292226
3396,0,1,0.10947789177256152,0.0004379115670902461
1745,5,1,0.10946651345369608,0.0004378660538147843
5738,2,1,0.1081692179033713,0.0004326768716134852
1544,4,0,0.09810253314290686,0.00039241013257162744
2926,9,1,0.10938541859130603,0.0004375416743652241
1602,7,1,0.109477883007232,0.000437911532028928
9185,1,1,0.10918190499082413,0.0004367276199632965
8893,6,1,0.1092179590191122,0.0004368718360764488
5256,0,1,0.10946559534112604,0.0004378623813645042
1099,2,1,-0.009407137590497494,-3.7628550361989976e-05
5574,7,1,0.10947701248806027,0.0004379080499522411
4079,8,1,0.10925240267854973,0.0004370096107141989
7964,1,1,0.10946528384957996,0.00043786113539831984
3743,3,1,0.10947791091362993,0.00043791164365451974
9107,5,1,0.10947545263553471,0.0004379018105421388
8754,3,1,0.10942481976260413,0.0004376992790504165
2062,7,1,0.10779395257708052,0.0004311758103083221
2989,5,1,0.10945076372640983,0.0004378030549056393
6765,8,1,0.10937797263102665,0.0004375118905241066
4133,2,1,0.1094664259344843,0.0004378657037379372
3312,9,1,0.09738319242913795,0.00038953276971655183
6372,1,1,0.109476347632094,0.000437905390528376
5801,9,1,0.10947791409355355,0.0004379116563742142
8199,4,0,0.1091371204090512,0.0004365484816362048
990,1,1,0.10915351416158207,0.0004366140566463283
7177,2,1,0.1087910552220725,0.00043516422088829
2786,4,0,0.10938461232750986,0.00043753844931003943
9779,2,1,0.10946702299834138,0.0004378680919933655
1200,8,1,0.10947788380495338,0.00043791153521981354
1328,5,1,0.10947771067846387,0.00043791084271385547
2996,8,1,0.10943402272514081,0.00043773609090056327
5088,8,1,0.10947368271971268,0.00043789473087885075
4794,4,0,0.10945099171216377,0.0004378039668486551
8687,6,1,-0.012510423879814533,-5.004169551925813e-05
4241,5,1,0.1094779028469995,0.000437911611387998
1846,2,1,0.10814307183969395,0.00043257228735877576
3688,5,1,0.10947791413076037,0.00043791165652304147
58,4,0,0.10822595347897737,0.0004329038139159095
2234,7,1,0.10947775187849826,0.00043791100751399304
7557,5,1,0.1083886253919191,0.0004335545015676764
2110,0,1,0.10861023654372541,0.00043444094617490163
616,6,1,0.10947785537924398,0.0004379114215169759
1389,5,1,0.08965705387198948,0.00035862821548795793
4600,4,0,0.10947791209111744,0.0004379116483644698
8844,5,1,0.10947791390192038,0.0004379116556076815
771,1,1,0.10947489673845653,0.00043789958695382615
7182,0,1,0.10947778833581448,0.00043791115334325793
5492,2,1,0.10947295850816095,0.0004378918340326438
2276,0,1,0.10947691425025224,0.00043790765700100896
2909,0,1,0.10946163230057876,0.00043784652920231503
8656,7,1,0.10947711189510928,0.0004379084475804371
5166,9,1,0.10947788043544979,0.00043791152174179915
4986,8,1,0.10947698093391958,0.0004379079237356783
518,5,1,0.10947790931751995,0.00043791163727007983
7589,6,1,0.10932559577666394,0.00043730238310665576
3274,1,1,0.10947733243544162,0.0004379093297417665
480,8,1,0.10947784799667448,0.0004379113919866979
2811,2,1,0.10947738053466412,0.0004379095221386565
7651,4,0,-0.011758259012585717,-4.703303605034287e-05
9810,8,1,0.10947597650205312,0.0004379039060082125
17,7,1,0.10947479082435554,0.0004378991632974222
9307,7,1,0.10944361101818731,0.00043777444407274926
7165,0,1,0.1094665063381091,0.00043786602535243643
3695,8,1,0.10947791004577424,0.000437911640183097
7773,4,0,0.10893659410040522,0.0004357463764016209
7662,5,1,0.10947775441048277,0.0004379110176419311
8429,4,0,0.10946148048563419,0.00043784592194253677
2026,5,1,0.10947752943861223,0.00043791011775444895
9577,0,1,0.10947085301484755,0.0004378834120593902
1483,6,1,0.10943315866361233,0.00043773263465444936
9744,1,1,0.10947791412791161,0.00043791165651164645
9869,7,1,0.10905160676114346,0.0004362064270445739
3269,7,1,0.10947053112650666,0.00043788212450602664
6023,5,1,0.10944525380185131,0.00043778101520740526
5219,2,1,0.10939490804086599,0.00043757963216346394
2513,2,1,0.09035283025226713,0.0003614113210090685
3598,2,1,0.10947791405237661,0.00043791165620950647
126,8,1,0.1092469447680711,0.0004369877790722844
9726,9,1,0.10947784783358148,0.0004379113913343259
1163,3,1,0.10947769001469923,0.00043791076005879695
4141,8,1,0.1094772071561911,0.0004379088286247644
8469,5,1,0.10947773677231001,0.00043791094708924005
5929,7,1,0.10947785351183972,0.0004379114140473589
4215,1,1,0.10947774443804026,0.00043791097775216104
3005,0,1,0.10946366888883659,0.00043785467555534636
72,8,1,0.10893515576416422,0.0004357406230566569
5572,1,1,0.10947790876460954,0.00043791163505843816
4837,7,1,0.10877760820985795,0.0004351104328394318
3361,4,0,0.10946828430508107,0.00043787313722032427
4065,4,0,0.10005820569753866,0.0004002328227901546
1325,2,1,-0.10649565447223051,-0.00042598261788892204
5906,4,0,0.07110062891849075,0.000284402515673963
5848,4,0,0.10947791395157204,0.00043791165580628816
147,2,1,0.10947791391260188,0.00043791165565040753
6567,4,0,0.08075110921844468,0.00032300443687377874
2694,1,1,0.1094766373401811,0.0004379065493607244
3961,8,1,0.10947771650890885,0.0004379108660356354
6726,3,1,0.10823059086408177,0.0004329223634563271
2086,1,1,0.10947791412893465,0.0004379116565157386
4192,0,1,0.1093926941229604,0.0004375707764918416
9265,1,1,0.10947630400302301,0.00043790521601209205
3885,6,1,0.10292808169381336,0.00041171232677525345
1705,0,1,0.10947619416095702,0.0004379047766438281
9876,0,1,0.10947791388622456,0.00043791165554489823
3431,4,0,0.10124454927750111,0.00040497819711000444
8641,7,1,0.10938295467627149,0.00043753181870508594
9741,5,1,0.10947777462476845,0.0004379110984990738
2040,0,1,0.10947710527924527,0.00043790842111698106
6119,1,1,0.10947791393096902,0.0004379116557238761
6462,0,1,0.10947639942082484,0.0004379055976832993
5623,8,1,0.10914498393615103,0.0004365799357446041
9476,8,1,0.10947753316099387,0.0004379101326439755
6827,3,1,0.10947775742586853,0.00043791102970347414
3178,5,1,0.10947442726077858,0.0004378977090431143
4982,3,1,0.10947378396054062,0.0004378951358421625
8776,5,1,0.10935645411393227,0.0004374258164557291
3077,1,1,0.10947509310568616,0.0004379003724227447
9490,8,1,0.10939206170577441,0.00043756824682309765
5454,0,1,0.10891052839228914,0.00043564211356915655
4058,7,1,0.10947790595116962,0.00043791162380467846
4168,9,1,0.10947789379564035,0.0004379115751825614
1978,6,1,0.10934714883630647,0.0004373885953452259
3951,1,1,0.10947764648166847,0.0004379105859266739
3637,2,1,0.08928682534128946,0.0003571473013651578
8413,9,1,0.10947767219328981,0.00043791068877315924
