sample_id,original_label,anomaly_label,score
0,7,1,0.268537700176239
1,2,1,-0.028792589902877808
2,1,1,0.32190805673599243
3,0,1,0.0326370894908905
4,4,1,0.1847754716873169
5,1,1,0.19591325521469116
6,4,1,0.23537099361419678
7,9,1,-0.021167725324630737
8,5,1,0.6162477731704712
9,9,1,-0.1569913923740387
10,0,1,0.2700347304344177
11,6,1,0.21486896276474
12,9,1,-0.09659832715988159
13,0,1,0.09456193447113037
14,1,1,-0.007609188556671143
15,5,1,-0.13906702399253845
16,9,1,-0.08096200227737427
17,7,1,0.0145358145236969
18,3,0,-0.1143295019865036
19,4,1,0.40329796075820923
20,9,1,-0.02217233180999756
21,6,1,-0.027990281581878662
22,6,1,0.1560841202735901
23,5,1,0.5581209063529968
24,4,1,0.9863495230674744
25,0,1,0.4601460099220276
26,7,1,0.2769213318824768
27,4,1,-0.0684572160243988
28,0,1,0.024512559175491333
29,1,1,0.313759982585907
30,3,0,-0.2193056344985962
31,1,1,0.4030681252479553
32,3,0,-0.27685433626174927
33,4,1,0.9812578558921814
34,7,1,-0.15959596633911133
35,2,1,-0.03340074419975281
36,7,1,0.0718938410282135
37,1,1,0.019175350666046143
38,2,1,0.3833667039871216
39,1,1,-0.08688408136367798
40,1,1,0.8986641764640808
41,7,1,-0.03955203294754028
42,4,1,-0.07354938983917236
43,2,1,0.5848672986030579
44,3,0,-0.2041647732257843
45,5,1,0.015467792749404907
46,1,1,-0.0061983466148376465
47,2,1,0.6166810393333435
48,4,1,-0.2226022481918335
49,4,1,0.4585028290748596
50,6,1,0.030535101890563965
51,3,0,-0.24380522966384888
52,5,1,0.05001246929168701
53,5,1,0.30290520191192627
54,6,1,0.2540176510810852
55,0,1,-0.04456526041030884
56,4,1,0.037610530853271484
57,1,1,0.40881776809692383
58,9,1,-0.11330485343933105
59,5,1,0.21180397272109985
60,7,1,0.0157964825630188
61,8,1,-0.1400878131389618
62,9,1,0.09402963519096375
63,3,0,-0.22651046514511108
64,7,1,-0.10810822248458862
65,4,1,0.05710461735725403
66,6,1,0.019796669483184814
67,4,1,0.36816662549972534
68,3,0,-0.2488979995250702
69,0,1,0.5278874039649963
70,7,1,0.09033378958702087
71,0,1,0.38534003496170044
72,2,1,0.34989356994628906
73,9,1,-0.11054135859012604
74,1,1,0.13600802421569824
75,7,1,-0.07126852869987488
76,3,0,-0.18378791213035583
77,2,1,0.03990960121154785
78,9,1,0.2993331551551819
79,7,1,-0.11567772924900055
80,7,1,0.015156209468841553
81,6,1,-0.0012730658054351807
82,2,1,-0.03151240944862366
83,7,1,0.28823989629745483
84,8,1,0.07416436076164246
85,4,1,-0.10305675864219666
86,7,1,-0.21986249089241028
87,3,0,-0.13266195356845856
88,6,1,0.2122909426689148
89,1,1,-0.09655115008354187
90,3,0,-0.22959372401237488
91,6,1,-0.005430847406387329
92,9,1,0.1014367938041687
93,3,0,-0.21857263147830963
94,1,1,-0.00885125994682312
95,4,1,-0.1279604732990265
96,1,1,0.32065683603286743
97,7,1,-0.06030350923538208
98,6,1,0.6209354996681213
99,9,1,-0.10677459836006165
100,6,1,0.3079337477684021
101,0,1,0.3935081362724304
102,5,1,0.07973682880401611
103,4,1,0.41491901874542236
104,9,1,0.24674344062805176
105,9,1,0.09980398416519165
106,2,1,0.3151060938835144
107,1,1,0.38579756021499634
108,9,1,-0.002908170223236084
109,4,1,-0.07806354761123657
110,8,1,-0.09229910373687744
111,7,1,-0.15778882801532745
112,3,0,-0.1322464942932129
113,9,1,-0.15351708233356476
114,7,1,-0.02852347493171692
115,4,1,0.07044517993927002
116,4,1,0.38104385137557983
117,4,1,0.012721538543701172
118,9,1,0.09226018190383911
119,2,1,-0.09961920976638794
120,5,1,-0.031346023082733154
121,4,1,0.03041130304336548
122,7,1,0.24071460962295532
123,6,1,-0.11907050013542175
124,7,1,0.04685363173484802
125,9,1,-0.017599284648895264
126,0,1,0.3467242121696472
127,5,1,0.21522051095962524
128,8,1,-0.14156298339366913
129,5,1,0.08594536781311035
130,6,1,-0.08496367931365967
131,6,1,-0.008694827556610107
132,5,1,-0.07206279039382935
133,7,1,-0.17006522417068481
134,8,1,-0.11759558320045471
135,1,1,-0.17302954196929932
136,0,1,-0.004300057888031006
137,1,1,0.060224175453186035
138,6,1,0.03135448694229126
139,4,1,-0.005987048149108887
140,6,1,0.08866381645202637
141,7,1,0.32101231813430786
142,3,0,-0.18770748376846313
143,1,1,0.25727367401123047
144,7,1,-0.18542221188545227
145,1,1,0.43792158365249634
146,8,1,-0.013932406902313232
147,2,1,-0.0482480525970459
148,0,1,-0.02883666753768921
149,2,1,0.16709190607070923
150,9,1,0.0922604501247406
151,9,1,-0.04250803589820862
152,5,1,0.92631596326828
153,5,1,-0.06991308927536011
154,1,1,0.5418209433555603
155,5,1,0.18489980697631836
156,6,1,0.5370102524757385
157,0,1,0.05770188570022583
158,3,0,-0.15730032324790955
159,4,1,-0.026599198579788208
160,4,1,-0.02976471185684204
161,6,1,0.053735196590423584
162,5,1,0.1454906165599823
163,4,1,0.13411420583724976
164,6,1,0.23236656188964844
165,5,1,-0.13906323909759521
166,4,1,0.15705770254135132
167,5,1,0.4012377858161926
168,1,1,0.08118629455566406
169,4,1,-0.12037377059459686
170,4,1,0.09386807680130005
171,7,1,-0.18740786612033844
172,2,1,0.09286168217658997
173,3,0,-0.027142882347106934
174,2,1,-0.03265488147735596
175,7,1,0.17340081930160522
176,1,1,0.7674713730812073
177,8,1,-0.16101562976837158
178,1,1,0.049704909324645996
179,8,1,-0.08625221252441406
180,1,1,0.10921400785446167
181,8,1,-0.1673816740512848
182,5,1,0.02066674828529358
183,0,1,1.078477144241333
184,8,1,-0.18167972564697266
185,9,1,-0.02577495574951172
186,2,1,-0.128968745470047
187,5,1,-0.17545494437217712
188,0,1,0.49564069509506226
189,1,1,0.7442434430122375
190,1,1,0.13617023825645447
191,1,1,0.09599924087524414
192,0,1,0.06680971384048462
193,9,1,-0.07064598798751831
194,0,1,0.12111812829971313
195,3,0,0.15233969688415527
196,1,1,-0.08593469858169556
197,6,1,-0.007441401481628418
198,4,1,-0.0890229344367981
199,2,1,-0.17681223154067993
200,3,0,-0.14353197813034058
201,6,1,0.49539560079574585
202,1,1,0.5331107974052429
203,1,1,0.3926594853401184
204,1,1,0.4372509717941284
205,3,0,-0.10939592123031616
206,9,1,-0.09136557579040527
207,5,1,0.01679307222366333
208,2,1,-0.03420227766036987
209,9,1,-0.025501519441604614
210,4,1,0.7867226004600525
211,5,1,0.026497453451156616
212,9,1,-0.1559765338897705
213,3,0,-0.15715856850147247
214,9,1,-0.23071423172950745
215,0,1,-0.05703282356262207
216,3,0,-0.14815464615821838
217,6,1,0.0019469857215881348
218,5,1,0.10603231191635132
219,5,1,-0.15380874276161194
220,7,1,-0.028134256601333618
221,2,1,-0.0462268590927124
222,2,1,-8.380413055419922e-05
223,7,1,-0.07844358682632446
224,1,1,1.6172089576721191
225,2,1,-0.1274350881576538
226,8,1,-0.1562158614397049
227,4,1,0.270119845867157
228,1,1,0.20532041788101196
229,7,1,0.01631253957748413
230,3,0,-0.15155355632305145
231,3,0,-0.13851644098758698
232,8,1,-0.05519813299179077
233,8,1,-0.21251283586025238
234,7,1,-0.10180246829986572
235,9,1,0.20895642042160034
236,2,1,-0.0030524730682373047
237,2,1,0.09334775805473328
238,4,1,0.10622847080230713
239,1,1,0.13598555326461792
240,5,1,-0.1179741621017456
241,9,1,-0.10097509622573853
242,8,1,-0.19925543665885925
243,7,1,0.04031798243522644
244,2,1,0.11000949144363403
245,3,0,-0.0005040168762207031
246,0,1,0.7101263403892517
247,4,1,0.13916435837745667
248,4,1,0.18643862009048462
249,2,1,0.1757488250732422
250,4,1,-0.20881637930870056
251,1,1,0.6453942060470581
252,9,1,-0.19506852328777313
253,5,1,0.22495287656784058
254,7,1,0.14417728781700134
255,7,1,-0.15360121428966522
256,2,1,-0.11989879608154297
257,8,1,-0.2042766660451889
258,2,1,0.08088672161102295
259,6,1,0.15345340967178345
260,8,1,0.24535316228866577
261,5,1,-0.11356455087661743
262,7,1,0.28006595373153687
263,7,1,-0.07595467567443848
264,9,1,-0.08365368843078613
265,1,1,-0.05158436298370361
266,8,1,-0.2463756501674652
267,1,1,-0.006180882453918457
268,8,1,-0.04239937663078308
269,0,1,0.3397294878959656
270,3,0,-0.1028183102607727
271,0,1,-0.0255124568939209
272,1,1,0.1376284956932068
273,9,1,-0.1138872504234314
274,9,1,-0.23838835954666138
275,4,1,-0.17276155948638916
276,1,1,-0.09184488654136658
277,8,1,-0.22567111253738403
278,2,1,0.10861125588417053
279,1,1,0.5352031588554382
280,2,1,-0.01873546838760376
281,9,1,-0.06889021396636963
282,7,1,-0.22924526035785675
283,5,1,0.3605744242668152
284,9,1,0.009302496910095215
285,2,1,0.02888426184654236
286,6,1,0.07882803678512573
287,4,1,0.5763847231864929
288,1,1,-0.035290807485580444
289,5,1,0.008238136768341064
290,8,1,-0.06791996955871582
291,2,1,0.026362717151641846
292,9,1,-0.1849299967288971
293,2,1,-0.13951043784618378
294,0,1,0.08458229899406433
295,4,1,-0.15824201703071594
296,0,1,0.5175939202308655
297,0,1,0.3155769109725952
298,2,1,0.021339982748031616
299,8,1,-0.10565720498561859
300,4,1,0.002741873264312744
301,7,1,-0.16029143333435059
302,1,1,0.33644717931747437
303,2,1,0.1352773904800415
304,4,1,-0.1906004548072815
305,0,1,0.8458403944969177
306,2,1,-0.056268662214279175
307,7,1,-0.048853397369384766
308,4,1,-0.06581711769104004
309,3,0,0.015012860298156738
310,3,0,-0.16214320063591003
311,0,1,0.2452203631401062
312,0,1,0.15193182229995728
313,3,0,-0.06809264421463013
314,1,1,0.017799675464630127
315,9,1,-0.13541826605796814
316,6,1,0.0016250908374786377
317,5,1,0.046963661909103394
318,2,1,-0.08636566996574402
319,5,1,0.07706218957901001
320,9,1,0.03565731644630432
321,2,1,-0.06435847282409668
322,9,1,-0.043376266956329346
323,3,0,-0.14995333552360535
324,0,1,0.18062829971313477
325,4,1,-0.05914241075515747
326,2,1,0.5091803669929504
327,0,1,0.2818756103515625
328,7,1,-0.11146876215934753
329,1,1,-0.10900220274925232
330,1,1,0.11712026596069336
331,2,1,0.07151275873184204
332,1,1,0.13655346632003784
333,5,1,0.8743845820426941
334,3,0,-0.2205163538455963
335,3,0,-0.18523657321929932
336,9,1,-0.17811040580272675
337,7,1,0.063282310962677
338,8,1,-0.06003391742706299
339,6,1,0.23403871059417725
340,5,1,-0.22980424761772156
341,6,1,1.8005990982055664
342,1,1,0.03064367175102234
343,3,0,-0.2557099461555481
344,8,1,0.016916990280151367
345,1,1,-0.0392892062664032
346,0,1,-0.23395691812038422
347,5,1,0.016288399696350098
348,1,1,-0.015540897846221924
349,3,0,-0.15823164582252502
350,1,1,-0.07440915703773499
351,5,1,0.057185977697372437
352,5,1,0.34034091234207153
353,6,1,0.05770573019981384
354,1,1,0.8886132836341858
355,8,1,-0.11796653270721436
356,5,1,-0.030485451221466064
357,1,1,0.8675641417503357
358,7,1,0.27883875370025635
359,9,1,-0.19369199872016907
360,4,1,0.20502632856369019
361,6,1,-0.0006594061851501465
362,2,1,0.295490026473999
363,2,1,0.4143051505088806
364,5,1,0.2522119879722595
365,0,1,-0.014918684959411621
366,6,1,-0.21270851790905
367,5,1,0.4382813572883606
368,6,1,0.15928494930267334
369,3,0,-0.16260795295238495
370,7,1,0.06629854440689087
371,2,1,0.23866921663284302
372,0,1,0.1930047869682312
373,8,1,0.09876710176467896
374,8,1,-0.11675232648849487
375,5,1,0.7845363020896912
376,4,1,-0.046385258436203
377,1,1,0.4647126793861389
378,1,1,0.4634323716163635
379,4,1,-0.07450911402702332
380,0,1,1.6300990581512451
381,3,0,0.24179214239120483
382,3,0,-0.23772451281547546
383,7,1,0.7987784743309021
384,6,1,0.2742561101913452
385,1,1,0.795094907283783
386,6,1,-0.22418197989463806
387,2,1,0.3186994194984436
388,1,1,0.6300910115242004
389,9,1,-0.1698020100593567
390,2,1,0.0563349723815918
391,8,1,0.016945481300354004
392,6,1,-0.0384880006313324
393,1,1,0.158339262008667
394,9,1,0.33638203144073486
395,5,1,-0.1536393165588379
396,2,1,-0.14377954602241516
397,5,1,-0.12889304757118225
398,4,1,0.25098687410354614
399,4,1,0.15152674913406372
400,2,1,0.19222122430801392
401,8,1,-0.09876281023025513
402,3,0,-0.001963317394256592
403,8,1,0.10082101821899414
404,2,1,-0.12274244427680969
405,4,1,0.015417039394378662
406,5,1,-0.12486857175827026
407,0,1,0.004448592662811279
408,3,0,-0.24313423037528992
409,1,1,-0.04219263792037964
410,7,1,0.18148934841156006
411,7,1,-0.11144381761550903
412,5,1,-0.22124679386615753
413,7,1,-0.14761586487293243
414,9,1,0.05202001333236694
415,7,1,-0.00593942403793335
416,1,1,0.1964210867881775
417,9,1,-0.032575786113739014
418,2,1,0.0648074746131897
419,1,1,0.3735364079475403
420,4,1,0.46530842781066895
421,2,1,0.39836668968200684
422,9,1,-0.20374305546283722
423,2,1,-0.08439826965332031
424,0,1,0.36042070388793945
425,4,1,0.08886373043060303
426,9,1,0.05600017309188843
427,1,1,0.2576097846031189
428,4,1,-0.025317788124084473
429,8,1,0.04946833848953247
430,1,1,0.20461392402648926
431,8,1,0.04054689407348633
432,4,1,0.09121409058570862
433,5,1,0.34016382694244385
434,9,1,0.005704522132873535
435,8,1,-0.14258070290088654
436,8,1,-0.1341582089662552
437,3,0,-0.12243902683258057
438,7,1,0.11084413528442383
439,6,1,0.09040716290473938
440,0,1,0.2146943211555481
441,0,1,0.15077108144760132
442,3,0,-0.2389674335718155
443,0,1,0.019546985626220703
444,2,1,-0.02338048815727234
445,6,1,0.41076332330703735
446,6,1,-0.1436324119567871
447,4,1,-0.08425876498222351
448,9,1,-0.2595752775669098
449,3,0,-0.18974295258522034
450,3,0,-0.20527788996696472
451,3,0,-0.28614193201065063
452,2,1,-0.06955957412719727
453,3,0,0.1243503987789154
454,9,1,-0.0341300368309021
455,1,1,0.027212411165237427
456,2,1,0.10890701413154602
457,6,1,-0.1075717955827713
458,8,1,-0.1483236849308014
459,0,1,0.24671775102615356
460,5,1,0.11909687519073486
461,6,1,0.21140390634536743
462,6,1,0.12494456768035889
463,6,1,0.2897750735282898
464,3,0,-0.016163527965545654
465,8,1,-0.22512409090995789
466,8,1,-0.14325875043869019
467,2,1,-0.07812243700027466
468,7,1,-0.0037099719047546387
469,5,1,-0.15222759544849396
470,8,1,-0.042040854692459106
471,9,1,0.11958667635917664
472,6,1,0.5099509358406067
473,1,1,0.590839684009552
474,8,1,-0.22622297704219818
475,4,1,0.11361774802207947
476,1,1,0.08093476295471191
477,2,1,0.04878094792366028
478,5,1,-0.0797232985496521
479,9,1,-0.052365899085998535
480,1,1,1.1912944316864014
481,9,1,-0.029325902462005615
482,7,1,0.03647112846374512
483,5,1,0.916371762752533
484,4,1,0.19487422704696655
485,0,1,0.049294114112854004
486,8,1,0.057097673416137695
487,9,1,-0.04760441184043884
488,9,1,0.01167231798171997
489,1,1,0.4049617648124695
490,0,1,1.0199589729309082
491,5,1,-0.03059375286102295
492,2,1,-0.10895353555679321
493,3,0,-0.19212356209754944
494,7,1,-0.02313491702079773
495,8,1,-0.21774636209011078
496,9,1,0.07641178369522095
497,4,1,0.030801475048065186
498,0,1,-0.12866659462451935
499,6,1,0.36110973358154297
500,3,0,-0.2416287660598755
501,9,1,-0.21864011883735657
502,5,1,0.14890334010124207
503,2,1,0.046260058879852295
504,1,1,0.7693825364112854
505,3,0,-0.22414815425872803
506,1,1,0.4368320107460022
507,3,0,-0.2493993192911148
508,6,1,0.16374152898788452
509,5,1,0.045283615589141846
510,7,1,-0.14510232210159302
511,4,1,0.11250948905944824
512,2,1,-0.1042085587978363
513,2,1,-0.1256985068321228
514,6,1,0.08592221140861511
515,3,0,-0.09610521793365479
516,2,1,0.13568496704101562
517,6,1,0.06373864412307739
518,5,1,0.20411556959152222
519,4,1,-0.10691717267036438
520,8,1,-0.07796013355255127
521,9,1,-0.01396024227142334
522,7,1,-0.0976111888885498
523,1,1,0.3447020649909973
524,3,0,-0.031850457191467285
525,0,1,0.7193536162376404
526,3,0,-0.16965612769126892
527,8,1,-0.12338455021381378
528,3,0,-0.12122388184070587
529,1,1,-0.0035583972930908203
530,9,1,-0.16473618149757385
531,3,0,-0.05990117788314819
532,4,1,-0.09734094142913818
533,4,1,0.12818050384521484
534,6,1,-0.020175307989120483
535,4,1,0.28060752153396606
536,2,1,0.24262851476669312
537,1,1,0.15838152170181274
538,8,1,0.2119443416595459
539,2,1,-0.14835602045059204
540,5,1,0.2644946575164795
541,4,1,-0.035517871379852295
542,8,1,-0.047683507204055786
543,8,1,0.168024480342865
544,4,1,0.020208895206451416
545,0,1,0.2854469418525696
546,0,1,0.5603795647621155
547,2,1,-0.08206665515899658
548,3,0,-0.25416886806488037
549,2,1,0.30858898162841797
550,7,1,0.1261497139930725
551,7,1,-0.06721803545951843
552,0,1,-0.0397162139415741
553,8,1,0.08534801006317139
554,7,1,-0.12425985932350159
555,4,1,0.08235135674476624
556,4,1,0.3126782774925232
557,7,1,-0.1810084730386734
558,9,1,-0.12250621616840363
559,6,1,0.5915349125862122
560,9,1,-0.0452570915222168
561,0,1,0.525799036026001
562,9,1,0.5201776027679443
563,8,1,-0.13067659735679626
564,0,1,0.15461653470993042
565,4,1,0.04328364133834839
566,6,1,0.20675748586654663
567,0,1,-0.010413944721221924
568,6,1,-0.09093892574310303
569,3,0,-0.17294418811798096
570,5,1,-0.12291905283927917
571,4,1,-0.05522894859313965
572,8,1,-0.16515442728996277
573,3,0,-0.23737666010856628
574,3,0,-0.2085491120815277
575,9,1,-0.2160930335521698
576,3,0,-0.25987228751182556
577,3,0,-0.1937021017074585
578,3,0,-0.1918422430753708
579,7,1,0.03998517990112305
580,8,1,-0.1433987021446228
581,0,1,0.3528861403465271
582,8,1,-0.129201278090477
583,2,1,-0.05272895097732544
584,1,1,-0.03556329011917114
585,7,1,0.08064758777618408
586,0,1,0.22877496480941772
587,6,1,-0.054528623819351196
588,5,1,-0.058606475591659546
589,4,1,0.3678233027458191
590,3,0,-0.19652912020683289
591,8,1,-0.23865750432014465
592,0,1,0.2701348066329956
593,9,1,-0.2239035665988922
594,6,1,0.0011392831802368164
595,3,0,-0.12975437939167023
596,8,1,-0.1290990114212036
597,0,1,0.17692774534225464
598,9,1,-0.15981177985668182
599,9,1,-0.08967265486717224
600,6,1,0.11844611167907715
601,8,1,-0.10376852750778198
602,6,1,0.3313695788383484
603,8,1,-0.07762998342514038
604,5,1,-0.09933477640151978
605,7,1,-0.07026582956314087
606,8,1,-0.08217006921768188
607,6,1,-0.1131511926651001
608,0,1,0.4590599536895752
609,2,1,-0.154636949300766
610,4,1,0.051609575748443604
611,0,1,0.5125192403793335
612,2,1,-0.10754641890525818
613,2,1,-0.032929569482803345
614,3,0,-0.1888999342918396
615,1,1,0.25710922479629517
616,9,1,-0.08634090423583984
617,7,1,-0.14683246612548828
618,5,1,-0.09369009733200073
619,1,1,-0.031055212020874023
620,0,1,0.17172175645828247
621,8,1,-0.1073492169380188
622,4,1,-0.08344757556915283
623,6,1,-0.03445976972579956
624,2,1,-0.07213348150253296
625,6,1,0.5250809788703918
626,7,1,-0.1150968074798584
627,9,1,0.39410656690597534
628,3,0,-0.11551541090011597
629,2,1,0.4426809549331665
630,9,1,0.6595422625541687
631,8,1,-0.07387059926986694
632,2,1,-0.0913047194480896
633,2,1,-0.1315540075302124
634,9,1,-0.12490521371364594
635,2,1,-0.1005486398935318
636,7,1,0.3022845387458801
637,3,0,-0.13271811604499817
638,5,1,0.4464721083641052
639,9,1,-0.21547318994998932
640,1,1,-0.10770809650421143
641,8,1,-0.09537389874458313
642,0,1,0.2574138045310974
643,2,1,-0.08135223388671875
644,0,1,0.24554568529129028
645,5,1,-0.20420192182064056
646,2,1,-0.0385470986366272
647,1,1,0.2275974154472351
648,3,0,-0.22925427556037903
649,7,1,0.2786406874656677
650,6,1,0.04044303297996521
651,7,1,-0.16010934114456177
652,1,1,-0.009812623262405396
653,2,1,-0.08253741264343262
654,5,1,0.33117979764938354
655,8,1,-0.08501672744750977
656,0,1,0.8113647103309631
657,3,0,-0.2391296774148941
658,7,1,0.22252005338668823
659,2,1,-0.17099428176879883
660,4,1,0.15363144874572754
661,0,1,-0.14880770444869995
662,9,1,0.02017873525619507
663,1,1,-0.026356548070907593
664,8,1,0.2953103184700012
665,6,1,0.47820454835891724
666,7,1,0.3799130320549011
667,7,1,0.2760164141654968
668,4,1,-0.005916863679885864
669,3,0,-0.2520918846130371
670,4,1,-0.07572203874588013
671,9,1,0.04131641983985901
672,1,1,0.3182736039161682
673,9,1,-0.2013559490442276
674,5,1,-0.106625497341156
675,1,1,0.1492374837398529
676,7,1,0.038250088691711426
677,3,0,-0.2031233012676239
678,9,1,0.02859210968017578
679,7,1,-0.10866376757621765
680,6,1,0.3436313271522522
681,9,1,-0.03955790400505066
682,1,1,0.35459262132644653
683,3,0,-0.13056597113609314
684,7,1,0.035511136054992676
685,8,1,-0.04418233036994934
686,3,0,-0.24744172394275665
687,3,0,0.04467618465423584
688,6,1,0.08164411783218384
689,7,1,0.21271127462387085
690,2,1,-0.06052824854850769
691,8,1,-0.0029337406158447266
692,5,1,0.15467709302902222
693,8,1,-0.15105484426021576
694,5,1,0.3266294598579407
695,1,1,0.3390796184539795
696,1,1,0.610489010810852
697,4,1,0.03360387682914734
698,4,1,0.23097550868988037
699,3,0,-0.23978251218795776
700,1,1,0.028518378734588623
701,0,1,0.19231504201889038
702,7,1,-0.137950137257576
703,7,1,0.11075109243392944
704,0,1,0.12561455368995667
705,7,1,-0.06600648164749146
706,9,1,0.010248512029647827
707,4,1,-0.19622763991355896
708,4,1,-0.0002957582473754883
709,8,1,-0.11404082179069519
710,5,1,-0.11152628064155579
711,5,1,-0.14787974953651428
712,4,1,-0.17504015564918518
713,0,1,0.5283050537109375
714,8,1,0.07048439979553223
715,2,1,-0.12389284372329712
716,1,1,0.49572038650512695
717,0,1,0.1914963722229004
718,8,1,-0.21191121637821198
719,4,1,0.1911901831626892
720,5,1,-0.019116878509521484
721,0,1,0.7547615170478821
722,4,1,0.3731772303581238
723,0,1,-0.026886463165283203
724,6,1,0.23290926218032837
725,1,1,0.630911111831665
726,7,1,0.1418757140636444
727,3,0,-0.04081165790557861
728,2,1,-0.1637420952320099
729,6,1,-0.08989816904067993
730,7,1,0.03044414520263672
731,2,1,0.26513558626174927
732,6,1,0.5680950880050659
733,9,1,-0.14467820525169373
734,3,0,-0.19052207469940186
735,1,1,0.07944357395172119
736,4,1,-0.15924984216690063
737,6,1,0.8304999470710754
738,2,1,0.4656934142112732
739,5,1,-0.21464048326015472
740,4,1,-0.06909149885177612
741,2,1,-0.06942760944366455
742,0,1,0.4228430390357971
743,6,1,0.03934687376022339
744,2,1,0.2692113518714905
745,1,1,0.11428779363632202
746,7,1,-0.20580890774726868
747,3,0,-0.21609073877334595
748,4,1,-0.09467929601669312
749,1,1,0.705291211605072
750,0,1,0.31507521867752075
751,5,1,-0.08315891027450562
752,4,1,-0.1722128987312317
753,3,0,-0.2752463221549988
754,1,1,0.4372333288192749
755,1,1,0.3696092963218689
756,7,1,-0.08585789799690247
757,4,1,0.029951095581054688
758,9,1,0.021056056022644043
759,9,1,-0.12966296076774597
760,4,1,0.3704221844673157
761,8,1,-0.0499243438243866
762,4,1,-0.09163391590118408
763,0,1,0.5228722095489502
764,2,1,-0.04928356409072876
765,4,1,-0.07967859506607056
766,5,1,0.11243182420730591
767,1,1,0.25932997465133667
768,1,1,0.09523981809616089
769,6,1,-0.07323846220970154
770,4,1,0.1452036201953888
771,7,1,-0.15026892721652985
772,1,1,0.08749297261238098
773,9,1,-0.02065175771713257
774,4,1,0.13053211569786072
775,2,1,-0.11451931297779083
776,4,1,-0.037442028522491455
777,1,1,-0.04681229591369629
778,5,1,-0.12597323954105377
779,5,1,0.5501687526702881
780,3,0,-0.11284680664539337
781,8,1,0.044140011072158813
782,3,0,-0.1185353547334671
783,1,1,0.25307971239089966
784,4,1,-0.02626556158065796
785,5,1,-0.1373300850391388
786,6,1,-0.09348386526107788
787,8,1,-0.06235271692276001
788,9,1,0.022474199533462524
789,4,1,0.3477177023887634
790,1,1,-0.14075353741645813
791,5,1,0.1820853352546692
792,3,0,-0.1731811761856079
793,8,1,-0.18963122367858887
794,0,1,0.31818920373916626
795,3,0,0.05362433195114136
796,2,1,0.05710062384605408
797,5,1,0.24309229850769043
798,1,1,0.010496437549591064
799,2,1,0.15966850519180298
800,8,1,-0.18324026465415955
801,3,0,-0.2246495634317398
802,4,1,0.10627615451812744
803,4,1,0.05686253309249878
804,0,1,0.2175714373588562
805,8,1,-0.15076367557048798
806,8,1,0.03345984220504761
807,3,0,-0.1470664143562317
808,3,0,-0.2317887395620346
809,1,1,0.6769365668296814
810,7,1,0.13182282447814941
811,3,0,-0.1913241147994995
812,5,1,0.030276358127593994
813,9,1,-0.12882459163665771
814,6,1,-0.00597807765007019
815,3,0,-0.16108788549900055
816,2,1,-0.09007662534713745
817,6,1,0.6605326533317566
818,1,1,0.15853828191757202
819,3,0,-0.18345236778259277
820,6,1,0.10998985171318054
821,0,1,0.7099366784095764
822,7,1,0.11198386549949646
823,2,1,0.16643434762954712
824,1,1,0.3760867714881897
825,7,1,-0.06283873319625854
826,1,1,0.06605702638626099
827,4,1,0.19636547565460205
828,2,1,-0.05728277564048767
829,4,1,0.009997904300689697
830,2,1,0.08315449953079224
831,1,1,0.3830983638763428
832,7,1,0.1850298047065735
833,9,1,-0.20159117877483368
834,6,1,-0.06275802850723267
835,1,1,0.3729909658432007
836,1,1,0.2767792344093323
837,2,1,-0.03775954246520996
838,4,1,0.23602157831192017
839,8,1,-0.21792072057724
840,1,1,0.14339539408683777
841,7,1,0.21668893098831177
842,7,1,0.07172229886054993
843,4,1,0.037219882011413574
844,8,1,0.07192164659500122
845,0,1,0.11078423261642456
846,7,1,-0.12346497178077698
847,3,0,-0.17025554180145264
848,1,1,0.3374848961830139
849,3,0,-0.21108019351959229
850,1,1,-0.10595983266830444
851,0,1,-0.10333025455474854
852,7,1,0.5425683856010437
853,7,1,-0.07966053485870361
854,0,1,0.4745948910713196
855,3,0,-0.2658594846725464
856,5,1,0.2696247696876526
857,5,1,-0.059542298316955566
858,2,1,-0.09632736444473267
859,7,1,0.09975534677505493
860,6,1,0.26196783781051636
861,6,1,0.5615453124046326
862,9,1,-0.04124945402145386
863,2,1,0.023157060146331787
864,8,1,-0.11991940438747406
865,3,0,-0.21108518540859222
866,5,1,-0.13494054973125458
867,2,1,-0.0697290301322937
868,2,1,0.11838114261627197
869,5,1,-0.008861541748046875
870,6,1,0.2208288311958313
871,0,1,0.4975895881652832
872,8,1,-0.14124828577041626
873,2,1,0.13335385918617249
874,9,1,-0.07328009605407715
875,2,1,-0.061413586139678955
876,8,1,-0.06758782267570496
877,8,1,0.08232676982879639
878,8,1,-0.21912917494773865
879,8,1,-0.09245002269744873
880,7,1,0.00732991099357605
881,4,1,-0.1935681849718094
882,9,1,0.310712993144989
883,3,0,0.1045025885105133
884,0,1,0.04064953327178955
885,6,1,-0.00839945673942566
886,6,1,0.14315351843833923
887,3,0,-0.20187610387802124
888,2,1,0.0036821365356445312
889,1,1,0.14600855112075806
890,3,0,-0.23313573002815247
891,2,1,-0.05100315809249878
892,2,1,0.1383633017539978
893,9,1,0.2659962773323059
894,3,0,-0.09832775592803955
895,0,1,0.008543014526367188
896,0,1,0.8982164263725281
897,5,1,0.6098142266273499
898,7,1,-0.15174010396003723
899,8,1,-0.18416428565979004
900,1,1,0.20174211263656616
901,4,1,0.15999311208724976
902,4,1,-0.01568901538848877
903,6,1,-0.04638606309890747
904,0,1,0.4537057876586914
905,2,1,-0.07417145371437073
906,9,1,-0.13245126605033875
907,1,1,0.3851022720336914
908,4,1,0.13400328159332275
909,7,1,0.44174057245254517
910,4,1,0.03096318244934082
911,7,1,-0.17496450245380402
912,3,0,-0.15927359461784363
913,9,1,-0.026695072650909424
914,8,1,-0.03862124681472778
915,8,1,-0.14619167149066925
916,4,1,0.3695736527442932
917,7,1,0.4290252923965454
918,1,1,0.8214088082313538
919,2,1,0.06753098964691162
920,1,1,0.6429031491279602
921,2,1,-0.062090158462524414
922,2,1,-0.0672311782836914
923,3,0,-0.2786514163017273
924,2,1,0.0605846643447876
925,3,0,-0.23231370747089386
926,2,1,0.006320774555206299
927,3,0,-0.23619873821735382
928,9,1,0.1560174822807312
929,1,1,0.548292875289917
930,7,1,-0.1602906584739685
931,4,1,0.5676862597465515
932,0,1,0.43634605407714844
933,3,0,-0.1768077164888382
934,5,1,0.005443155765533447
935,5,1,0.08876878023147583
936,8,1,-0.18297183513641357
937,6,1,0.46038103103637695
938,3,0,-0.03490549325942993
939,2,1,0.2750058174133301
940,6,1,0.028292328119277954
941,7,1,0.13457375764846802
942,6,1,0.16215795278549194
943,6,1,0.01917201280593872
944,3,0,-0.138874351978302
945,2,1,-0.08339035511016846
946,7,1,0.04892948269844055
947,8,1,-0.17999091744422913
948,1,1,0.3409422039985657
949,1,1,0.30060189962387085
950,7,1,-0.2150467038154602
951,5,1,0.029086261987686157
952,6,1,0.7305094599723816
953,4,1,-0.12719687819480896
954,9,1,-0.08315849304199219
955,5,1,-0.21139633655548096
956,1,1,-0.03171885013580322
957,3,0,-0.10156089067459106
958,3,0,-0.1694081723690033
959,4,1,0.09227773547172546
960,7,1,0.2024359107017517
961,8,1,0.1381305456161499
962,9,1,0.08470010757446289
963,1,1,0.6470956802368164
964,1,1,1.1765625476837158
965,6,1,-0.11229303479194641
966,9,1,-0.14065316319465637
967,1,1,0.0941292941570282
968,4,1,0.12468814849853516
969,4,1,0.5460790395736694
970,5,1,0.08187156915664673
971,4,1,0.036228835582733154
972,0,1,0.9385820031166077
973,6,1,0.07524996995925903
974,2,1,-0.09443292021751404
975,2,1,-0.1316959261894226
976,3,0,-0.256242573261261
977,1,1,-0.04353970289230347
978,5,1,0.10657304525375366
979,1,1,0.04084143042564392
980,2,1,0.04595160484313965
981,0,1,0.30160433053970337
982,3,0,-0.16556480526924133
983,8,1,-0.05878821015357971
984,1,1,0.27635735273361206
985,2,1,-0.03661811351776123
986,6,1,-0.014118820428848267
987,7,1,0.07394257187843323
988,1,1,0.5645599961280823
989,6,1,0.14780950546264648
990,2,1,-0.12915706634521484
991,3,0,-0.12973275780677795
992,9,1,-0.16078704595565796
993,0,1,-0.14504019916057587
994,1,1,-0.10349461436271667
995,2,1,0.21468377113342285
996,2,1,-0.05384504795074463
997,0,1,0.1919717788696289
998,8,1,-0.18691220879554749
999,9,1,0.10945522785186768
1000,9,1,-0.0242345929145813
1001,0,1,-0.06504136323928833
1002,2,1,-0.2600385844707489
1003,5,1,-0.13633425533771515
1004,1,1,0.12712401151657104
1005,9,1,0.029337793588638306
1006,7,1,-0.017235219478607178
1007,8,1,-0.14125093817710876
1008,1,1,0.0814698338508606
1009,0,1,0.3653801679611206
1010,4,1,0.15833759307861328
1011,1,1,-0.014169454574584961
1012,7,1,-0.029811859130859375
1013,9,1,-0.16568240523338318
1014,6,1,0.1754755973815918
1015,4,1,0.013022005558013916
1016,2,1,0.20403051376342773
1017,6,1,0.5316802859306335
1018,8,1,0.0023849010467529297
1019,1,1,0.10597530007362366
1020,3,0,-0.18702572584152222
1021,7,1,-0.11024162173271179
1022,5,1,-0.11945590376853943
1023,4,1,0.0636444091796875
1024,4,1,-0.012499004602432251
1025,1,1,-0.004727482795715332
1026,8,1,-0.21087372303009033
1027,1,1,-0.03122478723526001
1028,3,0,-0.199641615152359
1029,8,1,-0.07290530204772949
1030,1,1,0.25805026292800903
1031,2,1,0.23179548978805542
1032,5,1,0.300159752368927
1033,8,1,-0.2213675081729889
1034,0,1,0.12252998352050781
1035,6,1,0.6284186244010925
1036,2,1,-0.09992682933807373
1037,1,1,0.20054662227630615
1038,1,1,0.7737416625022888
1039,7,1,0.3472934365272522
1040,1,1,0.6843950152397156
1041,5,1,0.3490336537361145
1042,3,0,-0.2823065519332886
1043,4,1,0.20320242643356323
1044,6,1,-0.011625289916992188
1045,9,1,-0.15564821660518646
1046,5,1,-0.18756505846977234
1047,0,1,0.31259483098983765
1048,9,1,0.17399626970291138
1049,2,1,0.12607192993164062
1050,2,1,0.5091422200202942
1051,4,1,0.3161676526069641
1052,8,1,-0.20818102359771729
1053,2,1,0.017346739768981934
1054,1,1,0.17636680603027344
1055,7,1,0.10585016012191772
1056,2,1,0.06816554069519043
1057,4,1,0.09812882542610168
1058,9,1,-0.1074204295873642
1059,4,1,-0.03271484375
1060,4,1,0.10499966144561768
1061,0,1,0.48227459192276
1062,3,0,-0.16167831420898438
1063,9,1,-0.10891489684581757
1064,2,1,0.1741124987602234
1065,2,1,-0.03915715217590332
1066,3,0,-0.15553545951843262
1067,3,0,-0.21320697665214539
1068,8,1,0.017848581075668335
1069,3,0,-0.2263253629207611
1070,5,1,-0.03787153959274292
1071,7,1,0.10124611854553223
1072,3,0,-0.15308140218257904
1073,5,1,0.03945395350456238
1074,8,1,-0.043071359395980835
1075,1,1,0.6510853171348572
1076,2,1,-0.01675775647163391
1077,4,1,0.0401419997215271
1078,4,1,-0.037152618169784546
1079,6,1,-0.1992168128490448
1080,4,1,1.2732453346252441
1081,9,1,-0.01326209306716919
1082,5,1,-0.11173264682292938
1083,1,1,0.4868324398994446
1084,0,1,0.3045541048049927
1085,6,1,0.26931482553482056
1086,9,1,0.175578773021698
1087,5,1,0.17323017120361328
1088,9,1,-0.17450398206710815
1089,5,1,-0.24944505095481873
1090,9,1,-0.15728659927845
1091,7,1,0.00240480899810791
1092,3,0,-0.039604753255844116
1093,8,1,-0.2428310215473175
1094,0,1,-0.1262444704771042
1095,3,0,-0.2362951636314392
1096,7,1,0.02192741632461548
1097,1,1,0.657269299030304
1098,3,0,-0.18983450531959534
1099,6,1,-0.011824041604995728
1100,7,1,-0.13542309403419495
1101,8,1,-0.029054999351501465
1102,5,1,-0.039652854204177856
1103,9,1,0.17037123441696167
1104,7,1,0.2155478596687317
1105,9,1,-0.2137378454208374
1106,6,1,0.07579249143600464
1107,9,1,-0.209634929895401
1108,6,1,0.03425148129463196
1109,3,0,0.02643674612045288
1110,7,1,0.5651487708091736
1111,4,1,-0.10504509508609772
1112,4,1,-0.07218289375305176
1113,5,1,-0.08564990758895874
1114,3,0,-0.2635843753814697
1115,5,1,-0.15024596452713013
1116,4,1,0.5336337089538574
1117,7,1,-0.05466175079345703
1118,8,1,-0.1437450647354126
1119,7,1,-0.097278892993927
1120,8,1,0.020209968090057373
1121,0,1,-0.14216218888759613
1122,7,1,0.603074848651886
1123,6,1,0.07086610794067383
1124,8,1,0.0648685097694397
1125,8,1,-0.22635942697525024
1126,7,1,0.010413050651550293
1127,3,0,-0.24239888787269592
1128,3,0,-0.19814832508563995
1129,1,1,-0.04299411177635193
1130,9,1,-0.21631211042404175
1131,5,1,0.48671215772628784
1132,2,1,-0.048841774463653564
1133,7,1,0.07153233885765076
1134,3,0,-0.2476939558982849
1135,5,1,-0.10216216742992401
1136,1,1,0.06627267599105835
1137,1,1,0.43001216650009155
1138,2,1,0.557939887046814
1139,1,1,-0.15010569989681244
1140,4,1,0.89284747838974
1141,7,1,-0.15911146998405457
1142,4,1,-0.16114675998687744
1143,7,1,-0.26577872037887573
1144,5,1,-0.17034803330898285
1145,4,1,0.013791441917419434
1146,5,1,-0.10358522832393646
1147,4,1,0.2482563853263855
1148,0,1,0.11076629161834717
1149,8,1,-0.07929185032844543
1150,3,0,-0.25338858366012573
1151,6,1,0.1459992527961731
1152,9,1,-0.07369360327720642
1153,6,1,0.23142176866531372
1154,0,1,0.16900783777236938
1155,2,1,0.14098787307739258
1156,7,1,0.05684274435043335
1157,4,1,-0.00784456729888916
1158,4,1,0.3474183678627014
1159,4,1,-0.11180640757083893
1160,4,1,0.19800055027008057
1161,6,1,-0.023323118686676025
1162,6,1,0.4609101414680481
1163,4,1,0.18623894453048706
1164,7,1,-0.11482040584087372
1165,9,1,-0.1260523796081543
1166,3,0,-0.18206757307052612
1167,4,1,0.09947431087493896
1168,5,1,0.40694063901901245
1169,5,1,-0.11509212851524353
1170,8,1,0.06238061189651489
1171,7,1,0.43588775396347046
1172,3,0,-0.2614949941635132
1173,7,1,-0.08978942036628723
1174,2,1,-0.03142040967941284
1175,7,1,0.2334020733833313
1176,0,1,-0.17655381560325623
1177,2,1,0.055575162172317505
1178,4,1,-0.2442777007818222
1179,1,1,0.3854876160621643
1180,1,1,-0.01818704605102539
1181,6,1,-0.07209804654121399
1182,6,1,-0.10644881427288055
1183,9,1,-0.11620637774467468
1184,2,1,-0.15246672928333282
1185,8,1,-0.13731272518634796
1186,7,1,0.020566284656524658
1187,2,1,0.38094252347946167
1188,0,1,0.08536604046821594
1189,1,1,0.5218332409858704
1190,5,1,0.08443522453308105
1191,0,1,0.6166537404060364
1192,9,1,0.45235687494277954
1193,1,1,0.2520100474357605
1194,7,1,-0.19772936403751373
1195,0,1,-0.20325428247451782
1196,6,1,-0.09806311130523682
1197,0,1,-0.16963404417037964
1198,8,1,0.0777050256729126
1199,6,1,0.07043752074241638
1200,8,1,-0.08649390935897827
1201,1,1,0.10550129413604736
1202,8,1,0.015376120805740356
1203,0,1,0.06562680006027222
1204,3,0,-0.10583183169364929
1205,3,0,-0.2083454132080078
1206,7,1,-0.09807783365249634
1207,2,1,0.11089366674423218
1208,3,0,-0.16513395309448242
1209,6,1,0.07003769278526306
1210,2,1,-0.055439144372940063
1211,1,1,-0.03288787603378296
1212,6,1,0.03521406650543213
1213,1,1,-0.04278695583343506
1214,1,1,-0.0049034953117370605
1215,3,0,-0.14693588018417358
1216,7,1,0.2717580199241638
1217,9,1,-0.09399920701980591
1218,0,1,0.4002442955970764
1219,8,1,-0.242323637008667
1220,0,1,0.9519652724266052
1221,5,1,-0.11323294043540955
1222,4,1,0.07255545258522034
1223,0,1,0.8253123164176941
1224,2,1,0.7550769448280334
1225,8,1,-0.14554402232170105
1226,7,1,-0.14599132537841797
1227,2,1,-0.025037109851837158
1228,9,1,-0.23407399654388428
1229,8,1,-0.16695713996887207
1230,4,1,0.3542444705963135
1231,0,1,0.046859800815582275
1232,9,1,-0.04516920447349548
1233,5,1,-0.06079983711242676
1234,8,1,0.05733892321586609
1235,5,1,0.08006399869918823
1236,1,1,0.39299553632736206
1237,2,1,-0.041277289390563965
1238,1,1,0.07404541969299316
1239,3,0,-0.18446336686611176
1240,1,1,-0.1242341697216034
1241,7,1,-0.054181694984436035
1242,4,1,0.3631836771965027
1243,5,1,0.1336701214313507
1244,7,1,-0.2051192820072174
1245,2,1,-0.08833664655685425
1246,0,1,0.058215200901031494
1247,9,1,-0.13369737565517426
1248,8,1,-0.07101580500602722
1249,8,1,-0.058725953102111816
1250,6,1,-0.06392496824264526
1251,2,1,0.41110795736312866
1252,5,1,-0.012766927480697632
1253,4,1,0.11734896898269653
1254,1,1,0.14604413509368896
1255,9,1,0.12181928753852844
1256,2,1,0.17026609182357788
1257,1,1,0.650927722454071
1258,5,1,0.23503315448760986
1259,8,1,0.229261577129364
1260,7,1,0.07408732175827026
1261,0,1,0.05190330743789673
1262,2,1,0.05574539303779602
1263,4,1,0.06378024816513062
1264,4,1,0.20741552114486694
1265,3,0,0.06945988535881042
1266,6,1,0.47486352920532227
1267,8,1,-0.1673085242509842
1268,8,1,-0.10404115915298462
1269,2,1,0.4785569906234741
1270,4,1,-0.10191148519515991
1271,0,1,0.6062472462654114
1272,5,1,-0.008704066276550293
1273,0,1,-0.11532017588615417
1274,4,1,0.12379187345504761
1275,4,1,0.26833271980285645
1276,7,1,-0.2764105200767517
1277,9,1,0.11328867077827454
1278,3,0,-0.21730807423591614
1279,4,1,0.40296775102615356
1280,1,1,0.5678496956825256
1281,5,1,-0.025117337703704834
1282,9,1,-0.10531142354011536
1283,7,1,-0.08214947581291199
1284,3,0,-0.15047407150268555
1285,5,1,-0.10875797271728516
1286,8,1,-0.008118748664855957
1287,8,1,-0.19316303730010986
1288,0,1,-0.16224737465381622
1289,5,1,-0.1609303206205368
1290,3,0,-0.16566067934036255
1291,3,0,-0.1227300763130188
1292,6,1,-0.11655077338218689
1293,6,1,0.44614964723587036
1294,0,1,0.16214776039123535
1295,1,1,0.21439093351364136
1296,6,1,0.12137103080749512
1297,0,1,0.29063981771469116
1298,3,0,-0.10342642664909363
1299,5,1,-0.07730630040168762
1300,4,1,0.4505689740180969
1301,4,1,-0.13591299951076508
1302,1,1,-0.02190735936164856
1303,2,1,-0.11039754748344421
1304,9,1,0.0024148225784301758
1305,1,1,0.08448430895805359
1306,4,1,0.548534095287323
1307,6,1,0.5309243202209473
1308,9,1,-0.09445789456367493
1309,9,1,-0.1289301961660385
1310,3,0,-0.1662953644990921
1311,9,1,0.4355211853981018
1312,8,1,-0.1686857044696808
1313,4,1,0.49768996238708496
1314,4,1,-0.1183563768863678
1315,3,0,-0.12752310931682587
1316,1,1,0.012856602668762207
1317,3,0,-0.13988585770130157
1318,1,1,0.25764769315719604
1319,8,1,-0.17785553634166718
1320,8,1,-0.052490830421447754
1321,7,1,-0.10807375609874725
1322,9,1,0.04297974705696106
1323,4,1,0.24143511056900024
1324,8,1,-0.12549129128456116
1325,8,1,0.07426232099533081
1326,7,1,0.7218624949455261
1327,9,1,0.22434920072555542
1328,7,1,-0.07365939021110535
1329,1,1,0.28557413816452026
1330,4,1,-0.22629307210445404
1331,5,1,-0.11080443859100342
1332,6,1,0.5296342968940735
1333,0,1,0.10933709144592285
1334,5,1,-0.08967098593711853
1335,2,1,0.05847632884979248
1336,2,1,0.01655822992324829
1337,2,1,0.2418760061264038
1338,1,1,0.1707363724708557
1339,5,1,-0.15522435307502747
1340,5,1,0.45069366693496704
1341,2,1,-0.08683139085769653
1342,4,1,0.19075924158096313
1343,9,1,0.10070639848709106
1344,6,1,-0.12967729568481445
1345,2,1,0.3171822428703308
1346,7,1,0.004804790019989014
1347,7,1,0.16750377416610718
1348,2,1,0.3717084527015686
1349,2,1,-0.20126491785049438
1350,1,1,0.13613620400428772
1351,1,1,-0.060215771198272705
1352,2,1,0.09397152066230774
1353,8,1,-0.17124900221824646
1354,3,0,-0.017631828784942627
1355,7,1,0.41561251878738403
1356,2,1,-0.03567969799041748
1357,4,1,0.09335485100746155
1358,1,1,0.5680586695671082
1359,7,1,-0.14505964517593384
1360,1,1,0.16988831758499146
1361,7,1,0.07383215427398682
1362,6,1,0.2426472306251526
1363,7,1,0.26711881160736084
1364,8,1,0.2390783429145813
1365,2,1,-0.08401656150817871
1366,7,1,0.0852087140083313
1367,3,0,-0.22218692302703857
1368,1,1,0.8852364420890808
1369,7,1,-0.05826714634895325
1370,5,1,0.17408370971679688
1371,8,1,-0.17630624771118164
1372,2,1,-0.016444623470306396
1373,6,1,0.14175647497177124
1374,2,1,0.3627799153327942
1375,2,1,-0.018822938203811646
1376,5,1,-0.19399863481521606
1377,6,1,0.17324042320251465
1378,5,1,0.4437745213508606
1379,0,1,0.5264252424240112
1380,9,1,0.20561009645462036
1381,2,1,-0.13910308480262756
1382,4,1,0.20715934038162231
1383,3,0,-0.12837153673171997
1384,3,0,-0.08672645688056946
1385,9,1,0.012792497873306274
1386,7,1,0.0020664632320404053
1387,6,1,0.1256372332572937
1388,6,1,0.19356852769851685
1389,8,1,-0.15245375037193298
1390,0,1,0.2764590382575989
1391,4,1,-0.04331231117248535
1392,1,1,0.7981559634208679
1393,5,1,0.18816012144088745
1394,8,1,-0.02893194556236267
1395,2,1,-0.16801925003528595
1396,9,1,-0.17358805239200592
1397,1,1,0.018622994422912598
1398,8,1,-0.12049111723899841
1399,0,1,0.19076532125473022
1400,6,1,0.11236435174942017
1401,7,1,0.06252807378768921
1402,2,1,-0.11900722980499268
1403,1,1,0.20610111951828003
1404,0,1,-0.2225799560546875
1405,5,1,0.14597070217132568
1406,5,1,-0.048619091510772705
1407,2,1,0.05698871612548828
1408,0,1,0.08347445726394653
1409,2,1,0.12434428930282593
1410,2,1,-0.030583441257476807
1411,0,1,-0.16797393560409546
1412,2,1,0.26808786392211914
1413,4,1,-0.22126251459121704
1414,9,1,-0.046473562717437744
1415,8,1,0.2609465718269348
1416,0,1,-0.06252157688140869
1417,9,1,-0.008231908082962036
1418,9,1,-0.12337538599967957
1419,4,1,0.28347623348236084
1420,6,1,-0.08824092149734497
1421,5,1,0.05474448204040527
1422,4,1,-0.011247336864471436
1423,9,1,-0.1321370005607605
1424,1,1,0.08473673462867737
1425,8,1,0.06264740228652954
1426,3,0,-0.2089366912841797
1427,4,1,0.3143918514251709
1428,9,1,-0.13064540922641754
1429,9,1,0.15068286657333374
1430,1,1,0.028703659772872925
1431,2,1,0.16358846426010132
1432,2,1,-0.13334307074546814
1433,8,1,-0.07600447535514832
1434,1,1,0.028804361820220947
1435,9,1,-0.1876171976327896
1436,6,1,0.003734409809112549
1437,4,1,0.22278457880020142
1438,0,1,0.0685010552406311
1439,9,1,0.06260430812835693
1440,4,1,0.3925592303276062
1441,8,1,-0.05532562732696533
1442,3,0,-0.2911452651023865
1443,8,1,-0.129819855093956
1444,6,1,0.14835649728775024
1445,0,1,0.23778754472732544
1446,2,1,-0.0881611704826355
1447,5,1,0.24827450513839722
1448,1,1,0.08248913288116455
1449,9,1,-0.1244976818561554
1450,6,1,0.47460252046585083
1451,2,1,-0.09924286603927612
1452,9,1,-0.126033216714859
1453,4,1,-0.07622036337852478
1454,0,1,-0.04743152856826782
1455,9,1,0.37248605489730835
1456,6,1,-0.009011000394821167
1457,0,1,0.45797455310821533
1458,6,1,0.29789501428604126
1459,2,1,-0.19570988416671753
1460,5,1,0.5536046624183655
1461,4,1,0.09192603826522827
1462,2,1,0.2311139702796936
1463,3,0,-0.09204208850860596
1464,8,1,-0.07710868120193481
1465,4,1,0.2541601061820984
1466,5,1,-0.11135709285736084
1467,5,1,-0.17694060504436493
1468,0,1,1.4312455654144287
1469,3,0,-0.011580049991607666
1470,8,1,0.013777464628219604
1471,5,1,0.2996305823326111
1472,3,0,-0.18302087485790253
1473,5,1,-0.028166890144348145
1474,8,1,0.06305491924285889
1475,6,1,-0.09547927975654602
1476,5,1,-0.23532162606716156
1477,7,1,-0.10307538509368896
1478,6,1,-0.03031328320503235
1479,3,0,-0.22334276139736176
1480,3,0,-0.21955516934394836
1481,9,1,0.0016796290874481201
1482,6,1,0.20876091718673706
1483,1,1,0.14970436692237854
1484,1,1,0.6710558533668518
1485,2,1,0.010847091674804688
1486,9,1,0.4765092134475708
1487,0,1,0.5826433300971985
1488,4,1,0.4800317883491516
1489,3,0,-0.23165644705295563
1490,3,0,-0.23775440454483032
1491,6,1,0.12987637519836426
1492,9,1,-0.017016321420669556
1493,5,1,0.1115378737449646
1494,7,1,-0.0919879674911499
1495,3,0,-0.03203636407852173
1496,7,1,0.13646000623703003
1497,7,1,0.07497847080230713
1498,7,1,-0.030468523502349854
1499,8,1,-0.0217210054397583
1500,7,1,-0.035048991441726685
1501,9,1,0.06588611006736755
1502,8,1,-0.1171477735042572
1503,3,0,-0.06711393594741821
1504,0,1,-0.09068360924720764
1505,7,1,-0.16005124151706696
1506,2,1,-0.010081887245178223
1507,7,1,-0.037518709897994995
1508,9,1,-0.13867846131324768
1509,4,1,0.27960121631622314
1510,5,1,-0.08038181066513062
1511,4,1,0.273093581199646
1512,9,1,-0.09817162156105042
1513,3,0,-0.059711754322052
1514,2,1,-0.08676493167877197
1515,1,1,-0.12713006138801575
1516,4,1,0.4054674506187439
1517,0,1,0.2579454779624939
1518,2,1,0.09203505516052246
1519,3,0,-0.20760798454284668
1520,7,1,-0.09473639726638794
1521,5,1,0.08951464295387268
1522,7,1,-0.07496136426925659
1523,8,1,-0.13905932009220123
1524,8,1,-0.12624256312847137
1525,5,1,0.021263599395751953
1526,0,1,0.536684513092041
1527,1,1,-0.057445377111434937
1528,1,1,0.13879728317260742
1529,4,1,0.22113418579101562
1530,8,1,-0.17711251974105835
1531,3,0,-0.2335042953491211
1532,9,1,-0.050151944160461426
1533,0,1,0.036672890186309814
1534,0,1,-0.1215791255235672
1535,0,1,-0.03435054421424866
1536,6,1,0.33987265825271606
1537,6,1,0.07662194967269897
1538,2,1,-0.043164610862731934
1539,3,0,-0.274101585149765
1540,7,1,0.3908976912498474
1541,8,1,-0.2533116340637207
1542,4,1,0.4038679003715515
1543,7,1,-0.25443774461746216
1544,7,1,0.5173936486244202
1545,9,1,-0.018449127674102783
1546,2,1,-0.17035174369812012
1547,4,1,-0.17954739928245544
1548,1,1,0.3868435025215149
1549,4,1,-0.11280214786529541
1550,5,1,0.22409778833389282
1551,2,1,-0.12851032614707947
1552,4,1,0.9449641108512878
1553,9,1,-0.26776567101478577
1554,9,1,-0.15598736703395844
1555,1,1,0.19708460569381714
1556,8,1,-0.08047264814376831
1557,4,1,-0.006474912166595459
1558,0,1,-0.04368087649345398
1559,9,1,-0.06272497773170471
1560,8,1,-0.20350903272628784
1561,4,1,0.1435796618461609
1562,8,1,-0.1830381602048874
1563,7,1,-0.09022849798202515
1564,7,1,0.16903775930404663
1565,0,1,0.018204092979431152
1566,7,1,0.21466881036758423
1567,8,1,-0.08973574638366699
1568,8,1,-0.1732526421546936
1569,6,1,0.5296022295951843
1570,0,1,0.8689832091331482
1571,4,1,0.1499059796333313
1572,8,1,-0.238730788230896
1573,8,1,-0.11026066541671753
1574,2,1,0.015069007873535156
1575,4,1,-0.18915259838104248
1576,7,1,0.2074962854385376
1577,6,1,-0.08340567350387573
1578,6,1,-0.0070126354694366455
1579,6,1,-0.024111002683639526
1580,4,1,0.2532852292060852
1581,7,1,-0.015230238437652588
1582,1,1,0.04284322261810303
1583,8,1,-0.01822000741958618
1584,8,1,-0.07682710886001587
1585,2,1,0.010518252849578857
1586,3,0,-0.1947162002325058
1587,6,1,-0.14188611507415771
1588,3,0,-0.24142131209373474
1589,0,1,1.1364655494689941
1590,0,1,0.003960907459259033
1591,3,0,-0.16597554087638855
1592,7,1,-0.14398746192455292
1593,6,1,0.7304579615592957
1594,9,1,-0.15776699781417847
1595,7,1,0.27736949920654297
1596,9,1,0.763307511806488
1597,9,1,0.111238032579422
1598,5,1,0.2670643925666809
1599,4,1,0.006283104419708252
1600,3,0,-0.15541332960128784
1601,3,0,-0.10951165854930878
1602,6,1,-0.08337074518203735
1603,1,1,0.055966079235076904
1604,2,1,-0.08079308271408081
1605,3,0,-0.21925979852676392
1606,7,1,-0.14319637417793274
1607,3,0,-0.20979908108711243
1608,3,0,-0.2876305878162384
1609,2,1,-0.14566875994205475
1610,0,1,0.406904399394989
1611,3,0,-0.05806568264961243
1612,3,0,-0.18015523254871368
1613,8,1,-0.19147849082946777
1614,4,1,0.01431572437286377
1615,3,0,0.0009630918502807617
1616,6,1,0.43388187885284424
1617,3,0,-0.1710052490234375
1618,5,1,0.11963003873825073
1619,0,1,-0.003380715847015381
1620,2,1,-0.13256105780601501
1621,0,1,0.2874160408973694
1622,9,1,-0.1440259963274002
1623,0,1,1.0421833992004395
1624,7,1,-0.06387332081794739
1625,4,1,-0.09282857179641724
1626,6,1,-0.10537102818489075
1627,9,1,-0.15252606570720673
1628,3,0,-0.1710476279258728
1629,5,1,0.30132216215133667
1630,1,1,0.22416245937347412
1631,9,1,-0.20956897735595703
1632,6,1,-0.07600998878479004
1633,1,1,0.10735702514648438
1634,4,1,-0.04484140872955322
1635,5,1,0.21947568655014038
1636,4,1,0.18024998903274536
1637,5,1,-0.20327486097812653
1638,0,1,-0.1769936978816986
1639,5,1,0.06950756907463074
1640,9,1,0.26859551668167114
1641,5,1,0.12449800968170166
1642,2,1,0.07694953680038452
1643,1,1,0.020685255527496338
1644,2,1,0.09210807085037231
1645,9,1,-0.035239845514297485
1646,1,1,0.06759440898895264
1647,9,1,-0.0690978467464447
1648,9,1,0.1804383397102356
1649,4,1,-0.0006992518901824951
1650,0,1,0.4867361783981323
1651,8,1,-0.11908084154129028
1652,4,1,0.5522019863128662
1653,5,1,-0.07255193591117859
1654,2,1,0.1522585153579712
1655,9,1,0.23728680610656738
1656,2,1,0.5168235301971436
1657,1,1,0.783697783946991
1658,2,1,0.13442769646644592
1659,1,1,0.34652942419052124
1660,7,1,0.17294102907180786
1661,3,0,-0.19519522786140442
1662,6,1,0.039115458726882935
1663,8,1,-0.09777474403381348
1664,8,1,-0.24898260831832886
1665,4,1,0.24322402477264404
1666,9,1,0.23492854833602905
1667,1,1,-0.09310370683670044
1668,9,1,0.0032288432121276855
1669,8,1,-0.06433725357055664
1670,5,1,-0.11870989203453064
1671,7,1,-0.012239664793014526
1672,5,1,0.04673260450363159
1673,1,1,0.14157253503799438
1674,1,1,0.046318769454956055
1675,8,1,-0.1244971752166748
1676,6,1,-0.04104617238044739
1677,5,1,0.45044201612472534
1678,2,1,-0.025712788105010986
1679,4,1,0.13606053590774536
1680,4,1,0.14333072304725647
1681,3,0,-0.04876255989074707
1682,2,1,0.2581244707107544
1683,3,0,-0.2794491648674011
1684,5,1,0.09797888994216919
1685,6,1,-0.06308811902999878
1686,8,1,-0.06096792221069336
1687,8,1,-0.1650708168745041
1688,6,1,0.07725828886032104
1689,2,1,-0.05122733116149902
1690,3,0,-0.058769285678863525
1691,1,1,-0.0556950569152832
1692,0,1,1.005371332168579
1693,5,1,0.1521059274673462
1694,8,1,-0.16809071600437164
1695,9,1,0.017748594284057617
1696,2,1,-0.043978869915008545
1697,9,1,0.11096864938735962
1698,6,1,0.9207255244255066
1699,7,1,0.17480283975601196
1700,0,1,0.4655870795249939
1701,4,1,0.12376844882965088
1702,8,1,-0.12850525975227356
1703,7,1,0.7947608828544617
1704,1,1,0.5041202306747437
1705,7,1,0.25359195470809937
1706,4,1,0.15335410833358765
1707,1,1,0.4890391230583191
1708,0,1,0.6204489469528198
1709,9,1,1.043337345123291
1710,7,1,0.06619244813919067
1711,2,1,-0.14585861563682556
1712,0,1,0.570774257183075
1713,0,1,0.182611346244812
1714,9,1,-0.13586989045143127
1715,1,1,0.5431705713272095
1716,7,1,1.4063489437103271
1717,8,1,-0.020070672035217285
1718,7,1,0.12931162118911743
1719,8,1,-0.18355756998062134
1720,4,1,0.20131343603134155
1721,7,1,-0.1343458890914917
1722,2,1,0.42573344707489014
1723,0,1,0.1638677716255188
1724,4,1,0.5875337719917297
1725,6,1,0.2988262176513672
1726,0,1,0.6713340878486633
1727,3,0,-0.18609777092933655
1728,1,1,0.2871032953262329
1729,1,1,0.062154293060302734
1730,3,0,-0.24222612380981445
1731,3,0,-0.18956951797008514
1732,9,1,-0.20645250380039215
1733,6,1,0.27895474433898926
1734,7,1,0.36112290620803833
1735,4,1,0.4629574418067932
1736,1,1,0.35651975870132446
1737,5,1,0.09637612104415894
1738,3,0,-0.21780280768871307
1739,0,1,0.00637972354888916
1740,8,1,-0.08248496055603027
1741,7,1,-0.11507460474967957
1742,3,0,-0.25768738985061646
1743,9,1,-0.18115460872650146
1744,6,1,0.15054619312286377
1745,9,1,-0.20303091406822205
1746,3,0,-0.15322497487068176
1747,5,1,0.20192205905914307
1748,0,1,-0.01327928900718689
1749,2,1,0.02832096815109253
1750,7,1,0.34399908781051636
1751,4,1,0.04052424430847168
1752,5,1,-0.17397662997245789
1753,1,1,0.20502585172653198
1754,7,1,-0.02257668972015381
1755,5,1,-0.23780229687690735
1756,8,1,-0.20383456349372864
1757,0,1,-0.06568601727485657
1758,8,1,0.329386830329895
1759,8,1,0.6154085397720337
1760,1,1,0.027028053998947144
1761,5,1,0.31609076261520386
1762,0,1,0.060323238372802734
1763,3,0,-0.1513291299343109
1764,0,1,0.23906272649765015
1765,3,0,0.05114978551864624
1766,1,1,0.2663133144378662
1767,4,1,0.035120874643325806
1768,0,1,0.31985288858413696
1769,3,0,-0.2063416689634323
1770,7,1,0.1276039183139801
1771,2,1,-0.13753953576087952
1772,7,1,0.4725162386894226
1773,1,1,0.04444211721420288
1774,8,1,-0.08039793372154236
1775,0,1,0.6631693243980408
1776,7,1,-0.11402000486850739
1777,0,1,0.35342884063720703
1778,4,1,0.7394770979881287
1779,3,0,-0.17735111713409424
1780,1,1,0.35128337144851685
1781,9,1,-0.05419549345970154
1782,8,1,-0.06135433912277222
1783,7,1,0.26839524507522583
1784,7,1,0.28347235918045044
1785,1,1,-0.16944655776023865
1786,4,1,0.20444154739379883
1787,9,1,-0.13402757048606873
1788,9,1,-0.10867276787757874
1789,3,0,-0.17816074192523956
1790,2,1,0.0020967423915863037
1791,1,1,0.05643254518508911
1792,7,1,-0.16094958782196045
1793,9,1,0.07936856150627136
1794,0,1,0.4738362431526184
1795,2,1,0.18955665826797485
1796,0,1,0.6973704695701599
1797,3,0,-0.15199799835681915
1798,3,0,-0.26509085297584534
1799,7,1,0.1997731328010559
1800,6,1,0.5990985035896301
1801,9,1,0.2375054955482483
1802,2,1,-0.143853098154068
1803,3,0,-0.2191164642572403
1804,3,0,-0.22751407325267792
1805,7,1,0.788749635219574
1806,7,1,-0.20957425236701965
1807,0,1,0.3264855742454529
1808,0,1,0.09255057573318481
1809,7,1,0.12339812517166138
1810,5,1,0.018821418285369873
1811,2,1,-0.08316150307655334
1812,9,1,0.32616591453552246
1813,8,1,0.17733722925186157
1814,7,1,0.09281778335571289
1815,4,1,0.41218656301498413
1816,4,1,0.04653283953666687
1817,2,1,0.0635330080986023
1818,6,1,-0.11004090309143066
1819,6,1,0.033381491899490356
1820,1,1,0.1784093976020813
1821,9,1,0.19867968559265137
1822,6,1,0.13852229714393616
1823,8,1,0.15642136335372925
1824,2,1,-0.04971122741699219
1825,9,1,-0.16138386726379395
1826,0,1,0.3494909405708313
1827,8,1,-0.06536120176315308
1828,3,0,-0.18447139859199524
1829,1,1,0.22940748929977417
1830,1,1,0.6512612700462341
1831,6,1,0.1109476089477539
1832,3,0,-0.17781856656074524
1833,5,1,-0.05024400353431702
1834,1,1,-0.056710004806518555
1835,1,1,0.7716085314750671
1836,1,1,0.3607860803604126
1837,3,0,-0.0978238582611084
1838,1,1,0.10497671365737915
1839,2,1,-0.08750230073928833
1840,3,0,-0.12411707639694214
1841,0,1,-0.023054063320159912
1842,2,1,0.0164949893951416
1843,0,1,0.13200309872627258
1844,1,1,-0.013385355472564697
1845,3,0,-0.24496285617351532
1846,5,1,0.1642473340034485
1847,5,1,-0.09747505187988281
1848,7,1,-0.1021161675453186
1849,4,1,0.36308997869491577
1850,8,1,0.010742276906967163
1851,9,1,-0.009168922901153564
1852,6,1,-0.14339599013328552
1853,9,1,-0.21919500827789307
1854,6,1,0.1694037914276123
1855,8,1,0.32664382457733154
1856,3,0,-0.12449923157691956
1857,6,1,0.09180399775505066
1858,6,1,0.11001777648925781
1859,8,1,0.10893625020980835
1860,5,1,-0.01913595199584961
1861,1,1,0.0046607255935668945
1862,4,1,1.5470573902130127
1863,2,1,0.004510998725891113
1864,4,1,-0.10958519577980042
1865,4,1,0.19353073835372925
1866,5,1,-0.03881806135177612
1867,1,1,0.13621258735656738
1868,1,1,0.4492337703704834
1869,9,1,-0.012253761291503906
1870,0,1,0.6115154027938843
1871,2,1,-0.1507379561662674
1872,4,1,-0.14672309160232544
1873,9,1,-0.10042363405227661
1874,5,1,0.14520084857940674
1875,7,1,0.07796844840049744
1876,1,1,0.23010462522506714
1877,8,1,0.013252615928649902
1878,8,1,-0.12741142511367798
1879,5,1,-0.04854476451873779
1880,6,1,0.1992037296295166
1881,9,1,-0.09070336818695068
1882,8,1,-0.07286989688873291
1883,7,1,0.015369504690170288
1884,1,1,-0.04910498857498169
1885,1,1,0.18101507425308228
1886,6,1,0.0012476444244384766
1887,7,1,0.2676735520362854
1888,6,1,0.44766664505004883
1889,3,0,-0.09654867649078369
1890,2,1,-0.0338478684425354
1891,2,1,0.11765795946121216
1892,0,1,1.0632975101470947
1893,8,1,-0.10972514748573303
1894,9,1,-0.04286634922027588
1895,2,1,0.08945685625076294
1896,5,1,0.011881321668624878
1897,1,1,0.8154940009117126
1898,0,1,1.2119762897491455
1899,8,1,-0.17914006114006042
1900,1,1,-0.10045000910758972
1901,9,1,0.4564349055290222
1902,5,1,-0.10009479522705078
1903,7,1,0.2017114758491516
1904,9,1,-0.08923977613449097
1905,6,1,-0.0642983615398407
1906,9,1,-0.1097225546836853
1907,0,1,0.13183122873306274
1908,6,1,0.13238751888275146
1909,1,1,-0.21040330827236176
1910,5,1,-0.01956641674041748
1911,5,1,0.6800693869590759
1912,8,1,-0.11821888387203217
1913,3,0,-0.20947909355163574
1914,8,1,-0.012796878814697266
1915,2,1,-0.12963731586933136
1916,6,1,-0.10377997159957886
1917,5,1,-0.04730457067489624
1918,0,1,-0.09064269065856934
1919,7,1,0.3815060257911682
1920,4,1,0.2573448419570923
1921,6,1,0.161241352558136
1922,1,1,0.34038639068603516
1923,3,0,-0.07589676976203918
1924,4,1,0.5769065022468567
1925,7,1,0.1028226912021637
1926,3,0,-0.25629210472106934
1927,2,1,-0.07121947407722473
1928,3,0,-0.17656445503234863
1929,4,1,-0.0794190764427185
1930,2,1,0.26198333501815796
1931,5,1,0.00816655158996582
1932,2,1,0.0024033784866333008
1933,7,1,-0.11485503613948822
1934,1,1,-0.042097508907318115
1935,7,1,0.23197364807128906
1936,2,1,-0.067668616771698
1937,6,1,-0.08563375473022461
1938,4,1,0.508303165435791
1939,1,1,0.05350300669670105
1940,5,1,1.5015366077423096
1941,7,1,0.037779152393341064
1942,8,1,0.16085702180862427
1943,6,1,0.0604252815246582
1944,0,1,0.2491530179977417
1945,1,1,0.024002104997634888
1946,8,1,0.16228026151657104
1947,2,1,0.001636207103729248
1948,5,1,0.33194291591644287
1949,7,1,-0.1741819977760315
1950,7,1,0.2175106406211853
1951,6,1,0.14101237058639526
1952,9,1,-0.11057549715042114
1953,3,0,-0.20379966497421265
1954,5,1,0.44182461500167847
1955,8,1,-0.1464894562959671
1956,4,1,0.023512661457061768
1957,2,1,-0.10155226290225983
1958,4,1,0.1003260612487793
1959,0,1,-0.052074164152145386
1960,8,1,-0.06681317090988159
1961,8,1,0.13114792108535767
1962,3,0,-0.28101640939712524
1963,4,1,0.584513247013092
1964,9,1,-0.08365929126739502
1965,2,1,0.5484678149223328
1966,7,1,0.01818835735321045
1967,5,1,0.02317523956298828
1968,8,1,-0.17266148328781128
1969,6,1,0.14461463689804077
1970,5,1,-0.12197728455066681
1971,6,1,-0.020153462886810303
1972,0,1,0.0751044750213623
1973,8,1,-0.22241097688674927
1974,6,1,-0.048679739236831665
1975,7,1,0.24001580476760864
1976,3,0,-0.19781893491744995
1977,6,1,0.41693127155303955
1978,4,1,0.1357821822166443
1979,9,1,0.30773717164993286
1980,4,1,0.11405742168426514
1981,6,1,0.13754457235336304
1982,6,1,-0.043605268001556396
1983,3,0,-0.2683560252189636
1984,2,1,0.40550142526626587
1985,4,1,0.8847325444221497
1986,1,1,0.1872069239616394
1987,0,1,0.42984944581985474
1988,1,1,0.015879392623901367
1989,4,1,-0.032748907804489136
1990,6,1,-0.07177621126174927
1991,2,1,0.19241291284561157
1992,9,1,-0.18999707698822021
1993,1,1,0.38312989473342896
1994,1,1,0.04441273212432861
1995,0,1,0.3953189253807068
1996,6,1,0.13179737329483032
1997,3,0,-0.15460753440856934
1998,9,1,0.1291833519935608
1999,5,1,-0.16086140275001526
2000,6,1,0.04250377416610718
2001,5,1,0.2891314625740051
2002,6,1,0.014153242111206055
2003,5,1,0.18196678161621094
2004,8,1,0.07944023609161377
2005,4,1,0.4178454875946045
2006,6,1,-0.123619943857193
2007,4,1,0.09191307425498962
2008,3,0,-0.2618072032928467
2009,9,1,0.04445523023605347
2010,1,1,0.6969799399375916
2011,3,0,-0.10953478515148163
2012,4,1,-0.05702170729637146
2013,1,1,0.5425460934638977
2014,9,1,-0.009315550327301025
2015,1,1,-0.02649921178817749
2016,7,1,-0.12513451278209686
2017,1,1,0.016585111618041992
2018,1,1,-0.02924799919128418
2019,9,1,0.08135902881622314
2020,3,0,-0.14657062292099
2021,5,1,0.09862995147705078
2022,4,1,0.5478768944740295
2023,0,1,0.6128242611885071
2024,7,1,0.21983516216278076
2025,3,0,-0.06743097305297852
2026,6,1,-0.05500158667564392
2027,1,1,0.6709299683570862
2028,7,1,0.3004155158996582
2029,5,1,8.553266525268555e-05
2030,5,1,0.26396965980529785
2031,3,0,-0.2183956503868103
2032,3,0,-0.15525461733341217
2033,0,1,0.46521931886672974
2034,1,1,0.4227953553199768
2035,5,1,-0.16604803502559662
2036,7,1,-0.10206881165504456
2037,5,1,0.055186927318573
2038,8,1,-0.2229255735874176
2039,6,1,0.37295228242874146
2040,5,1,0.04750758409500122
2041,1,1,0.15356570482254028
2042,0,1,0.19305580854415894
2043,4,1,0.15843993425369263
2044,2,1,0.10395681858062744
2045,3,0,-0.2204461395740509
2046,4,1,0.40819060802459717
2047,6,1,0.11547809839248657
2048,7,1,-0.17545035481452942
2049,9,1,0.268480122089386
2050,8,1,-0.18389242887496948
2051,1,1,0.2848353385925293
2052,8,1,0.12230128049850464
2053,4,1,0.1635379195213318
2054,9,1,-0.21576198935508728
2055,2,1,-0.029631316661834717
2056,8,1,-0.24833744764328003
2057,6,1,0.2785295248031616
2058,2,1,-0.18158094584941864
2059,7,1,0.2677246928215027
2060,0,1,0.06011301279067993
2061,0,1,-0.08381694555282593
2062,6,1,0.18353068828582764
2063,7,1,0.3025766611099243
2064,5,1,-0.0036755502223968506
2065,8,1,-0.20588082075119019
2066,6,1,-0.17207708954811096
2067,0,1,-0.016516536474227905
2068,9,1,-0.10827705264091492
2069,3,0,-0.21397513151168823
2070,7,1,-0.08432835340499878
2071,1,1,0.5802474617958069
2072,3,0,-0.05855107307434082
2073,5,1,-0.041350483894348145
2074,4,1,0.14845222234725952
2075,3,0,-0.19754518568515778
2076,3,0,-0.2718775272369385
2077,5,1,-0.11474081873893738
2078,5,1,-0.15743303298950195
2079,6,1,0.0578521192073822
2080,3,0,-0.1687515527009964
2081,0,1,0.03382706642150879
2082,2,1,0.10912549495697021
2083,3,0,-0.1916632354259491
2084,4,1,0.16469985246658325
2085,2,1,-0.0680302083492279
2086,3,0,-0.23304428160190582
2087,0,1,-0.04263913631439209
2088,9,1,-0.16366839408874512
2089,9,1,-0.0331878662109375
2090,4,1,0.17842918634414673
2091,7,1,-0.03875768184661865
2092,2,1,-0.06464147567749023
2093,8,1,0.1172545850276947
2094,4,1,-0.18324893712997437
2095,7,1,0.006677985191345215
2096,0,1,0.1687929630279541
2097,6,1,0.10946875810623169
2098,2,1,0.7956512570381165
2099,8,1,-0.06594321131706238
2100,5,1,-0.07755187153816223
2101,2,1,-0.08678743243217468
2102,8,1,-0.02925950288772583
2103,5,1,0.39640241861343384
2104,7,1,0.06533926725387573
2105,3,0,-0.17164292931556702
2106,0,1,0.12945520877838135
2107,8,1,0.14838078618049622
2108,2,1,-0.021499991416931152
2109,3,0,0.06332141160964966
2110,2,1,-0.1931016892194748
2111,8,1,-0.0920155942440033
2112,2,1,-0.059791892766952515
2113,5,1,-0.09560167789459229
2114,5,1,-0.011025846004486084
2115,7,1,-0.08427214622497559
2116,6,1,-0.05595219135284424
2117,4,1,-0.05208200216293335
2118,6,1,0.7043389678001404
2119,8,1,-0.017962902784347534
2120,4,1,-0.14871136844158173
2121,8,1,-0.015721797943115234
2122,2,1,-0.04384732246398926
2123,7,1,0.11205017566680908
2124,4,1,0.08687537908554077
2125,5,1,-0.021691322326660156
2126,2,1,0.10001087188720703
2127,0,1,0.08058223128318787
2128,3,0,-0.2061963677406311
2129,9,1,-0.1800747513771057
2130,4,1,-0.20614075660705566
2131,6,1,0.09354370832443237
2132,7,1,0.2729122042655945
2133,2,1,-0.09298276901245117
2134,5,1,0.11892202496528625
2135,6,1,1.304196834564209
2136,1,1,-0.12284119427204132
2137,1,1,0.3229352831840515
2138,2,1,-0.03436076641082764
2139,3,0,-0.2710447609424591
2140,6,1,0.23122894763946533
2141,7,1,0.1344631016254425
2142,8,1,-0.0387425422668457
2143,7,1,-0.08066925406455994
2144,6,1,0.10270735621452332
2145,4,1,0.6141743659973145
2146,8,1,-0.22592762112617493
2147,9,1,-0.19882221519947052
2148,4,1,0.2290446162223816
2149,8,1,-0.210722878575325
2150,6,1,-0.033426493406295776
2151,3,0,-0.14083924889564514
2152,8,1,-0.22881940007209778
2153,3,0,-0.26752758026123047
2154,1,1,0.03674745559692383
2155,0,1,0.6240182518959045
2156,6,1,-0.1935347318649292
2157,2,1,-0.08694779872894287
2158,2,1,0.05707365274429321
2159,5,1,0.24892669916152954
2160,6,1,0.011271506547927856
2161,9,1,-0.23946243524551392
2162,5,1,-0.17199289798736572
2163,8,1,-0.2571297287940979
2164,1,1,0.4099445939064026
2165,4,1,0.0035553574562072754
2166,1,1,-0.14427565038204193
2167,7,1,-0.07041120529174805
2168,8,1,-0.06232929229736328
2169,4,1,0.15019255876541138
2170,6,1,0.5098605155944824
2171,1,1,0.3849906921386719
2172,8,1,-0.148159921169281
2173,4,1,-0.076199471950531
2174,3,0,-0.23435817658901215
2175,1,1,0.7669858336448669
2176,2,1,0.3158934712409973
2177,8,1,-0.15787243843078613
2178,0,1,0.5639647841453552
2179,8,1,-0.1311856061220169
2180,5,1,-0.17205068469047546
2181,9,1,0.008716344833374023
2182,1,1,-0.1704079508781433
2183,4,1,0.2960171103477478
2184,2,1,-0.08533963561058044
2185,0,1,-0.07657212018966675
2186,2,1,0.21159368753433228
2187,7,1,0.13635963201522827
2188,0,1,-0.055908262729644775
2189,9,1,0.20948320627212524
2190,0,1,-0.11679702997207642
2191,2,1,-0.25031280517578125
2192,5,1,-0.2094985991716385
2193,7,1,-0.09614050388336182
2194,6,1,0.31821292638778687
2195,7,1,0.054643094539642334
2196,9,1,-0.13036400079727173
2197,4,1,-0.1358558088541031
2198,2,1,-0.11432939767837524
2199,6,1,-0.0037426352500915527
2200,2,1,-0.07729363441467285
2201,4,1,-0.014733046293258667
2202,4,1,-0.17055103182792664
2203,8,1,-0.21995215117931366
2204,0,1,-0.14925958216190338
2205,4,1,-0.01226109266281128
2206,4,1,0.5359951853752136
2207,5,1,0.6900851130485535
2208,8,1,-0.2355799525976181
2209,0,1,-0.17426252365112305
2210,6,1,0.6178034543991089
2211,8,1,-0.1887098252773285
2212,9,1,-0.06187906861305237
2213,8,1,-0.10100239515304565
2214,5,1,-0.15383750200271606
2215,6,1,0.654274046421051
2216,9,1,-0.11263228952884674
2217,0,1,0.8770418763160706
2218,4,1,-0.09651082754135132
2219,8,1,-0.10532224178314209
2220,7,1,0.02520054578781128
2221,1,1,0.36241257190704346
2222,3,0,-0.1003606766462326
2223,4,1,-0.0771527886390686
2224,5,1,-0.21288812160491943
2225,8,1,-0.020876705646514893
2226,0,1,0.07265448570251465
2227,9,1,0.42384666204452515
2228,1,1,0.7608171105384827
2229,3,0,0.1997237205505371
2230,3,0,-0.2828369140625
2231,6,1,0.2793888449668884
2232,9,1,-0.099429190158844
2233,8,1,-0.000205308198928833
2234,7,1,-0.18560871481895447
2235,1,1,0.6897067427635193
2236,0,1,0.42016273736953735
2237,5,1,0.06588971614837646
2238,7,1,-0.20420286059379578
2239,1,1,0.2719342112541199
2240,7,1,0.10676220059394836
2241,5,1,0.09562364220619202
2242,2,1,-0.14577314257621765
2243,7,1,0.2868186831474304
2244,9,1,-0.11597675085067749
2245,1,1,1.2718756198883057
2246,8,1,-0.05625885725021362
2247,5,1,-0.11176837980747223
2248,2,1,-0.15623648464679718
2249,4,1,-0.15084467828273773
2250,9,1,0.2512363791465759
2251,4,1,0.18312102556228638
2252,7,1,0.5138035416603088
2253,2,1,0.033475518226623535
2254,2,1,0.028910934925079346
2255,3,0,-0.15253348648548126
2256,4,1,-0.05258050560951233
2257,9,1,-0.07555943727493286
2258,1,1,0.03422051668167114
2259,9,1,-0.1278090626001358
2260,2,1,-0.012060374021530151
2261,1,1,-0.0313946008682251
2262,7,1,0.7855681777000427
2263,9,1,-0.03131973743438721
2264,4,1,0.13108068704605103
2265,4,1,-0.04401332139968872
2266,1,1,-0.11229051649570465
2267,6,1,0.005021512508392334
2268,7,1,0.15769386291503906
2269,2,1,0.012050271034240723
2270,7,1,0.2973865270614624
2271,8,1,-0.20118151605129242
2272,8,1,-0.08640789985656738
2273,1,1,0.3584921956062317
2274,9,1,-0.10154536366462708
2275,7,1,0.5176826119422913
2276,1,1,0.21545952558517456
2277,1,1,0.8939213156700134
2278,7,1,-0.06401672959327698
2279,5,1,-0.04931843280792236
2280,3,0,-0.08719050884246826
2281,3,0,-0.1790628284215927
2282,5,1,-0.1128535270690918
2283,1,1,0.2673996090888977
2284,3,0,0.00942268967628479
2285,7,1,0.007355540990829468
2286,6,1,0.01750519871711731
2287,1,1,0.11783209443092346
2288,3,0,-0.05916041135787964
2289,8,1,-0.00040647387504577637
2290,7,1,0.07146742939949036
2291,5,1,-0.05490773916244507
2292,9,1,-0.16955408453941345
2293,9,1,0.5735054612159729
2294,0,1,0.40708762407302856
2295,0,1,1.1689622402191162
2296,2,1,-0.14256054162979126
2297,8,1,-0.07235890626907349
2298,8,1,-0.20440131425857544
2299,2,1,-0.002734959125518799
2300,3,0,-0.2211911529302597
2301,7,1,0.14140921831130981
2302,1,1,-0.044138312339782715
2303,3,0,-0.261810302734375
2304,0,1,0.38299286365509033
2305,3,0,-0.1686813235282898
2306,4,1,0.1123163104057312
2307,4,1,0.04519703984260559
2308,3,0,-0.20862095057964325
2309,8,1,-0.06538787484169006
2310,9,1,0.021148502826690674
2311,2,1,-0.10963153839111328
2312,3,0,-0.13209035992622375
2313,9,1,0.00577428936958313
2314,7,1,0.005399525165557861
2315,1,1,0.4115683436393738
2316,1,1,0.05064624547958374
2317,7,1,0.15567338466644287
2318,0,1,0.4245375990867615
2319,4,1,0.46320587396621704
2320,9,1,0.0058023929595947266
2321,6,1,0.06032446026802063
2322,5,1,-0.13210366666316986
2323,9,1,0.24476319551467896
2324,1,1,-0.13797971606254578
2325,7,1,0.12567678093910217
2326,0,1,0.2803637385368347
2327,2,1,-0.043802857398986816
2328,0,1,1.1531140804290771
2329,0,1,0.19637435674667358
2330,4,1,0.39217203855514526
2331,6,1,0.33872443437576294
2332,7,1,0.1193658709526062
2333,0,1,0.4031372666358948
2334,7,1,-0.10528779029846191
2335,1,1,-0.03231000900268555
2336,4,1,0.14491575956344604
2337,6,1,0.3233826756477356
2338,4,1,0.5437387824058533
2339,5,1,-0.01766526699066162
2340,4,1,0.05695652961730957
2341,9,1,0.18090301752090454
2342,9,1,-0.08086901903152466
2343,1,1,-0.1433921456336975
2344,7,1,-0.14387279748916626
2345,9,1,0.22594797611236572
2346,5,1,-0.15189069509506226
2347,3,0,-0.11095300316810608
2348,3,0,-0.16121110320091248
2349,8,1,-0.20056498050689697
2350,2,1,0.0792739987373352
2351,3,0,-0.08009952306747437
2352,6,1,0.6405234932899475
2353,2,1,-0.043070703744888306
2354,2,1,-0.09803086519241333
2355,1,1,-0.0438590943813324
2356,1,1,0.14911991357803345
2357,1,1,0.05982261896133423
2358,1,1,-0.047877609729766846
2359,1,1,0.1543731689453125
2360,6,1,0.5227006077766418
2361,9,1,0.23097014427185059
2362,8,1,-0.1902180314064026
2363,4,1,-0.03059154748916626
2364,3,0,-0.19875237345695496
2365,7,1,-0.05060303211212158
2366,1,1,-0.02158251404762268
2367,6,1,-0.03945395350456238
2368,4,1,0.09729728102684021
2369,5,1,0.04198503494262695
2370,0,1,0.6904484629631042
2371,4,1,0.10765233635902405
2372,7,1,0.5086119771003723
2373,4,1,0.22838973999023438
2374,2,1,0.17180246114730835
2375,4,1,-0.04949378967285156
2376,0,1,0.2995995879173279
2377,7,1,-0.04446414113044739
2378,0,1,0.23860400915145874
2379,1,1,-0.0378684401512146
2380,9,1,0.0583956241607666
2381,8,1,-0.06115126609802246
2382,8,1,-0.20803655683994293
2383,6,1,-0.03244590759277344
2384,0,1,0.2354145646095276
2385,0,1,0.13821643590927124
2386,4,1,-0.11148701608181
2387,9,1,-0.002399921417236328
2388,6,1,-0.034331828355789185
2389,8,1,-0.11887043714523315
2390,2,1,0.05331462621688843
2391,2,1,-0.05998492240905762
2392,3,0,-0.17599767446517944
2393,8,1,0.009945094585418701
2394,4,1,-0.07463720440864563
2395,8,1,-0.17314955592155457
2396,2,1,0.080873042345047
2397,2,1,-0.09038496017456055
2398,1,1,-0.04873931407928467
2399,7,1,0.14208945631980896
2400,5,1,0.3527647852897644
2401,4,1,0.28976696729660034
2402,4,1,0.04565194249153137
2403,0,1,-0.02369213104248047
2404,4,1,-0.04867762327194214
2405,3,0,-0.09763732552528381
2406,9,1,0.7850496172904968
2407,7,1,-0.025193393230438232
2408,3,0,-0.2161562442779541
2409,1,1,0.06921610236167908
2410,0,1,-0.1481693983078003
2411,1,1,0.11973714828491211
2412,2,1,0.5162171721458435
2413,5,1,0.18154960870742798
2414,9,1,-0.0776628851890564
2415,2,1,-0.0032332241535186768
2416,1,1,0.32913070917129517
2417,0,1,1.0762643814086914
2418,1,1,0.4353187084197998
2419,8,1,-0.036764562129974365
2420,9,1,0.011570453643798828
2421,1,1,0.03440481424331665
2422,6,1,0.302202045917511
2423,8,1,-0.09188222885131836
2424,3,0,-0.09589946269989014
2425,8,1,-0.0755510926246643
2426,9,1,1.011448860168457
2427,3,0,-0.17068302631378174
2428,6,1,0.04453694820404053
2429,2,1,0.027128636837005615
2430,8,1,0.02396497130393982
2431,3,0,-0.28310176730155945
2432,2,1,0.1792195439338684
2433,2,1,-0.007699638605117798
2434,1,1,0.006035983562469482
2435,0,1,0.7776810526847839
2436,4,1,-0.05706113576889038
2437,2,1,0.0374796986579895
2438,9,1,-0.11689263582229614
2439,2,1,0.08844345808029175
2440,4,1,0.085051029920578
2441,3,0,-0.20240329205989838
2442,7,1,-0.16981539130210876
2443,9,1,-0.12922333180904388
2444,1,1,0.33980655670166016
2445,5,1,0.10000842809677124
2446,2,1,0.14550384879112244
2447,4,1,-0.0343937873840332
2448,9,1,-0.11116538941860199
2449,0,1,-0.04671815037727356
2450,3,0,-0.172104150056839
2451,8,1,-0.10292568802833557
2452,5,1,-0.09978589415550232
2453,3,0,-0.09353145956993103
2454,6,1,-0.0038222968578338623
2455,0,1,0.7411537766456604
2456,9,1,0.16573625802993774
2457,4,1,-0.1510440707206726
2458,6,1,0.12701940536499023
2459,2,1,-0.12596814334392548
2460,5,1,-0.09295013546943665
2461,0,1,-0.11105175316333771
2462,2,1,0.2592763304710388
2463,7,1,0.17883121967315674
2464,4,1,-0.05829906463623047
2465,6,1,0.0032044649124145508
2466,6,1,0.5559564828872681
2467,8,1,-0.13853129744529724
2468,6,1,-0.10815827548503876
2469,6,1,-0.017325103282928467
2470,8,1,0.0693804919719696
2471,6,1,0.144994854927063
2472,9,1,0.1953943967819214
2473,1,1,-0.017967015504837036
2474,7,1,-0.10795629024505615
2475,2,1,-0.13977238535881042
2476,5,1,-0.0006692409515380859
2477,9,1,-0.23219868540763855
2478,9,1,-0.2377958595752716
2479,0,1,0.7473313212394714
2480,7,1,0.1420130729675293
2481,2,1,-0.11438710987567902
2482,7,1,-0.21856160461902618
2483,6,1,0.12834930419921875
2484,7,1,0.03528246283531189
2485,0,1,0.38183510303497314
2486,6,1,0.03401559591293335
2487,5,1,0.6629495024681091
2488,2,1,0.1944446563720703
2489,4,1,0.21749776601791382
2490,7,1,0.25665169954299927
2491,2,1,0.14470532536506653
2492,0,1,0.04994264245033264
2493,9,1,-0.09600144624710083
2494,9,1,-0.046789705753326416
2495,2,1,0.007118582725524902
2496,2,1,-0.1001788079738617
2497,9,1,-0.21828964352607727
2498,4,1,0.19340747594833374
2499,4,1,0.4049287438392639
2500,2,1,0.12632966041564941
2501,3,0,-0.20939841866493225
2502,3,0,-0.03773549199104309
2503,2,1,0.13249433040618896
2504,1,1,0.7460494637489319
2505,7,1,0.22436660528182983
2506,0,1,0.11480182409286499
2507,7,1,-0.17541325092315674
2508,6,1,1.0237693786621094
2509,4,1,0.24640989303588867
2510,1,1,1.3633573055267334
2511,3,0,-0.1676846444606781
2512,8,1,-0.12800323963165283
2513,7,1,-0.11899605393409729
2514,4,1,0.2029293179512024
2515,5,1,0.043242573738098145
2516,9,1,-0.01527392864227295
2517,2,1,-0.15317513048648834
2518,5,1,0.17531245946884155
2519,1,1,0.9372227787971497
2520,8,1,-0.21430087089538574
2521,7,1,-0.05527472496032715
2522,3,0,-0.24881631135940552
2523,7,1,0.5216668844223022
2524,1,1,0.4566575884819031
2525,5,1,-0.168924480676651
2526,5,1,-0.20909753441810608
2527,0,1,0.03967541456222534
2528,9,1,-0.012507915496826172
2529,1,1,-0.15526142716407776
2530,4,1,0.2138020396232605
2531,0,1,0.45558279752731323
2532,6,1,2.0037903785705566
2533,3,0,-0.004233807325363159
2534,3,0,-0.15259185433387756
2535,6,1,0.25685644149780273
2536,0,1,0.26116639375686646
2537,4,1,0.16390246152877808
2538,9,1,-0.09393736720085144
2539,7,1,0.03170979022979736
2540,5,1,-0.14225879311561584
2541,1,1,0.08560031652450562
2542,6,1,0.4202806353569031
2543,8,1,-0.2001664936542511
2544,9,1,0.06889033317565918
2545,5,1,-0.15451765060424805
2546,5,1,0.4702170491218567
2547,7,1,-0.12088966369628906
2548,9,1,-0.2596845030784607
2549,3,0,-0.25976869463920593
2550,8,1,-0.21467836201190948
2551,3,0,-0.14422911405563354
2552,8,1,-0.15503326058387756
2553,1,1,0.08886784315109253
2554,5,1,-0.07607156038284302
2555,3,0,-0.2275429368019104
2556,5,1,-0.08194515109062195
2557,0,1,-0.14655914902687073
2558,5,1,0.1348741054534912
2559,5,1,-0.15856969356536865
2560,3,0,-0.1478697955608368
2561,8,1,-0.14051863551139832
2562,6,1,-0.15033859014511108
2563,7,1,0.36264824867248535
2564,7,1,0.15221458673477173
2565,7,1,0.044879376888275146
2566,3,0,-0.2410496473312378
2567,7,1,-0.031982362270355225
2568,0,1,0.4351866841316223
2569,5,1,-0.06451547145843506
2570,9,1,-0.07595205307006836
2571,0,1,-0.07790446281433105
2572,2,1,-0.06929069757461548
2573,5,1,-0.09274882078170776
2574,5,1,0.3220883011817932
2575,3,0,-0.2092004418373108
2576,1,1,1.2905364036560059
2577,7,1,-0.04500478506088257
2578,7,1,-0.005727946758270264
2579,8,1,-0.15301963686943054
2580,6,1,0.051717400550842285
2581,5,1,0.07756766676902771
2582,9,1,0.012235552072525024
2583,3,0,-0.13842135667800903
2584,8,1,-0.02997574210166931
2585,9,1,0.05886390805244446
2586,5,1,-0.13987046480178833
2587,3,0,0.05637848377227783
2588,7,1,0.09833037853240967
2589,9,1,-0.031582802534103394
2590,1,1,-0.11952343583106995
2591,7,1,0.25874394178390503
2592,0,1,0.19877862930297852
2593,0,1,0.22402048110961914
2594,3,0,-0.23703576624393463
2595,7,1,0.027816355228424072
2596,2,1,-0.12722623348236084
2597,5,1,0.0794568657875061
2598,8,1,-0.1961885690689087
2599,1,1,-0.03666114807128906
2600,8,1,-0.17366893589496613
2601,6,1,0.3737998604774475
2602,2,1,-0.08582741022109985
2603,9,1,0.08561158180236816
2604,5,1,-0.19320766627788544
2605,7,1,0.3941609263420105
2606,5,1,-0.06880417466163635
2607,7,1,-0.05407562851905823
2608,8,1,-0.0049991607666015625
2609,6,1,0.09590789675712585
2610,2,1,-0.08386173844337463
2611,5,1,0.08641362190246582
2612,1,1,-0.014335960149765015
2613,4,1,0.12955302000045776
2614,8,1,-0.12288333475589752
2615,4,1,-0.09416088461875916
2616,5,1,0.17148983478546143
2617,8,1,-0.054834067821502686
2618,3,0,-0.157898411154747
2619,0,1,0.09085047245025635
2620,6,1,-0.14591795206069946
2621,2,1,0.0901656448841095
2622,7,1,0.2771534323692322
2623,3,0,-0.2296735793352127
2624,3,0,-0.22190424799919128
2625,2,1,-0.009930133819580078
2626,1,1,0.04088795185089111
2627,0,1,0.4079859256744385
2628,7,1,-0.08621680736541748
2629,3,0,-0.13682639598846436
2630,4,1,0.035621047019958496
2631,0,1,-0.08548140525817871
2632,3,0,-0.07572212815284729
2633,9,1,-0.15861469507217407
2634,3,0,-0.26664814352989197
2635,2,1,0.2149013876914978
2636,8,1,0.059116870164871216
2637,9,1,-0.0754222571849823
2638,0,1,0.3449435830116272
2639,3,0,-0.19523653388023376
2640,8,1,0.012089192867279053
2641,0,1,0.6024559140205383
2642,7,1,0.21004903316497803
2643,6,1,0.06450819969177246
2644,5,1,-0.1119295060634613
2645,4,1,0.6076287627220154
2646,7,1,0.4489646553993225
2647,3,0,-0.2171894758939743
2648,9,1,-0.06776925921440125
2649,0,1,0.13525155186653137
2650,8,1,-0.020864546298980713
2651,6,1,-0.17522192001342773
2652,2,1,0.15104472637176514
2653,5,1,-0.1870337724685669
2654,6,1,-0.018306732177734375
2655,1,1,0.26488053798675537
2656,0,1,0.3213813900947571
2657,0,1,0.05666106939315796
2658,4,1,-0.08691585063934326
2659,4,1,-0.01678028702735901
2660,0,1,0.19117432832717896
2661,1,1,0.3774045705795288
2662,2,1,-0.046695560216903687
2663,3,0,-0.11844033002853394
2664,2,1,0.09073486924171448
2665,7,1,-0.1470637023448944
2666,7,1,0.05121991038322449
2667,8,1,-0.08565831184387207
2668,5,1,0.21362942457199097
2669,2,1,0.14225494861602783
2670,5,1,0.019428759813308716
2671,7,1,-0.05071184039115906
2672,6,1,0.06103771924972534
2673,9,1,-0.1194448471069336
2674,1,1,0.2597411274909973
2675,4,1,0.019188344478607178
2676,1,1,1.0802316665649414
2677,6,1,-0.06366682052612305
2678,4,1,-0.023030012845993042
2679,2,1,0.11975365877151489
2680,4,1,-0.009043574333190918
2681,3,0,-0.07465296983718872
2682,5,1,0.047943711280822754
2683,4,1,0.1435520052909851
2684,3,0,0.14186465740203857
2685,9,1,-0.14037178456783295
2686,5,1,-0.14694203436374664
2687,0,1,0.2662948966026306
2688,1,1,0.026049166917800903
2689,5,1,0.8171996474266052
2690,3,0,-0.2020239531993866
2691,8,1,-0.1251918524503708
2692,9,1,-0.03561323881149292
2693,1,1,-0.040033698081970215
2694,9,1,0.12647086381912231
2695,7,1,0.4354866147041321
2696,9,1,0.22861087322235107
2697,5,1,1.2083649635314941
2698,5,1,-0.099545419216156
2699,2,1,0.32495445013046265
2700,7,1,0.36665481328964233
2701,4,1,0.07314974069595337
2702,6,1,0.4903835654258728
2703,0,1,0.1081889271736145
2704,1,1,0.21014511585235596
2705,1,1,-0.04160085320472717
2706,1,1,0.3861660361289978
2707,0,1,0.3505229353904724
2708,4,1,0.3113325834274292
2709,4,1,0.3094899654388428
2710,7,1,0.9255196452140808
2711,6,1,0.25992804765701294
2712,3,0,-0.28163379430770874
2713,0,1,-0.2066771686077118
2714,0,1,0.8336586356163025
2715,4,1,-0.13048464059829712
2716,3,0,-0.2108740657567978
2717,0,1,0.16210299730300903
2718,6,1,-0.19554296135902405
2719,1,1,0.01669713854789734
2720,9,1,-0.16379451751708984
2721,6,1,0.2191563844680786
2722,1,1,0.42129212617874146
2723,3,0,0.12104851007461548
2724,8,1,-0.03667542338371277
2725,1,1,-0.0043228864669799805
2726,2,1,0.08150798082351685
2727,5,1,-0.12905801832675934
2728,6,1,0.22031062841415405
2729,2,1,0.12900561094284058
2730,7,1,-0.13712266087532043
2731,3,0,-0.21609237790107727
2732,6,1,0.5693438053131104
2733,0,1,-0.14349372684955597
2734,1,1,0.1496122181415558
2735,9,1,0.31792229413986206
2736,7,1,-0.11428835988044739
2737,6,1,0.04276886582374573
2738,6,1,0.1057281494140625
2739,8,1,-0.16012772917747498
2740,9,1,-0.04747098684310913
2741,2,1,-0.01893383264541626
2742,9,1,-0.1573319137096405
2743,5,1,0.26869648694992065
2744,8,1,-0.19711482524871826
2745,3,0,-0.18399164080619812
2746,1,1,0.2763134837150574
2747,0,1,0.15396171808242798
2748,0,1,0.4088258147239685
2749,7,1,0.08543002605438232
2750,6,1,-0.10754579305648804
2751,6,1,-0.11418712139129639
2752,2,1,0.15294766426086426
2753,1,1,0.07283639907836914
2754,6,1,0.6459861993789673
2755,9,1,0.08660981059074402
2756,3,0,-0.2569759488105774
2757,1,1,0.1579952836036682
2758,8,1,-0.15911662578582764
2759,6,1,0.06810462474822998
2760,9,1,0.196782648563385
2761,0,1,0.2123226523399353
2762,6,1,-0.03356480598449707
2763,0,1,0.11644595861434937
2764,0,1,0.12255978584289551
2765,0,1,0.5752705931663513
2766,6,1,0.22360199689865112
2767,3,0,-0.05391603708267212
2768,5,1,-0.011519461870193481
2769,9,1,-0.23231278359889984
2770,3,0,-0.10471466183662415
2771,4,1,0.05224555730819702
2772,5,1,0.8308739066123962
2773,5,1,-0.022414326667785645
2774,8,1,-0.10959352552890778
2775,5,1,-0.04170346260070801
2776,3,0,-0.1989167332649231
2777,0,1,0.36225253343582153
2778,4,1,0.2874544858932495
2779,0,1,0.9753848910331726
2780,2,1,-0.17489275336265564
2781,9,1,-0.13845545053482056
2782,6,1,-0.06094175577163696
2783,8,1,-0.12634950876235962
2784,2,1,-0.04913604259490967
2785,3,0,0.0036107301712036133
2786,1,1,1.02933669090271
2787,2,1,-0.1110391765832901
2788,1,1,0.6391792297363281
2789,1,1,0.496745765209198
2790,5,1,0.363764226436615
2791,6,1,0.24764519929885864
2792,9,1,0.17075002193450928
2793,8,1,0.1396530270576477
2794,0,1,0.5382009148597717
2795,6,1,0.03752985596656799
2796,6,1,0.07691478729248047
2797,5,1,0.01990547776222229
2798,5,1,0.5554479956626892
2799,3,0,-0.248854398727417
2800,8,1,-0.09065249562263489
2801,6,1,0.3848848342895508
2802,2,1,0.20268630981445312
2803,1,1,-0.03875088691711426
2804,4,1,0.5115392804145813
2805,5,1,-0.06361427903175354
2806,4,1,0.3306557536125183
2807,3,0,-0.18718089163303375
2808,7,1,0.17391973733901978
2809,8,1,-0.15513113141059875
2810,5,1,-0.18235233426094055
2811,0,1,0.47364962100982666
2812,9,1,-0.0672907829284668
2813,3,0,-0.1197110265493393
2814,5,1,0.00011664628982543945
2815,1,1,0.040662676095962524
2816,1,1,0.21962851285934448
2817,0,1,0.06082358956336975
2818,4,1,-0.008042454719543457
2819,4,1,0.14737167954444885
2820,7,1,-0.09774571657180786
2821,0,1,0.03505188226699829
2822,1,1,-0.07592728734016418
2823,7,1,0.3289538025856018
2824,0,1,-0.04328608512878418
2825,1,1,-0.12846195697784424
2826,6,1,0.41182416677474976
2827,1,1,0.7597495913505554
2828,4,1,-0.14213216304779053
2829,5,1,-0.15200135111808777
2830,6,1,0.15733081102371216
2831,6,1,-0.07702285051345825
2832,5,1,-0.122097909450531
2833,7,1,0.1158900260925293
2834,8,1,-0.14820176362991333
2835,4,1,-0.013757973909378052
2836,4,1,0.7468255162239075
2837,7,1,0.05718234181404114
2838,2,1,-0.08874973654747009
2839,5,1,0.23356646299362183
2840,3,0,-0.20684881508350372
2841,7,1,0.00541338324546814
2842,0,1,0.4284612536430359
2843,7,1,-0.21269994974136353
2844,7,1,-0.03787633776664734
2845,9,1,-0.16021490097045898
2846,6,1,-0.03162491321563721
2847,4,1,-0.046459704637527466
2848,2,1,-0.20066216588020325
2849,8,1,0.1328369677066803
2850,5,1,0.2575194835662842
2851,7,1,-0.1648029088973999
2852,8,1,-0.1779213845729828
2853,3,0,-0.2676827311515808
2854,9,1,-0.21561774611473083
2855,5,1,0.08838504552841187
2856,8,1,-0.18826337158679962
2857,9,1,-0.051742732524871826
2858,9,1,-0.1307690292596817
2859,8,1,-0.16560007631778717
2860,6,1,0.1658163070678711
2861,2,1,-0.08271130919456482
2862,8,1,-0.10894060134887695
2863,9,1,-0.10409337282180786
2864,2,1,-0.1304454803466797
2865,3,0,-0.15699289739131927
2866,6,1,0.59456866979599
2867,1,1,1.2099735736846924
2868,1,1,0.05208134651184082
2869,8,1,0.3170153498649597
2870,9,1,0.15218013525009155
2871,3,0,-0.20118290185928345
2872,4,1,0.05367553234100342
2873,0,1,0.13144776225090027
2874,7,1,-0.09813296794891357
2875,9,1,0.023711174726486206
2876,6,1,0.07114839553833008
2877,4,1,0.16672742366790771
2878,1,1,-0.05133888125419617
2879,4,1,-0.14207202196121216
2880,1,1,0.16961759328842163
2881,3,0,-0.25482693314552307
2882,4,1,-0.07622528076171875
2883,9,1,-0.10684347152709961
2884,3,0,-0.24661092460155487
2885,1,1,0.34683358669281006
2886,4,1,-0.1802181452512741
2887,7,1,0.020807594060897827
2888,7,1,-0.15746402740478516
2889,4,1,0.35694921016693115
2890,7,1,-0.13377615809440613
2891,2,1,-0.19207218289375305
2892,9,1,-0.08454900979995728
2893,3,0,-0.1461583375930786
2894,0,1,0.027829527854919434
2895,8,1,-0.1823323369026184
2896,8,1,0.06810134649276733
2897,8,1,0.08697161078453064
2898,4,1,-0.001751244068145752
2899,0,1,0.10441485047340393
2900,4,1,-0.11209356784820557
2901,4,1,0.24559491872787476
2902,1,1,-0.03945314884185791
2903,5,1,-0.033396124839782715
2904,2,1,0.07150194048881531
2905,8,1,-0.062537282705307
2906,3,0,-0.25671786069869995
2907,4,1,0.2241833209991455
2908,9,1,-0.18977347016334534
2909,5,1,-0.14814072847366333
2910,2,1,0.0016083121299743652
2911,8,1,-0.09132403135299683
2912,1,1,0.8172432780265808
2913,5,1,0.04742783308029175
2914,3,0,-0.2639661431312561
2915,7,1,-0.20022213459014893
2916,9,1,-0.12031066417694092
2917,4,1,0.038787662982940674
2918,2,1,-0.02432948350906372
2919,5,1,0.6307570338249207
2920,6,1,0.8554285168647766
2921,3,0,-0.19729745388031006
2922,5,1,-0.12808334827423096
2923,9,1,0.06380429863929749
2924,3,0,-0.2325868457555771
2925,5,1,0.39885884523391724
2926,9,1,0.1008148193359375
2927,3,0,-0.010260432958602905
2928,1,1,-0.023441612720489502
2929,9,1,0.30600112676620483
2930,5,1,0.6205446124076843
2931,3,0,-0.21994875371456146
2932,0,1,0.9692205786705017
2933,6,1,-0.010350912809371948
2934,9,1,-0.09427019953727722
2935,8,1,-0.17122933268547058
2936,4,1,0.05718091130256653
2937,0,1,-0.22961972653865814
2938,4,1,-0.12003457546234131
2939,9,1,0.0591677725315094
2940,2,1,-0.024295657873153687
2941,9,1,-0.06809079647064209
2942,0,1,0.01726531982421875
2943,1,1,0.7049066424369812
2944,0,1,0.34539198875427246
2945,3,0,0.14414101839065552
2946,1,1,0.03687870502471924
2947,6,1,0.061882197856903076
2948,5,1,0.22859305143356323
2949,8,1,-0.18580494821071625
2950,1,1,0.004135310649871826
2951,5,1,-0.07548072934150696
2952,3,0,-0.24092234671115875
2953,3,0,-0.1531905233860016
2954,0,1,0.05344080924987793
2955,3,0,-0.23741865158081055
2956,5,1,-0.17010211944580078
2957,5,1,0.9729738831520081
2958,9,1,-0.09458017349243164
2959,2,1,-0.04120156168937683
2960,8,1,-0.18014541268348694
2961,7,1,-0.09640011191368103
2962,0,1,-0.09853982925415039
2963,4,1,0.5441597104072571
2964,9,1,0.021409153938293457
2965,1,1,0.23563945293426514
2966,9,1,-0.011658906936645508
2967,7,1,0.027803242206573486
2968,7,1,0.22637230157852173
2969,5,1,1.3379297256469727
2970,5,1,0.13195252418518066
2971,2,1,-0.09061861038208008
2972,0,1,-0.0037977099418640137
2973,9,1,0.025570571422576904
2974,1,1,0.2059699296951294
2975,8,1,-0.1207815557718277
2976,6,1,-0.01658475399017334
2977,2,1,-0.05445188283920288
2978,3,0,-0.2304392158985138
2979,9,1,0.12270164489746094
2980,6,1,0.16774725914001465
2981,2,1,-0.0817476212978363
2982,1,1,0.13309666514396667
2983,9,1,-0.08750301599502563
2984,1,1,0.4399425983428955
2985,3,0,-0.1510138213634491
2986,5,1,0.050385236740112305
2987,5,1,-0.00334775447845459
2988,0,1,0.40703898668289185
2989,3,0,-0.07923775911331177
2990,8,1,-0.14965377748012543
2991,3,0,-0.10079744458198547
2992,3,0,-0.22960802912712097
2993,7,1,-0.05419498682022095
2994,6,1,0.1389356255531311
2995,6,1,-0.017398983240127563
2996,0,1,0.9865056872367859
2997,1,1,0.09161791205406189
2998,4,1,0.02132555842399597
2999,0,1,-0.010388672351837158
3000,6,1,-0.003618180751800537
3001,9,1,0.4428930878639221
3002,8,1,-0.12355534732341766
3003,1,1,0.0005925893783569336
3004,2,1,-0.038837283849716187
3005,9,1,0.2910149097442627
3006,9,1,-0.15869233012199402
3007,5,1,0.4190223813056946
3008,9,1,-0.11562083661556244
3009,7,1,0.07669690251350403
3010,3,0,-0.17896434664726257
3011,7,1,0.21515649557113647
3012,8,1,-0.09375852346420288
3013,0,1,0.7035574316978455
3014,1,1,0.48091059923171997
3015,3,0,-0.24411427974700928
3016,0,1,0.2397814393043518
3017,4,1,0.12187200784683228
3018,6,1,-0.06203889846801758
3019,1,1,0.39275193214416504
3020,0,1,0.7594762444496155
3021,2,1,0.34892088174819946
3022,5,1,-0.2396456003189087
3023,8,1,-0.13267049193382263
3024,4,1,0.47247493267059326
3025,4,1,-0.10271650552749634
3026,1,1,1.0500121116638184
3027,1,1,0.6162734627723694
3028,5,1,-0.09023576974868774
3029,4,1,-0.02719941735267639
3030,6,1,0.18955892324447632
3031,6,1,0.5852651596069336
3032,0,1,-0.11908341944217682
3033,6,1,0.19027632474899292
3034,9,1,-0.0991591215133667
3035,2,1,0.2526524066925049
3036,6,1,0.10764539241790771
3037,2,1,0.12980234622955322
3038,7,1,-0.02896672487258911
3039,1,1,0.8512689471244812
3040,7,1,-0.0446336567401886
3041,9,1,-0.1398802548646927
3042,4,1,0.09713220596313477
3043,0,1,0.06095990538597107
3044,0,1,0.1106463074684143
3045,3,0,-0.1624578982591629
3046,8,1,-0.10094515979290009
3047,2,1,-0.17569683492183685
3048,2,1,0.22569507360458374
3049,3,0,-0.2408655434846878
3050,1,1,-0.08371877670288086
3051,6,1,-0.08781057596206665
3052,0,1,0.11221936345100403
3053,5,1,0.03681230545043945
3054,7,1,0.060102641582489014
3055,7,1,0.2145974040031433
3056,9,1,-0.11260730028152466
3057,2,1,0.018273651599884033
3058,6,1,0.11295410990715027
3059,7,1,0.04528254270553589
3060,9,1,0.7790754437446594
3061,7,1,-0.08842897415161133
3062,8,1,-0.058650434017181396
3063,6,1,-0.1596911996603012
3064,8,1,-0.000956416130065918
3065,8,1,0.08625489473342896
3066,4,1,0.08962312340736389
3067,6,1,0.3093074560165405
3068,8,1,-0.15000301599502563
3069,4,1,0.04743295907974243
3070,1,1,0.14478343725204468
3071,2,1,0.1204180121421814
3072,8,1,-0.18439510464668274
3073,1,1,0.10682180523872375
3074,3,0,-0.09700563549995422
3075,9,1,0.0011559724807739258
3076,4,1,0.01952439546585083
3077,0,1,0.4734986424446106
3078,3,0,0.26164311170578003
3079,7,1,-0.0058342814445495605
3080,3,0,-0.23235537111759186
3081,2,1,-0.05718994140625
3082,3,0,-0.19978728890419006
3083,3,0,-0.15986530482769012
3084,7,1,0.04456239938735962
3085,3,0,-0.1829911470413208
3086,4,1,0.24801212549209595
3087,0,1,0.02106761932373047
3088,6,1,0.020818114280700684
3089,2,1,0.002085179090499878
3090,0,1,0.016168862581253052
3091,8,1,-0.16579724848270416
3092,1,1,-0.028954118490219116
3093,5,1,-0.10925845801830292
3094,3,0,-0.14396238327026367
3095,5,1,0.8141252398490906
3096,4,1,0.0005948841571807861
3097,1,1,0.2582126259803772
3098,7,1,-0.025838911533355713
3099,1,1,0.3346046805381775
3100,5,1,-0.08466067910194397
3101,7,1,-0.13386043906211853
3102,5,1,-0.19802197813987732
3103,7,1,0.6534474492073059
3104,3,0,-0.15380831062793732
3105,2,1,0.0351603627204895
3106,2,1,-0.025043070316314697
3107,7,1,-0.06658965349197388
3108,3,0,-0.027874499559402466
3109,7,1,0.31419163942337036
3110,3,0,-0.193595752120018
3111,7,1,-0.07206958532333374
3112,8,1,-0.176316499710083
3113,5,1,0.8055879473686218
3114,4,1,-0.03613954782485962
3115,5,1,0.5586672425270081
3116,2,1,-0.03698396682739258
3117,5,1,-0.0526391863822937
3118,6,1,-0.1233968436717987
3119,5,1,-0.1068125069141388
3120,3,0,-0.2516874074935913
3121,6,1,0.00035750865936279297
3122,7,1,0.048550188541412354
3123,4,1,-0.0035982131958007812
3124,1,1,-0.017091214656829834
3125,7,1,-0.16608572006225586
3126,1,1,-0.11168345808982849
3127,5,1,0.02237778902053833
3128,2,1,-0.008571803569793701
3129,3,0,-0.15934275090694427
3130,6,1,-0.0549197793006897
3131,3,0,-0.11292073130607605
3132,1,1,-0.10916545987129211
3133,4,1,-0.13936448097229004
3134,2,1,-0.03977876901626587
3135,6,1,0.05711179971694946
3136,7,1,0.18691617250442505
3137,4,1,0.22991156578063965
3138,3,0,-0.09568175673484802
3139,8,1,-0.2040906846523285
3140,0,1,-0.16330452263355255
3141,6,1,-0.11009542644023895
3142,2,1,-0.05283263325691223
3143,1,1,0.0944211483001709
3144,6,1,0.3490270972251892
3145,5,1,0.006951510906219482
3146,3,0,-0.1378633677959442
3147,9,1,-0.0010148286819458008
3148,1,1,0.7429304718971252
3149,9,1,-0.06649342179298401
3150,3,0,-0.21079182624816895
3151,2,1,0.6513441205024719
3152,1,1,0.3965107798576355
3153,8,1,-0.21585696935653687
3154,4,1,0.009918808937072754
3155,4,1,-0.11219611763954163
3156,6,1,0.14859694242477417
3157,5,1,0.05090475082397461
3158,8,1,-0.22950699925422668
3159,6,1,0.018096327781677246
3160,9,1,0.3048059344291687
3161,7,1,-0.1341298222541809
3162,7,1,0.16342562437057495
3163,8,1,-0.16107094287872314
3164,6,1,0.2826884984970093
3165,9,1,-0.187532439827919
3166,7,1,0.25693023204803467
3167,3,0,0.045259833335876465
3168,9,1,-0.1550876498222351
3169,4,1,-0.03073716163635254
3170,0,1,0.8860403895378113
3171,5,1,-0.19689315557479858
3172,4,1,-0.018683701753616333
3173,6,1,0.13495969772338867
3174,4,1,0.07139402627944946
3175,1,1,-0.02427232265472412
3176,2,1,-0.1266624629497528
3177,3,0,-0.21181151270866394
3178,0,1,0.273918092250824
3179,0,1,0.39032429456710815
3180,2,1,-0.12466888129711151
3181,6,1,0.16924506425857544
3182,6,1,0.6464072465896606
3183,5,1,-0.009455174207687378
3184,7,1,0.3247942328453064
3185,0,1,0.26038044691085815
3186,8,1,-0.09304919838905334
3187,6,1,-0.13600124418735504
3188,4,1,0.13451820611953735
3189,7,1,1.2245545387268066
3190,9,1,-0.060837000608444214
3191,0,1,0.005707740783691406
3192,7,1,0.4340357184410095
3193,3,0,-0.2345535159111023
3194,4,1,0.11726275086402893
3195,2,1,-0.13431428372859955
3196,1,1,0.7043890357017517
3197,8,1,-0.1322096735239029
3198,8,1,0.3601471781730652
3199,5,1,0.1463630497455597
3200,9,1,-0.1753544807434082
3201,2,1,-0.040957510471343994
3202,7,1,0.056523919105529785
3203,1,1,1.1288769245147705
3204,8,1,-0.14139069616794586
3205,8,1,-0.17753037810325623
3206,8,1,-0.15600736439228058
3207,2,1,-0.03661632537841797
3208,7,1,-0.029921263456344604
3209,6,1,-0.14887264370918274
3210,0,1,-0.17286957800388336
3211,1,1,0.35787302255630493
3212,2,1,-0.028706490993499756
3213,7,1,1.2525627613067627
3214,1,1,0.8964433073997498
3215,0,1,0.15187376737594604
3216,8,1,-0.18560603260993958
3217,3,0,0.04789978265762329
3218,6,1,-0.05316126346588135
3219,0,1,0.05136874318122864
3220,5,1,0.4683162569999695
3221,3,0,0.008681833744049072
3222,6,1,0.7802130579948425
3223,2,1,0.02333247661590576
3224,8,1,-0.15704277157783508
3225,7,1,0.31019818782806396
3226,0,1,0.21544235944747925
3227,1,1,0.5907791256904602
3228,4,1,-0.12112827599048615
3229,2,1,-0.10410094261169434
3230,1,1,0.06521797180175781
3231,1,1,0.009656667709350586
3232,4,1,0.28584760427474976
3233,4,1,0.022794097661972046
3234,4,1,0.2393597960472107
3235,4,1,-0.11763384938240051
3236,7,1,-0.06656071543693542
3237,1,1,0.3562653660774231
3238,6,1,-0.05234852433204651
3239,2,1,-0.04699397087097168
3240,9,1,-0.18401086330413818
3241,9,1,-0.026159346103668213
3242,0,1,0.5565323233604431
3243,0,1,0.14462676644325256
3244,1,1,0.0778740644454956
3245,8,1,0.018537580966949463
3246,8,1,-0.1431814730167389
3247,4,1,0.5303152203559875
3248,3,0,-0.14898249506950378
3249,4,1,-0.17177024483680725
3250,2,1,0.03600108623504639
3251,0,1,0.3584584593772888
3252,6,1,-0.14038270711898804
3253,1,1,0.059862613677978516
3254,6,1,0.13791662454605103
3255,1,1,0.12051033973693848
3256,2,1,-0.1702006757259369
3257,2,1,0.26195400953292847
3258,2,1,-0.09890180826187134
3259,1,1,0.11514800786972046
3260,2,1,0.030829966068267822
3261,3,0,-0.24062606692314148
3262,7,1,-0.07535898685455322
3263,8,1,-0.09227997064590454
3264,1,1,-0.22998502850532532
3265,0,1,0.416056752204895
3266,0,1,-0.1807868480682373
3267,2,1,0.1618683934211731
3268,1,1,0.5613014101982117
3269,6,1,0.23076045513153076
3270,6,1,0.312544584274292
3271,0,1,0.3954833745956421
3272,1,1,0.16165095567703247
3273,6,1,0.0219537615776062
3274,2,1,0.16417759656906128
3275,5,1,0.020742058753967285
3276,1,1,0.6263164281845093
3277,7,1,0.17688590288162231
3278,4,1,0.6492465138435364
3279,8,1,-0.1830863356590271
3280,2,1,-0.09091615676879883
3281,1,1,0.8828015923500061
3282,4,1,0.044492483139038086
3283,3,0,-0.09707602858543396
3284,8,1,0.0060558021068573
3285,3,0,-0.1259225308895111
3286,9,1,-0.10511137545108795
3287,9,1,-0.053321123123168945
3288,4,1,-0.07461321353912354
3289,8,1,-0.1731095165014267
3290,3,0,-0.22249391674995422
3291,4,1,-0.21997570991516113
3292,7,1,-0.013488143682479858
3293,2,1,-0.1039821207523346
3294,7,1,-0.06543731689453125
3295,5,1,0.1251174807548523
3296,7,1,-0.1677074134349823
3297,0,1,1.017092227935791
3298,4,1,-0.10520902276039124
3299,3,0,-0.12412840127944946
3300,3,0,0.006601810455322266
3301,2,1,0.13576054573059082
3302,6,1,0.5971469283103943
3303,7,1,-0.1842411458492279
3304,6,1,0.017671793699264526
3305,0,1,0.03967076539993286
3306,0,1,0.12637653946876526
3307,6,1,0.5410965085029602
3308,7,1,-0.07032561302185059
3309,7,1,0.09546303749084473
3310,0,1,0.06771022081375122
3311,5,1,0.1950550675392151
3312,5,1,-0.1366901695728302
3313,8,1,-0.2340235710144043
3314,1,1,0.25228917598724365
3315,0,1,0.436728298664093
3316,7,1,0.08423441648483276
3317,0,1,0.055270373821258545
3318,2,1,-0.17895612120628357
3319,8,1,-0.1687127649784088
3320,1,1,0.20817357301712036
3321,5,1,0.20549499988555908
3322,0,1,0.21834129095077515
3323,8,1,-0.13742463290691376
3324,8,1,-0.21048492193222046
3325,0,1,0.23345035314559937
3326,3,0,-0.17590083181858063
3327,2,1,-0.07676875591278076
3328,7,1,-0.07871532440185547
3329,7,1,-0.19535775482654572
3330,2,1,-0.1055338978767395
3331,6,1,0.03139197826385498
3332,4,1,0.2758268117904663
3333,7,1,-0.01764512062072754
3334,5,1,-0.16690286993980408
3335,5,1,0.34866863489151
3336,5,1,0.11714804172515869
3337,2,1,-0.21007207036018372
3338,9,1,0.17585986852645874
3339,2,1,0.39172184467315674
3340,8,1,0.025340497493743896
3341,4,1,-0.027807891368865967
3342,6,1,-0.10508610308170319
3343,8,1,-0.002270728349685669
3344,6,1,0.020284801721572876
3345,5,1,0.17704802751541138
3346,0,1,0.1748632788658142
3347,0,1,0.24531561136245728
3348,8,1,-0.0559270977973938
3349,7,1,-0.1244363784790039
3350,6,1,0.12905052304267883
3351,1,1,1.994110107421875
3352,7,1,-0.05883112549781799
3353,1,1,0.0793120265007019
3354,1,1,-0.10704690217971802
3355,2,1,-0.019701123237609863
3356,7,1,0.1896456480026245
3357,4,1,0.16605925559997559
3358,0,1,-0.23598289489746094
3359,0,1,0.05777400732040405
3360,7,1,-0.011978328227996826
3361,7,1,0.2899205684661865
3362,6,1,0.004092276096343994
3363,3,0,-0.23115214705467224
3364,8,1,-0.15855665504932404
3365,6,1,0.867455780506134
3366,4,1,0.11261329054832458
3367,2,1,-0.13519418239593506
3368,0,1,0.06281894445419312
3369,9,1,-0.06815704703330994
3370,4,1,-0.029939472675323486
3371,0,1,0.07371610403060913
3372,5,1,-0.19222918152809143
3373,7,1,0.658355176448822
3374,8,1,-0.17821267247200012
3375,2,1,0.23859506845474243
3376,7,1,-0.14263346791267395
3377,4,1,0.10002440214157104
3378,7,1,0.18005889654159546
3379,1,1,0.025576412677764893
3380,1,1,0.2500867247581482
3381,3,0,-0.1984872668981552
3382,6,1,-0.16032347083091736
3383,6,1,-0.14397817850112915
3384,2,1,0.3202451467514038
3385,9,1,0.2213764786720276
3386,1,1,0.4509432911872864
3387,9,1,-0.14487043023109436
3388,4,1,-0.10179312527179718
3389,8,1,-0.19047079980373383
3390,3,0,-0.1941567063331604
3391,6,1,-0.021712154150009155
3392,9,1,-0.1411050260066986
3393,5,1,0.143843412399292
3394,9,1,0.03215968608856201
3395,6,1,-0.022338569164276123
3396,2,1,0.22943204641342163
3397,4,1,0.4372883439064026
3398,6,1,-0.03147000074386597
3399,7,1,0.019567131996154785
3400,7,1,0.35556429624557495
3401,0,1,1.4559733867645264
3402,6,1,-0.031775057315826416
3403,6,1,-0.12892857193946838
3404,9,1,0.17059379816055298
3405,4,1,0.07232847809791565
3406,8,1,-0.2130664587020874
3407,3,0,-0.22919663786888123
3408,5,1,-0.24800676107406616
3409,3,0,-0.2529601454734802
3410,4,1,0.07476460933685303
3411,9,1,-0.13777832686901093
3412,0,1,0.7807149291038513
3413,0,1,-0.1362992525100708
3414,5,1,-0.12981823086738586
3415,2,1,0.05530190467834473
3416,5,1,0.1794772744178772
3417,0,1,0.3437061309814453
3418,7,1,0.5679109692573547
3419,1,1,0.5491277575492859
3420,1,1,0.3465675711631775
3421,1,1,0.24926209449768066
3422,6,1,0.11507397890090942
3423,7,1,-0.10652008652687073
3424,6,1,-0.18384459614753723
3425,7,1,0.09475356340408325
3426,9,1,0.019330978393554688
3427,6,1,0.019111961126327515
3428,6,1,0.32039040327072144
3429,4,1,-0.01021486520767212
3430,1,1,0.526913583278656
3431,4,1,0.0003198981285095215
3432,3,0,-0.22543171048164368
3433,1,1,0.07983440160751343
3434,1,1,0.08825016021728516
3435,2,1,0.38855743408203125
3436,2,1,0.20677465200424194
3437,4,1,-0.19130752980709076
3438,1,1,0.32532423734664917
3439,0,1,-0.04943382740020752
3440,8,1,-0.12652206420898438
3441,7,1,-0.08346745371818542
3442,6,1,-0.018703103065490723
3443,3,0,-0.1981762945652008
3444,4,1,0.3786699175834656
3445,0,1,0.2660031318664551
3446,0,1,0.19155877828598022
3447,6,1,0.24825698137283325
3448,3,0,0.22927123308181763
3449,3,0,-0.17829567193984985
3450,0,1,-0.22518698871135712
3451,7,1,-0.08575546741485596
3452,1,1,0.2583667039871216
3453,7,1,0.010173201560974121
3454,1,1,0.07015383243560791
3455,1,1,0.026154160499572754
3456,3,0,-0.14189386367797852
3457,1,1,-0.07632961869239807
3458,0,1,0.07817518711090088
3459,9,1,-0.13932523131370544
3460,9,1,0.1739996075630188
3461,7,1,-0.023644059896469116
3462,5,1,0.15232962369918823
3463,4,1,-0.04528844356536865
3464,1,1,0.0799068808555603
3465,4,1,0.02887323498725891
3466,8,1,0.11563551425933838
3467,9,1,-0.15492066740989685
3468,5,1,0.18465924263000488
3469,3,0,-0.22376194596290588
3470,5,1,0.0809628963470459
3471,1,1,0.10495001077651978
3472,9,1,0.18974345922470093
3473,8,1,-0.047482967376708984
3474,2,1,0.2294921875
3475,3,0,0.0342441201210022
3476,3,0,-0.20728805661201477
3477,9,1,-0.1728391945362091
3478,9,1,-0.06466114521026611
3479,0,1,1.5445172786712646
3480,1,1,-0.14407600462436676
3481,0,1,0.005198240280151367
3482,2,1,-0.027515321969985962
3483,9,1,0.01697927713394165
3484,3,0,-0.1576347053050995
3485,9,1,0.0670347809791565
3486,3,0,-0.15305525064468384
3487,3,0,-0.25676193833351135
3488,6,1,0.07435500621795654
3489,2,1,-0.04154092073440552
3490,4,1,-0.11592113971710205
3491,9,1,-0.08048304915428162
3492,8,1,-0.21991972625255585
3493,3,0,-0.22673411667346954
3494,7,1,-0.03606542944908142
3495,4,1,0.11129850149154663
3496,0,1,0.02963322401046753
3497,4,1,0.32750290632247925
3498,7,1,0.5140178799629211
3499,8,1,-0.15672598779201508
3500,4,1,0.07026848196983337
3501,9,1,-0.020613640546798706
3502,8,1,-0.04621800780296326
3503,9,1,0.0974460244178772
3504,9,1,-0.06532642245292664
3505,7,1,0.10152578353881836
3506,5,1,-0.12030969560146332
3507,9,1,-0.16456817090511322
3508,2,1,-0.15718147158622742
3509,8,1,-0.20712018013000488
3510,2,1,-0.019236832857131958
3511,2,1,-0.12653514742851257
3512,0,1,-0.0067987143993377686
3513,2,1,0.009521722793579102
3514,2,1,-0.18637743592262268
3515,3,0,-0.11383533477783203
3516,8,1,-0.1158151775598526
3517,4,1,0.027588486671447754
3518,6,1,0.07735800743103027
3519,8,1,0.15905267000198364
3520,6,1,1.0655426979064941
3521,8,1,-0.1791614592075348
3522,2,1,-0.0668601393699646
3523,4,1,-0.06597283482551575
3524,6,1,0.2431018352508545
3525,7,1,-0.14020521938800812
3526,9,1,-0.18793229758739471
3527,3,0,-0.1631595939397812
3528,3,0,-0.16984575986862183
3529,9,1,-0.1288977563381195
3530,4,1,0.06220942735671997
3531,3,0,-0.16956858336925507
3532,1,1,0.3417261838912964
3533,4,1,0.34449928998947144
3534,4,1,-0.14818111062049866
3535,7,1,-0.04864758253097534
3536,0,1,-0.04454207420349121
3537,5,1,0.01562941074371338
3538,9,1,-0.05696788430213928
3539,6,1,0.2598927617073059
3540,0,1,0.29697293043136597
3541,4,1,0.25256282091140747
3542,4,1,0.01911848783493042
3543,4,1,-0.07143950462341309
3544,4,1,0.9171952605247498
3545,6,1,0.03434586524963379
3546,1,1,0.18077212572097778
3547,2,1,-0.03592008352279663
3548,3,0,-0.2511470913887024
3549,3,0,-0.13322895765304565
3550,6,1,-0.18753045797348022
3551,4,1,-0.11371263861656189
3552,5,1,1.2723562717437744
3553,9,1,-0.07527154684066772
3554,6,1,0.04614287614822388
3555,8,1,-0.18156330287456512
3556,5,1,-0.01051032543182373
3557,6,1,-0.0034833550453186035
3558,5,1,-0.2128717601299286
3559,8,1,0.022007852792739868
3560,6,1,-0.08598893880844116
3561,4,1,0.09363412857055664
3562,1,1,0.004275470972061157
3563,8,1,-0.08224785327911377
3564,6,1,-0.049383342266082764
3565,5,1,-0.014110982418060303
3566,2,1,-0.04827192425727844
3567,8,1,0.5940548181533813
3568,4,1,-0.13550841808319092
3569,5,1,0.07952749729156494
3570,5,1,0.06041443347930908
3571,4,1,0.17746281623840332
3572,7,1,0.20295250415802002
3573,7,1,-0.20416077971458435
3574,0,1,0.02350279688835144
3575,7,1,0.11622729897499084
3576,8,1,0.1038440465927124
3577,2,1,-0.13237491250038147
3578,2,1,0.10082763433456421
3579,3,0,-0.2704673707485199
3580,7,1,0.06537055969238281
3581,0,1,0.10204502940177917
3582,1,1,0.3708372712135315
3583,8,1,-0.17303837835788727
3584,0,1,0.5870071649551392
3585,7,1,-0.06850945949554443
3586,1,1,-0.017418622970581055
3587,9,1,-0.1313822865486145
3588,8,1,-0.12406374514102936
3589,7,1,0.14182665944099426
3590,5,1,0.30658066272735596
3591,5,1,-0.13594520092010498
3592,9,1,0.3767872452735901
3593,1,1,0.10940179228782654
3594,7,1,-0.11194714903831482
3595,5,1,0.37704718112945557
3596,4,1,-0.04257318377494812
3597,9,1,-0.006464242935180664
3598,1,1,-0.041718363761901855
3599,2,1,0.30140942335128784
3600,2,1,-0.14965707063674927
3601,1,1,-0.07916510105133057
3602,6,1,0.2251339554786682
3603,6,1,0.357837975025177
3604,7,1,0.0012045204639434814
3605,1,1,0.07043880224227905
3606,1,1,0.8951320052146912
3607,4,1,0.27752047777175903
3608,0,1,0.6379849314689636
3609,7,1,0.5161070227622986
3610,4,1,-0.03446352481842041
3611,2,1,-0.08022433519363403
3612,4,1,0.12089455127716064
3613,0,1,0.09464067220687866
3614,6,1,0.48630768060684204
3615,4,1,0.10756191611289978
3616,7,1,0.12804383039474487
3617,6,1,0.09623146057128906
3618,9,1,-0.0869278609752655
3619,5,1,-0.035747379064559937
3620,3,0,-0.20221474766731262
3621,4,1,-0.021436065435409546
3622,6,1,0.27987778186798096
3623,5,1,0.2989857792854309
3624,0,1,0.3422994017601013
3625,1,1,0.3660414218902588
3626,8,1,-0.062296658754348755
3627,8,1,0.016107678413391113
3628,2,1,-0.007275819778442383
3629,8,1,-0.20390042662620544
3630,3,0,-0.2516200840473175
3631,5,1,-0.03967335820198059
3632,7,1,0.1576102375984192
3633,8,1,-0.03995707631111145
3634,0,1,0.03373837471008301
3635,8,1,-0.22187788784503937
3636,5,1,0.02046060562133789
3637,7,1,-0.13610957562923431
3638,1,1,-0.020833969116210938
3639,1,1,0.13989725708961487
3640,0,1,0.44613099098205566
3641,1,1,0.357801616191864
3642,3,0,-0.1850549876689911
3643,7,1,-0.1543618142604828
3644,8,1,0.09363174438476562
3645,5,1,0.7271475195884705
3646,0,1,-0.02114349603652954
3647,7,1,-0.11101619899272919
3648,1,1,0.0913277268409729
3649,1,1,0.20779818296432495
3650,0,1,0.26676422357559204
3651,1,1,-0.05295532941818237
3652,1,1,0.33790522813796997
3653,4,1,0.262199342250824
3654,5,1,0.2935822010040283
3655,2,1,-0.028210759162902832
3656,7,1,-0.007325559854507446
3657,6,1,0.11044192314147949
3658,2,1,-0.013213574886322021
3659,3,0,-0.1479853093624115
3660,0,1,0.8603135943412781
3661,2,1,0.27119433879852295
3662,8,1,-0.19434860348701477
3663,5,1,-0.16813169419765472
3664,9,1,0.16404205560684204
3665,6,1,0.6911033987998962
3666,9,1,0.06567150354385376
3667,7,1,-0.20550084114074707
3668,2,1,0.0593300461769104
3669,1,1,0.13473713397979736
3670,3,0,-0.25793787837028503
3671,6,1,0.06691870093345642
3672,4,1,0.22430819272994995
3673,1,1,0.20301192998886108
3674,8,1,0.07276582717895508
3675,2,1,0.2243443727493286
3676,4,1,0.48786240816116333
3677,0,1,0.09706360101699829
3678,5,1,-0.0015050172805786133
3679,1,1,0.1419350504875183
3680,0,1,0.1284290850162506
3681,2,1,0.15787631273269653
3682,2,1,0.0702413022518158
3683,6,1,-0.08047258853912354
3684,4,1,0.1619105339050293
3685,4,1,0.9499453902244568
3686,3,0,-0.1345275640487671
3687,9,1,0.004499852657318115
3688,6,1,0.15413177013397217
3689,1,1,0.40914130210876465
3690,6,1,-0.059307754039764404
3691,5,1,0.06043305993080139
3692,7,1,0.10174080729484558
3693,9,1,0.0132426917552948
3694,2,1,-0.0971444845199585
3695,0,1,0.05100971460342407
3696,2,1,0.08428990840911865
3697,6,1,-0.0069252848625183105
3698,0,1,0.2837038040161133
3699,1,1,0.46450966596603394
3700,4,1,-0.05940315127372742
3701,3,0,-0.20863299071788788
3702,5,1,0.10625487565994263
3703,2,1,-0.02667546272277832
3704,8,1,-0.0004966855049133301
3705,8,1,0.03735828399658203
3706,0,1,0.01782888174057007
3707,8,1,-0.11517120897769928
3708,8,1,0.04829975962638855
3709,9,1,-0.15267765522003174
3710,0,1,1.030022382736206
3711,9,1,-0.2246972918510437
3712,6,1,0.355909526348114
3713,7,1,-0.16061916947364807
3714,6,1,0.12257802486419678
3715,3,0,-0.2644590139389038
3716,9,1,-0.20689482986927032
3717,3,0,-0.16481371223926544
3718,4,1,0.5594457983970642
3719,7,1,0.09706494212150574
3720,7,1,-0.2058131992816925
3721,7,1,-0.16342735290527344
3722,4,1,-0.061806678771972656
3723,9,1,-0.08281463384628296
3724,0,1,-0.1499508172273636
3725,6,1,0.32709527015686035
3726,4,1,-0.10168519616127014
3727,8,1,-0.06474289298057556
3728,4,1,-0.018265247344970703
3729,2,1,-0.07038682699203491
3730,7,1,-0.03169962763786316
3731,2,1,0.20591288805007935
3732,8,1,-0.10847115516662598
3733,1,1,0.42076772451400757
3734,0,1,0.4617636203765869
3735,0,1,0.6707305312156677
3736,7,1,-0.04715371131896973
3737,8,1,0.05832099914550781
3738,3,0,-0.039321303367614746
3739,3,0,-0.03879433870315552
3740,3,0,-0.1120310127735138
3741,1,1,0.046568870544433594
3742,3,0,-0.053836166858673096
3743,7,1,-0.17987796664237976
3744,6,1,-0.19227135181427002
3745,1,1,0.3204924464225769
3746,3,0,-0.1359482705593109
3747,1,1,0.34819620847702026
3748,6,1,0.03637990355491638
3749,6,1,0.4409298300743103
3750,5,1,0.11026462912559509
3751,7,1,0.6629044413566589
3752,4,1,0.3725791573524475
3753,7,1,0.041520774364471436
3754,5,1,0.04440581798553467
3755,9,1,-0.11072249710559845
3756,5,1,0.07597184181213379
3757,8,1,0.16162973642349243
3758,4,1,0.30723559856414795
3759,9,1,0.07863625884056091
3760,9,1,-0.03728818893432617
3761,1,1,0.6667856574058533
3762,6,1,0.10042953491210938
3763,5,1,0.07679679989814758
3764,0,1,1.1226098537445068
3765,1,1,0.07832366228103638
3766,3,0,-0.009986340999603271
3767,7,1,0.00866881012916565
3768,0,1,0.1729986071586609
3769,3,0,-0.2268458902835846
3770,4,1,0.09383618831634521
3771,8,1,-0.05407223105430603
3772,2,1,0.0640723705291748
3773,2,1,0.03270357847213745
3774,0,1,1.0291955471038818
3775,2,1,0.050440847873687744
3776,5,1,0.04038915038108826
3777,1,1,0.6093127131462097
3778,5,1,0.7603383660316467
3779,1,1,0.15420478582382202
3780,4,1,-0.015868067741394043
3781,8,1,-0.02612823247909546
3782,8,1,-0.2721858620643616
3783,9,1,-0.17433711886405945
3784,1,1,0.017303824424743652
3785,2,1,-0.23989033699035645
3786,1,1,-0.12405729293823242
3787,3,0,-0.27745139598846436
3788,5,1,-0.04655545949935913
3789,1,1,-0.05353355407714844
3790,0,1,0.21832746267318726
3791,9,1,0.056131839752197266
3792,4,1,0.4773436188697815
3793,4,1,0.1716499924659729
3794,8,1,-0.043962299823760986
3795,3,0,-0.07062888145446777
3796,2,1,-0.027257084846496582
3797,5,1,0.40409719944000244
3798,9,1,-0.21757476031780243
3799,7,1,-0.0867939293384552
3800,6,1,0.18818962574005127
3801,6,1,0.17705589532852173
3802,2,1,-0.12685614824295044
3803,0,1,-0.03652215003967285
3804,0,1,0.021656781435012817
3805,0,1,-0.049383699893951416
3806,5,1,0.25056523084640503
3807,8,1,0.027026057243347168
3808,7,1,0.5244230628013611
3809,1,1,0.37886691093444824
3810,5,1,0.08047017455101013
3811,2,1,-0.10877066850662231
3812,3,0,-0.10200826823711395
3813,8,1,-0.011068254709243774
3814,5,1,0.07617536187171936
3815,1,1,0.1105344295501709
3816,8,1,-0.16206631064414978
3817,2,1,-0.008520126342773438
3818,0,1,0.5044612288475037
3819,4,1,0.11323288083076477
3820,9,1,0.17594504356384277
3821,9,1,0.04798787832260132
3822,6,1,0.5116568207740784
3823,2,1,0.06631869077682495
3824,3,0,-0.1473701000213623
3825,3,0,-0.16419637203216553
3826,5,1,0.671099841594696
3827,6,1,0.4786986708641052
3828,4,1,0.6161226034164429
3829,8,1,-0.08645308017730713
3830,0,1,0.0915287435054779
3831,9,1,-0.07561156153678894
3832,2,1,-0.05309268832206726
3833,8,1,-0.18886515498161316
3834,3,0,-0.20851796865463257
3835,6,1,0.3581238389015198
3836,7,1,0.02179199457168579
3837,5,1,-0.13473694026470184
3838,7,1,0.054345548152923584
3839,2,1,-0.18709364533424377
3840,9,1,-0.04522332549095154
3841,4,1,0.16161662340164185
3842,9,1,-0.15003712475299835
3843,1,1,0.37809282541275024
3844,2,1,0.09274819493293762
3845,8,1,-0.0404888391494751
3846,6,1,0.16044694185256958
3847,0,1,0.2487890124320984
3848,7,1,-0.2266564816236496
3849,0,1,0.8322857022285461
3850,9,1,0.06192842125892639
3851,1,1,0.8750342726707458
3852,1,1,0.572661280632019
3853,6,1,1.1329023838043213
3854,7,1,0.17133933305740356
3855,5,1,0.2142254114151001
3856,9,1,-0.23204363882541656
3857,9,1,-0.15465746819972992
3858,1,1,0.6422733664512634
3859,9,1,-0.04593688249588013
3860,5,1,0.08635103702545166
3861,9,1,-0.10823661088943481
3862,2,1,0.08449655771255493
3863,5,1,0.3270452618598938
3864,0,1,0.23594939708709717
3865,4,1,-0.1333354115486145
3866,1,1,0.006684064865112305
3867,0,1,1.3701269626617432
3868,8,1,-0.1547452211380005
3869,9,1,-0.19251251220703125
3870,0,1,1.0535776615142822
3871,8,1,-0.16700446605682373
3872,9,1,-0.1956433355808258
3873,8,1,-0.07621341943740845
3874,9,1,0.5876138806343079
3875,4,1,0.20955580472946167
3876,2,1,-0.12101012468338013
3877,5,1,-0.18483155965805054
3878,7,1,-0.05629080533981323
3879,9,1,0.14276346564292908
3880,8,1,-0.18155404925346375
3881,9,1,0.6011404395103455
3882,8,1,-0.027851223945617676
3883,0,1,0.3277978301048279
3884,9,1,0.17418593168258667
3885,9,1,-0.112651526927948
3886,6,1,-0.08027058839797974
3887,8,1,-0.010173559188842773
3888,9,1,-0.06904464960098267
3889,9,1,-0.14274129271507263
3890,5,1,-0.04486501216888428
3891,9,1,-0.018288075923919678
3892,8,1,0.11243367195129395
3893,5,1,0.4678190350532532
3894,1,1,0.27162790298461914
3895,0,1,-0.09390890598297119
3896,3,0,-0.24347949028015137
3897,3,0,-0.22574755549430847
3898,5,1,-0.15378476679325104
3899,2,1,-0.1124277263879776
3900,1,1,-0.06727170944213867
3901,6,1,0.18400704860687256
3902,5,1,0.00542837381362915
3903,0,1,-0.02534160017967224
3904,2,1,-0.15055254101753235
3905,8,1,-0.055369943380355835
3906,1,1,0.20792293548583984
3907,5,1,0.006996512413024902
3908,6,1,0.04788309335708618
3909,2,1,0.07369372248649597
3910,3,0,-0.2823619246482849
3911,0,1,0.49140703678131104
3912,2,1,0.16505199670791626
3913,2,1,0.2149255871772766
3914,6,1,0.4826344847679138
3915,4,1,-0.055246204137802124
3916,3,0,-0.1757163405418396
3917,5,1,-0.19265449047088623
3918,5,1,0.5459682941436768
3919,1,1,0.040321290493011475
3920,7,1,0.14245426654815674
3921,2,1,-0.12736734747886658
3922,1,1,-0.026910245418548584
3923,6,1,0.11852943897247314
3924,9,1,-0.03840690851211548
3925,1,1,-0.06419110298156738
3926,9,1,-0.23835955560207367
3927,9,1,0.020194411277770996
3928,5,1,-0.20158939063549042
3929,5,1,0.11437869071960449
3930,1,1,-0.0044419169425964355
3931,6,1,-0.026218950748443604
3932,2,1,0.29106801748275757
3933,2,1,-0.022338777780532837
3934,8,1,-0.11691778898239136
3935,6,1,0.009608626365661621
3936,7,1,0.31867092847824097
3937,1,1,0.1790730357170105
3938,4,1,-0.07802736759185791
3939,6,1,1.018099069595337
3940,0,1,0.37064868211746216
3941,4,1,0.09215858578681946
3942,0,1,0.8304569125175476
3943,3,0,-0.09960538148880005
3944,3,0,-0.13265573978424072
3945,2,1,0.07914695143699646
3946,2,1,-0.05801302194595337
3947,3,0,-0.23050467669963837
3948,6,1,0.8676343560218811
3949,8,1,-0.16474905610084534
3950,9,1,-0.11961439251899719
3951,8,1,-0.024741917848587036
3952,5,1,-0.091927170753479
3953,3,0,-0.1696683168411255
3954,8,1,-0.1770169883966446
3955,5,1,0.06659021973609924
3956,4,1,0.08136290311813354
3957,5,1,-0.09087249636650085
3958,2,1,0.03748661279678345
3959,0,1,0.021609008312225342
3960,5,1,-0.08035057783126831
3961,6,1,-0.16746118664741516
3962,3,0,-0.1778821349143982
3963,2,1,-0.019182801246643066
3964,8,1,-0.018960952758789062
3965,3,0,-0.09520876407623291
3966,9,1,-0.010436654090881348
3967,9,1,0.2109474539756775
3968,5,1,-0.09403294324874878
3969,7,1,-0.17926861345767975
3970,9,1,-0.2151639759540558
3971,4,1,0.005016118288040161
3972,6,1,0.07779234647750854
3973,7,1,0.1905425786972046
3974,1,1,0.6646937727928162
3975,3,0,-0.16273660957813263
3976,7,1,0.1019914448261261
3977,3,0,-0.21925805509090424
3978,6,1,-0.14754566550254822
3979,6,1,0.13244310021400452
3980,0,1,0.2835988402366638
3981,9,1,0.07042098045349121
3982,0,1,0.2220497727394104
3983,1,1,1.445781946182251
3984,9,1,-0.04826745390892029
3985,9,1,-0.023517459630966187
3986,2,1,0.003267645835876465
3987,8,1,-0.19516198337078094
3988,8,1,-0.17672637104988098
3989,0,1,-0.09304541349411011
3990,1,1,0.353269100189209
3991,6,1,0.16129738092422485
3992,9,1,-0.07650429010391235
3993,7,1,0.2700788378715515
3994,5,1,0.15833055973052979
3995,3,0,-0.2283342480659485
3996,4,1,0.22140508890151978
3997,7,1,0.10446178913116455
3998,4,1,0.10581600666046143
3999,9,1,-0.11907956004142761
4000,9,1,-0.05078423023223877
4001,4,1,0.19344884157180786
4002,3,0,-0.13972339034080505
4003,6,1,-0.07800215482711792
4004,3,0,-0.0870370864868164
4005,1,1,0.3687439560890198
4006,1,1,0.12797260284423828
4007,7,1,-0.1894342005252838
4008,6,1,0.2836233973503113
4009,9,1,-0.1556539535522461
4010,1,1,0.20505523681640625
4011,8,1,-0.2198091745376587
4012,4,1,0.39969366788864136
4013,1,1,-0.03349095582962036
4014,1,1,0.13774359226226807
4015,9,1,-0.22416876256465912
4016,9,1,0.11561700701713562
4017,4,1,-0.09324008226394653
4018,3,0,0.07948356866836548
4019,6,1,-0.09928721189498901
4020,8,1,-0.05504053831100464
4021,1,1,0.1720353364944458
4022,6,1,-0.017531782388687134
4023,0,1,0.756070077419281
4024,4,1,-0.1477278172969818
4025,1,1,0.1462906002998352
4026,3,0,-0.17664866149425507
4027,7,1,0.32724857330322266
4028,7,1,0.11154991388320923
4029,4,1,0.3878324627876282
4030,9,1,-0.07901337742805481
4031,5,1,-0.14402014017105103
4032,1,1,-0.05819612741470337
4033,0,1,0.7006210684776306
4034,0,1,0.3846932053565979
4035,1,1,-0.09757912158966064
4036,1,1,0.048471808433532715
4037,6,1,-0.04385840892791748
4038,2,1,-0.055676043033599854
4039,1,1,0.4092215895652771
4040,9,1,-0.21228787302970886
4041,8,1,-0.17951391637325287
4042,4,1,0.19754278659820557
4043,0,1,0.938083827495575
4044,3,0,-0.14671486616134644
4045,6,1,0.3258795738220215
4046,4,1,0.066722571849823
4047,9,1,0.21799331903457642
4048,0,1,1.9195690155029297
4049,7,1,0.06522461771965027
4050,1,1,0.9298636317253113
4051,6,1,0.18674689531326294
4052,5,1,-0.04028642177581787
4053,7,1,0.289472758769989
4054,5,1,-0.09357041120529175
4055,2,1,-0.11007878184318542
4056,5,1,0.04546111822128296
4057,1,1,0.09257441759109497
4058,8,1,-0.07776942849159241
4059,5,1,0.9610903859138489
4060,4,1,0.39732956886291504
4061,7,1,-0.08900243043899536
4062,0,1,-0.10783733427524567
4063,6,1,0.01452326774597168
4064,7,1,-0.13316583633422852
4065,0,1,-0.06815111637115479
4066,2,1,0.047257691621780396
4067,5,1,-0.12660394608974457
4068,8,1,-0.22036421298980713
4069,1,1,-0.01887643337249756
4070,0,1,0.2544282078742981
4071,4,1,0.1649506688117981
4072,5,1,-0.15227846801280975
4073,7,1,-0.07485353946685791
4074,1,1,0.3027985692024231
4075,8,1,-0.19760693609714508
4076,5,1,0.0981035828590393
4077,1,1,0.08016306161880493
4078,9,1,-0.189951092004776
4079,0,1,0.7612907290458679
4080,0,1,0.16566646099090576
4081,6,1,-0.13663235306739807
4082,0,1,0.39516395330429077
4083,7,1,0.15644890069961548
4084,3,0,-0.04267066717147827
4085,1,1,0.08589571714401245
4086,8,1,-0.08893108367919922
4087,3,0,-0.02798640727996826
4088,9,1,-0.2286931276321411
4089,7,1,-0.06455567479133606
4090,0,1,0.27757787704467773
4091,0,1,0.6629013419151306
4092,8,1,-0.22699587047100067
4093,9,1,-0.25210216641426086
4094,5,1,-0.09470266103744507
4095,9,1,-0.1887543499469757
4096,8,1,0.09408226609230042
4097,3,0,-0.2469155639410019
4098,2,1,-0.1745169758796692
4099,7,1,-0.20933276414871216
4100,2,1,-0.12977135181427002
4101,9,1,-0.2115871161222458
4102,7,1,0.07040852308273315
4103,2,1,-0.07576686143875122
4104,1,1,-0.05051177740097046
4105,1,1,0.1613277792930603
4106,3,0,-0.1832008957862854
4107,7,1,-0.10919225215911865
4108,5,1,0.32944077253341675
4109,3,0,-0.09704071283340454
4110,1,1,0.7576887011528015
4111,9,1,0.18939465284347534
4112,8,1,-0.23680660128593445
4113,2,1,-0.10693156719207764
4114,2,1,0.03879964351654053
4115,2,1,-0.10623982548713684
4116,8,1,0.0783657431602478
4117,8,1,-0.14161017537117004
4118,5,1,0.06048983335494995
4119,7,1,-0.061468690633773804
4120,3,0,-0.04402533173561096
4121,8,1,-0.20578160881996155
4122,9,1,-0.1129249632358551
4123,8,1,-0.11994263529777527
4124,8,1,-0.03549790382385254
4125,6,1,0.09218445420265198
4126,8,1,-0.20747359097003937
4127,2,1,-0.1313004493713379
4128,3,0,-0.2393759936094284
4129,9,1,-0.04499924182891846
4130,7,1,-0.10272136330604553
4131,5,1,-0.18100593984127045
4132,6,1,-0.060942620038986206
4133,2,1,0.17723947763442993
4134,9,1,0.006490051746368408
4135,2,1,0.23607361316680908
4136,8,1,-0.2006816416978836
4137,8,1,0.0962144136428833
4138,1,1,0.053441524505615234
4139,6,1,0.40503501892089844
4140,8,1,0.18526989221572876
4141,8,1,-0.038652241230010986
4142,7,1,-0.04004192352294922
4143,9,1,-0.15093329548835754
4144,1,1,-0.017280787229537964
4145,8,1,-0.1123780608177185
4146,0,1,-0.008790343999862671
4147,1,1,0.4514210820198059
4148,7,1,0.009156107902526855
4149,2,1,0.044531047344207764
4150,0,1,0.3646494746208191
4151,7,1,0.09250396490097046
4152,5,1,0.16308170557022095
4153,1,1,-0.10714532434940338
4154,9,1,-0.12676237523555756
4155,0,1,1.0408210754394531
4156,2,1,-0.14583496749401093
4157,0,1,0.031323641538619995
4158,9,1,0.1267315149307251
4159,8,1,-0.1784195750951767
4160,6,1,-0.19341273605823517
4161,2,1,-0.11398673057556152
4162,3,0,-0.146919384598732
4163,9,1,-0.06227383017539978
4164,3,0,-0.2430650293827057
4165,8,1,-0.12811541557312012
4166,0,1,-0.1914777308702469
4167,2,1,0.028278827667236328
4168,1,1,0.039948850870132446
4169,1,1,-0.05462881922721863
4170,1,1,0.44459378719329834
4171,1,1,-0.06534451246261597
4172,4,1,0.13984417915344238
4173,2,1,-0.039205968379974365
4174,9,1,-0.2010771930217743
4175,7,1,-0.04316350817680359
4176,2,1,-0.013632237911224365
4177,5,1,0.04591304063796997
4178,1,1,1.3874409198760986
4179,1,1,0.11442553997039795
4180,2,1,-0.0249006450176239
4181,1,1,0.06362128257751465
4182,9,1,0.08541715145111084
4183,9,1,0.05078926682472229
4184,9,1,-0.1034066379070282
4185,1,1,0.7503353953361511
4186,0,1,0.23683935403823853
4187,2,1,0.2158847451210022
4188,0,1,0.5374985933303833
4189,2,1,-0.09190872311592102
4190,1,1,0.1624925136566162
4191,1,1,0.7549509406089783
4192,4,1,0.3326353430747986
4193,6,1,0.07422906160354614
4194,4,1,-0.08033484220504761
4195,1,1,0.18185436725616455
4196,5,1,-0.08995836973190308
4197,4,1,0.2432478666305542
4198,9,1,-0.045411139726638794
4199,7,1,0.9587844014167786
4200,7,1,0.19405144453048706
4201,1,1,0.23322182893753052
4202,5,1,0.8340770602226257
4203,6,1,0.05973118543624878
4204,2,1,0.14752715826034546
4205,2,1,0.08532437682151794
4206,2,1,0.06824871897697449
4207,8,1,-0.049636244773864746
4208,0,1,0.6940127015113831
4209,6,1,0.012949466705322266
4210,9,1,0.17216604948043823
4211,6,1,0.03950554132461548
4212,1,1,-0.16698557138442993
4213,9,1,-0.2603411078453064
4214,7,1,-0.11419761180877686
4215,7,1,-0.05229896306991577
4216,1,1,0.6789886355400085
4217,4,1,0.039788663387298584
4218,8,1,0.18846529722213745
4219,5,1,-0.11261895298957825
4220,3,0,-0.2653202414512634
4221,4,1,0.13712558150291443
4222,3,0,-0.23241887986660004
4223,4,1,0.10989519953727722
4224,9,1,0.23114675283432007
4225,7,1,-0.1582890748977661
4226,5,1,-0.046060144901275635
4227,0,1,-0.08565223217010498
4228,7,1,-0.09381282329559326
4229,4,1,0.2473270297050476
4230,8,1,1.0046684741973877
4231,8,1,0.17715662717819214
4232,1,1,0.5593069791793823
4233,5,1,0.15255165100097656
4234,3,0,-0.042520344257354736
4235,9,1,0.0522666871547699
4236,5,1,0.32959115505218506
4237,9,1,-0.016947269439697266
4238,7,1,-0.10368475317955017
4239,6,1,-0.03787735104560852
4240,9,1,-0.14401324093341827
4241,0,1,0.1563817262649536
4242,3,0,-0.1936686933040619
4243,6,1,-0.017057836055755615
4244,3,0,-0.1477629840373993
4245,9,1,0.12507575750350952
4246,8,1,-0.07004955410957336
4247,2,1,-0.12379752099514008
4248,2,1,0.23363053798675537
4249,1,1,0.33871299028396606
4250,2,1,-0.03674036264419556
4251,8,1,-0.13157102465629578
4252,6,1,-0.03220963478088379
4253,8,1,-0.19219471514225006
4254,5,1,-0.027493327856063843
4255,5,1,-0.21504944562911987
4256,3,0,-0.16733625531196594
4257,9,1,0.09193158149719238
4258,4,1,0.11433351039886475
4259,9,1,0.1024552583694458
4260,2,1,-0.09518906474113464
4261,5,1,0.20197588205337524
4262,1,1,0.08864247798919678
4263,5,1,-0.1674083173274994
4264,1,1,0.23827499151229858
4265,4,1,-0.03987947106361389
4266,4,1,-0.15713489055633545
4267,1,1,0.02251148223876953
4268,4,1,0.6516677737236023
4269,4,1,0.3587334156036377
4270,3,0,-0.23064830899238586
4271,5,1,0.14039897918701172
4272,9,1,-0.1463274508714676
4273,1,1,0.5545044541358948
4274,2,1,-0.12744590640068054
4275,2,1,-0.04953506588935852
4276,3,0,-0.13804930448532104
4277,3,0,-0.175267294049263
4278,0,1,0.3548387885093689
4279,2,1,-0.019829154014587402
4280,9,1,0.02006584405899048
4281,0,1,-0.15982139110565186
4282,0,1,0.4886583685874939
4283,9,1,0.21127134561538696
4284,9,1,-0.1880640685558319
4285,6,1,-0.14600107073783875
4286,0,1,0.9257795214653015
4287,9,1,-0.008862286806106567
4288,3,0,-0.26880282163619995
4289,2,1,-0.019203156232833862
4290,8,1,-0.029449671506881714
4291,4,1,0.2048906683921814
4292,1,1,0.04400503635406494
4293,9,1,-0.08177870512008667
4294,9,1,0.05136305093765259
4295,7,1,0.08704903721809387
4296,2,1,-0.0645836591720581
4297,7,1,-0.09399932622909546
4298,9,1,0.25150078535079956
4299,9,1,0.12707629799842834
4300,5,1,0.009806036949157715
4301,9,1,0.10388877987861633
4302,5,1,0.23130708932876587
4303,1,1,0.4685485363006592
4304,1,1,0.39391881227493286
4305,8,1,-0.15780553221702576
4306,3,0,-0.0008847713470458984
4307,5,1,-0.10706616938114166
4308,1,1,0.646081268787384
4309,9,1,-0.14492790400981903
4310,5,1,0.5073795914649963
4311,3,0,-0.13012881577014923
4312,5,1,0.41141653060913086
4313,4,1,0.2955617904663086
4314,9,1,0.3072734475135803
4315,5,1,-0.17079976201057434
4316,9,1,-0.06200796365737915
4317,3,0,-0.14479674398899078
4318,1,1,1.3396739959716797
4319,9,1,-0.17430171370506287
4320,0,1,0.5565431118011475
4321,9,1,-0.22601816058158875
4322,7,1,-0.006231248378753662
4323,5,1,0.18692660331726074
4324,4,1,-0.028021126985549927
4325,9,1,-0.2522217929363251
4326,2,1,-0.056678593158721924
4327,0,1,0.7881097197532654
4328,1,1,0.007941007614135742
4329,0,1,0.06197857856750488
4330,5,1,-0.07951006293296814
4331,1,1,0.44885724782943726
4332,4,1,-0.11847276985645294
4333,9,1,-0.17275696992874146
4334,3,0,-0.2267186939716339
4335,3,0,-0.006625056266784668
4336,6,1,0.011444389820098877
4337,1,1,0.22722399234771729
4338,5,1,-0.1187935471534729
4339,2,1,-0.05346539616584778
4340,5,1,-0.0696215033531189
4341,2,1,0.1404123604297638
4342,2,1,0.04368981719017029
4343,0,1,0.01756894588470459
4344,9,1,0.6222066283226013
4345,2,1,0.050149381160736084
4346,6,1,-0.03504711389541626
4347,6,1,0.022554248571395874
4348,0,1,0.6196390390396118
4349,1,1,-0.0654001235961914
4350,2,1,0.14529022574424744
4351,0,1,0.353543221950531
4352,3,0,-0.14780624210834503
4353,0,1,-0.04541778564453125
4354,2,1,0.011562883853912354
4355,5,1,-0.12484240531921387
4356,5,1,-0.156638503074646
4357,7,1,0.35849297046661377
4358,9,1,-0.16311289370059967
4359,5,1,-0.10641515254974365
4360,5,1,-0.23728898167610168
4361,0,1,-0.08215954899787903
4362,8,1,-0.0823206901550293
4363,9,1,0.15817183256149292
4364,5,1,-0.07034283876419067
4365,0,1,0.15004408359527588
4366,3,0,-0.23889881372451782
4367,2,1,0.45679283142089844
4368,5,1,0.24684685468673706
4369,9,1,0.5232487916946411
4370,0,1,0.1252794861793518
4371,8,1,-0.2132275104522705
4372,8,1,-0.20000150799751282
4373,4,1,-0.055092841386795044
4374,5,1,-0.048881977796554565
4375,8,1,-0.11294297873973846
4376,8,1,-0.07812297344207764
4377,4,1,0.17590230703353882
4378,5,1,0.07443827390670776
4379,4,1,0.06788963079452515
4380,8,1,0.08398616313934326
4381,5,1,-0.11971256136894226
4382,4,1,-0.14336708188056946
4383,9,1,-0.014439910650253296
4384,2,1,0.009611427783966064
4385,2,1,-0.058125823736190796
4386,1,1,-0.10529673099517822
4387,2,1,0.020967483520507812
4388,6,1,0.02823391556739807
4389,8,1,-0.13079306483268738
4390,8,1,-0.09898495674133301
4391,7,1,0.05123552680015564
4392,0,1,0.8236305117607117
4393,3,0,-0.1785137802362442
4394,6,1,0.34733104705810547
4395,6,1,-0.0005316436290740967
4396,4,1,-0.02812206745147705
4397,3,0,-0.14405246078968048
4398,8,1,-0.22510969638824463
4399,8,1,-0.25263363122940063
4400,7,1,0.44462209939956665
4401,2,1,-0.09690231084823608
4402,2,1,0.0668710470199585
4403,0,1,0.5313822031021118
4404,0,1,0.13583743572235107
4405,9,1,0.1061122715473175
4406,3,0,-0.2040591835975647
4407,9,1,-0.08807069063186646
4408,9,1,0.1795474886894226
4409,1,1,0.14242231845855713
4410,9,1,-0.10067819058895111
4411,8,1,-0.08366996049880981
4412,6,1,-0.10733658075332642
4413,6,1,-0.15196430683135986
4414,4,1,-0.09502801299095154
4415,2,1,0.09550580382347107
4416,6,1,0.4602537751197815
4417,9,1,-0.12145864963531494
4418,2,1,0.09217345714569092
4419,8,1,-0.009366542100906372
4420,5,1,-0.025828391313552856
4421,4,1,0.21584302186965942
4422,5,1,-0.17286425828933716
4423,7,1,-0.06311124563217163
4424,9,1,-0.00681614875793457
4425,9,1,-0.19795797765254974
4426,9,1,-0.04938787221908569
4427,2,1,-0.030059397220611572
4428,1,1,0.615628719329834
4429,8,1,-0.12445250153541565
4430,3,0,-0.10319608449935913
4431,4,1,0.1569092869758606
4432,0,1,-0.005071818828582764
4433,7,1,-0.00882294774055481
4434,8,1,-0.14644542336463928
4435,3,0,-0.05654662847518921
4436,9,1,-0.08566805720329285
4437,3,0,-0.03532728552818298
4438,4,1,0.053583383560180664
4439,6,1,0.13334330916404724
4440,5,1,-0.15592235326766968
4441,6,1,0.49890202283859253
4442,2,1,-0.001650989055633545
4443,3,0,-0.05825260281562805
4444,9,1,0.14711469411849976
4445,2,1,0.04173818230628967
4446,6,1,0.5555195212364197
4447,0,1,0.010592073202133179
4448,0,1,0.10749378800392151
4449,6,1,0.36845237016677856
4450,1,1,0.4216976761817932
4451,2,1,0.4221239686012268
4452,8,1,0.05705919861793518
4453,7,1,0.14877450466156006
4454,9,1,-0.17634014785289764
4455,8,1,0.11818599700927734
4456,2,1,-0.1561255156993866
4457,0,1,0.13203006982803345
4458,4,1,0.4423677921295166
4459,7,1,0.19082492589950562
4460,7,1,-0.18634986877441406
4461,5,1,-0.08090019226074219
4462,0,1,0.1988484263420105
4463,5,1,0.33508700132369995
4464,6,1,0.5707191824913025
4465,4,1,0.331004798412323
4466,6,1,0.001646965742111206
4467,7,1,-0.09106805920600891
4468,4,1,-0.15277978777885437
4469,3,0,-0.08727142214775085
4470,0,1,-0.09120076894760132
4471,7,1,0.22934412956237793
4472,5,1,0.2853189706802368
4473,0,1,-0.08448609709739685
4474,7,1,0.039379775524139404
4475,4,1,0.14233773946762085
4476,2,1,0.082101970911026
4477,0,1,-0.18081621825695038
4478,8,1,-0.09868136048316956
4479,9,1,-0.14984598755836487
4480,9,1,-0.06918293237686157
4481,4,1,0.7689333558082581
4482,2,1,-0.11884936690330505
4483,4,1,0.35926324129104614
4484,6,1,0.12051030993461609
4485,7,1,-0.09041273593902588
4486,8,1,-0.1835266649723053
4487,7,1,0.09825003147125244
4488,6,1,0.05079156160354614
4489,9,1,-0.2497694343328476
4490,4,1,0.24346119165420532
4491,1,1,0.3863176703453064
4492,3,0,-0.18214118480682373
4493,7,1,0.18072837591171265
4494,3,0,-0.2512021064758301
4495,0,1,0.020409047603607178
4496,8,1,-0.14623874425888062
4497,8,1,-0.06720441579818726
4498,7,1,-0.07655340433120728
4499,6,1,-0.10511896014213562
4500,9,1,0.0896872878074646
4501,3,0,-0.26400458812713623
4502,9,1,-0.1861213594675064
4503,2,1,-0.07294958829879761
4504,2,1,-0.05345398187637329
4505,9,1,-0.18453660607337952
4506,2,1,0.14684733748435974
4507,1,1,0.5406286120414734
4508,8,1,-0.10936082899570465
4509,3,0,-0.20890487730503082
4510,2,1,0.08083993196487427
4511,9,1,0.07504653930664062
4512,6,1,0.12817299365997314
4513,8,1,-0.15978413820266724
4514,4,1,-0.13397802412509918
4515,0,1,0.08614856004714966
4516,1,1,0.23483425378799438
4517,2,1,-0.02604520320892334
4518,8,1,-0.19720187783241272
4519,4,1,-0.16415904462337494
4520,5,1,0.06900691986083984
4521,2,1,-0.1134289801120758
4522,7,1,0.07183313369750977
4523,8,1,-0.03498256206512451
4524,1,1,-0.04205322265625
4525,1,1,-0.044732630252838135
4526,3,0,-0.14108482003211975
4527,0,1,0.36010366678237915
4528,3,0,-0.19429929554462433
4529,5,1,0.05312362313270569
4530,7,1,0.055590033531188965
4531,0,1,0.2392892837524414
4532,3,0,-0.28376197814941406
4533,1,1,0.712528645992279
4534,9,1,-0.0952019989490509
4535,3,0,-0.24332024157047272
4536,6,1,0.12324267625808716
4537,3,0,-0.23414692282676697
4538,1,1,-0.15461215376853943
4539,7,1,-0.16008210182189941
4540,7,1,-0.029591411352157593
4541,3,0,-0.20799872279167175
4542,0,1,0.28851962089538574
4543,8,1,-0.04936346411705017
4544,4,1,-0.12373976409435272
4545,8,1,-0.027972638607025146
4546,2,1,-0.04113325476646423
4547,6,1,0.43491679430007935
4548,5,1,0.11370214819908142
4549,2,1,-0.07831209897994995
4550,9,1,-0.16211256384849548
4551,7,1,0.29537099599838257
4552,3,0,-0.21140837669372559
4553,9,1,-0.2024904191493988
4554,0,1,0.5952315330505371
4555,9,1,-0.1318565011024475
4556,9,1,0.13074862957000732
4557,6,1,0.04282870888710022
4558,4,1,0.08357170224189758
4559,2,1,-0.020145177841186523
4560,9,1,0.32485026121139526
4561,7,1,0.32536059617996216
4562,2,1,0.1529340147972107
4563,1,1,0.4884774684906006
4564,1,1,0.0510140061378479
4565,6,1,0.1030656099319458
4566,7,1,-0.018030405044555664
4567,4,1,-0.025792211294174194
4568,7,1,0.40692490339279175
4569,5,1,-0.1535128802061081
4570,9,1,-0.13716360926628113
4571,6,1,0.0040273964405059814
4572,8,1,-0.22458051145076752
4573,2,1,-0.003159940242767334
4574,1,1,-0.031888365745544434
4575,4,1,0.1483878493309021
4576,4,1,0.024512648582458496
4577,5,1,0.6147070527076721
4578,7,1,-0.05632132291793823
4579,6,1,0.10768485069274902
4580,1,1,0.023118674755096436
4581,3,0,-0.24297262728214264
4582,2,1,-0.11663483083248138
4583,5,1,0.42948824167251587
4584,9,1,0.062196195125579834
4585,9,1,0.10236567258834839
4586,3,0,-0.16294646263122559
4587,6,1,0.20041894912719727
4588,1,1,-0.05098262429237366
4589,1,1,0.686043918132782
4590,4,1,-0.037661731243133545
4591,6,1,-0.15415161848068237
4592,9,1,-0.07430025935173035
4593,7,1,0.05234143137931824
4594,2,1,0.08505430817604065
4595,1,1,0.010759890079498291
4596,5,1,0.32323306798934937
4597,1,1,0.32199662923812866
4598,4,1,-0.10962620377540588
4599,6,1,0.1612468957901001
4600,3,0,-0.2117365002632141
4601,8,1,0.10264551639556885
4602,1,1,-0.020167231559753418
4603,1,1,-0.05803382396697998
4604,0,1,0.12748605012893677
4605,3,0,-0.19724762439727783
4606,1,1,0.6847744584083557
4607,6,1,-0.14264819025993347
4608,8,1,-0.14702066779136658
4609,4,1,0.09983372688293457
4610,9,1,-0.11135435104370117
4611,0,1,0.32951849699020386
4612,7,1,0.017802923917770386
4613,3,0,-0.2529279589653015
4614,0,1,0.3009468913078308
4615,2,1,0.13128042221069336
4616,9,1,0.17965322732925415
4617,0,1,0.5147919058799744
4618,6,1,0.4412524104118347
4619,6,1,-0.03818735480308533
4620,6,1,0.14493325352668762
4621,3,0,-0.19236448407173157
4622,6,1,0.5692259073257446
4623,7,1,0.12133976817131042
4624,7,1,0.5154609084129333
4625,2,1,-0.18606814742088318
4626,8,1,-0.03384402394294739
4627,6,1,0.539128839969635
4628,0,1,1.0888245105743408
4629,8,1,-0.10721220076084137
4630,3,0,0.18736869096755981
4631,0,1,0.2821618914604187
4632,2,1,-0.188323974609375
4633,9,1,0.5435622334480286
4634,8,1,-0.10365171730518341
4635,3,0,-0.21533486247062683
4636,2,1,-0.05197229981422424
4637,5,1,0.3714664578437805
4638,3,0,-0.20543214678764343
4639,8,1,-0.24852250516414642
4640,8,1,-0.15595349669456482
4641,0,1,0.260120689868927
4642,0,1,0.39252233505249023
4643,1,1,-0.074442058801651
4644,9,1,-0.1981426477432251
4645,5,1,0.2160583734512329
4646,1,1,0.6516091227531433
4647,3,0,-0.22623929381370544
4648,9,1,-0.052844882011413574
4649,6,1,0.08273583650588989
4650,0,1,0.5865939259529114
4651,1,1,0.2719288468360901
4652,4,1,0.5068095922470093
4653,1,1,0.3543456196784973
4654,7,1,0.026681184768676758
4655,1,1,0.4292318820953369
4656,2,1,0.32920128107070923
4657,3,0,-0.2045259326696396
4658,7,1,0.013348698616027832
4659,9,1,-0.16633202135562897
4660,7,1,-0.1361946165561676
4661,4,1,0.023600280284881592
4662,9,1,-0.22699445486068726
4663,9,1,-0.15612256526947021
4664,3,0,-0.08897018432617188
4665,9,1,0.15992945432662964
4666,2,1,0.06246235966682434
4667,8,1,0.08931806683540344
4668,2,1,-0.16528508067131042
4669,7,1,0.22972100973129272
4670,1,1,0.1231723427772522
4671,8,1,-0.11452899873256683
4672,0,1,0.010561376810073853
4673,9,1,-0.0742599368095398
4674,1,1,0.44472867250442505
4675,0,1,0.16673099994659424
4676,1,1,0.7734773755073547
4677,7,1,-0.21765965223312378
4678,7,1,-0.014445960521697998
4679,9,1,-0.0992770791053772
4680,6,1,0.1376742124557495
4681,9,1,-0.10142344236373901
4682,9,1,0.1090385913848877
4683,9,1,0.18649542331695557
4684,2,1,0.1732548475265503
4685,1,1,0.38427382707595825
4686,6,1,0.3254862427711487
4687,1,1,0.2635146379470825
4688,3,0,-0.22618207335472107
4689,5,1,-0.1355222463607788
4690,7,1,-0.049915701150894165
4691,1,1,-0.046729832887649536
4692,9,1,-0.00922095775604248
4693,7,1,0.04239916801452637
4694,6,1,0.009211063385009766
4695,4,1,-0.12333269417285919
4696,5,1,-0.1478295922279358
4697,7,1,0.02455422282218933
4698,6,1,-0.0784028172492981
4699,6,1,0.4225112795829773
4700,9,1,-0.1172611266374588
4701,9,1,-0.03996092081069946
4702,6,1,0.5416198372840881
4703,3,0,-0.041362643241882324
4704,6,1,-0.040368735790252686
4705,2,1,0.03381499648094177
4706,9,1,-0.17903661727905273
4707,8,1,-0.17829680442810059
4708,1,1,0.04134783148765564
4709,2,1,0.11053714156150818
4710,2,1,-0.02458435297012329
4711,5,1,0.7214066386222839
4712,5,1,-0.012194216251373291
4713,2,1,0.35795480012893677
4714,3,0,-0.24119752645492554
4715,7,1,0.26229071617126465
4716,2,1,-0.10877370834350586
4717,1,1,0.5023815035820007
4718,0,1,1.112800121307373
4719,1,1,0.7945330739021301
4720,0,1,0.0051295459270477295
4721,4,1,0.07988989353179932
4722,5,1,0.2753240466117859
4723,2,1,-0.0505826473236084
4724,8,1,-0.17240744829177856
4725,2,1,-0.16630442440509796
4726,8,1,-0.1315295398235321
4727,3,0,-0.1385287344455719
4728,5,1,0.014975130558013916
4729,1,1,0.012406468391418457
4730,7,1,0.08814036846160889
4731,8,1,-0.17970243096351624
4732,1,1,0.029091447591781616
4733,1,1,0.08959361910820007
4734,2,1,-0.020026206970214844
4735,9,1,-0.10252735018730164
4736,7,1,-0.1156630665063858
4737,8,1,-0.23556458950042725
4738,4,1,-0.006761044263839722
4739,0,1,0.12312215566635132
4740,3,0,-0.13645587861537933
4741,0,1,0.24264544248580933
4742,7,1,0.21320945024490356
4743,8,1,-0.13968424499034882
4744,8,1,-0.13336926698684692
4745,4,1,-0.03016906976699829
4746,7,1,-0.15095317363739014
4747,7,1,0.08424815535545349
4748,8,1,-0.03620874881744385
4749,5,1,0.13566714525222778
4750,8,1,-0.21637381613254547
4751,4,1,-0.11973726749420166
4752,9,1,-0.06920731067657471
4753,8,1,-0.18516430258750916
4754,1,1,0.040231168270111084
4755,3,0,-0.1901296079158783
4756,8,1,-0.014272063970565796
4757,0,1,0.24831682443618774
4758,3,0,-0.24065469205379486
4759,1,1,0.7508358359336853
4760,7,1,0.1760340929031372
4761,9,1,-0.04142162203788757
4762,5,1,-0.09097182750701904
4763,5,1,-0.11106681823730469
4764,1,1,0.3120642304420471
4765,6,1,0.26981961727142334
4766,5,1,-0.12351469695568085
4767,7,1,0.10151970386505127
4768,4,1,0.2165464162826538
4769,9,1,-0.12546083331108093
4770,3,0,-0.2816751301288605
4771,5,1,0.44799989461898804
4772,4,1,-0.13844576478004456
4773,7,1,-0.11189958453178406
4774,1,1,0.10791656374931335
4775,2,1,0.2965458035469055
4776,0,1,0.14725831151008606
4777,8,1,-0.15979912877082825
4778,1,1,0.21487778425216675
4779,6,1,0.8235204815864563
4780,0,1,0.1779358983039856
4781,7,1,-0.014509916305541992
4782,3,0,-0.17041227221488953
4783,4,1,-0.1263832300901413
4784,7,1,-0.12002520263195038
4785,3,0,-0.23313993215560913
4786,9,1,-0.11730355024337769
4787,6,1,-0.01862013339996338
4788,0,1,-0.09481653571128845
4789,8,1,-0.008710384368896484
4790,6,1,0.20537203550338745
4791,4,1,-0.040438950061798096
4792,8,1,-0.03885847330093384
4793,7,1,0.15787547826766968
4794,7,1,-0.09832370281219482
4795,9,1,-0.03222459554672241
4796,3,0,-0.06395784020423889
4797,8,1,-0.08427858352661133
4798,6,1,0.09596484899520874
4799,9,1,0.6419863104820251
4800,7,1,-0.03785443305969238
4801,2,1,0.09703570604324341
4802,3,0,0.1373540461063385
4803,4,1,-0.15056028962135315
4804,0,1,0.16220974922180176
4805,2,1,0.13868197798728943
4806,1,1,0.1943047046661377
4807,8,1,-0.17837746441364288
4808,3,0,-0.1454974114894867
4809,5,1,0.12640127539634705
4810,5,1,0.07233530282974243
4811,7,1,0.14746981859207153
4812,2,1,-0.18651536107063293
4813,4,1,0.13050183653831482
4814,6,1,0.13924622535705566
4815,7,1,-0.007148385047912598
4816,2,1,0.31171083450317383
4817,8,1,-0.11910538375377655
4818,3,0,-0.267322301864624
4819,0,1,0.0987233817577362
4820,8,1,-0.19336196780204773
4821,7,1,0.1944580078125
4822,8,1,-0.10276094079017639
4823,9,1,0.21006298065185547
4824,0,1,-0.0473560094833374
4825,8,1,-0.09431260824203491
4826,4,1,0.143632173538208
4827,4,1,-0.0769234299659729
4828,5,1,0.021797895431518555
4829,8,1,-0.19040651619434357
4830,5,1,0.19973742961883545
4831,6,1,0.04079940915107727
4832,6,1,0.05750814080238342
4833,3,0,-0.18131399154663086
4834,0,1,0.6186639666557312
4835,9,1,-0.15326917171478271
4836,3,0,-0.22071987390518188
4837,7,1,-0.1542748212814331
4838,6,1,0.0036353766918182373
4839,8,1,-0.17095640301704407
4840,9,1,-0.03152662515640259
4841,3,0,-0.23608265817165375
4842,4,1,-0.12736095488071442
4843,9,1,-0.03563019633293152
4844,5,1,-0.12798736989498138
4845,8,1,-0.05849155783653259
4846,9,1,-0.02612859010696411
4847,1,1,0.5220998525619507
4848,2,1,-0.1576010286808014
4849,8,1,-0.13365218043327332
4850,8,1,-0.14741210639476776
4851,6,1,-0.12269912660121918
4852,8,1,0.07125002145767212
4853,1,1,-0.10187336802482605
4854,3,0,-0.2083463817834854
4855,7,1,-0.20550759136676788
4856,9,1,0.0870475172996521
4857,0,1,-0.1518862247467041
4858,1,1,0.2951781153678894
4859,1,1,0.26040977239608765
4860,4,1,-0.15489080548286438
4861,7,1,-0.14271041750907898
4862,0,1,1.2757954597473145
4863,8,1,-0.17840400338172913
4864,1,1,1.1268763542175293
4865,7,1,-0.10614672303199768
4866,4,1,-0.08538687229156494
4867,5,1,-0.06370973587036133
4868,7,1,-0.060659825801849365
4869,1,1,-0.02281126379966736
4870,2,1,-0.09174704551696777
4871,1,1,1.0992345809936523
4872,1,1,0.3385128378868103
4873,3,0,-0.16076089441776276
4874,9,1,0.0762905478477478
4875,6,1,-0.11095207929611206
4876,2,1,0.6761988997459412
4877,1,1,0.23488324880599976
4878,2,1,0.3752095103263855
4879,8,1,0.0016421675682067871
4880,0,1,0.002681910991668701
4881,7,1,-0.011890113353729248
4882,6,1,-0.009107053279876709
4883,6,1,0.010654270648956299
4884,9,1,-0.17429271340370178
4885,3,0,-0.18859726190567017
4886,7,1,-0.2266843020915985
4887,0,1,0.11172762513160706
4888,5,1,0.24186569452285767
4889,2,1,-0.014123260974884033
4890,8,1,-0.1101830005645752
4891,0,1,1.513495922088623
4892,5,1,0.30832165479660034
4893,4,1,0.28174465894699097
4894,3,0,0.06799599528312683
4895,8,1,-0.1972208321094513
4896,4,1,0.043549180030822754
4897,6,1,-0.10967382788658142
4898,6,1,-0.17748108506202698
4899,2,1,-0.032165706157684326
4900,7,1,0.01655900478363037
4901,9,1,0.151569664478302
4902,5,1,-0.09893080592155457
4903,1,1,-0.002719700336456299
4904,3,0,-0.13647028803825378
4905,2,1,0.009303897619247437
4906,4,1,0.19711291790008545
4907,3,0,0.27386289834976196
4908,6,1,-0.06284564733505249
4909,1,1,0.18802136182785034
4910,9,1,-0.1752319633960724
4911,4,1,-0.17765027284622192
4912,4,1,-0.17685595154762268
4913,7,1,0.26969319581985474
4914,6,1,0.20774847269058228
4915,5,1,0.26585811376571655
4916,4,1,0.17068517208099365
4917,1,1,0.28632932901382446
4918,9,1,0.12566041946411133
4919,9,1,-0.19718360900878906
4920,2,1,0.07156407833099365
4921,7,1,0.0598771870136261
4922,8,1,-0.22041478753089905
4923,0,1,0.4902912378311157
4924,1,1,0.2622116804122925
4925,3,0,-0.26512664556503296
4926,6,1,-0.04904085397720337
4927,1,1,0.16639918088912964
4928,3,0,-0.16336596012115479
4929,4,1,0.44717705249786377
4930,1,1,0.20565688610076904
4931,1,1,0.1840825080871582
4932,1,1,0.6133344769477844
4933,5,1,0.16993039846420288
4934,6,1,0.025125086307525635
4935,0,1,0.09115713834762573
4936,7,1,-0.12537959218025208
4937,0,1,0.805935800075531
4938,7,1,0.07481825351715088
4939,2,1,0.0542142391204834
4940,3,0,-0.16652706265449524
4941,2,1,-0.02327829599380493
4942,5,1,0.008571922779083252
4943,2,1,0.28978878259658813
4944,2,1,-0.04600554704666138
4945,9,1,0.12184101343154907
4946,4,1,0.12838545441627502
4947,9,1,-0.08287674188613892
4948,8,1,-0.13241302967071533
4949,1,1,0.039212584495544434
4950,2,1,-0.02544957399368286
4951,1,1,0.6563346982002258
4952,6,1,0.09134432673454285
4953,1,1,0.11848953366279602
4954,2,1,0.11084979772567749
4955,7,1,0.13452044129371643
4956,8,1,-0.11662784218788147
4957,0,1,0.5402156114578247
4958,0,1,0.4118867516517639
4959,0,1,-0.05060005187988281
4960,8,1,0.06158214807510376
4961,2,1,-0.18625980615615845
4962,2,1,0.31054002046585083
4963,9,1,-0.03819328546524048
4964,2,1,0.11886662244796753
4965,2,1,-0.015676885843276978
4966,7,1,0.51118403673172
4967,9,1,0.17507636547088623
4968,9,1,0.2790175676345825
4969,2,1,0.10387939214706421
4970,7,1,0.023390531539916992
4971,5,1,-0.20207108557224274
4972,1,1,0.5745295882225037
4973,3,0,-0.22123222053050995
4974,4,1,0.05208921432495117
4975,9,1,-0.1120106428861618
4976,4,1,0.4870240092277527
4977,1,1,0.20979982614517212
4978,8,1,-0.18212251365184784
4979,5,1,0.011874675750732422
4980,6,1,0.004774242639541626
4981,2,1,0.004469096660614014
4982,8,1,-0.13607776165008545
4983,3,0,-0.2527199983596802
4984,1,1,0.2899419665336609
4985,2,1,0.08869659900665283
4986,8,1,-0.10682260990142822
4987,4,1,0.14167368412017822
4988,9,1,0.005801200866699219
4989,9,1,-0.09939926862716675
4990,3,0,-0.14218956232070923
4991,7,1,0.08667775988578796
4992,0,1,0.46270620822906494
4993,7,1,0.16349798440933228
4994,7,1,-0.03681868314743042
4995,2,1,-0.04188448190689087
4996,3,0,-0.22156277298927307
4997,2,1,-0.060105323791503906
4998,4,1,-0.06176266074180603
4999,0,1,0.5778394341468811
5000,3,0,-0.12688502669334412
5001,9,1,-0.034402996301651
5002,9,1,-0.1175515204668045
5003,8,1,-0.15140891075134277
5004,4,1,0.16439205408096313
5005,1,1,0.0008073747158050537
5006,0,1,0.3730483651161194
5007,6,1,-0.1059025228023529
5008,0,1,0.2666986584663391
5009,9,1,0.1999107003211975
5010,6,1,-0.05368205904960632
5011,8,1,0.08295935392379761
5012,6,1,0.19824594259262085
5013,1,1,-0.03771066665649414
5014,1,1,-0.019784152507781982
5015,9,1,-0.08263316750526428
5016,8,1,-0.039498209953308105
5017,9,1,-0.118218332529068
5018,2,1,0.13753020763397217
5019,3,0,-0.1973801553249359
5020,5,1,0.009705662727355957
5021,5,1,0.0411832332611084
5022,9,1,0.04048430919647217
5023,4,1,-0.06865993142127991
5024,2,1,0.1630834937095642
5025,1,1,0.1808255910873413
5026,9,1,-0.25808650255203247
5027,4,1,0.043122291564941406
5028,3,0,-0.1919061690568924
5029,9,1,-0.20938299596309662
5030,6,1,-0.03186237812042236
5031,0,1,0.10390305519104004
5032,4,1,-0.15669932961463928
5033,0,1,-0.09857863187789917
5034,6,1,-0.049732357263565063
5035,0,1,0.06491744518280029
5036,1,1,-0.008107304573059082
5037,2,1,0.17129677534103394
5038,3,0,-0.10763037204742432
5039,4,1,-0.1602402627468109
5040,7,1,0.13568055629730225
5041,8,1,-0.043656766414642334
5042,9,1,-0.060573846101760864
5043,0,1,0.3073795437812805
5044,1,1,-0.11275705695152283
5045,2,1,0.023489564657211304
5046,3,0,-0.13511325418949127
5047,4,1,-0.034849196672439575
5048,7,1,0.005501747131347656
5049,8,1,-0.10152345895767212
5050,9,1,-0.08160024881362915
5051,0,1,0.28706544637680054
5052,1,1,0.4250549077987671
5053,2,1,-0.0030792653560638428
5054,3,0,-0.024142920970916748
5055,4,1,-0.051416754722595215
5056,5,1,0.828244149684906
5057,6,1,0.052478790283203125
5058,7,1,-0.023727983236312866
5059,8,1,0.014160692691802979
5060,9,1,0.004116177558898926
5061,8,1,-0.18211773037910461
5062,3,0,-0.26115167140960693
5063,4,1,0.007673680782318115
5064,7,1,0.24048763513565063
5065,8,1,-0.15593084692955017
5066,6,1,-0.04158860445022583
5067,3,0,-0.1847536563873291
5068,4,1,0.7492265105247498
5069,0,1,0.34630054235458374
5070,9,1,-0.1755116879940033
5071,7,1,-0.1512046456336975
5072,1,1,0.1274140179157257
5073,9,1,-0.23737896978855133
5074,3,0,0.03778603672981262
5075,8,1,-0.06413942575454712
5076,4,1,-0.03231310844421387
5077,7,1,-0.08831509947776794
5078,3,0,-0.11735361814498901
5079,0,1,0.6623820662498474
5080,9,1,-0.03052675724029541
5081,1,1,0.11663192510604858
5082,4,1,-0.005749821662902832
5083,5,1,0.565848708152771
5084,4,1,-0.0048983097076416016
5085,6,1,-0.10380980372428894
5086,2,1,-0.19914227724075317
5087,0,1,0.44987863302230835
5088,6,1,-0.14255580306053162
5089,2,1,-0.13482306897640228
5090,1,1,0.026951253414154053
5091,1,1,-0.022468924522399902
5092,1,1,-0.025623291730880737
5093,1,1,-0.02738836407661438
5094,7,1,-0.0896979570388794
5095,2,1,-0.12874576449394226
5096,4,1,0.024988442659378052
5097,7,1,-0.06073969602584839
5098,5,1,0.3623778223991394
5099,2,1,-0.12360453605651855
5100,9,1,-0.17922985553741455
5101,4,1,-0.04903596639633179
5102,5,1,0.18051546812057495
5103,8,1,-0.16394633054733276
5104,4,1,-0.00533631443977356
5105,2,1,-0.17335350811481476
5106,9,1,-0.18104660511016846
5107,7,1,-0.01822623610496521
5108,0,1,0.21166545152664185
5109,0,1,0.3929225206375122
5110,7,1,-0.11681601405143738
5111,5,1,-0.009398728609085083
5112,1,1,0.19194912910461426
5113,1,1,0.09718993306159973
5114,7,1,0.14188820123672485
5115,6,1,-0.06189599633216858
5116,6,1,-0.06340736150741577
5117,6,1,0.17029088735580444
5118,8,1,-0.19748574495315552
5119,2,1,-0.07073894143104553
5120,2,1,-0.12907129526138306
5121,7,1,-0.10332868993282318
5122,7,1,-0.10708487033843994
5123,4,1,-0.020740807056427002
5124,0,1,0.45533591508865356
5125,2,1,-0.010399937629699707
5126,4,1,0.04580369591712952
5127,2,1,-0.11102251708507538
5128,1,1,-0.0013235211372375488
5129,8,1,0.19939672946929932
5130,9,1,-0.17595499753952026
5131,6,1,-0.1316339075565338
5132,1,1,0.33882075548171997
5133,0,1,0.38123899698257446
5134,5,1,0.6729184985160828
5135,9,1,-0.10496744513511658
5136,6,1,0.2331467866897583
5137,9,1,-0.12760184705257416
5138,8,1,0.049706488847732544
5139,0,1,0.4593771696090698
5140,3,0,-0.05691409111022949
5141,0,1,0.6415525078773499
5142,8,1,-0.015191256999969482
5143,3,0,-0.1938469111919403
5144,9,1,-0.11781986057758331
5145,6,1,-0.01763412356376648
5146,3,0,-0.13861623406410217
5147,0,1,0.35555362701416016
5148,1,1,0.028753042221069336
5149,2,1,-0.14476951956748962
5150,3,0,-0.19063417613506317
5151,4,1,0.24097222089767456
5152,5,1,-0.021179914474487305
5153,6,1,0.6039229035377502
5154,7,1,-0.06239470839500427
5155,0,1,0.1805652379989624
5156,1,1,-0.05899310111999512
5157,2,1,0.26322007179260254
5158,3,0,-0.08078476786613464
5159,4,1,-0.08091002702713013
5160,5,1,0.03809934854507446
5161,6,1,0.4410408139228821
5162,7,1,-0.09383702278137207
5163,8,1,-0.0038411319255828857
5164,9,1,0.037608325481414795
5165,0,1,-0.12349352240562439
5166,1,1,0.29032665491104126
5167,2,1,-0.04402318596839905
5168,3,0,-0.09022688865661621
5169,4,1,0.1844354271888733
5170,5,1,-0.1960303634405136
5171,6,1,0.34902632236480713
5172,7,1,0.14570534229278564
5173,8,1,-0.13998015224933624
5174,5,1,0.1545385718345642
5175,4,1,-0.07742840051651001
5176,8,1,0.10470438003540039
5177,7,1,-0.033686429262161255
5178,4,1,-0.11625084280967712
5179,7,1,-0.04882395267486572
5180,7,1,-0.03546452522277832
5181,3,0,-0.06005677580833435
5182,9,1,-0.03676497936248779
5183,8,1,0.07121637463569641
5184,8,1,-0.01447063684463501
5185,3,0,-0.10889133810997009
5186,1,1,0.12021085619926453
5187,5,1,-0.0785234272480011
5188,8,1,0.15187984704971313
5189,2,1,-0.13366124033927917
5190,7,1,-0.12878963351249695
5191,4,1,0.3800891041755676
5192,2,1,0.007477223873138428
5193,1,1,0.31967681646347046
5194,5,1,-0.08337360620498657
5195,4,1,-0.05832347273826599
5196,5,1,0.11821997165679932
5197,5,1,-0.0038841962814331055
5198,8,1,0.18052810430526733
5199,6,1,0.7506408095359802
5200,4,1,0.047539353370666504
5201,4,1,0.22711783647537231
5202,4,1,0.09962964057922363
5203,1,1,0.11527794599533081
5204,8,1,0.0016561150550842285
5205,7,1,0.10652440786361694
5206,5,1,-0.09312903881072998
5207,5,1,-0.08889734745025635
5208,1,1,-0.06880703568458557
5209,8,1,0.18081289529800415
5210,9,1,0.08353501558303833
5211,1,1,-0.00580143928527832
5212,3,0,-0.18465399742126465
5213,6,1,0.19799655675888062
5214,3,0,-0.26382601261138916
5215,3,0,-0.13251429796218872
5216,2,1,-0.08347252011299133
5217,2,1,-0.08688926696777344
5218,6,1,0.7373232245445251
5219,9,1,0.08263692259788513
5220,9,1,-0.13712424039840698
5221,6,1,1.0007495880126953
5222,5,1,0.20385032892227173
5223,5,1,0.04210865497589111
5224,3,0,-0.12988829612731934
5225,3,0,-0.1184995174407959
5226,8,1,-0.01927053928375244
5227,1,1,-0.06540787220001221
5228,6,1,0.25729745626449585
5229,5,1,-0.008660078048706055
5230,6,1,0.27976733446121216
5231,8,1,0.12941882014274597
5232,1,1,0.1473805010318756
5233,9,1,-0.08861878514289856
5234,7,1,-0.17019899189472198
5235,6,1,0.5760703682899475
5236,8,1,-0.04414421319961548
5237,3,0,-0.09608900547027588
5238,7,1,0.06385254859924316
5239,4,1,0.07952511310577393
5240,7,1,0.3117102384567261
5241,0,1,0.7420548796653748
5242,9,1,-0.13628391921520233
5243,0,1,0.34936416149139404
5244,0,1,0.546211302280426
5245,3,0,-0.17910775542259216
5246,7,1,0.21671968698501587
5247,9,1,-0.012747466564178467
5248,3,0,-0.20923109352588654
5249,0,1,0.4036198854446411
5250,2,1,0.02665385603904724
5251,0,1,0.5526493191719055
5252,1,1,0.42233186960220337
5253,0,1,-0.06328848004341125
5254,1,1,0.14796119928359985
5255,0,1,0.4531044363975525
5256,4,1,0.14923125505447388
5257,0,1,0.38800865411758423
5258,1,1,0.07583701610565186
5259,0,1,0.9035032391548157
5260,4,1,0.007936239242553711
5261,7,1,0.157942533493042
5262,9,1,-0.1403481662273407
5263,6,1,0.46859127283096313
5264,2,1,-0.07090717554092407
5265,6,1,0.8338082432746887
5266,2,1,-0.16645123064517975
5267,2,1,-0.1813386082649231
5268,9,1,-0.13434390723705292
5269,9,1,-0.10325291752815247
5270,0,1,-0.14913102984428406
5271,1,1,-0.10890066623687744
5272,2,1,0.12239179015159607
5273,3,0,-0.22293993830680847
5274,4,1,-0.19586431980133057
5275,5,1,-0.022464126348495483
5276,6,1,-0.10336074233055115
5277,7,1,-0.08837991952896118
5278,8,1,-0.1280258148908615
5279,9,1,-0.23678910732269287
5280,0,1,0.15438228845596313
5281,1,1,0.04845583438873291
5282,2,1,0.047569334506988525
5283,3,0,-0.197557270526886
5284,4,1,-0.028972625732421875
5285,5,1,-0.0474281907081604
5286,6,1,0.013598769903182983
5287,7,1,0.23833024501800537
5288,8,1,0.03698289394378662
5289,9,1,-0.22828309237957
5290,0,1,0.3563808798789978
5291,1,1,0.01084163784980774
5292,2,1,0.1466081738471985
5293,3,0,-0.2703486979007721
5294,4,1,0.34478431940078735
5295,5,1,0.13746824860572815
5296,6,1,0.03062218427658081
5297,7,1,0.0026981234550476074
5298,8,1,0.11698159575462341
5299,9,1,-0.13190971314907074
5300,8,1,-0.0741720199584961
5301,0,1,-0.08480721712112427
5302,5,1,-0.06493961811065674
5303,6,1,-0.06647560000419617
5304,6,1,-0.04573050141334534
5305,0,1,0.28123044967651367
5306,8,1,-0.1658061146736145
5307,0,1,0.24712830781936646
5308,2,1,0.036036133766174316
5309,3,0,-0.2392110973596573
5310,7,1,0.19329982995986938
5311,9,1,-0.16170211136341095
5312,4,1,0.087149977684021
5313,7,1,0.07402503490447998
5314,1,1,0.07147175073623657
5315,9,1,-0.19661056995391846
5316,1,1,0.1848415732383728
5317,7,1,0.17795729637145996
5318,1,1,-0.0013330578804016113
5319,4,1,-0.04347038269042969
5320,0,1,-0.15590918064117432
5321,0,1,0.13260406255722046
5322,4,1,-0.14377713203430176
5323,1,1,-0.07207530736923218
5324,7,1,-0.09631311893463135
5325,5,1,-0.004490315914154053
5326,7,1,0.03857734799385071
5327,1,1,0.11349722743034363
5328,3,0,-0.3005688488483429
5329,3,0,-0.24589106440544128
5330,3,0,-0.26553213596343994
5331,1,1,0.4163898825645447
5332,6,1,0.010025769472122192
5333,9,1,-0.15766693651676178
5334,7,1,-0.08846455812454224
5335,4,1,0.46189993619918823
5336,3,0,-0.23854340612888336
5337,0,1,0.20574796199798584
5338,2,1,0.07037672400474548
5339,5,1,0.04324990510940552
5340,2,1,0.28237712383270264
5341,6,1,-0.06598827242851257
5342,0,1,0.1500731110572815
5343,8,1,-0.16934064030647278
5344,9,1,-0.17575329542160034
5345,4,1,-0.20670293271541595
5346,3,0,-0.24615874886512756
5347,5,1,-0.011167168617248535
5348,4,1,-0.029120445251464844
5349,8,1,-0.09575307369232178
5350,1,1,-0.03366553783416748
5351,5,1,-0.039874374866485596
5352,9,1,-0.21412432193756104
5353,0,1,0.28263014554977417
5354,6,1,-0.04647034406661987
5355,4,1,0.05423623323440552
5356,3,0,-0.14594517648220062
5357,6,1,-0.11938466131687164
5358,3,0,-0.2652825713157654
5359,3,0,-0.226162850856781
5360,8,1,-0.19151049852371216
5361,1,1,-0.012094259262084961
5362,4,1,0.027781009674072266
5363,7,1,-0.08297359943389893
5364,5,1,0.12889832258224487
5365,7,1,-0.04462200403213501
5366,2,1,0.015698552131652832
5367,2,1,0.03635966777801514
5368,0,1,0.1179003119468689
5369,0,1,0.44372493028640747
5370,1,1,0.003781437873840332
5371,7,1,0.02747201919555664
5372,7,1,-0.08502733707427979
5373,9,1,-0.15636701881885529
5374,5,1,-0.005295753479003906
5375,9,1,-0.23156936466693878
5376,8,1,-0.17921596765518188
5377,9,1,-0.12359669804573059
5378,6,1,-0.09287974238395691
5379,8,1,-0.19918416440486908
5380,8,1,-0.10489515960216522
5381,2,1,0.25298452377319336
5382,3,0,-0.16349151730537415
5383,6,1,-0.1230313777923584
5384,1,1,-0.1023097038269043
5385,2,1,0.11252230405807495
5386,9,1,-0.22925648093223572
5387,8,1,-0.1707988977432251
5388,9,1,-0.1768570840358734
5389,5,1,0.03545999526977539
5390,2,1,0.2987402677536011
5391,6,1,0.07871457934379578
5392,2,1,0.10310596227645874
5393,4,1,0.05286455154418945
5394,8,1,0.03259572386741638
5395,4,1,0.17844849824905396
5396,6,1,0.08578294515609741
5397,5,1,0.027030974626541138
5398,0,1,0.13421165943145752
5399,1,1,0.08490779995918274
5400,5,1,-0.10665832459926605
5401,6,1,-0.09358018636703491
5402,7,1,0.08565735816955566
5403,8,1,-0.18694952130317688
5404,9,1,-0.04927906394004822
5405,0,1,0.2247605323791504
5406,1,1,0.27064967155456543
5407,2,1,-0.0992775559425354
5408,3,0,-0.1905490607023239
5409,4,1,-0.013064712285995483
5410,5,1,0.021080344915390015
5411,6,1,0.2776893377304077
5412,7,1,0.03988128900527954
5413,8,1,-0.08571076393127441
5414,9,1,0.12138962745666504
5415,0,1,0.6255272626876831
5416,1,1,-0.016310393810272217
5417,2,1,0.1492851972579956
5418,3,0,0.02067473530769348
5419,4,1,-0.07183817028999329
5420,5,1,-0.1397574245929718
5421,6,1,0.07499366998672485
5422,7,1,0.11622488498687744
5423,8,1,-0.1884070187807083
5424,9,1,0.08963903784751892
5425,7,1,-0.11103293299674988
5426,4,1,0.1541091799736023
5427,2,1,-0.08635067939758301
5428,0,1,0.27189743518829346
5429,9,1,-0.08954629302024841
5430,0,1,0.6162628531455994
5431,1,1,-0.08118939399719238
5432,5,1,-0.07442247867584229
5433,8,1,-0.13027986884117126
5434,8,1,-0.16032199561595917
5435,0,1,-0.07535895705223083
5436,2,1,0.19578909873962402
5437,7,1,0.009643018245697021
5438,8,1,-0.1353641152381897
5439,4,1,-0.023043274879455566
5440,4,1,-0.09528172016143799
5441,6,1,0.3990249037742615
5442,1,1,0.15776199102401733
5443,0,1,0.19031614065170288
5444,4,1,-0.1757405549287796
5445,5,1,-0.18522416055202484
5446,3,0,-0.2806814908981323
5447,9,1,-0.17328444123268127
5448,4,1,-0.16002368927001953
5449,2,1,0.0284651517868042
5450,0,1,0.08839040994644165
5451,5,1,0.47150617837905884
5452,0,1,0.4130294919013977
5453,1,1,0.031194239854812622
5454,3,0,-0.20361709594726562
5455,2,1,0.07728922367095947
5456,9,1,-0.19404491782188416
5457,1,1,0.19604438543319702
5458,6,1,0.14272648096084595
5459,0,1,0.2208142876625061
5460,1,1,0.02522614598274231
5461,1,1,0.09816455841064453
5462,8,1,-0.14199896156787872
5463,0,1,0.08349519968032837
5464,4,1,-0.06978702545166016
5465,7,1,-0.05198359489440918
5466,7,1,0.08733880519866943
5467,6,1,0.020822346210479736
5468,3,0,-0.2521336078643799
5469,6,1,0.09510651230812073
5470,0,1,0.277099072933197
5471,7,1,-0.0010203719139099121
5472,3,0,-0.11688974499702454
5473,5,1,-0.10545627772808075
5474,4,1,-0.10317705571651459
5475,2,1,-0.06360971927642822
5476,4,1,-0.020845383405685425
5477,1,1,0.4028970003128052
5478,8,1,-0.16953939199447632
5479,3,0,-0.21965759992599487
5480,5,1,0.27181434631347656
5481,6,1,0.31800544261932373
5482,7,1,-0.04004186391830444
5483,0,1,0.2556564211845398
5484,6,1,0.10022559762001038
5485,7,1,0.11003077030181885
5486,1,1,0.21916013956069946
5487,2,1,-0.1208929568529129
5488,5,1,-0.1463921070098877
5489,8,1,-0.1833678036928177
5490,1,1,0.030180424451828003
5491,9,1,-0.1739214062690735
5492,3,0,-0.25851547718048096
5493,8,1,-0.22013485431671143
5494,2,1,-0.0652264654636383
5495,8,1,-0.23852689564228058
5496,7,1,-0.019827604293823242
5497,6,1,0.19333750009536743
5498,7,1,-0.13124284148216248
5499,1,1,0.12104478478431702
5500,4,1,0.006129056215286255
5501,6,1,0.053026050329208374
5502,2,1,0.12697327136993408
5503,9,1,-0.052217185497283936
5504,3,0,-0.003374844789505005
5505,0,1,-0.13557931780815125
5506,1,1,0.005149334669113159
5507,2,1,-0.07387882471084595
5508,3,0,-0.29248741269111633
5509,4,1,-0.07564997673034668
5510,5,1,-0.1904338300228119
5511,6,1,-0.024518251419067383
5512,7,1,-0.07133322954177856
5513,0,1,-0.005754828453063965
5514,1,1,0.08888351917266846
5515,2,1,0.04543861746788025
5516,3,0,-0.1998923122882843
5517,4,1,0.03639256954193115
5518,5,1,-0.15296879410743713
5519,0,1,-0.06437128782272339
5520,1,1,0.031591594219207764
5521,2,1,0.052667826414108276
5522,8,1,-0.1411304473876953
5523,9,1,-0.10020211338996887
5524,1,1,-0.008662045001983643
5525,4,1,-0.07560306787490845
5526,0,1,-0.08306187391281128
5527,9,1,-0.11249054968357086
5528,5,1,-0.12390877306461334
5529,0,1,0.05602368712425232
5530,8,1,-0.15010382235050201
5531,0,1,0.4426584243774414
5532,7,1,-0.004801690578460693
5533,7,1,-0.16512440145015717
5534,1,1,0.03231549263000488
5535,1,1,-0.04979437589645386
5536,2,1,-0.16298292577266693
5537,9,1,-0.1964075118303299
5538,3,0,-0.2392885535955429
5539,6,1,0.04567629098892212
5540,7,1,-0.06291097402572632
5541,2,1,-0.09374889731407166
5542,3,0,-0.20481634140014648
5543,8,1,-0.20740900933742523
5544,1,1,-0.048764050006866455
5545,2,1,0.05392012000083923
5546,9,1,-0.1319579780101776
5547,8,1,-0.23230299353599548
5548,8,1,-0.19907324016094208
5549,7,1,-0.04258406162261963
5550,1,1,0.0862061083316803
5551,7,1,-0.07887789607048035
5552,1,1,-0.08568066358566284
5553,1,1,0.13946789503097534
5554,0,1,0.06038188934326172
5555,3,0,-0.1988278031349182
5556,4,1,-0.1714109480381012
5557,2,1,-0.05755767226219177
5558,6,1,0.3346748948097229
5559,4,1,-0.1683497428894043
5560,7,1,-0.08978158235549927
5561,4,1,-0.15394723415374756
5562,2,1,-0.20477361977100372
5563,7,1,-0.16313867270946503
5564,4,1,-0.05918058753013611
5565,9,1,-0.17602749168872833
5566,1,1,0.007609665393829346
5567,0,1,-0.04514569044113159
5568,6,1,0.1910773515701294
5569,8,1,-0.1271352469921112
5570,5,1,-0.024952679872512817
5571,5,1,-0.028262227773666382
5572,5,1,-0.05551642179489136
5573,3,0,-0.20926687121391296
5574,5,1,-0.09562146663665771
5575,9,1,-0.18477028608322144
5576,7,1,-0.1332482099533081
5577,4,1,-0.17561806738376617
5578,8,1,-0.19090725481510162
5579,5,1,-0.04277241230010986
5580,9,1,-0.20342090725898743
5581,6,1,-0.02679339051246643
5582,9,1,-0.1780005544424057
5583,3,0,-0.23972420394420624
5584,0,1,0.1766405701637268
5585,3,0,-0.1643545925617218
5586,8,1,-0.24693293869495392
5587,9,1,-0.11157092452049255
5588,1,1,0.10484901070594788
5589,8,1,-0.04676172137260437
5590,1,1,-0.0561811625957489
5591,6,1,-0.1359793245792389
5592,0,1,-0.014000177383422852
5593,0,1,0.506290078163147
5594,1,1,-0.04834294319152832
5595,2,1,0.1657593846321106
5596,3,0,-0.27012619376182556
5597,4,1,-0.014561861753463745
5598,5,1,0.15121591091156006
5599,6,1,0.20662623643875122
5600,7,1,-0.19940227270126343
5601,8,1,-0.08042284846305847
5602,9,1,-0.19060251116752625
5603,0,1,0.42941683530807495
5604,1,1,-0.10445356369018555
5605,2,1,-0.061067044734954834
5606,3,0,-0.23363931477069855
5607,4,1,0.05493646860122681
5608,5,1,0.23706501722335815
5609,6,1,0.27374500036239624
5610,7,1,-0.057809650897979736
5611,8,1,0.03602519631385803
5612,9,1,-0.11389842629432678
5613,0,1,0.8199836611747742
5614,1,1,-0.03220492601394653
5615,2,1,-0.1789926439523697
5616,3,0,-0.24752315878868103
5617,4,1,0.180353581905365
5618,5,1,0.9202808737754822
5619,6,1,0.1563512682914734
5620,7,1,-0.09847879409790039
5621,8,1,-0.13059811294078827
5622,9,1,0.0002402961254119873
5623,3,0,-0.16028816998004913
5624,5,1,-0.03543636202812195
5625,3,0,-0.2873753607273102
5626,2,1,-0.22741186618804932
5627,9,1,-0.03252530097961426
5628,3,0,-0.26150795817375183
5629,2,1,-0.16577580571174622
5630,1,1,0.0007798671722412109
5631,4,1,0.01964181661605835
5632,5,1,0.3818122148513794
5633,5,1,0.08572489023208618
5634,2,1,-0.18044058978557587
5635,3,0,-0.18617698550224304
5636,2,1,0.15435200929641724
5637,1,1,-0.009180933237075806
5638,3,0,-0.1286095231771469
5639,9,1,0.20220446586608887
5640,7,1,0.1405138373374939
5641,2,1,-0.11826488375663757
5642,1,1,0.14651727676391602
5643,2,1,-0.11601904034614563
5644,8,1,-0.03603845834732056
5645,9,1,-0.1790904998779297
5646,1,1,0.2904050350189209
5647,8,1,0.030042529106140137
5648,8,1,-0.04032048583030701
5649,7,1,-0.2557933032512665
5650,8,1,8.824467658996582e-05
5651,1,1,-0.053535521030426025
5652,0,1,-0.09441861510276794
5653,0,1,0.313778817653656
5654,7,1,-0.051524996757507324
5655,7,1,-0.11101201176643372
5656,8,1,-0.14247538149356842
5657,7,1,0.01401945948600769
5658,5,1,0.06353682279586792
5659,0,1,0.15567034482955933
5660,6,1,-0.01655980944633484
5661,1,1,0.17174363136291504
5662,5,1,-0.15263110399246216
5663,7,1,-0.14361998438835144
5664,4,1,-0.07489722967147827
5665,6,1,-0.08807796239852905
5666,1,1,-0.06596386432647705
5667,2,1,-0.05088186264038086
5668,5,1,0.08088582754135132
5669,0,1,0.709602415561676
5670,7,1,0.06339886784553528
5671,9,1,-0.09852182865142822
5672,9,1,-0.238849937915802
5673,0,1,0.7652884125709534
5674,3,0,-0.24550595879554749
5675,8,1,-0.09537139534950256
5676,4,1,0.7847022414207458
5677,4,1,-0.15424707531929016
5678,8,1,0.1715552806854248
5679,1,1,0.020885825157165527
5680,8,1,-0.010325819253921509
5681,6,1,0.006209582090377808
5682,5,1,0.14071124792099
5683,9,1,-0.059999048709869385
5684,0,1,0.34840965270996094
5685,0,1,0.6376267671585083
5686,0,1,0.841543972492218
5687,3,0,-0.1964838206768036
5688,7,1,-0.028225362300872803
5689,1,1,0.009466290473937988
5690,6,1,0.06472158432006836
5691,4,1,0.029940426349639893
5692,2,1,-0.15938568115234375
5693,6,1,-0.053061723709106445
5694,6,1,0.3611816167831421
5695,0,1,0.7058872580528259
5696,4,1,0.12167498469352722
5697,5,1,0.05617693066596985
5698,4,1,0.013705849647521973
5699,1,1,-0.05960536003112793
5700,3,0,-0.1515384167432785
5701,8,1,-0.14474472403526306
5702,6,1,0.35358768701553345
5703,3,0,-0.16955967247486115
5704,9,1,0.023572266101837158
5705,9,1,0.10431033372879028
5706,5,1,0.7791350483894348
5707,9,1,-0.09068292379379272
5708,3,0,-0.2615547180175781
5709,7,1,-0.15412217378616333
5710,8,1,-0.1854240894317627
5711,5,1,0.2572980523109436
5712,6,1,0.12171417474746704
5713,4,1,-0.0874951183795929
5714,7,1,-0.20035898685455322
5715,6,1,0.003574073314666748
5716,2,1,-0.12232676148414612
5717,2,1,-0.06849375367164612
5718,0,1,0.44993478059768677
5719,9,1,0.12470841407775879
5720,4,1,0.3180962800979614
5721,0,1,0.02445828914642334
5722,1,1,0.06230214238166809
5723,2,1,0.09361261129379272
5724,3,0,-0.17405763268470764
5725,4,1,0.2239864468574524
5726,5,1,-0.19145581126213074
5727,6,1,0.2544028162956238
5728,7,1,0.2890663743019104
5729,8,1,-0.033734261989593506
5730,9,1,0.010044217109680176
5731,0,1,0.021069347858428955
5732,1,1,0.008784502744674683
5733,2,1,0.13612890243530273
5734,3,0,0.10946133732795715
5735,5,1,0.012583374977111816
5736,6,1,0.21488606929779053
5737,0,1,0.38498181104660034
5738,1,1,-0.052044838666915894
5739,2,1,-0.03189125657081604
5740,3,0,-0.1387338936328888
5741,4,1,0.1366594433784485
5742,5,1,0.35852372646331787
5743,6,1,0.192191481590271
5744,8,1,-0.09968900680541992
5745,7,1,0.1496565043926239
5746,1,1,0.5304699540138245
5747,3,0,-0.29612550139427185
5748,2,1,0.06341373920440674
5749,8,1,0.12855565547943115
5750,0,1,0.33930110931396484
5751,7,1,-0.10933315753936768
5752,5,1,-0.13016723096370697
5753,9,1,0.01916024088859558
5754,9,1,-0.008245795965194702
5755,6,1,0.4478924870491028
5756,0,1,0.2039259672164917
5757,9,1,-0.19241374731063843
5758,4,1,-0.07517918944358826
5759,1,1,0.1306602954864502
5760,3,0,-0.2364918440580368
5761,2,1,0.5407214760780334
5762,1,1,0.03823453187942505
5763,2,1,0.22700077295303345
5764,3,0,-0.2204584777355194
5765,8,1,-0.0934610366821289
5766,3,0,-0.22736653685569763
5767,2,1,0.022176414728164673
5768,6,1,0.5209441184997559
5769,5,1,-0.09932816028594971
5770,6,1,0.30104488134384155
5771,8,1,0.037405550479888916
5772,2,1,0.2433139681816101
5773,7,1,-0.16049346327781677
5774,4,1,-0.110680490732193
5775,8,1,-0.015639901161193848
5776,1,1,0.020130634307861328
5777,8,1,0.13525235652923584
5778,0,1,0.10666018724441528
5779,5,1,0.17425018548965454
5780,3,0,-0.2024499773979187
5781,9,1,-0.10724623501300812
5782,4,1,0.6555494666099548
5783,1,1,-0.02793276309967041
5784,9,1,-0.046039462089538574
5785,2,1,0.08475983142852783
5786,1,1,0.0979350209236145
5787,9,1,0.223518967628479
5788,6,1,-0.0070687830448150635
5789,7,1,-0.16706633567810059
5790,9,1,-0.22237226366996765
5791,0,1,0.7478727698326111
5792,4,1,0.28797370195388794
5793,6,1,-0.032898902893066406
5794,1,1,0.10620701313018799
5795,7,1,-0.07676440477371216
5796,3,0,-0.11687225103378296
5797,8,1,0.3521423935890198
5798,7,1,0.49849218130111694
5799,2,1,-0.0024656057357788086
5800,9,1,-0.04712116718292236
5801,6,1,0.048456430435180664
5802,5,1,-0.06436499953269958
5803,8,1,0.03820991516113281
5804,3,0,-0.19857269525527954
5805,9,1,-0.17962142825126648
5806,0,1,0.16752851009368896
5807,5,1,0.040498435497283936
5808,7,1,-0.02994704246520996
5809,1,1,0.3667774200439453
5810,6,1,0.020863711833953857
5811,1,1,-0.01455417275428772
5812,0,1,-0.13789309561252594
5813,9,1,-0.18608880043029785
5814,3,0,-0.029215455055236816
5815,3,0,-0.15430781245231628
5816,4,1,0.2540271282196045
5817,4,1,-0.03848487138748169
5818,0,1,-0.18363749980926514
5819,6,1,-0.011722922325134277
5820,2,1,-0.0314178466796875
5821,5,1,-0.16615444421768188
5822,4,1,0.24282580614089966
5823,2,1,-0.07853251695632935
5824,3,0,-0.13862667977809906
5825,4,1,0.3506031632423401
5826,6,1,0.39156633615493774
5827,0,1,0.035870909690856934
5828,0,1,0.11670443415641785
5829,2,1,0.06797996163368225
5830,0,1,0.010476827621459961
5831,1,1,-0.003132760524749756
5832,4,1,-0.14254552125930786
5833,5,1,0.07380005717277527
5834,6,1,0.1569921374320984
5835,7,1,-0.09549903869628906
5836,8,1,0.09291893243789673
5837,9,1,-0.10285358130931854
5838,0,1,0.007270753383636475
5839,1,1,0.05822473764419556
5840,2,1,-0.042629897594451904
5841,3,0,-0.07990270853042603
5842,4,1,0.03524523973464966
5843,5,1,-0.019471049308776855
5844,6,1,0.42224782705307007
5845,7,1,-0.12034621834754944
5846,8,1,0.08643150329589844
5847,0,1,-0.059076666831970215
5848,1,1,-0.02373582124710083
5849,2,1,0.02043008804321289
5850,3,0,-0.22614040970802307
5851,4,1,-0.10246351361274719
5852,5,1,-0.14843644201755524
5853,6,1,-0.02192053198814392
5854,7,1,-0.19702720642089844
5855,8,1,-0.015502989292144775
5856,9,1,-0.11504620313644409
5857,8,1,-0.10680043697357178
5858,7,1,-0.291364848613739
5859,1,1,0.016210556030273438
5860,3,0,-0.26679909229278564
5861,7,1,-0.1754710078239441
5862,5,1,-0.178211510181427
5863,2,1,-0.015956401824951172
5864,8,1,-0.20552177727222443
5865,0,1,0.027801036834716797
5866,7,1,-0.21821099519729614
5867,5,1,-0.17891386151313782
5868,9,1,-0.019503861665725708
5869,9,1,0.03461337089538574
5870,0,1,0.000391542911529541
5871,9,1,-0.04339224100112915
5872,1,1,-0.10862332582473755
5873,1,1,0.5886653661727905
5874,5,1,-0.07727652788162231
5875,8,1,-0.2033173143863678
5876,8,1,-0.008941024541854858
5877,6,1,-0.1455560326576233
5878,3,0,-0.07432204484939575
5879,2,1,0.2736414074897766
5880,1,1,0.1585429310798645
5881,8,1,0.014860868453979492
5882,3,0,-0.18402332067489624
5883,2,1,0.13027715682983398
5884,6,1,0.29590916633605957
5885,5,1,-0.15129020810127258
5886,6,1,-0.08513230085372925
5887,7,1,0.09660559892654419
5888,4,1,0.1417078971862793
5889,1,1,0.05618703365325928
5890,0,1,-0.17822350561618805
5891,5,1,-0.10974884033203125
5892,3,0,-0.08228486776351929
5893,1,1,0.2045113444328308
5894,9,1,-0.05473494529724121
5895,2,1,0.27940958738327026
5896,1,1,0.09366551041603088
5897,9,1,-0.07767513394355774
5898,6,1,-0.10696560144424438
5899,0,1,0.04143211245536804
5900,4,1,0.2149636149406433
5901,6,1,0.10762140154838562
5902,1,1,0.3524205684661865
5903,7,1,-0.1058378666639328
5904,3,0,-0.2205929458141327
5905,8,1,-0.09669071435928345
5906,7,1,0.019859760999679565
5907,2,1,0.004381120204925537
5908,9,1,0.12488138675689697
5909,6,1,0.06975266337394714
5910,5,1,-0.21673981845378876
5911,8,1,-0.059092700481414795
5912,3,0,-0.053354352712631226
5913,5,1,0.13053688406944275
5914,7,1,-0.10460329055786133
5915,1,1,0.27337998151779175
5916,6,1,0.15493810176849365
5917,1,1,0.0030180811882019043
5918,0,1,-0.16820022463798523
5919,9,1,-0.18577401340007782
5920,6,1,-0.0558699369430542
5921,2,1,-0.0934138298034668
5922,5,1,-0.1231611967086792
5923,4,1,-0.12722845375537872
5924,2,1,-0.024198293685913086
5925,3,0,-0.2208963930606842
5926,4,1,-0.016978204250335693
5927,4,1,0.34848958253860474
5928,6,1,0.18048065900802612
5929,0,1,-0.0503232479095459
5930,0,1,0.36490654945373535
5931,2,1,0.2596443295478821
5932,0,1,0.1335119605064392
5933,1,1,0.06174445152282715
5934,2,1,-0.0006239414215087891
5935,3,0,-0.18914386630058289
5936,4,1,0.18312543630599976
5937,5,1,-0.22770382463932037
5938,6,1,-0.06512469053268433
5939,7,1,0.09027647972106934
5940,8,1,-0.22084935009479523
5941,9,1,0.00652766227722168
5942,0,1,0.32903754711151123
5943,1,1,-0.09178388118743896
5944,2,1,0.023035258054733276
5945,3,0,-0.23681926727294922
5946,4,1,-0.07748258113861084
5947,5,1,-0.14097842574119568
5948,6,1,-0.009263932704925537
5949,7,1,-0.15917742252349854
5950,8,1,-0.23772291839122772
5951,9,1,-0.002300173044204712
5952,0,1,0.13014590740203857
5953,1,1,0.27460843324661255
5954,2,1,0.19990891218185425
5955,3,0,-0.08932268619537354
5956,4,1,-0.006379365921020508
5957,5,1,-0.14312522113323212
5958,6,1,0.08935940265655518
5959,7,1,0.07903814315795898
5960,8,1,-0.2236330658197403
5961,9,1,0.03757387399673462
5962,8,1,-0.23785124719142914
5963,6,1,-0.0907282829284668
5964,5,1,-0.24974888563156128
5965,0,1,0.35714787244796753
5966,6,1,-0.03772321343421936
5967,8,1,-0.1977097988128662
5968,9,1,-0.11041885614395142
5969,4,1,0.012470662593841553
5970,1,1,0.3681764006614685
5971,9,1,-0.08651766180992126
5972,5,1,-0.2319255918264389
5973,3,0,-0.08743500709533691
5974,0,1,-0.027709364891052246
5975,4,1,0.1474580466747284
5976,8,1,-0.18730700016021729
5977,9,1,-0.03914004564285278
5978,1,1,0.11970981955528259
5979,4,1,-0.13849015533924103
5980,0,1,-0.1424407958984375
5981,5,1,-0.20163968205451965
5982,5,1,-0.1645786166191101
5983,2,1,-0.16236665844917297
5984,1,1,0.24474376440048218
5985,5,1,-0.1941007822751999
5986,4,1,-0.06100985407829285
5987,0,1,0.06675869226455688
5988,7,1,-0.00535815954208374
5989,6,1,-0.07767856121063232
5990,0,1,0.21170294284820557
5991,1,1,0.06196889281272888
5992,7,1,-0.0412825345993042
5993,0,1,0.5525830388069153
5994,6,1,-0.10417020320892334
5995,8,1,-0.20329990983009338
5996,9,1,-0.17251300811767578
5997,5,1,-0.1549701988697052
5998,1,1,0.37986576557159424
5999,7,1,0.310783326625824
6000,9,1,-0.07626020908355713
6001,8,1,-0.1859128475189209
6002,6,1,-0.07590621709823608
6003,0,1,-0.020531654357910156
6004,8,1,-0.22170864045619965
6005,1,1,0.3363998532295227
6006,7,1,5.173683166503906e-05
6007,7,1,-0.05796980857849121
6008,1,1,-0.04220622777938843
6009,3,0,-0.20669013261795044
6010,2,1,0.18906211853027344
6011,3,0,-0.21378254890441895
6012,1,1,0.06281149387359619
6013,4,1,-0.07698380947113037
6014,2,1,0.12592533230781555
6015,0,1,0.0786990225315094
6016,0,1,0.24130409955978394
6017,7,1,-0.08610618114471436
6018,8,1,-0.1917794942855835
6019,4,1,0.47658205032348633
6020,6,1,0.25250428915023804
6021,4,1,0.008282214403152466
6022,9,1,0.0928179919719696
6023,3,0,-0.1930745244026184
6024,8,1,-0.17941278219223022
6025,4,1,-0.07245403528213501
6026,7,1,0.31537795066833496
6027,2,1,-0.04310363531112671
6028,5,1,-0.14833194017410278
6029,6,1,-0.06529596447944641
6030,3,0,-0.09488648176193237
6031,6,1,-0.04159006476402283
6032,9,1,0.12345612049102783
6033,6,1,-0.056781113147735596
6034,3,0,-0.1982664167881012
6035,2,1,-0.08025643229484558
6036,2,1,-0.12454476952552795
6037,4,1,0.19071334600448608
6038,6,1,0.28104501962661743
6039,9,1,-0.0005517303943634033
6040,0,1,-0.1604260504245758
6041,2,1,0.2393081784248352
6042,5,1,-0.07771670818328857
6043,5,1,-0.24461084604263306
6044,1,1,0.1049041748046875
6045,3,0,-0.08717727661132812
6046,3,0,-0.2210102677345276
6047,9,1,0.029725372791290283
6048,7,1,0.09110939502716064
6049,8,1,-0.2129276692867279
6050,7,1,0.6863946318626404
6051,2,1,-0.15426412224769592
6052,2,1,-0.09043699502944946
6053,5,1,-0.1557203233242035
6054,7,1,0.009326040744781494
6055,9,1,-0.017006278038024902
6056,8,1,-0.23826652765274048
6057,2,1,0.15922147035598755
6058,1,1,0.04020881652832031
6059,3,0,-0.19554920494556427
6060,1,1,0.030630826950073242
6061,3,0,-0.2675975263118744
6062,0,1,0.0384545624256134
6063,1,1,-0.11677095293998718
6064,2,1,0.07181739807128906
6065,3,0,-0.19955448806285858
6066,4,1,0.005331695079803467
6067,5,1,-0.09778192639350891
6068,6,1,0.4068097472190857
6069,7,1,-0.04539006948471069
6070,8,1,-0.2139364331960678
6071,9,1,-0.14060556888580322
6072,0,1,-0.03165614604949951
6073,1,1,-0.14985552430152893
6074,2,1,0.02113744616508484
6075,3,0,-0.22348709404468536
6076,4,1,0.05276435613632202
6077,5,1,-0.005895286798477173
6078,6,1,0.15158545970916748
6079,7,1,-0.09132874011993408
6080,8,1,-0.07410871982574463
6081,9,1,-0.17745515704154968
6082,0,1,0.33042967319488525
6083,1,1,-0.13025936484336853
6084,2,1,-0.0658794641494751
6085,3,0,-0.18027806282043457
6086,4,1,0.17103081941604614
6087,5,1,0.11556151509284973
6088,6,1,0.28495389223098755
6089,7,1,-0.11714887619018555
6090,8,1,-0.17136210203170776
6091,9,1,-0.1316932737827301
6092,1,1,-0.07247325778007507
6093,2,1,-0.04975661635398865
6094,6,1,-0.08128196001052856
6095,5,1,-0.10959859192371368
6096,3,0,-0.1828635334968567
6097,0,1,0.32860100269317627
6098,7,1,-0.12130090594291687
6099,0,1,0.3816736340522766
6100,4,1,0.22958117723464966
6101,1,1,-0.0791344940662384
6102,4,1,0.04981952905654907
6103,3,0,-0.17432470619678497
6104,6,1,0.2541830539703369
6105,7,1,0.008891850709915161
6106,2,1,0.15964406728744507
6107,3,0,-0.2216815948486328
6108,1,1,-0.060354650020599365
6109,2,1,-0.07125112414360046
6110,1,1,-0.2104637771844864
6111,2,1,-0.0942566990852356
6112,9,1,-0.15052109956741333
6113,6,1,0.044736236333847046
6114,0,1,0.34991174936294556
6115,1,1,-0.13345864415168762
6116,3,0,-0.24093768000602722
6117,0,1,0.20475095510482788
6118,2,1,-0.0675044059753418
6119,7,1,-0.06030386686325073
6120,5,1,-0.06800103187561035
6121,7,1,-0.10004809498786926
6122,6,1,0.09999215602874756
6123,2,1,-0.07519033551216125
6124,9,1,-0.07911127805709839
6125,1,1,-0.03683561086654663
6126,9,1,-0.2233147919178009
6127,0,1,0.5796148180961609
6128,6,1,0.12381148338317871
6129,0,1,0.9978174567222595
6130,6,1,0.2665322422981262
6131,0,1,0.5552131533622742
6132,2,1,-0.058257460594177246
6133,0,1,0.26367294788360596
6134,6,1,-0.04773557186126709
6135,1,1,-0.1375950425863266
6136,5,1,-0.08109897375106812
6137,8,1,-0.14358100295066833
6138,4,1,-0.0687132477760315
6139,3,0,-0.1739518940448761
6140,0,1,0.28622108697891235
6141,1,1,-0.09968197345733643
6142,5,1,-0.09170800447463989
6143,4,1,-0.17360273003578186
6144,4,1,0.062306344509124756
6145,8,1,-0.223265141248703
6146,5,1,-0.11799393594264984
6147,7,1,-0.16695266962051392
6148,5,1,-0.08163779973983765
6149,7,1,-0.16231587529182434
6150,8,1,-0.13299480080604553
6151,3,0,-0.1691603660583496
6152,4,1,-0.16372793912887573
6153,8,1,-0.2113070785999298
6154,8,1,-0.1982908993959427
6155,5,1,0.010319411754608154
6156,2,1,0.31765270233154297
6157,9,1,-0.12635311484336853
6158,7,1,-0.11181490123271942
6159,1,1,-0.1641443967819214
6160,3,0,-0.20538337528705597
6161,8,1,-0.0924755334854126
6162,1,1,-0.1350608617067337
6163,0,1,0.26891863346099854
6164,7,1,-0.02078115940093994
6165,5,1,-0.055122703313827515
6166,9,1,-0.22764453291893005
6167,6,1,0.0629844069480896
6168,9,1,-0.053588300943374634
6169,4,1,0.2741270661354065
6170,7,1,-0.1765146255493164
6171,7,1,-0.10237482190132141
6172,9,1,0.016093820333480835
6173,9,1,0.16045910120010376
6174,3,0,-0.21250613033771515
6175,4,1,-0.12075376510620117
6176,4,1,0.21391934156417847
6177,3,0,-0.23294225335121155
6178,8,1,-0.22757676243782043
6179,6,1,-0.0421319305896759
6180,2,1,0.08134227991104126
6181,0,1,-0.03665131330490112
6182,1,1,-0.034570932388305664
6183,2,1,0.06485885381698608
6184,3,0,-0.2675361633300781
6185,4,1,-0.0871642529964447
6186,5,1,0.5107843279838562
6187,6,1,0.3184589743614197
6188,7,1,-0.1997254341840744
6189,8,1,-0.05136466026306152
6190,9,1,-0.13826332986354828
6191,0,1,0.42210835218429565
6192,1,1,-0.0585063099861145
6193,2,1,-0.023979246616363525
6194,3,0,-0.28309255838394165
6195,4,1,0.15073126554489136
6196,5,1,0.08141404390335083
6197,6,1,0.10773032903671265
6198,7,1,-0.09605363011360168
6199,8,1,-0.051281481981277466
6200,9,1,-0.08907574415206909
6201,0,1,0.14463341236114502
6202,1,1,0.06103783845901489
6203,2,1,0.020050466060638428
6204,3,0,-0.22383317351341248
6205,4,1,0.20046323537826538
6206,5,1,-0.17931970953941345
6207,6,1,0.01309916377067566
6208,7,1,-0.16881409287452698
6209,8,1,0.06942224502563477
6210,9,1,-0.13649776577949524
6211,0,1,-0.021377623081207275
6212,8,1,-0.08100175857543945
6213,3,0,-0.18918335437774658
6214,9,1,-0.20909295976161957
6215,5,1,-0.06441593170166016
6216,5,1,-0.12461720407009125
6217,2,1,-0.07289227843284607
6218,6,1,0.30934035778045654
6219,8,1,-0.1599816232919693
6220,4,1,-0.049107253551483154
6221,9,1,-0.1499505341053009
6222,1,1,0.037049174308776855
6223,7,1,-0.0978860855102539
6224,1,1,0.12531697750091553
6225,2,1,0.022201985120773315
6226,3,0,-0.29660922288894653
6227,5,1,-0.15224871039390564
6228,9,1,-0.06806814670562744
6229,6,1,0.09693154692649841
6230,9,1,-0.005834728479385376
6231,1,1,0.19309884309768677
6232,1,1,0.03189742565155029
6233,1,1,0.11884427070617676
6234,2,1,-0.05947756767272949
6235,9,1,-0.14652511477470398
6236,5,1,-0.1514451503753662
6237,6,1,0.23445218801498413
6238,8,1,-0.1301748901605606
6239,1,1,-0.01955324411392212
6240,2,1,-0.06500038504600525
6241,0,1,-0.1617966890335083
6242,7,1,-0.15026932954788208
6243,7,1,-0.08713465929031372
6244,5,1,-0.15089485049247742
6245,8,1,-0.07595974206924438
6246,2,1,-0.08258238434791565
6247,9,1,-0.1376948058605194
6248,8,1,-0.07899400591850281
6249,9,1,-0.07362392544746399
6250,0,1,-0.11707773804664612
6251,4,1,-0.04565027356147766
6252,6,1,-0.034956127405166626
6253,7,1,-0.1477658897638321
6254,1,1,0.10831499099731445
6255,3,0,-0.2485477775335312
6256,4,1,0.00045499205589294434
6257,5,1,-0.0654771625995636
6258,6,1,-0.0022536516189575195
6259,0,1,0.20430433750152588
6260,3,0,-0.27495694160461426
6261,6,1,0.09114342927932739
6262,8,1,-0.18948471546173096
6263,7,1,-0.05075007677078247
6264,0,1,0.7916521430015564
6265,4,1,-0.005809515714645386
6266,2,1,-0.03491505980491638
6267,7,1,0.008742451667785645
6268,4,1,0.13923954963684082
6269,7,1,-0.009604394435882568
6270,5,1,0.01641833782196045
6271,4,1,-0.07954880595207214
6272,3,0,-0.2164141982793808
6273,4,1,0.2050294280052185
6274,2,1,-0.031816720962524414
6275,8,1,-0.03389096260070801
6276,1,1,0.26190805435180664
6277,5,1,0.006754398345947266
6278,1,1,0.07734453678131104
6279,2,1,-0.08885595202445984
6280,0,1,0.2757055163383484
6281,2,1,0.0005968809127807617
6282,5,1,0.4323000907897949
6283,6,1,-0.11279866099357605
6284,4,1,0.16877716779708862
6285,3,0,-0.11905163526535034
6286,0,1,0.3395969867706299
6287,0,1,0.11755359172821045
6288,0,1,0.012810885906219482
6289,3,0,-0.20123668015003204
6290,3,0,-0.27214521169662476
6291,5,1,-0.006771892309188843
6292,7,1,-0.04870492219924927
6293,0,1,0.15119916200637817
6294,6,1,0.23862379789352417
6295,4,1,-0.05920681357383728
6296,8,1,0.12179046869277954
6297,8,1,0.07149529457092285
6298,6,1,-0.12237903475761414
6299,3,0,-0.2054102122783661
6300,4,1,0.026509493589401245
6301,6,1,0.11700436472892761
6302,9,1,-0.0678415298461914
6303,9,1,-0.13061180710792542
6304,8,1,-0.20723631978034973
6305,2,1,0.015394538640975952
6306,7,1,-0.17916010320186615
6307,7,1,-0.1102234423160553
6308,1,1,0.046735167503356934
6309,0,1,-0.10133235156536102
6310,1,1,-0.06434208154678345
6311,2,1,0.020990610122680664
6312,3,0,-0.3000788986682892
6313,4,1,-0.06184053421020508
6314,5,1,-0.03447580337524414
6315,6,1,-0.11285720765590668
6316,7,1,0.023487091064453125
6317,8,1,-0.16372278332710266
6318,9,1,-0.24816808104515076
6319,0,1,0.3618782162666321
6320,1,1,-0.02985668182373047
6321,2,1,0.14671173691749573
6322,3,0,-0.24832263588905334
6323,4,1,0.2909092307090759
6324,5,1,0.06164023280143738
6325,6,1,0.10313987731933594
6326,7,1,-0.007733762264251709
6327,8,1,-0.06715208292007446
6328,0,1,0.29886817932128906
6329,1,1,0.053330570459365845
6330,2,1,0.2798472046852112
6331,3,0,-0.2703118324279785
6332,4,1,0.1839008331298828
6333,5,1,-0.0662810206413269
6334,6,1,0.17223715782165527
6335,7,1,-0.1110348105430603
6336,8,1,-0.14663249254226685
6337,2,1,0.11379975080490112
6338,1,1,0.5060949325561523
6339,7,1,0.4917721152305603
6340,2,1,0.1322306990623474
6341,5,1,0.3141673803329468
6342,0,1,0.08998849987983704
6343,8,1,-0.22284474968910217
6344,0,1,0.1551041603088379
6345,2,1,0.06585803627967834
6346,7,1,0.07140541076660156
6347,8,1,-0.1450129747390747
6348,8,1,-0.06255766749382019
6349,3,0,-0.24122366309165955
6350,6,1,0.14525142312049866
6351,0,1,0.6769213080406189
6352,2,1,0.6415888667106628
6353,7,1,-0.04632037878036499
6354,6,1,0.10521090030670166
6355,6,1,0.089996337890625
6356,1,1,0.12855660915374756
6357,2,1,-0.021335124969482422
6358,8,1,-0.09803643822669983
6359,8,1,-0.20826676487922668
6360,7,1,0.06404036283493042
6361,7,1,0.1509426236152649
6362,4,1,0.05595448613166809
6363,7,1,-0.05292850732803345
6364,7,1,-0.03404584527015686
6365,3,0,-0.2536182105541229
6366,7,1,0.0689728856086731
6367,4,1,0.5135942697525024
6368,5,1,0.029612094163894653
6369,4,1,-0.015554308891296387
6370,3,0,-0.22212164103984833
6371,3,0,-0.27799928188323975
6372,8,1,-0.09040579199790955
6373,4,1,0.2233462929725647
6374,1,1,0.00960579514503479
6375,1,1,-0.05335688591003418
6376,9,1,-0.19031190872192383
6377,7,1,0.12695953249931335
6378,4,1,0.18563681840896606
6379,3,0,-0.24375644326210022
6380,7,1,0.009310871362686157
6381,3,0,-0.25419914722442627
6382,3,0,-0.22681501507759094
6383,0,1,-0.12077683210372925
6384,2,1,0.12449008226394653
6385,5,1,-0.024704188108444214
6386,5,1,-0.10235919058322906
6387,6,1,0.2247026562690735
6388,6,1,0.08294510841369629
6389,3,0,-0.19513872265815735
6390,5,1,-0.046664923429489136
6391,2,1,-0.005692422389984131
6392,5,1,0.008142471313476562
6393,9,1,-0.07714831829071045
6394,9,1,-0.21888287365436554
6395,8,1,-0.06762081384658813
6396,4,1,0.11241379380226135
6397,1,1,0.19251322746276855
6398,0,1,-0.019302845001220703
6399,6,1,0.20356088876724243
6400,0,1,0.04061782360076904
6401,9,1,-0.1515527218580246
6402,6,1,-0.01637306809425354
6403,8,1,-0.06537657976150513
6404,8,1,-0.15310215950012207
6405,5,1,-0.026241689920425415
6406,6,1,0.09418052434921265
6407,1,1,0.17504245042800903
6408,1,1,0.09002944827079773
6409,9,1,-0.055868297815322876
6410,8,1,-0.1558360606431961
6411,9,1,-0.04527297616004944
6412,2,1,0.5914745330810547
6413,3,0,-0.23433846235275269
6414,5,1,-0.17343753576278687
6415,5,1,-0.13958370685577393
6416,9,1,-0.05669599771499634
6417,4,1,0.07204806804656982
6418,2,1,0.6078158617019653
6419,1,1,0.015208184719085693
6420,9,1,-0.19309040904045105
6421,3,0,-0.22228938341140747
6422,9,1,-0.06107538938522339
6423,2,1,0.19913429021835327
6424,0,1,0.6452077031135559
6425,6,1,0.3186718225479126
6426,0,1,0.2950664162635803
6427,4,1,-0.06257855892181396
6428,0,1,0.3061668872833252
6429,0,1,0.6858155131340027
6430,1,1,0.0005958080291748047
6431,2,1,-0.09892398118972778
6432,3,0,-0.21803994476795197
6433,4,1,0.10611411929130554
6434,7,1,-0.20873701572418213
6435,8,1,-0.04280078411102295
6436,9,1,-0.14878076314926147
6437,0,1,0.05099165439605713
6438,1,1,0.230427086353302
6439,2,1,0.05604115128517151
6440,3,0,-0.20212137699127197
6441,7,1,-0.11429406702518463
6442,8,1,-0.04159101843833923
6443,9,1,-0.14355042576789856
6444,0,1,0.358448326587677
6445,1,1,0.23952996730804443
6446,2,1,0.030131101608276367
6447,3,0,-0.2640077471733093
6448,4,1,-0.04072225093841553
6449,7,1,-0.11259560286998749
6450,8,1,-0.10298267006874084
6451,9,1,-0.12621326744556427
6452,7,1,-0.13444878160953522
6453,3,0,-0.2506023049354553
6454,0,1,-0.02680116891860962
6455,3,0,-0.19735294580459595
6456,1,1,0.05602145195007324
6457,8,1,-0.0480273962020874
6458,7,1,-0.11579090356826782
6459,6,1,-0.13015006482601166
6460,4,1,-0.09845450520515442
6461,0,1,-0.024412572383880615
6462,2,1,0.24257975816726685
6463,6,1,0.02285778522491455
6464,8,1,-0.012905299663543701
6465,3,0,-0.245682954788208
6466,2,1,0.27156734466552734
6467,8,1,-0.2028343230485916
6468,1,1,-0.06957000494003296
6469,2,1,-0.09412354230880737
6470,0,1,-0.22563938796520233
6471,7,1,-0.06817290186882019
6472,1,1,0.23265236616134644
6473,0,1,-0.22772854566574097
6474,4,1,-0.09800344705581665
6475,4,1,0.11863744258880615
6476,5,1,-0.053953707218170166
6477,8,1,-0.1134864091873169
6478,0,1,-0.07817286252975464
6479,6,1,-0.14133673906326294
6480,2,1,0.24827301502227783
6481,3,0,-0.2517894506454468
6482,1,1,0.027678728103637695
6483,5,1,0.10639685392379761
6484,1,1,0.21455973386764526
6485,8,1,-0.08416467905044556
6486,5,1,-0.038267821073532104
6487,9,1,-0.20375719666481018
6488,4,1,-0.13277792930603027
6489,0,1,0.13974124193191528
6490,7,1,-0.13143035769462585
6491,5,1,-0.20524033904075623
6492,8,1,-0.07298168540000916
6493,8,1,-0.11932569742202759
6494,3,0,-0.18382391333580017
6495,8,1,-0.08153298497200012
6496,9,1,-0.2143397033214569
6497,2,1,-0.054372936487197876
6498,6,1,0.07383790612220764
6499,2,1,-0.005584239959716797
6500,5,1,0.11564451456069946
6501,3,0,-0.19439637660980225
6502,1,1,0.15356123447418213
6503,7,1,-0.1522754281759262
6504,3,0,-0.17716550827026367
6505,9,1,0.05412411689758301
6506,1,1,0.3578944802284241
6507,9,1,-0.022439301013946533
6508,9,1,-0.0640110969543457
6509,6,1,0.06634938716888428
6510,0,1,0.49946653842926025
6511,3,0,-0.23391969501972198
6512,9,1,-0.11410132050514221
6513,2,1,-0.01730099320411682
6514,8,1,-0.11364367604255676
6515,1,1,0.17582660913467407
6516,4,1,-0.11441701650619507
6517,3,0,-0.23264920711517334
6518,5,1,0.05595773458480835
6519,2,1,0.1152411699295044
6520,9,1,-0.24781930446624756
6521,2,1,-0.030559897422790527
6522,5,1,0.4215777516365051
6523,8,1,-0.22830721735954285
6524,9,1,-0.115203857421875
6525,5,1,0.36544090509414673
6526,0,1,0.6377504467964172
6527,1,1,-0.006760358810424805
6528,2,1,-0.021689653396606445
6529,4,1,0.5850420594215393
6530,5,1,0.12372890114784241
6531,6,1,0.6897684931755066
6532,0,1,0.575017511844635
6533,1,1,0.28352636098861694
6534,2,1,-0.0541306734085083
6535,3,0,-0.20161615312099457
6536,4,1,0.19119220972061157
6537,5,1,0.5049954056739807
6538,6,1,-0.08855640888214111
6539,7,1,-0.07590323686599731
6540,1,1,0.2290114164352417
6541,2,1,0.11876773834228516
6542,3,0,-0.054099202156066895
6543,4,1,0.1616917848587036
6544,5,1,-0.14972180128097534
6545,1,1,-0.10660061240196228
6546,0,1,0.09113717079162598
6547,4,1,0.18054074048995972
6548,5,1,0.14412957429885864
6549,6,1,0.7280740141868591
6550,6,1,0.0005024969577789307
6551,3,0,-0.21643908321857452
6552,4,1,0.42225998640060425
6553,4,1,0.20544183254241943
6554,2,1,0.30181199312210083
6555,8,1,-0.12017720937728882
6556,1,1,0.206007719039917
6557,0,1,0.13306117057800293
6558,6,1,0.4127078652381897
6559,4,1,0.7049257159233093
6560,9,1,0.33148741722106934
6561,7,1,0.29739683866500854
6562,2,1,0.3346185088157654
6563,3,0,-0.0746661126613617
6564,3,0,0.25400859117507935
6565,9,1,-0.09685134887695312
6566,2,1,-0.07252448797225952
6567,0,1,0.2535720467567444
6568,9,1,-0.018898606300354004
6569,3,0,0.4969409108161926
6570,3,0,-0.0319957435131073
6571,9,1,1.0563137531280518
6572,1,1,1.3452098369598389
6573,5,1,-0.09975510835647583
6574,2,1,0.5750738382339478
6575,3,0,-0.01795157790184021
6576,7,1,0.4524303674697876
6577,7,1,0.12706276774406433
6578,8,1,-0.14845232665538788
6579,4,1,0.38379716873168945
6580,0,1,0.6356183290481567
6581,2,1,-0.04436987638473511
6582,4,1,0.11052510142326355
6583,0,1,-0.05094060301780701
6584,2,1,-0.07514280080795288
6585,4,1,0.2599044442176819
6586,7,1,0.3830833435058594
6587,8,1,-0.06708741188049316
6588,0,1,-0.09887692332267761
6589,7,1,-0.1716385781764984
6590,0,1,0.7835555672645569
6591,6,1,0.40852123498916626
6592,9,1,0.3509865403175354
6593,3,0,-0.016642779111862183
6594,2,1,0.024952292442321777
6595,8,1,-0.06183904409408569
6596,6,1,0.4029273986816406
6597,0,1,-0.07894173264503479
6598,5,1,-0.1462058573961258
6599,7,1,0.12923741340637207
6600,5,1,0.7176265120506287
6601,1,1,0.014879703521728516
6602,0,1,0.2497846484184265
6603,8,1,0.04827755689620972
6604,1,1,0.030981242656707764
6605,6,1,0.7251761555671692
6606,7,1,0.14654511213302612
6607,2,1,0.47215789556503296
6608,9,1,0.3413604497909546
6609,7,1,0.49031418561935425
6610,9,1,-0.058033257722854614
6611,5,1,1.1156187057495117
6612,8,1,-0.196846604347229
6613,6,1,0.451016366481781
6614,2,1,0.041990309953689575
6615,6,1,0.1638178825378418
6616,2,1,0.04759824275970459
6617,8,1,-0.10561029613018036
6618,1,1,0.33356887102127075
6619,7,1,-0.04148381948471069
6620,5,1,0.4012659192085266
6621,0,1,-0.08466696739196777
6622,1,1,0.15413498878479004
6623,1,1,0.5923720002174377
6624,3,0,-0.17477796971797943
6625,8,1,0.6376416683197021
6626,4,1,0.04246419668197632
6627,9,1,0.06072866916656494
6628,1,1,0.3243752717971802
6629,8,1,-0.06662237644195557
6630,6,1,0.2991132140159607
6631,8,1,-0.14057332277297974
6632,9,1,0.06513422727584839
6633,0,1,-0.06783223152160645
6634,1,1,0.15157896280288696
6635,2,1,-0.19207227230072021
6636,3,0,-0.15144726634025574
6637,4,1,0.3659730553627014
6638,5,1,0.22575640678405762
6639,6,1,-0.06291317939758301
6640,7,1,-0.10554593801498413
6641,8,1,0.29822784662246704
6642,9,1,-0.10680483281612396
6643,0,1,-0.17973332107067108
6644,1,1,1.0084834098815918
6645,2,1,0.134013831615448
6646,3,0,-0.163116917014122
6647,4,1,0.142634779214859
6648,7,1,-0.06138119101524353
6649,8,1,0.23738986253738403
6650,9,1,-0.023511528968811035
6651,0,1,0.7628464102745056
6652,1,1,0.7633752226829529
6653,7,1,0.008511453866958618
6654,8,1,0.03480947017669678
6655,9,1,-0.02585846185684204
6656,9,1,-0.09274119138717651
6657,8,1,0.32913893461227417
6658,9,1,-0.11615598201751709
6659,8,1,0.29168015718460083
6660,4,1,0.07442617416381836
6661,1,1,-0.046444714069366455
6662,7,1,0.08408132195472717
6663,7,1,-0.1199694573879242
6664,3,0,-0.12161821126937866
6665,3,0,-0.2377781718969345
6666,7,1,-0.09699344635009766
6667,6,1,-0.1026872843503952
6668,6,1,0.10988032817840576
6669,6,1,0.034803420305252075
6670,1,1,0.338933527469635
6671,9,1,-0.05449867248535156
6672,0,1,0.0070452094078063965
6673,1,1,0.42143315076828003
6674,7,1,-0.07928860187530518
6675,6,1,-0.09420895576477051
6676,3,0,-0.20598730444908142
6677,2,1,0.2677721381187439
6678,1,1,0.20557063817977905
6679,7,1,0.1364762783050537
6680,1,1,0.35311752557754517
6681,3,0,-0.21929718554019928
6682,9,1,-0.045851290225982666
6683,1,1,0.024579882621765137
6684,7,1,-0.06759721040725708
6685,6,1,0.03656017780303955
6686,8,1,0.5201413035392761
6687,4,1,0.27052682638168335
6688,1,1,0.11268281936645508
6689,4,1,0.22455096244812012
6690,3,0,-0.10303129255771637
6691,6,1,0.13560083508491516
6692,9,1,-0.08877930045127869
6693,6,1,0.03346562385559082
6694,1,1,0.4121517539024353
6695,4,1,0.02938118577003479
6696,4,1,0.07607480883598328
6697,7,1,-0.02735656499862671
6698,2,1,0.07856780290603638
6699,4,1,0.06984806060791016
6700,4,1,0.25256866216659546
6701,0,1,0.32777029275894165
6702,1,1,-0.040368616580963135
6703,2,1,-0.1365121454000473
6704,3,0,-0.269797146320343
6705,4,1,-0.17185328900814056
6706,5,1,-0.12100264430046082
6707,6,1,-0.15573029220104218
6708,7,1,-0.042170196771621704
6709,8,1,0.13538214564323425
6710,9,1,-0.14326111972332
6711,0,1,0.42382490634918213
6712,1,1,-0.01510879397392273
6713,2,1,0.054948896169662476
6714,3,0,-0.21965816617012024
6715,4,1,0.024037837982177734
6716,5,1,0.10859844088554382
6717,6,1,0.009073257446289062
6718,9,1,-0.155096173286438
6719,0,1,0.6198777556419373
6720,1,1,-0.056026846170425415
6721,2,1,0.6380658745765686
6722,3,0,-0.1698463261127472
6723,4,1,0.01457303762435913
6724,7,1,0.030743122100830078
6725,8,1,0.04792323708534241
6726,1,1,0.07953685522079468
6727,3,0,-0.2889636158943176
6728,5,1,-0.03052377700805664
6729,1,1,0.2465829849243164
6730,7,1,-0.0241737961769104
6731,7,1,-0.06505879759788513
6732,2,1,0.08560055494308472
6733,1,1,0.1339464783668518
6734,4,1,0.05471348762512207
6735,8,1,-0.0003286302089691162
6736,3,0,-0.17051725089550018
6737,4,1,0.08412307500839233
6738,4,1,-0.0007802844047546387
6739,3,0,-0.1810823529958725
6740,9,1,-0.055952250957489014
6741,7,1,0.07808810472488403
6742,4,1,-0.08907303214073181
6743,1,1,-0.015413045883178711
6744,2,1,0.19817262887954712
6745,3,0,-0.2037915587425232
6746,5,1,0.27651530504226685
6747,9,1,-0.22821715474128723
6748,1,1,0.18999463319778442
6749,6,1,0.1379806101322174
6750,0,1,-0.03404116630554199
6751,1,1,0.19689160585403442
6752,0,1,0.13329064846038818
6753,0,1,0.5387222170829773
6754,2,1,-0.0489540696144104
6755,8,1,-0.19498826563358307
6756,7,1,0.06896042823791504
6757,1,1,0.15317845344543457
6758,1,1,-0.005284309387207031
6759,4,1,-0.08648210763931274
6760,0,1,0.5370082259178162
6761,4,1,-0.06204313039779663
6762,7,1,-0.0979379415512085
6763,3,0,-0.16240368783473969
6764,6,1,-0.05962151288986206
6765,8,1,0.08406293392181396
6766,0,1,0.040135979652404785
6767,3,0,-0.24258208274841309
6768,7,1,-0.07837671041488647
6769,4,1,0.040958404541015625
6770,0,1,0.3941904902458191
6771,6,1,-0.16906601190567017
6772,9,1,-0.20189842581748962
6773,2,1,0.007500976324081421
6774,6,1,-0.14765891432762146
6775,5,1,0.3921440839767456
6776,8,1,-0.18947261571884155
6777,6,1,0.1406269073486328
6778,9,1,-0.18138615787029266
6779,0,1,-0.0658947229385376
6780,4,1,-0.1231679767370224
6781,0,1,0.4793296456336975
6782,6,1,0.04725980758666992
6783,1,1,-0.18932397663593292
6784,9,1,-0.05832189321517944
6785,2,1,0.7423176169395447
6786,0,1,0.08206060528755188
6787,9,1,-0.1418166160583496
6788,5,1,0.33413565158843994
6789,1,1,0.20360064506530762
6790,3,0,-0.07746189832687378
6791,7,1,-0.10021862387657166
6792,6,1,-0.03406327962875366
6793,9,1,-0.11757233738899231
6794,3,0,-0.20180539786815643
6795,0,1,0.022718727588653564
6796,2,1,-0.13092662394046783
6797,2,1,0.13945016264915466
6798,0,1,0.4117266535758972
6799,1,1,0.08118936419487
6800,2,1,0.045850932598114014
6801,3,0,-0.28711938858032227
6802,4,1,0.03707212209701538
6803,5,1,-0.12727849185466766
6804,6,1,-0.04887819290161133
6805,7,1,-0.01783818006515503
6806,8,1,-0.11918532848358154
6807,9,1,-0.15746204555034637
6808,0,1,0.05886554718017578
6809,1,1,0.4345209002494812
6810,2,1,0.16946423053741455
6811,3,0,-0.20910662412643433
6812,4,1,-0.13676369190216064
6813,5,1,-0.016222238540649414
6814,6,1,0.07071125507354736
6815,7,1,0.2849072217941284
6816,8,1,-0.011546492576599121
6817,9,1,0.007946252822875977
6818,0,1,-0.05035203695297241
6819,1,1,0.09134173393249512
6820,2,1,-0.023955821990966797
6821,3,0,-0.24364355206489563
6822,4,1,-0.19089120626449585
6823,5,1,-0.06437242031097412
6824,6,1,0.18949896097183228
6825,7,1,0.03796219825744629
6826,8,1,-0.10057151317596436
6827,9,1,-0.0598011314868927
6828,2,1,0.03699275851249695
6829,1,1,0.12434017658233643
6830,7,1,0.24659442901611328
6831,2,1,0.15763390064239502
6832,5,1,0.006748318672180176
6833,0,1,0.3530387878417969
6834,8,1,-0.17608407139778137
6835,0,1,0.551970899105072
6836,2,1,0.16057687997817993
6837,7,1,-0.11718994379043579
6838,8,1,-0.1669052243232727
6839,8,1,-0.10219742357730865
6840,3,0,-0.2374018430709839
6841,0,1,0.1503085494041443
6842,6,1,0.5424383282661438
6843,0,1,0.06823360919952393
6844,2,1,0.14605334401130676
6845,7,1,0.047604262828826904
6846,6,1,-0.08385041356086731
6847,6,1,0.1348731517791748
6848,1,1,0.10571491718292236
6849,2,1,0.09668582677841187
6850,8,1,-0.12966088950634003
6851,8,1,-0.18767717480659485
6852,7,1,-0.08563944697380066
6853,7,1,-0.00011992454528808594
6854,4,1,-0.11542174220085144
6855,7,1,-0.08096128702163696
6856,7,1,0.1322869062423706
6857,3,0,-0.26181092858314514
6858,7,1,-0.12212783098220825
6859,4,1,-0.07427200675010681
6860,5,1,-0.13520050048828125
6861,4,1,0.024879932403564453
6862,3,0,-0.24613934755325317
6863,3,0,-0.20194579660892487
6864,8,1,-0.16768594086170197
6865,4,1,0.17614322900772095
6866,5,1,-0.14175856113433838
6867,4,1,-0.012000471353530884
6868,1,1,0.011483371257781982
6869,1,1,0.038826584815979004
6870,9,1,0.12570515275001526
6871,7,1,0.3119369149208069
6872,4,1,-0.1752414107322693
6873,3,0,-0.25290733575820923
6874,7,1,0.16049355268478394
6875,3,0,-0.20517072081565857
6876,3,0,-0.2651802897453308
6877,0,1,0.07075080275535583
6878,2,1,0.19700592756271362
6879,5,1,-0.05532395839691162
6880,5,1,-0.000387340784072876
6881,6,1,0.008680343627929688
6882,3,0,-0.20104551315307617
6883,1,1,0.11969178915023804
6884,5,1,0.09810930490493774
6885,2,1,0.00148850679397583
6886,5,1,-0.2621397376060486
6887,9,1,0.09708365797996521
6888,9,1,-0.17088162899017334
6889,8,1,-0.11392802000045776
6890,4,1,-0.020088493824005127
6891,1,1,0.27546823024749756
6892,0,1,0.04678007960319519
6893,6,1,0.04181712865829468
6894,0,1,-0.11581727862358093
6895,9,1,-0.11775757372379303
6896,6,1,0.010080039501190186
6897,8,1,0.01656925678253174
6898,8,1,-0.018288135528564453
6899,5,1,-0.06563809514045715
6900,6,1,0.10901451110839844
6901,1,1,0.5620388984680176
6902,1,1,0.1223398745059967
6903,9,1,-0.08162057399749756
6904,8,1,-0.10309529304504395
6905,9,1,-0.1443115472793579
6906,2,1,0.4493024945259094
6907,3,0,-0.08255025744438171
6908,5,1,0.18832868337631226
6909,5,1,0.10761240124702454
6910,9,1,0.02414149045944214
6911,4,1,0.11398977041244507
6912,2,1,0.026148200035095215
6913,1,1,0.20629644393920898
6914,9,1,0.00409284234046936
6915,4,1,-0.13312898576259613
6916,9,1,-0.10582466423511505
6917,1,1,0.08626407384872437
6918,3,0,-0.2624504864215851
6919,9,1,0.12646672129631042
6920,2,1,0.02115088701248169
6921,0,1,0.13709989190101624
6922,6,1,0.24788326025009155
6923,0,1,0.045247435569763184
6924,4,1,0.10931724309921265
6925,0,1,-0.1488114446401596
6926,6,1,0.3605078458786011
6927,0,1,-0.020917177200317383
6928,1,1,-0.12041711807250977
6929,2,1,0.23906844854354858
6930,3,0,-0.2663005292415619
6931,4,1,-0.1795320212841034
6932,5,1,0.23493438959121704
6933,6,1,-0.03937649726867676
6934,7,1,-0.14518432319164276
6935,8,1,-0.12789732217788696
6936,9,1,-0.0007280111312866211
6937,0,1,0.24042439460754395
6938,1,1,-0.013682574033737183
6939,2,1,-0.05348837375640869
6940,3,0,-0.25139012932777405
6941,4,1,-0.14165891706943512
6942,5,1,-0.12706047296524048
6943,6,1,-0.08884674310684204
6944,7,1,0.001228034496307373
6945,8,1,0.1868489384651184
6946,9,1,-0.03664320707321167
6947,0,1,0.38485604524612427
6948,1,1,-0.11735239624977112
6949,2,1,0.032598137855529785
6950,3,0,-0.18496713042259216
6951,4,1,-0.0947524905204773
6952,5,1,-0.03775778412818909
6953,6,1,-0.08254829049110413
6954,7,1,-0.20116356015205383
6955,8,1,-0.00745159387588501
6956,9,1,-0.17739686369895935
6957,3,0,-0.23550504446029663
6958,8,1,-0.15580210089683533
6959,0,1,-0.028957277536392212
6960,7,1,-0.12597328424453735
6961,1,1,0.10260656476020813
6962,0,1,-0.07650026679039001
6963,7,1,-0.13322681188583374
6964,5,1,-0.08884239196777344
6965,5,1,-0.010687410831451416
6966,6,1,-0.0846630334854126
6967,9,1,0.015321671962738037
6968,0,1,0.24293333292007446
6969,1,1,0.10260158777236938
6970,0,1,-0.13199353218078613
6971,0,1,0.08861872553825378
6972,8,1,-0.177421435713768
6973,3,0,-0.24593202769756317
6974,4,1,-0.16408318281173706
6975,3,0,-0.24961715936660767
6976,1,1,0.29324525594711304
6977,5,1,-0.207667276263237
6978,0,1,-0.06519228219985962
6979,0,1,-0.04770517349243164
6980,9,1,-0.023914337158203125
6981,5,1,-0.04897665977478027
6982,3,0,-0.21411558985710144
6983,4,1,0.07298097014427185
6984,9,1,-0.25475189089775085
6985,3,0,-0.2731281816959381
6986,7,1,-0.08950963616371155
6987,6,1,-0.036093950271606445
6988,9,1,-0.21031808853149414
6989,2,1,-0.057255327701568604
6990,4,1,0.22045236825942993
6991,5,1,-0.10956510901451111
6992,7,1,-0.012849926948547363
6993,2,1,0.12411445379257202
6994,6,1,-0.172909677028656
6995,4,1,-0.13928484916687012
6996,9,1,-0.0803663432598114
6997,4,1,-0.04336795210838318
6998,9,1,-0.045756369829177856
6999,4,1,0.03414753079414368
7000,1,1,0.19591158628463745
7001,2,1,-0.12464207410812378
7002,2,1,-0.19977928698062897
7003,5,1,-0.1532813012599945
7004,8,1,-0.1037500649690628
7005,1,1,0.09376877546310425
7006,3,0,-0.29281243681907654
7007,2,1,-0.05773639678955078
7008,9,1,-0.13848905265331268
7009,4,1,-0.08374953269958496
7010,3,0,-0.21367433667182922
7011,8,1,-0.14110514521598816
7012,2,1,0.04267135262489319
7013,2,1,-0.10229159891605377
7014,1,1,0.025215119123458862
7015,2,1,-0.18824642896652222
7016,8,1,-0.18236403167247772
7017,6,1,-0.14754405617713928
7018,5,1,-0.1178978830575943
7019,1,1,0.011252045631408691
7020,6,1,-0.11826959252357483
7021,7,1,-0.11458928883075714
7022,2,1,0.020115911960601807
7023,1,1,-0.051957666873931885
7024,3,0,-0.22768175601959229
7025,9,1,-0.10686904191970825
7026,3,0,-0.2618536949157715
7027,8,1,0.09667754173278809
7028,7,1,0.2949904203414917
7029,5,1,-0.18942423164844513
7030,7,1,-0.007848680019378662
7031,0,1,-0.21615087985992432
7032,7,1,-0.173912912607193
7033,4,1,0.13363534212112427
7034,8,1,-0.1849755048751831
7035,8,1,-0.1857714056968689
7036,5,1,0.100563645362854
7037,0,1,0.044792503118515015
7038,6,1,0.15694504976272583
7039,6,1,-0.17614693939685822
7040,3,0,-0.28354355692863464
7041,7,1,-0.1392887830734253
7042,6,1,0.022601813077926636
7043,9,1,0.1197640597820282
7044,9,1,0.2666845917701721
7045,4,1,0.04347023367881775
7046,8,1,-0.2065347582101822
7047,4,1,-0.06829813122749329
7048,1,1,0.20962220430374146
7049,0,1,-0.17748545110225677
7050,6,1,-0.27049875259399414
7051,6,1,-0.20070287585258484
7052,0,1,0.03896012902259827
7053,1,1,-0.08417308330535889
7054,2,1,0.12168827652931213
7055,3,0,-0.23125161230564117
7056,4,1,-0.0009514987468719482
7057,5,1,-0.010385870933532715
7058,6,1,0.13024184107780457
7059,7,1,-0.08614736795425415
7060,8,1,-0.08667033910751343
7061,9,1,-0.012913644313812256
7062,0,1,0.030230045318603516
7063,1,1,-0.0981799066066742
7064,2,1,0.16962140798568726
7065,3,0,-0.20112279057502747
7066,4,1,-0.10787981748580933
7067,5,1,-0.011740446090698242
7068,6,1,-0.19515471160411835
7069,7,1,-0.12374719977378845
7070,8,1,-0.14276713132858276
7071,9,1,-0.07471105456352234
7072,0,1,0.16539037227630615
7073,1,1,0.2122650146484375
7074,2,1,0.034289658069610596
7075,3,0,-0.20801827311515808
7076,4,1,-0.0430794358253479
7077,5,1,0.15074467658996582
7078,6,1,0.13526231050491333
7079,7,1,-0.09607630968093872
7080,8,1,-0.22233255207538605
7081,9,1,-0.18421843647956848
7082,7,1,0.026018619537353516
7083,4,1,-0.03390514850616455
7084,0,1,-0.19488681852817535
7085,4,1,0.02075064182281494
7086,0,1,0.11137765645980835
7087,1,1,0.16577130556106567
7088,7,1,-0.2139178365468979
7089,9,1,-0.12744072079658508
7090,5,1,0.026380836963653564
7091,1,1,-0.07153576612472534
7092,4,1,-0.08314865827560425
7093,2,1,-0.0844474732875824
7094,8,1,-0.09996214509010315
7095,9,1,0.03130719065666199
7096,4,1,-0.05841177701950073
7097,3,0,-0.20259103178977966
7098,7,1,-0.12581104040145874
7099,8,1,-0.17916527390480042
7100,2,1,0.06234133243560791
7101,4,1,-0.103756844997406
7102,4,1,0.1254095435142517
7103,3,0,-0.23275816440582275
7104,3,0,-0.24734178185462952
7105,6,1,0.08123624324798584
7106,9,1,0.23184585571289062
7107,9,1,0.26209259033203125
7108,5,1,0.3109928369522095
7109,8,1,-0.14902541041374207
7110,6,1,-0.1407533884048462
7111,7,1,-0.07821491360664368
7112,0,1,-0.08465808629989624
7113,6,1,0.132063627243042
7114,8,1,-0.1859118789434433
7115,2,1,-0.019598960876464844
7116,6,1,0.24666571617126465
7117,3,0,-0.2645688056945801
7118,9,1,-0.14426608383655548
7119,3,0,-0.1802101731300354
7120,2,1,-0.05511516332626343
7121,8,1,-0.1078161895275116
7122,6,1,-0.11342012882232666
7123,1,1,-0.08694839477539062
7124,7,1,-0.14703503251075745
7125,4,1,-0.0675472617149353
7126,8,1,-0.18891051411628723
7127,8,1,-0.1148882508277893
7128,9,1,-0.052981287240982056
7129,0,1,-0.12969498336315155
7130,3,0,-0.23988214135169983
7131,3,0,-0.14577892422676086
7132,9,1,-0.25354400277137756
7133,0,1,-0.20475706458091736
7134,5,1,-0.05021512508392334
7135,2,1,0.09960901737213135
7136,9,1,-0.20556515455245972
7137,4,1,-0.19169440865516663
7138,1,1,0.38098883628845215
7139,0,1,-0.1557222604751587
7140,3,0,-0.2056238204240799
7141,7,1,-0.15861988067626953
7142,5,1,0.24414247274398804
7143,8,1,-0.09523403644561768
7144,7,1,0.022342383861541748
7145,7,1,-0.12449902296066284
7146,8,1,-0.2132212519645691
7147,2,1,-0.129996657371521
7148,9,1,-0.2241685390472412
7149,7,1,-0.08243134617805481
7150,1,1,-0.05314171314239502
7151,2,1,0.016972661018371582
7152,6,1,-0.03112173080444336
7153,4,1,-0.10564713180065155
7154,2,1,-0.0472295880317688
7155,5,1,0.17699217796325684
7156,2,1,-0.1294107586145401
7157,3,0,-0.24648800492286682
7158,6,1,0.05954033136367798
7159,6,1,-0.11856529116630554
7160,5,1,0.06672701239585876
7161,0,1,-0.20144599676132202
7162,0,1,-0.2522597312927246
7163,2,1,-0.00020390748977661133
7164,8,1,-0.12251387536525726
7165,1,1,0.0261857807636261
7166,6,1,-0.028367340564727783
7167,1,1,0.21458297967910767
7168,0,1,-0.15366175770759583
7169,4,1,-0.16665568947792053
7170,3,0,-0.1506205052137375
7171,1,1,-0.03980356454849243
7172,6,1,0.054897457361221313
7173,1,1,0.14582473039627075
7174,9,1,0.07169783115386963
7175,0,1,1.1081128120422363
7176,1,1,0.20661026239395142
7177,4,1,-0.01601123809814453
7178,5,1,0.1777520775794983
7179,6,1,0.19224250316619873
7180,7,1,0.33885055780410767
7181,8,1,-0.05325695872306824
7182,9,1,-0.01785457134246826
7183,1,1,0.7115017771720886
7184,2,1,0.11632424592971802
7185,3,0,-0.27910199761390686
7186,4,1,-0.04043853282928467
7187,5,1,-0.0169600248336792
7188,6,1,0.11534124612808228
7189,7,1,0.34363096952438354
7190,0,1,0.29352104663848877
7191,1,1,0.7742990851402283
7192,2,1,0.045524269342422485
7193,3,0,-0.03696379065513611
7194,4,1,-0.14730580151081085
7195,5,1,0.06536668539047241
7196,6,1,0.27713698148727417
7197,7,1,0.22457891702651978
7198,8,1,-0.04943150281906128
7199,9,1,-0.14567212760448456
7200,8,1,-0.1932489275932312
7201,4,1,-0.12739279866218567
7202,0,1,0.5301869511604309
7203,0,1,0.03841686248779297
7204,7,1,-0.1625395268201828
7205,2,1,-0.14595842361450195
7206,4,1,-0.13570153713226318
7207,3,0,-0.2280426323413849
7208,8,1,-0.11119170486927032
7209,6,1,-0.04695647954940796
7210,6,1,0.03149890899658203
7211,3,0,-0.1577981412410736
7212,2,1,0.2769398093223572
7213,6,1,0.18255943059921265
7214,3,0,-0.19899997115135193
7215,3,0,-0.12125983834266663
7216,0,1,0.149807870388031
7217,1,1,0.5857684016227722
7218,4,1,0.005793929100036621
7219,7,1,0.17095893621444702
7220,8,1,-0.24942463636398315
7221,0,1,0.2652595639228821
7222,3,0,-0.18990686535835266
7223,1,1,0.7137400507926941
7224,9,1,-0.18156830966472626
7225,0,1,0.3038303256034851
7226,1,1,0.9463619589805603
7227,9,1,0.24868959188461304
7228,1,1,0.8621072173118591
7229,2,1,-0.0233306884765625
7230,7,1,-0.021004915237426758
7231,0,1,-0.0700649619102478
7232,1,1,0.9090947508811951
7233,3,0,-0.17065918445587158
7234,8,1,-0.08149915933609009
7235,2,1,0.15958112478256226
7236,9,1,-0.14825160801410675
7237,2,1,0.11759042739868164
7238,7,1,-0.016023993492126465
7239,6,1,0.06186482310295105
7240,5,1,0.27839750051498413
7241,5,1,0.5415174961090088
7242,9,1,-0.1401118040084839
7243,9,1,-0.2405107319355011
7244,8,1,-0.06268125772476196
7245,2,1,0.3387376070022583
7246,9,1,-0.17409586906433105
7247,1,1,1.238994836807251
7248,3,0,-0.1027684211730957
7249,2,1,0.39516448974609375
7250,3,0,-0.17169047892093658
7251,4,1,-0.025586426258087158
7252,3,0,-0.1795472502708435
7253,1,1,0.27289074659347534
7254,9,1,-0.19230860471725464
7255,0,1,-0.07721313834190369
7256,9,1,-0.26007407903671265
7257,3,0,-0.14867252111434937
7258,6,1,-0.10872349143028259
7259,8,1,-0.09864002466201782
7260,7,1,-0.09843617677688599
7261,0,1,0.03931760787963867
7262,1,1,0.16038334369659424
7263,0,1,-0.20648837089538574
7264,5,1,0.19254225492477417
7265,8,1,-0.09509563446044922
7266,2,1,-0.06189575791358948
7267,7,1,-0.1435658186674118
7268,7,1,-0.018097877502441406
7269,0,1,-0.15016736090183258
7270,1,1,0.0388546884059906
7271,2,1,-0.14541082084178925
7272,3,0,-0.19792962074279785
7273,4,1,-0.231969952583313
7274,5,1,-0.06678533554077148
7275,6,1,0.041573554277420044
7276,7,1,-0.05747628211975098
7277,8,1,-0.21218857169151306
7278,9,1,-0.14419791102409363
7279,0,1,0.050372421741485596
7280,1,1,0.27402496337890625
7281,2,1,-0.0818001925945282
7282,3,0,-0.2640083432197571
7283,4,1,-0.19646373391151428
7284,5,1,-0.1566982865333557
7285,6,1,-0.07808816432952881
7286,7,1,-0.12559573352336884
7287,8,1,-0.14421826601028442
7288,9,1,-0.15025654435157776
7289,0,1,0.07063767313957214
7290,1,1,0.13563573360443115
7291,2,1,-0.2179567515850067
7292,3,0,-0.20744797587394714
7293,4,1,-0.16897916793823242
7294,5,1,-0.11402826011180878
7295,6,1,-0.07396844029426575
7296,7,1,-0.044243693351745605
7297,8,1,-0.20324426889419556
7298,9,1,-0.13292457163333893
7299,1,1,0.049121588468551636
7300,7,1,-0.008415162563323975
7301,4,1,-0.17246383428573608
7302,8,1,-0.17405155301094055
7303,1,1,0.07894796133041382
7304,5,1,-0.11638098955154419
7305,6,1,0.1317046880722046
7306,5,1,-0.11772266030311584
7307,7,1,-0.0751989483833313
7308,2,1,0.0028004348278045654
7309,8,1,-0.22351804375648499
7310,6,1,-0.05339589715003967
7311,3,0,-0.2996903359889984
7312,3,0,-0.23603886365890503
7313,8,1,-0.22610729932785034
7314,6,1,-0.049121469259262085
7315,5,1,-0.13494038581848145
7316,4,1,-0.24650917947292328
7317,0,1,-0.01866990327835083
7318,9,1,-0.20084348320960999
7319,1,1,-0.1470305621623993
7320,7,1,-0.1727999597787857
7321,2,1,-0.017634212970733643
7322,9,1,-0.16171084344387054
7323,1,1,0.04012259840965271
7324,5,1,-0.14255927503108978
7325,1,1,-0.07068821787834167
7326,3,0,-0.237864151597023
7327,2,1,-0.09679797291755676
7328,2,1,-0.11075672507286072
7329,3,0,-0.21413174271583557
7330,0,1,-0.09830105304718018
7331,6,1,-0.06412956118583679
7332,4,1,-0.21610590815544128
7333,3,0,-0.24980999529361725
7334,7,1,-0.24406175315380096
7335,6,1,-0.14071953296661377
7336,9,1,-0.1436394304037094
7337,0,1,-0.181721493601799
7338,4,1,-0.2007770836353302
7339,8,1,-0.21718096733093262
7340,1,1,-0.09874141216278076
7341,4,1,-0.17929112911224365
7342,0,1,-0.09168639779090881
7343,6,1,0.17226433753967285
7344,1,1,-0.03977227210998535
7345,2,1,-0.20062851905822754
7346,6,1,-0.07214999198913574
7347,9,1,-0.11749230325222015
7348,2,1,-0.2086191475391388
7349,2,1,-0.10230180621147156
7350,3,0,-0.24823440611362457
7351,5,1,-0.09477740526199341
7352,5,1,-0.0551149845123291
7353,1,1,0.011979639530181885
7354,0,1,-0.0831625759601593
7355,7,1,-0.021231740713119507
7356,7,1,-0.24051639437675476
7357,9,1,-0.15941211581230164
7358,6,1,-0.1140812337398529
7359,2,1,-0.12174873054027557
7360,9,1,-0.2621348798274994
7361,4,1,-0.16072531044483185
7362,7,1,-0.12989124655723572
7363,0,1,-0.08604761958122253
7364,2,1,-0.026491165161132812
7365,3,0,-0.2159629762172699
7366,4,1,-0.22638607025146484
7367,0,1,-0.23833638429641724
7368,0,1,-0.17321942746639252
7369,8,1,-0.13858875632286072
7370,8,1,-0.2540072202682495
7371,8,1,-0.21114856004714966
7372,5,1,-0.1860942244529724
7373,1,1,-0.13350990414619446
7374,3,0,-0.2722393274307251
7375,7,1,-0.2646206319332123
7376,4,1,-0.09711599349975586
7377,9,1,-0.15594929456710815
7378,8,1,-0.2144671380519867
7379,8,1,-0.19886119663715363
7380,9,1,-0.12152114510536194
7381,0,1,-0.18698768317699432
7382,9,1,-0.21099533140659332
7383,8,1,-0.13258801400661469
7384,9,1,-0.23748883605003357
7385,0,1,-0.013608038425445557
7386,2,1,-0.17836317420005798
7387,6,1,-0.050666093826293945
7388,5,1,-0.13867083191871643
7389,6,1,-0.14167484641075134
7390,7,1,-0.21637293696403503
7391,4,1,-0.1882636547088623
7392,7,1,-0.2425999641418457
7393,5,1,0.06443265080451965
7394,4,1,-0.1594635248184204
7395,1,1,0.055653154850006104
7396,3,0,-0.28103116154670715
7397,5,1,-0.106743723154068
7398,3,0,-0.17971660196781158
7399,1,1,0.04871523380279541
7400,2,1,-0.03854680061340332
7401,3,0,0.06356170773506165
7402,4,1,0.07371926307678223
7403,5,1,0.00932234525680542
7404,6,1,-0.07023626565933228
7405,1,1,0.13418972492218018
7406,2,1,-0.05504965782165527
7407,3,0,-0.09424546360969543
7408,4,1,0.1140596866607666
7409,6,1,0.3994307518005371
7410,0,1,0.3776359558105469
7411,1,1,0.21167057752609253
7412,2,1,0.03588235378265381
7413,4,1,0.18271172046661377
7414,5,1,0.4862765073776245
7415,6,1,0.10876476764678955
7416,7,1,-0.171675443649292
7417,8,1,0.22560256719589233
7418,1,1,0.26482248306274414
7419,7,1,0.04119884967803955
7420,2,1,0.009880542755126953
7421,4,1,0.05534327030181885
7422,1,1,0.07617992162704468
7423,4,1,-0.0295199453830719
7424,1,1,0.5792383551597595
7425,4,1,0.10090723633766174
7426,9,1,-0.051674097776412964
7427,6,1,-0.05046766996383667
7428,8,1,0.040372878313064575
7429,4,1,0.1329038143157959
7430,5,1,0.007537484169006348
7431,3,0,-0.1652849018573761
7432,7,1,-0.08736902475357056
7433,8,1,-0.06495791673660278
7434,4,1,0.7483782172203064
7435,3,0,-0.17384670674800873
7436,3,0,-0.058886826038360596
7437,5,1,0.2573575973510742
7438,6,1,0.1552600860595703
7439,7,1,-0.0006865859031677246
7440,0,1,-0.11927486956119537
7441,6,1,-5.906820297241211e-05
7442,1,1,0.2818189263343811
7443,6,1,-0.07276597619056702
7444,8,1,0.7496795058250427
7445,7,1,-0.04925420880317688
7446,0,1,0.3928515315055847
7447,1,1,0.18705958127975464
7448,5,1,-0.19174030423164368
7449,0,1,-0.10544368624687195
7450,8,1,0.08042043447494507
7451,5,1,2.64878511428833
7452,0,1,0.14486080408096313
7453,1,1,0.6265884041786194
7454,5,1,0.6882655024528503
7455,8,1,-0.07292646169662476
7456,4,1,0.15805989503860474
7457,2,1,-0.02992314100265503
7458,3,0,-0.23935674130916595
7459,9,1,0.07092168927192688
7460,7,1,-0.04859784245491028
7461,6,1,0.510386049747467
7462,9,1,0.1605042815208435
7463,1,1,0.09932130575180054
7464,9,1,-0.16083934903144836
7465,0,1,0.4553748369216919
7466,6,1,-0.10038815438747406
7467,7,1,0.03832066059112549
7468,1,1,0.027111142873764038
7469,2,1,0.6217467188835144
7470,3,0,0.06471824645996094
7471,9,1,-0.09662234783172607
7472,2,1,0.21727830171585083
7473,4,1,-0.07373273372650146
7474,5,1,0.14829352498054504
7475,5,1,0.2993679642677307
7476,3,0,-0.22942060232162476
7477,7,1,-0.0571230947971344
7478,5,1,-0.059825778007507324
7479,3,0,-0.22648459672927856
7480,1,1,0.24040156602859497
7481,8,1,-0.07834327220916748
7482,2,1,-0.1788981407880783
7483,2,1,0.015306055545806885
7484,3,0,-0.18217866122722626
7485,0,1,-0.1041339635848999
7486,2,1,-0.12640151381492615
7487,9,1,-0.17090922594070435
7488,4,1,0.20971029996871948
7489,9,1,-0.10528939962387085
7490,7,1,-0.043966710567474365
7491,0,1,0.08152401447296143
7492,2,1,0.03576043248176575
7493,7,1,-0.007213324308395386
7494,4,1,0.0030028223991394043
7495,9,1,0.08030933141708374
7496,9,1,-0.20003065466880798
7497,2,1,0.012161612510681152
7498,5,1,-0.22235772013664246
7499,9,1,0.03156447410583496
7500,8,1,-0.04726722836494446
7501,3,0,-0.20221632719039917
7502,8,1,0.3799760937690735
7503,6,1,0.22241419553756714
7504,7,1,-0.06794100999832153
7505,0,1,-0.09439373016357422
7506,0,1,-0.08922117948532104
7507,1,1,-0.025178849697113037
7508,2,1,0.03851795196533203
7509,3,0,-0.24592643976211548
7510,4,1,0.3431914448738098
7511,5,1,-0.16547617316246033
7512,6,1,-0.15087902545928955
7513,7,1,-0.048825204372406006
7514,8,1,-0.15114176273345947
7515,9,1,-0.1432708203792572
7516,0,1,-0.1413341760635376
7517,1,1,0.10446453094482422
7518,2,1,-0.03882160782814026
7519,3,0,-0.217973530292511
7520,4,1,0.5044241547584534
7521,5,1,0.13302826881408691
7522,6,1,-0.2209320217370987
7523,7,1,0.014636039733886719
7524,8,1,-0.1998656690120697
7525,9,1,0.028875887393951416
7526,0,1,-0.17905652523040771
7527,1,1,0.14805525541305542
7528,2,1,0.028221070766448975
7529,3,0,-0.23869842290878296
7530,4,1,0.1677141785621643
7531,5,1,0.16405600309371948
7532,6,1,-0.14100782573223114
7533,7,1,-0.19753479957580566
7534,8,1,-0.22577409446239471
7535,9,1,-0.0765916109085083
7536,0,1,-0.1705588698387146
7537,0,1,-0.08595964312553406
7538,7,1,0.03137311339378357
7539,2,1,-0.1121826320886612
7540,6,1,0.09031930565834045
7541,5,1,0.2520046830177307
7542,5,1,0.2585687041282654
7543,3,0,-0.22271069884300232
7544,7,1,-0.12896837294101715
7545,8,1,-0.1573120653629303
7546,6,1,0.05578252673149109
7547,6,1,-0.1634301245212555
7548,6,1,0.012171566486358643
7549,6,1,0.0695895254611969
7550,4,1,-0.045756757259368896
7551,3,0,-0.2666165232658386
7552,8,1,-0.24660909175872803
7553,8,1,-0.23293280601501465
7554,3,0,-0.23091110587120056
7555,0,1,-0.07326513528823853
7556,1,1,-0.029086410999298096
7557,9,1,-0.23329567909240723
7558,0,1,-0.2482605278491974
7559,5,1,-0.1496025174856186
7560,4,1,0.022459328174591064
7561,1,1,-0.018156468868255615
7562,9,1,0.07111948728561401
7563,1,1,0.4259818196296692
7564,2,1,-0.08297300338745117
7565,7,1,0.04647469520568848
7566,0,1,-0.027381837368011475
7567,1,1,0.03642380237579346
7568,3,0,-0.13358059525489807
7569,8,1,-0.19340723752975464
7570,2,1,0.11540788412094116
7571,9,1,-0.15182188153266907
7572,2,1,-0.10896041989326477
7573,7,1,0.07359057664871216
7574,4,1,0.10856083035469055
7575,2,1,-0.0037478208541870117
7576,6,1,-0.1283884346485138
7577,5,1,-0.09295070171356201
7578,5,1,0.012273550033569336
7579,9,1,-0.21658426523208618
7580,9,1,-0.14426729083061218
7581,1,1,0.2973518371582031
7582,1,1,0.10456591844558716
7583,5,1,0.11610698699951172
7584,7,1,-0.13926585018634796
7585,6,1,-0.03628432750701904
7586,8,1,-0.15012747049331665
7587,2,1,-0.10332317650318146
7588,9,1,-0.047224223613739014
7589,4,1,0.09110227227210999
7590,3,0,-0.22317834198474884
7591,1,1,-0.04549437761306763
7592,9,1,0.016656577587127686
7593,0,1,0.7603215575218201
7594,9,1,0.23334789276123047
7595,3,0,-0.27032342553138733
7596,6,1,0.04371774196624756
7597,8,1,-0.1276823878288269
7598,7,1,0.04883718490600586
7599,0,1,-0.17014512419700623
7600,1,1,0.18675172328948975
7601,0,1,0.04714047908782959
7602,5,1,-0.0977637767791748
7603,8,1,-0.10991647839546204
7604,2,1,0.03864181041717529
7605,7,1,-0.03260195255279541
7606,7,1,0.1389976143836975
7607,0,1,0.0024385154247283936
7608,1,1,-0.031145811080932617
7609,2,1,-0.01418524980545044
7610,3,0,-0.2027360200881958
7611,4,1,0.17671632766723633
7612,5,1,0.03266596794128418
7613,6,1,0.010212630033493042
7614,7,1,0.10011178255081177
7615,8,1,-0.05860587954521179
7616,9,1,-0.1185464859008789
7617,0,1,0.558872640132904
7618,1,1,0.05732244253158569
7619,2,1,-0.020719289779663086
7620,3,0,-0.2046789973974228
7621,4,1,0.259346604347229
7622,5,1,-0.20565468072891235
7623,8,1,-0.12020236253738403
7624,9,1,0.010872602462768555
7625,0,1,0.10565155744552612
7626,1,1,0.08214795589447021
7627,2,1,0.1529078483581543
7628,3,0,-0.20611990988254547
7629,4,1,0.3856123685836792
7630,5,1,-0.02729526162147522
7631,6,1,-0.047721147537231445
7632,7,1,0.4333612322807312
7633,8,1,-0.13211689889431
7634,9,1,0.08252963423728943
7635,2,1,-0.023738980293273926
7636,1,1,0.14587360620498657
7637,2,1,0.004104346036911011
7638,1,1,-0.09057575464248657
7639,3,0,-0.2068321406841278
7640,9,1,-0.0009218454360961914
7641,9,1,0.11528605222702026
7642,8,1,-0.12618225812911987
7643,5,1,0.018085211515426636
7644,3,0,-0.2114732563495636
7645,7,1,0.11228427290916443
7646,0,1,0.03620946407318115
7647,7,1,-0.021567493677139282
7648,7,1,-0.030151307582855225
7649,5,1,-0.10020330548286438
7650,7,1,0.27141374349594116
7651,9,1,-0.14159691333770752
7652,9,1,-0.02129971981048584
7653,4,1,0.24363362789154053
7654,7,1,0.3227730989456177
7655,0,1,-0.01033291220664978
7656,3,0,-0.16674700379371643
7657,4,1,0.10346859693527222
7658,1,1,0.23920488357543945
7659,5,1,-0.18132779002189636
7660,8,1,-0.14310771226882935
7661,1,1,0.0031595230102539062
7662,4,1,0.044702231884002686
7663,8,1,-0.10113257169723511
7664,4,1,0.20666319131851196
7665,1,1,0.1382748782634735
7666,8,1,-0.08796268701553345
7667,6,1,0.338512122631073
7668,6,1,0.12341487407684326
7669,4,1,0.2792161703109741
7670,6,1,-0.02924799919128418
7671,0,1,0.04887735843658447
7672,5,1,-0.13497668504714966
7673,5,1,-0.11839169263839722
7674,3,0,-0.25791382789611816
7675,3,0,-0.23407220840454102
7676,5,1,-0.10963864624500275
7677,7,1,0.1961156129837036
7678,2,1,-0.01901775598526001
7679,5,1,0.005004197359085083
7680,9,1,0.09155026078224182
7681,6,1,-0.03302353620529175
7682,9,1,0.04578953981399536
7683,2,1,0.16625183820724487
7684,6,1,0.2001623511314392
7685,2,1,-0.005239725112915039
7686,1,1,-0.02130866050720215
7687,2,1,0.21268856525421143
7688,0,1,0.08683472871780396
7689,8,1,-0.1293397843837738
7690,3,0,-0.18356606364250183
7691,8,1,-0.18146008253097534
7692,3,0,-0.2034345269203186
7693,0,1,0.32442623376846313
7694,8,1,-0.014933288097381592
7695,7,1,0.08819404244422913
7696,4,1,0.5135759711265564
7697,9,1,0.009133905172348022
7698,5,1,-0.07229703664779663
7699,0,1,0.32582300901412964
7700,9,1,0.3102703094482422
7701,7,1,0.14991861581802368
7702,0,1,0.10687080025672913
7703,0,1,0.015645146369934082
7704,4,1,0.3592868447303772
7705,6,1,0.14635252952575684
7706,0,1,0.059579163789749146
7707,9,1,-0.007356703281402588
7708,1,1,0.025213658809661865
7709,6,1,0.3487461805343628
7710,2,1,0.1900811791419983
7711,7,1,0.3079485297203064
7712,6,1,0.5851253867149353
7713,8,1,-0.07175680994987488
7714,3,0,-0.12300175428390503
7715,5,1,-0.10785411298274994
7716,2,1,-0.0947435200214386
7717,1,1,0.15410614013671875
7718,8,1,0.0922958254814148
7719,3,0,-0.2499455064535141
7720,8,1,-0.07723942399024963
7721,6,1,0.21385884284973145
7722,1,1,0.08305984735488892
7723,0,1,0.7677375674247742
7724,2,1,-0.01684156060218811
7725,1,1,0.15303891897201538
7726,4,1,0.08513924479484558
7727,0,1,0.030220001935958862
7728,1,1,-0.09072864055633545
7729,2,1,-0.12419119477272034
7730,3,0,-0.25245553255081177
7731,4,1,-0.1649763584136963
7732,5,1,-0.023452281951904297
7733,6,1,0.004095107316970825
7734,7,1,-0.15204623341560364
7735,8,1,-0.028363287448883057
7736,9,1,-0.07031354308128357
7737,0,1,0.29139459133148193
7738,1,1,-0.20434342324733734
7739,2,1,-0.07763803005218506
7740,3,0,-0.2830873429775238
7741,4,1,-0.10857626795768738
7742,5,1,0.20312225818634033
7743,6,1,0.0439019501209259
7744,7,1,-0.0949021577835083
7745,8,1,-0.11717908084392548
7746,9,1,-0.16529306769371033
7747,0,1,0.2591225504875183
7748,1,1,-0.012438267469406128
7749,2,1,-0.08701306581497192
7750,3,0,-0.20443084836006165
7751,4,1,0.05729341506958008
7752,5,1,-0.09144514799118042
7753,6,1,0.20560914278030396
7754,7,1,-0.1713992953300476
7755,8,1,-0.09500041604042053
7756,9,1,-0.16925883293151855
7757,7,1,-0.20242832601070404
7758,6,1,0.09906318783760071
7759,4,1,-0.2038792222738266
7760,7,1,-0.1719943881034851
7761,6,1,0.25384199619293213
7762,2,1,0.031633198261260986
7763,3,0,-0.23882877826690674
7764,4,1,-0.21327844262123108
7765,8,1,-0.14819973707199097
7766,7,1,-0.06554770469665527
7767,8,1,-0.1421341896057129
7768,6,1,-0.12091279029846191
7769,9,1,-0.18233679234981537
7770,8,1,-0.12350371479988098
7771,3,0,-0.275373637676239
7772,2,1,-0.10261808335781097
7773,2,1,-0.023464620113372803
7774,8,1,-0.06416267156600952
7775,4,1,-0.04272550344467163
7776,8,1,-0.24836771190166473
7777,5,1,-0.1272163689136505
7778,6,1,0.1375129222869873
7779,5,1,-0.12590621411800385
7780,0,1,0.17805951833724976
7781,2,1,-0.05556955933570862
7782,0,1,0.20337218046188354
7783,1,1,-0.11592322587966919
7784,1,1,-0.022487163543701172
7785,2,1,-0.03699493408203125
7786,9,1,-0.179194837808609
7787,6,1,0.28680986166000366
7788,8,1,-0.07610207796096802
7789,2,1,0.0294245183467865
7790,1,1,-0.0708383321762085
7791,0,1,0.22099268436431885
7792,6,1,0.3492329716682434
7793,5,1,-0.005338191986083984
7794,2,1,-0.09334227442741394
7795,9,1,-0.2351064682006836
7796,7,1,-0.198832705616951
7797,5,1,-0.12215235829353333
7798,3,0,-0.2230796366930008
7799,9,1,-0.18369215726852417
7800,3,0,-0.08352726697921753
7801,7,1,-0.08616834878921509
7802,1,1,-0.14273875951766968
7803,8,1,-0.2495153546333313
7804,3,0,-0.27093926072120667
7805,8,1,0.01925376057624817
7806,1,1,-0.089893639087677
7807,9,1,-0.22805339097976685
7808,5,1,-0.08919215202331543
7809,5,1,-0.15666410326957703
7810,0,1,0.2840557098388672
7811,1,1,-0.19127541780471802
7812,1,1,-0.16404631733894348
7813,9,1,-0.22305355966091156
7814,8,1,-0.14479809999465942
7815,2,1,-0.14687344431877136
7816,6,1,0.2695823311805725
7817,0,1,0.42181795835494995
7818,4,1,-0.01712852716445923
7819,5,1,-0.08200827240943909
7820,0,1,0.10222575068473816
7821,3,0,-0.19452567398548126
7822,1,1,-0.15593592822551727
7823,8,1,-0.16300442814826965
7824,6,1,0.3791618347167969
7825,7,1,-0.08581170439720154
7826,5,1,0.018182218074798584
7827,9,1,-0.2243766486644745
7828,9,1,-0.24378131330013275
7829,3,0,-0.19212912023067474
7830,0,1,0.277754008769989
7831,3,0,-0.2790486812591553
7832,1,1,-0.041578859090805054
7833,4,1,-0.2096787691116333
7834,4,1,-0.10662877559661865
7835,0,1,0.3143925070762634
7836,4,1,-0.022392570972442627
7837,9,1,-0.10269221663475037
7838,0,1,0.11031407117843628
7839,1,1,-0.1763136088848114
7840,2,1,-0.12255656719207764
7841,3,0,-0.2507414221763611
7842,5,1,0.08738785982131958
7843,6,1,0.22917377948760986
7844,7,1,-0.08708590269088745
7845,8,1,0.07784673571586609
7846,0,1,0.1266697347164154
7847,1,1,-0.15856295824050903
7848,2,1,-0.1605527698993683
7849,3,0,-0.17828750610351562
7850,5,1,0.10112184286117554
7851,6,1,0.2474370002746582
7852,7,1,-0.07375285029411316
7853,8,1,-0.1738174855709076
7854,9,1,-0.20760077238082886
7855,0,1,0.18406039476394653
7856,1,1,-0.16168993711471558
7857,2,1,-0.034251660108566284
7858,3,0,-0.14362502098083496
7859,5,1,0.19300204515457153
7860,6,1,0.2837926745414734
7861,7,1,-0.09987139701843262
7862,8,1,-0.022579044103622437
7863,9,1,-0.25048667192459106
7864,9,1,-0.2095959186553955
7865,7,1,-0.1601501852273941
7866,0,1,0.10880190134048462
7867,9,1,-0.22077783942222595
7868,0,1,-0.0007159113883972168
7869,1,1,-0.09578338265419006
7870,5,1,0.107928067445755
7871,8,1,-0.05091452598571777
7872,8,1,-0.13581201434135437
7873,0,1,0.11050918698310852
7874,9,1,-0.24983052909374237
7875,3,0,-0.2249872088432312
7876,2,1,-0.1146511435508728
7877,7,1,-0.1645880788564682
7878,8,1,0.031700730323791504
7879,4,1,-0.10848048329353333
7880,6,1,-0.1844683587551117
7881,1,1,0.06118130683898926
7882,0,1,-0.055554866790771484
7883,4,1,-0.0945320725440979
7884,9,1,-0.21381457149982452
7885,4,1,0.3378281593322754
7886,2,1,0.05052706599235535
7887,0,1,0.10938301682472229
7888,5,1,0.2819705605506897
7889,0,1,0.1730911135673523
7890,1,1,-0.03352954983711243
7891,6,1,0.21917462348937988
7892,9,1,-0.2226020097732544
7893,3,0,-0.27915874123573303
7894,2,1,-0.09067684412002563
7895,9,1,-0.23241154849529266
7896,1,1,-0.16564863920211792
7897,6,1,0.09253889322280884
7898,0,1,-0.04775655269622803
7899,1,1,-0.22932720184326172
7900,1,1,-0.09724712371826172
7901,8,1,-0.09286081790924072
7902,7,1,-0.1268543004989624
7903,7,1,-0.1546424776315689
7904,6,1,0.05807751417160034
7905,3,0,-0.21076959371566772
7906,6,1,0.04459482431411743
7907,0,1,0.059580206871032715
7908,7,1,-0.08384311199188232
7909,2,1,-0.2149714231491089
7910,4,1,0.023881614208221436
7911,1,1,-0.08728355169296265
7912,7,1,-0.15907931327819824
7913,0,1,0.03918305039405823
7914,6,1,0.01935926079750061
7915,7,1,-0.09526777267456055
7916,1,1,-0.06543415784835815
7917,2,1,-0.10107606649398804
7918,5,1,0.28661829233169556
7919,8,1,-0.09305089712142944
7920,1,1,-0.10983757674694061
7921,8,1,-0.20969030261039734
7922,2,1,-0.18249833583831787
7923,8,1,-0.07163286209106445
7924,7,1,-0.19190363585948944
7925,6,1,-0.012241721153259277
7926,8,1,0.10869812965393066
7927,7,1,-0.14922459423542023
7928,1,1,-0.1417856067419052
7929,6,1,0.1886785626411438
7930,2,1,-0.1405063420534134
7931,9,1,-0.2904379665851593
7932,3,0,-0.1937897503376007
7933,0,1,0.5256413817405701
7934,1,1,-0.08051782846450806
7935,2,1,-0.027917146682739258
7936,3,0,-0.2660651206970215
7937,4,1,-0.18338388204574585
7938,5,1,0.11589521169662476
7939,6,1,-0.046705812215805054
7940,7,1,-0.138236403465271
7941,8,1,-0.19374854862689972
7942,9,1,-0.10060808062553406
7943,0,1,0.18639320135116577
7944,1,1,0.028729915618896484
7945,2,1,-0.09973034262657166
7946,3,0,-0.19249874353408813
7947,4,1,-0.09416437149047852
7948,5,1,0.3103775382041931
7949,6,1,-0.05960488319396973
7950,7,1,-0.14928364753723145
7951,8,1,-0.24060195684432983
7952,9,1,-0.20226140320301056
7953,0,1,0.8890150189399719
7954,1,1,-0.11906321346759796
7955,2,1,0.009440422058105469
7956,3,0,-0.2767738103866577
7957,4,1,-0.15341347455978394
7958,5,1,-0.08934459090232849
7959,6,1,0.12469065189361572
7960,7,1,-0.08613747358322144
7961,8,1,-0.20047718286514282
7962,9,1,-0.23958922922611237
7963,8,1,-0.21047009527683258
7964,9,1,-0.17165100574493408
7965,5,1,0.030295580625534058
7966,7,1,-0.15808995068073273
7967,0,1,0.41718488931655884
7968,3,0,-0.3051398694515228
7969,1,1,0.03774392604827881
7970,6,1,-0.060815632343292236
7971,8,1,-0.14661948382854462
7972,4,1,0.10793575644493103
7973,1,1,-0.022825241088867188
7974,5,1,-0.10051517188549042
7975,6,1,0.05813401937484741
7976,4,1,0.1887252926826477
7977,2,1,0.11438226699829102
7978,7,1,-0.07925736904144287
7979,8,1,-0.17570987343788147
7980,1,1,-0.08681118488311768
7981,3,0,-0.24714094400405884
7982,4,1,-0.1493091583251953
7983,3,0,-0.2630052864551544
7984,4,1,-0.20690730214118958
7985,7,1,-0.23930874466896057
7986,2,1,-0.22463804483413696
7987,0,1,0.25477975606918335
7988,5,1,-0.011758387088775635
7989,0,1,0.050513893365859985
7990,1,1,-0.1426953822374344
7991,9,1,-0.2054426372051239
7992,2,1,0.08366036415100098
7993,3,0,-0.20767167210578918
7994,2,1,-0.10532557964324951
7995,3,0,-0.24987581372261047
7996,5,1,0.4670454263687134
7997,5,1,-0.044966697692871094
7998,7,1,-0.06282824277877808
7999,8,1,-0.08643412590026855
8000,4,1,0.06869462132453918
8001,9,1,-0.1928955763578415
8002,9,1,-0.15881583094596863
8003,7,1,-0.14189907908439636
8004,1,1,0.06219363212585449
8005,1,1,0.03385657072067261
8006,9,1,-0.17874054610729218
8007,0,1,0.4298204183578491
8008,7,1,-0.16570082306861877
8009,8,1,-0.17579494416713715
8010,3,0,-0.23767268657684326
8011,4,1,-0.1399814933538437
8012,8,1,-0.1282615065574646
8013,6,1,0.4571470618247986
8014,3,0,-0.2548501193523407
8015,8,1,0.11719000339508057
8016,0,1,0.06363144516944885
8017,9,1,-0.20891237258911133
8018,6,1,0.3532184958457947
8019,2,1,-0.04480260610580444
8020,1,1,0.19346076250076294
8021,0,1,0.1338234543800354
8022,1,1,-0.10034428536891937
8023,0,1,0.10615840554237366
8024,6,1,0.16023725271224976
8025,2,1,-0.047246962785720825
8026,3,0,-0.28346824645996094
8027,8,1,-0.20859213173389435
8028,9,1,-0.20636683702468872
8029,0,1,-0.004493296146392822
8030,7,1,-0.10321028530597687
8031,2,1,0.14024874567985535
8032,3,0,-0.26771441102027893
8033,4,1,-0.06713330745697021
8034,5,1,-0.11767297983169556
8035,5,1,-0.1473965048789978
8036,2,1,0.06273949146270752
8037,8,1,-0.10375934839248657
8038,5,1,0.08325749635696411
8039,4,1,-0.1391105353832245
8040,6,1,0.06685328483581543
8041,6,1,-0.0568622350692749
8042,6,1,0.036094069480895996
8043,7,1,-0.1932249665260315
8044,9,1,-0.11358650028705597
8045,1,1,0.0013113617897033691
8046,8,1,-0.12996362149715424
8047,2,1,-0.09945982694625854
8048,1,1,-0.1163763701915741
8049,5,1,0.2740427851676941
8050,3,0,-0.262522429227829
8051,4,1,-0.14606285095214844
8052,7,1,-0.1269550919532776
8053,9,1,-0.18154945969581604
8054,4,1,-0.11683289706707001
8055,0,1,-0.08759504556655884
8056,0,1,0.31392908096313477
8057,0,1,0.44895702600479126
8058,1,1,-0.17038045823574066
8059,2,1,-0.11822700500488281
8060,3,0,-0.2502126097679138
8061,4,1,-0.214260533452034
8062,5,1,0.07345843315124512
8063,6,1,-0.1264333426952362
8064,7,1,-0.20135459303855896
8065,8,1,-0.0982719361782074
8066,9,1,-0.16703245043754578
8067,0,1,0.06008923053741455
8068,1,1,-0.10479852557182312
8069,2,1,-0.12192520499229431
8070,3,0,-0.22145453095436096
8071,4,1,-0.22828760743141174
8072,5,1,-0.17235031723976135
8073,6,1,-0.22112585604190826
8074,7,1,-0.11923819780349731
8075,8,1,-0.18546099960803986
8076,9,1,-0.22315415740013123
8077,0,1,-0.02477365732192993
8078,1,1,-0.20286531746387482
8079,2,1,-0.03820827603340149
8080,3,0,-0.25905275344848633
8081,4,1,-0.12743893265724182
8082,5,1,-0.16509214043617249
8083,6,1,0.04319107532501221
8084,9,1,-0.2248692363500595
8085,0,1,0.036055803298950195
8086,1,1,-0.11456179618835449
8087,3,0,-0.2868558168411255
8088,1,1,-0.1732412874698639
8089,5,1,0.2378336787223816
8090,1,1,-0.1449926644563675
8091,2,1,-0.13507279753684998
8092,4,1,-0.1780088245868683
8093,9,1,-0.2413657307624817
8094,2,1,-0.14565756916999817
8095,4,1,-0.07612177729606628
8096,6,1,-0.20669832825660706
8097,8,1,-0.1322585791349411
8098,0,1,0.4644175171852112
8099,1,1,-0.036008864641189575
8100,1,1,-0.1732325255870819
8101,9,1,-0.2758767604827881
8102,2,1,-0.16810154914855957
8103,6,1,-0.22715726494789124
8104,6,1,-0.19541990756988525
8105,8,1,-0.23351389169692993
8106,7,1,-0.08499512076377869
8107,4,1,-0.2563210129737854
8108,2,1,-0.0035187602043151855
8109,9,1,-0.14787530899047852
8110,7,1,-0.1045863926410675
8111,0,1,0.3242589831352234
8112,2,1,0.1039527952671051
8113,1,1,-0.0039141178131103516
8114,0,1,0.26145321130752563
8115,3,0,-0.1827324628829956
8116,6,1,0.42752569913864136
8117,0,1,1.0907700061798096
8118,1,1,0.11265146732330322
8119,2,1,0.1421550214290619
8120,3,0,-0.23184587061405182
8121,4,1,-0.005218774080276489
8122,5,1,0.1379219889640808
8123,6,1,0.2499408721923828
8124,7,1,-0.12550772726535797
8125,8,1,0.11807876825332642
8126,9,1,-0.06286546587944031
8127,0,1,0.48461633920669556
8128,1,1,-0.026814699172973633
8129,2,1,-0.0012965202331542969
8130,3,0,-0.2268976867198944
8131,4,1,-0.1097368448972702
8132,5,1,0.11201077699661255
8133,6,1,0.19665127992630005
8134,7,1,0.030926674604415894
8135,8,1,-0.017644882202148438
8136,9,1,-0.14972877502441406
8137,0,1,0.25652843713760376
8138,1,1,0.05386930704116821
8139,2,1,-0.14779317378997803
8140,3,0,-0.23867063224315643
8141,4,1,-0.039266377687454224
8142,5,1,0.04152923822402954
8143,6,1,-0.09429711103439331
8144,7,1,-0.2022845447063446
8145,8,1,0.1801956295967102
8146,9,1,-0.020254969596862793
8147,8,1,0.02861863374710083
8148,6,1,0.16224992275238037
8149,5,1,0.07880711555480957
8150,9,1,-0.11986295878887177
8151,7,1,-0.09765750169754028
8152,0,1,1.0130658149719238
8153,2,1,-0.09794700145721436
8154,3,0,-0.22397318482398987
8155,4,1,-0.13481679558753967
8156,3,0,-0.1593710333108902
8157,8,1,0.008375823497772217
8158,5,1,-0.007911741733551025
8159,1,1,0.1745116114616394
8160,5,1,0.19831418991088867
8161,2,1,-0.13859182596206665
8162,3,0,-0.18602889776229858
8163,0,1,0.7311877608299255
8164,1,1,0.1885666847229004
8165,2,1,0.8061495423316956
8166,1,1,0.07211804389953613
8167,3,0,-0.255029559135437
8168,2,1,-0.026359915733337402
8169,6,1,0.6383781433105469
8170,5,1,0.4572383761405945
8171,3,0,-0.19663845002651215
8172,0,1,0.7373637557029724
8173,7,1,-0.09244543313980103
8174,2,1,-0.008291482925415039
8175,7,1,-0.1454644799232483
8176,4,1,-0.08249440789222717
8177,6,1,0.1912735104560852
8178,4,1,-0.04513603448867798
8179,0,1,0.9878160357475281
8180,5,1,-0.08884459733963013
8181,9,1,-0.14916323125362396
8182,9,1,-0.04247152805328369
8183,8,1,0.007823467254638672
8184,9,1,-0.15360352396965027
8185,5,1,-0.1512494534254074
8186,3,0,-0.17559756338596344
8187,1,1,0.020398497581481934
8188,7,1,-0.008216649293899536
8189,4,1,0.15808135271072388
8190,7,1,-0.20162612199783325
8191,6,1,0.1937735676765442
8192,5,1,0.1876225471496582
8193,4,1,0.07323482632637024
8194,0,1,0.2073320746421814
8195,0,1,0.4219868779182434
8196,6,1,0.22797614336013794
8197,6,1,0.09272456169128418
8198,2,1,1.5393571853637695
8199,0,1,0.37063807249069214
8200,6,1,0.15492165088653564
8201,3,0,-0.19089415669441223
8202,7,1,-0.01203298568725586
8203,7,1,-0.040715157985687256
8204,4,1,0.17869144678115845
8205,4,1,0.047353386878967285
8206,3,0,-0.13910894095897675
8207,9,1,-0.18630340695381165
8208,2,1,-0.03285336494445801
8209,8,1,-0.05449265241622925
8210,9,1,-0.12274624407291412
8211,6,1,0.2743980288505554
8212,0,1,1.3705711364746094
8213,9,1,0.06353110074996948
8214,5,1,0.10058122873306274
8215,3,0,-0.2141583114862442
8216,8,1,-0.02350369095802307
8217,8,1,-0.1535525619983673
8218,7,1,-0.080905020236969
8219,1,1,0.06986433267593384
8220,4,1,-0.14375397562980652
8221,0,1,0.4484984278678894
8222,4,1,-0.08291643857955933
8223,8,1,0.03912344574928284
8224,5,1,-0.1551700234413147
8225,2,1,-0.126193568110466
8226,3,0,-0.18918323516845703
8227,9,1,-0.22557514905929565
8228,0,1,0.161548912525177
8229,1,1,0.3375365734100342
8230,9,1,-0.10713592171669006
8231,1,1,0.6418347954750061
8232,5,1,0.13824740052223206
8233,1,1,0.08108353614807129
8234,7,1,-0.12270647287368774
8235,4,1,0.35785192251205444
8236,8,1,0.10129889845848083
8237,6,1,0.015970170497894287
8238,2,1,-0.011424362659454346
8239,1,1,0.2962417006492615
8240,6,1,-0.1359177529811859
8241,8,1,-0.1925830841064453
8242,8,1,0.2989123463630676
8243,0,1,0.020879387855529785
8244,1,1,-0.18194951117038727
8245,2,1,-0.089424729347229
8246,3,0,-0.209441676735878
8247,4,1,0.11708763241767883
8248,7,1,-0.07167965173721313
8249,8,1,-0.07190272212028503
8250,9,1,-0.17515689134597778
8251,0,1,-0.03856143355369568
8252,1,1,-0.007712453603744507
8253,2,1,0.6142483949661255
8254,3,0,-0.013840556144714355
8255,4,1,0.034630268812179565
8256,6,1,0.02781468629837036
8257,7,1,-0.005405426025390625
8258,8,1,-0.11358308792114258
8259,9,1,0.09215572476387024
8260,0,1,0.17421263456344604
8261,1,1,0.20436722040176392
8262,2,1,0.2757280468940735
8263,3,0,-0.20188823342323303
8264,4,1,0.107632577419281
8265,7,1,-0.013516843318939209
8266,8,1,0.10229015350341797
8267,9,1,0.053977638483047485
8268,1,1,0.08452531695365906
8269,4,1,0.10551008582115173
8270,5,1,0.2722644805908203
8271,3,0,-0.21051733195781708
8272,3,0,0.041838109493255615
8273,0,1,0.1251327097415924
8274,9,1,-0.10040180385112762
8275,5,1,0.2849056124687195
8276,4,1,-0.15607988834381104
8277,3,0,-0.20574617385864258
8278,0,1,0.27632033824920654
8279,8,1,0.10263285040855408
8280,4,1,0.08407020568847656
8281,6,1,0.031116724014282227
8282,7,1,-0.1579204797744751
8283,0,1,0.05068361759185791
8284,7,1,0.03393197059631348
8285,7,1,-0.11698569357395172
8286,1,1,0.24627095460891724
8287,6,1,-0.14640496671199799
8288,9,1,-0.08234858512878418
8289,1,1,0.2949686646461487
8290,3,0,-0.15759113430976868
8291,6,1,0.08921661972999573
8292,2,1,-0.11346395313739777
8293,3,0,-0.17302951216697693
8294,8,1,0.06214398145675659
8295,2,1,-0.10106134414672852
8296,3,0,-0.19452252984046936
8297,8,1,-0.10253405570983887
8298,9,1,-0.19098883867263794
8299,5,1,0.33308321237564087
8300,8,1,-0.027819454669952393
8301,8,1,0.18825793266296387
8302,7,1,-0.09728133678436279
8303,1,1,-0.10143347084522247
8304,7,1,-0.05415397882461548
8305,1,1,-0.0151633620262146
8306,1,1,0.21489113569259644
8307,0,1,0.7947449088096619
8308,3,0,-0.2092592865228653
8309,4,1,-0.1856844127178192
8310,2,1,-0.11674545705318451
8311,6,1,0.42617660760879517
8312,4,1,-0.008339762687683105
8313,7,1,-0.10329526662826538
8314,4,1,-0.14915728569030762
8315,2,1,0.141776442527771
8316,7,1,-0.16387401521205902
8317,4,1,-0.13291563093662262
8318,2,1,-0.22902362048625946
8319,9,1,-0.10337933897972107
8320,2,1,0.05020016431808472
8321,7,1,0.03375270962715149
8322,9,1,0.14200761914253235
8323,2,1,-0.16595423221588135
8324,1,1,-0.1227036714553833
8325,0,1,-0.2460879534482956
8326,6,1,0.06170755624771118
8327,5,1,-0.0076142847537994385
8328,3,0,-0.25676435232162476
8329,4,1,-0.1617601215839386
8330,8,1,-0.2244311273097992
8331,5,1,0.2139568328857422
8332,9,1,0.02433568239212036
8333,6,1,0.7138809561729431
8334,9,1,-0.005085557699203491
8335,0,1,0.15193718671798706
8336,6,1,0.5598384141921997
8337,3,0,-0.08620452880859375
8338,0,1,0.7407835125923157
8339,8,1,0.38843995332717896
8340,1,1,-0.05267691612243652
8341,6,1,0.8562467694282532
8342,0,1,0.21578359603881836
8343,0,1,0.07287949323654175
8344,1,1,-0.1044721007347107
8345,2,1,-0.0235101580619812
8346,3,0,-0.16254985332489014
8347,4,1,-0.1644880175590515
8348,5,1,0.15062671899795532
8349,6,1,0.24058789014816284
8350,7,1,-0.13082203269004822
8351,0,1,0.6220648884773254
8352,1,1,-0.052006304264068604
8353,2,1,0.25366896390914917
8354,3,0,-0.2182251214981079
8355,4,1,0.11108982563018799
8356,7,1,0.15756040811538696
8357,8,1,-0.16842739284038544
8358,9,1,-0.15400391817092896
8359,0,1,0.3556331992149353
8360,1,1,-0.016151785850524902
8361,2,1,0.07173123955726624
8362,3,0,-0.15225087106227875
8363,4,1,0.02144336700439453
8364,7,1,-0.19351372122764587
8365,2,1,-0.019969582557678223
8366,5,1,-0.07560393214225769
8367,1,1,0.025118470191955566
8368,6,1,0.03814977407455444
8369,4,1,-0.023461461067199707
8370,3,0,-0.24834370613098145
8371,9,1,-0.13861075043678284
8372,9,1,-0.12837713956832886
8373,0,1,0.11560845375061035
8374,9,1,-0.025791049003601074
8375,7,1,-0.1679673045873642
8376,1,1,0.3047664761543274
8377,6,1,-0.13298067450523376
8378,4,1,-0.1660389006137848
8379,3,0,-0.27254346013069153
8380,6,1,0.1776885986328125
8381,2,1,0.06469553709030151
8382,0,1,0.2283598780632019
8383,9,1,-0.11060227453708649
8384,8,1,0.2677900195121765
8385,6,1,0.055449455976486206
8386,5,1,-0.14383651316165924
8387,7,1,-0.015515029430389404
8388,0,1,0.10606816411018372
8389,0,1,0.21942251920700073
8390,1,1,0.34085559844970703
8391,7,1,-0.12214049696922302
8392,4,1,-0.032838404178619385
8393,3,0,-0.2778492271900177
8394,2,1,-0.061276644468307495
8395,4,1,0.08309143781661987
8396,1,1,0.41740334033966064
8397,3,0,0.0036759376525878906
8398,7,1,0.1561015248298645
8399,6,1,-0.01563549041748047
8400,4,1,-0.02893015742301941
8401,7,1,0.2047831416130066
8402,7,1,-0.08853805065155029
8403,7,1,0.003070056438446045
8404,9,1,-0.19002710282802582
8405,8,1,0.03959333896636963
8406,4,1,-0.10435473918914795
8407,3,0,-0.22901391983032227
8408,8,1,1.0429761409759521
8409,2,1,-0.03286021947860718
8410,8,1,-0.12342427670955658
8411,3,0,-0.20681047439575195
8412,5,1,0.1565636396408081
8413,8,1,0.11702588200569153
8414,0,1,0.7519381642341614
8415,5,1,-0.09208965301513672
8416,4,1,0.17810148000717163
8417,7,1,0.2449597716331482
8418,1,1,-0.030659019947052002
8419,3,0,-0.10886642336845398
8420,1,1,0.023453474044799805
8421,7,1,0.12777158617973328
8422,9,1,-0.1291113793849945
8423,6,1,0.06720179319381714
8424,2,1,0.0026476383209228516
8425,0,1,0.5325065851211548
8426,9,1,-0.0231209397315979
8427,1,1,0.07536107301712036
8428,7,1,0.0662311315536499
8429,3,0,-0.03316980600357056
8430,3,0,-0.11090093851089478
8431,9,1,0.010632455348968506
8432,1,1,-0.015170484781265259
8433,6,1,0.09102457761764526
8434,4,1,0.23046839237213135
8435,3,0,-0.11671514809131622
8436,9,1,0.021092861890792847
8437,8,1,-0.11229029297828674
8438,2,1,-0.12200245261192322
8439,1,1,-0.09640505909919739
8440,8,1,-0.03192383050918579
8441,6,1,0.08607017993927002
8442,4,1,-0.0036509931087493896
8443,1,1,0.1989462971687317
8444,5,1,0.5621917843818665
8445,5,1,0.029759764671325684
8446,6,1,0.05167895555496216
8447,5,1,-0.07408297061920166
8448,0,1,0.592444121837616
8449,1,1,0.030603349208831787
8450,2,1,0.16061276197433472
8451,3,0,-0.25799939036369324
8452,4,1,-0.22169038653373718
8453,5,1,-0.21732673048973083
8454,6,1,0.23550283908843994
8455,7,1,0.13430362939834595
8456,8,1,-0.1698564887046814
8457,9,1,-0.024834126234054565
8458,0,1,0.23597294092178345
8459,1,1,-0.10895568132400513
8460,2,1,-0.10994213819503784
8461,3,0,-0.2066056728363037
8462,4,1,-0.24841928482055664
8463,5,1,-0.061886489391326904
8464,6,1,0.40756112337112427
8465,7,1,-0.23812760412693024
8466,8,1,-0.16379964351654053
8467,9,1,-0.13830628991127014
8468,0,1,0.487928569316864
8469,1,1,-0.07672172784805298
8470,2,1,0.14824309945106506
8471,3,0,-0.2645305097103119
8472,4,1,-0.1792430579662323
8473,5,1,-0.13509422540664673
8474,6,1,0.08745533227920532
8475,7,1,-0.08219781517982483
8476,8,1,-0.16177387535572052
8477,9,1,-0.21140214800834656
8478,6,1,-0.12557226419448853
8479,9,1,-0.22313520312309265
8480,7,1,-0.04949671030044556
8481,0,1,0.2674059271812439
8482,2,1,-0.08481627702713013
8483,3,0,-0.26443737745285034
8484,4,1,-0.21699507534503937
8485,3,0,-0.252608984708786
8486,8,1,-0.13912849128246307
8487,5,1,-0.14575326442718506
8488,1,1,-0.13437753915786743
8489,3,0,-0.2832287549972534
8490,0,1,0.35080844163894653
8491,1,1,-0.04547199606895447
8492,2,1,0.02418997883796692
8493,1,1,-0.028978943824768066
8494,3,0,-0.26211488246917725
8495,2,1,-0.10215297341346741
8496,0,1,0.4559236168861389
8497,7,1,-0.16953493654727936
8498,2,1,-0.11789457499980927
8499,6,1,0.011758685111999512
8500,4,1,-0.017503798007965088
8501,0,1,0.05422350764274597
8502,5,1,-0.06833076477050781
8503,9,1,-0.10835595428943634
8504,9,1,-0.038727402687072754
8505,8,1,-0.10308913886547089
8506,9,1,-0.20179228484630585
8507,5,1,0.00967419147491455
8508,3,0,-0.17053839564323425
8509,1,1,-0.1378745138645172
8510,7,1,-0.17701762914657593
8511,4,1,-0.1549474447965622
8512,7,1,-0.18091455101966858
8513,0,1,0.28445178270339966
8514,0,1,0.25116580724716187
8515,6,1,0.10272836685180664
8516,6,1,0.015498310327529907
8517,6,1,0.06424295902252197
8518,3,0,-0.22236204147338867
8519,7,1,-0.1886667013168335
8520,4,1,-0.16397273540496826
8521,2,1,-0.16757366061210632
8522,8,1,0.1448400616645813
8523,9,1,0.08271348476409912
8524,8,1,-0.1489337831735611
8525,7,1,-0.21508067846298218
8526,1,1,-0.01939988136291504
8527,4,1,-0.20493394136428833
8528,0,1,0.2512304186820984
8529,4,1,-0.07228991389274597
8530,8,1,-0.05627018213272095
8531,5,1,0.10639128088951111
8532,2,1,0.07697099447250366
8533,3,0,-0.291620135307312
8534,9,1,-0.09325802326202393
8535,0,1,0.36210036277770996
8536,1,1,-0.06275439262390137
8537,9,1,-0.14218352735042572
8538,1,1,-0.10669593513011932
8539,5,1,0.04061850905418396
8540,1,1,-0.11357840895652771
8541,7,1,-0.17153394222259521
8542,6,1,-0.15320581197738647
8543,1,1,-0.09522140026092529
8544,2,1,0.4076368808746338
8545,1,1,-0.1397765725851059
8546,6,1,-0.07929331064224243
8547,8,1,-0.0917503833770752
8548,0,1,0.6764444708824158
8549,1,1,-0.07101503014564514
8550,2,1,0.20779258012771606
8551,3,0,-0.21303629875183105
8552,4,1,0.05835205316543579
8553,5,1,0.137770414352417
8554,6,1,0.30975258350372314
8555,7,1,0.10225027799606323
8556,8,1,-0.0736517608165741
8557,9,1,-0.15734471380710602
8558,0,1,0.2733086943626404
8559,1,1,-0.11491277813911438
8560,2,1,0.11773920059204102
8561,3,0,0.03754919767379761
8562,4,1,0.07537803053855896
8563,5,1,0.40472304821014404
8564,6,1,0.15844911336898804
8565,7,1,-0.20147748291492462
8566,8,1,-0.2256166785955429
8567,0,1,0.6465038061141968
8568,1,1,0.13496553897857666
8569,2,1,-0.09653156995773315
8570,3,0,0.16033011674880981
8571,5,1,0.07973241806030273
8572,6,1,0.40366411209106445
8573,7,1,0.3416703939437866
8574,8,1,-0.16714134812355042
8575,1,1,-0.04867643117904663
8576,0,1,-0.017520278692245483
8577,4,1,-0.20760339498519897
8578,5,1,-0.08928406238555908
8579,6,1,0.3736380934715271
8580,6,1,0.07425928115844727
8581,3,0,-0.15269875526428223
8582,4,1,-0.0976342260837555
8583,4,1,0.2598453164100647
8584,2,1,0.05412405729293823
8585,8,1,-0.09224200248718262
8586,1,1,0.10426795482635498
8587,0,1,0.289650022983551
8588,6,1,0.5095295310020447
8589,4,1,-0.05951473116874695
8590,9,1,-0.11389589309692383
8591,7,1,0.01674830913543701
8592,2,1,0.12032857537269592
8593,9,1,-0.10930374264717102
8594,2,1,-0.15201207995414734
8595,0,1,0.5480460524559021
8596,9,1,-0.11866044998168945
8597,3,0,-0.18512645363807678
8598,3,0,-0.21030260622501373
8599,9,1,-0.06957155466079712
8600,1,1,-0.0658319890499115
8601,5,1,-0.15807515382766724
8602,2,1,-0.04157686233520508
8603,3,0,-0.2563324272632599
8604,1,1,0.41766607761383057
8605,6,1,0.045718878507614136
8606,7,1,-0.16894373297691345
8607,3,0,-0.17444315552711487
8608,7,1,-0.0007687211036682129
8609,8,1,-0.13751746714115143
8610,4,1,-0.005361735820770264
8611,0,1,0.1269891858100891
8612,2,1,-0.08550763130187988
8613,4,1,0.17913967370986938
8614,0,1,0.034771502017974854
8615,2,1,0.07852795720100403
8616,4,1,0.19648224115371704
8617,7,1,0.16978633403778076
8618,8,1,-0.12700673937797546
8619,0,1,0.9205936789512634
8620,7,1,0.1068848967552185
8621,0,1,0.1687188744544983
8622,6,1,0.01123163104057312
8623,9,1,-0.004925787448883057
8624,3,0,-0.19740749895572662
8625,2,1,0.34164559841156006
8626,4,1,-0.13422413170337677
8627,8,1,-0.033291786909103394
8628,6,1,-0.1298670470714569
8629,0,1,0.3347446918487549
8630,5,1,0.17381876707077026
8631,7,1,0.09506583213806152
8632,5,1,0.31240129470825195
8633,1,1,-0.1789020597934723
8634,0,1,-0.03622543811798096
8635,8,1,-0.16959455609321594
8636,1,1,-0.04932135343551636
8637,6,1,0.44089025259017944
8638,7,1,0.2205985188484192
8639,2,1,0.008918315172195435
8640,9,1,0.2538159489631653
8641,7,1,0.5097652077674866
8642,9,1,0.022977471351623535
8643,5,1,0.09584414958953857
8644,6,1,0.07140350341796875
8645,5,1,-0.03175121545791626
8646,2,1,0.10750120878219604
8647,6,1,-0.00926429033279419
8648,2,1,-0.0037447214126586914
8649,8,1,-0.15567590296268463
8650,1,1,0.30175507068634033
8651,7,1,0.16214483976364136
8652,5,1,-0.17801576852798462
8653,5,1,-0.15316297113895416
8654,7,1,0.28535139560699463
8655,3,0,-0.21275460720062256
8656,5,1,0.04804477095603943
8657,0,1,0.6139917969703674
8658,1,1,0.01456540822982788
8659,1,1,-0.012685775756835938
8660,3,0,-0.2234368473291397
8661,8,1,-0.21234340965747833
8662,4,1,0.17537921667099
8663,9,1,0.0413554310798645
8664,4,1,0.16669905185699463
8665,5,1,0.008654892444610596
8666,1,1,0.05427062511444092
8667,8,1,-0.15464365482330322
8668,6,1,0.631113588809967
8669,8,1,-0.11260524392127991
8670,9,1,0.058190345764160156
8671,0,1,0.15040045976638794
8672,1,1,0.11901384592056274
8673,2,1,-0.0884377658367157
8674,3,0,-0.24125786125659943
8675,4,1,-0.11632387340068817
8676,5,1,0.0030531883239746094
8677,6,1,0.12926852703094482
8678,7,1,-0.14356070756912231
8679,8,1,-0.12325140833854675
8680,9,1,-0.23206637799739838
8681,0,1,0.17531973123550415
8682,1,1,0.05757322907447815
8683,2,1,-0.02307310700416565
8684,3,0,-0.2223459780216217
8685,4,1,-0.12297388911247253
8686,5,1,0.040735870599746704
8687,6,1,0.02457323670387268
8688,7,1,-0.04383161664009094
8689,8,1,-0.11955526471138
8690,9,1,-0.24408313632011414
8691,0,1,0.13894623517990112
8692,1,1,0.010153770446777344
8693,2,1,-0.10864242911338806
8694,3,0,-0.2767474055290222
8695,4,1,-0.16151149570941925
8696,5,1,0.2572474479675293
8697,6,1,0.06598436832427979
8698,7,1,-0.07972070574760437
8699,8,1,0.06176719069480896
8700,9,1,-0.1272285133600235
8701,3,0,-0.3009480834007263
8702,5,1,-0.021668314933776855
8703,3,0,-0.27665975689888
8704,2,1,-0.04907339811325073
8705,9,1,-0.17860892415046692
8706,3,0,-0.28755539655685425
8707,2,1,-0.08661651611328125
8708,1,1,-0.07983660697937012
8709,4,1,0.07970136404037476
8710,5,1,-0.03742867708206177
8711,5,1,0.03769499063491821
8712,2,1,0.013114333152770996
8713,3,0,-0.25599947571754456
8714,2,1,-0.07950323820114136
8715,1,1,-0.11696742475032806
8716,3,0,-0.27675968408584595
8717,9,1,-0.186066672205925
8718,7,1,-0.18626053631305695
8719,2,1,0.056163907051086426
8720,1,1,0.009091615676879883
8721,2,1,-0.06802567839622498
8722,8,1,-0.11295932531356812
8723,9,1,-0.06437501311302185
8724,1,1,0.010986089706420898
8725,8,1,-0.04933309555053711
8726,8,1,-0.03073132038116455
8727,7,1,0.09634566307067871
8728,8,1,-0.16450940072536469
8729,1,1,0.012751400470733643
8730,0,1,0.07873889803886414
8731,0,1,-0.008990466594696045
8732,6,1,0.23223096132278442
8733,7,1,0.09412819147109985
8734,7,1,0.1297731101512909
8735,8,1,-0.1779412478208542
8736,7,1,-0.11321352422237396
8737,5,1,0.0354253351688385
8738,0,1,-0.16731059551239014
8739,6,1,0.03446906805038452
8740,1,1,0.03517743945121765
8741,5,1,-0.11650389432907104
8742,7,1,-0.17040173709392548
8743,4,1,-0.14136230945587158
8744,6,1,-0.057676494121551514
8745,1,1,0.02672022581100464
8746,2,1,-0.00686374306678772
8747,5,1,0.06178668141365051
8748,0,1,-0.14584141969680786
8749,7,1,0.031896114349365234
8750,9,1,-0.14963139593601227
8751,9,1,-0.19451108574867249
8752,0,1,-0.16568820178508759
8753,3,0,-0.2600070536136627
8754,4,1,0.12211433053016663
8755,4,1,-0.0569300651550293
8756,8,1,-0.18079540133476257
8757,4,1,-0.12800583243370056
8758,1,1,0.007008343935012817
8759,8,1,-0.16371771693229675
8760,6,1,0.08619147539138794
8761,5,1,0.003603905439376831
8762,9,1,-0.20446111261844635
8763,0,1,0.13243621587753296
8764,0,1,-0.000904381275177002
8765,0,1,0.17079323530197144
8766,3,0,-0.274544894695282
8767,7,1,-0.03237348794937134
8768,1,1,0.01635003089904785
8769,6,1,0.10089612007141113
8770,4,1,0.12489068508148193
8771,6,1,0.13281622529029846
8772,0,1,-0.12220582365989685
8773,4,1,-0.060869306325912476
8774,5,1,-0.12440557777881622
8775,4,1,-0.12567616999149323
8776,1,1,-0.03871089220046997
8777,3,0,-0.24466076493263245
8778,8,1,-0.11250293254852295
8779,6,1,0.009599745273590088
8780,3,0,-0.1931186020374298
8781,9,1,-0.15922275185585022
8782,9,1,-0.10329301655292511
8783,5,1,0.13429316878318787
8784,9,1,-0.18117931485176086
8785,3,0,-0.2602521479129791
8786,7,1,0.0019799470901489258
8787,8,1,-0.17280720174312592
8788,5,1,-0.17364969849586487
8789,6,1,0.12796896696090698
8790,4,1,-0.02123349905014038
8791,7,1,-0.00845840573310852
8792,6,1,0.08448624610900879
8793,2,1,0.17613321542739868
8794,2,1,0.05394184589385986
8795,0,1,0.04935219883918762
8796,9,1,-0.1744062751531601
8797,4,1,-0.10292929410934448
8798,0,1,0.2597193121910095
8799,1,1,0.12630027532577515
8800,2,1,0.13522684574127197
8801,3,0,-0.2928479015827179
8802,4,1,0.162447988986969
8803,5,1,0.5019789338111877
8804,6,1,0.004027187824249268
8805,7,1,0.04210031032562256
8806,8,1,-0.14728349447250366
8807,9,1,-0.05848085880279541
8808,0,1,0.3747374415397644
8809,1,1,0.27350670099258423
8810,2,1,-0.06455564498901367
8811,3,0,-0.27235355973243713
8812,4,1,0.36294108629226685
8813,5,1,-0.01678609848022461
8814,6,1,-0.14686182141304016
8815,7,1,0.19746500253677368
8816,8,1,0.0474545955657959
8817,9,1,-0.09761524200439453
8818,0,1,0.2373332977294922
8819,1,1,0.20994114875793457
8820,2,1,0.011024624109268188
8821,3,0,-0.284271240234375
8822,4,1,0.10752016305923462
8823,5,1,0.3799763321876526
8824,6,1,-0.05984210968017578
8825,7,1,-0.13046377897262573
8826,8,1,-0.2537608742713928
8827,9,1,-0.15330728888511658
8828,6,1,-0.10096222162246704
8829,4,1,-0.10742247104644775
8830,2,1,0.043601810932159424
8831,6,1,-0.10105744004249573
8832,4,1,-0.05265963077545166
8833,7,1,-0.0424155592918396
8834,5,1,-0.0976247787475586
8835,5,1,0.12206944823265076
8836,4,1,-0.10342957079410553
8837,7,1,-0.0008643269538879395
8838,2,1,-0.10820722579956055
8839,9,1,-0.1885959506034851
8840,3,0,-0.18261000514030457
8841,9,1,-0.1361772119998932
8842,3,0,-0.2719857096672058
8843,8,1,-0.06866484880447388
8844,2,1,0.19330430030822754
8845,0,1,-0.08006083965301514
8846,9,1,-0.1727198362350464
8847,5,1,-0.07955220341682434
8848,6,1,-0.049087196588516235
8849,0,1,-0.12921547889709473
8850,1,1,-0.05497148633003235
8851,0,1,-0.09356558322906494
8852,6,1,0.07345283031463623
8853,5,1,0.2166697382926941
8854,3,0,-0.30463647842407227
8855,5,1,0.369040310382843
8856,3,0,-0.21000561118125916
8857,8,1,-0.2459055483341217
8858,0,1,0.07799962162971497
8859,0,1,-0.1130533516407013
8860,3,0,-0.25348275899887085
8861,4,1,-0.06853175163269043
8862,1,1,0.06266787648200989
8863,5,1,0.5993972420692444
8864,3,0,-0.2909570634365082
8865,0,1,0.05770191550254822
8866,8,1,-0.14545217156410217
8867,3,0,-0.24915900826454163
8868,0,1,0.09192025661468506
8869,6,1,0.20023959875106812
8870,2,1,-0.16733963787555695
8871,7,1,-0.01703059673309326
8872,8,1,-0.09643042087554932
8873,1,1,-0.01925373077392578
8874,7,1,0.08189088106155396
8875,1,1,0.09246605634689331
8876,3,0,-0.2627010941505432
8877,8,1,-0.09802556037902832
8878,5,1,-0.0005205273628234863
8879,4,1,-0.11417892575263977
8880,2,1,0.004626184701919556
8881,0,1,0.06653934717178345
8882,9,1,-0.20674024522304535
8883,7,1,-0.0982043445110321
8884,6,1,0.19504719972610474
8885,7,1,-0.15322843194007874
8886,4,1,0.011158674955368042
8887,1,1,0.3187682032585144
8888,6,1,0.026793956756591797
8889,2,1,-0.2101927250623703
8890,6,1,0.012739002704620361
8891,7,1,-0.15881654620170593
8892,1,1,0.008262336254119873
8893,9,1,-0.10461875796318054
8894,8,1,0.011995792388916016
8895,0,1,-0.06869682669639587
8896,6,1,-0.11141201853752136
8897,9,1,-0.09550070762634277
8898,4,1,0.024903297424316406
8899,9,1,-0.07416963577270508
8900,9,1,0.06030672788619995
8901,6,1,-0.22117115557193756
8902,2,1,-0.06083786487579346
8903,3,0,-0.24954389035701752
8904,7,1,0.010926365852355957
8905,1,1,0.15386295318603516
8906,9,1,-0.12342908978462219
8907,2,1,0.2023114562034607
8908,2,1,-0.12176413834095001
8909,5,1,-0.05960738658905029
8910,3,0,-0.24316146969795227
8911,7,1,-0.14154161512851715
8912,8,1,-0.06728780269622803
8913,0,1,-0.13191431760787964
8914,1,1,0.18217867612838745
8915,2,1,0.0003724396228790283
8916,3,0,-0.2350633442401886
8917,4,1,-0.05073779821395874
8918,7,1,-0.10519137978553772
8919,8,1,-0.19803504645824432
8920,9,1,-0.14006537199020386
8921,0,1,0.008234262466430664
8922,1,1,0.3310554623603821
8923,2,1,0.003659546375274658
8924,3,0,-0.20368602871894836
8925,4,1,0.07964766025543213
8926,7,1,-0.06945419311523438
8927,8,1,-0.09917005896568298
8928,9,1,0.04864656925201416
8929,0,1,0.27841871976852417
8930,1,1,0.15529757738113403
8931,7,1,-0.033880382776260376
8932,8,1,-0.08342128992080688
8933,9,1,-0.052603334188461304
8934,8,1,-0.16721110045909882
8935,9,1,-0.19211840629577637
8936,2,1,-0.0063468217849731445
8937,6,1,0.02283230423927307
8938,1,1,0.147784024477005
8939,3,0,-0.22241941094398499
8940,5,1,-0.04812857508659363
8941,4,1,-0.08684927225112915
8942,8,1,-0.2009720504283905
8943,2,1,-0.060919374227523804
8944,6,1,-0.06450322270393372
8945,4,1,-0.027190446853637695
8946,3,0,-0.1483793556690216
8947,4,1,-0.011645317077636719
8948,5,1,0.9047552943229675
8949,9,1,-0.11290538311004639
8950,2,1,-0.03599533438682556
8951,0,1,-0.20081982016563416
8952,3,0,-0.19788160920143127
8953,9,1,-0.05929982662200928
8954,4,1,-0.057058751583099365
8955,9,1,-0.16563966870307922
8956,7,1,-0.02136319875717163
8957,3,0,-0.056667715311050415
8958,8,1,-0.1054307222366333
8959,7,1,-0.04428166151046753
8960,4,1,0.07247591018676758
8961,4,1,-0.029235541820526123
8962,9,1,-0.16039597988128662
8963,8,1,-0.16920408606529236
8964,5,1,-0.013758629560470581
8965,8,1,-0.08385616540908813
8966,2,1,-0.07697752118110657
8967,6,1,-0.05356365442276001
8968,6,1,0.05345466732978821
8969,2,1,0.15356677770614624
8970,3,0,-0.13989406824111938
8971,1,1,0.2530140280723572
8972,3,0,-0.13585078716278076
8973,2,1,0.041607826948165894
8974,7,1,0.1525229811668396
8975,3,0,-0.15538282692432404
8976,1,1,0.24631989002227783
8977,9,1,-0.17535369098186493
8978,0,1,0.3541991114616394
8979,1,1,0.05737638473510742
8980,1,1,0.10049015283584595
8981,3,0,-0.09667813777923584
8982,5,1,0.29021018743515015
8983,0,1,0.16679483652114868
8984,7,1,-0.07424971461296082
8985,8,1,-0.12629368901252747
8986,1,1,0.35077548027038574
8987,5,1,-0.0626291036605835
8988,1,1,0.25481361150741577
8989,4,1,-0.04729354381561279
8990,6,1,0.055284202098846436
8991,0,1,0.6447778344154358
8992,0,1,0.631404459476471
8993,4,1,0.03127413988113403
8994,9,1,-0.20430399477481842
8995,1,1,0.27506572008132935
8996,6,1,0.23375600576400757
8997,6,1,0.11251819133758545
8998,9,1,-0.1415223926305771
8999,0,1,0.18726849555969238
9000,7,1,0.03316381573677063
9001,6,1,0.6839815974235535
9002,1,1,0.44596314430236816
9003,1,1,0.28380149602890015
9004,0,1,0.04868689179420471
9005,1,1,-0.06769034266471863
9006,2,1,-0.0168285071849823
9007,3,0,-0.09617775678634644
9008,4,1,-0.06747311353683472
9009,7,1,-0.16949987411499023
9010,2,1,0.037756383419036865
9011,3,0,-0.2479429841041565
9012,4,1,0.16793519258499146
9013,5,1,0.4746273159980774
9014,6,1,-0.05464965105056763
9015,7,1,-0.029146909713745117
9016,0,1,-0.05762511491775513
9017,1,1,0.036734312772750854
9018,2,1,-0.16330154240131378
9019,7,1,-0.1386389434337616
9020,8,1,0.023094117641448975
9021,6,1,0.10584229230880737
9022,3,0,-0.19957458972930908
9023,9,1,-0.056879639625549316
9024,7,1,-0.1559290587902069
9025,1,1,-0.0017879605293273926
9026,9,1,-0.1438256949186325
9027,3,0,-0.13503652811050415
9028,9,1,-0.1580592691898346
9029,6,1,-0.07026973366737366
9030,1,1,0.2623431086540222
9031,7,1,-0.11715374886989594
9032,2,1,-0.000675201416015625
9033,4,1,-0.015294790267944336
9034,4,1,-0.16016998887062073
9035,5,1,0.506229043006897
9036,7,1,-0.1577799767255783
9037,0,1,0.2138592004776001
9038,0,1,0.351948082447052
9039,1,1,0.12095490097999573
9040,6,1,0.05902749300003052
9041,6,1,-0.03493613004684448
9042,8,1,-0.03937608003616333
9043,2,1,-0.13372506201267242
9044,7,1,-0.07874572277069092
9045,7,1,0.11809644103050232
9046,2,1,0.04498344659805298
9047,4,1,0.12354746460914612
9048,2,1,0.07691335678100586
9049,1,1,0.32474446296691895
9050,6,1,-0.02323615550994873
9051,1,1,-0.0983918309211731
9052,0,1,0.25972646474838257
9053,6,1,0.06045520305633545
9054,9,1,0.0730883777141571
9055,8,1,-0.0423317551612854
9056,3,0,-0.2447052001953125
9057,9,1,-0.22229310870170593
9058,6,1,-0.0783502459526062
9059,3,0,-0.06248891353607178
9060,0,1,0.38497328758239746
9061,1,1,-0.08796572685241699
9062,2,1,-0.06769317388534546
9063,3,0,-0.029326796531677246
9064,4,1,0.10223504900932312
9065,5,1,-0.03902366757392883
9066,6,1,0.11738806962966919
9067,7,1,-0.16540011763572693
9068,8,1,-0.08415308594703674
9069,9,1,-0.1742231547832489
9070,0,1,0.40152186155319214
9071,1,1,-0.10039457678794861
9072,2,1,0.008236527442932129
9073,3,0,-0.18666982650756836
9074,4,1,-0.14297056198120117
9075,5,1,-0.1356736272573471
9076,6,1,0.19419115781784058
9077,7,1,-0.15409201383590698
9078,8,1,-0.01680922508239746
9079,9,1,-0.052475154399871826
9080,0,1,0.2298087477684021
9081,1,1,-0.09978416562080383
9082,2,1,-0.12649813294410706
9083,3,0,-0.20299533009529114
9084,4,1,-0.03471672534942627
9085,5,1,0.0036104321479797363
9086,6,1,0.37157100439071655
9087,7,1,-0.08534467220306396
9088,8,1,-0.09298491477966309
9089,9,1,-0.08692431449890137
9090,1,1,-0.05207592248916626
9091,6,1,-0.017198622226715088
9092,8,1,-0.18243515491485596
9093,9,1,-0.1415715217590332
9094,9,1,-0.16287249326705933
9095,0,1,0.23900550603866577
9096,1,1,-0.07866501808166504
9097,2,1,-0.093726247549057
9098,4,1,-0.06230482459068298
9099,4,1,0.07794055342674255
9100,3,0,-0.18055784702301025
9101,7,1,0.034964680671691895
9102,4,1,-0.1769689917564392
9103,4,1,-0.2082156538963318
9104,4,1,0.15141624212265015
9105,0,1,0.11206299066543579
9106,3,0,-0.13689367473125458
9107,8,1,-0.039578139781951904
9108,7,1,0.15628951787948608
9109,5,1,0.07733744382858276
9110,8,1,-0.02019953727722168
9111,2,1,-0.047405898571014404
9112,1,1,-0.07288974523544312
9113,7,1,-0.16124644875526428
9114,5,1,0.17600524425506592
9115,3,0,-0.24688021838665009
9116,8,1,-0.11900722980499268
9117,5,1,-0.15491938591003418
9118,2,1,-0.11505214869976044
9119,5,1,-0.006854623556137085
9120,1,1,0.11499035358428955
9121,1,1,0.00666317343711853
9122,6,1,0.10354757308959961
9123,2,1,-0.21051953732967377
9124,1,1,-0.05674603581428528
9125,3,0,-0.14865003526210785
9126,8,1,-0.12782755494117737
9127,6,1,-0.01701459288597107
9128,4,1,-0.2029542624950409
9129,2,1,0.06405135989189148
9130,6,1,0.024932026863098145
9131,2,1,0.06665343046188354
9132,5,1,-0.05021333694458008
9133,5,1,0.10472238063812256
9134,0,1,0.3108949065208435
9135,2,1,0.16768717765808105
9136,8,1,-0.18212644755840302
9137,0,1,0.21618378162384033
9138,6,1,0.05822822451591492
9139,8,1,-0.17989233136177063
9140,1,1,0.005398809909820557
9141,7,1,-0.0034421682357788086
9142,9,1,-0.17806139588356018
9143,1,1,-0.03557431697845459
9144,9,1,-0.07896393537521362
9145,2,1,-0.11629749834537506
9146,6,1,0.08133536577224731
9147,7,1,-0.12214484810829163
9148,6,1,-0.09488296508789062
9149,6,1,-0.04038733243942261
9150,8,1,-0.0229148268699646
9151,7,1,-0.1293456256389618
9152,4,1,-0.0986095666885376
9153,9,1,0.0926462709903717
9154,2,1,-0.07099390029907227
9155,1,1,-0.10844989120960236
9156,3,0,-0.2238578498363495
9157,3,0,-0.08500385284423828
9158,0,1,0.13678109645843506
9159,5,1,-0.04527401924133301
9160,5,1,0.32785195112228394
9161,8,1,-0.07371893525123596
9162,0,1,0.06187066435813904
9163,3,0,-0.2437078356742859
9164,7,1,-0.18189671635627747
9165,9,1,-0.11544236540794373
9166,7,1,-0.16596584022045135
9167,0,1,0.40430861711502075
9168,2,1,-0.11724811792373657
9169,7,1,-0.06371763348579407
9170,9,1,-0.018534421920776367
9171,1,1,-0.12741148471832275
9172,7,1,-0.13218891620635986
9173,8,1,-0.197877436876297
9174,0,1,0.45197343826293945
9175,3,0,-0.07066601514816284
9176,5,1,0.2007172703742981
9177,3,0,-0.2855162024497986
9178,6,1,0.11277353763580322
9179,0,1,0.40678268671035767
9180,1,1,0.32413434982299805
9181,2,1,-0.04961434006690979
9182,3,0,-0.22148501873016357
9183,4,1,0.02270495891571045
9184,5,1,0.05649465322494507
9185,6,1,-0.17552851140499115
9186,7,1,-0.011653363704681396
9187,8,1,-0.0761193037033081
9188,9,1,-0.22779488563537598
9189,0,1,0.2659202218055725
9190,1,1,-0.019265174865722656
9191,2,1,0.058310508728027344
9192,3,0,-0.14876103401184082
9193,4,1,-0.038031578063964844
9194,5,1,-0.0035603344440460205
9195,6,1,-0.19134676456451416
9196,7,1,0.13850414752960205
9197,8,1,-0.005446493625640869
9198,9,1,-0.046977102756500244
9199,0,1,0.3038066029548645
9200,1,1,0.08959335088729858
9201,2,1,-0.07316380739212036
9202,3,0,-0.1347692906856537
9203,4,1,-0.11067621409893036
9204,7,1,0.08899486064910889
9205,8,1,0.0968427062034607
9206,9,1,-0.07952743768692017
9207,6,1,-0.23618148267269135
9208,4,1,-0.08522599935531616
9209,2,1,-0.048462629318237305
9210,6,1,-0.18310308456420898
9211,4,1,0.01598942279815674
9212,7,1,0.12579920887947083
9213,8,1,-0.046495020389556885
9214,9,1,-0.15215268731117249
9215,2,1,-0.1945222020149231
9216,9,1,-0.05873194336891174
9217,3,0,-0.19973774254322052
9218,9,1,-0.2295176088809967
9219,3,0,-0.12866675853729248
9220,0,1,0.1357625424861908
9221,0,1,-0.06737911701202393
9222,1,1,0.08802664279937744
9223,0,1,0.17807799577713013
9224,4,1,-0.093485027551651
9225,2,1,-0.13705593347549438
9226,6,1,-0.08358976244926453
9227,3,0,-0.20685014128684998
9228,5,1,-0.009798586368560791
9229,3,0,-0.1866123378276825
9230,0,1,0.2802203297615051
9231,3,0,-0.243984192609787
9232,4,1,-0.027841418981552124
9233,1,1,-0.12847912311553955
9234,5,1,0.2804102897644043
9235,3,0,-0.08416721224784851
9236,0,1,0.17104166746139526
9237,8,1,0.02652841806411743
9238,3,0,-0.13734644651412964
9239,0,1,0.4032258987426758
9240,6,1,-0.11955875158309937
9241,1,1,-0.012461185455322266
9242,7,1,-0.07168066501617432
9243,8,1,-0.051728010177612305
9244,0,1,-0.001728832721710205
9245,9,1,-0.11209690570831299
9246,2,1,0.022806167602539062
9247,6,1,-0.1476382613182068
9248,7,1,-0.09997278451919556
9249,1,1,0.057503700256347656
9250,9,1,-0.19678281247615814
9251,6,1,-0.09133481979370117
9252,9,1,-0.21454519033432007
9253,4,1,-0.13046547770500183
9254,9,1,-0.09323859214782715
9255,9,1,-0.0637999176979065
9256,6,1,-0.09112203121185303
9257,7,1,-0.05078327655792236
9258,1,1,0.04071268439292908
9259,2,1,0.04559510946273804
9260,5,1,-0.11616691946983337
9261,3,0,-0.21908454596996307
9262,7,1,-0.05318403244018555
9263,8,1,0.16867595911026
9264,0,1,0.7033844590187073
9265,1,1,0.6018437743186951
9266,2,1,0.08726152777671814
9267,4,1,0.14896893501281738
9268,5,1,0.0026810765266418457
9269,6,1,-0.0019422471523284912
9270,7,1,0.48340409994125366
9271,8,1,-0.039816439151763916
9272,9,1,-0.013246297836303711
9273,0,1,0.9619324803352356
9274,1,1,-0.03439372777938843
9275,3,0,-0.14951059222221375
9276,4,1,0.2577652335166931
9277,5,1,0.1986134648323059
9278,6,1,0.08036625385284424
9279,7,1,0.1106710135936737
9280,8,1,0.16261231899261475
9281,0,1,0.37051016092300415
9282,1,1,1.3078484535217285
9283,3,0,-0.1736612319946289
9284,4,1,0.7117293477058411
9285,7,1,0.2874003052711487
9286,8,1,0.043279051780700684
9287,9,1,-0.052029579877853394
9288,7,1,0.040408313274383545
9289,5,1,-0.07076746225357056
9290,5,1,0.1168040931224823
9291,1,1,0.5718448162078857
9292,9,1,-0.12801380455493927
9293,9,1,-0.11651280522346497
9294,7,1,-0.003076493740081787
9295,1,1,0.31324905157089233
9296,0,1,0.3410729765892029
9297,0,1,0.839703381061554
9298,5,1,0.4075179100036621
9299,9,1,-0.07354924082756042
9300,7,1,0.12110155820846558
9301,1,1,0.651617705821991
9302,7,1,0.11635065078735352
9303,2,1,-0.07524558901786804
9304,2,1,-0.17702272534370422
9305,3,0,-0.20090121030807495
9306,6,1,0.6429407000541687
9307,8,1,-0.1585153043270111
9308,3,0,-0.051725804805755615
9309,2,1,0.09520742297172546
9310,0,1,0.36911338567733765
9311,0,1,0.8005148768424988
9312,6,1,0.04118078947067261
9313,1,1,0.21198445558547974
9314,7,1,0.1722259521484375
9315,5,1,0.15498840808868408
9316,8,1,-0.06227755546569824
9317,6,1,0.15866506099700928
9318,2,1,-0.174534410238266
9319,9,1,0.13351425528526306
9320,4,1,0.18292927742004395
9321,8,1,-0.17845743894577026
9322,8,1,-0.07948428392410278
9323,7,1,-0.08717924356460571
9324,1,1,0.46759724617004395
9325,0,1,0.750188410282135
9326,8,1,-0.20958968997001648
9327,7,1,0.28235262632369995
9328,7,1,0.18574988842010498
9329,5,1,0.16031092405319214
9330,8,1,-0.16745415329933167
9331,5,1,-0.12727561593055725
9332,3,0,-0.12972325086593628
9333,4,1,0.17830896377563477
9334,6,1,-0.08782491087913513
9335,1,1,0.36729592084884644
9336,1,1,0.1343555450439453
9337,5,1,-0.14864417910575867
9338,5,1,-0.06849658489227295
9339,0,1,1.0482292175292969
9340,7,1,0.1256275177001953
9341,2,1,0.044305264949798584
9342,3,0,0.10823196172714233
9343,6,1,-0.10470789670944214
9344,4,1,0.07765659689903259
9345,1,1,0.5134685039520264
9346,2,1,0.0366591215133667
9347,4,1,0.29201775789260864
9348,1,1,0.16710251569747925
9349,5,1,0.13355585932731628
9350,4,1,0.33036667108535767
9351,2,1,-0.018338024616241455
9352,0,1,0.8602530360221863
9353,4,1,0.6071025729179382
9354,8,1,-0.15677271783351898
9355,6,1,-0.07150307297706604
9356,1,1,0.8281757235527039
9357,9,1,0.16577023267745972
9358,0,1,1.1447782516479492
9359,2,1,-0.01516413688659668
9360,5,1,0.5193018317222595
9361,6,1,0.13487356901168823
9362,9,1,0.09521830081939697
9363,3,0,-0.14440928399562836
9364,6,1,0.10832205414772034
9365,3,0,-0.18973886966705322
9366,6,1,-0.03486216068267822
9367,0,1,0.3446524739265442
9368,1,1,0.042004287242889404
9369,2,1,-0.11828848719596863
9370,3,0,-0.1624390184879303
9371,4,1,0.2567892074584961
9372,5,1,-0.18592281639575958
9373,6,1,0.3259275555610657
9374,7,1,-0.0715482234954834
9375,8,1,-0.2352525293827057
9376,9,1,0.034979015588760376
9377,0,1,0.4349033236503601
9378,1,1,-0.04302734136581421
9379,2,1,0.1423119306564331
9380,3,0,-0.033896803855895996
9381,4,1,0.1216767430305481
9382,5,1,-0.17797011137008667
9383,6,1,0.2559964060783386
9384,7,1,-0.07613179087638855
9385,8,1,-0.1521206796169281
9386,9,1,-0.1649342030286789
9387,0,1,0.35462212562561035
9388,1,1,-0.05802306532859802
9389,2,1,0.18169546127319336
9390,3,0,-0.17183496057987213
9391,5,1,-0.054759979248046875
9392,6,1,0.5329068899154663
9393,7,1,-0.06174430251121521
9394,8,1,-0.11501577496528625
9395,1,1,0.10120147466659546
9396,0,1,0.921869695186615
9397,9,1,-0.0636323094367981
9398,5,1,-0.16396856307983398
9399,7,1,-0.044358521699905396
9400,5,1,-0.11230297386646271
9401,1,1,-0.028157293796539307
9402,8,1,-0.1262129545211792
9403,6,1,0.006256848573684692
9404,9,1,-0.0677976906299591
9405,0,1,0.18700700998306274
9406,4,1,0.033986449241638184
9407,1,1,0.2391766905784607
9408,9,1,-0.17585265636444092
9409,3,0,-0.1809428185224533
9410,8,1,-0.20198823511600494
9411,4,1,0.25303465127944946
9412,4,1,0.08997517824172974
9413,7,1,-0.14776454865932465
9414,0,1,0.22798842191696167
9415,1,1,0.0734470784664154
9416,9,1,0.3068128824234009
9417,2,1,0.3942188620567322
9418,8,1,-0.18299275636672974
9419,7,1,-0.10832494497299194
9420,8,1,-0.17251326143741608
9421,2,1,0.47761762142181396
9422,5,1,-0.15790849924087524
9423,9,1,-0.054189860820770264
9424,6,1,0.03851962089538574
9425,0,1,0.4683816432952881
9426,6,1,0.2105763554573059
9427,5,1,-0.2151605486869812
9428,5,1,-0.11958463490009308
9429,3,0,-0.2154345065355301
9430,3,0,-0.30097901821136475
9431,3,0,-0.11342823505401611
9432,9,1,-0.060122400522232056
9433,8,1,0.09653422236442566
9434,1,1,-0.0634346604347229
9435,1,1,0.1933521032333374
9436,0,1,0.11588847637176514
9437,6,1,0.3039911985397339
9438,1,1,0.0035282373428344727
9439,0,1,0.22672349214553833
9440,0,1,0.399086594581604
9441,6,1,-0.08168202638626099
9442,2,1,0.05538904666900635
9443,1,1,0.07022005319595337
9444,1,1,0.36111366748809814
9445,3,0,-0.2543630003929138
9446,2,1,0.9203084111213684
9447,7,1,0.15956240892410278
9448,7,1,0.46716922521591187
9449,8,1,-0.0029630661010742188
9450,8,1,0.07119941711425781
9451,7,1,0.2510983943939209
9452,8,1,-0.08479675650596619
9453,4,1,0.1835309863090515
9454,6,1,-0.09462931752204895
9455,0,1,0.4068548083305359
9456,2,1,0.007568478584289551
9457,0,1,0.4000837206840515
9458,7,1,0.10874003171920776
9459,0,1,0.36624228954315186
9460,3,0,-0.19589124619960785
9461,6,1,0.1746234893798828
9462,8,1,-0.15526780486106873
9463,7,1,-0.03531518578529358
9464,1,1,0.23908692598342896
9465,5,1,-0.08964243531227112
9466,9,1,-0.1472664773464203
9467,9,1,-0.09682586789131165
9468,3,0,-0.21247407793998718
9469,7,1,0.0008566081523895264
9470,2,1,0.016452252864837646
9471,4,1,0.3349305987358093
9472,9,1,0.017770439386367798
9473,4,1,0.09400182962417603
9474,3,0,-0.1873837560415268
9475,6,1,0.3013060688972473
9476,2,1,0.092720627784729
9477,2,1,-0.03600218892097473
9478,5,1,-0.1080266684293747
9479,3,0,-0.2570997476577759
9480,2,1,0.07248830795288086
9481,5,1,0.18316537141799927
9482,5,1,-0.1462012529373169
9483,9,1,-0.05007091164588928
9484,4,1,0.23469913005828857
9485,1,1,0.08816146850585938
9486,7,1,0.028762102127075195
9487,2,1,0.30222219228744507
9488,0,1,0.5234567523002625
9489,1,1,-0.09193244576454163
9490,2,1,-0.01042872667312622
9491,3,0,-0.24473604559898376
9492,4,1,0.399008572101593
9493,5,1,0.16107714176177979
9494,6,1,0.40504002571105957
9495,7,1,-0.09682667255401611
9496,8,1,-0.16306570172309875
9497,9,1,-0.036333948373794556
9498,0,1,0.612060546875
9499,1,1,-0.09569555521011353
9500,2,1,-0.1356891244649887
9501,3,0,-0.21672989428043365
9502,4,1,0.19158607721328735
9503,5,1,0.5071888566017151
9504,6,1,0.7163490653038025
9505,7,1,-0.16550295054912567
9506,8,1,-0.15642870962619781
9507,9,1,-0.17527177929878235
9508,0,1,-0.07958769798278809
9509,1,1,0.061341702938079834
9510,2,1,-0.1375928521156311
9511,3,0,-0.25821352005004883
9512,4,1,0.09632843732833862
9513,5,1,0.480810284614563
9514,6,1,0.021134227514266968
9515,7,1,-0.15772590041160583
9516,8,1,-0.17301204800605774
9517,9,1,-0.1486983597278595
9518,1,1,0.28797417879104614
9519,0,1,0.4957194924354553
9520,1,1,0.07913282513618469
9521,2,1,-0.06421726942062378
9522,7,1,-0.20301347970962524
9523,5,1,0.44613200426101685
9524,3,0,-0.3000955581665039
9525,4,1,0.098187655210495
9526,4,1,0.07972246408462524
9527,0,1,0.6058486104011536
9528,0,1,0.3397294878959656
9529,6,1,0.1599874496459961
9530,9,1,-0.01094922423362732
9531,6,1,-0.0029214322566986084
9532,6,1,0.18722236156463623
9533,5,1,0.8601791262626648
9534,7,1,-0.18051068484783173
9535,2,1,-0.17354020476341248
9536,3,0,-0.2127874493598938
9537,4,1,0.03029462695121765
9538,4,1,-0.02173513174057007
9539,9,1,0.034986674785614014
9540,1,1,0.06218022108078003
9541,4,1,-0.07273557782173157
9542,0,1,-0.09742015600204468
9543,7,1,0.026755988597869873
9544,9,1,-0.2255355268716812
9545,5,1,0.0313493013381958
9546,7,1,-0.11274267733097076
9547,2,1,-0.0887061357498169
9548,3,0,-0.25591009855270386
9549,1,1,0.15572911500930786
9550,4,1,-0.06226611137390137
9551,4,1,-0.11362452805042267
9552,0,1,-0.17711526155471802
9553,9,1,0.2584424614906311
9554,9,1,-0.03220266103744507
9555,6,1,-0.08110833168029785
9556,1,1,-0.047124505043029785
9557,8,1,-0.05134543776512146
9558,3,0,-0.20492851734161377
9559,3,0,-0.2088676393032074
9560,7,1,-0.04108467698097229
9561,3,0,-0.21920454502105713
9562,9,1,0.053230345249176025
9563,8,1,-0.1289137601852417
9564,8,1,-0.061051398515701294
9565,4,1,0.3269463777542114
9566,7,1,-0.062437236309051514
9567,7,1,-0.07673373818397522
9568,6,1,0.04003211855888367
9569,2,1,-0.04914933443069458
9570,1,1,0.018262505531311035
9571,9,1,-0.20737573504447937
9572,8,1,-0.07469630241394043
9573,7,1,0.07862532138824463
9574,8,1,-0.16859044134616852
9575,8,1,-0.14752787351608276
9576,7,1,-0.2036811113357544
9577,2,1,0.07430011034011841
9578,2,1,0.17150825262069702
9579,3,0,-0.2750176787376404
9580,9,1,0.025296956300735474
9581,3,0,-0.27312225103378296
9582,3,0,-0.22048833966255188
9583,5,1,0.05558454990386963
9584,5,1,0.06433391571044922
9585,0,1,0.145498126745224
9586,7,1,-0.07072597742080688
9587,9,1,-0.05947864055633545
9588,5,1,-0.06395304203033447
9589,6,1,0.22373747825622559
9590,5,1,0.019374221563339233
9591,1,1,0.07841247320175171
9592,4,1,0.04573825001716614
9593,1,1,-0.030354201793670654
9594,1,1,-0.14545351266860962
9595,2,1,0.07313451170921326
9596,8,1,-0.09932845830917358
9597,2,1,-0.07575643062591553
9598,6,1,0.17663007974624634
9599,1,1,-0.1125381737947464
9600,5,1,0.15884369611740112
9601,0,1,0.5499001145362854
9602,1,1,0.02079114317893982
9603,2,1,-0.06545478105545044
9604,3,0,-0.20055927336215973
9605,4,1,0.108612060546875
9606,5,1,0.6085152626037598
9607,6,1,-0.12479037046432495
9608,7,1,-0.07984265685081482
9609,8,1,0.0579909086227417
9610,9,1,-0.13233761489391327
9611,0,1,0.20517969131469727
9612,1,1,0.7863628268241882
9613,2,1,-0.0684916079044342
9614,3,0,-0.1539141833782196
9615,4,1,0.22865623235702515
9616,5,1,0.19157850742340088
9617,6,1,-0.0928276777267456
9618,7,1,-0.10120055079460144
9619,8,1,0.0392192006111145
9620,9,1,-0.10097873210906982
9621,0,1,0.16787391901016235
9622,1,1,0.035406291484832764
9623,2,1,-0.10837717354297638
9624,3,0,0.010342031717300415
9625,4,1,0.1557287573814392
9626,5,1,0.12386620044708252
9627,6,1,-0.09321492910385132
9628,7,1,0.02637690305709839
9629,8,1,0.048921167850494385
9630,8,1,-0.19373385608196259
9631,0,1,-0.142363503575325
9632,6,1,-0.05639415979385376
9633,0,1,-0.11175750195980072
9634,0,1,-0.023488879203796387
9635,2,1,-0.03204953670501709
9636,3,0,-0.01436963677406311
9637,7,1,-0.060391753911972046
9638,9,1,-0.10575340688228607
9639,4,1,0.2026309370994568
9640,7,1,-0.07683944702148438
9641,1,1,0.08324804902076721
9642,9,1,0.03937828540802002
9643,1,1,0.5042361617088318
9644,7,1,-0.038349658250808716
9645,1,1,0.4730207920074463
9646,4,1,-0.0345684289932251
9647,0,1,0.49687308073043823
9648,0,1,0.16308921575546265
9649,1,1,-0.012523382902145386
9650,7,1,-0.0733095109462738
9651,5,1,0.5378378629684448
9652,7,1,-0.007027745246887207
9653,1,1,-0.004339396953582764
9654,3,0,-0.16063189506530762
9655,3,0,0.3830919861793518
9656,3,0,-0.15554389357566833
9657,1,1,0.052766352891922
9658,6,1,-0.14762036502361298
9659,9,1,-0.16972529888153076
9660,7,1,0.028945565223693848
9661,1,1,0.03432556986808777
9662,3,0,-0.04148116707801819
9663,0,1,0.12072098255157471
9664,2,1,-0.029408186674118042
9665,6,1,-0.10024003684520721
9666,0,1,-0.19746103882789612
9667,8,1,0.08253204822540283
9668,9,1,-0.10228943824768066
9669,4,1,0.23281770944595337
9670,3,0,-0.16278144717216492
9671,5,1,0.19593840837478638
9672,4,1,-0.08125102519989014
9673,8,1,0.21766573190689087
9674,1,1,0.1834087371826172
9675,5,1,0.37879377603530884
9676,9,1,-0.14019733667373657
9677,0,1,0.04697582125663757
9678,6,1,-0.09951275587081909
9679,6,1,-0.15468735992908478
9680,3,0,-0.21209248900413513
9681,8,1,-0.047812581062316895
9682,1,1,0.05271041393280029
9683,4,1,-0.019827961921691895
9684,7,1,0.1935306191444397
9685,5,1,0.17536979913711548
9686,2,1,-0.08474108576774597
9687,0,1,-0.027390778064727783
9688,0,1,0.006580531597137451
9689,1,1,0.17575883865356445
9690,7,1,-0.17400333285331726
9691,8,1,0.20029932260513306
9692,9,1,0.1729869842529297
9693,6,1,-0.0433388352394104
9694,8,1,0.11539766192436218
9695,8,1,0.03640955686569214
9696,2,1,0.003208756446838379
9697,3,0,0.05151110887527466
9698,6,1,0.13207119703292847
9699,1,1,0.2347446084022522
9700,2,1,0.6419664025306702
9701,9,1,-0.05133822560310364
9702,5,1,0.29065942764282227
9703,2,1,0.17943847179412842
9704,0,1,-0.10400047898292542
9705,1,1,0.2236667275428772
9706,2,1,0.0273095965385437
9707,3,0,-0.22533194720745087
9708,4,1,-0.04535698890686035
9709,5,1,-0.09788817167282104
9710,6,1,-0.11025860905647278
9711,7,1,-0.06833374500274658
9712,8,1,-0.09743231534957886
9713,9,1,-0.07367143034934998
9714,0,1,0.02410149574279785
9715,1,1,0.2540891766548157
9716,2,1,-0.061730921268463135
9717,3,0,-0.10443651676177979
9718,4,1,-0.1390725076198578
9719,5,1,-0.04403671622276306
9720,6,1,0.10626929998397827
9721,7,1,0.029595673084259033
9722,8,1,0.042098820209503174
9723,9,1,-0.14954712986946106
9724,0,1,0.18505042791366577
9725,1,1,0.429942786693573
9726,2,1,-0.13275693356990814
9727,3,0,-0.1647081822156906
9728,4,1,0.09824463725090027
9729,5,1,-0.19110217690467834
9730,6,1,0.11869239807128906
9731,7,1,0.035924285650253296
9732,8,1,0.1624775528907776
9733,9,1,-0.02153441309928894
9734,7,1,-0.16745129227638245
9735,4,1,0.05587226152420044
9736,6,1,0.22599464654922485
9737,1,1,0.32650822401046753
9738,4,1,-0.03880298137664795
9739,0,1,-0.1178550124168396
9740,9,1,-0.1424378752708435
9741,9,1,0.04896503686904907
9742,3,0,-0.1913696825504303
9743,7,1,0.07070374488830566
9744,8,1,0.10139581561088562
9745,4,1,-0.07806462049484253
9746,7,1,0.00973445177078247
9747,5,1,-0.09866142272949219
9748,8,1,0.20388048887252808
9749,5,1,0.024022221565246582
9750,3,0,-0.2161429226398468
9751,2,1,0.3045273423194885
9752,2,1,0.3505805730819702
9753,0,1,-0.04788646101951599
9754,5,1,0.2579982876777649
9755,8,1,0.16075420379638672
9756,6,1,0.12057900428771973
9757,0,1,0.023141145706176758
9758,3,0,-0.2521061897277832
9759,8,1,-0.059034138917922974
9760,1,1,0.4712361693382263
9761,0,1,0.09988895058631897
9762,3,0,-0.04153645038604736
9763,0,1,0.07553201913833618
9764,4,1,0.09085032343864441
9765,7,1,0.15566545724868774
9766,4,1,-0.06525322794914246
9767,9,1,0.19156193733215332
9768,2,1,0.17368650436401367
9769,9,1,-0.05719602108001709
9770,5,1,-0.08304232358932495
9771,7,1,-0.10896594822406769
9772,1,1,0.36500483751296997
9773,7,1,-0.04237285256385803
9774,1,1,0.263999879360199
9775,6,1,0.24864709377288818
9776,6,1,0.03613898158073425
9777,5,1,0.08177709579467773
9778,6,1,0.057912081480026245
9779,2,1,0.6557700037956238
9780,8,1,0.0346340537071228
9781,7,1,0.028580665588378906
9782,6,1,0.3198469877243042
9783,4,1,-0.040866971015930176
9784,9,1,-0.06488460302352905
9785,9,1,-0.1211642473936081
9786,5,1,0.12239676713943481
9787,3,0,-0.18158316612243652
9788,7,1,0.05909565091133118
9789,4,1,0.040909647941589355
9790,3,0,-0.1786537617444992
9791,0,1,-0.18812283873558044
9792,4,1,-0.020225167274475098
9793,6,1,0.18298298120498657
9794,6,1,0.13826170563697815
9795,1,1,1.012148380279541
9796,1,1,0.7315427660942078
9797,3,0,-0.20509237051010132
9798,2,1,0.2557942867279053
9799,1,1,0.04916435480117798
9800,0,1,-0.013689935207366943
9801,0,1,0.4413521885871887
9802,1,1,0.05932527780532837
9803,2,1,-0.20367486774921417
9804,3,0,-0.2076222002506256
9805,4,1,0.071941077709198
9806,7,1,-0.08139470219612122
9807,8,1,-0.16513504087924957
9808,9,1,0.04526558518409729
9809,0,1,-0.19492247700691223
9810,1,1,0.023296505212783813
9811,2,1,-0.08323973417282104
9812,3,0,-0.18844467401504517
9813,4,1,0.3632117509841919
9814,5,1,0.15167373418807983
9815,6,1,-0.13326500356197357
9816,7,1,0.0356275737285614
9817,8,1,-0.12434123456478119
9818,0,1,0.037325263023376465
9819,1,1,0.12758585810661316
9820,2,1,-0.16370299458503723
9821,3,0,-0.292815238237381
9822,4,1,-0.04210531711578369
9823,7,1,-0.15302234888076782
9824,8,1,-0.1649932861328125
9825,9,1,0.14013060927391052
9826,0,1,-0.16311337053775787
9827,8,1,-0.16460005939006805
9828,3,0,-0.17647717893123627
9829,9,1,0.04040336608886719
9830,5,1,0.3944457173347473
9831,5,1,0.15527135133743286
9832,2,1,-0.1274794638156891
9833,6,1,-0.16679735481739044
9834,8,1,-0.14664119482040405
9835,4,1,-0.06136775016784668
9836,1,1,0.2198624610900879
9837,7,1,-0.04143437743186951
9838,1,1,-0.035750895738601685
9839,2,1,0.17369824647903442
9840,3,0,-0.20470255613327026
9841,5,1,0.3428942561149597
9842,6,1,-0.00747033953666687
9843,9,1,0.45225656032562256
9844,1,1,0.22954857349395752
9845,1,1,0.318271279335022
9846,1,1,0.19177037477493286
9847,2,1,0.006320327520370483
9848,1,1,0.13488289713859558
9849,2,1,0.014915138483047485
9850,0,1,0.14595991373062134
9851,7,1,0.3231894373893738
9852,7,1,1.0707201957702637
9853,5,1,0.001983046531677246
9854,8,1,-0.0702698826789856
9855,2,1,-0.120486781001091
9856,9,1,0.29324930906295776
9857,8,1,0.12380877137184143
9858,6,1,0.02664223313331604
9859,7,1,0.16833633184432983
9860,3,0,-0.16059236228466034
9861,4,1,0.14468514919281006
9862,6,1,-0.003370344638824463
9863,8,1,-0.13916128873825073
9864,7,1,0.4479213356971741
9865,0,1,-0.09633606672286987
9866,4,1,0.22157853841781616
9867,2,1,-0.02428281307220459
9868,7,1,0.2133445143699646
9869,7,1,0.007102906703948975
9870,5,1,0.3292372226715088
9871,4,1,0.05305632948875427
9872,3,0,-0.26449301838874817
9873,4,1,0.17271137237548828
9874,2,1,-0.04709500074386597
9875,8,1,-0.07351499795913696
9876,1,1,0.07687360048294067
9877,5,1,0.1049225926399231
9878,1,1,0.30084526538848877
9879,0,1,0.06640869379043579
9880,2,1,0.007381439208984375
9881,3,0,-0.2395974099636078
9882,3,0,-0.20918461680412292
9883,5,1,-0.031978070735931396
9884,7,1,0.30748069286346436
9885,0,1,-0.20183145999908447
9886,6,1,0.21175360679626465
9887,8,1,-0.10291948914527893
9888,6,1,-0.14197832345962524
9889,3,0,-0.22789710760116577
9890,9,1,0.29193824529647827
9891,9,1,0.28936368227005005
9892,8,1,0.14966821670532227
9893,2,1,-0.012495547533035278
9894,7,1,0.17506009340286255
9895,7,1,-0.020601332187652588
9896,1,1,0.10195010900497437
9897,0,1,0.27308279275894165
9898,1,1,0.3057185411453247
9899,7,1,-0.11969521641731262
9900,8,1,0.20420163869857788
9901,9,1,-0.19470497965812683
9902,0,1,0.008333981037139893
9903,1,1,0.06150144338607788
9904,2,1,-0.07362237572669983
9905,3,0,-0.09039321541786194
9906,4,1,0.042679399251937866
9907,5,1,1.495091438293457
9908,6,1,0.016508758068084717
9909,7,1,-0.08907631039619446
9910,8,1,0.12941676378250122
9911,0,1,0.19855338335037231
9912,1,1,0.29508769512176514
9913,2,1,-0.15296505391597748
9914,3,0,-0.22871078550815582
9915,4,1,-0.07821327447891235
9916,7,1,0.06239384412765503
9917,8,1,0.28626078367233276
9918,9,1,-0.10666453838348389
9919,7,1,-0.06388875842094421
9920,8,1,-0.07420316338539124
9921,6,1,-0.036092609167099
9922,4,1,0.006789207458496094
9923,1,1,0.21744370460510254
9924,9,1,0.038855135440826416
9925,3,0,-0.008886933326721191
9926,8,1,0.18699640035629272
9927,4,1,0.4345901608467102
9928,4,1,0.01555943489074707
9929,7,1,-0.09265828132629395
9930,0,1,-0.013821184635162354
9931,1,1,0.135081946849823
9932,9,1,-0.046166956424713135
9933,2,1,-0.027065753936767578
9934,8,1,-0.12222205102443695
9935,7,1,0.2347056269645691
9936,8,1,-0.17098116874694824
9937,2,1,0.05350911617279053
9938,6,1,-0.16227591037750244
9939,0,1,0.22046035528182983
9940,6,1,0.24698811769485474
9941,5,1,-0.11121033132076263
9942,3,0,-0.2403959035873413
9943,3,0,-0.10726481676101685
9944,3,0,-0.16335515677928925
9945,9,1,-0.2057580202817917
9946,1,1,0.12139683961868286
9947,4,1,-0.10828709602355957
9948,0,1,0.39773350954055786
9949,6,1,0.09837794303894043
9950,1,1,0.35370951890945435
9951,0,1,0.04629439115524292
9952,0,1,0.5483829379081726
9953,6,1,0.6632382273674011
9954,2,1,0.10578426718711853
9955,1,1,0.39994651079177856
9956,1,1,0.40313720703125
9957,7,1,-0.00014269351959228516
9958,7,1,-0.05460464954376221
9959,8,1,-0.184032142162323
9960,4,1,-0.05332303047180176
9961,6,1,-0.03521415591239929
9962,0,1,0.15366679430007935
9963,7,1,0.08313697576522827
9964,0,1,-0.012256860733032227
9965,3,0,-0.054615139961242676
9966,6,1,0.5743951797485352
9967,8,1,-0.0270882248878479
9968,7,1,-0.022237181663513184
9969,1,1,0.13998815417289734
9970,5,1,-0.15884879231452942
9971,2,1,0.25982993841171265
9972,4,1,0.1943156123161316
9973,9,1,-0.15697656571865082
9974,4,1,0.24592095613479614
9975,3,0,-0.08198577165603638
9976,6,1,0.09113869071006775
9977,4,1,-0.1412244290113449
9978,1,1,0.20649391412734985
9979,7,1,-0.05857253074645996
9980,2,1,0.12944117188453674
9981,6,1,-0.11456245183944702
9982,5,1,-0.20841249823570251
9983,0,1,0.1149706244468689
9984,1,1,-0.0406017005443573
9985,2,1,-0.16818487644195557
9986,3,0,-0.23227885365486145
9987,4,1,-0.05861899256706238
9988,5,1,-0.0645703673362732
9989,6,1,-0.10787272453308105
9990,7,1,-0.1927686184644699
9991,8,1,-0.22816328704357147
9992,9,1,-0.16154718399047852
9993,0,1,0.10513168573379517
9994,1,1,-0.007607847452163696
9995,2,1,-0.12439379096031189
9996,3,0,-0.23540566861629486
9997,4,1,-0.20037825405597687
9998,5,1,-0.018285036087036133
9999,6,1,0.1779223084449768
