sample_id,original_label,anomaly_label,score
0,7,1,0.005316147580742836
1,2,1,0.2663135826587677
2,1,1,0.06877809762954712
3,0,1,0.004907311871647835
4,4,1,0.010970648378133774
5,1,1,0.014496777206659317
6,4,1,0.012898702174425125
7,9,0,-0.002863176167011261
8,5,1,0.11614812910556793
9,9,0,-0.0112036457285285
10,0,1,0.1139727234840393
11,6,1,0.04405766353011131
12,9,0,-0.008278023451566696
13,0,1,0.0424564890563488
14,1,1,0.028369005769491196
15,5,1,0.13243600726127625
16,9,0,-0.01591487042605877
17,7,1,0.02032734826207161
18,3,1,0.0766439437866211
19,4,1,0.010689429938793182
20,9,0,-0.00904100015759468
21,6,1,0.02556046098470688
22,6,1,0.05770483240485191
23,5,1,0.06983019411563873
24,4,1,0.00972350686788559
25,0,1,0.013454381376504898
26,7,1,0.04093911126255989
27,4,1,0.012889761477708817
28,0,1,0.012249734252691269
29,1,1,0.06191413477063179
30,3,1,0.006289362907409668
31,1,1,0.023590728640556335
32,3,1,0.05559634789824486
33,4,1,0.08295820653438568
34,7,1,0.01452862098813057
35,2,1,0.05793053284287453
36,7,1,0.024852793663740158
37,1,1,0.010859746485948563
38,2,1,0.038728851824998856
39,1,1,0.01185862347483635
40,1,1,0.07449851930141449
41,7,1,0.008262831717729568
42,4,1,0.026044931262731552
43,2,1,0.07527397572994232
44,3,1,0.07281400263309479
45,5,1,0.008756596595048904
46,1,1,0.04713205620646477
47,2,1,0.18469743430614471
48,4,1,-0.0035577919334173203
49,4,1,0.015993591398000717
50,6,1,0.0735851377248764
51,3,1,0.03808395937085152
52,5,1,0.02898150309920311
53,5,1,0.09753839671611786
54,6,1,0.21093979477882385
55,0,1,0.0010930150747299194
56,4,1,0.010661918669939041
57,1,1,0.03923381492495537
58,9,0,-0.015151165425777435
59,5,1,0.1114078015089035
60,7,1,0.08508722484111786
61,8,1,0.018637873232364655
62,9,0,-0.005352646112442017
63,3,1,0.09491293132305145
64,7,1,0.0274057574570179
65,4,1,0.016316767781972885
66,6,1,0.023134101182222366
67,4,1,0.020963840186595917
68,3,1,-0.006124921143054962
69,0,1,0.05668337270617485
70,7,1,0.0654834508895874
71,0,1,0.13344737887382507
72,2,1,0.14946457743644714
73,9,0,-0.014773878268897533
74,1,1,0.009255670011043549
75,7,1,0.0254097580909729
76,3,1,0.033771224319934845
77,2,1,0.07405754923820496
78,9,0,-0.009131724014878273
79,7,1,-0.00645638071000576
80,7,1,-0.005697440356016159
81,6,1,0.01795278489589691
82,2,1,0.0540684275329113
83,7,1,0.003941584378480911
84,8,1,0.028174977749586105
85,4,1,0.024756375700235367
86,7,1,-0.0029389411211013794
87,3,1,0.06402899324893951
88,6,1,0.059038836508989334
89,1,1,0.034065451472997665
90,3,1,-0.002875290811061859
91,6,1,0.04792511835694313
92,9,0,-0.008739674463868141
93,3,1,-0.008004922419786453
94,1,1,0.014516454190015793
95,4,1,-0.0022341180592775345
96,1,1,0.033046092838048935
97,7,1,0.05865779146552086
98,6,1,0.14588382840156555
99,9,0,-0.00802607461810112
100,6,1,0.09657667577266693
101,0,1,0.07913269102573395
102,5,1,0.03112635761499405
103,4,1,0.014851950109004974
104,9,0,0.008001081645488739
105,9,0,-0.017719784751534462
106,2,1,0.04873831942677498
107,1,1,0.052759598940610886
108,9,0,-0.016647495329380035
109,4,1,0.029050312936306
110,8,1,0.010159783065319061
111,7,1,-0.001875225454568863
112,3,1,0.005150320008397102
113,9,0,-0.009698381647467613
114,7,1,0.013528045266866684
115,4,1,-0.0006147809326648712
116,4,1,-0.005143282935023308
117,4,1,0.039818983525037766
118,9,0,-0.012334517203271389
119,2,1,0.002917742356657982
120,5,1,0.008616279810667038
121,4,1,0.011360671371221542
122,7,1,0.04183482006192207
123,6,1,0.03310352936387062
124,7,1,0.09343798458576202
125,9,0,-0.009574731811881065
126,0,1,0.05961145833134651
127,5,1,0.040789876133203506
128,8,1,-0.0020060278475284576
129,5,1,0.01071154698729515
130,6,1,0.01908636838197708
131,6,1,0.02899773046374321
132,5,1,0.003237178549170494
133,7,1,0.029342208057641983
134,8,1,0.008406173437833786
135,1,1,0.03408929333090782
136,0,1,0.010023247450590134
137,1,1,0.025327470153570175
138,6,1,0.04949839040637016
139,4,1,0.007647302001714706
140,6,1,0.06331872940063477
141,7,1,0.10528688132762909
142,3,1,0.08685444295406342
143,1,1,0.033931538462638855
144,7,1,0.006544662639498711
145,1,1,0.04726209118962288
146,8,1,-0.00496378168463707
147,2,1,0.058442119508981705
148,0,1,0.01526077464222908
149,2,1,0.06557665765285492
150,9,0,-0.00904654897749424
151,9,0,0.035667236894369125
152,5,1,0.09414227306842804
153,5,1,0.02801329642534256
154,1,1,0.03642868250608444
155,5,1,0.042968254536390305
156,6,1,0.08138702809810638
157,0,1,-0.0009075384587049484
158,3,1,0.18833771347999573
159,4,1,-0.002298060804605484
160,4,1,0.009420707821846008
161,6,1,0.07899253070354462
162,5,1,0.026615720242261887
163,4,1,0.01985469087958336
164,6,1,0.05456593260169029
165,5,1,0.024488337337970734
166,4,1,0.005948271602392197
167,5,1,0.02201905846595764
168,1,1,0.021808970719575882
169,4,1,0.0020890235900878906
170,4,1,-0.0038542039692401886
171,7,1,0.022766798734664917
172,2,1,0.198210209608078
173,3,1,0.10167154669761658
174,2,1,0.022052481770515442
175,7,1,0.022054243832826614
176,1,1,0.059184495359659195
177,8,1,-0.011082861572504044
178,1,1,0.034256476908922195
179,8,1,0.002920325845479965
180,1,1,0.007491309195756912
181,8,1,0.014551490545272827
182,5,1,0.024303991347551346
183,0,1,0.07155491411685944
184,8,1,0.004857201129198074
185,9,0,-0.008172109723091125
186,2,1,0.039459969848394394
187,5,1,0.010888371616601944
188,0,1,0.09632384777069092
189,1,1,0.06255501508712769
190,1,1,0.0086824931204319
191,1,1,0.04114518687129021
192,0,1,0.09942710399627686
193,9,0,-0.009252970106899738
194,0,1,0.014989059418439865
195,3,1,0.038700807839632034
196,1,1,0.011274155229330063
197,6,1,0.054425809532403946
198,4,1,0.0011266916990280151
199,2,1,0.03742001950740814
200,3,1,0.02475592866539955
201,6,1,0.03605351969599724
202,1,1,0.0575372688472271
203,1,1,0.014814864844083786
204,1,1,0.07708045840263367
205,3,1,0.06346924602985382
206,9,0,-0.011099863797426224
207,5,1,0.033119942992925644
208,2,1,0.057795386761426926
209,9,0,0.0006043482571840286
210,4,1,0.02396766096353531
211,5,1,0.09797617793083191
212,9,0,-0.00826043076813221
213,3,1,0.03140368312597275
214,9,0,-0.01052347756922245
215,0,1,0.020806625485420227
216,3,1,0.017880480736494064
217,6,1,0.071461021900177
218,5,1,0.005738317966461182
219,5,1,0.058961447328329086
220,7,1,-0.000372372567653656
221,2,1,0.02356463298201561
222,2,1,0.030200183391571045
223,7,1,0.007404273375868797
224,1,1,0.12314072251319885
225,2,1,0.09680801630020142
226,8,1,-0.002688119187951088
227,4,1,0.014627046883106232
228,1,1,0.05354320630431175
229,7,1,0.014038506895303726
230,3,1,0.02842460200190544
231,3,1,0.10664293169975281
232,8,1,0.003599856048822403
233,8,1,-0.00925915502011776
234,7,1,0.011108104139566422
235,9,0,-0.010387329384684563
236,2,1,0.235783189535141
237,2,1,0.06760337948799133
238,4,1,0.00543692521750927
239,1,1,0.02458709105849266
240,5,1,0.03234309330582619
241,9,0,-0.008098281919956207
242,8,1,0.004353657364845276
243,7,1,0.04118959978222847
244,2,1,0.091086745262146
245,3,1,0.1000949889421463
246,0,1,0.1005425751209259
247,4,1,0.08518655598163605
248,4,1,0.0027513355016708374
249,2,1,0.09043624997138977
250,4,1,-0.009506811387836933
251,1,1,0.024608347564935684
252,9,0,-0.01116988155990839
253,5,1,0.06890250742435455
254,7,1,0.03444349393248558
255,7,1,-0.003467891365289688
256,2,1,0.013925936073064804
257,8,1,0.017616499215364456
258,2,1,0.07490693032741547
259,6,1,0.04928354546427727
260,8,1,0.035831812769174576
261,5,1,0.011542290449142456
262,7,1,0.08040916919708252
263,7,1,0.0036774892359972
264,9,0,-0.009733912535011768
265,1,1,0.04043819382786751
266,8,1,-0.0015879087150096893
267,1,1,0.022394414991140366
268,8,1,0.031175371259450912
269,0,1,0.03787440061569214
270,3,1,0.06157225742936134
271,0,1,0.0043084509670734406
272,1,1,0.011529449373483658
273,9,0,-0.01584475301206112
274,9,0,-0.009204966947436333
275,4,1,0.0028733331710100174
276,1,1,0.04270927235484123
277,8,1,-0.002133116126060486
278,2,1,0.023472707718610764
279,1,1,0.03991658613085747
280,2,1,0.08347301185131073
281,9,0,-0.01172669231891632
282,7,1,0.0019919387996196747
283,5,1,0.2209080308675766
284,9,0,-0.008165850304067135
285,2,1,0.30555954575538635
286,6,1,0.07023796439170837
287,4,1,0.05309205874800682
288,1,1,0.00038563646376132965
289,5,1,0.018374472856521606
290,8,1,-4.680454730987549e-05
291,2,1,0.1839989274740219
292,9,0,-0.009480712935328484
293,2,1,0.016893457621335983
294,0,1,0.027955982834100723
295,4,1,0.01139838621020317
296,0,1,0.06668297946453094
297,0,1,0.05926814302802086
298,2,1,0.0636904388666153
299,8,1,0.007785171270370483
300,4,1,0.040120791643857956
301,7,1,0.031440842896699905
302,1,1,0.03554738685488701
303,2,1,0.030356470495462418
304,4,1,-0.0024129264056682587
305,0,1,0.22946253418922424
306,2,1,0.10965466499328613
307,7,1,0.0017285589128732681
308,4,1,0.00851505994796753
309,3,1,0.23539727926254272
310,3,1,0.02256358042359352
311,0,1,0.026493500918149948
312,0,1,0.003603516146540642
313,3,1,0.09715214371681213
314,1,1,0.0362357459962368
315,9,0,-0.01340765692293644
316,6,1,0.18159256875514984
317,5,1,0.02728297933936119
318,2,1,0.10263800621032715
319,5,1,0.04646534100174904
320,9,0,-0.006567774340510368
321,2,1,0.0026394762098789215
322,9,0,-0.0021776631474494934
323,3,1,0.10124573111534119
324,0,1,0.024622980505228043
325,4,1,0.006717316806316376
326,2,1,0.11518368124961853
327,0,1,0.0051610954105854034
328,7,1,-0.005547337234020233
329,1,1,0.03358793258666992
330,1,1,0.03150971606373787
331,2,1,0.3467259109020233
332,1,1,0.023536328226327896
333,5,1,0.07758685946464539
334,3,1,0.07893407344818115
335,3,1,0.08736735582351685
336,9,0,-0.010200214572250843
337,7,1,0.014114290475845337
338,8,1,0.10216167569160461
339,6,1,0.14043369889259338
340,5,1,0.02286548539996147
341,6,1,0.24253016710281372
342,1,1,0.005043873563408852
343,3,1,0.04459566995501518
344,8,1,-0.006557893007993698
345,1,1,0.013006020337343216
346,0,1,-0.008760438300669193
347,5,1,0.012198757380247116
348,1,1,0.04909072443842888
349,3,1,-0.0018624179065227509
350,1,1,0.019308965653181076
351,5,1,0.01191946491599083
352,5,1,0.11745268106460571
353,6,1,0.02401166781783104
354,1,1,0.08736132085323334
355,8,1,0.01506851613521576
356,5,1,0.014693684875965118
357,1,1,0.019047420471906662
358,7,1,0.05337117984890938
359,9,0,-0.008522738702595234
360,4,1,0.11968918144702911
361,6,1,0.011960290372371674
362,2,1,0.055793505162000656
363,2,1,0.3195919692516327
364,5,1,0.02475631609559059
365,0,1,0.008620176464319229
366,6,1,0.01826319843530655
367,5,1,0.12186670303344727
368,6,1,0.05594530329108238
369,3,1,0.03470619395375252
370,7,1,0.02365003153681755
371,2,1,0.2032800018787384
372,0,1,0.14800482988357544
373,8,1,0.00860530510544777
374,8,1,-0.007433168590068817
375,5,1,0.08328230679035187
376,4,1,0.0011808816343545914
377,1,1,0.010836351662874222
378,1,1,0.023669876158237457
379,4,1,0.004453578963875771
380,0,1,0.2362460196018219
381,3,1,0.10223004221916199
382,3,1,-0.011838408187031746
383,7,1,0.022287234663963318
384,6,1,0.15141057968139648
385,1,1,0.0336749404668808
386,6,1,0.04563116654753685
387,2,1,0.06745928525924683
388,1,1,0.021873679012060165
389,9,0,-0.003059379756450653
390,2,1,0.030558474361896515
391,8,1,-0.0003539975732564926
392,6,1,0.02520289644598961
393,1,1,0.00582965649664402
394,9,0,-0.009542765095829964
395,5,1,0.006448294967412949
396,2,1,0.0643717497587204
397,5,1,0.012445036321878433
398,4,1,0.027024302631616592
399,4,1,0.09206800162792206
400,2,1,0.030495695769786835
401,8,1,-0.0038958583027124405
402,3,1,0.134470134973526
403,8,1,0.004225552082061768
404,2,1,0.006418846547603607
405,4,1,0.025833535939455032
406,5,1,0.007530491799116135
407,0,1,0.023082014173269272
408,3,1,0.03548220172524452
409,1,1,0.01650913804769516
410,7,1,0.04662204906344414
411,7,1,-0.0027283094823360443
412,5,1,0.007950913161039352
413,7,1,0.003186788409948349
414,9,0,-0.011845460161566734
415,7,1,-0.0006115082651376724
416,1,1,0.03753754869103432
417,9,0,-0.007753688842058182
418,2,1,0.04182932898402214
419,1,1,0.05034803971648216
420,4,1,0.06695947051048279
421,2,1,0.09653598070144653
422,9,0,-0.007878988981246948
423,2,1,0.24104845523834229
424,0,1,0.11835859715938568
425,4,1,0.11880379915237427
426,9,0,-0.013005277141928673
427,1,1,0.011488247662782669
428,4,1,0.012536708265542984
429,8,1,-0.00845416821539402
430,1,1,0.035331446677446365
431,8,1,0.05429047718644142
432,4,1,0.04496024176478386
433,5,1,0.020091407001018524
434,9,0,-0.012792454101145267
435,8,1,-0.004746021702885628
436,8,1,-0.007738640531897545
437,3,1,0.0837072879076004
438,7,1,-0.0024870801717042923
439,6,1,0.06175706163048744
440,0,1,0.043893057852983475
441,0,1,0.0009962692856788635
442,3,1,0.016582634299993515
443,0,1,0.012687604874372482
444,2,1,0.02205510437488556
445,6,1,0.04227833077311516
446,6,1,0.006205808371305466
447,4,1,0.0014725066721439362
448,9,0,-4.62997704744339e-05
449,3,1,0.048428576439619064
450,3,1,-0.011594075709581375
451,3,1,0.0011363625526428223
452,2,1,0.1263962686061859
453,3,1,0.10231181979179382
454,9,0,-0.012523854151368141
455,1,1,0.04372620955109596
456,2,1,0.06842775642871857
457,6,1,0.01644841954112053
458,8,1,0.0021410882472991943
459,0,1,0.04633286967873573
460,5,1,-0.009925499558448792
461,6,1,0.080169677734375
462,6,1,0.006898075342178345
463,6,1,0.021349456161260605
464,3,1,0.00199224054813385
465,8,1,-0.0032569169998168945
466,8,1,0.023939844220876694
467,2,1,0.028138302266597748
468,7,1,0.0220886692404747
469,5,1,0.010243203490972519
470,8,1,0.006928449496626854
471,9,0,-0.012691887095570564
472,6,1,0.05698413774371147
473,1,1,0.013658370822668076
474,8,1,0.00029823556542396545
475,4,1,0.024992093443870544
476,1,1,0.03070129081606865
477,2,1,0.3038390874862671
478,5,1,0.0372520349919796
479,9,0,0.012874286621809006
480,1,1,0.10226008296012878
481,9,0,-0.012108623050153255
482,7,1,0.11067470908164978
483,5,1,0.10398328304290771
484,4,1,0.0017034076154232025
485,0,1,0.027564357966184616
486,8,1,0.027723804116249084
487,9,0,-0.005579136312007904
488,9,0,-0.001803964376449585
489,1,1,0.08193160593509674
490,0,1,0.03570409119129181
491,5,1,0.008925814181566238
492,2,1,0.17552435398101807
493,3,1,0.05296703055500984
494,7,1,-0.002328529953956604
495,8,1,0.006544925272464752
496,9,0,-0.013188472017645836
497,4,1,-0.010889412835240364
498,0,1,-0.002519182860851288
499,6,1,0.1068161129951477
500,3,1,0.010240990668535233
501,9,0,-0.011160794645547867
502,5,1,0.026077352464199066
503,2,1,0.06445494294166565
504,1,1,0.010328490287065506
505,3,1,0.024544935673475266
506,1,1,0.03316919133067131
507,3,1,0.004127785563468933
508,6,1,0.049696680158376694
509,5,1,0.029796767979860306
510,7,1,0.005837107077240944
511,4,1,0.023754265159368515
512,2,1,0.2073909342288971
513,2,1,0.09980158507823944
514,6,1,0.039001476019620895
515,3,1,0.015994146466255188
516,2,1,0.16581806540489197
517,6,1,0.0240788497030735
518,5,1,0.09101143479347229
519,4,1,-0.005889449268579483
520,8,1,0.045445214956998825
521,9,0,-0.004034226760268211
522,7,1,0.011655408889055252
523,1,1,0.17586573958396912
524,3,1,0.22536268830299377
525,0,1,0.06287693977355957
526,3,1,0.0029973965138196945
527,8,1,0.018926341086626053
528,3,1,0.030817192047834396
529,1,1,0.03214656561613083
530,9,0,-0.00805918499827385
531,3,1,0.218910351395607
532,4,1,-0.007425963878631592
533,4,1,0.022206250578165054
534,6,1,0.02665887400507927
535,4,1,0.06004128232598305
536,2,1,0.39531639218330383
537,1,1,0.02820063754916191
538,8,1,0.05346387252211571
539,2,1,0.060080189257860184
540,5,1,0.06205148622393608
541,4,1,0.016807686537504196
542,8,1,0.02847333624958992
543,8,1,0.08054699003696442
544,4,1,0.017935529351234436
545,0,1,0.03842310979962349
546,0,1,0.1294800192117691
547,2,1,0.14870330691337585
548,3,1,0.016439098864793777
549,2,1,0.0876200944185257
550,7,1,0.018100712448358536
551,7,1,0.02680661529302597
552,0,1,-0.00989279244095087
553,8,1,0.03965650126338005
554,7,1,0.008428830653429031
555,4,1,0.01892828196287155
556,4,1,0.035819392651319504
557,7,1,-0.0003960728645324707
558,9,0,-0.013052480295300484
559,6,1,0.03355186805129051
560,9,0,-0.009415357373654842
561,0,1,0.018546834588050842
562,9,0,-0.012193053960800171
563,8,1,0.0071295760571956635
564,0,1,0.013286460191011429
565,4,1,-0.0077675264328718185
566,6,1,0.03893003985285759
567,0,1,0.019661210477352142
568,6,1,0.020939145237207413
569,3,1,0.061467017978429794
570,5,1,0.023607268929481506
571,4,1,0.0027905143797397614
572,8,1,-0.010525805875658989
573,3,1,0.12790852785110474
574,3,1,0.10014478862285614
575,9,0,-0.012518180534243584
576,3,1,0.012973975390195847
577,3,1,-8.071959018707275e-05
578,3,1,-0.006300151348114014
579,7,1,-0.006911134347319603
580,8,1,-0.0036784224212169647
581,0,1,0.0854518711566925
582,8,1,0.08123660087585449
583,2,1,0.028866086155176163
584,1,1,0.01510162279009819
585,7,1,0.03588191792368889
586,0,1,0.12465238571166992
587,6,1,0.03069855272769928
588,5,1,0.01255728304386139
589,4,1,0.011990580707788467
590,3,1,0.05229903385043144
591,8,1,0.034681715071201324
592,0,1,0.018360894173383713
593,9,0,-0.013374526053667068
594,6,1,0.010862443596124649
595,3,1,0.06457400321960449
596,8,1,0.0002196580171585083
597,0,1,0.019002828747034073
598,9,0,-0.009562162682414055
599,9,0,-0.01617112196981907
600,6,1,0.05856933817267418
601,8,1,0.02539004012942314
602,6,1,0.047872062772512436
603,8,1,-0.008986473083496094
604,5,1,0.012254249304533005
605,7,1,-0.004102647304534912
606,8,1,0.06089530512690544
607,6,1,0.045062121003866196
608,0,1,0.1430368423461914
609,2,1,0.1808408796787262
610,4,1,0.03612922504544258
611,0,1,0.056541185826063156
612,2,1,0.2024131864309311
613,2,1,0.04311853274703026
614,3,1,0.024591397494077682
615,1,1,0.06327350437641144
616,9,0,-0.007370084524154663
617,7,1,0.01466633751988411
618,5,1,0.017745140939950943
619,1,1,0.01733962818980217
620,0,1,0.05875791236758232
621,8,1,-0.009709026664495468
622,4,1,-0.000453118234872818
623,6,1,0.08374759554862976
624,2,1,0.03999501094222069
625,6,1,0.015514735132455826
626,7,1,0.009510550647974014
627,9,0,-0.013448415324091911
628,3,1,-0.00722995400428772
629,2,1,0.223016619682312
630,9,0,-0.0003082752227783203
631,8,1,0.0403183288872242
632,2,1,0.07739046216011047
633,2,1,0.04777292534708977
634,9,0,-0.014431776478886604
635,2,1,0.07086630165576935
636,7,1,0.083863765001297
637,3,1,0.06955403089523315
638,5,1,0.05700269713997841
639,9,0,-0.016993505880236626
640,1,1,0.02326706424355507
641,8,1,-0.0003393832594156265
642,0,1,0.03223719447851181
643,2,1,0.10087642073631287
644,0,1,0.020856309682130814
645,5,1,-0.007265910506248474
646,2,1,0.09348510205745697
647,1,1,0.03404427319765091
648,3,1,0.048973437398672104
649,7,1,0.04028811678290367
650,6,1,0.19918346405029297
651,7,1,0.016585838049650192
652,1,1,0.006292849779129028
653,2,1,0.3359251916408539
654,5,1,0.1160399317741394
655,8,1,0.03296473249793053
656,0,1,0.19364437460899353
657,3,1,0.020108256489038467
658,7,1,0.013963323086500168
659,2,1,-0.00033030472695827484
660,4,1,0.01300804689526558
661,0,1,0.0010892637073993683
662,9,0,-0.015777336433529854
663,1,1,0.024561554193496704
664,8,1,0.08757606148719788
665,6,1,0.1675579845905304
666,7,1,0.0028004534542560577
667,7,1,0.030291683971881866
668,4,1,0.030326474457979202
669,3,1,0.032259922474622726
670,4,1,0.019669998437166214
671,9,0,-0.008482960052788258
672,1,1,0.028026029467582703
673,9,0,-0.014872358180582523
674,5,1,0.019462984055280685
675,1,1,0.007635142654180527
676,7,1,0.014256134629249573
677,3,1,0.07170161604881287
678,9,0,-0.009937472641468048
679,7,1,-0.004562593996524811
680,6,1,0.07074670493602753
681,9,0,-0.014143571257591248
682,1,1,0.03341041877865791
683,3,1,0.010289672762155533
684,7,1,0.05553546920418739
685,8,1,0.027272280305624008
686,3,1,0.11459825932979584
687,3,1,0.04310489818453789
688,6,1,0.024698428809642792
689,7,1,7.829070091247559e-05
690,2,1,0.08743897080421448
691,8,1,0.0032613687217235565
692,5,1,0.034183062613010406
693,8,1,-0.0037970542907714844
694,5,1,0.13056132197380066
695,1,1,0.02878934144973755
696,1,1,0.039559755474328995
697,4,1,0.024686839431524277
698,4,1,0.01129455491900444
699,3,1,0.0002560354769229889
700,1,1,0.018504932522773743
701,0,1,0.01178622618317604
702,7,1,0.016719244420528412
703,7,1,0.06362712383270264
704,0,1,0.15142792463302612
705,7,1,0.01881670579314232
706,9,0,-0.01260966807603836
707,4,1,-0.0091231195256114
708,4,1,0.00106106698513031
709,8,1,0.006608590483665466
710,5,1,0.011230312287807465
711,5,1,0.05949049070477486
712,4,1,-0.008578965440392494
713,0,1,0.17631500959396362
714,8,1,0.020340267568826675
715,2,1,0.05134175345301628
716,1,1,0.0055430568754673
717,0,1,0.06697681546211243
718,8,1,-0.01669597625732422
719,4,1,0.03061116486787796
720,5,1,0.11100581288337708
721,0,1,0.1370735764503479
722,4,1,0.013888336718082428
723,0,1,0.04796423390507698
724,6,1,0.06105130538344383
725,1,1,0.05225391313433647
726,7,1,0.017854981124401093
727,3,1,0.02818763628602028
728,2,1,0.05950602516531944
729,6,1,0.07739613950252533
730,7,1,-0.009211582131683826
731,2,1,0.1292264461517334
732,6,1,0.03943568095564842
733,9,0,-0.007264398038387299
734,3,1,0.07195758819580078
735,1,1,0.025383953005075455
736,4,1,0.019742943346500397
737,6,1,0.08401010930538177
738,2,1,0.07148005068302155
739,5,1,-0.00691826269030571
740,4,1,-0.01348762959241867
741,2,1,0.0766143649816513
742,0,1,0.08722710609436035
743,6,1,0.07974573969841003
744,2,1,0.11072877049446106
745,1,1,0.019821926951408386
746,7,1,-0.004752460867166519
747,3,1,-0.0004590097814798355
748,4,1,0.002520628273487091
749,1,1,0.022162631154060364
750,0,1,0.06912186741828918
751,5,1,0.01600983366370201
752,4,1,-0.0017249435186386108
753,3,1,0.022099290043115616
754,1,1,0.05236348137259483
755,1,1,0.008656006306409836
756,7,1,0.02533596381545067
757,4,1,-0.005799468606710434
758,9,0,-0.0069212354719638824
759,9,0,-0.006399070844054222
760,4,1,0.00429873913526535
761,8,1,-0.002895928919315338
762,4,1,0.03938835486769676
763,0,1,0.028062663972377777
764,2,1,0.057263147085905075
765,4,1,0.0007108896970748901
766,5,1,0.022312507033348083
767,1,1,0.03640303015708923
768,1,1,0.03329124674201012
769,6,1,0.07339973747730255
770,4,1,0.00918121263384819
771,7,1,-0.006265779957175255
772,1,1,0.006345674395561218
773,9,0,-0.01508080679923296
774,4,1,-0.003728184849023819
775,2,1,0.04249950125813484
776,4,1,0.014723163098096848
777,1,1,0.02631717547774315
778,5,1,0.010294411331415176
779,5,1,0.036260493099689484
780,3,1,0.25521454215049744
781,8,1,0.010539736598730087
782,3,1,0.1427544355392456
783,1,1,0.008457209914922714
784,4,1,0.06128132715821266
785,5,1,0.04884737357497215
786,6,1,0.022441547363996506
787,8,1,0.023837797343730927
788,9,0,-0.016396239399909973
789,4,1,0.009016204625368118
790,1,1,-0.006757698953151703
791,5,1,0.00063275545835495
792,3,1,0.046474482864141464
793,8,1,-0.01162876095622778
794,0,1,0.018769431859254837
795,3,1,0.08893156051635742
796,2,1,0.03832821175456047
797,5,1,0.06239592656493187
798,1,1,0.04508734121918678
799,2,1,0.2690759003162384
800,8,1,-0.0007052533328533173
801,3,1,0.04278009012341499
802,4,1,0.013787377625703812
803,4,1,0.019552748650312424
804,0,1,0.017163056880235672
805,8,1,-0.0009179133921861649
806,8,1,0.03335614874958992
807,3,1,0.053731705993413925
808,3,1,0.043981652706861496
809,1,1,0.01774689182639122
810,7,1,0.04930208995938301
811,3,1,0.02664555236697197
812,5,1,0.017230447381734848
813,9,0,-0.004818633198738098
814,6,1,0.03340201452374458
815,3,1,0.06645691394805908
816,2,1,0.07764546573162079
817,6,1,0.06848452985286713
818,1,1,0.03299381211400032
819,3,1,0.21569889783859253
820,6,1,0.043364327400922775
821,0,1,0.10580278933048248
822,7,1,0.015863995999097824
823,2,1,0.02975989133119583
824,1,1,0.06170779839158058
825,7,1,0.011445514857769012
826,1,1,0.0361517034471035
827,4,1,0.03906920179724693
828,2,1,0.18557502329349518
829,4,1,0.02929244562983513
830,2,1,0.21274632215499878
831,1,1,0.012277688831090927
832,7,1,0.010745413601398468
833,9,0,-0.009468642994761467
834,6,1,0.052569929510354996
835,1,1,0.062341611832380295
836,1,1,0.07704339921474457
837,2,1,0.17926913499832153
838,4,1,-0.003419961780309677
839,8,1,0.007760282605886459
840,1,1,0.017269421368837357
841,7,1,0.05728665366768837
842,7,1,0.02103390172123909
843,4,1,0.02660386636853218
844,8,1,0.036847639828920364
845,0,1,0.04701056703925133
846,7,1,-0.00280703604221344
847,3,1,0.04453716799616814
848,1,1,0.07342050969600677
849,3,1,0.03188144043087959
850,1,1,0.039074357599020004
851,0,1,0.013224061578512192
852,7,1,0.03746548667550087
853,7,1,-0.004388734698295593
854,0,1,0.09286636114120483
855,3,1,0.007031800225377083
856,5,1,0.05018988624215126
857,5,1,0.03428666666150093
858,2,1,0.04286278411746025
859,7,1,-0.0004545431584119797
860,6,1,0.06986972689628601
861,6,1,0.04366951808333397
862,9,0,-0.006286446005105972
863,2,1,0.16562962532043457
864,8,1,0.027669865638017654
865,3,1,0.07093027234077454
866,5,1,0.02087816223502159
867,2,1,0.1019735336303711
868,2,1,0.05640413984656334
869,5,1,0.008085142821073532
870,6,1,0.03337803855538368
871,0,1,0.03200914338231087
872,8,1,-0.004229262471199036
873,2,1,0.047279100865125656
874,9,0,-0.010779788717627525
875,2,1,0.04162202402949333
876,8,1,0.06342385709285736
877,8,1,0.1015353798866272
878,8,1,-0.0003970824182033539
879,8,1,0.010548289865255356
880,7,1,0.01815338060259819
881,4,1,-0.011566318571567535
882,9,0,0.01512954756617546
883,3,1,0.11101922392845154
884,0,1,0.006392870098352432
885,6,1,0.0283888541162014
886,6,1,0.041310880333185196
887,3,1,0.00545855239033699
888,2,1,0.05449603125452995
889,1,1,0.044791948050260544
890,3,1,0.014936532825231552
891,2,1,0.19444438815116882
892,2,1,0.03548480197787285
893,9,0,-0.011179007589817047
894,3,1,0.019315205514431
895,0,1,0.01202021911740303
896,0,1,0.08840195834636688
897,5,1,0.06894652545452118
898,7,1,0.0022782012820243835
899,8,1,0.021151136606931686
900,1,1,0.030796755105257034
901,4,1,0.021320853382349014
902,4,1,0.0002240743488073349
903,6,1,0.014383610337972641
904,0,1,0.11126002669334412
905,2,1,0.07828828692436218
906,9,0,-0.012228230014443398
907,1,1,0.05548610910773277
908,4,1,0.0002736728638410568
909,7,1,0.08623433113098145
910,4,1,0.017527040094137192
911,7,1,0.0101773701608181
912,3,1,0.011587020009756088
913,9,0,-0.012005600146949291
914,8,1,0.051722269505262375
915,8,1,0.018901463598012924
916,4,1,0.0991879403591156
917,7,1,0.030525244772434235
918,1,1,0.024415984749794006
919,2,1,0.050250452011823654
920,1,1,0.04084649309515953
921,2,1,0.12509897351264954
922,2,1,0.03629744425415993
923,3,1,0.02555009350180626
924,2,1,0.048761170357465744
925,3,1,0.030235882848501205
926,2,1,0.02040807530283928
927,3,1,0.06819766759872437
928,9,0,-0.012784882448613644
929,1,1,0.03201671317219734
930,7,1,0.03730088844895363
931,4,1,0.009105995297431946
932,0,1,0.10426026582717896
933,3,1,0.09840093553066254
934,5,1,0.008983254432678223
935,5,1,0.021623652428388596
936,8,1,-0.005077250301837921
937,6,1,0.15611149370670319
938,3,1,0.04728290066123009
939,2,1,-0.007473928853869438
940,6,1,0.01862148568034172
941,7,1,-0.004436105489730835
942,6,1,0.058411721140146255
943,6,1,0.11363077163696289
944,3,1,-0.004219492897391319
945,2,1,0.10056929290294647
946,7,1,0.02250194549560547
947,8,1,-0.015456379391252995
948,1,1,0.05000705644488335
949,1,1,0.025000151246786118
950,7,1,0.01372169703245163
951,5,1,-0.006634252145886421
952,6,1,0.10347634553909302
953,4,1,0.0022505205124616623
954,9,0,-0.0050015561282634735
955,5,1,-0.005483970046043396
956,1,1,0.11651289463043213
957,3,1,0.0688859075307846
958,3,1,0.025658700615167618
959,4,1,-0.0056729502975940704
960,7,1,0.012626979500055313
961,8,1,0.0023335907608270645
962,9,0,-0.004460684955120087
963,1,1,0.06694668531417847
964,1,1,0.11023521423339844
965,6,1,0.015493210405111313
966,9,0,-0.008779452182352543
967,1,1,0.046893250197172165
968,4,1,0.010250281542539597
969,4,1,0.03305278345942497
970,5,1,0.02436644211411476
971,4,1,0.007053732872009277
972,0,1,0.16814911365509033
973,6,1,0.05975530669093132
974,2,1,0.06741301715373993
975,2,1,0.10000911355018616
976,3,1,0.0025147907435894012
977,1,1,0.04263816401362419
978,5,1,0.01555822417140007
979,1,1,0.05392966791987419
980,2,1,0.28846389055252075
981,0,1,0.027508210390806198
982,3,1,0.005596734583377838
983,8,1,0.043980229645967484
984,1,1,0.012481775134801865
985,2,1,0.04417934641242027
986,6,1,0.04166833683848381
987,7,1,5.494430661201477e-05
988,1,1,0.01252846047282219
989,6,1,0.022322531789541245
990,2,1,0.043852586299180984
991,3,1,0.021713603287935257
992,9,0,-0.004959298297762871
993,0,1,0.0017950981855392456
994,1,1,0.0299057736992836
995,2,1,0.05932145193219185
996,2,1,0.1642645299434662
997,0,1,0.09634196758270264
998,8,1,0.002683047205209732
999,9,0,0.0002093929797410965
1000,9,0,-0.00331704318523407
1001,0,1,0.008157122880220413
1002,2,1,0.05829347297549248
1003,5,1,0.02488439902663231
1004,1,1,0.020964447408914566
1005,9,0,-0.010803960263729095
1006,7,1,0.00979543849825859
1007,8,1,-0.010084277018904686
1008,1,1,0.023077193647623062
1009,0,1,0.16493350267410278
1010,4,1,0.013975884765386581
1011,1,1,0.027461837977170944
1012,7,1,-0.014386925846338272
1013,9,0,-0.011166496202349663
1014,6,1,0.06371641159057617
1015,4,1,0.007352473214268684
1016,2,1,0.16216963529586792
1017,6,1,0.3202391564846039
1018,8,1,-0.000899679958820343
1019,1,1,0.06538373231887817
1020,3,1,0.06519576907157898
1021,7,1,0.035692084580659866
1022,5,1,-0.0027459561824798584
1023,4,1,0.0225200392305851
1024,4,1,0.004829779267311096
1025,1,1,0.056323107331991196
1026,8,1,-0.015400717034935951
1027,1,1,0.011942848563194275
1028,3,1,0.036105457693338394
1029,8,1,-0.006072830408811569
1030,1,1,0.004029562696814537
1031,2,1,0.053920332342386246
1032,5,1,0.027785610407590866
1033,8,1,0.030716143548488617
1034,0,1,0.023456018418073654
1035,6,1,0.06674419343471527
1036,2,1,0.10310228168964386
1037,1,1,0.058157991617918015
1038,1,1,0.01944725587964058
1039,7,1,0.01520683616399765
1040,1,1,0.03664463385939598
1041,5,1,0.06391595304012299
1042,3,1,0.005595017224550247
1043,4,1,0.010964930057525635
1044,6,1,0.01422913745045662
1045,9,0,-0.005279872566461563
1046,5,1,-0.0100024975836277
1047,0,1,0.046889979392290115
1048,9,0,-0.011825863271951675
1049,2,1,0.09627529978752136
1050,2,1,0.6457961797714233
1051,4,1,0.019832070916891098
1052,8,1,-0.009574512019753456
1053,2,1,0.04603640362620354
1054,1,1,0.012037370353937149
1055,7,1,-0.005317121744155884
1056,2,1,0.19985494017601013
1057,4,1,0.008144505321979523
1058,9,0,-0.012797596864402294
1059,4,1,-0.002518821507692337
1060,4,1,0.024530816823244095
1061,0,1,0.11432071030139923
1062,3,1,-0.002008426934480667
1063,9,0,-0.012936621904373169
1064,2,1,0.05824517086148262
1065,2,1,0.058632757514715195
1066,3,1,0.027956198900938034
1067,3,1,0.011685609817504883
1068,8,1,0.026414677500724792
1069,3,1,0.018085483461618423
1070,5,1,0.03522561490535736
1071,7,1,-0.0068724993616342545
1072,3,1,-0.0028374716639518738
1073,5,1,0.02597535029053688
1074,8,1,0.028261106461286545
1075,1,1,0.006891481578350067
1076,2,1,0.08919455111026764
1077,4,1,-0.007233358919620514
1078,4,1,0.03749997541308403
1079,6,1,0.0038431882858276367
1080,4,1,0.016154695302248
1081,9,0,-0.012382278218865395
1082,5,1,0.052886877208948135
1083,1,1,0.04809056594967842
1084,0,1,0.09167023003101349
1085,6,1,0.04458705708384514
1086,9,0,-0.008726533502340317
1087,5,1,0.04135532304644585
1088,9,0,-0.0007631517946720123
1089,5,1,-0.014947967603802681
1090,9,0,-0.0009170658886432648
1091,7,1,0.019446205347776413
1092,3,1,0.09954923391342163
1093,8,1,-0.000620134174823761
1094,0,1,-0.004686735570430756
1095,3,1,0.10214827954769135
1096,7,1,-0.008163439109921455
1097,1,1,0.032484497874975204
1098,3,1,0.016054432839155197
1099,6,1,0.06592828035354614
1100,7,1,0.0005521215498447418
1101,8,1,0.023468103259801865
1102,5,1,0.04371357336640358
1103,9,0,-0.009943578392267227
1104,7,1,-0.002524949610233307
1105,9,0,-0.011450456455349922
1106,6,1,0.04843061789870262
1107,9,0,0.0036903545260429382
1108,6,1,0.07338891923427582
1109,3,1,0.16503582894802094
1110,7,1,0.032135602086782455
1111,4,1,-0.0020896494388580322
1112,4,1,0.013157490640878677
1113,5,1,0.077342689037323
1114,3,1,-0.011466785334050655
1115,5,1,0.009277429431676865
1116,4,1,0.020687423646450043
1117,7,1,-0.003014456480741501
1118,8,1,0.03802789747714996
1119,7,1,0.036371875554323196
1120,8,1,0.021122105419635773
1121,0,1,0.021896768361330032
1122,7,1,0.044144611805677414
1123,6,1,0.06485147774219513
1124,8,1,0.018972784280776978
1125,8,1,-0.0060181692242622375
1126,7,1,-0.010149998590350151
1127,3,1,0.005309589207172394
1128,3,1,0.02787143737077713
1129,1,1,0.02240404114127159
1130,9,0,-0.010012504644691944
1131,5,1,0.2372070550918579
1132,2,1,0.02992459386587143
1133,7,1,0.0030193403363227844
1134,3,1,0.004876246675848961
1135,5,1,0.018048223108053207
1136,1,1,0.007590670138597488
1137,1,1,0.027625195682048798
1138,2,1,0.2819816768169403
1139,1,1,0.04430724307894707
1140,4,1,0.002318788319826126
1141,7,1,-0.000665765255689621
1142,4,1,-0.007060803472995758
1143,7,1,0.012558754533529282
1144,5,1,-0.0022283531725406647
1145,4,1,0.09646500647068024
1146,5,1,0.02566550299525261
1147,4,1,0.03620847687125206
1148,0,1,0.017835941165685654
1149,8,1,-0.0129891037940979
1150,3,1,0.0033708345144987106
1151,6,1,0.062165435403585434
1152,9,0,-0.008363702334463596
1153,6,1,0.04671432450413704
1154,0,1,-0.002001190558075905
1155,2,1,0.02761898934841156
1156,7,1,-0.0027545765042304993
1157,4,1,0.015307269990444183
1158,4,1,0.025387216359376907
1159,4,1,0.011678941547870636
1160,4,1,0.01165005937218666
1161,6,1,0.020258579403162003
1162,6,1,0.06347323954105377
1163,4,1,0.022078879177570343
1164,7,1,-0.0093135517090559
1165,9,0,-0.011121338233351707
1166,3,1,0.007840365171432495
1167,4,1,0.013335224241018295
1168,5,1,0.058252472430467606
1169,5,1,0.022540230304002762
1170,8,1,0.027855705469846725
1171,7,1,0.004487441852688789
1172,3,1,0.060583267360925674
1173,7,1,-0.001223001629114151
1174,2,1,0.1407964527606964
1175,7,1,-0.0013093817979097366
1176,0,1,0.02369796112179756
1177,2,1,0.1176367998123169
1178,4,1,0.024803094565868378
1179,1,1,0.03246496990323067
1180,1,1,0.03721102699637413
1181,6,1,0.07757607102394104
1182,6,1,0.004223089665174484
1183,9,0,-0.014482203871011734
1184,2,1,0.018478874117136
1185,8,1,-0.002760382369160652
1186,7,1,0.0335271991789341
1187,2,1,0.21906624734401703
1188,0,1,0.0024166926741600037
1189,1,1,0.0071420818567276
1190,5,1,0.03617880493402481
1191,0,1,0.014970630407333374
1192,9,0,0.0006492268294095993
1193,1,1,0.03388189896941185
1194,7,1,-0.004756137728691101
1195,0,1,0.002704402431845665
1196,6,1,0.053995776921510696
1197,0,1,-0.010961066000163555
1198,8,1,-0.0019017364829778671
1199,6,1,0.027031276375055313
1200,8,1,0.04693199321627617
1201,1,1,0.0009196531027555466
1202,8,1,0.023308616131544113
1203,0,1,0.030031990259885788
1204,3,1,0.01779688149690628
1205,3,1,0.06169983372092247
1206,7,1,0.01700807735323906
1207,2,1,0.07980826497077942
1208,3,1,-0.01225986797362566
1209,6,1,0.23958063125610352
1210,2,1,0.15162892639636993
1211,1,1,0.02075827494263649
1212,6,1,0.0003156103193759918
1213,1,1,0.019729051738977432
1214,1,1,0.0059312209486961365
1215,3,1,0.005980024114251137
1216,7,1,0.0033432822674512863
1217,9,0,-0.01238219253718853
1218,0,1,0.12916624546051025
1219,8,1,0.0027233250439167023
1220,0,1,0.18545427918434143
1221,5,1,0.01536145806312561
1222,4,1,0.02729405090212822
1223,0,1,0.08820170164108276
1224,2,1,0.12825319170951843
1225,8,1,0.003306044265627861
1226,7,1,0.15069887042045593
1227,2,1,0.056174542754888535
1228,9,0,0.0030023176223039627
1229,8,1,0.010689135640859604
1230,4,1,0.008626986294984818
1231,0,1,-0.008500201627612114
1232,9,0,-0.006448380649089813
1233,5,1,0.049710940569639206
1234,8,1,0.029522981494665146
1235,5,1,0.04430820420384407
1236,1,1,0.04597232863306999
1237,2,1,0.141698956489563
1238,1,1,0.03608373552560806
1239,3,1,-0.0008237604051828384
1240,1,1,0.00815633311867714
1241,7,1,0.020876798778772354
1242,4,1,-0.0018198862671852112
1243,5,1,0.016793247312307358
1244,7,1,-0.008092919364571571
1245,2,1,0.1115007996559143
1246,0,1,0.028545614331960678
1247,9,0,0.0013877302408218384
1248,8,1,0.04232282564043999
1249,8,1,0.003858763724565506
1250,6,1,0.03210527449846268
1251,2,1,0.11912664771080017
1252,5,1,0.09425823390483856
1253,4,1,0.03984333202242851
1254,1,1,-0.0019590258598327637
1255,9,0,-0.011387834325432777
1256,2,1,0.03760036453604698
1257,1,1,0.1008281260728836
1258,5,1,0.0274205319583416
1259,8,1,0.03895896300673485
1260,7,1,0.07695883512496948
1261,0,1,0.01862199977040291
1262,2,1,0.0981234610080719
1263,4,1,0.09362046420574188
1264,4,1,0.011352553963661194
1265,3,1,0.11049029231071472
1266,6,1,0.05709966644644737
1267,8,1,-0.0031624771654605865
1268,8,1,0.004030264914035797
1269,2,1,0.08832462131977081
1270,4,1,0.0020952094346284866
1271,0,1,0.10649590194225311
1272,5,1,0.013915561139583588
1273,0,1,-0.004462100565433502
1274,4,1,-0.011433690786361694
1275,4,1,0.009165670722723007
1276,7,1,0.019878752529621124
1277,9,0,-0.005196260288357735
1278,3,1,0.03550148382782936
1279,4,1,0.050847556442022324
1280,1,1,0.07271932065486908
1281,5,1,0.020550642162561417
1282,9,0,0.0011044442653656006
1283,7,1,0.04234727844595909
1284,3,1,0.032706428319215775
1285,5,1,0.046235207468271255
1286,8,1,0.002248696982860565
1287,8,1,0.0009482651948928833
1288,0,1,-0.006857186555862427
1289,5,1,-0.003083992749452591
1290,3,1,0.014151688665151596
1291,3,1,0.08754992485046387
1292,6,1,-0.002128545194864273
1293,6,1,0.1755845546722412
1294,0,1,0.016197990626096725
1295,1,1,0.06727829575538635
1296,6,1,0.040311750024557114
1297,0,1,0.0646836906671524
1298,3,1,0.0394880436360836
1299,5,1,0.004119908437132835
1300,4,1,0.004545032978057861
1301,4,1,0.0027653034776449203
1302,1,1,0.008815765380859375
1303,2,1,0.029052183032035828
1304,9,0,-0.009732692502439022
1305,1,1,0.06604324281215668
1306,4,1,0.007645253092050552
1307,6,1,0.03422030061483383
1308,9,0,-0.009441735222935677
1309,9,0,-0.012953034602105618
1310,3,1,-0.007065949961543083
1311,9,0,-0.00542842410504818
1312,8,1,-0.0111556900665164
1313,4,1,0.02703961357474327
1314,4,1,0.06945998966693878
1315,3,1,0.0986001193523407
1316,1,1,0.04747388884425163
1317,3,1,0.0040519386529922485
1318,1,1,0.011728841811418533
1319,8,1,0.018613528460264206
1320,8,1,0.05052204057574272
1321,7,1,-0.0026550479233264923
1322,9,0,-0.010395102202892303
1323,4,1,0.024538666009902954
1324,8,1,0.009155560284852982
1325,8,1,0.07175886631011963
1326,7,1,0.04811842367053032
1327,9,0,0.008243691176176071
1328,7,1,-0.014936774969100952
1329,1,1,0.027995508164167404
1330,4,1,0.0059082768857479095
1331,5,1,0.017903421074151993
1332,6,1,0.1000976711511612
1333,0,1,0.0760413110256195
1334,5,1,0.0036822278052568436
1335,2,1,0.08919475972652435
1336,2,1,0.10981571674346924
1337,2,1,0.1464821696281433
1338,1,1,0.00787399336695671
1339,5,1,0.02047261968255043
1340,5,1,0.05784435197710991
1341,2,1,0.08235637843608856
1342,4,1,0.01103883981704712
1343,9,0,-0.002183441072702408
1344,6,1,0.09664706885814667
1345,2,1,0.06497634947299957
1346,7,1,0.025715075433254242
1347,7,1,-0.01397198997437954
1348,2,1,0.06502407789230347
1349,2,1,0.08117614686489105
1350,1,1,0.026430312544107437
1351,1,1,0.038704704493284225
1352,2,1,0.03085774928331375
1353,8,1,0.0020503513514995575
1354,3,1,0.0523034892976284
1355,7,1,0.012975525110960007
1356,2,1,-0.0027514994144439697
1357,4,1,-0.001700516790151596
1358,1,1,0.06137716397643089
1359,7,1,0.00501227006316185
1360,1,1,0.026523489505052567
1361,7,1,0.004123944789171219
1362,6,1,0.2458057999610901
1363,7,1,0.025318246334791183
1364,8,1,0.12972266972064972
1365,2,1,0.09952172636985779
1366,7,1,0.03506055101752281
1367,3,1,0.02980891987681389
1368,1,1,0.021694034337997437
1369,7,1,0.05638997629284859
1370,5,1,0.00961909070611
1371,8,1,0.003981331363320351
1372,2,1,0.026854727417230606
1373,6,1,0.023681629449129105
1374,2,1,0.2823833227157593
1375,2,1,0.10323654115200043
1376,5,1,0.015469346195459366
1377,6,1,0.016561035066843033
1378,5,1,0.18300950527191162
1379,0,1,0.11133372783660889
1380,9,0,-0.0021900609135627747
1381,2,1,0.09205679595470428
1382,4,1,0.03796406462788582
1383,3,1,0.15186697244644165
1384,3,1,-0.0035974085330963135
1385,9,0,-0.004621813073754311
1386,7,1,0.012700904160737991
1387,6,1,0.039552200585603714
1388,6,1,0.05711844936013222
1389,8,1,0.007078526541590691
1390,0,1,0.03148067370057106
1391,4,1,0.06315499544143677
1392,1,1,0.04277275130152702
1393,5,1,0.37529924511909485
1394,8,1,-0.0034714601933956146
1395,2,1,0.037495207041502
1396,9,0,-0.01810522750020027
1397,1,1,0.013697363436222076
1398,8,1,-0.0019989777356386185
1399,0,1,0.06982190907001495
1400,6,1,0.07138606905937195
1401,7,1,-0.004632702097296715
1402,2,1,0.03300333395600319
1403,1,1,0.06034589186310768
1404,0,1,-0.005229659378528595
1405,5,1,0.06310425698757172
1406,5,1,0.007774554193019867
1407,2,1,0.08448375761508942
1408,0,1,-0.005124960094690323
1409,2,1,0.1289040446281433
1410,2,1,0.11514481902122498
1411,0,1,0.0007456857711076736
1412,2,1,0.07757732272148132
1413,4,1,-0.0034043900668621063
1414,9,0,-0.0036572441458702087
1415,8,1,0.022171419113874435
1416,0,1,-0.0008893460035324097
1417,9,0,-0.0031178388744592667
1418,9,0,-0.004140447825193405
1419,4,1,0.056620191782712936
1420,6,1,0.012144818902015686
1421,5,1,0.010357573628425598
1422,4,1,0.01418464258313179
1423,9,0,-0.01271970197558403
1424,1,1,-0.0007368959486484528
1425,8,1,0.026564162224531174
1426,3,1,0.008641872555017471
1427,4,1,0.055341560393571854
1428,9,0,-0.013049615547060966
1429,9,0,-0.010186937637627125
1430,1,1,0.021835286170244217
1431,2,1,0.16604456305503845
1432,2,1,0.07946324348449707
1433,8,1,-0.005870809778571129
1434,1,1,0.0008245687931776047
1435,9,0,-0.014756252989172935
1436,6,1,0.030137211084365845
1437,4,1,0.0235016830265522
1438,0,1,0.0027642156928777695
1439,9,0,-0.007842406630516052
1440,4,1,0.047333281487226486
1441,8,1,0.003145907074213028
1442,3,1,0.03479073569178581
1443,8,1,0.010053176432847977
1444,6,1,0.12617897987365723
1445,0,1,0.02152368426322937
1446,2,1,0.03399747610092163
1447,5,1,0.06152237579226494
1448,1,1,0.02930135652422905
1449,9,0,-0.01126990094780922
1450,6,1,0.03996294364333153
1451,2,1,0.05696098133921623
1452,9,0,-0.01316866185516119
1453,4,1,-0.004422798752784729
1454,0,1,0.014956001192331314
1455,9,0,-0.013163147494196892
1456,6,1,0.0559222586452961
1457,0,1,0.15192091464996338
1458,6,1,0.04452308639883995
1459,2,1,0.0802692323923111
1460,5,1,0.0958724319934845
1461,4,1,0.03503590077161789
1462,2,1,0.10318891704082489
1463,3,1,0.028083454817533493
1464,8,1,0.005698448047041893
1465,4,1,0.01637723296880722
1466,5,1,0.11136141419410706
1467,5,1,0.005973890423774719
1468,0,1,0.04003840312361717
1469,3,1,0.12102615833282471
1470,8,1,0.045791056007146835
1471,5,1,0.03557708114385605
1472,3,1,0.16635894775390625
1473,5,1,0.07729555666446686
1474,8,1,0.017714034765958786
1475,6,1,0.02883293852210045
1476,5,1,-0.0007546525448560715
1477,7,1,0.0032526254653930664
1478,6,1,0.03824301064014435
1479,3,1,0.027129385620355606
1480,3,1,0.009510435163974762
1481,9,0,-0.008279135450720787
1482,6,1,0.037759799510240555
1483,1,1,0.019222959876060486
1484,1,1,0.04524337872862816
1485,2,1,0.07943335175514221
1486,9,0,-0.005069028586149216
1487,0,1,0.11419741809368134
1488,4,1,0.0736030787229538
1489,3,1,0.01967504248023033
1490,3,1,0.0344877764582634
1491,6,1,0.04493114724755287
1492,9,0,-0.005575362592935562
1493,5,1,0.0335979126393795
1494,7,1,-0.002160198986530304
1495,3,1,0.11413463950157166
1496,7,1,-0.004336414858698845
1497,7,1,0.048228535801172256
1498,7,1,0.00039260275661945343
1499,8,1,0.08963747322559357
1500,7,1,0.019927892833948135
1501,9,0,-0.004986980929970741
1502,8,1,-0.0018653329461812973
1503,3,1,0.025874469429254532
1504,0,1,0.03461102023720741
1505,7,1,-0.0027128607034683228
1506,2,1,0.016902871429920197
1507,7,1,0.002692803740501404
1508,9,0,-0.007857684046030045
1509,4,1,0.013364162296056747
1510,5,1,-0.0065385885536670685
1511,4,1,0.0392039529979229
1512,9,0,-0.006963737308979034
1513,3,1,0.08059728145599365
1514,2,1,0.025801774114370346
1515,1,1,0.0013428740203380585
1516,4,1,-0.00016884319484233856
1517,0,1,0.02592560648918152
1518,2,1,0.035008516162633896
1519,3,1,0.016213808208703995
1520,7,1,0.06997096538543701
1521,5,1,0.021735120564699173
1522,7,1,-0.0036414675414562225
1523,8,1,-0.0058323293924331665
1524,8,1,-0.004692019894719124
1525,5,1,0.0990489274263382
1526,0,1,0.15045002102851868
1527,1,1,0.07524009048938751
1528,1,1,0.03962519392371178
1529,4,1,0.06885536015033722
1530,8,1,-0.00477653369307518
1531,3,1,0.0322859063744545
1532,9,0,-0.00584876723587513
1533,0,1,0.007854480296373367
1534,0,1,0.05613691732287407
1535,0,1,-0.012676773592829704
1536,6,1,0.07087747752666473
1537,6,1,0.08578513562679291
1538,2,1,0.0535091869533062
1539,3,1,0.03194529563188553
1540,7,1,0.01851794123649597
1541,8,1,0.01791689544916153
1542,4,1,0.04649018123745918
1543,7,1,-0.0021395832300186157
1544,7,1,0.0803670883178711
1545,9,0,-0.0018492676317691803
1546,2,1,0.009959500283002853
1547,4,1,-0.006805570796132088
1548,1,1,0.026973281055688858
1549,4,1,0.06673319637775421
1550,5,1,0.0753864049911499
1551,2,1,0.026983216404914856
1552,4,1,0.00374448299407959
1553,9,0,0.002458810806274414
1554,9,0,-0.009397807531058788
1555,1,1,0.013675384223461151
1556,8,1,0.0008355844765901566
1557,4,1,-0.0020144879817962646
1558,0,1,-0.011609109118580818
1559,9,0,0.0013308525085449219
1560,8,1,0.002627905458211899
1561,4,1,0.02076149359345436
1562,8,1,-0.003069177269935608
1563,7,1,0.012580234557390213
1564,7,1,0.003464091569185257
1565,0,1,0.008901465684175491
1566,7,1,-0.007106536999344826
1567,8,1,-0.0007858797907829285
1568,8,1,-0.004435891285538673
1569,6,1,0.20387734472751617
1570,0,1,0.08685305714607239
1571,4,1,0.0033518821001052856
1572,8,1,-0.005627783015370369
1573,8,1,-0.002305399626493454
1574,2,1,0.10620060563087463
1575,4,1,0.00029145553708076477
1576,7,1,-0.007032115012407303
1577,6,1,0.04283411428332329
1578,6,1,0.00813644751906395
1579,6,1,0.01749669387936592
1580,4,1,0.023930996656417847
1581,7,1,0.006264884024858475
1582,1,1,0.05701224133372307
1583,8,1,-0.007521715015172958
1584,8,1,0.013686351478099823
1585,2,1,0.09825499355792999
1586,3,1,0.007410306483507156
1587,6,1,0.016545210033655167
1588,3,1,0.057979051023721695
1589,0,1,0.10632118582725525
1590,0,1,0.002579759806394577
1591,3,1,0.0499994121491909
1592,7,1,0.008415527641773224
1593,6,1,0.10548879206180573
1594,9,0,-0.011780614964663982
1595,7,1,0.026961274445056915
1596,9,0,-0.01500740833580494
1597,9,0,-0.01201665960252285
1598,5,1,0.02263582870364189
1599,4,1,0.002817682921886444
1600,3,1,0.015361275523900986
1601,3,1,0.014481108635663986
1602,6,1,0.011140253394842148
1603,1,1,0.03504209592938423
1604,2,1,0.10680271685123444
1605,3,1,0.017436642199754715
1606,7,1,-0.003994571045041084
1607,3,1,-0.007674653083086014
1608,3,1,0.026215244084596634
1609,2,1,0.07909750938415527
1610,0,1,0.07349222898483276
1611,3,1,0.1491602063179016
1612,3,1,0.07495826482772827
1613,8,1,-0.007289092987775803
1614,4,1,0.018874909728765488
1615,3,1,0.31568920612335205
1616,6,1,0.044617507606744766
1617,3,1,0.03399251028895378
1618,5,1,0.018098134547472
1619,0,1,0.028375763446092606
1620,2,1,0.07370804250240326
1621,0,1,0.027660727500915527
1622,9,0,-0.008833241648972034
1623,0,1,0.1992780715227127
1624,7,1,-0.0008383765816688538
1625,4,1,0.027435287833213806
1626,6,1,-0.003577902913093567
1627,9,0,-0.002106567844748497
1628,3,1,0.1298876851797104
1629,5,1,0.07460401952266693
1630,1,1,0.06429210305213928
1631,9,0,-0.009524732828140259
1632,6,1,0.040607135742902756
1633,1,1,0.02800457552075386
1634,4,1,0.0042688120156526566
1635,5,1,0.12251555919647217
1636,4,1,0.01663418859243393
1637,5,1,0.0018569566309452057
1638,0,1,-0.0022334251552820206
1639,5,1,0.039411138743162155
1640,9,0,0.021388184279203415
1641,5,1,0.009193465113639832
1642,2,1,0.04745708778500557
1643,1,1,0.03830041363835335
1644,2,1,0.04904254898428917
1645,9,0,-0.00629839114844799
1646,1,1,0.04077210649847984
1647,9,0,-0.016484372317790985
1648,9,0,-0.013613861985504627
1649,4,1,0.008287958800792694
1650,0,1,0.07233235239982605
1651,8,1,0.00611380860209465
1652,4,1,-0.004321254789829254
1653,5,1,-0.0009808726608753204
1654,2,1,0.09181345999240875
1655,9,0,-0.0015374086797237396
1656,2,1,0.28166210651397705
1657,1,1,0.03176897019147873
1658,2,1,0.18266598880290985
1659,1,1,0.027214698493480682
1660,7,1,0.07197658717632294
1661,3,1,0.15309786796569824
1662,6,1,0.03522607684135437
1663,8,1,0.02337029203772545
1664,8,1,0.004596881568431854
1665,4,1,0.006043922156095505
1666,9,0,-0.014064430259168148
1667,1,1,0.004444500431418419
1668,9,0,-0.009576164186000824
1669,8,1,0.0016635209321975708
1670,5,1,0.04498135671019554
1671,7,1,0.053162042051553726
1672,5,1,0.005972146987915039
1673,1,1,0.002651110291481018
1674,1,1,0.012343734502792358
1675,8,1,0.024662315845489502
1676,6,1,0.08731243014335632
1677,5,1,0.0552646778523922
1678,2,1,0.019201844930648804
1679,4,1,0.017146993428468704
1680,4,1,0.016040753573179245
1681,3,1,0.0054963119328022
1682,2,1,0.05506499484181404
1683,3,1,0.02989867702126503
1684,5,1,0.05857029929757118
1685,6,1,0.012433256953954697
1686,8,1,0.04816832020878792
1687,8,1,-0.0002439413219690323
1688,6,1,0.0657903254032135
1689,2,1,0.024873290210962296
1690,3,1,0.024765875190496445
1691,1,1,0.019067909568548203
1692,0,1,0.1274031698703766
1693,5,1,0.019730404019355774
1694,8,1,0.06295298039913177
1695,9,0,-0.003610227257013321
1696,2,1,0.04119515046477318
1697,9,0,0.0007281266152858734
1698,6,1,0.297381728887558
1699,7,1,0.03031974658370018
1700,0,1,0.09120053052902222
1701,4,1,0.006480570882558823
1702,8,1,-0.0008513927459716797
1703,7,1,0.025797683745622635
1704,1,1,0.017542991787195206
1705,7,1,0.011817250400781631
1706,4,1,0.04829743131995201
1707,1,1,0.03044777736067772
1708,0,1,0.10218271613121033
1709,9,0,0.07464669644832611
1710,7,1,0.001835595816373825
1711,2,1,0.05809559300541878
1712,0,1,0.05732027068734169
1713,0,1,0.10472285747528076
1714,9,0,-0.010609392076730728
1715,1,1,0.041013430804014206
1716,7,1,0.014161553233861923
1717,8,1,0.02665674313902855
1718,7,1,0.03916507586836815
1719,8,1,0.004827914759516716
1720,4,1,0.037014227360486984
1721,7,1,-0.008863041177392006
1722,2,1,0.11346447467803955
1723,0,1,0.026943031698465347
1724,4,1,0.014983534812927246
1725,6,1,0.12224355340003967
1726,0,1,0.06643696129322052
1727,3,1,0.03626308590173721
1728,1,1,0.04702777788043022
1729,1,1,0.017919059842824936
1730,3,1,0.0008300542831420898
1731,3,1,0.1075681746006012
1732,9,0,-0.002240099012851715
1733,6,1,0.11434346437454224
1734,7,1,0.024835802614688873
1735,4,1,0.01365932822227478
1736,1,1,0.019253406673669815
1737,5,1,0.15811336040496826
1738,3,1,0.10831356048583984
1739,0,1,0.005040908232331276
1740,8,1,0.021030757576227188
1741,7,1,0.024378236383199692
1742,3,1,0.07202503085136414
1743,9,0,-0.012208079919219017
1744,6,1,0.05505140498280525
1745,9,0,-0.010974368080496788
1746,3,1,0.2617317736148834
1747,5,1,0.06852199137210846
1748,0,1,0.00890243798494339
1749,2,1,0.15872102975845337
1750,7,1,0.04901527985930443
1751,4,1,0.029952015727758408
1752,5,1,0.014458972960710526
1753,1,1,0.037625085562467575
1754,7,1,0.03945926949381828
1755,5,1,0.03204445168375969
1756,8,1,0.03329138457775116
1757,0,1,0.00450664758682251
1758,8,1,0.02000114694237709
1759,8,1,0.021122943609952927
1760,1,1,-0.00392693467438221
1761,5,1,0.009518686681985855
1762,0,1,-0.00036112964153289795
1763,3,1,0.0031078867614269257
1764,0,1,0.02516888454556465
1765,3,1,0.12593287229537964
1766,1,1,0.059106726199388504
1767,4,1,0.01518334075808525
1768,0,1,0.05934135988354683
1769,3,1,0.01880483701825142
1770,7,1,0.012599598616361618
1771,2,1,0.01803261786699295
1772,7,1,0.04474085196852684
1773,1,1,0.048055943101644516
1774,8,1,0.0255260169506073
1775,0,1,0.11887383460998535
1776,7,1,0.02314826473593712
1777,0,1,0.09460915625095367
1778,4,1,0.02471136674284935
1779,3,1,0.027528315782546997
1780,1,1,0.05341918393969536
1781,9,0,-0.00639628991484642
1782,8,1,0.0910666286945343
1783,7,1,0.014688033610582352
1784,7,1,0.003124704584479332
1785,1,1,0.02308226376771927
1786,4,1,0.028581630438566208
1787,9,0,-0.015334377996623516
1788,9,0,-0.014939775690436363
1789,3,1,0.24463412165641785
1790,2,1,0.006007077172398567
1791,1,1,0.02498801425099373
1792,7,1,0.00805266946554184
1793,9,0,-0.014008674770593643
1794,0,1,0.1493498980998993
1795,2,1,0.10945697128772736
1796,0,1,0.12181423604488373
1797,3,1,0.009117227047681808
1798,3,1,0.010519720613956451
1799,7,1,-0.004881449043750763
1800,6,1,0.04227948561310768
1801,9,0,-0.0031714439392089844
1802,2,1,0.02689788118004799
1803,3,1,0.028975244611501694
1804,3,1,0.042050015181303024
1805,7,1,0.06134540215134621
1806,7,1,0.02986053004860878
1807,0,1,0.025963444262742996
1808,0,1,0.031131688505411148
1809,7,1,0.001703161746263504
1810,5,1,0.04922294244170189
1811,2,1,0.020953301340341568
1812,9,0,-0.012771261855959892
1813,8,1,0.08406981825828552
1814,7,1,0.0313020758330822
1815,4,1,0.02581597864627838
1816,4,1,-0.0035342685878276825
1817,2,1,0.4110910892486572
1818,6,1,0.011059597134590149
1819,6,1,0.0399509035050869
1820,1,1,0.030322670936584473
1821,9,0,-0.005082139745354652
1822,6,1,0.04515637829899788
1823,8,1,-0.006912741810083389
1824,2,1,0.04992799833416939
1825,9,0,-0.011687226593494415
1826,0,1,0.053843382745981216
1827,8,1,0.010183591395616531
1828,3,1,0.01602233573794365
1829,1,1,0.006772480905056
1830,1,1,0.07625444233417511
1831,6,1,0.05689484253525734
1832,3,1,0.06409724056720734
1833,5,1,0.011554967612028122
1834,1,1,0.006256934255361557
1835,1,1,0.05972382053732872
1836,1,1,0.017920155078172684
1837,3,1,0.0279746875166893
1838,1,1,0.0557403527200222
1839,2,1,0.07541972398757935
1840,3,1,0.21055768430233002
1841,0,1,0.016008079051971436
1842,2,1,0.11496734619140625
1843,0,1,0.0371699295938015
1844,1,1,0.0029563121497631073
1845,3,1,0.05822138115763664
1846,5,1,0.041712891310453415
1847,5,1,0.012071020901203156
1848,7,1,0.00110565684735775
1849,4,1,0.06293007731437683
1850,8,1,-0.01185375452041626
1851,9,0,-0.006882622838020325
1852,6,1,0.05475100502371788
1853,9,0,-0.008473321795463562
1854,6,1,0.11604771018028259
1855,8,1,0.0041499510407447815
1856,3,1,0.17956757545471191
1857,6,1,0.10240903496742249
1858,6,1,0.028663571923971176
1859,8,1,0.09244038164615631
1860,5,1,0.04267553612589836
1861,1,1,0.006220977753400803
1862,4,1,0.021765131503343582
1863,2,1,0.024829547852277756
1864,4,1,0.006407696753740311
1865,4,1,0.013130731880664825
1866,5,1,0.02290225401520729
1867,1,1,0.009329419583082199
1868,1,1,0.047118719667196274
1869,9,0,-0.010270021855831146
1870,0,1,0.11888109147548676
1871,2,1,0.002299034968018532
1872,4,1,0.009555492550134659
1873,9,0,-0.012034502811729908
1874,5,1,0.027615945786237717
1875,7,1,0.08879698812961578
1876,1,1,0.009955842047929764
1877,8,1,0.019718371331691742
1878,8,1,0.019457120448350906
1879,5,1,0.0025921780616045
1880,6,1,0.09599560499191284
1881,9,0,-0.007886111736297607
1882,8,1,0.02999040111899376
1883,7,1,0.017043042927980423
1884,1,1,-0.0012374445796012878
1885,1,1,0.09024901688098907
1886,6,1,0.1461060494184494
1887,7,1,-0.0032461341470479965
1888,6,1,0.05358041450381279
1889,3,1,0.14587870240211487
1890,2,1,0.2414238154888153
1891,2,1,0.0684724897146225
1892,0,1,0.14479553699493408
1893,8,1,0.011355075985193253
1894,9,0,-0.0115805109962821
1895,2,1,0.08817054331302643
1896,5,1,0.04260297492146492
1897,1,1,0.02946404367685318
1898,0,1,0.21531741321086884
1899,8,1,0.01621534302830696
1900,1,1,0.03928299620747566
1901,9,0,0.00046382471919059753
1902,5,1,-0.0006310902535915375
1903,7,1,0.05328484997153282
1904,9,0,-0.012679621577262878
1905,6,1,0.011921331286430359
1906,9,0,-0.012271098792552948
1907,0,1,0.016345929354429245
1908,6,1,0.048091594129800797
1909,1,1,-0.003962976858019829
1910,5,1,0.013654153794050217
1911,5,1,0.14635147154331207
1912,8,1,0.02782181277871132
1913,3,1,0.08072145283222198
1914,8,1,0.0009035244584083557
1915,2,1,0.055849041789770126
1916,6,1,0.06421113014221191
1917,5,1,0.014287639409303665
1918,0,1,0.007793828845024109
1919,7,1,0.004031624644994736
1920,4,1,-0.007719466462731361
1921,6,1,0.02916879951953888
1922,1,1,0.06845268607139587
1923,3,1,0.1636628806591034
1924,4,1,0.07777483761310577
1925,7,1,0.0012945886701345444
1926,3,1,0.026997100561857224
1927,2,1,0.0978027731180191
1928,3,1,0.0516694150865078
1929,4,1,-0.0020389072597026825
1930,2,1,0.058510374277830124
1931,5,1,0.07221411168575287
1932,2,1,0.08831776678562164
1933,7,1,0.010201212018728256
1934,1,1,0.041456859558820724
1935,7,1,0.0021612737327814102
1936,2,1,0.06713664531707764
1937,6,1,0.08240662515163422
1938,4,1,0.0928485244512558
1939,1,1,0.009191896766424179
1940,5,1,0.11664102971553802
1941,7,1,0.04296906664967537
1942,8,1,0.07770483195781708
1943,6,1,0.13890939950942993
1944,0,1,-0.004269098863005638
1945,1,1,0.019549895077943802
1946,8,1,0.05423498526215553
1947,2,1,0.023332934826612473
1948,5,1,0.08022794127464294
1949,7,1,-0.001768510788679123
1950,7,1,0.026106763631105423
1951,6,1,0.003311954438686371
1952,9,0,0.002400847151875496
1953,3,1,-0.007147155702114105
1954,5,1,0.006902547553181648
1955,8,1,0.057731788605451584
1956,4,1,0.0024924930185079575
1957,2,1,0.07419714331626892
1958,4,1,0.024064797908067703
1959,0,1,-0.005499100312590599
1960,8,1,0.024783004075288773
1961,8,1,0.07116775214672089
1962,3,1,0.008799504488706589
1963,4,1,0.004672843962907791
1964,9,0,-0.015634305775165558
1965,2,1,0.38003841042518616
1966,7,1,0.029023241251707077
1967,5,1,0.0032747797667980194
1968,8,1,-0.00793612003326416
1969,6,1,0.011024121195077896
1970,5,1,0.015232380479574203
1971,6,1,0.10366696119308472
1972,0,1,0.03466595336794853
1973,8,1,0.006623204797506332
1974,6,1,0.017528269439935684
1975,7,1,0.023649897426366806
1976,3,1,0.012745995074510574
1977,6,1,0.1613633632659912
1978,4,1,0.0296415276825428
1979,9,0,-0.007840350270271301
1980,4,1,0.010471422225236893
1981,6,1,0.006432635709643364
1982,6,1,0.02996234968304634
1983,3,1,0.043472643941640854
1984,2,1,0.007580768316984177
1985,4,1,0.018507439643144608
1986,1,1,0.00854840874671936
1987,0,1,0.008755609393119812
1988,1,1,0.014679957181215286
1989,4,1,-0.0030893608927726746
1990,6,1,0.0821709930896759
1991,2,1,0.09107479453086853
1992,9,0,-0.01218060776591301
1993,1,1,0.04370930418372154
1994,1,1,0.0028586257249116898
1995,0,1,0.15733566880226135
1996,6,1,0.04961944743990898
1997,3,1,0.002987328916788101
1998,9,0,-0.01036657951772213
1999,5,1,0.0005483441054821014
2000,6,1,0.03368106484413147
2001,5,1,-0.0026511400938034058
2002,6,1,0.09537120163440704
2003,5,1,0.05068223550915718
2004,8,1,0.0009116269648075104
2005,4,1,0.029588468372821808
2006,6,1,0.014789942651987076
2007,4,1,0.02029375731945038
2008,3,1,0.004143461585044861
2009,9,0,0.0036121904850006104
2010,1,1,0.058040957897901535
2011,3,1,0.0483919195830822
2012,4,1,0.00946013256907463
2013,1,1,0.034447792917490005
2014,9,0,-0.011789382435381413
2015,1,1,0.021732572466135025
2016,7,1,0.04949779435992241
2017,1,1,0.006725739687681198
2018,1,1,0.033304814249277115
2019,9,0,-0.01241370290517807
2020,3,1,0.02392693981528282
2021,5,1,0.01447552815079689
2022,4,1,0.03801990672945976
2023,0,1,0.17582887411117554
2024,7,1,-0.007753223180770874
2025,3,1,0.05087818577885628
2026,6,1,0.04814372584223747
2027,1,1,0.012808997184038162
2028,7,1,0.008248046040534973
2029,5,1,-0.014037835411727428
2030,5,1,0.025424592196941376
2031,3,1,0.008360397070646286
2032,3,1,0.11713418364524841
2033,0,1,0.06722067296504974
2034,1,1,0.020594783127307892
2035,5,1,0.007311977446079254
2036,7,1,0.005382046103477478
2037,5,1,0.039176445454359055
2038,8,1,0.007627278566360474
2039,6,1,0.05384400114417076
2040,5,1,0.020291905850172043
2041,1,1,0.04298447445034981
2042,0,1,0.021881215274333954
2043,4,1,0.006054829806089401
2044,2,1,0.027655798941850662
2045,3,1,0.036022480577230453
2046,4,1,0.02675744891166687
2047,6,1,0.09136819839477539
2048,7,1,0.022206079214811325
2049,9,0,-0.009821899235248566
2050,8,1,-0.008058339357376099
2051,1,1,0.026827912777662277
2052,8,1,0.09265710413455963
2053,4,1,-0.002472696825861931
2054,9,0,0.0039255693554878235
2055,2,1,0.07195188105106354
2056,8,1,-0.002937696874141693
2057,6,1,0.15105223655700684
2058,2,1,0.008131671696901321
2059,7,1,0.0260072723031044
2060,0,1,0.011412356048822403
2061,0,1,-0.007887635380029678
2062,6,1,0.08499285578727722
2063,7,1,0.02669409289956093
2064,5,1,-0.004040656611323357
2065,8,1,0.001525837928056717
2066,6,1,0.011125948280096054
2067,0,1,0.028651829808950424
2068,9,0,-0.008530938997864723
2069,3,1,0.15844710171222687
2070,7,1,-0.012659728527069092
2071,1,1,0.016739703714847565
2072,3,1,0.09252794086933136
2073,5,1,0.0036557763814926147
2074,4,1,0.03961247578263283
2075,3,1,0.039498429745435715
2076,3,1,0.011478986591100693
2077,5,1,0.013150420039892197
2078,5,1,0.04045027866959572
2079,6,1,0.05284027382731438
2080,3,1,0.03254231438040733
2081,0,1,0.03051263466477394
2082,2,1,0.43621307611465454
2083,3,1,0.07673962414264679
2084,4,1,0.006984032690525055
2085,2,1,0.056024979799985886
2086,3,1,0.0058872513473033905
2087,0,1,0.0027992501854896545
2088,9,0,-0.017107410356402397
2089,9,0,-0.004128102213144302
2090,4,1,-0.0026913974434137344
2091,7,1,0.08256660401821136
2092,2,1,0.17422758042812347
2093,8,1,0.06343664228916168
2094,4,1,-0.004114709794521332
2095,7,1,0.009900078177452087
2096,0,1,0.009789489209651947
2097,6,1,0.043022822588682175
2098,2,1,0.06494836509227753
2099,8,1,-0.005436617881059647
2100,5,1,0.019934508949518204
2101,2,1,0.059551265090703964
2102,8,1,0.019570142030715942
2103,5,1,0.052383821457624435
2104,7,1,0.004165945574641228
2105,3,1,0.015713311731815338
2106,0,1,0.0064050741493701935
2107,8,1,0.09366872906684875
2108,2,1,0.1192130297422409
2109,3,1,0.002019910141825676
2110,2,1,0.06841306388378143
2111,8,1,-0.0011805221438407898
2112,2,1,0.07771062850952148
2113,5,1,0.05299128219485283
2114,5,1,0.04012594744563103
2115,7,1,0.002811538055539131
2116,6,1,0.012861628085374832
2117,4,1,0.04369964078068733
2118,6,1,0.09701944887638092
2119,8,1,0.017828568816184998
2120,4,1,0.003173479810357094
2121,8,1,0.04200805351138115
2122,2,1,0.11992806196212769
2123,7,1,-0.004166029393672943
2124,4,1,0.01780558004975319
2125,5,1,-0.008754155598580837
2126,2,1,0.12782710790634155
2127,0,1,0.10879442095756531
2128,3,1,0.06873621046543121
2129,9,0,0.003919344395399094
2130,4,1,-0.01186457835137844
2131,6,1,0.03273269534111023
2132,7,1,0.003305383026599884
2133,2,1,0.059520792216062546
2134,5,1,0.023656904697418213
2135,6,1,0.11083923280239105
2136,1,1,0.021290577948093414
2137,1,1,0.008798036724328995
2138,2,1,0.011083092540502548
2139,3,1,0.024912245571613312
2140,6,1,0.22390833497047424
2141,7,1,0.03406659886240959
2142,8,1,0.01120956614613533
2143,7,1,-0.0007906332612037659
2144,6,1,0.03027333691716194
2145,4,1,0.09631401300430298
2146,8,1,-0.005727391690015793
2147,9,0,-0.012761253863573074
2148,4,1,-0.004711521789431572
2149,8,1,0.0005941838026046753
2150,6,1,0.005244981497526169
2151,3,1,0.1088656634092331
2152,8,1,0.002749718725681305
2153,3,1,0.017361707985401154
2154,1,1,0.04454759880900383
2155,0,1,0.12080210447311401
2156,6,1,0.012279819697141647
2157,2,1,0.03883260115981102
2158,2,1,0.027917463332414627
2159,5,1,0.0750860720872879
2160,6,1,0.022797994315624237
2161,9,0,-0.003509964793920517
2162,5,1,0.009898442775011063
2163,8,1,-0.007178906351327896
2164,1,1,0.006470229476690292
2165,4,1,0.005838580429553986
2166,1,1,0.007603675127029419
2167,7,1,-0.0020733512938022614
2168,8,1,0.037920717149972916
2169,4,1,0.013700194656848907
2170,6,1,0.15649446845054626
2171,1,1,0.03396110609173775
2172,8,1,-0.007032629102468491
2173,4,1,0.011636201292276382
2174,3,1,0.01771153137087822
2175,1,1,0.02837541699409485
2176,2,1,0.1163041889667511
2177,8,1,0.0656738132238388
2178,0,1,0.04018295183777809
2179,8,1,-0.004319548606872559
2180,5,1,0.048819515854120255
2181,9,0,0.00020823627710342407
2182,1,1,0.047771234065294266
2183,4,1,0.05491053685545921
2184,2,1,0.07594898343086243
2185,0,1,0.0016140863299369812
2186,2,1,0.1210031509399414
2187,7,1,0.0016234368085861206
2188,0,1,-0.004096727818250656
2189,9,0,-0.0005238000303506851
2190,0,1,0.010349582880735397
2191,2,1,0.14321866631507874
2192,5,1,0.020068470388650894
2193,7,1,0.03340259939432144
2194,6,1,0.17418766021728516
2195,7,1,0.05160589888691902
2196,9,0,-0.013278760947287083
2197,4,1,0.02152125909924507
2198,2,1,0.006542477756738663
2199,6,1,0.34523940086364746
2200,2,1,0.09152011573314667
2201,4,1,0.06088129058480263
2202,4,1,0.001043541356921196
2203,8,1,-0.005325311794877052
2204,0,1,-0.0010509137064218521
2205,4,1,0.00038332119584083557
2206,4,1,0.03737981989979744
2207,5,1,0.08431996405124664
2208,8,1,-0.00146394781768322
2209,0,1,0.0009109973907470703
2210,6,1,0.017795447260141373
2211,8,1,-0.0031480789184570312
2212,9,0,-0.013333919458091259
2213,8,1,0.008711740374565125
2214,5,1,0.029834169894456863
2215,6,1,0.27542388439178467
2216,9,0,-0.004028137773275375
2217,0,1,0.1419978141784668
2218,4,1,-0.0004964768886566162
2219,8,1,-0.008737428113818169
2220,7,1,0.016253534704446793
2221,1,1,0.03945944830775261
2222,3,1,0.16859903931617737
2223,4,1,0.02493509277701378
2224,5,1,-0.00044502317905426025
2225,8,1,0.007841814309358597
2226,0,1,0.00804881751537323
2227,9,0,-0.0020950306206941605
2228,1,1,0.051705252379179
2229,3,1,0.08619807660579681
2230,3,1,0.02514563873410225
2231,6,1,0.04162748530507088
2232,9,0,-0.010949961841106415
2233,8,1,0.0025516003370285034
2234,7,1,-0.002626916393637657
2235,1,1,0.049820426851511
2236,0,1,0.10607907176017761
2237,5,1,0.008814606815576553
2238,7,1,-0.0022946149110794067
2239,1,1,0.035404544323682785
2240,7,1,0.04549917206168175
2241,5,1,0.0435464046895504
2242,2,1,0.012536756694316864
2243,7,1,0.011559393256902695
2244,9,0,-0.012757363729178905
2245,1,1,0.06898599863052368
2246,8,1,0.026358719915151596
2247,5,1,0.0062308404594659805
2248,2,1,0.1502886414527893
2249,4,1,0.015457309782505035
2250,9,0,-0.00913294218480587
2251,4,1,0.05343357101082802
2252,7,1,0.010446980595588684
2253,2,1,0.07966119050979614
2254,2,1,0.039907071739435196
2255,3,1,0.01650208607316017
2256,4,1,0.05958520993590355
2257,9,0,-0.010209262371063232
2258,1,1,0.0324668325483799
2259,9,0,-0.008467760868370533
2260,2,1,0.1622142493724823
2261,1,1,0.03236958757042885
2262,7,1,0.01155770942568779
2263,9,0,-0.005290566012263298
2264,4,1,0.021932687610387802
2265,4,1,0.011304918676614761
2266,1,1,0.05028526857495308
2267,6,1,0.024783369153738022
2268,7,1,-0.0007575917989015579
2269,2,1,0.18065832555294037
2270,7,1,0.016596999019384384
2271,8,1,-0.007043033838272095
2272,8,1,0.06156308576464653
2273,1,1,0.09143629670143127
2274,9,0,-0.00959130097180605
2275,7,1,0.008260436356067657
2276,1,1,0.014001946896314621
2277,1,1,0.05224674567580223
2278,7,1,0.027113106101751328
2279,5,1,0.05427361652255058
2280,3,1,0.03601496294140816
2281,3,1,0.005096515640616417
2282,5,1,0.0050988346338272095
2283,1,1,0.04369383677840233
2284,3,1,0.09878984093666077
2285,7,1,0.0340811088681221
2286,6,1,0.06508797407150269
2287,1,1,0.05518397316336632
2288,3,1,0.2614915668964386
2289,8,1,-0.004111494868993759
2290,7,1,0.00237429141998291
2291,5,1,0.04782293364405632
2292,9,0,-0.0016952957957983017
2293,9,0,0.017429817467927933
2294,0,1,0.2651551365852356
2295,0,1,0.1286361813545227
2296,2,1,0.01583685725927353
2297,8,1,0.011707793921232224
2298,8,1,0.015587437897920609
2299,2,1,0.008502081036567688
2300,3,1,0.050013940781354904
2301,7,1,-0.002581283450126648
2302,1,1,0.011927548795938492
2303,3,1,0.062196072190999985
2304,0,1,0.056244347244501114
2305,3,1,0.03067900612950325
2306,4,1,0.02391534298658371
2307,4,1,4.6970322728157043e-05
2308,3,1,0.013942576944828033
2309,8,1,0.02569909766316414
2310,9,0,-0.009633827954530716
2311,2,1,0.07444757223129272
2312,3,1,0.024027545005083084
2313,9,0,-0.004160705953836441
2314,7,1,0.008870914578437805
2315,1,1,0.036309923976659775
2316,1,1,0.04329816624522209
2317,7,1,0.029924191534519196
2318,0,1,0.016249891370534897
2319,4,1,0.058036480098962784
2320,9,0,-0.012490982189774513
2321,6,1,0.06463772058486938
2322,5,1,0.012131702154874802
2323,9,0,-0.01434151828289032
2324,1,1,-0.001789778470993042
2325,7,1,0.14058607816696167
2326,0,1,0.05621432885527611
2327,2,1,0.059770289808511734
2328,0,1,0.11216390132904053
2329,0,1,0.12528499960899353
2330,4,1,-0.00024701468646526337
2331,6,1,0.0411408357322216
2332,7,1,0.006846331059932709
2333,0,1,0.11586947739124298
2334,7,1,0.012244105339050293
2335,1,1,0.00144229456782341
2336,4,1,0.00390557199716568
2337,6,1,0.10041382908821106
2338,4,1,0.07905018329620361
2339,5,1,0.013760168105363846
2340,4,1,0.0055198632180690765
2341,9,0,-0.010650323703885078
2342,9,0,-0.014548835344612598
2343,1,1,0.0015812646597623825
2344,7,1,0.09148849546909332
2345,9,0,-0.013809451833367348
2346,5,1,0.016818400472402573
2347,3,1,0.32183489203453064
2348,3,1,0.008046194911003113
2349,8,1,-0.0012828782200813293
2350,2,1,0.08327661454677582
2351,3,1,0.24551457166671753
2352,6,1,0.0879800021648407
2353,2,1,0.1720721423625946
2354,2,1,0.3860684335231781
2355,1,1,0.022342007607221603
2356,1,1,0.02111714705824852
2357,1,1,0.021597970277071
2358,1,1,0.03895184025168419
2359,1,1,0.03637797757983208
2360,6,1,0.08949479460716248
2361,9,0,-0.010263737291097641
2362,8,1,0.01142273098230362
2363,4,1,0.03455445542931557
2364,3,1,0.05946468934416771
2365,7,1,0.008498024195432663
2366,1,1,0.0037960857152938843
2367,6,1,0.014052551239728928
2368,4,1,0.03229064121842384
2369,5,1,0.019366946071386337
2370,0,1,0.10690577328205109
2371,4,1,0.004981588572263718
2372,7,1,0.0005015432834625244
2373,4,1,0.005038794130086899
2374,2,1,0.1450970470905304
2375,4,1,0.01697484776377678
2376,0,1,0.028064172714948654
2377,7,1,-0.009237187914550304
2378,0,1,0.046266939491033554
2379,1,1,0.03160792216658592
2380,9,0,-0.007373824715614319
2381,8,1,-0.008426312357187271
2382,8,1,0.01936323568224907
2383,6,1,0.04536592587828636
2384,0,1,-0.0076612140983343124
2385,0,1,0.010884802788496017
2386,4,1,0.003873700276017189
2387,9,0,-0.007652159780263901
2388,6,1,0.06098727509379387
2389,8,1,0.00570620596408844
2390,2,1,0.14788106083869934
2391,2,1,0.09334729611873627
2392,3,1,0.034508977085351944
2393,8,1,0.03524215146899223
2394,4,1,0.020313922315835953
2395,8,1,0.008156049996614456
2396,2,1,0.03429669886827469
2397,2,1,0.1432954967021942
2398,1,1,-0.004439285025000572
2399,7,1,0.01690034195780754
2400,5,1,0.12742675840854645
2401,4,1,0.009634122252464294
2402,4,1,0.0032329969108104706
2403,0,1,0.012056954205036163
2404,4,1,0.011255722492933273
2405,3,1,0.15692371129989624
2406,9,0,0.0005810298025608063
2407,7,1,0.09836685657501221
2408,3,1,0.009765267372131348
2409,1,1,0.007608216255903244
2410,0,1,8.34539532661438e-05
2411,1,1,0.03539198637008667
2412,2,1,0.1259157657623291
2413,5,1,0.0855235606431961
2414,9,0,-0.0019054673612117767
2415,2,1,0.02862284705042839
2416,1,1,0.05567058548331261
2417,0,1,0.06539537012577057
2418,1,1,0.011007033288478851
2419,8,1,0.023899246007204056
2420,9,0,-0.010969959199428558
2421,1,1,0.008894633501768112
2422,6,1,0.0025313720107078552
2423,8,1,-1.8727034330368042e-05
2424,3,1,0.15343999862670898
2425,8,1,0.017320111393928528
2426,9,0,-0.006989732384681702
2427,3,1,0.042802844196558
2428,6,1,0.032364919781684875
2429,2,1,0.052187543362379074
2430,8,1,0.030967779457569122
2431,3,1,0.1229439526796341
2432,2,1,0.2661912143230438
2433,2,1,0.023012392222881317
2434,1,1,0.03493623808026314
2435,0,1,0.137653648853302
2436,4,1,0.04884716495871544
2437,2,1,0.11099717020988464
2438,9,0,-0.012388680130243301
2439,2,1,0.18795078992843628
2440,4,1,0.025024380534887314
2441,3,1,0.023456286638975143
2442,7,1,0.0015273671597242355
2443,9,0,-0.009451119229197502
2444,1,1,0.021409034729003906
2445,5,1,0.04125475510954857
2446,2,1,0.19862979650497437
2447,4,1,-0.00135735422372818
2448,9,0,-0.01641816645860672
2449,0,1,-0.007888799533247948
2450,3,1,0.008751560002565384
2451,8,1,0.0017639808356761932
2452,5,1,0.016544613987207413
2453,3,1,0.006559187546372414
2454,6,1,0.0272313691675663
2455,0,1,0.019695661962032318
2456,9,0,-0.00883424561470747
2457,4,1,0.005399307236075401
2458,6,1,0.020359884947538376
2459,2,1,0.08329728245735168
2460,5,1,0.0081387460231781
2461,0,1,-0.009974023327231407
2462,2,1,0.00947977602481842
2463,7,1,0.0006222501397132874
2464,4,1,0.010660115629434586
2465,6,1,0.03474912419915199
2466,6,1,0.16240212321281433
2467,8,1,-0.0051528289914131165
2468,6,1,0.015854116529226303
2469,6,1,0.0072356946766376495
2470,8,1,0.010612677782773972
2471,6,1,0.04275677725672722
2472,9,0,-0.009393436834216118
2473,1,1,-0.00971389003098011
2474,7,1,0.015499215573072433
2475,2,1,0.08585228025913239
2476,5,1,0.001489490270614624
2477,9,0,-0.010444287210702896
2478,9,0,-0.012216505594551563
2479,0,1,0.05594974383711815
2480,7,1,-0.0006129052489995956
2481,2,1,0.0657113641500473
2482,7,1,-0.0057045090943574905
2483,6,1,0.039127182215452194
2484,7,1,0.009589102119207382
2485,0,1,0.12542441487312317
2486,6,1,0.05561303719878197
2487,5,1,0.06989358365535736
2488,2,1,0.0483577735722065
2489,4,1,0.02158002182841301
2490,7,1,0.012527678161859512
2491,2,1,0.12408290803432465
2492,0,1,0.0036301687359809875
2493,9,0,-0.010540160350501537
2494,9,0,-0.01285409927368164
2495,2,1,0.06530898809432983
2496,2,1,0.05645738169550896
2497,9,0,-0.013943018391728401
2498,4,1,0.011654533445835114
2499,4,1,-0.001926138997077942
2500,2,1,0.14027166366577148
2501,3,1,0.07130870223045349
2502,3,1,0.09097284078598022
2503,2,1,0.10594263672828674
2504,1,1,0.05447204038500786
2505,7,1,0.0024561621248722076
2506,0,1,0.02138810232281685
2507,7,1,-0.0014241952449083328
2508,6,1,0.1312420815229416
2509,4,1,0.013605725020170212
2510,1,1,0.09107229113578796
2511,3,1,0.046698879450559616
2512,8,1,-0.006437286734580994
2513,7,1,0.02929992601275444
2514,4,1,0.004122735932469368
2515,5,1,0.03039596602320671
2516,9,0,0.012996073812246323
2517,2,1,0.12051510810852051
2518,5,1,0.011392012238502502
2519,1,1,0.03098389133810997
2520,8,1,0.012939583510160446
2521,7,1,-0.005074305459856987
2522,3,1,0.008660715073347092
2523,7,1,0.016325775533914566
2524,1,1,0.06331981718540192
2525,5,1,-0.003074977546930313
2526,5,1,0.020041946321725845
2527,0,1,0.02094971016049385
2528,9,0,-0.008904067799448967
2529,1,1,0.03869159147143364
2530,4,1,0.006763085722923279
2531,0,1,0.08542568981647491
2532,6,1,0.18338267505168915
2533,3,1,0.1684061884880066
2534,3,1,0.013631552457809448
2535,6,1,0.2629193663597107
2536,0,1,0.007176253944635391
2537,4,1,0.004203798249363899
2538,9,0,-0.015194715932011604
2539,7,1,0.023274090141057968
2540,5,1,0.02877364680171013
2541,1,1,0.026654619723558426
2542,6,1,0.08633877336978912
2543,8,1,0.04251042380928993
2544,9,0,-0.007056595757603645
2545,5,1,0.019460532814264297
2546,5,1,0.04985226318240166
2547,7,1,0.006138497963547707
2548,9,0,-0.009053381159901619
2549,3,1,-0.00020873919129371643
2550,8,1,-0.011755847372114658
2551,3,1,0.03283150866627693
2552,8,1,-0.005093509331345558
2553,1,1,0.04311857745051384
2554,5,1,0.0971749871969223
2555,3,1,0.06784342229366302
2556,5,1,0.013395484536886215
2557,0,1,0.009428709745407104
2558,5,1,0.06404605507850647
2559,5,1,0.030562445521354675
2560,3,1,0.2535233795642853
2561,8,1,-0.001948826014995575
2562,6,1,0.03386620432138443
2563,7,1,0.00968872383236885
2564,7,1,0.007095459848642349
2565,7,1,0.12804639339447021
2566,3,1,-0.006018161773681641
2567,7,1,0.0007153842598199844
2568,0,1,0.10444951057434082
2569,5,1,0.008213493973016739
2570,9,0,-0.010127309709787369
2571,0,1,0.0172407366335392
2572,2,1,0.035168956965208054
2573,5,1,0.003512255847454071
2574,5,1,0.054131101816892624
2575,3,1,0.02367815002799034
2576,1,1,0.026624910533428192
2577,7,1,-3.781914710998535e-05
2578,7,1,0.011129733175039291
2579,8,1,-0.007494237273931503
2580,6,1,0.02441702038049698
2581,5,1,0.04920485243201256
2582,9,0,-0.0021409988403320312
2583,3,1,0.05269186571240425
2584,8,1,0.022179804742336273
2585,9,0,-0.014386501163244247
2586,5,1,-0.005142169073224068
2587,3,1,0.0984460860490799
2588,7,1,0.054220762103796005
2589,9,0,-0.012725993059575558
2590,1,1,0.003536175936460495
2591,7,1,0.005242573097348213
2592,0,1,0.05559376999735832
2593,0,1,0.03045077994465828
2594,3,1,0.03788067400455475
2595,7,1,0.038669053465127945
2596,2,1,0.05489083006978035
2597,5,1,0.07942400872707367
2598,8,1,0.034172412008047104
2599,1,1,0.006111344322562218
2600,8,1,0.012257974594831467
2601,6,1,0.09946417808532715
2602,2,1,0.035538654774427414
2603,9,0,-0.00802149623632431
2604,5,1,0.04546592757105827
2605,7,1,0.059983108192682266
2606,5,1,0.010981995612382889
2607,7,1,0.01721007004380226
2608,8,1,-0.013226659968495369
2609,6,1,0.10477694869041443
2610,2,1,0.03142039105296135
2611,5,1,0.046491947025060654
2612,1,1,0.022003594785928726
2613,4,1,0.034547749906778336
2614,8,1,0.009785644710063934
2615,4,1,0.0107538141310215
2616,5,1,0.15954811871051788
2617,8,1,0.0038566812872886658
2618,3,1,0.022747542709112167
2619,0,1,0.009460840374231339
2620,6,1,0.07887782156467438
2621,2,1,0.0980791300535202
2622,7,1,0.01607527956366539
2623,3,1,0.0234609916806221
2624,3,1,0.018078524619340897
2625,2,1,0.06251515448093414
2626,1,1,0.03491346165537834
2627,0,1,0.15111520886421204
2628,7,1,0.03358874097466469
2629,3,1,0.026664014905691147
2630,4,1,0.017103005200624466
2631,0,1,0.008774153888225555
2632,3,1,0.12736764550209045
2633,9,0,-0.01443101279437542
2634,3,1,0.021998587995767593
2635,2,1,0.05041664466261864
2636,8,1,0.03224021941423416
2637,9,0,-0.004428647458553314
2638,0,1,0.07097919285297394
2639,3,1,0.05096178874373436
2640,8,1,0.008441511541604996
2641,0,1,0.12180370092391968
2642,7,1,-0.014590526930987835
2643,6,1,0.09065423905849457
2644,5,1,0.015455741435289383
2645,4,1,0.0069154128432273865
2646,7,1,0.012862224131822586
2647,3,1,0.044829901307821274
2648,9,0,-0.007742157205939293
2649,0,1,0.01348097249865532
2650,8,1,0.027751106768846512
2651,6,1,0.02904527261853218
2652,2,1,0.049348603934049606
2653,5,1,0.008794527500867844
2654,6,1,0.046107422560453415
2655,1,1,0.05216776952147484
2656,0,1,0.04579712823033333
2657,0,1,0.06457073986530304
2658,4,1,-0.0031263940036296844
2659,4,1,0.01805250346660614
2660,0,1,0.040168602019548416
2661,1,1,0.06946001946926117
2662,2,1,0.038148652762174606
2663,3,1,0.05216645821928978
2664,2,1,0.1292209029197693
2665,7,1,0.008178986608982086
2666,7,1,0.004124714061617851
2667,8,1,0.0013813599944114685
2668,5,1,0.07266201078891754
2669,2,1,0.08711855113506317
2670,5,1,0.00899876281619072
2671,7,1,0.0002700556069612503
2672,6,1,0.00894882157444954
2673,9,0,-0.008299683220684528
2674,1,1,0.039666932076215744
2675,4,1,0.02097957208752632
2676,1,1,0.026928991079330444
2677,6,1,0.12265199422836304
2678,4,1,0.002647940069437027
2679,2,1,0.045541513711214066
2680,4,1,0.0068533457815647125
2681,3,1,0.05669359490275383
2682,5,1,0.010514374822378159
2683,4,1,0.004172474145889282
2684,3,1,0.034386299550533295
2685,9,0,-0.013474434614181519
2686,5,1,0.035997193306684494
2687,0,1,0.08619208633899689
2688,1,1,0.03454989194869995
2689,5,1,0.220152348279953
2690,3,1,-0.0053498633205890656
2691,8,1,0.00497564859688282
2692,9,0,-0.013776877894997597
2693,1,1,0.01795591413974762
2694,9,0,-0.010913512669503689
2695,7,1,0.02760351076722145
2696,9,0,-0.003346811980009079
2697,5,1,0.0786302387714386
2698,5,1,0.011599734425544739
2699,2,1,0.050248708575963974
2700,7,1,0.02321896329522133
2701,4,1,0.004156790673732758
2702,6,1,0.0458490364253521
2703,0,1,0.11440938711166382
2704,1,1,0.016719285398721695
2705,1,1,-0.0018037967383861542
2706,1,1,0.044008802622556686
2707,0,1,0.05617092177271843
2708,4,1,0.025051429867744446
2709,4,1,0.01085587590932846
2710,7,1,0.05040894076228142
2711,6,1,0.19234317541122437
2712,3,1,0.05315013602375984
2713,0,1,-0.00218978151679039
2714,0,1,0.06946592032909393
2715,4,1,0.010446134954690933
2716,3,1,0.028989404439926147
2717,0,1,0.01611926779150963
2718,6,1,0.015921439975500107
2719,1,1,0.07518008351325989
2720,9,0,-0.010732472874224186
2721,6,1,0.10555104911327362
2722,1,1,0.05155504122376442
2723,3,1,0.190679132938385
2724,8,1,0.05179345980286598
2725,1,1,0.04279646649956703
2726,2,1,0.049266066402196884
2727,5,1,-0.003295067697763443
2728,6,1,0.042768318206071854
2729,2,1,0.05637520179152489
2730,7,1,0.029336854815483093
2731,3,1,0.00546489842236042
2732,6,1,0.031747810542583466
2733,0,1,-0.0007879547774791718
2734,1,1,0.046364616602659225
2735,9,0,-0.002271566540002823
2736,7,1,0.027190182358026505
2737,6,1,0.028872501105070114
2738,6,1,0.10576485097408295
2739,8,1,-0.008265979588031769
2740,9,0,-0.011759107001125813
2741,2,1,0.028660733252763748
2742,9,0,-0.006939580664038658
2743,5,1,0.019340213388204575
2744,8,1,-0.004027020186185837
2745,3,1,0.1033540815114975
2746,1,1,0.029864121228456497
2747,0,1,0.029769442975521088
2748,0,1,0.05338643118739128
2749,7,1,0.005921017378568649
2750,6,1,0.07795989513397217
2751,6,1,0.05291945859789848
2752,2,1,0.1260412633419037
2753,1,1,0.0950639396905899
2754,6,1,0.06751567125320435
2755,9,0,-0.00882725976407528
2756,3,1,0.2008444219827652
2757,1,1,0.015130870044231415
2758,8,1,0.00968838855624199
2759,6,1,0.036077532917261124
2760,9,0,-0.0072899870574474335
2761,0,1,0.03601347282528877
2762,6,1,0.009559858590364456
2763,0,1,0.013295192271471024
2764,0,1,0.013802651315927505
2765,0,1,0.019693095237016678
2766,6,1,0.05268784984946251
2767,3,1,0.1730193942785263
2768,5,1,0.018125180155038834
2769,9,0,-0.014555882662534714
2770,3,1,0.045395057648420334
2771,4,1,-0.0077665504068136215
2772,5,1,0.08793379366397858
2773,5,1,0.02955673262476921
2774,8,1,0.03320861980319023
2775,5,1,0.018636025488376617
2776,3,1,0.011853035539388657
2777,0,1,0.06443080306053162
2778,4,1,0.028829731047153473
2779,0,1,0.2581728398799896
2780,2,1,0.05604444816708565
2781,9,0,-0.004256946966052055
2782,6,1,0.01919184997677803
2783,8,1,0.03700928017497063
2784,2,1,0.021266046911478043
2785,3,1,0.03343088924884796
2786,1,1,0.03341776132583618
2787,2,1,0.12968137860298157
2788,1,1,0.023885834962129593
2789,1,1,0.03806018456816673
2790,5,1,0.0381806418299675
2791,6,1,0.018138587474822998
2792,9,0,-0.012859124690294266
2793,8,1,0.018642578274011612
2794,0,1,0.0325736440718174
2795,6,1,0.0535530187189579
2796,6,1,0.04643115773797035
2797,5,1,0.008234288543462753
2798,5,1,0.04948120936751366
2799,3,1,0.02124219387769699
2800,8,1,0.02654566988348961
2801,6,1,0.03855384513735771
2802,2,1,0.042127739638090134
2803,1,1,-0.005015643313527107
2804,4,1,0.022436179220676422
2805,5,1,0.018027111887931824
2806,4,1,0.02211770787835121
2807,3,1,0.13504564762115479
2808,7,1,-0.00933479331433773
2809,8,1,0.00817989930510521
2810,5,1,-0.00772242434322834
2811,0,1,0.02710558846592903
2812,9,0,-0.008810062892735004
2813,3,1,0.1511717289686203
2814,5,1,0.007178405299782753
2815,1,1,0.02701125666499138
2816,1,1,0.06972764432430267
2817,0,1,-0.002235099673271179
2818,4,1,0.032327089458703995
2819,4,1,0.0082850381731987
2820,7,1,0.0149749256670475
2821,0,1,0.03877691552042961
2822,1,1,0.004497118294239044
2823,7,1,0.020100165158510208
2824,0,1,-0.004358373582363129
2825,1,1,0.00642520934343338
2826,6,1,0.10077472031116486
2827,1,1,0.018606919795274734
2828,4,1,-0.009266601875424385
2829,5,1,0.0011989157646894455
2830,6,1,0.1207987517118454
2831,6,1,0.0766606330871582
2832,5,1,0.008822649717330933
2833,7,1,0.014200899749994278
2834,8,1,0.023711781948804855
2835,4,1,0.007350806146860123
2836,4,1,0.056544046849012375
2837,7,1,-0.003391854465007782
2838,2,1,0.09270700812339783
2839,5,1,0.05481940880417824
2840,3,1,0.018504198640584946
2841,7,1,0.01639588549733162
2842,0,1,0.08332414925098419
2843,7,1,-0.00806432031095028
2844,7,1,0.003415267914533615
2845,9,0,-0.0003229007124900818
2846,6,1,0.02340603992342949
2847,4,1,-0.005964875221252441
2848,2,1,0.03936636075377464
2849,8,1,0.029323440045118332
2850,5,1,0.16053369641304016
2851,7,1,-0.0029617473483085632
2852,8,1,0.02867194637656212
2853,3,1,-0.00715973973274231
2854,9,0,-0.010120300576090813
2855,5,1,0.04642393812537193
2856,8,1,-0.008882653899490833
2857,9,0,-0.018173251301050186
2858,9,0,-0.00424523651599884
2859,8,1,-0.0009030736982822418
2860,6,1,0.007971391081809998
2861,2,1,0.04768894240260124
2862,8,1,-0.008743912912905216
2863,9,0,-0.005927029997110367
2864,2,1,0.05206301435828209
2865,3,1,0.04630471393465996
2866,6,1,0.01745816320180893
2867,1,1,0.03390814736485481
2868,1,1,0.02507750317454338
2869,8,1,0.03916290029883385
2870,9,0,-0.008647792972624302
2871,3,1,0.02008781209588051
2872,4,1,0.010498270392417908
2873,0,1,0.04600943252444267
2874,7,1,0.010884903371334076
2875,9,0,-0.006819527596235275
2876,6,1,0.03806566074490547
2877,4,1,0.02202044054865837
2878,1,1,0.020196791738271713
2879,4,1,0.039630744606256485
2880,1,1,0.01181643083691597
2881,3,1,0.04989274963736534
2882,4,1,0.08549061417579651
2883,9,0,-0.013749334029853344
2884,3,1,0.14924515783786774
2885,1,1,0.059400733560323715
2886,4,1,-0.0026286840438842773
2887,7,1,-0.00011189654469490051
2888,7,1,-0.000251036137342453
2889,4,1,0.04296421632170677
2890,7,1,0.010220658034086227
2891,2,1,0.04672679677605629
2892,9,0,-0.01023314893245697
2893,3,1,0.17738601565361023
2894,0,1,0.02550656720995903
2895,8,1,0.001851748675107956
2896,8,1,0.013342376798391342
2897,8,1,0.029828902333974838
2898,4,1,-0.009617381729185581
2899,0,1,0.03044780343770981
2900,4,1,-0.00018363073468208313
2901,4,1,-0.003914136439561844
2902,1,1,0.01924961805343628
2903,5,1,0.015236061066389084
2904,2,1,0.10361209511756897
2905,8,1,0.014828599989414215
2906,3,1,-0.003092220053076744
2907,4,1,0.005864929407835007
2908,9,0,-0.0024192258715629578
2909,5,1,0.036345984786748886
2910,2,1,0.04834359511733055
2911,8,1,0.018475238233804703
2912,1,1,0.03640202060341835
2913,5,1,-0.002611299976706505
2914,3,1,-0.0038287173956632614
2915,7,1,-0.005255356431007385
2916,9,0,-0.009980203583836555
2917,4,1,0.01447678729891777
2918,2,1,0.09743082523345947
2919,5,1,0.04268858954310417
2920,6,1,0.1333111822605133
2921,3,1,0.06555439531803131
2922,5,1,0.01587587594985962
2923,9,0,-0.013817375525832176
2924,3,1,0.049872059375047684
2925,5,1,0.1375395953655243
2926,9,0,-0.007061300799250603
2927,3,1,0.12895230948925018
2928,1,1,0.05095438286662102
2929,9,0,-0.00322650745511055
2930,5,1,0.1023472398519516
2931,3,1,-0.006966583430767059
2932,0,1,0.10301695764064789
2933,6,1,0.02851855382323265
2934,9,0,-0.014258586801588535
2935,8,1,0.002546515315771103
2936,4,1,0.0153767429292202
2937,0,1,0.0005402863025665283
2938,4,1,0.0015116874128580093
2939,9,0,0.007817432284355164
2940,2,1,0.1368602216243744
2941,9,0,-0.015014242380857468
2942,0,1,0.009388472884893417
2943,1,1,0.03123209998011589
2944,0,1,0.013274867087602615
2945,3,1,0.023350004106760025
2946,1,1,0.041261326521635056
2947,6,1,0.03144371137022972
2948,5,1,0.08495749533176422
2949,8,1,0.0022597573697566986
2950,1,1,0.053324367851018906
2951,5,1,-6.896257400512695e-05
2952,3,1,0.013589084148406982
2953,3,1,-0.010573606938123703
2954,0,1,0.07801733911037445
2955,3,1,0.0546984039247036
2956,5,1,0.005004752427339554
2957,5,1,0.07613727450370789
2958,9,0,-0.016546204686164856
2959,2,1,0.026816677302122116
2960,8,1,-0.010686466470360756
2961,7,1,0.019751638174057007
2962,0,1,-0.008166629821062088
2963,4,1,0.05569108948111534
2964,9,0,-0.00568854995071888
2965,1,1,0.04142868146300316
2966,9,0,-0.01210172101855278
2967,7,1,0.0021739881485700607
2968,7,1,-0.0026020705699920654
2969,5,1,0.05251788720488548
2970,5,1,0.0745789110660553
2971,2,1,0.03545317053794861
2972,0,1,0.00935419276356697
2973,9,0,-0.007924297824501991
2974,1,1,0.05113953724503517
2975,8,1,0.015148401260375977
2976,6,1,0.04800843819975853
2977,2,1,0.10739317536354065
2978,3,1,0.006225142627954483
2979,9,0,-0.013901322148740292
2980,6,1,0.08255544304847717
2981,2,1,0.0662727952003479
2982,1,1,0.03268124535679817
2983,9,0,-0.015577594749629498
2984,1,1,0.03033066913485527
2985,3,1,0.0844561904668808
2986,5,1,0.0264664925634861
2987,5,1,0.010209545493125916
2988,0,1,0.01012667641043663
2989,3,1,0.05222078785300255
2990,8,1,-0.010256906040012836
2991,3,1,0.03244849666953087
2992,3,1,0.011000122874975204
2993,7,1,0.0016257800161838531
2994,6,1,0.08138343691825867
2995,6,1,-0.009330611675977707
2996,0,1,0.195390984416008
2997,1,1,0.03145185485482216
2998,4,1,0.0019649025052785873
2999,0,1,0.008106250315904617
3000,6,1,0.024539705365896225
3001,9,0,0.004522258415818214
3002,8,1,-0.004913419485092163
3003,1,1,-0.005953799933195114
3004,2,1,0.026144802570343018
3005,9,0,-0.0006249919533729553
3006,9,0,-0.014501119963824749
3007,5,1,0.053826954215765
3008,9,0,-0.010823369026184082
3009,7,1,0.0021197590976953506
3010,3,1,0.039423149079084396
3011,7,1,0.0614858977496624
3012,8,1,-0.007234930992126465
3013,0,1,0.13720150291919708
3014,1,1,0.04773024842143059
3015,3,1,0.04582532122731209
3016,0,1,0.03143833950161934
3017,4,1,0.0017100349068641663
3018,6,1,0.06567463278770447
3019,1,1,0.018887650221586227
3020,0,1,0.157752126455307
3021,2,1,0.054457832127809525
3022,5,1,0.022674687206745148
3023,8,1,0.0036040209233760834
3024,4,1,0.04778726026415825
3025,4,1,0.0016849450767040253
3026,1,1,0.016643721610307693
3027,1,1,0.04832885041832924
3028,5,1,0.04963553324341774
3029,4,1,0.00811537355184555
3030,6,1,0.002142086625099182
3031,6,1,0.22057966887950897
3032,0,1,0.0033506304025650024
3033,6,1,0.043018024414777756
3034,9,0,-0.011923251673579216
3035,2,1,0.17426647245883942
3036,6,1,0.04321679100394249
3037,2,1,0.16839386522769928
3038,7,1,0.0009170901030302048
3039,1,1,0.04577145352959633
3040,7,1,-0.009880132041871548
3041,9,0,-0.013094507157802582
3042,4,1,0.05386767163872719
3043,0,1,0.07989135384559631
3044,0,1,0.036156147718429565
3045,3,1,0.06287179887294769
3046,8,1,0.0088743194937706
3047,2,1,0.09186972677707672
3048,2,1,0.0613366924226284
3049,3,1,0.018763680011034012
3050,1,1,0.036692749708890915
3051,6,1,0.1445915251970291
3052,0,1,0.02821807935833931
3053,5,1,0.019167352467775345
3054,7,1,0.0009524635970592499
3055,7,1,0.018680203706026077
3056,9,0,-0.006150100380182266
3057,2,1,0.08994996547698975
3058,6,1,0.057439278811216354
3059,7,1,0.01010800525546074
3060,9,0,0.023183930665254593
3061,7,1,0.01207980141043663
3062,8,1,0.016663018614053726
3063,6,1,0.0505724661052227
3064,8,1,0.022616956382989883
3065,8,1,0.004258865490555763
3066,4,1,0.0006954632699489594
3067,6,1,0.11699420213699341
3068,8,1,0.03042067214846611
3069,4,1,0.04482201114296913
3070,1,1,0.010543424636125565
3071,2,1,0.06032557412981987
3072,8,1,0.003006231039762497
3073,1,1,0.02329578623175621
3074,3,1,0.04360063001513481
3075,9,0,-0.003716563805937767
3076,4,1,0.020716067403554916
3077,0,1,0.06429538130760193
3078,3,1,0.06031685695052147
3079,7,1,0.0015801377594470978
3080,3,1,0.12082695960998535
3081,2,1,0.05921199545264244
3082,3,1,0.03495622053742409
3083,3,1,0.1121475100517273
3084,7,1,-0.008147736079990864
3085,3,1,0.016911275684833527
3086,4,1,0.015141602605581284
3087,0,1,-0.012002219446003437
3088,6,1,0.04171324148774147
3089,2,1,0.12980984151363373
3090,0,1,0.0047290995717048645
3091,8,1,-0.003040693700313568
3092,1,1,0.004382414743304253
3093,5,1,0.04157571122050285
3094,3,1,0.1298045516014099
3095,5,1,0.042656514793634415
3096,4,1,0.03778732195496559
3097,1,1,0.04326608404517174
3098,7,1,-0.014728670939803123
3099,1,1,0.07110707461833954
3100,5,1,0.07370257377624512
3101,7,1,-0.009320314973592758
3102,5,1,0.014893531799316406
3103,7,1,0.023018110543489456
3104,3,1,0.07153387367725372
3105,2,1,0.08718346059322357
3106,2,1,0.1186869889497757
3107,7,1,-0.010253255255520344
3108,3,1,0.07566758990287781
3109,7,1,0.03418976068496704
3110,3,1,0.06626538932323456
3111,7,1,0.0006818883121013641
3112,8,1,-0.00719849020242691
3113,5,1,0.20064079761505127
3114,4,1,0.025044254958629608
3115,5,1,0.018660593777894974
3116,2,1,0.11273983120918274
3117,5,1,-0.00795922614634037
3118,6,1,0.0025103576481342316
3119,5,1,0.02521839365363121
3120,3,1,0.13427582383155823
3121,6,1,0.046699296683073044
3122,7,1,0.0846051424741745
3123,4,1,0.02342367172241211
3124,1,1,0.0254347026348114
3125,7,1,0.013083864003419876
3126,1,1,0.0346418134868145
3127,5,1,0.022329192608594894
3128,2,1,0.19098606705665588
3129,3,1,-0.000893760472536087
3130,6,1,0.045761507004499435
3131,3,1,0.0931100845336914
3132,1,1,-0.007043510675430298
3133,4,1,0.012823875993490219
3134,2,1,0.036899130791425705
3135,6,1,0.0332661010324955
3136,7,1,0.04250679537653923
3137,4,1,0.023359190672636032
3138,3,1,0.08038702607154846
3139,8,1,0.03573784604668617
3140,0,1,0.007930468767881393
3141,6,1,0.0670553594827652
3142,2,1,0.062075626105070114
3143,1,1,0.026161551475524902
3144,6,1,0.28165388107299805
3145,5,1,0.01634204015135765
3146,3,1,-0.00835483055561781
3147,9,0,-0.00920651201158762
3148,1,1,0.03565765917301178
3149,9,0,-0.014012498781085014
3150,3,1,0.010637525469064713
3151,2,1,0.08608685433864594
3152,1,1,0.011437427252531052
3153,8,1,0.000514443963766098
3154,4,1,0.03528057783842087
3155,4,1,0.00347270630300045
3156,6,1,0.08005675673484802
3157,5,1,0.08789792656898499
3158,8,1,0.001252438873052597
3159,6,1,0.019425086677074432
3160,9,0,0.00047321617603302
3161,7,1,-0.0026241298764944077
3162,7,1,0.009365048259496689
3163,8,1,0.011318974196910858
3164,6,1,0.10470196604728699
3165,9,0,-0.013461893424391747
3166,7,1,0.055991675704717636
3167,3,1,0.06924697756767273
3168,9,0,-0.005646008998155594
3169,4,1,-0.004571909084916115
3170,0,1,0.24103671312332153
3171,5,1,-0.002133650705218315
3172,4,1,0.029788535088300705
3173,6,1,0.0649525374174118
3174,4,1,0.01682088151574135
3175,1,1,0.029471535235643387
3176,2,1,0.0064322687685489655
3177,3,1,0.02706187590956688
3178,0,1,0.028836462646722794
3179,0,1,0.12443262338638306
3180,2,1,0.05924151465296745
3181,6,1,0.19351305067539215
3182,6,1,0.11610180139541626
3183,5,1,0.008224692195653915
3184,7,1,0.012060727924108505
3185,0,1,0.004404706880450249
3186,8,1,0.01804853230714798
3187,6,1,0.01425815001130104
3188,4,1,-0.00882717501372099
3189,7,1,0.040517400950193405
3190,9,0,-0.01139010675251484
3191,0,1,0.00814073160290718
3192,7,1,0.06685920059680939
3193,3,1,0.058626528829336166
3194,4,1,0.01629490777850151
3195,2,1,0.31283846497535706
3196,1,1,0.05861565098166466
3197,8,1,0.0033932290971279144
3198,8,1,0.027178693562746048
3199,5,1,0.026426270604133606
3200,9,0,-0.010355162434279919
3201,2,1,0.037756673991680145
3202,7,1,0.013044130057096481
3203,1,1,0.06866364181041718
3204,8,1,-0.009726224467158318
3205,8,1,0.020533252507448196
3206,8,1,0.10297156870365143
3207,2,1,0.13524344563484192
3208,7,1,0.018589146435260773
3209,6,1,0.028498515486717224
3210,0,1,0.006527803838253021
3211,1,1,0.03392472490668297
3212,2,1,0.05538837984204292
3213,7,1,0.012744810432195663
3214,1,1,0.017942633479833603
3215,0,1,0.021381154656410217
3216,8,1,-0.008221805095672607
3217,3,1,0.08882692456245422
3218,6,1,0.09237492084503174
3219,0,1,0.048748064786195755
3220,5,1,0.03300543874502182
3221,3,1,0.10413464903831482
3222,6,1,0.02685844525694847
3223,2,1,0.04425715282559395
3224,8,1,-0.0010906308889389038
3225,7,1,0.0008371733129024506
3226,0,1,0.03985684737563133
3227,1,1,0.04380784556269646
3228,4,1,-0.0027430057525634766
3229,2,1,0.021369054913520813
3230,1,1,0.04170527681708336
3231,1,1,0.00764891505241394
3232,4,1,0.010579723864793777
3233,4,1,0.011857811361551285
3234,4,1,0.020311512053012848
3235,4,1,0.010126236826181412
3236,7,1,0.01725338026881218
3237,1,1,0.006929254159331322
3238,6,1,0.06684528291225433
3239,2,1,0.2588561475276947
3240,9,0,0.024395044893026352
3241,9,0,-0.013208232820034027
3242,0,1,0.06202566996216774
3243,0,1,0.04878724738955498
3244,1,1,0.016202297061681747
3245,8,1,0.02961915358901024
3246,8,1,0.0028127599507570267
3247,4,1,-0.003260333091020584
3248,3,1,0.04238155111670494
3249,4,1,0.011965740472078323
3250,2,1,0.10989770293235779
3251,0,1,0.041937317699193954
3252,6,1,0.11339539289474487
3253,1,1,0.04643551632761955
3254,6,1,0.1699986755847931
3255,1,1,0.059126172214746475
3256,2,1,0.0431036539375782
3257,2,1,0.08652603626251221
3258,2,1,0.2821865379810333
3259,1,1,0.007764212787151337
3260,2,1,0.0005616471171379089
3261,3,1,-0.0029974374920129776
3262,7,1,0.024790294468402863
3263,8,1,-0.007176311686635017
3264,1,1,0.012549076229333878
3265,0,1,0.04711216315627098
3266,0,1,0.010623946785926819
3267,2,1,0.046180758625268936
3268,1,1,0.025711774826049805
3269,6,1,0.1771409809589386
3270,6,1,0.09831728041172028
3271,0,1,0.03536350652575493
3272,1,1,0.02889076992869377
3273,6,1,0.045132119208574295
3274,2,1,0.10472196340560913
3275,5,1,0.0754946768283844
3276,1,1,0.04812877997756004
3277,7,1,0.018342774361371994
3278,4,1,0.014433670789003372
3279,8,1,0.005339730530977249
3280,2,1,0.007623273879289627
3281,1,1,0.034096088260412216
3282,4,1,0.01438887044787407
3283,3,1,0.0025820285081863403
3284,8,1,0.0047275833785533905
3285,3,1,-0.0007084906101226807
3286,9,0,-0.01330520398914814
3287,9,0,-0.007338466122746468
3288,4,1,-0.0040825605392456055
3289,8,1,-0.0003458857536315918
3290,3,1,0.03778271749615669
3291,4,1,-0.008039113134145737
3292,7,1,0.0035796891897916794
3293,2,1,0.1369846910238266
3294,7,1,0.011436164379119873
3295,5,1,0.0434735082089901
3296,7,1,0.00897819921374321
3297,0,1,0.09194858372211456
3298,4,1,0.015277322381734848
3299,3,1,0.0664096474647522
3300,3,1,0.1786133497953415
3301,2,1,0.4365643858909607
3302,6,1,0.032795391976833344
3303,7,1,-0.00502106174826622
3304,6,1,0.07072994112968445
3305,0,1,0.048423733562231064
3306,0,1,0.0022106021642684937
3307,6,1,0.06490939855575562
3308,7,1,0.01812424138188362
3309,7,1,0.004635946825146675
3310,0,1,0.0049434080719947815
3311,5,1,0.021779831498861313
3312,5,1,0.0033873803913593292
3313,8,1,-0.00595170259475708
3314,1,1,0.0465385876595974
3315,0,1,0.15268799662590027
3316,7,1,0.057712119072675705
3317,0,1,0.006387261673808098
3318,2,1,0.07721017301082611
3319,8,1,-0.010669630020856857
3320,1,1,0.05552854761481285
3321,5,1,0.037422847002744675
3322,0,1,-0.005170408636331558
3323,8,1,0.014358658343553543
3324,8,1,0.01190730556845665
3325,0,1,0.015744782984256744
3326,3,1,0.12575852870941162
3327,2,1,0.12331859767436981
3328,7,1,0.055329348891973495
3329,7,1,0.015293020755052567
3330,2,1,0.09047242999076843
3331,6,1,0.08402766287326813
3332,4,1,0.025464821606874466
3333,7,1,0.011702518910169601
3334,5,1,-0.002336660400032997
3335,5,1,0.03767674043774605
3336,5,1,0.01411963626742363
3337,2,1,0.09411199390888214
3338,9,0,-0.01047118566930294
3339,2,1,0.15509366989135742
3340,8,1,-8.938461542129517e-05
3341,4,1,0.04040736332535744
3342,6,1,0.008042842149734497
3343,8,1,0.008514147251844406
3344,6,1,0.042380522936582565
3345,5,1,0.17154991626739502
3346,0,1,0.026338212192058563
3347,0,1,0.04006702080368996
3348,8,1,0.004229037091135979
3349,7,1,-0.0003118589520454407
3350,6,1,0.0526205338537693
3351,1,1,0.09266765415668488
3352,7,1,0.02871805801987648
3353,1,1,0.014488216489553452
3354,1,1,0.03551015630364418
3355,2,1,0.10129398107528687
3356,7,1,0.07353536784648895
3357,4,1,0.009440738707780838
3358,0,1,0.0004054959863424301
3359,0,1,0.017199736088514328
3360,7,1,0.0021326951682567596
3361,7,1,-0.0066120680421590805
3362,6,1,0.0327695794403553
3363,3,1,0.06412884593009949
3364,8,1,0.04721219465136528
3365,6,1,0.2151975780725479
3366,4,1,0.016224119812250137
3367,2,1,0.06316199898719788
3368,0,1,0.008758414536714554
3369,9,0,-0.011623317375779152
3370,4,1,0.001002829521894455
3371,0,1,0.04782601073384285
3372,5,1,0.01569516584277153
3373,7,1,0.01212356612086296
3374,8,1,0.002766655758023262
3375,2,1,0.22710126638412476
3376,7,1,-0.011365437880158424
3377,4,1,0.01175926998257637
3378,7,1,0.0021035298705101013
3379,1,1,0.04045550897717476
3380,1,1,0.008142076432704926
3381,3,1,0.010572005063295364
3382,6,1,0.02777925878763199
3383,6,1,0.03624961897730827
3384,2,1,0.307291716337204
3385,9,0,0.012062404304742813
3386,1,1,0.0798012763261795
3387,9,0,-0.01032019592821598
3388,4,1,0.0018659960478544235
3389,8,1,0.025883492082357407
3390,3,1,0.04908514395356178
3391,6,1,0.08710964024066925
3392,9,0,-0.011882930994033813
3393,5,1,0.050625693053007126
3394,9,0,0.008001264184713364
3395,6,1,0.026813466101884842
3396,2,1,0.1128615140914917
3397,4,1,0.034127626568078995
3398,6,1,0.12285695970058441
3399,7,1,-0.0018610842525959015
3400,7,1,0.006025219336152077
3401,0,1,0.11027184128761292
3402,6,1,0.026828225702047348
3403,6,1,0.02033575251698494
3404,9,0,-0.01103074662387371
3405,4,1,-0.003616945818066597
3406,8,1,-0.005753368139266968
3407,3,1,0.011106401681900024
3408,5,1,0.027224857360124588
3409,3,1,0.012689847499132156
3410,4,1,0.006921730935573578
3411,9,0,0.00207705982029438
3412,0,1,0.14301803708076477
3413,0,1,0.008363056927919388
3414,5,1,0.057310495525598526
3415,2,1,0.03799311816692352
3416,5,1,0.028071649372577667
3417,0,1,0.008726563304662704
3418,7,1,0.006732232868671417
3419,1,1,0.018766511231660843
3420,1,1,0.04198330268263817
3421,1,1,0.09361124038696289
3422,6,1,0.02839178964495659
3423,7,1,-0.00990147516131401
3424,6,1,0.054843079298734665
3425,7,1,0.04166410490870476
3426,9,0,-0.0004852134734392166
3427,6,1,0.022035185247659683
3428,6,1,0.14460310339927673
3429,4,1,0.0001384727656841278
3430,1,1,0.016658637672662735
3431,4,1,0.015769533812999725
3432,3,1,0.018050383776426315
3433,1,1,0.04880795255303383
3434,1,1,0.022374823689460754
3435,2,1,0.15405553579330444
3436,2,1,0.04190145060420036
3437,4,1,-0.00428558886051178
3438,1,1,0.044773999601602554
3439,0,1,-0.013630079105496407
3440,8,1,0.014357749372720718
3441,7,1,0.029740165919065475
3442,6,1,0.08780169486999512
3443,3,1,0.10296405851840973
3444,4,1,0.039734113961458206
3445,0,1,0.11930045485496521
3446,0,1,0.016346324235200882
3447,6,1,0.07655645906925201
3448,3,1,0.10725101828575134
3449,3,1,0.07514999806880951
3450,0,1,0.003265833482146263
3451,7,1,0.0023624226450920105
3452,1,1,0.019085843116044998
3453,7,1,-0.002114607021212578
3454,1,1,0.03347563371062279
3455,1,1,0.03876468911767006
3456,3,1,0.028044309467077255
3457,1,1,0.023452114313840866
3458,0,1,0.014115564525127411
3459,9,0,-0.011129910126328468
3460,9,0,-0.011071823537349701
3461,7,1,0.05709085986018181
3462,5,1,0.07380515336990356
3463,4,1,0.016709662973880768
3464,1,1,0.012494895607233047
3465,4,1,0.031718794256448746
3466,8,1,0.0013829953968524933
3467,9,0,-0.014393758960068226
3468,5,1,0.02592090517282486
3469,3,1,0.030504297465085983
3470,5,1,0.020166873931884766
3471,1,1,0.01544385775923729
3472,9,0,-0.004807112738490105
3473,8,1,0.004186514765024185
3474,2,1,0.06967389583587646
3475,3,1,0.002781534567475319
3476,3,1,0.012861918658018112
3477,9,0,-0.01486942358314991
3478,9,0,-0.015195630490779877
3479,0,1,0.19774183630943298
3480,1,1,0.02575121447443962
3481,0,1,0.003931498154997826
3482,2,1,0.07739867269992828
3483,9,0,-0.011470685712993145
3484,3,1,0.0622749961912632
3485,9,0,-0.0044859424233436584
3486,3,1,0.10132049024105072
3487,3,1,0.03804813325405121
3488,6,1,0.036567021161317825
3489,2,1,0.10017643868923187
3490,4,1,-0.011422778479754925
3491,9,0,-0.004433877766132355
3492,8,1,-0.014265043660998344
3493,3,1,0.05683654919266701
3494,7,1,-0.0003098025918006897
3495,4,1,0.0019465219229459763
3496,0,1,0.004873579367995262
3497,4,1,0.01920453831553459
3498,7,1,0.005373368039727211
3499,8,1,-0.012481405399739742
3500,4,1,0.028355270624160767
3501,9,0,-0.007167000323534012
3502,8,1,0.013220231980085373
3503,9,0,-0.0012049488723278046
3504,9,0,-0.005727609619498253
3505,7,1,0.049750667065382004
3506,5,1,0.05470072850584984
3507,9,0,-0.015275205485522747
3508,2,1,0.01785856857895851
3509,8,1,-0.006353368982672691
3510,2,1,0.13805878162384033
3511,2,1,0.008113417774438858
3512,0,1,0.013503927737474442
3513,2,1,0.03277700021862984
3514,2,1,0.06875516474246979
3515,3,1,0.06848303973674774
3516,8,1,-0.004498213529586792
3517,4,1,0.018398724496364594
3518,6,1,0.08985991775989532
3519,8,1,0.012806255370378494
3520,6,1,0.04736678674817085
3521,8,1,0.011355958878993988
3522,2,1,0.23545166850090027
3523,4,1,-0.009109053760766983
3524,6,1,0.024081874638795853
3525,7,1,0.029577232897281647
3526,9,0,-0.010521546937525272
3527,3,1,0.10057903826236725
3528,3,1,0.027701780200004578
3529,9,0,-0.010484203696250916
3530,4,1,0.0173993818461895
3531,3,1,0.007917147129774094
3532,1,1,0.06295417249202728
3533,4,1,0.001252729445695877
3534,4,1,-0.005383947864174843
3535,7,1,0.007872391492128372
3536,0,1,0.015522386878728867
3537,5,1,0.03915100917220116
3538,9,0,-0.014469540677964687
3539,6,1,0.05275070294737816
3540,0,1,0.02247733250260353
3541,4,1,0.03111632540822029
3542,4,1,0.011502932757139206
3543,4,1,0.03369786962866783
3544,4,1,0.024461902678012848
3545,6,1,0.045357558876276016
3546,1,1,0.02155950292944908
3547,2,1,0.0297829769551754
3548,3,1,0.07360346615314484
3549,3,1,0.014568042010068893
3550,6,1,-0.0028735026717185974
3551,4,1,0.014280296862125397
3552,5,1,0.12436269223690033
3553,9,0,-0.016133682802319527
3554,6,1,0.05767225846648216
3555,8,1,0.0050837695598602295
3556,5,1,0.02742944285273552
3557,6,1,0.030940711498260498
3558,5,1,0.0017104707658290863
3559,8,1,0.04156246408820152
3560,6,1,0.03032464161515236
3561,4,1,-0.007210496813058853
3562,1,1,0.061715494841337204
3563,8,1,0.0008024126291275024
3564,6,1,0.018906880170106888
3565,5,1,0.11642144620418549
3566,2,1,0.2061282992362976
3567,8,1,0.07188841700553894
3568,4,1,0.00759640708565712
3569,5,1,0.03964516147971153
3570,5,1,0.0040500834584236145
3571,4,1,0.0016280785202980042
3572,7,1,0.00601152703166008
3573,7,1,0.037673112004995346
3574,0,1,0.003793012350797653
3575,7,1,0.05524921044707298
3576,8,1,0.011200834065675735
3577,2,1,0.27864405512809753
3578,2,1,0.0249549001455307
3579,3,1,0.028391428291797638
3580,7,1,0.017626341432332993
3581,0,1,0.005810685455799103
3582,1,1,0.024522222578525543
3583,8,1,-0.01665935106575489
3584,0,1,0.14630945026874542
3585,7,1,0.0686740130186081
3586,1,1,0.0341634564101696
3587,9,0,-0.0037643611431121826
3588,8,1,-0.007773609831929207
3589,7,1,0.026267405599355698
3590,5,1,0.0834977775812149
3591,5,1,0.019560635089874268
3592,9,0,-0.009380529634654522
3593,1,1,0.024391833692789078
3594,7,1,0.05077644810080528
3595,5,1,0.03351490572094917
3596,4,1,0.03793378546833992
3597,9,0,0.06212468072772026
3598,1,1,0.017902258783578873
3599,2,1,0.13347966969013214
3600,2,1,0.05270802602171898
3601,1,1,0.05439161881804466
3602,6,1,0.050587248057127
3603,6,1,0.032325711101293564
3604,7,1,0.01630430296063423
3605,1,1,0.022498510777950287
3606,1,1,0.10708974301815033
3607,4,1,0.01657194271683693
3608,0,1,0.10765941441059113
3609,7,1,0.016634266823530197
3610,4,1,0.015048440545797348
3611,2,1,0.03974844887852669
3612,4,1,0.021628383547067642
3613,0,1,0.02877165377140045
3614,6,1,0.03236806020140648
3615,4,1,0.02570423111319542
3616,7,1,0.05116191878914833
3617,6,1,0.119876429438591
3618,9,0,0.00782248005270958
3619,5,1,0.024812642484903336
3620,3,1,0.0020160526037216187
3621,4,1,0.02108822390437126
3622,6,1,0.07288029789924622
3623,5,1,0.12847481667995453
3624,0,1,0.024421505630016327
3625,1,1,0.04725947603583336
3626,8,1,0.006457578390836716
3627,8,1,0.03983847424387932
3628,2,1,0.03189605101943016
3629,8,1,0.002846039831638336
3630,3,1,0.06237247213721275
3631,5,1,0.004353910684585571
3632,7,1,-0.0017365403473377228
3633,8,1,0.004984738305211067
3634,0,1,0.020232003182172775
3635,8,1,0.011058922857046127
3636,5,1,0.004729209467768669
3637,7,1,-0.002514844760298729
3638,1,1,0.0700339823961258
3639,1,1,0.003276454284787178
3640,0,1,0.034191329032182693
3641,1,1,0.051422055810689926
3642,3,1,0.037461601197719574
3643,7,1,0.002792833372950554
3644,8,1,0.01777460053563118
3645,5,1,0.03816668689250946
3646,0,1,0.00551886111497879
3647,7,1,0.04422813281416893
3648,1,1,0.03013637661933899
3649,1,1,0.03735720366239548
3650,0,1,0.017136242240667343
3651,1,1,0.025838982313871384
3652,1,1,0.06941631436347961
3653,4,1,-0.003931842744350433
3654,5,1,0.20643723011016846
3655,2,1,0.3020990788936615
3656,7,1,0.026462245732545853
3657,6,1,0.026373375207185745
3658,2,1,0.006274264305830002
3659,3,1,0.013462100178003311
3660,0,1,0.08236588537693024
3661,2,1,0.061371009796857834
3662,8,1,0.013713836669921875
3663,5,1,0.01873171329498291
3664,9,0,0.0011436976492404938
3665,6,1,0.09945760667324066
3666,9,0,-0.008801845833659172
3667,7,1,-0.008666211739182472
3668,2,1,0.1164044439792633
3669,1,1,0.012103907763957977
3670,3,1,0.04478859528899193
3671,6,1,0.03642519190907478
3672,4,1,0.012025032192468643
3673,1,1,0.014778036624193192
3674,8,1,0.041958946734666824
3675,2,1,0.11773587763309479
3676,4,1,0.019436031579971313
3677,0,1,0.010480191558599472
3678,5,1,0.015596259385347366
3679,1,1,0.02719048783183098
3680,0,1,0.06909477710723877
3681,2,1,0.14306068420410156
3682,2,1,0.04414014890789986
3683,6,1,0.06033141538500786
3684,4,1,-0.0007888488471508026
3685,4,1,0.022567402571439743
3686,3,1,0.015873000025749207
3687,9,0,-0.011464279145002365
3688,6,1,0.04027169570326805
3689,1,1,0.05714939162135124
3690,6,1,0.017317716032266617
3691,5,1,0.04030824825167656
3692,7,1,-0.009925618767738342
3693,9,0,-0.009143256582319736
3694,2,1,0.07933779060840607
3695,0,1,0.03195218741893768
3696,2,1,0.17666339874267578
3697,6,1,0.014680955559015274
3698,0,1,0.03151186928153038
3699,1,1,0.006127689033746719
3700,4,1,0.0026215873658657074
3701,3,1,0.03559490665793419
3702,5,1,-0.0004872828722000122
3703,2,1,0.30273324251174927
3704,8,1,0.0006777457892894745
3705,8,1,0.06317631900310516
3706,0,1,0.012512963265180588
3707,8,1,0.004106879234313965
3708,8,1,0.046544644981622696
3709,9,0,-0.0112179946154356
3710,0,1,0.0938606709241867
3711,9,0,-0.009157424792647362
3712,6,1,0.06479412317276001
3713,7,1,0.00081663578748703
3714,6,1,0.05338924005627632
3715,3,1,0.010989461094141006
3716,9,0,-0.011473594233393669
3717,3,1,0.0182853564620018
3718,4,1,0.015236947685480118
3719,7,1,0.0018828921020030975
3720,7,1,0.029331274330615997
3721,7,1,-0.001184750348329544
3722,4,1,0.0014370642602443695
3723,9,0,-0.005440162494778633
3724,0,1,0.01253901794552803
3725,6,1,0.08816452324390411
3726,4,1,-0.008777556009590626
3727,8,1,0.014938917011022568
3728,4,1,-0.007187666371464729
3729,2,1,0.060986798256635666
3730,7,1,-0.013110797852277756
3731,2,1,0.052730742841959
3732,8,1,0.024310816079378128
3733,1,1,0.05245129391551018
3734,0,1,0.2320159673690796
3735,0,1,0.08022566139698029
3736,7,1,0.002510456368327141
3737,8,1,0.01212238147854805
3738,3,1,0.0631466954946518
3739,3,1,0.18443690240383148
3740,3,1,0.14601057767868042
3741,1,1,0.016346439719200134
3742,3,1,-0.010019529610872269
3743,7,1,-0.0018480010330677032
3744,6,1,0.06412555277347565
3745,1,1,0.045364607125520706
3746,3,1,0.013066284358501434
3747,1,1,0.02310645580291748
3748,6,1,0.1677665114402771
3749,6,1,0.12307184934616089
3750,5,1,0.07245519757270813
3751,7,1,0.10996642708778381
3752,4,1,0.030357208102941513
3753,7,1,0.00247756764292717
3754,5,1,0.006035586819052696
3755,9,0,-0.0018184352666139603
3756,5,1,0.07427217066287994
3757,8,1,0.05622139200568199
3758,4,1,-0.004748046398162842
3759,9,0,-0.011492091231048107
3760,9,0,-0.015334809198975563
3761,1,1,0.035955581814050674
3762,6,1,0.026203405112028122
3763,5,1,0.024586301296949387
3764,0,1,0.17898675799369812
3765,1,1,0.0009653493762016296
3766,3,1,0.08903169631958008
3767,7,1,0.046140339225530624
3768,0,1,0.04319455847144127
3769,3,1,-0.00454220175743103
3770,4,1,0.01049557700753212
3771,8,1,0.014676515012979507
3772,2,1,0.055721502751111984
3773,2,1,0.5533075332641602
3774,0,1,0.14143700897693634
3775,2,1,0.07978621125221252
3776,5,1,0.02272564172744751
3777,1,1,0.03395268693566322
3778,5,1,0.09089107811450958
3779,1,1,0.03254338726401329
3780,4,1,0.023906875401735306
3781,8,1,0.00026717409491539
3782,8,1,0.04469023272395134
3783,9,0,-0.01023818738758564
3784,1,1,0.01140095666050911
3785,2,1,0.011829044669866562
3786,1,1,0.014287691563367844
3787,3,1,0.02427428960800171
3788,5,1,0.03468923270702362
3789,1,1,0.017194602638483047
3790,0,1,0.06054077669978142
3791,9,0,-0.01101712603121996
3792,4,1,0.0038494598120450974
3793,4,1,0.011333372443914413
3794,8,1,0.011355426162481308
3795,3,1,0.08378680050373077
3796,2,1,0.003929099068045616
3797,5,1,0.04109041765332222
3798,9,0,-0.014775333926081657
3799,7,1,0.019594307988882065
3800,6,1,0.07623368501663208
3801,6,1,0.023549403995275497
3802,2,1,0.08136822283267975
3803,0,1,0.005951132625341415
3804,0,1,0.02888963371515274
3805,0,1,0.008295603096485138
3806,5,1,0.05189315602183342
3807,8,1,0.01758291944861412
3808,7,1,0.05259421840310097
3809,1,1,0.06466783583164215
3810,5,1,0.00662003830075264
3811,2,1,0.05244779959321022
3812,3,1,0.052415113896131516
3813,8,1,0.032001711428165436
3814,5,1,0.03293484076857567
3815,1,1,0.04452494904398918
3816,8,1,-0.008303417824208736
3817,2,1,0.037890318781137466
3818,0,1,0.08502183854579926
3819,4,1,0.02612869068980217
3820,9,0,0.004053737968206406
3821,9,0,-0.006241261959075928
3822,6,1,0.05970000848174095
3823,2,1,0.057568278163671494
3824,3,1,0.018410447984933853
3825,3,1,0.0500849150121212
3826,5,1,0.09280790388584137
3827,6,1,0.03423839434981346
3828,4,1,0.02106693759560585
3829,8,1,0.024829808622598648
3830,0,1,0.018918201327323914
3831,9,0,-0.015299185179173946
3832,2,1,0.09327170252799988
3833,8,1,0.012561406940221786
3834,3,1,0.048649925738573074
3835,6,1,0.12967267632484436
3836,7,1,0.01375565305352211
3837,5,1,0.0441410206258297
3838,7,1,0.02341282367706299
3839,2,1,0.02804664894938469
3840,9,0,-0.0009670816361904144
3841,4,1,0.06155036762356758
3842,9,0,-0.012779979035258293
3843,1,1,0.0439588837325573
3844,2,1,0.1808985024690628
3845,8,1,0.008469440042972565
3846,6,1,0.2431294322013855
3847,0,1,0.042626697570085526
3848,7,1,0.022167470306158066
3849,0,1,0.18184810876846313
3850,9,0,-0.0026263073086738586
3851,1,1,0.07714726030826569
3852,1,1,0.02232709527015686
3853,6,1,0.18432891368865967
3854,7,1,0.05697837099432945
3855,5,1,0.07839436829090118
3856,9,0,-0.011163666844367981
3857,9,0,-0.0119510218501091
3858,1,1,0.09258942306041718
3859,9,0,-0.006273338571190834
3860,5,1,0.013396598398685455
3861,9,0,-0.012941383756697178
3862,2,1,0.13764196634292603
3863,5,1,0.2184600979089737
3864,0,1,0.004070941358804703
3865,4,1,0.024907853454351425
3866,1,1,0.025552328675985336
3867,0,1,0.03156440332531929
3868,8,1,0.007699165493249893
3869,9,0,-0.006633909419178963
3870,0,1,0.05594072863459587
3871,8,1,0.0037112608551979065
3872,9,0,-0.017365535721182823
3873,8,1,0.009085725992918015
3874,9,0,-0.015238468535244465
3875,4,1,0.05793328955769539
3876,2,1,0.12196208536624908
3877,5,1,0.02807425707578659
3878,7,1,0.0063332244753837585
3879,9,0,-0.008479179814457893
3880,8,1,-0.00980767235159874
3881,9,0,-0.007166743278503418
3882,8,1,-0.007302744314074516
3883,0,1,0.10452039539813995
3884,9,0,-0.0034535713493824005
3885,9,0,-0.011188511736690998
3886,6,1,0.015835754573345184
3887,8,1,0.009247463196516037
3888,9,0,-0.01188516616821289
3889,9,0,-0.008349312469363213
3890,5,1,0.04071362689137459
3891,9,0,-0.013947626575827599
3892,8,1,0.05832957103848457
3893,5,1,0.291890025138855
3894,1,1,0.01948254182934761
3895,0,1,0.005521729588508606
3896,3,1,0.05440926179289818
3897,3,1,-0.002387605607509613
3898,5,1,0.018881596624851227
3899,2,1,0.07979056239128113
3900,1,1,0.011285103857517242
3901,6,1,0.05391855910420418
3902,5,1,0.012603182345628738
3903,0,1,0.02073650434613228
3904,2,1,0.03465942665934563
3905,8,1,-0.0012518856674432755
3906,1,1,0.07065476477146149
3907,5,1,0.017254628241062164
3908,6,1,0.0693812221288681
3909,2,1,0.1287904679775238
3910,3,1,0.03753361478447914
3911,0,1,0.026177816092967987
3912,2,1,0.12423361837863922
3913,2,1,0.11512453854084015
3914,6,1,0.12882182002067566
3915,4,1,0.00397762656211853
3916,3,1,0.004209656268358231
3917,5,1,-0.0035039670765399933
3918,5,1,0.10837841033935547
3919,1,1,0.048281606286764145
3920,7,1,0.0444650761783123
3921,2,1,0.02261541783809662
3922,1,1,0.04851676896214485
3923,6,1,0.021624639630317688
3924,9,0,-0.013778692111372948
3925,1,1,0.06453153491020203
3926,9,0,-0.0010832082480192184
3927,9,0,-0.011744941584765911
3928,5,1,0.0007675513625144958
3929,5,1,0.014230404049158096
3930,1,1,0.014464747160673141
3931,6,1,0.03550533205270767
3932,2,1,0.1427503228187561
3933,2,1,0.14314953982830048
3934,8,1,0.006936253979802132
3935,6,1,0.020831048488616943
3936,7,1,0.024638917297124863
3937,1,1,0.012727327644824982
3938,4,1,-0.0075664035975933075
3939,6,1,0.05571364983916283
3940,0,1,0.023873884230852127
3941,4,1,0.031715333461761475
3942,0,1,0.09443400800228119
3943,3,1,0.03314715996384621
3944,3,1,0.0022369995713233948
3945,2,1,0.04176206514239311
3946,2,1,0.045481596142053604
3947,3,1,0.03027309849858284
3948,6,1,0.05791178718209267
3949,8,1,0.044623252004384995
3950,9,0,-0.00738229975104332
3951,8,1,-0.002502055838704109
3952,5,1,0.028935402631759644
3953,3,1,0.010298971086740494
3954,8,1,-0.007868379354476929
3955,5,1,0.03100183978676796
3956,4,1,0.009268756955862045
3957,5,1,0.007263705134391785
3958,2,1,0.0919489860534668
3959,0,1,0.012767713516950607
3960,5,1,0.02743658423423767
3961,6,1,0.0041063930839300156
3962,3,1,0.04008546099066734
3963,2,1,0.09222398698329926
3964,8,1,0.005970550701022148
3965,3,1,0.09271426498889923
3966,9,0,0.001680273562669754
3967,9,0,-0.0072877369821071625
3968,5,1,0.07153978943824768
3969,7,1,-0.004856858402490616
3970,9,0,-0.013570908457040787
3971,4,1,0.042742859572172165
3972,6,1,0.139298677444458
3973,7,1,0.017713963985443115
3974,1,1,0.023441441357135773
3975,3,1,0.09218855202198029
3976,7,1,0.014705568552017212
3977,3,1,0.07890291512012482
3978,6,1,0.10009290277957916
3979,6,1,0.01962648332118988
3980,0,1,0.05982162430882454
3981,9,0,-0.011319143697619438
3982,0,1,0.09859418869018555
3983,1,1,0.07576653361320496
3984,9,0,-0.008758315816521645
3985,9,0,-0.00739455409348011
3986,2,1,0.24821993708610535
3987,8,1,-0.011664170771837234
3988,8,1,0.00015241093933582306
3989,0,1,0.025506790727376938
3990,1,1,0.026743989437818527
3991,6,1,0.02722909301519394
3992,9,0,-0.008601748384535313
3993,7,1,0.006582086905837059
3994,5,1,0.07175028324127197
3995,3,1,-0.004910087212920189
3996,4,1,0.02898389846086502
3997,7,1,-0.0017823930829763412
3998,4,1,0.011534620076417923
3999,9,0,-0.01243164949119091
4000,9,0,-0.003762435168027878
4001,4,1,0.007255025207996368
4002,3,1,0.055047985166311264
4003,6,1,0.04427267238497734
4004,3,1,0.153439000248909
4005,1,1,0.005788926035165787
4006,1,1,0.012963030487298965
4007,7,1,0.0011501461267471313
4008,6,1,0.034008391201496124
4009,9,0,-0.007565230131149292
4010,1,1,0.028553713113069534
4011,8,1,-0.0022022295743227005
4012,4,1,0.037396613508462906
4013,1,1,0.06655751168727875
4014,1,1,0.0338243804872036
4015,9,0,0.004364844411611557
4016,9,0,-0.010575743392109871
4017,4,1,0.007177330553531647
4018,3,1,0.12156736850738525
4019,6,1,0.057670969516038895
4020,8,1,-0.006846241652965546
4021,1,1,0.006668318063020706
4022,6,1,0.05258197709918022
4023,0,1,0.19537906348705292
4024,4,1,-0.012083646841347218
4025,1,1,0.017505552619695663
4026,3,1,0.08897964656352997
4027,7,1,-0.004221923649311066
4028,7,1,0.007505577057600021
4029,4,1,-0.003678077831864357
4030,9,0,-0.013963454402983189
4031,5,1,0.04179595783352852
4032,1,1,0.033095818012952805
4033,0,1,0.10039128363132477
4034,0,1,0.15227055549621582
4035,1,1,0.036592431366443634
4036,1,1,0.046275828033685684
4037,6,1,0.06165192648768425
4038,2,1,0.1720181405544281
4039,1,1,0.013098616153001785
4040,9,0,-0.01335137989372015
4041,8,1,0.020939644426107407
4042,4,1,0.003568090498447418
4043,0,1,0.2422480285167694
4044,3,1,0.04066237434744835
4045,6,1,0.04110181704163551
4046,4,1,0.0051619745790958405
4047,9,0,-0.011918419972062111
4048,0,1,0.12375551462173462
4049,7,1,0.0003382973372936249
4050,1,1,0.010751239955425262
4051,6,1,0.03198344632983208
4052,5,1,0.09806519746780396
4053,7,1,-0.010124504566192627
4054,5,1,0.015548016875982285
4055,2,1,0.05408431962132454
4056,5,1,-0.009989741258323193
4057,1,1,0.03962038829922676
4058,8,1,0.005834812298417091
4059,5,1,0.05173434689640999
4060,4,1,0.022613484412431717
4061,7,1,0.0014068987220525742
4062,0,1,-0.005552357062697411
4063,6,1,0.04058915749192238
4064,7,1,-0.0021019037812948227
4065,0,1,0.02221747115254402
4066,2,1,0.04041460528969765
4067,5,1,0.028992582112550735
4068,8,1,0.04466467723250389
4069,1,1,0.034588053822517395
4070,0,1,0.11837106943130493
4071,4,1,0.02723817154765129
4072,5,1,0.015580911189317703
4073,7,1,0.023645173758268356
4074,1,1,0.011022362858057022
4075,8,1,0.013733159750699997
4076,5,1,0.01356571912765503
4077,1,1,0.041795503348112106
4078,9,0,0.005128055810928345
4079,0,1,0.17111656069755554
4080,0,1,-0.00375388003885746
4081,6,1,0.007650621235370636
4082,0,1,0.1156122088432312
4083,7,1,0.0068456754088401794
4084,3,1,0.04855124279856682
4085,1,1,0.04594360664486885
4086,8,1,0.03358333557844162
4087,3,1,0.14193063974380493
4088,9,0,-0.004879506304860115
4089,7,1,-0.01061228383332491
4090,0,1,0.00950922816991806
4091,0,1,0.0379980094730854
4092,8,1,-0.0018443726003170013
4093,9,0,-0.005785292014479637
4094,5,1,0.026124093681573868
4095,9,0,0.0012826044112443924
4096,8,1,0.10351136326789856
4097,3,1,0.015804830938577652
4098,2,1,0.014421354979276657
4099,7,1,0.005609903484582901
4100,2,1,0.07795681059360504
4101,9,0,-0.00751802884042263
4102,7,1,0.01004740595817566
4103,2,1,0.06350646913051605
4104,1,1,0.017992865294218063
4105,1,1,0.021718744188547134
4106,3,1,0.023280147463083267
4107,7,1,0.011562440544366837
4108,5,1,0.04820917174220085
4109,3,1,0.17194004356861115
4110,1,1,0.03903714939951897
4111,9,0,-0.0014200415462255478
4112,8,1,0.01860741153359413
4113,2,1,0.2502247393131256
4114,2,1,0.05148738995194435
4115,2,1,0.08162319660186768
4116,8,1,0.0012572258710861206
4117,8,1,0.036233220249414444
4118,5,1,0.0784103274345398
4119,7,1,0.010250575840473175
4120,3,1,0.05978484824299812
4121,8,1,0.07099135220050812
4122,9,0,-0.012349449098110199
4123,8,1,0.03809060528874397
4124,8,1,-0.0032994281500577927
4125,6,1,0.044922586530447006
4126,8,1,-0.000250253826379776
4127,2,1,0.05907455459237099
4128,3,1,0.004675339907407761
4129,9,0,-0.015120092779397964
4130,7,1,0.0018852092325687408
4131,5,1,0.05673220381140709
4132,6,1,0.0314980112016201
4133,2,1,0.21230322122573853
4134,9,0,-0.007105730473995209
4135,2,1,0.11579786241054535
4136,8,1,0.00392848439514637
4137,8,1,0.019978806376457214
4138,1,1,0.01245923712849617
4139,6,1,0.0711611956357956
4140,8,1,0.10798873007297516
4141,8,1,-0.008712589740753174
4142,7,1,0.0031516700983047485
4143,9,0,-0.007049236446619034
4144,1,1,0.037137601524591446
4145,8,1,0.013065256178379059
4146,0,1,0.028379738330841064
4147,1,1,0.0572374202311039
4148,7,1,0.0037195123732089996
4149,2,1,0.09100203216075897
4150,0,1,0.10213261842727661
4151,7,1,0.015223797410726547
4152,5,1,0.060853105038404465
4153,1,1,0.03391782566905022
4154,9,0,-0.008013460785150528
4155,0,1,0.1822725236415863
4156,2,1,0.0342131145298481
4157,0,1,-0.004971850663423538
4158,9,0,-0.0019507892429828644
4159,8,1,0.045720722526311874
4160,6,1,0.02776176854968071
4161,2,1,0.06689207255840302
4162,3,1,0.015768561512231827
4163,9,0,2.3931264877319336e-05
4164,3,1,0.05167028680443764
4165,8,1,0.011175565421581268
4166,0,1,-0.006015453487634659
4167,2,1,0.16925346851348877
4168,1,1,0.02233395352959633
4169,1,1,0.03626121208071709
4170,1,1,0.0663534551858902
4171,1,1,-0.0014701392501592636
4172,4,1,0.03403550013899803
4173,2,1,0.09145811200141907
4174,9,0,-0.012259137816727161
4175,7,1,-0.0036866068840026855
4176,2,1,0.09639199078083038
4177,5,1,0.04336714372038841
4178,1,1,0.09062494337558746
4179,1,1,0.04537871107459068
4180,2,1,0.08600194752216339
4181,1,1,0.02726510539650917
4182,9,0,-0.013542696833610535
4183,9,0,-0.006604282185435295
4184,9,0,-0.012906819581985474
4185,1,1,0.06453147530555725
4186,0,1,0.003882274031639099
4187,2,1,0.05665261670947075
4188,0,1,0.054173145443201065
4189,2,1,0.05478976294398308
4190,1,1,0.04151162877678871
4191,1,1,0.05658340081572533
4192,4,1,0.023848794400691986
4193,6,1,0.026088032871484756
4194,4,1,-0.002194475382566452
4195,1,1,0.04068876430392265
4196,5,1,0.00990394875407219
4197,4,1,0.007476748898625374
4198,9,0,-0.008052332326769829
4199,7,1,0.015363678336143494
4200,7,1,0.07839201390743256
4201,1,1,-0.005407886579632759
4202,5,1,0.07961194217205048
4203,6,1,0.10091912746429443
4204,2,1,0.037941548973321915
4205,2,1,0.01250588521361351
4206,2,1,0.06491263210773468
4207,8,1,0.03782542422413826
4208,0,1,0.08011110126972198
4209,6,1,0.06155989691615105
4210,9,0,-0.013185864314436913
4211,6,1,0.11608821153640747
4212,1,1,0.015671949833631516
4213,9,0,-0.008192301727831364
4214,7,1,0.0012640468776226044
4215,7,1,0.019585978239774704
4216,1,1,0.024049531668424606
4217,4,1,0.00607646256685257
4218,8,1,0.020772453397512436
4219,5,1,0.024806585162878036
4220,3,1,0.013802733272314072
4221,4,1,0.00383605994284153
4222,3,1,0.018744338303804398
4223,4,1,0.01761302351951599
4224,9,0,0.02123650535941124
4225,7,1,0.0218699611723423
4226,5,1,0.0030551403760910034
4227,0,1,-0.0031587257981300354
4228,7,1,0.02686554566025734
4229,4,1,0.01829187199473381
4230,8,1,0.08538761734962463
4231,8,1,0.020648330450057983
4232,1,1,0.028806962072849274
4233,5,1,0.046643082052469254
4234,3,1,0.09258110821247101
4235,9,0,0.002403862774372101
4236,5,1,0.1363328993320465
4237,9,0,-0.01057026069611311
4238,7,1,0.0013234801590442657
4239,6,1,0.03869851306080818
4240,9,0,-0.010997370816767216
4241,0,1,0.03227347508072853
4242,3,1,0.037153828889131546
4243,6,1,0.11536994576454163
4244,3,1,0.046541254967451096
4245,9,0,-0.009503310546278954
4246,8,1,-0.004562560468912125
4247,2,1,0.03640454262495041
4248,2,1,0.09951268136501312
4249,1,1,0.02305830642580986
4250,2,1,0.07248911261558533
4251,8,1,-0.007579151540994644
4252,6,1,0.1009381115436554
4253,8,1,0.005866827443242073
4254,5,1,0.15194684267044067
4255,5,1,0.0146058090031147
4256,3,1,0.16424709558486938
4257,9,0,-0.017434127628803253
4258,4,1,0.012040961533784866
4259,9,0,0.0023219194263219833
4260,2,1,0.16538883745670319
4261,5,1,0.0050166454166173935
4262,1,1,0.038552455604076385
4263,5,1,0.004302293062210083
4264,1,1,0.04198199138045311
4265,4,1,0.004193264991044998
4266,4,1,0.0010635070502758026
4267,1,1,0.02847405895590782
4268,4,1,0.042510513216257095
4269,4,1,0.11571118235588074
4270,3,1,0.15238629281520844
4271,5,1,0.01489173248410225
4272,9,0,-0.011342897079885006
4273,1,1,0.01252782717347145
4274,2,1,0.10976085066795349
4275,2,1,0.06337252259254456
4276,3,1,0.007715977728366852
4277,3,1,0.12132859230041504
4278,0,1,0.11862143874168396
4279,2,1,0.062000174075365067
4280,9,0,-0.010093620046973228
4281,0,1,-0.005493883043527603
4282,0,1,0.08897170424461365
4283,9,0,-0.010783936828374863
4284,9,0,-0.0073864031583070755
4285,6,1,0.014107856899499893
4286,0,1,0.12754705548286438
4287,9,0,-0.0077629536390304565
4288,3,1,0.03762095049023628
4289,2,1,0.008151110261678696
4290,8,1,0.0043580420315265656
4291,4,1,0.01855361834168434
4292,1,1,0.03974292054772377
4293,9,0,-0.005455831065773964
4294,9,0,0.012070603668689728
4295,7,1,-0.0038746874779462814
4296,2,1,0.03712988272309303
4297,7,1,0.009074266999959946
4298,9,0,-0.005588972941040993
4299,9,0,-0.012044120579957962
4300,5,1,-0.008219582960009575
4301,9,0,0.004208028316497803
4302,5,1,0.04419061169028282
4303,1,1,0.0273529514670372
4304,1,1,0.039239007979631424
4305,8,1,0.007519163191318512
4306,3,1,0.012439105659723282
4307,5,1,0.012981098145246506
4308,1,1,0.02293253317475319
4309,9,0,-0.01173943467438221
4310,5,1,0.09664100408554077
4311,3,1,0.07026098668575287
4312,5,1,0.043260831385850906
4313,4,1,0.017949875444173813
4314,9,0,-0.014883264899253845
4315,5,1,0.0010272935032844543
4316,9,0,-0.004900176078081131
4317,3,1,0.005043677985668182
4318,1,1,0.09211346507072449
4319,9,0,-0.007533252239227295
4320,0,1,0.0024399533867836
4321,9,0,-0.009820768609642982
4322,7,1,0.014880992472171783
4323,5,1,0.025460105389356613
4324,4,1,0.00860665738582611
4325,9,0,-0.015511404722929
4326,2,1,0.04990379139780998
4327,0,1,0.16663971543312073
4328,1,1,0.039802346378564835
4329,0,1,0.056684914976358414
4330,5,1,0.020000021904706955
4331,1,1,0.019222281873226166
4332,4,1,-0.0074489787220954895
4333,9,0,-0.01023583859205246
4334,3,1,0.035549264401197433
4335,3,1,0.045745622366666794
4336,6,1,0.036550819873809814
4337,1,1,0.030051104724407196
4338,5,1,0.013318337500095367
4339,2,1,0.04475344344973564
4340,5,1,0.06818167865276337
4341,2,1,0.04271787032485008
4342,2,1,0.08525574207305908
4343,0,1,0.020061735063791275
4344,9,0,0.01929260417819023
4345,2,1,0.14832192659378052
4346,6,1,0.04514532908797264
4347,6,1,0.024569891393184662
4348,0,1,0.08801111578941345
4349,1,1,0.015485722571611404
4350,2,1,0.3840930163860321
4351,0,1,0.16680893301963806
4352,3,1,0.0238635316491127
4353,0,1,0.0029773805290460587
4354,2,1,0.08049774169921875
4355,5,1,0.007996190339326859
4356,5,1,-0.0013297982513904572
4357,7,1,0.043991703540086746
4358,9,0,-0.007042182609438896
4359,5,1,0.01069222018122673
4360,5,1,-0.0016238018870353699
4361,0,1,0.008357927203178406
4362,8,1,0.003067467361688614
4363,9,0,-0.0040971823036670685
4364,5,1,0.0279400534927845
4365,0,1,0.0007723923772573471
4366,3,1,0.036659177392721176
4367,2,1,0.18113484978675842
4368,5,1,0.06801468133926392
4369,9,0,-0.00039155781269073486
4370,0,1,0.05511489138007164
4371,8,1,0.02430056408047676
4372,8,1,-0.0011280402541160583
4373,4,1,0.009778406471014023
4374,5,1,0.02293754741549492
4375,8,1,0.020639371126890182
4376,8,1,0.019041486084461212
4377,4,1,0.008107732981443405
4378,5,1,0.038811903446912766
4379,4,1,0.007443230599164963
4380,8,1,5.3845345973968506e-05
4381,5,1,0.02719750627875328
4382,4,1,-0.002379581332206726
4383,9,0,-0.00706411711871624
4384,2,1,0.061888959258794785
4385,2,1,0.05989483371376991
4386,1,1,0.0044180527329444885
4387,2,1,0.25509464740753174
4388,6,1,0.014480169862508774
4389,8,1,-0.01231785211712122
4390,8,1,-0.0065850503742694855
4391,7,1,0.009250674396753311
4392,0,1,0.12116250395774841
4393,3,1,0.0657949447631836
4394,6,1,0.03672988340258598
4395,6,1,0.11221322417259216
4396,4,1,0.009123992174863815
4397,3,1,0.05690104886889458
4398,8,1,0.020251084119081497
4399,8,1,-0.0005726590752601624
4400,7,1,0.06371691823005676
4401,2,1,0.03411919251084328
4402,2,1,0.13100510835647583
4403,0,1,0.016450878232717514
4404,0,1,0.032522737979888916
4405,9,0,-0.007302131503820419
4406,3,1,0.030286382883787155
4407,9,0,-0.0027434155344963074
4408,9,0,-0.009314306080341339
4409,1,1,0.07558801770210266
4410,9,0,-0.01033860631287098
4411,8,1,0.0028358064591884613
4412,6,1,0.034648437052965164
4413,6,1,0.0703946202993393
4414,4,1,0.007180958986282349
4415,2,1,0.04196607694029808
4416,6,1,0.1239345371723175
4417,9,0,-0.010402020066976547
4418,2,1,0.0856623500585556
4419,8,1,0.0188797228038311
4420,5,1,-0.0015211384743452072
4421,4,1,0.012515109032392502
4422,5,1,-0.01356581598520279
4423,7,1,0.04598793014883995
4424,9,0,-0.01232084073126316
4425,9,0,-0.010992905125021935
4426,9,0,-0.010135132819414139
4427,2,1,0.057622458785772324
4428,1,1,0.04999532923102379
4429,8,1,-0.0017012599855661392
4430,3,1,0.11577068269252777
4431,4,1,0.012583665549755096
4432,0,1,0.026542074978351593
4433,7,1,0.11655040085315704
4434,8,1,0.004525806754827499
4435,3,1,-0.0018227417021989822
4436,9,0,-0.01328582875430584
4437,3,1,0.06298065185546875
4438,4,1,-0.0016520693898200989
4439,6,1,0.028631944209337234
4440,5,1,-0.00040138140320777893
4441,6,1,0.14293310046195984
4442,2,1,0.07798314094543457
4443,3,1,0.1309867948293686
4444,9,0,-0.012108898721635342
4445,2,1,0.042343270033597946
4446,6,1,0.04085548594594002
4447,0,1,-0.00480126217007637
4448,0,1,0.02412382885813713
4449,6,1,0.06414283812046051
4450,1,1,0.02372163161635399
4451,2,1,0.05368965491652489
4452,8,1,0.020971115678548813
4453,7,1,-0.001730073243379593
4454,9,0,-0.0031215064227581024
4455,8,1,-0.002248484641313553
4456,2,1,0.03965908661484718
4457,0,1,-0.004786215722560883
4458,4,1,0.09720110893249512
4459,7,1,0.002854319289326668
4460,7,1,0.00408337265253067
4461,5,1,0.025032509118318558
4462,0,1,0.07477357983589172
4463,5,1,0.03768259286880493
4464,6,1,0.14535939693450928
4465,4,1,0.028243932873010635
4466,6,1,0.06947150826454163
4467,7,1,-0.007218990474939346
4468,4,1,-0.0031914599239826202
4469,3,1,0.08682431280612946
4470,0,1,0.0019323993474245071
4471,7,1,0.0596623457968235
4472,5,1,0.08827874064445496
4473,0,1,-0.002237074077129364
4474,7,1,0.1154775470495224
4475,4,1,0.02875339984893799
4476,2,1,0.13661396503448486
4477,0,1,0.012744627892971039
4478,8,1,0.00030303187668323517
4479,9,0,-0.0073989275842905045
4480,9,0,-0.004762338474392891
4481,4,1,0.015166964381933212
4482,2,1,0.0536305271089077
4483,4,1,0.005249869078397751
4484,6,1,0.032581206411123276
4485,7,1,-0.0022700391709804535
4486,8,1,-0.005244612693786621
4487,7,1,0.03999476507306099
4488,6,1,0.030395321547985077
4489,9,0,-0.008563755080103874
4490,4,1,-0.001002684235572815
4491,1,1,0.0697198212146759
4492,3,1,0.03455866873264313
4493,7,1,0.004745230078697205
4494,3,1,0.007287763059139252
4495,0,1,0.007498603314161301
4496,8,1,0.007815759629011154
4497,8,1,0.02482036128640175
4498,7,1,0.05258696898818016
4499,6,1,0.01128258928656578
4500,9,0,0.010891314595937729
4501,3,1,0.08910633623600006
4502,9,0,-0.01129857636988163
4503,2,1,0.11900085210800171
4504,2,1,0.030293386429548264
4505,9,0,0.005863117054104805
4506,2,1,0.05522904917597771
4507,1,1,0.029888685792684555
4508,8,1,0.021171610802412033
4509,3,1,0.04155431315302849
4510,2,1,0.024145137518644333
4511,9,0,0.003189459443092346
4512,6,1,0.08561074733734131
4513,8,1,0.000629570335149765
4514,4,1,-0.007108725607395172
4515,0,1,-0.010712800547480583
4516,1,1,0.032846298068761826
4517,2,1,0.08056606352329254
4518,8,1,0.004788646474480629
4519,4,1,-0.0042475201189517975
4520,5,1,0.009445000439882278
4521,2,1,0.04286700114607811
4522,7,1,0.059720028191804886
4523,8,1,0.006881954148411751
4524,1,1,0.008376285433769226
4525,1,1,0.00952032208442688
4526,3,1,0.10540136694908142
4527,0,1,0.03180272877216339
4528,3,1,-0.0022817570716142654
4529,5,1,0.03351385146379471
4530,7,1,0.031848058104515076
4531,0,1,0.0207507461309433
4532,3,1,0.08963131904602051
4533,1,1,0.04667530581355095
4534,9,0,-0.010690264403820038
4535,3,1,0.0011756271123886108
4536,6,1,0.014945585280656815
4537,3,1,0.01291406899690628
4538,1,1,0.04251454398036003
4539,7,1,0.013455074280500412
4540,7,1,0.0019357502460479736
4541,3,1,0.0022996217012405396
4542,0,1,0.03447381779551506
4543,8,1,0.0012447182089090347
4544,4,1,-0.0024059321731328964
4545,8,1,0.002889314666390419
4546,2,1,0.1511189490556717
4547,6,1,0.0748232752084732
4548,5,1,0.2725238502025604
4549,2,1,0.10026970505714417
4550,9,0,-0.011125734075903893
4551,7,1,0.02767335996031761
4552,3,1,0.02002747729420662
4553,9,0,-0.004837861284613609
4554,0,1,0.07419143617153168
4555,9,0,-0.010082866996526718
4556,9,0,-0.007134187966585159
4557,6,1,0.01950136199593544
4558,4,1,0.0199093259871006
4559,2,1,0.036872148513793945
4560,9,0,-0.007323548197746277
4561,7,1,0.00915319100022316
4562,2,1,0.04214617982506752
4563,1,1,0.07554225623607635
4564,1,1,0.033342212438583374
4565,6,1,0.04693401977419853
4566,7,1,0.0387185774743557
4567,4,1,-0.001973545178771019
4568,7,1,0.053915660828351974
4569,5,1,0.005722705274820328
4570,9,0,-0.003646843135356903
4571,6,1,0.00965839996933937
4572,8,1,0.029638420790433884
4573,2,1,0.13489936292171478
4574,1,1,0.004071466624736786
4575,4,1,0.0230281800031662
4576,4,1,0.006257195025682449
4577,5,1,0.07926538586616516
4578,7,1,-0.007240045815706253
4579,6,1,0.03816850483417511
4580,1,1,0.0028902217745780945
4581,3,1,0.02100813016295433
4582,2,1,0.061450522392988205
4583,5,1,0.04220377281308174
4584,9,0,-0.00854259729385376
4585,9,0,-0.00735846534371376
4586,3,1,0.020152118057012558
4587,6,1,0.028222817927598953
4588,1,1,0.03360532224178314
4589,1,1,0.009394552558660507
4590,4,1,0.0046495310962200165
4591,6,1,0.04488858953118324
4592,9,0,-0.007283350452780724
4593,7,1,0.03265282139182091
4594,2,1,0.062842458486557
4595,1,1,0.029047705233097076
4596,5,1,0.0359250046312809
4597,1,1,0.029698092490434647
4598,4,1,-0.008673045784235
4599,6,1,0.024963799864053726
4600,3,1,0.013949006795883179
4601,8,1,0.07366931438446045
4602,1,1,0.06469906866550446
4603,1,1,0.014070618897676468
4604,0,1,0.03966950252652168
4605,3,1,0.00870462879538536
4606,1,1,0.06473252177238464
4607,6,1,0.030452866107225418
4608,8,1,0.005561063066124916
4609,4,1,0.025492295622825623
4610,9,0,-0.010066675022244453
4611,0,1,0.04941396042704582
4612,7,1,0.026469238102436066
4613,3,1,0.02996402606368065
4614,0,1,0.031532883644104004
4615,2,1,0.029410257935523987
4616,9,0,-0.009338307194411755
4617,0,1,0.012149561196565628
4618,6,1,0.19340918958187103
4619,6,1,0.005643162876367569
4620,6,1,0.2742639482021332
4621,3,1,0.06617027521133423
4622,6,1,0.2226107269525528
4623,7,1,0.026063788682222366
4624,7,1,0.0024448558688163757
4625,2,1,0.1409594565629959
4626,8,1,0.009450383484363556
4627,6,1,0.04715674743056297
4628,0,1,0.22551459074020386
4629,8,1,0.014563769102096558
4630,3,1,0.14349365234375
4631,0,1,0.023827578872442245
4632,2,1,0.06876255571842194
4633,9,0,-0.007891908288002014
4634,8,1,0.016169492155313492
4635,3,1,0.001248728483915329
4636,2,1,0.14637693762779236
4637,5,1,0.06327113509178162
4638,3,1,0.08093243837356567
4639,8,1,-0.0036798007786273956
4640,8,1,-0.009194170124828815
4641,0,1,0.09475508332252502
4642,0,1,0.032458458095788956
4643,1,1,0.0072160810232162476
4644,9,0,-0.005040723830461502
4645,5,1,0.08173108100891113
4646,1,1,0.030443526804447174
4647,3,1,0.00995694100856781
4648,9,0,-0.009079028852283955
4649,6,1,0.05784953013062477
4650,0,1,0.05922916159033775
4651,1,1,0.03223796561360359
4652,4,1,0.0054803043603897095
4653,1,1,0.03926905617117882
4654,7,1,0.07387934625148773
4655,1,1,0.0032706651836633682
4656,2,1,0.037280432879924774
4657,3,1,0.04479404166340828
4658,7,1,0.08432799577713013
4659,9,0,-0.012440824881196022
4660,7,1,0.0013141930103302002
4661,4,1,0.014147453010082245
4662,9,0,-0.012601751834154129
4663,9,0,-0.012883178889751434
4664,3,1,0.044335272163152695
4665,9,0,-0.004745170474052429
4666,2,1,0.23759207129478455
4667,8,1,0.0324089340865612
4668,2,1,0.07240964472293854
4669,7,1,-0.00033619627356529236
4670,1,1,0.0055037327110767365
4671,8,1,0.001445382833480835
4672,0,1,0.008590470999479294
4673,9,0,-0.006615672260522842
4674,1,1,0.10860499739646912
4675,0,1,0.0034581609070301056
4676,1,1,0.038474101573228836
4677,7,1,-0.0074209850281476974
4678,7,1,0.04276050254702568
4679,9,0,-0.0024497676640748978
4680,6,1,0.06107592210173607
4681,9,0,-0.01167973130941391
4682,9,0,-0.006462378427386284
4683,9,0,-0.004768123850226402
4684,2,1,0.04735672101378441
4685,1,1,0.03484156355261803
4686,6,1,0.006247282028198242
4687,1,1,0.007222551852464676
4688,3,1,0.0378304198384285
4689,5,1,0.022014841437339783
4690,7,1,0.009412620216608047
4691,1,1,0.055208560079336166
4692,9,0,-0.008071782067418098
4693,7,1,0.015287000685930252
4694,6,1,0.03451186791062355
4695,4,1,0.0034971795976161957
4696,5,1,0.011352632194757462
4697,7,1,0.011527348309755325
4698,6,1,0.012114543467760086
4699,6,1,0.0518956296145916
4700,9,0,-0.011590950191020966
4701,9,0,-0.01231923047453165
4702,6,1,0.10463230311870575
4703,3,1,0.240468829870224
4704,6,1,0.015971627086400986
4705,2,1,0.20434769988059998
4706,9,0,-0.009950555860996246
4707,8,1,-0.0008763372898101807
4708,1,1,0.042564716190099716
4709,2,1,0.22319884598255157
4710,2,1,0.0959157645702362
4711,5,1,0.14532500505447388
4712,5,1,0.019010838121175766
4713,2,1,0.12452377378940582
4714,3,1,0.015488836914300919
4715,7,1,0.02344232052564621
4716,2,1,0.039612043648958206
4717,1,1,0.02353481575846672
4718,0,1,0.1525486409664154
4719,1,1,0.05126979574561119
4720,0,1,-3.232434391975403e-05
4721,4,1,0.00830143690109253
4722,5,1,0.03155551850795746
4723,2,1,0.08128140866756439
4724,8,1,0.004978064447641373
4725,2,1,0.07796406745910645
4726,8,1,-0.007462162524461746
4727,3,1,-0.0005474518984556198
4728,5,1,0.017750155180692673
4729,1,1,0.0037799961864948273
4730,7,1,0.0712512880563736
4731,8,1,-0.006983799859881401
4732,1,1,-0.0014135576784610748
4733,1,1,0.04526468738913536
4734,2,1,0.050883013755083084
4735,9,0,-0.0049954913556575775
4736,7,1,0.058545876294374466
4737,8,1,0.024952344596385956
4738,4,1,0.014427214860916138
4739,0,1,0.04728103056550026
4740,3,1,-0.003916837275028229
4741,0,1,0.06507386267185211
4742,7,1,0.04522745683789253
4743,8,1,0.006797492504119873
4744,8,1,-0.009881919249892235
4745,4,1,-0.0008794777095317841
4746,7,1,0.0031779296696186066
4747,7,1,-0.0023013632744550705
4748,8,1,-0.003994390368461609
4749,5,1,0.10324984788894653
4750,8,1,0.020563457161188126
4751,4,1,0.013966228812932968
4752,9,0,-0.015171144157648087
4753,8,1,0.018831707537174225
4754,1,1,0.027711771428585052
4755,3,1,0.037010639905929565
4756,8,1,0.013418462127447128
4757,0,1,0.04882845655083656
4758,3,1,0.06120054051280022
4759,1,1,0.012250334024429321
4760,7,1,0.035414088517427444
4761,9,0,0.013500101864337921
4762,5,1,0.02092771977186203
4763,5,1,0.3031414747238159
4764,1,1,0.04122721776366234
4765,6,1,0.1076115071773529
4766,5,1,0.02190244570374489
4767,7,1,0.04018672928214073
4768,4,1,0.06945787370204926
4769,9,0,-0.01164411660283804
4770,3,1,0.004420211538672447
4771,5,1,0.05428319796919823
4772,4,1,0.01571529358625412
4773,7,1,-0.007849367335438728
4774,1,1,0.013086061924695969
4775,2,1,0.11270585656166077
4776,0,1,0.002739034593105316
4777,8,1,0.004140138626098633
4778,1,1,0.04648953303694725
4779,6,1,0.06685096025466919
4780,0,1,0.046539057046175
4781,7,1,-0.0021390672773122787
4782,3,1,0.011152099817991257
4783,4,1,0.004955187439918518
4784,7,1,-0.0036102980375289917
4785,3,1,0.003508279100060463
4786,9,0,-0.00953582301735878
4787,6,1,0.013555951416492462
4788,0,1,0.009085427969694138
4789,8,1,0.013941872864961624
4790,6,1,0.13132083415985107
4791,4,1,0.0031182188540697098
4792,8,1,0.0053546614944934845
4793,7,1,-0.0017357785254716873
4794,7,1,0.005785755813121796
4795,9,0,-0.013846497982740402
4796,3,1,0.07982705533504486
4797,8,1,0.006384007632732391
4798,6,1,0.019524551928043365
4799,9,0,-0.010233284905552864
4800,7,1,-0.0023825038224458694
4801,2,1,0.09292924404144287
4802,3,1,0.05960230156779289
4803,4,1,0.0007990039885044098
4804,0,1,0.02412809059023857
4805,2,1,0.2804577648639679
4806,1,1,0.05600455030798912
4807,8,1,0.012944541871547699
4808,3,1,0.014837872236967087
4809,5,1,0.04275098070502281
4810,5,1,0.07707257568836212
4811,7,1,0.02023318037390709
4812,2,1,0.06250587105751038
4813,4,1,0.023675981909036636
4814,6,1,0.11270847916603088
4815,7,1,0.005599565804004669
4816,2,1,0.04434574022889137
4817,8,1,0.004478262737393379
4818,3,1,-0.0007127448916435242
4819,0,1,0.006689179688692093
4820,8,1,-0.0032488927245140076
4821,7,1,0.0035473108291625977
4822,8,1,0.016854342073202133
4823,9,0,-0.00151786208152771
4824,0,1,0.013545271009206772
4825,8,1,-0.010431809350848198
4826,4,1,0.08119428157806396
4827,4,1,0.012179292738437653
4828,5,1,0.03472746163606644
4829,8,1,0.027948252856731415
4830,5,1,0.03652380034327507
4831,6,1,0.08552457392215729
4832,6,1,0.01773517206311226
4833,3,1,0.06199787184596062
4834,0,1,0.016283541917800903
4835,9,0,-0.00722881406545639
4836,3,1,0.006579410284757614
4837,7,1,0.0254550538957119
4838,6,1,0.06633874773979187
4839,8,1,0.004520272836089134
4840,9,0,-0.010689953342080116
4841,3,1,0.024113807827234268
4842,4,1,0.0075707510113716125
4843,9,0,-0.00933611299842596
4844,5,1,0.04765307530760765
4845,8,1,-0.006736231967806816
4846,9,0,-0.01257807295769453
4847,1,1,0.0547136627137661
4848,2,1,0.16801977157592773
4849,8,1,0.004269272089004517
4850,8,1,0.005247466266155243
4851,6,1,0.014385085552930832
4852,8,1,0.04840971156954765
4853,1,1,-0.00032364577054977417
4854,3,1,0.0471835695207119
4855,7,1,0.009844884276390076
4856,9,0,-0.014926478266716003
4857,0,1,0.009892579168081284
4858,1,1,0.023339752107858658
4859,1,1,0.02466779574751854
4860,4,1,-0.004265870898962021
4861,7,1,0.02292974665760994
4862,0,1,0.24008113145828247
4863,8,1,-0.016534466296434402
4864,1,1,0.035575982183218
4865,7,1,0.010073225945234299
4866,4,1,0.018706899136304855
4867,5,1,0.0014746598899364471
4868,7,1,0.01916394755244255
4869,1,1,0.003670433536171913
4870,2,1,0.061659228056669235
4871,1,1,0.041504617780447006
4872,1,1,0.021593820303678513
4873,3,1,0.01494796946644783
4874,9,0,0.00910060852766037
4875,6,1,0.006302131339907646
4876,2,1,0.1329652965068817
4877,1,1,0.00018157437443733215
4878,2,1,0.14427044987678528
4879,8,1,0.002821527421474457
4880,0,1,0.0054403189569711685
4881,7,1,0.042425502091646194
4882,6,1,0.01795307919383049
4883,6,1,0.05089963600039482
4884,9,0,-0.01156654767692089
4885,3,1,0.03475489839911461
4886,7,1,0.010533425956964493
4887,0,1,0.0032197255641222
4888,5,1,0.07114490866661072
4889,2,1,0.25651106238365173
4890,8,1,0.044181790202856064
4891,0,1,0.15025503933429718
4892,5,1,0.023750711232423782
4893,4,1,0.004609979689121246
4894,3,1,0.024976160377264023
4895,8,1,-0.006101470440626144
4896,4,1,0.007950551807880402
4897,6,1,0.03748111054301262
4898,6,1,0.05452587828040123
4899,2,1,0.060304831713438034
4900,7,1,-0.006152408197522163
4901,9,0,-0.010146230459213257
4902,5,1,0.0028468072414398193
4903,1,1,0.063076451420784
4904,3,1,0.022158820182085037
4905,2,1,0.14902447164058685
4906,4,1,0.01699894666671753
4907,3,1,0.0439913235604763
4908,6,1,0.00911705195903778
4909,1,1,0.06555697321891785
4910,9,0,-0.010181357152760029
4911,4,1,-0.004216702654957771
4912,4,1,0.00940411165356636
4913,7,1,0.009719748049974442
4914,6,1,0.03777068480849266
4915,5,1,0.009063921868801117
4916,4,1,0.013091199100017548
4917,1,1,0.0755361020565033
4918,9,0,-0.00341062992811203
4919,9,0,-0.015409419313073158
4920,2,1,0.07261532545089722
4921,7,1,-0.005957338958978653
4922,8,1,0.007101057097315788
4923,0,1,0.06575317680835724
4924,1,1,0.02925635501742363
4925,3,1,0.028539221733808517
4926,6,1,0.031204748898744583
4927,1,1,0.011770647019147873
4928,3,1,0.08029100298881531
4929,4,1,0.025162968784570694
4930,1,1,0.08216063678264618
4931,1,1,0.007925719022750854
4932,1,1,0.08616214990615845
4933,5,1,0.018485400825738907
4934,6,1,0.02923707291483879
4935,0,1,0.026810720562934875
4936,7,1,0.02044009044766426
4937,0,1,0.06596866250038147
4938,7,1,0.05457034334540367
4939,2,1,0.04948791489005089
4940,3,1,0.10127368569374084
4941,2,1,0.06436227262020111
4942,5,1,-9.534507989883423e-05
4943,2,1,0.027164515107870102
4944,2,1,0.01927674561738968
4945,9,0,-0.009107260033488274
4946,4,1,0.0035344287753105164
4947,9,0,-0.01633017510175705
4948,8,1,-0.016506623476743698
4949,1,1,0.03370804712176323
4950,2,1,0.134770467877388
4951,1,1,0.10573521256446838
4952,6,1,0.04460552707314491
4953,1,1,0.04986103996634483
4954,2,1,0.09082530438899994
4955,7,1,0.04426836594939232
4956,8,1,-0.0030767302960157394
4957,0,1,0.061306413263082504
4958,0,1,0.0432431735098362
4959,0,1,-0.005969032645225525
4960,8,1,0.04524775967001915
4961,2,1,0.09880171716213226
4962,2,1,0.3524968922138214
4963,9,0,-0.011027807369828224
4964,2,1,0.06874498724937439
4965,2,1,0.05705103650689125
4966,7,1,0.0032331980764865875
4967,9,0,-0.007588895037770271
4968,9,0,-0.013921156525611877
4969,2,1,0.26389840245246887
4970,7,1,0.01383192092180252
4971,5,1,-0.00948392041027546
4972,1,1,0.025656044483184814
4973,3,1,0.0509098581969738
4974,4,1,0.0226847343146801
4975,9,0,-0.01177174597978592
4976,4,1,0.011119302362203598
4977,1,1,0.004555961117148399
4978,8,1,-0.010739387944340706
4979,5,1,0.020565595477819443
4980,6,1,0.02051258459687233
4981,2,1,0.1468668282032013
4982,8,1,-0.01164422556757927
4983,3,1,0.009190138429403305
4984,1,1,0.01712796464562416
4985,2,1,0.0722309947013855
4986,8,1,0.0007053129374980927
4987,4,1,0.022598963230848312
4988,9,0,-0.012011071667075157
4989,9,0,-0.007680673152208328
4990,3,1,0.012695837765932083
4991,7,1,0.00373208150267601
4992,0,1,0.12355434894561768
4993,7,1,0.02159377932548523
4994,7,1,0.015266630798578262
4995,2,1,0.06368455290794373
4996,3,1,0.13916197419166565
4997,2,1,0.12621049582958221
4998,4,1,-0.003979183733463287
4999,0,1,0.175217866897583
5000,3,1,0.05755320563912392
5001,9,0,-0.010746410116553307
5002,9,0,-0.013692054897546768
5003,8,1,0.013666655868291855
5004,4,1,0.0054409317672252655
5005,1,1,0.016421876847743988
5006,0,1,0.1227494478225708
5007,6,1,0.06685665249824524
5008,0,1,0.05697925016283989
5009,9,0,-0.009732002392411232
5010,6,1,0.06994712352752686
5011,8,1,0.004410088062286377
5012,6,1,0.02035539224743843
5013,1,1,0.07438810169696808
5014,1,1,-0.000508258119225502
5015,9,0,-0.014249034225940704
5016,8,1,0.003521047532558441
5017,9,0,-0.010090658441185951
5018,2,1,0.05168985202908516
5019,3,1,0.03139255568385124
5020,5,1,0.07795153558254242
5021,5,1,0.04591687396168709
5022,9,0,-0.011856511235237122
5023,4,1,0.00790582224726677
5024,2,1,0.05061693862080574
5025,1,1,0.04066338762640953
5026,9,0,-0.011436334811151028
5027,4,1,0.008741762489080429
5028,3,1,0.013095121830701828
5029,9,0,-0.007349532097578049
5030,6,1,0.05966688320040703
5031,0,1,0.05095070227980614
5032,4,1,0.005266308784484863
5033,0,1,0.06284002959728241
5034,6,1,0.0629403293132782
5035,0,1,0.015527449548244476
5036,1,1,0.04853207990527153
5037,2,1,0.045087914913892746
5038,3,1,0.03609902784228325
5039,4,1,0.006230734288692474
5040,7,1,-0.0063268039375543594
5041,8,1,0.0031827781349420547
5042,9,0,-0.006743445992469788
5043,0,1,0.04327850416302681
5044,1,1,0.03717716783285141
5045,2,1,0.05314129218459129
5046,3,1,0.05219447240233421
5047,4,1,0.0074851177632808685
5048,7,1,-0.008725198917090893
5049,8,1,0.003517191857099533
5050,9,0,-0.01582995429635048
5051,0,1,0.06322422623634338
5052,1,1,0.0861036628484726
5053,2,1,0.0461755134165287
5054,3,1,0.0567934550344944
5055,4,1,0.024581681936979294
5056,5,1,0.0608089379966259
5057,6,1,0.10011895000934601
5058,7,1,-0.00647122785449028
5059,8,1,0.011772926896810532
5060,9,0,-0.01518217008560896
5061,8,1,0.0023139864206314087
5062,3,1,0.02530476823449135
5063,4,1,-0.0010768845677375793
5064,7,1,0.002008926123380661
5065,8,1,0.031163964420557022
5066,6,1,0.05230707302689552
5067,3,1,0.09162157773971558
5068,4,1,0.008723955601453781
5069,0,1,0.005518728867173195
5070,9,0,-0.01014990359544754
5071,7,1,0.0012952163815498352
5072,1,1,0.03868076577782631
5073,9,0,-0.012985610403120518
5074,3,1,0.06787928938865662
5075,8,1,0.045149024575948715
5076,4,1,0.018195468932390213
5077,7,1,-0.006300445646047592
5078,3,1,0.1320606768131256
5079,0,1,0.05126487836241722
5080,9,0,-0.011100471019744873
5081,1,1,0.014217495918273926
5082,4,1,0.02264363318681717
5083,5,1,0.07386042177677155
5084,4,1,0.01019475981593132
5085,6,1,0.017266694456338882
5086,2,1,0.02388988435268402
5087,0,1,0.059233348816633224
5088,6,1,0.00814797356724739
5089,2,1,0.038215842097997665
5090,1,1,0.03113562986254692
5091,1,1,0.009152140468358994
5092,1,1,0.02985847368836403
5093,1,1,0.021280433982610703
5094,7,1,0.0004283823072910309
5095,2,1,0.054709430783987045
5096,4,1,0.019589286297559738
5097,7,1,0.0028929300606250763
5098,5,1,0.08431251347064972
5099,2,1,0.03580981865525246
5100,9,0,-0.009272388182580471
5101,4,1,0.013843324035406113
5102,5,1,0.04770736023783684
5103,8,1,0.004839850589632988
5104,4,1,0.002041345462203026
5105,2,1,0.03431173786520958
5106,9,0,-0.007841605693101883
5107,7,1,-0.00481053814291954
5108,0,1,0.07506498694419861
5109,0,1,0.029524382203817368
5110,7,1,-0.011408143676817417
5111,5,1,0.057393770664930344
5112,1,1,0.038076817989349365
5113,1,1,0.010867282748222351
5114,7,1,0.0013284645974636078
5115,6,1,0.06764286756515503
5116,6,1,0.06048314645886421
5117,6,1,0.03842462971806526
5118,8,1,0.06958991289138794
5119,2,1,0.07287968695163727
5120,2,1,0.05559851601719856
5121,7,1,-0.004388637840747833
5122,7,1,-0.0029141511768102646
5123,4,1,0.025477301329374313
5124,0,1,0.01538516953587532
5125,2,1,0.055741433054208755
5126,4,1,0.03207443282008171
5127,2,1,0.02136913314461708
5128,1,1,0.05906764790415764
5129,8,1,0.026246901601552963
5130,9,0,-0.00934390164911747
5131,6,1,0.022880230098962784
5132,1,1,0.019317548722028732
5133,0,1,0.02871016040444374
5134,5,1,0.06280425190925598
5135,9,0,-0.012291262857615948
5136,6,1,0.042734887450933456
5137,9,0,-0.00955918151885271
5138,8,1,0.07586468756198883
5139,0,1,0.018351294100284576
5140,3,1,0.07907451689243317
5141,0,1,0.027426380664110184
5142,8,1,0.04530021920800209
5143,3,1,0.0429365374147892
5144,9,0,-0.012059247121214867
5145,6,1,0.05692322924733162
5146,3,1,0.058308202773332596
5147,0,1,0.05124587193131447
5148,1,1,0.056513357907533646
5149,2,1,0.21572355926036835
5150,3,1,0.07416743040084839
5151,4,1,0.005329374223947525
5152,5,1,0.07033433020114899
5153,6,1,0.05631015822291374
5154,7,1,0.0004310980439186096
5155,0,1,0.038179151713848114
5156,1,1,0.04786146804690361
5157,2,1,0.11469894647598267
5158,3,1,0.10886450111865997
5159,4,1,-0.006724365055561066
5160,5,1,0.021364673972129822
5161,6,1,0.05130796507000923
5162,7,1,0.00151076540350914
5163,8,1,0.03767567500472069
5164,9,0,-0.009863283485174179
5165,0,1,0.08473238348960876
5166,1,1,0.06495632231235504
5167,2,1,0.24975287914276123
5168,3,1,0.08286434412002563
5169,4,1,5.719810724258423e-05
5170,5,1,0.02208751067519188
5171,6,1,0.06091837212443352
5172,7,1,0.0021792203187942505
5173,8,1,0.010240022093057632
5174,5,1,0.02924589067697525
5175,4,1,-0.005324024707078934
5176,8,1,0.024602148681879044
5177,7,1,-0.010694192722439766
5178,4,1,0.002487003803253174
5179,7,1,0.0526387058198452
5180,7,1,-0.0045669227838516235
5181,3,1,0.05645314231514931
5182,9,0,-0.011140638031065464
5183,8,1,0.0022354722023010254
5184,8,1,0.01726439967751503
5185,3,1,0.01859981194138527
5186,1,1,0.049914103001356125
5187,5,1,0.015676800161600113
5188,8,1,0.06843620538711548
5189,2,1,0.24150219559669495
5190,7,1,-0.005253901705145836
5191,4,1,0.028413500636816025
5192,2,1,0.09310227632522583
5193,1,1,0.08713316917419434
5194,5,1,0.13185574114322662
5195,4,1,0.014100901782512665
5196,5,1,0.08067871630191803
5197,5,1,0.056292008608579636
5198,8,1,0.02645191177725792
5199,6,1,0.12366726994514465
5200,4,1,0.006229717284440994
5201,4,1,-0.0036772526800632477
5202,4,1,0.015484955161809921
5203,1,1,0.02173839882016182
5204,8,1,0.03251965716481209
5205,7,1,0.009546633809804916
5206,5,1,0.07401679456233978
5207,5,1,0.05912837013602257
5208,1,1,0.048529308289289474
5209,8,1,0.07420074939727783
5210,9,0,-0.010354211553931236
5211,1,1,0.02014249935746193
5212,3,1,0.06906566023826599
5213,6,1,0.03226380795240402
5214,3,1,0.02109239622950554
5215,3,1,0.012221988290548325
5216,2,1,0.15986385941505432
5217,2,1,0.07748386263847351
5218,6,1,0.06911240518093109
5219,9,0,-0.008848270401358604
5220,9,0,-0.010923814959824085
5221,6,1,0.08058473467826843
5222,5,1,0.03623402491211891
5223,5,1,0.06682167947292328
5224,3,1,0.1264781355857849
5225,3,1,0.09296074509620667
5226,8,1,0.010464288294315338
5227,1,1,0.029802273958921432
5228,6,1,0.076998770236969
5229,5,1,0.045754749327898026
5230,6,1,0.0494825504720211
5231,8,1,0.06156272068619728
5232,1,1,0.07982680201530457
5233,9,0,-0.01687769591808319
5234,7,1,-0.0011706016957759857
5235,6,1,0.09746700525283813
5236,8,1,0.017280731350183487
5237,3,1,0.2952122092247009
5238,7,1,0.03289690241217613
5239,4,1,0.0017685741186141968
5240,7,1,0.0064256880432367325
5241,0,1,0.11828978359699249
5242,9,0,-0.010737857781350613
5243,0,1,0.041343364864587784
5244,0,1,0.05215835943818092
5245,3,1,0.07318015396595001
5246,7,1,0.031186778098344803
5247,9,0,-0.014580830931663513
5248,3,1,0.21351401507854462
5249,0,1,0.02803840860724449
5250,2,1,0.05935363098978996
5251,0,1,0.040158119052648544
5252,1,1,0.07263779640197754
5253,0,1,0.05733875557780266
5254,1,1,0.03163740038871765
5255,0,1,0.10396125912666321
5256,4,1,0.026743322610855103
5257,0,1,0.03275860473513603
5258,1,1,0.04869024083018303
5259,0,1,0.03990292176604271
5260,4,1,0.027040664106607437
5261,7,1,0.030097976326942444
5262,9,0,-0.009240787476301193
5263,6,1,0.043488625437021255
5264,2,1,0.23359596729278564
5265,6,1,0.03978775069117546
5266,2,1,0.13771305978298187
5267,2,1,0.11026179790496826
5268,9,0,0.006624646484851837
5269,9,0,-0.015001233667135239
5270,0,1,-2.434477210044861e-05
5271,1,1,0.014820881187915802
5272,2,1,0.07522034645080566
5273,3,1,0.01723916456103325
5274,4,1,0.004966478794813156
5275,5,1,0.006908580660820007
5276,6,1,0.014911863952875137
5277,7,1,0.002079702913761139
5278,8,1,-0.007486157119274139
5279,9,0,-0.008547445759177208
5280,0,1,0.005734564736485481
5281,1,1,0.011553097516298294
5282,2,1,0.06243594363331795
5283,3,1,0.02690233662724495
5284,4,1,0.027222346514463425
5285,5,1,0.0019799210131168365
5286,6,1,0.027093905955553055
5287,7,1,0.044601332396268845
5288,8,1,0.007464133203029633
5289,9,0,-0.01315394788980484
5290,0,1,0.01341341808438301
5291,1,1,0.03535611927509308
5292,2,1,0.04511236771941185
5293,3,1,0.02996475249528885
5294,4,1,0.02714800462126732
5295,5,1,0.012769889086484909
5296,6,1,0.01427953690290451
5297,7,1,0.019688181579113007
5298,8,1,0.01648847386240959
5299,9,0,-0.008843164891004562
5300,8,1,0.00031458400189876556
5301,0,1,0.0014417916536331177
5302,5,1,0.004569556564092636
5303,6,1,0.03010067716240883
5304,6,1,0.029075928032398224
5305,0,1,0.009663194417953491
5306,8,1,-0.0031489618122577667
5307,0,1,-0.004712048918008804
5308,2,1,0.057817135006189346
5309,3,1,0.0474979542195797
5310,7,1,0.013001255691051483
5311,9,0,-0.004925837740302086
5312,4,1,0.00949142873287201
5313,7,1,0.020787928253412247
5314,1,1,0.04263510927557945
5315,9,0,-0.007772017270326614
5316,1,1,0.004858706146478653
5317,7,1,0.0013509802520275116
5318,1,1,0.03531195968389511
5319,4,1,0.04545871540904045
5320,0,1,0.008515659719705582
5321,0,1,-0.003947706893086433
5322,4,1,0.006281642243266106
5323,1,1,0.018173642456531525
5324,7,1,-0.003164086490869522
5325,5,1,0.01735764369368553
5326,7,1,0.0073035843670368195
5327,1,1,0.02634425088763237
5328,3,1,-0.007031422108411789
5329,3,1,0.023910503834486008
5330,3,1,0.005401164293289185
5331,1,1,0.057557474821805954
5332,6,1,0.030125368386507034
5333,9,0,-0.009844057261943817
5334,7,1,-0.0029340945184230804
5335,4,1,0.056675802916288376
5336,3,1,0.007146824151277542
5337,0,1,0.03698157146573067
5338,2,1,0.07289592921733856
5339,5,1,0.02012447640299797
5340,2,1,0.13713520765304565
5341,6,1,0.009131986647844315
5342,0,1,0.011671032756567001
5343,8,1,-0.005018249154090881
5344,9,0,-0.008571683429181576
5345,4,1,0.008213639259338379
5346,3,1,0.002814941108226776
5347,5,1,0.007094494998455048
5348,4,1,0.011219251900911331
5349,8,1,0.018238503485918045
5350,1,1,0.046862948685884476
5351,5,1,0.02762862667441368
5352,9,0,-0.011994138360023499
5353,0,1,0.0158599354326725
5354,6,1,0.030941788107156754
5355,4,1,0.004073884338140488
5356,3,1,0.017675340175628662
5357,6,1,0.06958010792732239
5358,3,1,0.033215828239917755
5359,3,1,0.035136446356773376
5360,8,1,-0.004467621445655823
5361,1,1,0.028918180614709854
5362,4,1,-0.0011608060449361801
5363,7,1,-0.009781049564480782
5364,5,1,0.021736685186624527
5365,7,1,-0.005068302154541016
5366,2,1,0.039981115609407425
5367,2,1,0.059928569942712784
5368,0,1,0.001379743218421936
5369,0,1,0.09017829596996307
5370,1,1,0.045989517122507095
5371,7,1,-0.01053345762193203
5372,7,1,-0.005398862063884735
5373,9,0,-0.010878047905862331
5374,5,1,0.040419530123472214
5375,9,0,-0.011965446174144745
5376,8,1,-0.00643906369805336
5377,9,0,-0.009693145751953125
5378,6,1,0.07194510102272034
5379,8,1,0.007048770785331726
5380,8,1,-0.002997584640979767
5381,2,1,0.08919650316238403
5382,3,1,0.1165330708026886
5383,6,1,0.01897498592734337
5384,1,1,0.03604865074157715
5385,2,1,0.18976524472236633
5386,9,0,-0.013566085137426853
5387,8,1,0.009789325296878815
5388,9,0,-0.01120666041970253
5389,5,1,0.004258306697010994
5390,2,1,0.06824328005313873
5391,6,1,0.03332608565688133
5392,2,1,0.11287298798561096
5393,4,1,0.029391806572675705
5394,8,1,0.013013895601034164
5395,4,1,0.010678678750991821
5396,6,1,0.0385860837996006
5397,5,1,0.018719863146543503
5398,0,1,0.005866605788469315
5399,1,1,0.05576328560709953
5400,5,1,0.07004082202911377
5401,6,1,0.01227688416838646
5402,7,1,-0.002263914793729782
5403,8,1,-0.002475028857588768
5404,9,0,-0.01244504377245903
5405,0,1,0.042105529457330704
5406,1,1,0.09478551149368286
5407,2,1,0.038687318563461304
5408,3,1,0.03270212560892105
5409,4,1,0.053859759122133255
5410,5,1,0.04133391007781029
5411,6,1,0.026145514100790024
5412,7,1,0.00633234903216362
5413,8,1,-0.009260185062885284
5414,9,0,-0.012122178450226784
5415,0,1,0.1216980516910553
5416,1,1,0.0551457516849041
5417,2,1,0.07871584594249725
5418,3,1,0.09591738879680634
5419,4,1,0.028898868709802628
5420,5,1,0.031349729746580124
5421,6,1,0.03675752505660057
5422,7,1,0.0013046115636825562
5423,8,1,-0.008720146492123604
5424,9,0,-0.005113571882247925
5425,7,1,0.004169967025518417
5426,4,1,0.04600876197218895
5427,2,1,0.07576258480548859
5428,0,1,0.05768151208758354
5429,9,0,-0.01522284559905529
5430,0,1,0.04251096770167351
5431,1,1,0.03226780891418457
5432,5,1,0.06697481870651245
5433,8,1,-0.007205812260508537
5434,8,1,-0.0019458383321762085
5435,0,1,-0.0029299743473529816
5436,2,1,0.1177639365196228
5437,7,1,-0.00488787516951561
5438,8,1,-0.004913158714771271
5439,4,1,0.021609023213386536
5440,4,1,-0.007425593212246895
5441,6,1,0.04150540754199028
5442,1,1,0.034484729170799255
5443,0,1,0.03391715884208679
5444,4,1,0.034935228526592255
5445,5,1,0.03162091597914696
5446,3,1,-0.008660473860800266
5447,9,0,-0.011466743424534798
5448,4,1,0.0204007588326931
5449,2,1,0.04692085459828377
5450,0,1,0.02117137610912323
5451,5,1,0.058669570833444595
5452,0,1,0.06145576760172844
5453,1,1,0.06252658367156982
5454,3,1,0.040466826409101486
5455,2,1,0.033773962408304214
5456,9,0,-0.012379458174109459
5457,1,1,0.019980348646640778
5458,6,1,0.03392776846885681
5459,0,1,0.05698032304644585
5460,1,1,0.008651155978441238
5461,1,1,0.04486265406012535
5462,8,1,0.002391371876001358
5463,0,1,0.03558480367064476
5464,4,1,0.041860055178403854
5465,7,1,0.03647545352578163
5466,7,1,-0.0011171456426382065
5467,6,1,0.017218153923749924
5468,3,1,0.0224742591381073
5469,6,1,0.047523144632577896
5470,0,1,0.010838668793439865
5471,7,1,0.003497118130326271
5472,3,1,0.032913029193878174
5473,5,1,0.015194077044725418
5474,4,1,0.045281145721673965
5475,2,1,0.08177678287029266
5476,4,1,0.028471704572439194
5477,1,1,0.07504059374332428
5478,8,1,0.004265431314706802
5479,3,1,0.011043153703212738
5480,5,1,0.054341983050107956
5481,6,1,0.017118871212005615
5482,7,1,0.006029598414897919
5483,0,1,0.03409906104207039
5484,6,1,0.023326296359300613
5485,7,1,0.002702571451663971
5486,1,1,0.03566410765051842
5487,2,1,0.045294251292943954
5488,5,1,0.0566694475710392
5489,8,1,-0.0017331596463918686
5490,1,1,0.019258320331573486
5491,9,0,-0.010997246950864792
5492,3,1,0.03299398720264435
5493,8,1,0.003091253340244293
5494,2,1,0.1806454211473465
5495,8,1,0.009562414139509201
5496,7,1,-0.003779403865337372
5497,6,1,0.03876657411456108
5498,7,1,-0.003956574946641922
5499,1,1,0.03695761784911156
5500,4,1,0.08303475379943848
5501,6,1,0.03710382059216499
5502,2,1,0.07845185697078705
5503,9,0,-0.012419020757079124
5504,3,1,0.06481297314167023
5505,0,1,0.0007488057017326355
5506,1,1,0.03482336923480034
5507,2,1,0.14894598722457886
5508,3,1,0.013405513018369675
5509,4,1,0.009461838752031326
5510,5,1,0.0222281813621521
5511,6,1,0.03245129808783531
5512,7,1,-0.005094844847917557
5513,0,1,0.03457107022404671
5514,1,1,0.03936600312590599
5515,2,1,0.20659896731376648
5516,3,1,0.05026909336447716
5517,4,1,0.004967834800481796
5518,5,1,0.018686633557081223
5519,0,1,-0.003724353387951851
5520,1,1,0.03713696822524071
5521,2,1,0.24490338563919067
5522,8,1,0.004338832572102547
5523,9,0,-0.007022082805633545
5524,1,1,0.033773161470890045
5525,4,1,0.012792285531759262
5526,0,1,-0.001718081533908844
5527,9,0,-0.013365903869271278
5528,5,1,0.004802387207746506
5529,0,1,-0.009799638763070107
5530,8,1,0.006173372268676758
5531,0,1,0.025729645043611526
5532,7,1,-0.007945260033011436
5533,7,1,-0.012850670143961906
5534,1,1,0.029537316411733627
5535,1,1,0.008260171860456467
5536,2,1,0.020421992987394333
5537,9,0,-0.013195162639021873
5538,3,1,0.031799789518117905
5539,6,1,0.020921174436807632
5540,7,1,0.00032999739050865173
5541,2,1,0.0514877550303936
5542,3,1,0.004541158676147461
5543,8,1,0.0062542445957660675
5544,1,1,0.02699064463376999
5545,2,1,0.04477570578455925
5546,9,0,-0.011849557980895042
5547,8,1,0.006295790895819664
5548,8,1,0.000265536829829216
5549,7,1,-0.003077639266848564
5550,1,1,0.021130762994289398
5551,7,1,-0.007258269935846329
5552,1,1,0.034134380519390106
5553,1,1,0.03160177171230316
5554,0,1,0.0025287605822086334
5555,3,1,0.008063692599534988
5556,4,1,0.04232435300946236
5557,2,1,0.06352908909320831
5558,6,1,0.03370792046189308
5559,4,1,0.010600905865430832
5560,7,1,-0.0058044325560331345
5561,4,1,0.016824062913656235
5562,2,1,0.03163478896021843
5563,7,1,-0.0023178383708000183
5564,4,1,0.06356121599674225
5565,9,0,-0.011002840474247932
5566,1,1,0.0013156775385141373
5567,0,1,-0.0033836178481578827
5568,6,1,0.037154681980609894
5569,8,1,0.010382991284132004
5570,5,1,0.028729084879159927
5571,5,1,0.054953206330537796
5572,5,1,0.037461746484041214
5573,3,1,0.0036077313125133514
5574,5,1,0.031853821128606796
5575,9,0,-0.01486856210976839
5576,7,1,-0.0073647815734148026
5577,4,1,-0.0017664097249507904
5578,8,1,0.0002866573631763458
5579,5,1,0.016946904361248016
5580,9,0,-0.013788565061986446
5581,6,1,0.04019308462738991
5582,9,0,-0.015241200104355812
5583,3,1,0.012201379984617233
5584,0,1,0.11130228638648987
5585,3,1,0.019719582051038742
5586,8,1,0.006441421806812286
5587,9,0,-0.01279850397258997
5588,1,1,0.030661117285490036
5589,8,1,-0.002519909292459488
5590,1,1,0.02142217755317688
5591,6,1,0.007057029753923416
5592,0,1,0.011879537254571915
5593,0,1,0.04768368974328041
5594,1,1,0.001669272780418396
5595,2,1,0.060490500181913376
5596,3,1,-0.0028985701501369476
5597,4,1,0.0006290022283792496
5598,5,1,0.061473097652196884
5599,6,1,0.02743736281991005
5600,7,1,-0.012590453028678894
5601,8,1,0.01112062856554985
5602,9,0,-0.01207406260073185
5603,0,1,0.1048193871974945
5604,1,1,0.026492130011320114
5605,2,1,0.08509503304958344
5606,3,1,0.018648352473974228
5607,4,1,-0.0003664586693048477
5608,5,1,0.009019982069730759
5609,6,1,0.03354240581393242
5610,7,1,-0.011246856302022934
5611,8,1,0.09392930567264557
5612,9,0,-0.011536933481693268
5613,0,1,0.09329935908317566
5614,1,1,0.0025097690522670746
5615,2,1,0.026895076036453247
5616,3,1,0.030831467360258102
5617,4,1,-0.008999562822282314
5618,5,1,0.20382174849510193
5619,6,1,0.05504114553332329
5620,7,1,-0.010724367573857307
5621,8,1,0.009033087641000748
5622,9,0,-0.006103552877902985
5623,3,1,0.01723754033446312
5624,5,1,0.03147393837571144
5625,3,1,0.0060431621968746185
5626,2,1,0.03783812001347542
5627,9,0,-0.010891968384385109
5628,3,1,0.0463443361222744
5629,2,1,0.04115167632699013
5630,1,1,0.0037726908922195435
5631,4,1,0.016840185970067978
5632,5,1,0.08676543831825256
5633,5,1,0.07367606461048126
5634,2,1,0.018793847411870956
5635,3,1,0.028018031269311905
5636,2,1,0.0469546876847744
5637,1,1,0.01489100232720375
5638,3,1,0.05992918834090233
5639,9,0,-0.008454591035842896
5640,7,1,0.007250301539897919
5641,2,1,0.09445253014564514
5642,1,1,0.0852440595626831
5643,2,1,0.09782528877258301
5644,8,1,0.026454150676727295
5645,9,0,-0.011834917590022087
5646,1,1,0.0363897867500782
5647,8,1,0.02207523211836815
5648,8,1,-0.010456046089529991
5649,7,1,-0.008626896888017654
5650,8,1,0.028766363859176636
5651,1,1,0.003603970631957054
5652,0,1,0.006310975179076195
5653,0,1,-0.002373775467276573
5654,7,1,0.00037069618701934814
5655,7,1,0.003299875184893608
5656,8,1,0.0061120688915252686
5657,7,1,-0.0035238973796367645
5658,5,1,0.07044482231140137
5659,0,1,0.04593558982014656
5660,6,1,0.03739423677325249
5661,1,1,0.06822669506072998
5662,5,1,0.06490388512611389
5663,7,1,-0.005040369927883148
5664,4,1,0.03688059374690056
5665,6,1,0.04594668373465538
5666,1,1,0.0075700543820858
5667,2,1,0.05606934800744057
5668,5,1,0.022818107157945633
5669,0,1,0.16303354501724243
5670,7,1,-0.005833640694618225
5671,9,0,-0.011269249022006989
5672,9,0,-0.009472119621932507
5673,0,1,0.18055769801139832
5674,3,1,0.07197050750255585
5675,8,1,0.00974053144454956
5676,4,1,0.11476586759090424
5677,4,1,0.033165402710437775
5678,8,1,0.000473732128739357
5679,1,1,0.0043574124574661255
5680,8,1,-0.010842624120414257
5681,6,1,0.05017295107245445
5682,5,1,0.01938488334417343
5683,9,0,-0.003978345543146133
5684,0,1,0.12883178889751434
5685,0,1,0.1816394329071045
5686,0,1,0.17727772891521454
5687,3,1,0.06686507165431976
5688,7,1,-0.011125071905553341
5689,1,1,0.009156741201877594
5690,6,1,0.08764100074768066
5691,4,1,0.04442426189780235
5692,2,1,0.05900656059384346
5693,6,1,0.03908980265259743
5694,6,1,0.027826126664876938
5695,0,1,0.174794003367424
5696,4,1,0.030383843928575516
5697,5,1,0.008669082075357437
5698,4,1,0.023787178099155426
5699,1,1,0.0005646888166666031
5700,3,1,0.04173445329070091
5701,8,1,0.0027360450476408005
5702,6,1,0.04857151582837105
5703,3,1,0.06078944727778435
5704,9,0,-0.011838396079838276
5705,9,0,-0.007950082421302795
5706,5,1,0.07218067348003387
5707,9,0,-0.012299934402108192
5708,3,1,0.05051754042506218
5709,7,1,-0.015000566840171814
5710,8,1,-0.003534112125635147
5711,5,1,0.0427071712911129
5712,6,1,0.05745339021086693
5713,4,1,0.023172173649072647
5714,7,1,-0.011803952045738697
5715,6,1,0.02618354931473732
5716,2,1,0.057986851781606674
5717,2,1,0.013192731887102127
5718,0,1,0.058068033307790756
5719,9,0,-0.003911558538675308
5720,4,1,0.022536780685186386
5721,0,1,0.012399349361658096
5722,1,1,0.04619468376040459
5723,2,1,0.015742335468530655
5724,3,1,0.00898674875497818
5725,4,1,0.03291495516896248
5726,5,1,0.007849067449569702
5727,6,1,0.05986509099602699
5728,7,1,5.157105624675751e-05
5729,8,1,0.010335322469472885
5730,9,0,-0.0008715074509382248
5731,0,1,0.00885464996099472
5732,1,1,0.012979421764612198
5733,2,1,0.05510193482041359
5734,3,1,0.03094744309782982
5735,5,1,0.03779522702097893
5736,6,1,0.025569137185811996
5737,0,1,0.09947684407234192
5738,1,1,0.006589896976947784
5739,2,1,0.1087658703327179
5740,3,1,0.0792090892791748
5741,4,1,0.011137142777442932
5742,5,1,0.14075219631195068
5743,6,1,0.07105667889118195
5744,8,1,0.01323457807302475
5745,7,1,-0.0008190218359231949
5746,1,1,0.06338870525360107
5747,3,1,0.005290733650326729
5748,2,1,0.12462669610977173
5749,8,1,0.05010382458567619
5750,0,1,0.01870296522974968
5751,7,1,0.0005442705005407333
5752,5,1,0.3187078535556793
5753,9,0,-0.012006344273686409
5754,9,0,-0.009590824134647846
5755,6,1,0.06516559422016144
5756,0,1,0.0157943032681942
5757,9,0,-0.011900585144758224
5758,4,1,0.01489974930882454
5759,1,1,0.045954663306474686
5760,3,1,0.028096716850996017
5761,2,1,0.14809727668762207
5762,1,1,0.04727638140320778
5763,2,1,0.11262398958206177
5764,3,1,0.01890053227543831
5765,8,1,0.031816624104976654
5766,3,1,0.007183682173490524
5767,2,1,0.11229179799556732
5768,6,1,0.06915821135044098
5769,5,1,0.018919728696346283
5770,6,1,0.044274311512708664
5771,8,1,0.03435429558157921
5772,2,1,0.1373189389705658
5773,7,1,0.011717941612005234
5774,4,1,0.00548337958753109
5775,8,1,0.012648601084947586
5776,1,1,0.06737951934337616
5777,8,1,0.03658171370625496
5778,0,1,0.06510478258132935
5779,5,1,0.06469899415969849
5780,3,1,0.08070862293243408
5781,9,0,-0.012735040858387947
5782,4,1,0.05106399580836296
5783,1,1,0.03480537235736847
5784,9,0,-0.00415446050465107
5785,2,1,0.18321740627288818
5786,1,1,0.03590366616845131
5787,9,0,-0.012044813483953476
5788,6,1,0.021290700882673264
5789,7,1,-0.004467068240046501
5790,9,0,-0.008853329345583916
5791,0,1,0.02731063961982727
5792,4,1,0.06722719967365265
5793,6,1,0.028685733675956726
5794,1,1,0.05145704373717308
5795,7,1,-0.004702970385551453
5796,3,1,0.056363534182310104
5797,8,1,0.06946402788162231
5798,7,1,0.0031299889087677
5799,2,1,0.11315017938613892
5800,9,0,-0.01254134438931942
5801,6,1,0.04931681975722313
5802,5,1,0.0294235460460186
5803,8,1,0.06727102398872375
5804,3,1,-0.004515700042247772
5805,9,0,-0.012658726423978806
5806,0,1,0.04777510091662407
5807,5,1,0.002444574609398842
5808,7,1,0.0024535097181797028
5809,1,1,0.04885650798678398
5810,6,1,0.07033506035804749
5811,1,1,0.050739120692014694
5812,0,1,-9.846501052379608e-05
5813,9,0,-0.014423622749745846
5814,3,1,0.04053163155913353
5815,3,1,0.15256844460964203
5816,4,1,0.09289461374282837
5817,4,1,-0.001207960769534111
5818,0,1,0.03835182264447212
5819,6,1,0.07818923890590668
5820,2,1,0.04601837322115898
5821,5,1,0.06162790581583977
5822,4,1,0.01757754012942314
5823,2,1,0.06371361017227173
5824,3,1,0.0033617522567510605
5825,4,1,0.036683589220047
5826,6,1,0.07255828380584717
5827,0,1,0.0582650862634182
5828,0,1,0.06108926609158516
5829,2,1,0.16132260859012604
5830,0,1,0.06147991493344307
5831,1,1,0.02896307036280632
5832,4,1,0.012443769723176956
5833,5,1,0.02655932307243347
5834,6,1,0.04031060263514519
5835,7,1,-0.01001222524791956
5836,8,1,0.020223885774612427
5837,9,0,-0.012786855921149254
5838,0,1,0.05138931795954704
5839,1,1,0.01773211359977722
5840,2,1,0.02315223589539528
5841,3,1,0.163539320230484
5842,4,1,0.011527486145496368
5843,5,1,0.03642120584845543
5844,6,1,0.053133536130189896
5845,7,1,0.007467351853847504
5846,8,1,0.03648901358246803
5847,0,1,0.03372303023934364
5848,1,1,-0.0047220103442668915
5849,2,1,0.03959367796778679
5850,3,1,0.09911760687828064
5851,4,1,0.020437978208065033
5852,5,1,0.08708077669143677
5853,6,1,0.07520593702793121
5854,7,1,0.005820220336318016
5855,8,1,0.007625233381986618
5856,9,0,-0.007228143513202667
5857,8,1,0.07299046218395233
5858,7,1,-0.014344774186611176
5859,1,1,0.046867381781339645
5860,3,1,0.06725779175758362
5861,7,1,-0.0029904022812843323
5862,5,1,0.016445156186819077
5863,2,1,0.11231023073196411
5864,8,1,0.00014118477702140808
5865,0,1,0.005127923563122749
5866,7,1,-0.0013229995965957642
5867,5,1,0.011486411094665527
5868,9,0,-0.00971376895904541
5869,9,0,-0.013092216104269028
5870,0,1,0.06931172311306
5871,9,0,-0.009798957034945488
5872,1,1,0.009358450770378113
5873,1,1,0.04147493466734886
5874,5,1,0.0627177357673645
5875,8,1,0.007011445239186287
5876,8,1,0.008175753057003021
5877,6,1,0.020796798169612885
5878,3,1,0.07878480851650238
5879,2,1,0.3858453631401062
5880,1,1,0.04305147007107735
5881,8,1,0.015087440609931946
5882,3,1,0.04572967812418938
5883,2,1,0.033899638801813126
5884,6,1,0.028404664248228073
5885,5,1,0.05510076507925987
5886,6,1,0.049331117421388626
5887,7,1,0.02235998585820198
5888,4,1,0.02587718889117241
5889,1,1,0.044560592621564865
5890,0,1,-0.005788888782262802
5891,5,1,0.10778352618217468
5892,3,1,0.0846811980009079
5893,1,1,0.034105200320482254
5894,9,0,-0.009774583391845226
5895,2,1,0.058052632957696915
5896,1,1,0.008897457271814346
5897,9,0,-0.00921071507036686
5898,6,1,0.03815421089529991
5899,0,1,0.039308901876211166
5900,4,1,0.026158761233091354
5901,6,1,0.07813449203968048
5902,1,1,0.054267097264528275
5903,7,1,-0.007916314527392387
5904,3,1,0.03070242330431938
5905,8,1,0.040545348078012466
5906,7,1,-0.01192884985357523
5907,2,1,0.09134989976882935
5908,9,0,-0.013018200173974037
5909,6,1,0.06733979284763336
5910,5,1,0.2932317554950714
5911,8,1,-0.0011637136340141296
5912,3,1,0.050731416791677475
5913,5,1,0.2747688591480255
5914,7,1,-0.010446196421980858
5915,1,1,0.041947927325963974
5916,6,1,0.07061156630516052
5917,1,1,0.008562851697206497
5918,0,1,0.02930407226085663
5919,9,0,-0.012604503892362118
5920,6,1,0.03989517316222191
5921,2,1,-0.004953853785991669
5922,5,1,0.03468179330229759
5923,4,1,0.018018390983343124
5924,2,1,0.026182886213064194
5925,3,1,0.0393817164003849
5926,4,1,-0.0029409173876047134
5927,4,1,0.02226213738322258
5928,6,1,0.06356373429298401
5929,0,1,0.02030303329229355
5930,0,1,0.10707573592662811
5931,2,1,0.16024963557720184
5932,0,1,0.0514737106859684
5933,1,1,0.031688082963228226
5934,2,1,0.03737463057041168
5935,3,1,0.0007812343537807465
5936,4,1,0.025140903890132904
5937,5,1,-0.0024463851004838943
5938,6,1,0.04234277084469795
5939,7,1,0.021444030106067657
5940,8,1,0.008311640471220016
5941,9,0,0.00563107430934906
5942,0,1,0.01945532113313675
5943,1,1,0.02950458601117134
5944,2,1,0.04229847714304924
5945,3,1,-0.006099795922636986
5946,4,1,0.017635919153690338
5947,5,1,-0.006102707237005234
5948,6,1,0.03745066002011299
5949,7,1,0.006657145917415619
5950,8,1,-0.008407460525631905
5951,9,0,-0.012388771399855614
5952,0,1,0.0481795035302639
5953,1,1,0.05030209943652153
5954,2,1,0.10689172148704529
5955,3,1,0.0015426892787218094
5956,4,1,-0.005415908992290497
5957,5,1,0.007652927190065384
5958,6,1,0.10124801099300385
5959,7,1,0.02860889583826065
5960,8,1,-0.008611930534243584
5961,9,0,-0.011930245906114578
5962,8,1,0.0086386539041996
5963,6,1,0.04350486025214195
5964,5,1,0.0020529888570308685
5965,0,1,0.04530675336718559
5966,6,1,0.05533933266997337
5967,8,1,-0.005763225257396698
5968,9,0,-0.006319986656308174
5969,4,1,0.011012781411409378
5970,1,1,0.06466585397720337
5971,9,0,-0.0031927917152643204
5972,5,1,0.004964819177985191
5973,3,1,-0.0032561570405960083
5974,0,1,-0.010775329545140266
5975,4,1,-0.0032341107726097107
5976,8,1,0.001211492344737053
5977,9,0,-0.004017531871795654
5978,1,1,0.04212846979498863
5979,4,1,0.021025661379098892
5980,0,1,0.0063699837774038315
5981,5,1,-0.010968311689794064
5982,5,1,0.0185529924929142
5983,2,1,0.020050320774316788
5984,1,1,0.04611925408244133
5985,5,1,0.010907161980867386
5986,4,1,0.004825916141271591
5987,0,1,0.002098090946674347
5988,7,1,0.03590281680226326
5989,6,1,0.045162368565797806
5990,0,1,0.02356792613863945
5991,1,1,0.03699534758925438
5992,7,1,0.016058478504419327
5993,0,1,0.05903903767466545
5994,6,1,0.03522937372326851
5995,8,1,-0.008740749210119247
5996,9,0,-0.009638078510761261
5997,5,1,0.004040364176034927
5998,1,1,0.03745712712407112
5999,7,1,0.030161995440721512
6000,9,0,-0.0060716718435287476
6001,8,1,-0.012734195217490196
6002,6,1,0.03986026719212532
6003,0,1,0.01029672846198082
6004,8,1,0.005809348076581955
6005,1,1,0.03684845194220543
6006,7,1,0.005252104252576828
6007,7,1,0.02106476202607155
6008,1,1,0.04573781415820122
6009,3,1,0.0015491228550672531
6010,2,1,0.15896561741828918
6011,3,1,0.006858710199594498
6012,1,1,0.04317091777920723
6013,4,1,0.011582855135202408
6014,2,1,0.32044628262519836
6015,0,1,0.01381603628396988
6016,0,1,0.05120758339762688
6017,7,1,0.015740256756544113
6018,8,1,-0.010915474966168404
6019,4,1,0.03545152395963669
6020,6,1,0.07400725781917572
6021,4,1,-0.00421464629471302
6022,9,0,-0.007701735943555832
6023,3,1,0.009748619049787521
6024,8,1,0.006232397630810738
6025,4,1,0.03393355384469032
6026,7,1,0.043917130678892136
6027,2,1,0.014414578676223755
6028,5,1,0.015070226043462753
6029,6,1,0.04008638486266136
6030,3,1,-0.004932597279548645
6031,6,1,0.03184012696146965
6032,9,0,-0.007665885612368584
6033,6,1,0.029184728860855103
6034,3,1,-0.010312841273844242
6035,2,1,-0.005309253931045532
6036,2,1,0.09985190629959106
6037,4,1,-0.0066157132387161255
6038,6,1,0.0855853259563446
6039,9,0,-0.003584902733564377
6040,0,1,-0.010375671088695526
6041,2,1,0.16847452521324158
6042,5,1,0.02356027439236641
6043,5,1,-0.0025672465562820435
6044,1,1,0.041374724358320236
6045,3,1,0.002242913469672203
6046,3,1,0.008796613663434982
6047,9,0,-0.010044125840067863
6048,7,1,0.004401158541440964
6049,8,1,-0.006010148674249649
6050,7,1,0.05168041214346886
6051,2,1,0.018579848110675812
6052,2,1,0.10412971675395966
6053,5,1,0.004201194271445274
6054,7,1,0.03087654709815979
6055,9,0,0.0063354335725307465
6056,8,1,0.0051717497408390045
6057,2,1,0.06317049264907837
6058,1,1,0.048560794442892075
6059,3,1,-0.011369621381163597
6060,1,1,0.031239919364452362
6061,3,1,0.011822137981653214
6062,0,1,0.017056304961442947
6063,1,1,0.0319645032286644
6064,2,1,0.11572729051113129
6065,3,1,0.012516673654317856
6066,4,1,0.02842835709452629
6067,5,1,0.05102968588471413
6068,6,1,0.06114046648144722
6069,7,1,0.017066489905118942
6070,8,1,-0.0005594436079263687
6071,9,0,-0.0010147076100111008
6072,0,1,0.02313302829861641
6073,1,1,0.026742346584796906
6074,2,1,0.07249899208545685
6075,3,1,0.021647367626428604
6076,4,1,0.010991927236318588
6077,5,1,0.03629525750875473
6078,6,1,0.053745146840810776
6079,7,1,0.013414382934570312
6080,8,1,0.006050199270248413
6081,9,0,0.0031903889030218124
6082,0,1,0.039593588560819626
6083,1,1,0.015417329967021942
6084,2,1,0.031168382614850998
6085,3,1,0.0475567989051342
6086,4,1,0.029009025543928146
6087,5,1,0.023738164454698563
6088,6,1,0.03550359979271889
6089,7,1,0.008188020437955856
6090,8,1,0.02012782171368599
6091,9,0,0.004483327269554138
6092,1,1,0.03417861834168434
6093,2,1,0.008514277637004852
6094,6,1,0.0131370909512043
6095,5,1,0.046629827469587326
6096,3,1,0.02039239928126335
6097,0,1,0.03260044381022453
6098,7,1,-0.004592167213559151
6099,0,1,0.030375991016626358
6100,4,1,0.03006122261285782
6101,1,1,0.015889771282672882
6102,4,1,0.03382451459765434
6103,3,1,0.01672075316309929
6104,6,1,0.01358151063323021
6105,7,1,-0.001338193193078041
6106,2,1,0.048770371824502945
6107,3,1,0.008403200656175613
6108,1,1,0.026325874030590057
6109,2,1,0.030881371349096298
6110,1,1,0.021493911743164062
6111,2,1,0.02287612482905388
6112,9,0,-0.008320053108036518
6113,6,1,0.011053960770368576
6114,0,1,0.04123275354504585
6115,1,1,-0.006165951490402222
6116,3,1,0.015318524092435837
6117,0,1,0.03265203535556793
6118,2,1,0.027855079621076584
6119,7,1,0.012195035815238953
6120,5,1,0.03384288400411606
6121,7,1,0.006223317235708237
6122,6,1,0.02590121328830719
6123,2,1,0.16170522570610046
6124,9,0,-0.008833382278680801
6125,1,1,0.04039623215794563
6126,9,0,-0.01414659433066845
6127,0,1,0.1505039632320404
6128,6,1,0.0462244413793087
6129,0,1,0.19240319728851318
6130,6,1,0.05246354267001152
6131,0,1,0.06803253293037415
6132,2,1,0.0539642833173275
6133,0,1,0.040059711784124374
6134,6,1,0.02293015643954277
6135,1,1,0.034893229603767395
6136,5,1,0.030965793877840042
6137,8,1,-0.007260117679834366
6138,4,1,0.029763147234916687
6139,3,1,0.04475880786776543
6140,0,1,0.024420756846666336
6141,1,1,-6.36167824268341e-05
6142,5,1,0.026821348816156387
6143,4,1,0.02208392322063446
6144,4,1,-0.00015024282038211823
6145,8,1,-0.006194807589054108
6146,5,1,0.04085352644324303
6147,7,1,0.00717802532017231
6148,5,1,0.05176296457648277
6149,7,1,-0.0036612506955862045
6150,8,1,0.009547214955091476
6151,3,1,0.012864604592323303
6152,4,1,-0.0009677167981863022
6153,8,1,0.0048937611281871796
6154,8,1,0.013459738343954086
6155,5,1,0.03418171778321266
6156,2,1,0.10436110198497772
6157,9,0,-0.00964832492172718
6158,7,1,-0.004233596846461296
6159,1,1,0.023635651916265488
6160,3,1,0.012456167489290237
6161,8,1,0.02359156683087349
6162,1,1,0.03432338312268257
6163,0,1,0.012085214257240295
6164,7,1,0.025894638150930405
6165,5,1,0.011454373598098755
6166,9,0,0.009847830981016159
6167,6,1,0.02544577792286873
6168,9,0,0.017028991132974625
6169,4,1,0.02249392867088318
6170,7,1,-0.006605874747037888
6171,7,1,-0.003925293684005737
6172,9,0,0.006733667105436325
6173,9,0,0.00026738084852695465
6174,3,1,0.02251257374882698
6175,4,1,0.007743801921606064
6176,4,1,0.0418522022664547
6177,3,1,0.011362951248884201
6178,8,1,0.005064027383923531
6179,6,1,0.02641277015209198
6180,2,1,0.038008883595466614
6181,0,1,0.0001603551208972931
6182,1,1,0.03623403236269951
6183,2,1,0.04255073890089989
6184,3,1,0.005659453570842743
6185,4,1,0.015641454607248306
6186,5,1,0.03687397018074989
6187,6,1,0.04585055634379387
6188,7,1,-0.008931297808885574
6189,8,1,0.013380791991949081
6190,9,0,-0.012803535908460617
6191,0,1,0.03410153463482857
6192,1,1,0.03503837063908577
6193,2,1,0.06335791945457458
6194,3,1,0.06729255616664886
6195,4,1,0.026467230170965195
6196,5,1,0.038757745176553726
6197,6,1,0.031489886343479156
6198,7,1,-0.012661795131862164
6199,8,1,0.022153455764055252
6200,9,0,-0.009376625530421734
6201,0,1,0.05208635702729225
6202,1,1,0.0593198724091053
6203,2,1,0.05217527225613594
6204,3,1,0.007901407778263092
6205,4,1,0.015394318848848343
6206,5,1,0.03995147719979286
6207,6,1,0.04721527919173241
6208,7,1,-0.005029249936342239
6209,8,1,0.008479371666908264
6210,9,0,-0.008869719691574574
6211,0,1,0.027229223400354385
6212,8,1,0.00296209380030632
6213,3,1,0.05672594532370567
6214,9,0,-0.013549895957112312
6215,5,1,0.0491260401904583
6216,5,1,0.019168909639120102
6217,2,1,0.018276404589414597
6218,6,1,0.048316191881895065
6219,8,1,-0.003079913556575775
6220,4,1,0.00611250102519989
6221,9,0,-0.012219082564115524
6222,1,1,0.027290556579828262
6223,7,1,-0.009877088479697704
6224,1,1,0.023883681744337082
6225,2,1,0.1582704484462738
6226,3,1,0.08846189081668854
6227,5,1,0.03440752997994423
6228,9,0,-0.002625778317451477
6229,6,1,0.036011941730976105
6230,9,0,-0.009359844028949738
6231,1,1,0.04403633996844292
6232,1,1,-0.0015077311545610428
6233,1,1,0.036948274821043015
6234,2,1,0.026047300547361374
6235,9,0,-0.011739024892449379
6236,5,1,0.04163212701678276
6237,6,1,0.03498449549078941
6238,8,1,0.03308836370706558
6239,1,1,0.026998799294233322
6240,2,1,0.054609205573797226
6241,0,1,0.012439068406820297
6242,7,1,-0.003329111263155937
6243,7,1,-0.00720803439617157
6244,5,1,0.02751179039478302
6245,8,1,0.005566693842411041
6246,2,1,0.15712690353393555
6247,9,0,-0.010959319770336151
6248,8,1,0.005432853475213051
6249,9,0,-0.010834207758307457
6250,0,1,0.003839746117591858
6251,4,1,0.007242843508720398
6252,6,1,0.01400715485215187
6253,7,1,-0.007254648953676224
6254,1,1,0.0005903057754039764
6255,3,1,0.05342019721865654
6256,4,1,0.013554159551858902
6257,5,1,0.05015582963824272
6258,6,1,0.03906804695725441
6259,0,1,0.07144767045974731
6260,3,1,0.022729549556970596
6261,6,1,0.025480467826128006
6262,8,1,0.0174894779920578
6263,7,1,-0.001703597605228424
6264,0,1,0.03028104454278946
6265,4,1,0.022684920579195023
6266,2,1,0.07078246772289276
6267,7,1,-0.004957748576998711
6268,4,1,0.017014600336551666
6269,7,1,-0.0017878804355859756
6270,5,1,0.03140270337462425
6271,4,1,0.0021761953830718994
6272,3,1,0.006199343129992485
6273,4,1,0.027216866612434387
6274,2,1,0.035156842321157455
6275,8,1,0.009265121072530746
6276,1,1,0.044604260474443436
6277,5,1,0.025706451386213303
6278,1,1,0.03810717537999153
6279,2,1,0.045365843921899796
6280,0,1,0.014736633747816086
6281,2,1,0.07668228447437286
6282,5,1,0.034250374883413315
6283,6,1,0.033701177686452866
6284,4,1,0.017046228051185608
6285,3,1,0.030008919537067413
6286,0,1,0.012645937502384186
6287,0,1,-0.002740878611803055
6288,0,1,0.02180977538228035
6289,3,1,0.01381729543209076
6290,3,1,0.03396910801529884
6291,5,1,0.037106774747371674
6292,7,1,-0.01207788847386837
6293,0,1,0.02515900507569313
6294,6,1,0.02940656617283821
6295,4,1,0.008611328899860382
6296,8,1,0.0022396836429834366
6297,8,1,0.004856571555137634
6298,6,1,0.06460846960544586
6299,3,1,0.0757998377084732
6300,4,1,0.023608192801475525
6301,6,1,0.030040200799703598
6302,9,0,-0.011586546897888184
6303,9,0,-0.00998704694211483
6304,8,1,0.017775539308786392
6305,2,1,0.03485788404941559
6306,7,1,-0.007082710042595863
6307,7,1,-0.007872186601161957
6308,1,1,0.00610550120472908
6309,0,1,0.021790925413370132
6310,1,1,0.029473330825567245
6311,2,1,0.07278238236904144
6312,3,1,0.01853446289896965
6313,4,1,0.040118154138326645
6314,5,1,0.039009708911180496
6315,6,1,0.029039863497018814
6316,7,1,0.0049896761775016785
6317,8,1,0.008929293602705002
6318,9,0,-0.01631569117307663
6319,0,1,0.06097457930445671
6320,1,1,0.05232992395758629
6321,2,1,0.21024182438850403
6322,3,1,0.07203328609466553
6323,4,1,0.022679392248392105
6324,5,1,0.06952129304409027
6325,6,1,0.03908955678343773
6326,7,1,0.05731198564171791
6327,8,1,0.02584114298224449
6328,0,1,0.014059986919164658
6329,1,1,0.07246389985084534
6330,2,1,0.03565690293908119
6331,3,1,0.02310970053076744
6332,4,1,0.046850625425577164
6333,5,1,0.05286867544054985
6334,6,1,0.033566441386938095
6335,7,1,0.01356327161192894
6336,8,1,0.003849416971206665
6337,2,1,0.029402699321508408
6338,1,1,0.004279930144548416
6339,7,1,0.018450208008289337
6340,2,1,0.070538729429245
6341,5,1,0.08248689770698547
6342,0,1,0.016707759350538254
6343,8,1,0.03268641233444214
6344,0,1,0.014372039586305618
6345,2,1,0.12281438708305359
6346,7,1,0.00760316476225853
6347,8,1,0.028820019215345383
6348,8,1,0.00225011445581913
6349,3,1,0.02698332443833351
6350,6,1,0.03989855572581291
6351,0,1,0.07052090764045715
6352,2,1,0.11337460577487946
6353,7,1,0.04410367086529732
6354,6,1,0.052703406661748886
6355,6,1,0.018826082348823547
6356,1,1,0.027539033442735672
6357,2,1,0.03143063560128212
6358,8,1,0.025082949548959732
6359,8,1,0.032359782606363297
6360,7,1,0.03621954098343849
6361,7,1,0.011357609182596207
6362,4,1,0.0037069171667099
6363,7,1,8.806027472019196e-05
6364,7,1,0.017529655247926712
6365,3,1,0.0046766456216573715
6366,7,1,0.014519095420837402
6367,4,1,0.05537716671824455
6368,5,1,0.040057312697172165
6369,4,1,0.015863697975873947
6370,3,1,0.09211042523384094
6371,3,1,0.02936941757798195
6372,8,1,0.011231612414121628
6373,4,1,0.054577093571424484
6374,1,1,0.03551789000630379
6375,1,1,0.03886785730719566
6376,9,0,-0.012523758225142956
6377,7,1,-0.002658326178789139
6378,4,1,0.032983992248773575
6379,3,1,0.03966729715466499
6380,7,1,-0.008022267371416092
6381,3,1,0.12005823850631714
6382,3,1,0.012669216841459274
6383,0,1,-0.003026247024536133
6384,2,1,0.06876394152641296
6385,5,1,0.021431174129247665
6386,5,1,0.04175855591893196
6387,6,1,0.03377890586853027
6388,6,1,0.04099331423640251
6389,3,1,0.04984024539589882
6390,5,1,0.0142253078520298
6391,2,1,0.03479628637433052
6392,5,1,0.016106832772493362
6393,9,0,-0.009068019688129425
6394,9,0,-0.015034094452857971
6395,8,1,-0.004961684346199036
6396,4,1,0.014250542968511581
6397,1,1,0.03431696072220802
6398,0,1,-0.011452659033238888
6399,6,1,0.030670389533042908
6400,0,1,0.0028807837516069412
6401,9,0,-0.014843788929283619
6402,6,1,0.01074298843741417
6403,8,1,0.03134176507592201
6404,8,1,0.020328789949417114
6405,5,1,0.04074488952755928
6406,6,1,0.050416212528944016
6407,1,1,0.01132597029209137
6408,1,1,0.01122191920876503
6409,9,0,-0.011805901303887367
6410,8,1,-0.0038082823157310486
6411,9,0,-0.010676027275621891
6412,2,1,0.11436699330806732
6413,3,1,0.08277334272861481
6414,5,1,0.055685508996248245
6415,5,1,0.028234217315912247
6416,9,0,-0.0019180476665496826
6417,4,1,0.012515835464000702
6418,2,1,0.039035405963659286
6419,1,1,0.03721490874886513
6420,9,0,-0.011222563683986664
6421,3,1,0.12319238483905792
6422,9,0,-0.014527248218655586
6423,2,1,0.061243731528520584
6424,0,1,0.007318682968616486
6425,6,1,0.07692225277423859
6426,0,1,0.030259568244218826
6427,4,1,0.00854303315281868
6428,0,1,0.025683633983135223
6429,0,1,0.14778012037277222
6430,1,1,0.0396927185356617
6431,2,1,0.09060816466808319
6432,3,1,0.016121085733175278
6433,4,1,0.009511873126029968
6434,7,1,-0.004525758326053619
6435,8,1,0.004819327965378761
6436,9,0,-0.01438335794955492
6437,0,1,0.0773245096206665
6438,1,1,0.06010284647345543
6439,2,1,0.09873232245445251
6440,3,1,0.03627507761120796
6441,7,1,0.008224736899137497
6442,8,1,0.003300245851278305
6443,9,0,-0.010817261412739754
6444,0,1,0.0549621544778347
6445,1,1,0.03339708223938942
6446,2,1,0.07704684138298035
6447,3,1,0.006936384364962578
6448,4,1,0.012608218938112259
6449,7,1,-0.008916158229112625
6450,8,1,0.03937598690390587
6451,9,0,-0.013168560341000557
6452,7,1,-0.004675503820180893
6453,3,1,0.008725877851247787
6454,0,1,0.02275107428431511
6455,3,1,0.031417448073625565
6456,1,1,0.05542544648051262
6457,8,1,0.014103744179010391
6458,7,1,0.001719953492283821
6459,6,1,0.05092058703303337
6460,4,1,0.0022330358624458313
6461,0,1,0.02442014589905739
6462,2,1,0.07569217681884766
6463,6,1,0.07670708000659943
6464,8,1,0.007777299731969833
6465,3,1,0.0532238595187664
6466,2,1,0.0553414486348629
6467,8,1,0.013357594609260559
6468,1,1,0.03325657919049263
6469,2,1,0.0985594391822815
6470,0,1,0.021513674408197403
6471,7,1,-0.010911350138485432
6472,1,1,0.03859400376677513
6473,0,1,-0.003372225910425186
6474,4,1,0.01767643913626671
6475,4,1,0.01484154537320137
6476,5,1,0.027374479919672012
6477,8,1,-0.0026928596198558807
6478,0,1,0.019091349095106125
6479,6,1,0.04832863435149193
6480,2,1,0.05331872031092644
6481,3,1,0.017901834100484848
6482,1,1,0.033796727657318115
6483,5,1,0.06550146639347076
6484,1,1,0.053432900458574295
6485,8,1,0.024505935609340668
6486,5,1,0.06814546883106232
6487,9,0,-0.01078095193952322
6488,4,1,0.015143882483243942
6489,0,1,0.026618849486112595
6490,7,1,-0.011558162048459053
6491,5,1,0.06215706095099449
6492,8,1,-0.0024703480303287506
6493,8,1,0.014735281467437744
6494,3,1,0.01043277233839035
6495,8,1,0.014156166464090347
6496,9,0,-0.016573796048760414
6497,2,1,0.08346536755561829
6498,6,1,0.10758060216903687
6499,2,1,0.05269547924399376
6500,5,1,0.039558518677949905
6501,3,1,0.0013811476528644562
6502,1,1,0.022866349667310715
6503,7,1,-0.009085215628147125
6504,3,1,0.012640874832868576
6505,9,0,0.002975607290863991
6506,1,1,0.059327300637960434
6507,9,0,-0.0041081104427576065
6508,9,0,-0.009660383686423302
6509,6,1,0.05673578009009361
6510,0,1,0.04575895145535469
6511,3,1,0.028498336672782898
6512,9,0,-0.015206685289740562
6513,2,1,0.022965941578149796
6514,8,1,0.010685328394174576
6515,1,1,0.033743638545274734
6516,4,1,0.03330700471997261
6517,3,1,0.05585501715540886
6518,5,1,0.06999266147613525
6519,2,1,0.12632764875888824
6520,9,0,-0.014104675501585007
6521,2,1,0.04213852062821388
6522,5,1,0.07060757279396057
6523,8,1,-0.00812811590731144
6524,9,0,-0.01280307024717331
6525,5,1,0.05849529430270195
6526,0,1,0.08518649637699127
6527,1,1,0.04955536499619484
6528,2,1,0.31812891364097595
6529,4,1,0.0454985611140728
6530,5,1,-0.0026611555367708206
6531,6,1,0.08007963001728058
6532,0,1,0.14778196811676025
6533,1,1,0.04019175097346306
6534,2,1,0.032460253685712814
6535,3,1,0.010237906128168106
6536,4,1,0.03892001882195473
6537,5,1,0.035648975521326065
6538,6,1,0.10116308927536011
6539,7,1,0.013754446059465408
6540,1,1,0.0207776241004467
6541,2,1,0.12454836070537567
6542,3,1,0.027650199830532074
6543,4,1,0.04568330571055412
6544,5,1,0.01223701611161232
6545,1,1,0.033106524497270584
6546,0,1,0.04508371278643608
6547,4,1,0.04699820652604103
6548,5,1,0.06166433170437813
6549,6,1,0.03603341057896614
6550,6,1,0.07586681842803955
6551,3,1,0.07913962006568909
6552,4,1,0.0397786982357502
6553,4,1,0.012118559330701828
6554,2,1,0.06999312341213226
6555,8,1,-0.00882120430469513
6556,1,1,0.021129582077264786
6557,0,1,0.07151998579502106
6558,6,1,0.12795227766036987
6559,4,1,0.042551200836896896
6560,9,0,0.0184582881629467
6561,7,1,0.008038323372602463
6562,2,1,0.09368768334388733
6563,3,1,0.07472115755081177
6564,3,1,0.07225015759468079
6565,9,0,-0.011978866532444954
6566,2,1,0.12166854739189148
6567,0,1,0.03133206441998482
6568,9,0,0.013231217861175537
6569,3,1,0.009903240948915482
6570,3,1,0.005107356235384941
6571,9,0,0.006657108664512634
6572,1,1,0.05131315812468529
6573,5,1,0.1103292852640152
6574,2,1,0.2213861346244812
6575,3,1,-0.0034778062254190445
6576,7,1,0.27789875864982605
6577,7,1,0.03435542806982994
6578,8,1,0.02832227572798729
6579,4,1,0.0206933431327343
6580,0,1,0.16536791622638702
6581,2,1,0.22311651706695557
6582,4,1,0.052441153675317764
6583,0,1,0.0222766250371933
6584,2,1,0.08867700397968292
6585,4,1,0.06554488837718964
6586,7,1,-0.001032128930091858
6587,8,1,0.010999936610460281
6588,0,1,0.007871493697166443
6589,7,1,0.010891143232584
6590,0,1,0.16719970107078552
6591,6,1,0.15592718124389648
6592,9,0,-0.004332657903432846
6593,3,1,0.024051982909440994
6594,2,1,0.07063569128513336
6595,8,1,0.013869117945432663
6596,6,1,0.08583095669746399
6597,0,1,0.004203516989946365
6598,5,1,0.12503063678741455
6599,7,1,0.0003409869968891144
6600,5,1,0.32374805212020874
6601,1,1,0.03875209018588066
6602,0,1,0.033778440207242966
6603,8,1,-0.010445557534694672
6604,1,1,0.04790463671088219
6605,6,1,0.10561227798461914
6606,7,1,-0.006979547441005707
6607,2,1,0.09161506593227386
6608,9,0,-0.002029251307249069
6609,7,1,0.0015866719186306
6610,9,0,-0.0002875477075576782
6611,5,1,0.07419560849666595
6612,8,1,0.004734998568892479
6613,6,1,0.0834522545337677
6614,2,1,0.09821245074272156
6615,6,1,0.04488321766257286
6616,2,1,0.09150974452495575
6617,8,1,-0.004132255911827087
6618,1,1,0.07764406502246857
6619,7,1,-0.005987454205751419
6620,5,1,0.0857512354850769
6621,0,1,0.010370533913373947
6622,1,1,0.010515093803405762
6623,1,1,0.05925508961081505
6624,3,1,0.0038007069379091263
6625,8,1,0.0451761819422245
6626,4,1,0.022381078451871872
6627,9,0,0.0079752616584301
6628,1,1,0.034672483801841736
6629,8,1,0.03748292848467827
6630,6,1,0.03551826253533363
6631,8,1,0.009188108146190643
6632,9,0,0.023195896297693253
6633,0,1,0.006906075403094292
6634,1,1,0.0545121394097805
6635,2,1,0.02191806212067604
6636,3,1,0.01151583343744278
6637,4,1,0.0704415887594223
6638,5,1,0.12831813097000122
6639,6,1,0.06385380029678345
6640,7,1,0.004461981356143951
6641,8,1,0.03997093811631203
6642,9,0,0.0001860111951828003
6643,0,1,0.09827277064323425
6644,1,1,0.08377735316753387
6645,2,1,0.037076473236083984
6646,3,1,0.03696153685450554
6647,4,1,0.004376064985990524
6648,7,1,-0.004350271075963974
6649,8,1,0.011365160346031189
6650,9,0,-0.009398451074957848
6651,0,1,0.11333364248275757
6652,1,1,0.09633435308933258
6653,7,1,-0.006165698170661926
6654,8,1,0.14217448234558105
6655,9,0,0.003947123885154724
6656,9,0,-0.01458053383976221
6657,8,1,0.07962273061275482
6658,9,0,-0.0156584233045578
6659,8,1,0.040644507855176926
6660,4,1,0.11943143606185913
6661,1,1,0.08253586292266846
6662,7,1,0.056139592081308365
6663,7,1,-0.0019731801003217697
6664,3,1,0.0470474548637867
6665,3,1,0.026514049619436264
6666,7,1,0.007918432354927063
6667,6,1,0.07738876342773438
6668,6,1,0.12417882680892944
6669,6,1,0.1279158890247345
6670,1,1,0.05289876088500023
6671,9,0,-0.014532634988427162
6672,0,1,0.0029157623648643494
6673,1,1,0.0634552538394928
6674,7,1,0.0014357250183820724
6675,6,1,0.0773908942937851
6676,3,1,0.12621766328811646
6677,2,1,0.05323639139533043
6678,1,1,0.03446933999657631
6679,7,1,0.005788316950201988
6680,1,1,0.050819482654333115
6681,3,1,0.04075613245368004
6682,9,0,-0.013979747891426086
6683,1,1,0.03591448441147804
6684,7,1,-8.62516462802887e-05
6685,6,1,0.1586403250694275
6686,8,1,0.052124906331300735
6687,4,1,0.11781758069992065
6688,1,1,0.1361975073814392
6689,4,1,0.11199679970741272
6690,3,1,0.08590380847454071
6691,6,1,0.07258020341396332
6692,9,0,0.0056794919073581696
6693,6,1,0.04541287198662758
6694,1,1,0.20131221413612366
6695,4,1,0.001239832490682602
6696,4,1,0.013798456639051437
6697,7,1,-0.0009347125887870789
6698,2,1,0.07005351781845093
6699,4,1,0.0169767327606678
6700,4,1,0.06861536204814911
6701,0,1,0.00048623792827129364
6702,1,1,0.024255890399217606
6703,2,1,0.04075712338089943
6704,3,1,-0.005527224391698837
6705,4,1,0.018390856683254242
6706,5,1,0.0027050450444221497
6707,6,1,0.05827965959906578
6708,7,1,-0.006032425910234451
6709,8,1,0.0332503616809845
6710,9,0,-0.005717948079109192
6711,0,1,0.02744840458035469
6712,1,1,0.018834084272384644
6713,2,1,0.01853824406862259
6714,3,1,0.026653975248336792
6715,4,1,0.011690165847539902
6716,5,1,0.04049786552786827
6717,6,1,0.06383389234542847
6718,9,0,-0.0075528547167778015
6719,0,1,0.028939340263605118
6720,1,1,0.03198928013443947
6721,2,1,0.03367387875914574
6722,3,1,0.0022956635802984238
6723,4,1,0.02399609610438347
6724,7,1,-0.0008774027228355408
6725,8,1,0.038488660007715225
6726,1,1,0.03716777265071869
6727,3,1,0.01877579838037491
6728,5,1,0.0273636132478714
6729,1,1,0.02537873387336731
6730,7,1,0.0012375600636005402
6731,7,1,-0.008092937991023064
6732,2,1,0.04297500476241112
6733,1,1,0.026951681822538376
6734,4,1,0.032850541174411774
6735,8,1,0.03283373638987541
6736,3,1,0.04659665748476982
6737,4,1,0.03940055891871452
6738,4,1,0.03375257924199104
6739,3,1,0.022667113691568375
6740,9,0,-0.0014158394187688828
6741,7,1,0.00947505235671997
6742,4,1,0.015112817287445068
6743,1,1,0.061619292944669724
6744,2,1,0.06402423977851868
6745,3,1,0.014161929488182068
6746,5,1,0.03859592229127884
6747,9,0,-0.013505052775144577
6748,1,1,0.05440099164843559
6749,6,1,0.015600189566612244
6750,0,1,0.003859441727399826
6751,1,1,0.05200902745127678
6752,0,1,0.012974526733160019
6753,0,1,0.021203983575105667
6754,2,1,0.04977312311530113
6755,8,1,0.003381110727787018
6756,7,1,0.019004520028829575
6757,1,1,0.035130564123392105
6758,1,1,0.02079835906624794
6759,4,1,0.018162023276090622
6760,0,1,0.02362915873527527
6761,4,1,0.010816652327775955
6762,7,1,0.002191998064517975
6763,3,1,0.01835848018527031
6764,6,1,0.10839445888996124
6765,8,1,0.09284870326519012
6766,0,1,-0.00304601714015007
6767,3,1,0.0244150273501873
6768,7,1,0.06304323673248291
6769,4,1,0.060805391520261765
6770,0,1,0.04494597390294075
6771,6,1,0.03217170014977455
6772,9,0,-0.004738617688417435
6773,2,1,0.008605483919382095
6774,6,1,0.030010927468538284
6775,5,1,0.07004132866859436
6776,8,1,0.007256899029016495
6777,6,1,0.04472633823752403
6778,9,0,-0.013750027865171432
6779,0,1,0.004405571147799492
6780,4,1,0.008620817214250565
6781,0,1,0.018688645213842392
6782,6,1,0.03208955004811287
6783,1,1,0.01825058087706566
6784,9,0,-0.0025646761059761047
6785,2,1,0.10697081685066223
6786,0,1,0.016786057502031326
6787,9,0,-0.0127208037301898
6788,5,1,0.06247474625706673
6789,1,1,0.048838403075933456
6790,3,1,0.05192776396870613
6791,7,1,0.0026409849524497986
6792,6,1,0.028038352727890015
6793,9,0,-0.0019419342279434204
6794,3,1,0.03203369677066803
6795,0,1,0.018611613661050797
6796,2,1,0.04261104390025139
6797,2,1,0.014334850013256073
6798,0,1,0.06643812358379364
6799,1,1,0.03601725399494171
6800,2,1,0.2941683530807495
6801,3,1,0.13141018152236938
6802,4,1,0.03830048441886902
6803,5,1,0.10084576904773712
6804,6,1,0.037691567093133926
6805,7,1,0.003848608583211899
6806,8,1,-0.006670739501714706
6807,9,0,-0.005653019994497299
6808,0,1,0.008125174790620804
6809,1,1,0.039341624826192856
6810,2,1,0.4066114127635956
6811,3,1,0.07887068390846252
6812,4,1,0.023331623524427414
6813,5,1,0.04860958084464073
6814,6,1,0.05139985308051109
6815,7,1,0.023197095841169357
6816,8,1,0.011959422379732132
6817,9,0,-0.006353646516799927
6818,0,1,0.007189793512225151
6819,1,1,0.0447128526866436
6820,2,1,0.11049318313598633
6821,3,1,0.23170047998428345
6822,4,1,0.015559237450361252
6823,5,1,0.028947897255420685
6824,6,1,0.03212510421872139
6825,7,1,0.007415097206830978
6826,8,1,0.004085473716259003
6827,9,0,-0.014930143021047115
6828,2,1,0.22967687249183655
6829,1,1,0.008250515908002853
6830,7,1,0.008444227278232574
6831,2,1,0.22559498250484467
6832,5,1,0.020101118832826614
6833,0,1,0.08714368939399719
6834,8,1,0.006562443450093269
6835,0,1,0.09372085332870483
6836,2,1,0.20008336007595062
6837,7,1,-0.002673778682947159
6838,8,1,-0.0019971802830696106
6839,8,1,0.009340222924947739
6840,3,1,0.1737414300441742
6841,0,1,-0.0021685194224119186
6842,6,1,0.03734176233410835
6843,0,1,-0.006207628175616264
6844,2,1,0.22559957206249237
6845,7,1,0.018709558993577957
6846,6,1,0.04573892429471016
6847,6,1,0.02862495556473732
6848,1,1,0.04261292144656181
6849,2,1,0.31526315212249756
6850,8,1,-0.007705159485340118
6851,8,1,-0.0013311635702848434
6852,7,1,-0.0004853382706642151
6853,7,1,-0.00017517060041427612
6854,4,1,0.039593350142240524
6855,7,1,-0.0022726915776729584
6856,7,1,0.0020198822021484375
6857,3,1,0.023220766335725784
6858,7,1,0.002777678892016411
6859,4,1,0.008456479758024216
6860,5,1,0.0450124554336071
6861,4,1,0.034626659005880356
6862,3,1,0.06631925702095032
6863,3,1,0.07658007740974426
6864,8,1,0.0028621219098567963
6865,4,1,0.006833340972661972
6866,5,1,0.033702295273542404
6867,4,1,0.006704350933432579
6868,1,1,0.03844156488776207
6869,1,1,0.03513206169009209
6870,9,0,-0.013754850253462791
6871,7,1,0.025417674332857132
6872,4,1,0.006367295980453491
6873,3,1,0.0548107884824276
6874,7,1,0.018708743155002594
6875,3,1,0.027062248438596725
6876,3,1,0.1707499921321869
6877,0,1,0.0003626123070716858
6878,2,1,0.14008544385433197
6879,5,1,0.015506848692893982
6880,5,1,0.032756030559539795
6881,6,1,0.03811770677566528
6882,3,1,0.08283279836177826
6883,1,1,0.08173225820064545
6884,5,1,0.04074658080935478
6885,2,1,0.16726377606391907
6886,5,1,0.017990082502365112
6887,9,0,-0.005281735211610794
6888,9,0,-0.011561104096472263
6889,8,1,-0.0030818432569503784
6890,4,1,0.010889850556850433
6891,1,1,0.03671187162399292
6892,0,1,0.0011912845075130463
6893,6,1,0.09762880206108093
6894,0,1,-0.006312670186161995
6895,9,0,-0.004062920808792114
6896,6,1,0.041141804307699203
6897,8,1,-0.004993021488189697
6898,8,1,-0.008030567318201065
6899,5,1,0.002394638955593109
6900,6,1,0.009026117622852325
6901,1,1,0.028074022382497787
6902,1,1,0.04651493951678276
6903,9,0,-0.011577267199754715
6904,8,1,0.005883961915969849
6905,9,0,-0.009555431082844734
6906,2,1,0.2704925239086151
6907,3,1,0.0733090192079544
6908,5,1,0.05649464204907417
6909,5,1,-0.0060716308653354645
6910,9,0,0.0005320906639099121
6911,4,1,0.03744366392493248
6912,2,1,0.04415493831038475
6913,1,1,0.0048141516745090485
6914,9,0,-0.0109842075034976
6915,4,1,0.04079112038016319
6916,9,0,-0.01437378954142332
6917,1,1,0.006136894226074219
6918,3,1,0.0760154277086258
6919,9,0,-0.005057208240032196
6920,2,1,0.2593195140361786
6921,0,1,0.019958559423685074
6922,6,1,0.009524714201688766
6923,0,1,0.015098996460437775
6924,4,1,0.002368418499827385
6925,0,1,-0.010555816814303398
6926,6,1,0.05204455927014351
6927,0,1,-0.0066132377833127975
6928,1,1,0.039146844297647476
6929,2,1,0.04967501387000084
6930,3,1,0.027846459299325943
6931,4,1,-0.001061348244547844
6932,5,1,0.043836649507284164
6933,6,1,0.019101068377494812
6934,7,1,-0.011592487804591656
6935,8,1,-0.0008003935217857361
6936,9,0,-0.011347152292728424
6937,0,1,0.022379513829946518
6938,1,1,0.04580187425017357
6939,2,1,0.022488277405500412
6940,3,1,0.10755817592144012
6941,4,1,0.011694148182868958
6942,5,1,0.0512332059442997
6943,6,1,0.057697851210832596
6944,7,1,-0.009668441489338875
6945,8,1,0.026309464126825333
6946,9,0,-0.013988686725497246
6947,0,1,0.07421717047691345
6948,1,1,0.035556912422180176
6949,2,1,0.07093806564807892
6950,3,1,0.03404711186885834
6951,4,1,0.02078605815768242
6952,5,1,0.01809130236506462
6953,6,1,0.02511819824576378
6954,7,1,-0.00845673494040966
6955,8,1,0.01785367727279663
6956,9,0,-0.013345402665436268
6957,3,1,0.019723664969205856
6958,8,1,0.00716484896838665
6959,0,1,-0.0006522834300994873
6960,7,1,0.0012404434382915497
6961,1,1,0.010501537472009659
6962,0,1,0.015890832990407944
6963,7,1,0.002709951251745224
6964,5,1,0.02752465382218361
6965,5,1,0.03522602841258049
6966,6,1,0.011866632848978043
6967,9,0,-0.00795023888349533
6968,0,1,0.026747476309537888
6969,1,1,0.041191648691892624
6970,0,1,0.0151597298681736
6971,0,1,0.01869313046336174
6972,8,1,-0.0008085519075393677
6973,3,1,0.05461902543902397
6974,4,1,0.018932681530714035
6975,3,1,0.024377714842557907
6976,1,1,0.03710050880908966
6977,5,1,0.013637345284223557
6978,0,1,-0.012149794958531857
6979,0,1,0.0029625259339809418
6980,9,0,-0.014264842495322227
6981,5,1,0.04542220011353493
6982,3,1,-0.006453569978475571
6983,4,1,-0.001041380688548088
6984,9,0,-0.014437627047300339
6985,3,1,0.03124981001019478
6986,7,1,-0.0011473745107650757
6987,6,1,0.0251242034137249
6988,9,0,0.011260021477937698
6989,2,1,0.07967175543308258
6990,4,1,-6.0224905610084534e-05
6991,5,1,0.03790443390607834
6992,7,1,-0.003914918750524521
6993,2,1,0.13844068348407745
6994,6,1,0.03230908885598183
6995,4,1,0.013597529381513596
6996,9,0,-0.01735067553818226
6997,4,1,0.00022720545530319214
6998,9,0,-0.007366545498371124
6999,4,1,0.0072723980993032455
7000,1,1,0.0846373438835144
7001,2,1,0.02738509699702263
7002,2,1,0.03393440321087837
7003,5,1,0.05344683304429054
7004,8,1,-0.0024250932037830353
7005,1,1,0.05094391480088234
7006,3,1,0.059752363711595535
7007,2,1,0.07928664982318878
7008,9,0,-0.012826140969991684
7009,4,1,-0.001770591363310814
7010,3,1,0.010751623660326004
7011,8,1,0.009850870817899704
7012,2,1,0.045725490897893906
7013,2,1,0.055232953280210495
7014,1,1,0.0367765948176384
7015,2,1,0.07709956169128418
7016,8,1,-0.010893922299146652
7017,6,1,0.02283487096428871
7018,5,1,0.042629893869161606
7019,1,1,0.035508349537849426
7020,6,1,0.021007362753152847
7021,7,1,-0.0006511788815259933
7022,2,1,0.0506104938685894
7023,1,1,0.003368563950061798
7024,3,1,0.010365646332502365
7025,9,0,-0.011753619648516178
7026,3,1,0.02725597843527794
7027,8,1,0.021923433989286423
7028,7,1,0.002512386068701744
7029,5,1,0.1053299605846405
7030,7,1,-0.008205428719520569
7031,0,1,0.038559041917324066
7032,7,1,-0.011411180719733238
7033,4,1,-0.00492122583091259
7034,8,1,0.00872139260172844
7035,8,1,0.0006510242819786072
7036,5,1,0.035722799599170685
7037,0,1,0.02865554392337799
7038,6,1,0.029128067195415497
7039,6,1,0.016038063913583755
7040,3,1,0.05002136155962944
7041,7,1,-0.0016277432441711426
7042,6,1,0.034051574766635895
7043,9,0,-0.010921751148998737
7044,9,0,-0.013367915526032448
7045,4,1,0.02500513568520546
7046,8,1,0.0019008181989192963
7047,4,1,0.008052192628383636
7048,1,1,0.029655996710062027
7049,0,1,0.03543461859226227
7050,6,1,-0.0019449330866336823
7051,6,1,0.037415508180856705
7052,0,1,0.002644788473844528
7053,1,1,0.004394896328449249
7054,2,1,0.007616687566041946
7055,3,1,0.005177691578865051
7056,4,1,0.03831106796860695
7057,5,1,0.01006731390953064
7058,6,1,0.04226994141936302
7059,7,1,0.023701965808868408
7060,8,1,0.004388129338622093
7061,9,0,-0.014586217701435089
7062,0,1,0.03649478405714035
7063,1,1,0.0006732866168022156
7064,2,1,0.0397268645465374
7065,3,1,0.0001420155167579651
7066,4,1,0.03127666935324669
7067,5,1,0.04145036265254021
7068,6,1,0.00557987205684185
7069,7,1,-0.0072857048362493515
7070,8,1,0.0018651783466339111
7071,9,0,-0.010223942808806896
7072,0,1,0.021223191171884537
7073,1,1,0.047761086374521255
7074,2,1,0.02126413956284523
7075,3,1,-0.0025270264595746994
7076,4,1,0.019195135682821274
7077,5,1,0.016934435814619064
7078,6,1,0.035720448940992355
7079,7,1,-0.0014646593481302261
7080,8,1,-0.0024734623730182648
7081,9,0,-0.005225200206041336
7082,7,1,0.004716338589787483
7083,4,1,-6.606802344322205e-05
7084,0,1,0.0010897349566221237
7085,4,1,0.021234191954135895
7086,0,1,0.007399396970868111
7087,1,1,0.06267185509204865
7088,7,1,-0.007651710882782936
7089,9,0,-0.0088015366345644
7090,5,1,0.11855101585388184
7091,1,1,0.02386070415377617
7092,4,1,0.06688353419303894
7093,2,1,0.004784820601344109
7094,8,1,-0.012279522605240345
7095,9,0,-0.01124002505093813
7096,4,1,0.04662876948714256
7097,3,1,0.025728188455104828
7098,7,1,-0.007585201412439346
7099,8,1,-0.0011529214680194855
7100,2,1,0.05975441262125969
7101,4,1,0.010027684271335602
7102,4,1,0.0016211867332458496
7103,3,1,0.007757421582937241
7104,3,1,0.00024098344147205353
7105,6,1,0.02726796269416809
7106,9,0,-0.015604915097355843
7107,9,0,-0.01676991954445839
7108,5,1,0.060891043394804
7109,8,1,-0.0014866143465042114
7110,6,1,0.029992517083883286
7111,7,1,0.016337338835000992
7112,0,1,0.007098458707332611
7113,6,1,0.06013587489724159
7114,8,1,0.009605232626199722
7115,2,1,0.045209284871816635
7116,6,1,0.05453839525580406
7117,3,1,0.06337219476699829
7118,9,0,-0.01544107310473919
7119,3,1,0.026634056121110916
7120,2,1,0.025174442678689957
7121,8,1,-0.00981020275503397
7122,6,1,0.022030584514141083
7123,1,1,0.0511540062725544
7124,7,1,0.007631417363882065
7125,4,1,0.008352372795343399
7126,8,1,-0.004384972155094147
7127,8,1,-0.0009646713733673096
7128,9,0,-0.011086621321737766
7129,0,1,0.006112154573202133
7130,3,1,0.026195380836725235
7131,3,1,0.027318105101585388
7132,9,0,-0.00909473653882742
7133,0,1,0.005375271663069725
7134,5,1,0.051703568547964096
7135,2,1,0.06468898057937622
7136,9,0,-0.0014543496072292328
7137,4,1,0.005741337314248085
7138,1,1,0.06846168637275696
7139,0,1,0.003948044031858444
7140,3,1,0.03492388501763344
7141,7,1,-0.008824212476611137
7142,5,1,0.05036149546504021
7143,8,1,0.0006199218332767487
7144,7,1,-0.00483299046754837
7145,7,1,0.0035186856985092163
7146,8,1,-0.0015344731509685516
7147,2,1,0.02152794972062111
7148,9,0,-0.008305082097649574
7149,7,1,-0.007717721164226532
7150,1,1,0.02530306577682495
7151,2,1,0.00703008845448494
7152,6,1,0.069593146443367
7153,4,1,-0.0006010867655277252
7154,2,1,0.03638498857617378
7155,5,1,0.04265889152884483
7156,2,1,0.050338972359895706
7157,3,1,0.03628861531615257
7158,6,1,0.03585348278284073
7159,6,1,0.047391001135110855
7160,5,1,0.07171548902988434
7161,0,1,-0.007193470373749733
7162,0,1,0.009451329708099365
7163,2,1,0.046817388385534286
7164,8,1,-0.0053996071219444275
7165,1,1,0.04143572226166725
7166,6,1,0.051087189465761185
7167,1,1,0.03513089939951897
7168,0,1,0.0011342763900756836
7169,4,1,0.0347478948533535
7170,3,1,0.034153033047914505
7171,1,1,0.028902102261781693
7172,6,1,0.03696934133768082
7173,1,1,0.0521005354821682
7174,9,0,-0.013063906691968441
7175,0,1,0.16585595905780792
7176,1,1,0.04136781021952629
7177,4,1,0.004795154556632042
7178,5,1,0.024169396609067917
7179,6,1,0.08609789609909058
7180,7,1,0.0007886327803134918
7181,8,1,0.04916159436106682
7182,9,0,-0.00998121127486229
7183,1,1,0.07679697871208191
7184,2,1,0.04591898247599602
7185,3,1,0.02563944086432457
7186,4,1,-0.0007010530680418015
7187,5,1,0.04370049759745598
7188,6,1,0.192434623837471
7189,7,1,-0.0001031234860420227
7190,0,1,0.06264764070510864
7191,1,1,0.049643706530332565
7192,2,1,0.08533695340156555
7193,3,1,0.07776077091693878
7194,4,1,0.0028286315500736237
7195,5,1,0.04334285482764244
7196,6,1,0.2781951129436493
7197,7,1,-0.003269914537668228
7198,8,1,0.027279619127511978
7199,9,0,-0.013361603021621704
7200,8,1,-1.9337981939315796e-05
7201,4,1,-0.004911638796329498
7202,0,1,0.05219588056206703
7203,0,1,0.012876387685537338
7204,7,1,-0.0043346211314201355
7205,2,1,0.04207335039973259
7206,4,1,0.02671246975660324
7207,3,1,0.040004048496484756
7208,8,1,0.014812935143709183
7209,6,1,0.061515193432569504
7210,6,1,0.02129392698407173
7211,3,1,0.04975416883826256
7212,2,1,0.031231112778186798
7213,6,1,0.10037954151630402
7214,3,1,0.003451179713010788
7215,3,1,0.05508364364504814
7216,0,1,0.07395197451114655
7217,1,1,0.051521118730306625
7218,4,1,0.05750327929854393
7219,7,1,-0.008788363076746464
7220,8,1,0.04582573100924492
7221,0,1,0.024690449237823486
7222,3,1,0.027286235243082047
7223,1,1,0.0617612786591053
7224,9,0,-0.008686050772666931
7225,0,1,0.019522774964571
7226,1,1,0.05480050668120384
7227,9,0,-0.010047664865851402
7228,1,1,0.0589054711163044
7229,2,1,0.015220686793327332
7230,7,1,0.00025822222232818604
7231,0,1,0.02258247137069702
7232,1,1,0.09716100990772247
7233,3,1,0.04021994397044182
7234,8,1,0.06404134631156921
7235,2,1,0.0486898235976696
7236,9,0,-0.014109085313975811
7237,2,1,0.03771426901221275
7238,7,1,-0.0022028740495443344
7239,6,1,0.09248600900173187
7240,5,1,0.02976303920149803
7241,5,1,0.03674091771245003
7242,9,0,-0.012860296294093132
7243,9,0,-0.010605720803141594
7244,8,1,0.021883990615606308
7245,2,1,0.023278605192899704
7246,9,0,-0.014441534876823425
7247,1,1,0.06132933124899864
7248,3,1,0.045376356691122055
7249,2,1,0.025921691209077835
7250,3,1,0.04262669011950493
7251,4,1,0.027914997190237045
7252,3,1,0.04056492820382118
7253,1,1,0.04414999857544899
7254,9,0,-0.010744042694568634
7255,0,1,0.009361781179904938
7256,9,0,-0.013201332651078701
7257,3,1,0.008886586874723434
7258,6,1,0.04351982846856117
7259,8,1,0.010086391121149063
7260,7,1,0.004551216959953308
7261,0,1,0.05899421498179436
7262,1,1,0.05528070405125618
7263,0,1,0.023559149354696274
7264,5,1,0.027883410453796387
7265,8,1,0.04201510176062584
7266,2,1,0.06256116926670074
7267,7,1,0.0053200311958789825
7268,7,1,-0.0008276067674160004
7269,0,1,0.0010978542268276215
7270,1,1,0.05286518111824989
7271,2,1,0.0377722904086113
7272,3,1,-0.013698814436793327
7273,4,1,-0.00783546268939972
7274,5,1,0.028890687972307205
7275,6,1,0.08314621448516846
7276,7,1,0.004311967641115189
7277,8,1,0.0036525018513202667
7278,9,0,-0.009747195988893509
7279,0,1,0.015736032277345657
7280,1,1,0.03854139521718025
7281,2,1,0.03828776255249977
7282,3,1,0.014340810477733612
7283,4,1,0.002116899937391281
7284,5,1,0.006376724690198898
7285,6,1,0.03018413484096527
7286,7,1,-0.005497924983501434
7287,8,1,0.012301314622163773
7288,9,0,-0.00799822248518467
7289,0,1,0.008106794208288193
7290,1,1,0.03361082449555397
7291,2,1,0.013787377625703812
7292,3,1,-0.011098271235823631
7293,4,1,0.0007454603910446167
7294,5,1,0.027200356125831604
7295,6,1,0.021536726504564285
7296,7,1,-0.009566289372742176
7297,8,1,0.004009006544947624
7298,9,0,-0.011948082596063614
7299,1,1,0.03666985407471657
7300,7,1,-0.009659156203269958
7301,4,1,-0.003511456772685051
7302,8,1,-0.0019013527780771255
7303,1,1,0.041648153215646744
7304,5,1,0.05181295797228813
7305,6,1,0.016229484230279922
7306,5,1,0.029983259737491608
7307,7,1,-0.007684661075472832
7308,2,1,0.10255804657936096
7309,8,1,0.009220082312822342
7310,6,1,0.0052687786519527435
7311,3,1,0.02142247185111046
7312,3,1,-0.003483513370156288
7313,8,1,0.0013038497418165207
7314,6,1,0.02189236506819725
7315,5,1,0.0030218232423067093
7316,4,1,-0.0019643623381853104
7317,0,1,0.007937725633382797
7318,9,0,-0.010203128680586815
7319,1,1,0.021850857883691788
7320,7,1,-0.010131395421922207
7321,2,1,0.06240062788128853
7322,9,0,-0.014773433096706867
7323,1,1,0.039204392582178116
7324,5,1,0.0005892738699913025
7325,1,1,0.03055327758193016
7326,3,1,0.01717022806406021
7327,2,1,0.06732699275016785
7328,2,1,0.032354578375816345
7329,3,1,0.005697976797819138
7330,0,1,0.007993806153535843
7331,6,1,0.04365411773324013
7332,4,1,-0.009942839853465557
7333,3,1,-0.006958497688174248
7334,7,1,-0.007020574063062668
7335,6,1,0.003123227506875992
7336,9,0,-0.012032579630613327
7337,0,1,-0.0050706565380096436
7338,4,1,0.0012634843587875366
7339,8,1,-0.01256707962602377
7340,1,1,0.018111232668161392
7341,4,1,0.0069490596652030945
7342,0,1,0.00525713711977005
7343,6,1,0.08025884628295898
7344,1,1,-0.0030092112720012665
7345,2,1,0.02950483188033104
7346,6,1,0.021395709365606308
7347,9,0,-0.011361636221408844
7348,2,1,0.0352502278983593
7349,2,1,0.018324606120586395
7350,3,1,-0.011536854319274426
7351,5,1,0.023144904524087906
7352,5,1,0.030572984367609024
7353,1,1,0.037736084312200546
7354,0,1,0.017606858164072037
7355,7,1,-0.0066083334386348724
7356,7,1,-0.015460388734936714
7357,9,0,-0.0176128800958395
7358,6,1,0.05158832296729088
7359,2,1,0.05343310907483101
7360,9,0,-0.014275966212153435
7361,4,1,-0.0034637954086065292
7362,7,1,0.0070298705250024796
7363,0,1,0.03269294276833534
7364,2,1,0.10423515737056732
7365,3,1,0.0031240899115800858
7366,4,1,-0.005919810384511948
7367,0,1,0.0050872936844825745
7368,0,1,0.0005886480212211609
7369,8,1,-0.0029945895075798035
7370,8,1,-0.0012866035103797913
7371,8,1,0.01531955972313881
7372,5,1,0.05442626401782036
7373,1,1,0.02656233310699463
7374,3,1,0.005272023379802704
7375,7,1,-0.009484606795012951
7376,4,1,-0.007361650466918945
7377,9,0,-0.014849871397018433
7378,8,1,0.0178411565721035
7379,8,1,-0.00558944046497345
7380,9,0,-0.016242487356066704
7381,0,1,0.0014466829597949982
7382,9,0,-0.011554346419870853
7383,8,1,0.004044732078909874
7384,9,0,-0.01750708371400833
7385,0,1,0.00014630146324634552
7386,2,1,0.011390939354896545
7387,6,1,0.040653157979249954
7388,5,1,0.035139959305524826
7389,6,1,0.012007638812065125
7390,7,1,-0.010615890845656395
7391,4,1,0.0030018649995326996
7392,7,1,-0.01411803625524044
7393,5,1,0.04403584823012352
7394,4,1,0.01929573342204094
7395,1,1,0.03076256439089775
7396,3,1,-0.0005170796066522598
7397,5,1,0.019439909607172012
7398,3,1,0.08327977359294891
7399,1,1,0.035286933183670044
7400,2,1,0.07968153059482574
7401,3,1,0.06459490954875946
7402,4,1,0.11626593768596649
7403,5,1,0.005846008658409119
7404,6,1,0.04161198064684868
7405,1,1,0.07645393908023834
7406,2,1,0.0713556706905365
7407,3,1,0.03672272339463234
7408,4,1,0.04690441116690636
7409,6,1,0.01738133653998375
7410,0,1,0.03685077279806137
7411,1,1,0.022054698318243027
7412,2,1,0.19395217299461365
7413,4,1,0.11154469847679138
7414,5,1,0.02440671995282173
7415,6,1,0.04415098950266838
7416,7,1,0.0035440512001514435
7417,8,1,0.04700731858611107
7418,1,1,0.07146762311458588
7419,7,1,0.00273863784968853
7420,2,1,0.16454437375068665
7421,4,1,0.05487724766135216
7422,1,1,0.110884889960289
7423,4,1,0.002534676343202591
7424,1,1,0.04468419775366783
7425,4,1,0.03760179877281189
7426,9,0,-0.0030619967728853226
7427,6,1,0.04983467981219292
7428,8,1,0.016520939767360687
7429,4,1,0.04648137465119362
7430,5,1,0.010544583201408386
7431,3,1,0.043129388242959976
7432,7,1,0.1383642852306366
7433,8,1,0.0591081865131855
7434,4,1,0.0391966812312603
7435,3,1,0.016509033739566803
7436,3,1,0.027982991188764572
7437,5,1,0.056652020663022995
7438,6,1,0.006204593926668167
7439,7,1,0.008319925516843796
7440,0,1,0.024355735629796982
7441,6,1,0.0458454005420208
7442,1,1,0.04167160019278526
7443,6,1,0.044475357979536057
7444,8,1,0.11455400288105011
7445,7,1,0.021268855780363083
7446,0,1,0.3294543921947479
7447,1,1,0.24909621477127075
7448,5,1,0.01806163415312767
7449,0,1,0.036219120025634766
7450,8,1,0.03157390281558037
7451,5,1,0.07515005767345428
7452,0,1,0.04587260261178017
7453,1,1,0.055596526712179184
7454,5,1,0.0929875373840332
7455,8,1,-0.0002292059361934662
7456,4,1,0.08254903554916382
7457,2,1,0.014913517981767654
7458,3,1,0.011633973568677902
7459,9,0,-0.008658571168780327
7460,7,1,0.0046244412660598755
7461,6,1,0.07748450338840485
7462,9,0,-0.009764669463038445
7463,1,1,0.08549298346042633
7464,9,0,-0.0055375173687934875
7465,0,1,0.05280956253409386
7466,6,1,0.11775858700275421
7467,7,1,-0.0015140324831008911
7468,1,1,0.14454668760299683
7469,2,1,0.038591597229242325
7470,3,1,0.07250042259693146
7471,9,0,0.00034839287400245667
7472,2,1,0.07454627752304077
7473,4,1,0.03295019641518593
7474,5,1,0.058654095977544785
7475,5,1,0.021184716373682022
7476,3,1,0.042907338589429855
7477,7,1,0.00331861712038517
7478,5,1,0.027760732918977737
7479,3,1,0.008782859891653061
7480,1,1,0.04947708174586296
7481,8,1,0.06458528339862823
7482,2,1,0.04389750584959984
7483,2,1,0.08179333806037903
7484,3,1,0.028054725378751755
7485,0,1,0.03941783681511879
7486,2,1,0.06957888603210449
7487,9,0,7.815659046173096e-05
7488,4,1,0.09905306994915009
7489,9,0,-0.003695819526910782
7490,7,1,0.05198057368397713
7491,0,1,0.016891170293092728
7492,2,1,0.004267966374754906
7493,7,1,0.000881727784872055
7494,4,1,0.04478621110320091
7495,9,0,-0.016974687576293945
7496,9,0,-0.012584873475134373
7497,2,1,0.05424729362130165
7498,5,1,0.1473882496356964
7499,9,0,-0.00850953720510006
7500,8,1,0.0017431583255529404
7501,3,1,0.10713210701942444
7502,8,1,0.03187624737620354
7503,6,1,0.12665486335754395
7504,7,1,0.006098734214901924
7505,0,1,0.07860516011714935
7506,0,1,0.0060657113790512085
7507,1,1,0.09146882593631744
7508,2,1,0.09327444434165955
7509,3,1,0.006033541634678841
7510,4,1,0.023147642612457275
7511,5,1,0.03176864981651306
7512,6,1,0.047919292002916336
7513,7,1,-0.0029538478702306747
7514,8,1,0.004447218030691147
7515,9,0,-0.00732680968940258
7516,0,1,0.00995873287320137
7517,1,1,0.027208615094423294
7518,2,1,0.0903489887714386
7519,3,1,0.028028834611177444
7520,4,1,0.07834170758724213
7521,5,1,0.023970481008291245
7522,6,1,0.060469578951597214
7523,7,1,0.0006740447133779526
7524,8,1,0.012631084769964218
7525,9,0,-0.01563633233308792
7526,0,1,0.00724775530397892
7527,1,1,0.03606700524687767
7528,2,1,0.08551280200481415
7529,3,1,0.030820567160844803
7530,4,1,0.06686669588088989
7531,5,1,0.029442042112350464
7532,6,1,0.11279045045375824
7533,7,1,0.00016363337635993958
7534,8,1,0.009350266307592392
7535,9,0,-0.014360254630446434
7536,0,1,0.012843664735555649
7537,0,1,0.015011824667453766
7538,7,1,-0.010064409114420414
7539,2,1,0.022578712552785873
7540,6,1,0.025790471583604813
7541,5,1,0.03547962009906769
7542,5,1,0.04823390021920204
7543,3,1,0.059654589742422104
7544,7,1,-0.002532992511987686
7545,8,1,0.007427215576171875
7546,6,1,0.0739382803440094
7547,6,1,0.08310355246067047
7548,6,1,0.0328662171959877
7549,6,1,0.08760842680931091
7550,4,1,0.014168627560138702
7551,3,1,0.04362984374165535
7552,8,1,-0.005763433873653412
7553,8,1,0.006305750459432602
7554,3,1,0.034824006259441376
7555,0,1,0.03520095348358154
7556,1,1,0.03105209395289421
7557,9,0,-0.016044724732637405
7558,0,1,0.04820263013243675
7559,5,1,0.06049950048327446
7560,4,1,0.0029533784836530685
7561,1,1,0.026179883629083633
7562,9,0,-0.012148614972829819
7563,1,1,0.04452142491936684
7564,2,1,0.012111641466617584
7565,7,1,0.005897516384720802
7566,0,1,0.004033882170915604
7567,1,1,0.030912771821022034
7568,3,1,0.05510726198554039
7569,8,1,0.0047125499695539474
7570,2,1,0.04072133079171181
7571,9,0,-0.009957379661500454
7572,2,1,0.016419265419244766
7573,7,1,0.02287256345152855
7574,4,1,0.06511053442955017
7575,2,1,0.017990563064813614
7576,6,1,0.06292590498924255
7577,5,1,0.034635234624147415
7578,5,1,0.03889850154519081
7579,9,0,-0.009323075413703918
7580,9,0,-0.00831856019794941
7581,1,1,0.03476344794034958
7582,1,1,0.06274397671222687
7583,5,1,0.08233287930488586
7584,7,1,-0.013100760988891125
7585,6,1,0.051798973232507706
7586,8,1,0.001545863226056099
7587,2,1,0.05577234551310539
7588,9,0,-0.010835709050297737
7589,4,1,0.004562335088849068
7590,3,1,0.0007712729275226593
7591,1,1,0.04792599752545357
7592,9,0,-0.009776846505701542
7593,0,1,0.025070808827877045
7594,9,0,-0.016737118363380432
7595,3,1,0.0034816861152648926
7596,6,1,0.029577285051345825
7597,8,1,0.014299247413873672
7598,7,1,-0.00968523882329464
7599,0,1,0.017845172435045242
7600,1,1,0.0555325411260128
7601,0,1,0.03354468569159508
7602,5,1,0.028635811060667038
7603,8,1,0.01931777223944664
7604,2,1,0.06047232821583748
7605,7,1,0.0014106426388025284
7606,7,1,0.002248082309961319
7607,0,1,0.024325761944055557
7608,1,1,0.04562773182988167
7609,2,1,0.10704472661018372
7610,3,1,0.10366839170455933
7611,4,1,0.02522141858935356
7612,5,1,0.014069661498069763
7613,6,1,0.034546397626399994
7614,7,1,0.05241430923342705
7615,8,1,0.0013920925557613373
7616,9,0,-0.014111124910414219
7617,0,1,0.14189335703849792
7618,1,1,0.03898793086409569
7619,2,1,0.10206437110900879
7620,3,1,0.005373124033212662
7621,4,1,0.03473569080233574
7622,5,1,0.009718913584947586
7623,8,1,0.0023795198649168015
7624,9,0,-0.011467650532722473
7625,0,1,0.039041731506586075
7626,1,1,0.038595471531152725
7627,2,1,0.251421719789505
7628,3,1,0.052432041615247726
7629,4,1,0.04176664724946022
7630,5,1,0.020330440253019333
7631,6,1,0.012951169162988663
7632,7,1,0.004369344562292099
7633,8,1,0.04061054065823555
7634,9,0,-0.009084774181246758
7635,2,1,0.0768207311630249
7636,1,1,0.009488977491855621
7637,2,1,0.07557244598865509
7638,1,1,0.026070598512887955
7639,3,1,0.04053443297743797
7640,9,0,-0.010414467193186283
7641,9,0,-0.003438267856836319
7642,8,1,0.020961496978998184
7643,5,1,0.12918633222579956
7644,3,1,0.00880596786737442
7645,7,1,0.03135908022522926
7646,0,1,0.016475606709718704
7647,7,1,0.010917145758867264
7648,7,1,0.02271517738699913
7649,5,1,-0.0021141916513442993
7650,7,1,0.009023439139127731
7651,9,0,-0.009799977764487267
7652,9,0,-0.013324371539056301
7653,4,1,0.002028869464993477
7654,7,1,0.0044817738234996796
7655,0,1,0.027312736958265305
7656,3,1,0.023096568882465363
7657,4,1,0.005164990201592445
7658,1,1,0.04602205380797386
7659,5,1,0.005394581705331802
7660,8,1,0.012232761830091476
7661,1,1,0.05247720703482628
7662,4,1,0.03515775129199028
7663,8,1,-0.00405656173825264
7664,4,1,0.022496748715639114
7665,1,1,0.0008414946496486664
7666,8,1,0.0019173268228769302
7667,6,1,0.11905622482299805
7668,6,1,0.06469625234603882
7669,4,1,0.008043047040700912
7670,6,1,0.04139712080359459
7671,0,1,0.004571219906210899
7672,5,1,0.00015079230070114136
7673,5,1,-0.012587352655827999
7674,3,1,0.023845944553613663
7675,3,1,0.0068141501396894455
7676,5,1,-0.009394080378115177
7677,7,1,0.0023782942444086075
7678,2,1,0.1363438218832016
7679,5,1,0.006130136549472809
7680,9,0,-0.010469427332282066
7681,6,1,0.03941168263554573
7682,9,0,-0.012558627873659134
7683,2,1,0.026878152042627335
7684,6,1,0.0250527523458004
7685,2,1,0.1381334662437439
7686,1,1,0.006218727678060532
7687,2,1,0.0588747076690197
7688,0,1,0.05070313438773155
7689,8,1,-0.00692354328930378
7690,3,1,0.046173881739377975
7691,8,1,0.02285892888903618
7692,3,1,0.019590098410844803
7693,0,1,0.09260906279087067
7694,8,1,-0.002216741442680359
7695,7,1,0.024472493678331375
7696,4,1,0.021809343248605728
7697,9,0,-0.015274740755558014
7698,5,1,0.013351276516914368
7699,0,1,0.11812356114387512
7700,9,0,-0.00910390354692936
7701,7,1,0.052920471876859665
7702,0,1,0.008334722369909286
7703,0,1,0.02044527232646942
7704,4,1,-0.001570817083120346
7705,6,1,0.06920202076435089
7706,0,1,0.011523652821779251
7707,9,0,-0.011001257225871086
7708,1,1,0.014020849019289017
7709,6,1,0.2293822169303894
7710,2,1,0.07642143964767456
7711,7,1,0.06121758744120598
7712,6,1,0.14792375266551971
7713,8,1,0.015317019075155258
7714,3,1,0.033749084919691086
7715,5,1,0.02932688593864441
7716,2,1,0.22829201817512512
7717,1,1,0.04449843987822533
7718,8,1,0.005410080775618553
7719,3,1,0.07811389863491058
7720,8,1,0.0051015280187129974
7721,6,1,0.04724455997347832
7722,1,1,0.028050649911165237
7723,0,1,0.15255531668663025
7724,2,1,0.16556942462921143
7725,1,1,0.03849957510828972
7726,4,1,0.017595328390598297
7727,0,1,0.004736948758363724
7728,1,1,-0.005181996151804924
7729,2,1,0.007022228091955185
7730,3,1,0.004792369902133942
7731,4,1,0.00823238492012024
7732,5,1,0.01625078171491623
7733,6,1,0.008048087358474731
7734,7,1,-0.004051279276609421
7735,8,1,0.008296024054288864
7736,9,0,0.023995954543352127
7737,0,1,0.015759188681840897
7738,1,1,0.004635589197278023
7739,2,1,0.013774033635854721
7740,3,1,0.01065763458609581
7741,4,1,0.014120582491159439
7742,5,1,0.04514496400952339
7743,6,1,0.04143377020955086
7744,7,1,0.0049102939665317535
7745,8,1,0.026877816766500473
7746,9,0,-0.011693179607391357
7747,0,1,0.019696205854415894
7748,1,1,0.0035697314888238907
7749,2,1,0.020541641861200333
7750,3,1,0.049108993262052536
7751,4,1,0.06986971199512482
7752,5,1,0.0313449390232563
7753,6,1,0.038138266652822495
7754,7,1,-0.003965340554714203
7755,8,1,0.020957741886377335
7756,9,0,-0.009470393881201744
7757,7,1,-0.00286843441426754
7758,6,1,0.025921806693077087
7759,4,1,0.010254178196191788
7760,7,1,-0.010963980108499527
7761,6,1,0.013373956084251404
7762,2,1,0.14735309779644012
7763,3,1,0.004205595701932907
7764,4,1,-0.005887046456336975
7765,8,1,0.0029149428009986877
7766,7,1,-0.0064483582973480225
7767,8,1,0.013373289257287979
7768,6,1,0.03217943012714386
7769,9,0,-0.015720967203378677
7770,8,1,0.010216832160949707
7771,3,1,0.010207001119852066
7772,2,1,0.07699455320835114
7773,2,1,0.022258780896663666
7774,8,1,0.01425756886601448
7775,4,1,0.022279884666204453
7776,8,1,0.017750050872564316
7777,5,1,0.02658204361796379
7778,6,1,0.026020396500825882
7779,5,1,0.05678824707865715
7780,0,1,0.014002364128828049
7781,2,1,0.04235048219561577
7782,0,1,-0.009581925347447395
7783,1,1,0.007537219673395157
7784,1,1,0.010053060948848724
7785,2,1,0.03790062293410301
7786,9,0,-0.006234649568796158
7787,6,1,0.032465435564517975
7788,8,1,0.01453973725438118
7789,2,1,0.04274788871407509
7790,1,1,0.001004137098789215
7791,0,1,0.0314050130546093
7792,6,1,0.020109746605157852
7793,5,1,0.02190779522061348
7794,2,1,0.056430112570524216
7795,9,0,-0.014984125271439552
7796,7,1,-0.009464174509048462
7797,5,1,0.015256565064191818
7798,3,1,0.03168787807226181
7799,9,0,-0.01634889841079712
7800,3,1,0.13263987004756927
7801,7,1,-0.0014995187520980835
7802,1,1,0.018780000507831573
7803,8,1,0.016920320689678192
7804,3,1,0.0285867340862751
7805,8,1,0.021658621728420258
7806,1,1,0.02189680188894272
7807,9,0,-0.011594235897064209
7808,5,1,0.031980715692043304
7809,5,1,0.04974287375807762
7810,0,1,0.01956832781434059
7811,1,1,0.0016903430223464966
7812,1,1,-0.0017765238881111145
7813,9,0,-0.014976397156715393
7814,8,1,0.027468889951705933
7815,2,1,0.05719422921538353
7816,6,1,0.01691848784685135
7817,0,1,0.01700485125184059
7818,4,1,0.02749752625823021
7819,5,1,0.035868190228939056
7820,0,1,0.04511287435889244
7821,3,1,0.08894823491573334
7822,1,1,0.05964653566479683
7823,8,1,0.011707987636327744
7824,6,1,0.01998387649655342
7825,7,1,0.006242435425519943
7826,5,1,0.049391526728868484
7827,9,0,-0.013682719320058823
7828,9,0,-0.014122385531663895
7829,3,1,0.027294110506772995
7830,0,1,0.027540218085050583
7831,3,1,0.04098481312394142
7832,1,1,0.029612470418214798
7833,4,1,0.015616778284311295
7834,4,1,0.007364459335803986
7835,0,1,0.007921546697616577
7836,4,1,0.03516106307506561
7837,9,0,-0.009180041030049324
7838,0,1,0.0006271786987781525
7839,1,1,0.02488274872303009
7840,2,1,0.0736447125673294
7841,3,1,0.034114938229322433
7842,5,1,0.008636165410280228
7843,6,1,0.022663835436105728
7844,7,1,-0.007851867005228996
7845,8,1,0.03440745174884796
7846,0,1,0.00944022461771965
7847,1,1,0.006986301392316818
7848,2,1,0.06286247074604034
7849,3,1,0.040709998458623886
7850,5,1,0.008844561874866486
7851,6,1,0.02316218987107277
7852,7,1,-0.002307971939444542
7853,8,1,0.003650519996881485
7854,9,0,-0.00917472317814827
7855,0,1,0.018791474401950836
7856,1,1,0.009973142296075821
7857,2,1,0.0893564224243164
7858,3,1,0.020199205726385117
7859,5,1,0.03196827694773674
7860,6,1,0.03734197840094566
7861,7,1,-0.0044300854206085205
7862,8,1,0.02978372573852539
7863,9,0,-0.014960359781980515
7864,9,0,-0.01189526915550232
7865,7,1,-0.011561835184693336
7866,0,1,-0.0021774768829345703
7867,9,0,-0.01440793089568615
7868,0,1,0.016764741390943527
7869,1,1,0.021981727331876755
7870,5,1,0.0029032304883003235
7871,8,1,0.024526525288820267
7872,8,1,0.022816084325313568
7873,0,1,0.0013846829533576965
7874,9,0,-0.011246140114963055
7875,3,1,0.025614064186811447
7876,2,1,0.02672165259718895
7877,7,1,-0.012585194781422615
7878,8,1,0.017028145492076874
7879,4,1,0.03148521110415459
7880,6,1,0.048467572778463364
7881,1,1,0.041970815509557724
7882,0,1,-0.0010512061417102814
7883,4,1,0.021452248096466064
7884,9,0,-0.011420152150094509
7885,4,1,0.04624658450484276
7886,2,1,0.055799271911382675
7887,0,1,0.01212514191865921
7888,5,1,0.03924131020903587
7889,0,1,0.027245037257671356
7890,1,1,0.02058594301342964
7891,6,1,0.028658229857683182
7892,9,0,-0.015266891568899155
7893,3,1,0.02816690132021904
7894,2,1,0.055368173867464066
7895,9,0,-0.01320490799844265
7896,1,1,0.01874670758843422
7897,6,1,0.013258058577775955
7898,0,1,0.013298336416482925
7899,1,1,0.010410387068986893
7900,1,1,0.027213141322135925
7901,8,1,0.021342705935239792
7902,7,1,-0.01004190742969513
7903,7,1,-0.005667686462402344
7904,6,1,0.03947649523615837
7905,3,1,0.027939770370721817
7906,6,1,0.05940815433859825
7907,0,1,-0.007031640037894249
7908,7,1,-0.002163127064704895
7909,2,1,0.02597717195749283
7910,4,1,0.017577119171619415
7911,1,1,0.0277082696557045
7912,7,1,-0.012053726240992546
7913,0,1,-0.0005849674344062805
7914,6,1,0.0231684148311615
7915,7,1,-0.0075278617441654205
7916,1,1,0.008732665330171585
7917,2,1,0.052043359726667404
7918,5,1,0.05246486887335777
7919,8,1,0.029198158532381058
7920,1,1,0.011257961392402649
7921,8,1,0.006998958066105843
7922,2,1,0.02856134995818138
7923,8,1,0.029021315276622772
7924,7,1,-0.0060871802270412445
7925,6,1,0.01859987899661064
7926,8,1,0.01975143328309059
7927,7,1,-0.010171664878726006
7928,1,1,0.028665803372859955
7929,6,1,0.02642161026597023
7930,2,1,0.032036688178777695
7931,9,0,-0.014888393692672253
7932,3,1,0.07044658064842224
7933,0,1,0.004965854808688164
7934,1,1,-0.008313913829624653
7935,2,1,0.028314266353845596
7936,3,1,-0.007803957909345627
7937,4,1,0.014793992042541504
7938,5,1,0.08224077522754669
7939,6,1,0.029837068170309067
7940,7,1,-0.00012384727597236633
7941,8,1,-0.002450123429298401
7942,9,0,-0.016448233276605606
7943,0,1,0.04367725923657417
7944,1,1,0.022917304188013077
7945,2,1,0.04264407977461815
7946,3,1,0.05370546504855156
7947,4,1,-0.006194420158863068
7948,5,1,0.0352792963385582
7949,6,1,0.007695160806179047
7950,7,1,0.010506846010684967
7951,8,1,-0.011046760715544224
7952,9,0,-0.012470666319131851
7953,0,1,0.07894517481327057
7954,1,1,0.0042230673134326935
7955,2,1,0.04067040607333183
7956,3,1,0.07516594231128693
7957,4,1,0.01422535628080368
7958,5,1,0.024409443140029907
7959,6,1,0.02886875346302986
7960,7,1,0.01486796885728836
7961,8,1,-0.008036857470870018
7962,9,0,-0.012090837582945824
7963,8,1,-0.009776945225894451
7964,9,0,-0.009262192994356155
7965,5,1,0.028596755117177963
7966,7,1,-0.0007086582481861115
7967,0,1,0.03604796156287193
7968,3,1,0.022597815841436386
7969,1,1,0.034427374601364136
7970,6,1,0.10035103559494019
7971,8,1,0.0002948977053165436
7972,4,1,0.03769529610872269
7973,1,1,0.03619715943932533
7974,5,1,0.0346607007086277
7975,6,1,0.016542039811611176
7976,4,1,0.031673725694417953
7977,2,1,0.037078749388456345
7978,7,1,0.01394382119178772
7979,8,1,0.004218783229589462
7980,1,1,0.029709842056035995
7981,3,1,0.029794488102197647
7982,4,1,-0.012016035616397858
7983,3,1,0.02875092253088951
7984,4,1,0.00241679884493351
7985,7,1,-0.012634625658392906
7986,2,1,0.06517758965492249
7987,0,1,0.012836374342441559
7988,5,1,0.028780687600374222
7989,0,1,0.005009014159440994
7990,1,1,0.009366031736135483
7991,9,0,-0.0071160923689603806
7992,2,1,0.04386315867304802
7993,3,1,0.04130339249968529
7994,2,1,0.06603065133094788
7995,3,1,0.04758165404200554
7996,5,1,0.06469959020614624
7997,5,1,0.03831561654806137
7998,7,1,0.004854133352637291
7999,8,1,0.03188715875148773
8000,4,1,0.025343790650367737
8001,9,0,-0.01207398809492588
8002,9,0,-0.015523876994848251
8003,7,1,0.013201303780078888
8004,1,1,0.030203301459550858
8005,1,1,0.046238142997026443
8006,9,0,-0.010920776054263115
8007,0,1,0.03109750524163246
8008,7,1,0.01269884780049324
8009,8,1,0.009477280080318451
8010,3,1,0.05016938969492912
8011,4,1,-0.001506369560956955
8012,8,1,0.014266762882471085
8013,6,1,0.048739876598119736
8014,3,1,0.04723690077662468
8015,8,1,0.05525171384215355
8016,0,1,-0.001980796456336975
8017,9,0,-0.005609896034002304
8018,6,1,0.02993856370449066
8019,2,1,0.040351610630750656
8020,1,1,0.037228357046842575
8021,0,1,0.0209314227104187
8022,1,1,0.03472614288330078
8023,0,1,0.0003824867308139801
8024,6,1,0.035255514085292816
8025,2,1,0.03978091850876808
8026,3,1,0.02683725580573082
8027,8,1,-0.00926838256418705
8028,9,0,-0.016424138098955154
8029,0,1,0.005742629989981651
8030,7,1,0.004546118900179863
8031,2,1,0.03486083820462227
8032,3,1,0.03219696134328842
8033,4,1,-0.0027112774550914764
8034,5,1,0.03376876190304756
8035,5,1,0.04566223546862602
8036,2,1,0.024054747074842453
8037,8,1,0.004362212494015694
8038,5,1,0.0629843920469284
8039,4,1,0.00023227185010910034
8040,6,1,0.06587916612625122
8041,6,1,0.009664248675107956
8042,6,1,0.014872036874294281
8043,7,1,-0.005413828417658806
8044,9,0,-0.010902795940637589
8045,1,1,0.021308954805135727
8046,8,1,-0.004125932231545448
8047,2,1,0.043801870197057724
8048,1,1,0.007810305804014206
8049,5,1,0.04225416108965874
8050,3,1,0.07984134554862976
8051,4,1,0.004857638850808144
8052,7,1,-0.001521233469247818
8053,9,0,-0.007437385618686676
8054,4,1,0.016600724309682846
8055,0,1,-0.0002984441816806793
8056,0,1,0.033861543983221054
8057,0,1,0.03167794272303581
8058,1,1,0.022656336426734924
8059,2,1,0.050694871693849564
8060,3,1,0.011594761162996292
8061,4,1,0.0007803924381732941
8062,5,1,0.0494573675096035
8063,6,1,0.03416668251156807
8064,7,1,0.0019210316240787506
8065,8,1,-0.00769386999309063
8066,9,0,-0.014683021232485771
8067,0,1,0.031015589833259583
8068,1,1,0.004562299698591232
8069,2,1,0.06913334131240845
8070,3,1,0.000596858561038971
8071,4,1,-0.00435614213347435
8072,5,1,0.029150232672691345
8073,6,1,0.006836242973804474
8074,7,1,0.004693306982517242
8075,8,1,-0.007705584168434143
8076,9,0,-0.013734960928559303
8077,0,1,-0.0020435843616724014
8078,1,1,0.01327914372086525
8079,2,1,0.07876516878604889
8080,3,1,0.023403003811836243
8081,4,1,0.016666945070028305
8082,5,1,0.00522901676595211
8083,6,1,0.02074514329433441
8084,9,0,-0.008720272220671177
8085,0,1,0.01003720611333847
8086,1,1,-0.000999394804239273
8087,3,1,-0.009093222208321095
8088,1,1,-0.006799876689910889
8089,5,1,0.07150819897651672
8090,1,1,0.022983241826295853
8091,2,1,-0.010226916521787643
8092,4,1,0.011074330657720566
8093,9,0,-0.012117326259613037
8094,2,1,0.013817299157381058
8095,4,1,0.005906295031309128
8096,6,1,0.020968865603208542
8097,8,1,0.008757948875427246
8098,0,1,0.0391216017305851
8099,1,1,0.011517051607370377
8100,1,1,0.0308365635573864
8101,9,0,-0.013614687137305737
8102,2,1,0.010575350373983383
8103,6,1,0.028685487806797028
8104,6,1,0.03461037948727608
8105,8,1,-0.005200140178203583
8106,7,1,0.00572098046541214
8107,4,1,0.007852736860513687
8108,2,1,0.00881461426615715
8109,9,0,-0.014153711497783661
8110,7,1,-0.01105587836354971
8111,0,1,0.0051001571118831635
8112,2,1,0.013856429606676102
8113,1,1,0.00024056993424892426
8114,0,1,0.005864327773451805
8115,3,1,0.007505293935537338
8116,6,1,0.019606005400419235
8117,0,1,0.10125192999839783
8118,1,1,0.023660022765398026
8119,2,1,0.06049374118447304
8120,3,1,-0.0011839214712381363
8121,4,1,0.05975152924656868
8122,5,1,0.06447795033454895
8123,6,1,0.12257210910320282
8124,7,1,-0.008128736168146133
8125,8,1,0.01612081378698349
8126,9,0,-0.008809243328869343
8127,0,1,0.05314723774790764
8128,1,1,0.05911634489893913
8129,2,1,0.04950682446360588
8130,3,1,-0.00537433847784996
8131,4,1,0.008156362920999527
8132,5,1,0.03870299458503723
8133,6,1,0.07339103519916534
8134,7,1,0.0028881877660751343
8135,8,1,0.03394455462694168
8136,9,0,-0.012515326961874962
8137,0,1,0.00897321105003357
8138,1,1,0.031539104878902435
8139,2,1,0.040218036621809006
8140,3,1,0.05971348658204079
8141,4,1,0.009396899491548538
8142,5,1,0.021528970450162888
8143,6,1,0.03793495148420334
8144,7,1,7.572397589683533e-05
8145,8,1,0.05984960123896599
8146,9,0,-0.015315904282033443
8147,8,1,0.01850759983062744
8148,6,1,0.04773249849677086
8149,5,1,0.06065967306494713
8150,9,0,-0.003452533856034279
8151,7,1,-0.0028976090252399445
8152,0,1,0.0350974015891552
8153,2,1,0.05818568542599678
8154,3,1,0.00868561863899231
8155,4,1,0.010856077075004578
8156,3,1,0.023279625922441483
8157,8,1,0.07036787271499634
8158,5,1,0.03271302580833435
8159,1,1,0.03583908453583717
8160,5,1,0.04984544590115547
8161,2,1,0.06319400668144226
8162,3,1,0.0877169817686081
8163,0,1,0.01829448714852333
8164,1,1,0.061720412224531174
8165,2,1,0.033622097223997116
8166,1,1,0.04214415326714516
8167,3,1,-0.0021662507206201553
8168,2,1,0.024429868906736374
8169,6,1,0.06112683191895485
8170,5,1,0.059366967529058456
8171,3,1,0.032047491520643234
8172,0,1,0.028720416128635406
8173,7,1,-0.003831159323453903
8174,2,1,0.05867648497223854
8175,7,1,-0.0016882680356502533
8176,4,1,0.030100155621767044
8177,6,1,0.11614136397838593
8178,4,1,0.016009721904993057
8179,0,1,0.06938441097736359
8180,5,1,0.06584592163562775
8181,9,0,-0.008030915632843971
8182,9,0,0.0029072128236293793
8183,8,1,0.06830720603466034
8184,9,0,-0.0074227191507816315
8185,5,1,0.06224416568875313
8186,3,1,0.0175994373857975
8187,1,1,0.040504176169633865
8188,7,1,0.004307715222239494
8189,4,1,0.06835101544857025
8190,7,1,-0.0034536290913820267
8191,6,1,0.10260432958602905
8192,5,1,0.03680073842406273
8193,4,1,0.03231407701969147
8194,0,1,0.1755281686782837
8195,0,1,0.0830308347940445
8196,6,1,0.05151039734482765
8197,6,1,0.06522291898727417
8198,2,1,0.11205004155635834
8199,0,1,0.02464260160923004
8200,6,1,0.047282617539167404
8201,3,1,0.026291165500879288
8202,7,1,-0.0024497266858816147
8203,7,1,-0.012967722490429878
8204,4,1,0.03897428140044212
8205,4,1,0.008552301675081253
8206,3,1,0.03095293417572975
8207,9,0,-0.016922004520893097
8208,2,1,0.042207296937704086
8209,8,1,0.05405828729271889
8210,9,0,-0.01558640506118536
8211,6,1,0.05840849503874779
8212,0,1,0.01160695031285286
8213,9,0,0.007519576698541641
8214,5,1,0.03281790390610695
8215,3,1,0.032144322991371155
8216,8,1,0.02154191955924034
8217,8,1,0.0011933296918869019
8218,7,1,-0.005529070273041725
8219,1,1,0.03742487356066704
8220,4,1,0.02652132511138916
8221,0,1,0.0489177443087101
8222,4,1,0.0324266217648983
8223,8,1,0.03779898211359978
8224,5,1,0.042784590274095535
8225,2,1,0.025710981339216232
8226,3,1,0.024725254625082016
8227,9,0,-0.009559664875268936
8228,0,1,0.011857714504003525
8229,1,1,0.04332930967211723
8230,9,0,-0.007193557918071747
8231,1,1,0.06404416263103485
8232,5,1,0.047413166612386703
8233,1,1,0.04496404901146889
8234,7,1,-0.006044700741767883
8235,4,1,0.0837671160697937
8236,8,1,0.08210361003875732
8237,6,1,0.10027000308036804
8238,2,1,0.024949759244918823
8239,1,1,0.05036159232258797
8240,6,1,0.03130305930972099
8241,8,1,0.027644481509923935
8242,8,1,0.061252932995557785
8243,0,1,-0.0005891583859920502
8244,1,1,0.08669541776180267
8245,2,1,0.03084142878651619
8246,3,1,0.007127158343791962
8247,4,1,0.056693922728300095
8248,7,1,-0.0013643726706504822
8249,8,1,0.030010320246219635
8250,9,0,-0.014389701187610626
8251,0,1,0.03206455335021019
8252,1,1,0.028817206621170044
8253,2,1,0.06372348964214325
8254,3,1,0.02670537307858467
8255,4,1,0.026007335633039474
8256,6,1,0.14481206238269806
8257,7,1,0.025682393461465836
8258,8,1,0.046584513038396835
8259,9,0,-0.004147008061408997
8260,0,1,0.014160539954900742
8261,1,1,0.05809463933110237
8262,2,1,0.028027143329381943
8263,3,1,0.001218767836689949
8264,4,1,0.014865238219499588
8265,7,1,0.05824718996882439
8266,8,1,0.02271757647395134
8267,9,0,-0.0056403204798698425
8268,1,1,0.11239922046661377
8269,4,1,0.023819338530302048
8270,5,1,0.05840664729475975
8271,3,1,0.007449384778738022
8272,3,1,0.04448289796710014
8273,0,1,0.004077296704053879
8274,9,0,-0.011225283145904541
8275,5,1,0.04026327654719353
8276,4,1,0.01746843382716179
8277,3,1,0.012606505304574966
8278,0,1,0.03278568014502525
8279,8,1,0.05710919573903084
8280,4,1,0.07106927037239075
8281,6,1,0.20115233957767487
8282,7,1,0.004949729889631271
8283,0,1,0.007738951593637466
8284,7,1,0.07908475399017334
8285,7,1,0.006919464096426964
8286,1,1,0.061155375093221664
8287,6,1,0.04663807526230812
8288,9,0,-0.008734695613384247
8289,1,1,0.04393910989165306
8290,3,1,0.042743053287267685
8291,6,1,0.1268651783466339
8292,2,1,-0.003346780315041542
8293,3,1,0.0033611245453357697
8294,8,1,0.017517950385808945
8295,2,1,0.03792967647314072
8296,3,1,-0.0018108077347278595
8297,8,1,0.016186874359846115
8298,9,0,-0.010341200977563858
8299,5,1,0.06614980101585388
8300,8,1,0.011659394949674606
8301,8,1,0.03692276403307915
8302,7,1,0.026019036769866943
8303,1,1,0.05940965935587883
8304,7,1,0.017923299223184586
8305,1,1,0.06708371639251709
8306,1,1,0.07574225962162018
8307,0,1,0.1036866307258606
8308,3,1,0.01198127493262291
8309,4,1,0.026790577918291092
8310,2,1,0.04454749450087547
8311,6,1,0.05407605692744255
8312,4,1,0.03558487072587013
8313,7,1,0.019237317144870758
8314,4,1,0.010758105665445328
8315,2,1,0.06408262252807617
8316,7,1,0.031114086508750916
8317,4,1,0.021364670246839523
8318,2,1,0.006378771737217903
8319,9,0,-0.00463658943772316
8320,2,1,0.09275101125240326
8321,7,1,0.03179130330681801
8322,9,0,-0.005782827734947205
8323,2,1,0.05379379913210869
8324,1,1,0.13127686083316803
8325,0,1,0.07763418555259705
8326,6,1,0.159980908036232
8327,5,1,0.038654912263154984
8328,3,1,0.053639721125364304
8329,4,1,0.03549071028828621
8330,8,1,0.03767332062125206
8331,5,1,0.08210530877113342
8332,9,0,0.010810717940330505
8333,6,1,0.056682538241147995
8334,9,0,-0.00798858143389225
8335,0,1,0.06956332921981812
8336,6,1,0.15981127321720123
8337,3,1,0.04952313378453255
8338,0,1,0.07608497142791748
8339,8,1,0.037842992693185806
8340,1,1,0.0446222759783268
8341,6,1,0.05724593624472618
8342,0,1,0.020442340523004532
8343,0,1,0.024823877960443497
8344,1,1,0.03864116966724396
8345,2,1,0.04169565066695213
8346,3,1,0.01618703082203865
8347,4,1,-0.0042840465903282166
8348,5,1,0.06842681765556335
8349,6,1,0.048228006809949875
8350,7,1,-0.01136840134859085
8351,0,1,0.013514634221792221
8352,1,1,-0.0009990949183702469
8353,2,1,0.04465765878558159
8354,3,1,0.020720425993204117
8355,4,1,0.02490207925438881
8356,7,1,-0.0022641532123088837
8357,8,1,0.04678599163889885
8358,9,0,-0.01004447229206562
8359,0,1,0.022005070000886917
8360,1,1,0.04836354777216911
8361,2,1,0.05377005413174629
8362,3,1,0.0088060162961483
8363,4,1,0.016104217618703842
8364,7,1,-0.0024944208562374115
8365,2,1,0.1956159919500351
8366,5,1,0.03518017753958702
8367,1,1,0.05081101879477501
8368,6,1,0.09539516270160675
8369,4,1,0.05622061714529991
8370,3,1,0.04574824497103691
8371,9,0,-0.0092781912535429
8372,9,0,-0.010841836221516132
8373,0,1,0.013906009495258331
8374,9,0,-0.0008171573281288147
8375,7,1,-0.005065668374300003
8376,1,1,0.01697167381644249
8377,6,1,0.05340459570288658
8378,4,1,0.0017428472638130188
8379,3,1,0.004232294857501984
8380,6,1,0.022178087383508682
8381,2,1,0.04601374641060829
8382,0,1,0.032505620270967484
8383,9,0,-0.003120124340057373
8384,8,1,0.04664689674973488
8385,6,1,0.05476377531886101
8386,5,1,0.02168792113661766
8387,7,1,0.005208227783441544
8388,0,1,0.011237047612667084
8389,0,1,0.008878320455551147
8390,1,1,0.028960321098566055
8391,7,1,0.0025285985320806503
8392,4,1,0.01366555318236351
8393,3,1,-0.0026607848703861237
8394,2,1,0.0336650051176548
8395,4,1,0.01158175989985466
8396,1,1,0.05911965295672417
8397,3,1,0.04962526634335518
8398,7,1,0.004193248227238655
8399,6,1,0.044506724923849106
8400,4,1,0.026126999408006668
8401,7,1,0.004159847274422646
8402,7,1,-0.010553762316703796
8403,7,1,-0.007744185626506805
8404,9,0,-0.014305733144283295
8405,8,1,0.0376252755522728
8406,4,1,0.0010897200554609299
8407,3,1,0.07673579454421997
8408,8,1,0.05719805881381035
8409,2,1,0.04131416603922844
8410,8,1,0.041088033467531204
8411,3,1,0.02559741958975792
8412,5,1,0.024334616959095
8413,8,1,0.0803871750831604
8414,0,1,0.03952093794941902
8415,5,1,0.03808044269680977
8416,4,1,0.021110810339450836
8417,7,1,0.0218350850045681
8418,1,1,0.03340667113661766
8419,3,1,0.007374295964837074
8420,1,1,0.07145223021507263
8421,7,1,0.016725342720746994
8422,9,0,-0.014211853966116905
8423,6,1,0.0800507664680481
8424,2,1,0.06264825165271759
8425,0,1,0.058070290833711624
8426,9,0,-0.013559656217694283
8427,1,1,0.048867207020521164
8428,7,1,-0.003435049206018448
8429,3,1,0.057452958077192307
8430,3,1,0.0382184274494648
8431,9,0,-0.005664411932229996
8432,1,1,0.04641159996390343
8433,6,1,0.05472281202673912
8434,4,1,0.05612950399518013
8435,3,1,0.026893429458141327
8436,9,0,-0.012912597507238388
8437,8,1,0.012000076472759247
8438,2,1,0.031914275139570236
8439,1,1,0.04011654481291771
8440,8,1,0.059066276997327805
8441,6,1,0.0335240438580513
8442,4,1,0.030870530754327774
8443,1,1,0.03849408030509949
8444,5,1,0.038434598594903946
8445,5,1,0.05870889499783516
8446,6,1,0.050660233944654465
8447,5,1,0.018134254962205887
8448,0,1,0.12292695045471191
8449,1,1,0.025893088430166245
8450,2,1,0.07608461380004883
8451,3,1,0.04987075552344322
8452,4,1,0.015809234231710434
8453,5,1,0.00390997901558876
8454,6,1,0.056259240955114365
8455,7,1,0.12142589688301086
8456,8,1,0.017345361411571503
8457,9,0,-0.011057307943701744
8458,0,1,0.05669742450118065
8459,1,1,-0.007609564810991287
8460,2,1,0.04304113611578941
8461,3,1,0.03567320480942726
8462,4,1,0.018250685185194016
8463,5,1,0.030061449855566025
8464,6,1,0.0339476652443409
8465,7,1,0.005370153114199638
8466,8,1,0.010668858885765076
8467,9,0,-0.01343885064125061
8468,0,1,0.06704716384410858
8469,1,1,0.009433552622795105
8470,2,1,0.050683002918958664
8471,3,1,0.006840754300355911
8472,4,1,0.023901168256998062
8473,5,1,0.039388906210660934
8474,6,1,0.024024564772844315
8475,7,1,-0.009556587785482407
8476,8,1,0.02682490646839142
8477,9,0,-0.007440192624926567
8478,6,1,0.01606779918074608
8479,9,0,-0.014389041811227798
8480,7,1,-0.006701743230223656
8481,0,1,0.055309686809778214
8482,2,1,0.09231264889240265
8483,3,1,0.04456796124577522
8484,4,1,0.004256723448634148
8485,3,1,-0.0020755697041749954
8486,8,1,0.008514419198036194
8487,5,1,0.025273699313402176
8488,1,1,0.025087673217058182
8489,3,1,0.022973541170358658
8490,0,1,-0.006449529901146889
8491,1,1,0.017868030816316605
8492,2,1,0.0357833169400692
8493,1,1,-0.004239361733198166
8494,3,1,0.006241098046302795
8495,2,1,0.08032715320587158
8496,0,1,0.0990019291639328
8497,7,1,-0.010978085920214653
8498,2,1,0.0822034627199173
8499,6,1,0.03465726599097252
8500,4,1,0.030012309551239014
8501,0,1,0.01533491164445877
8502,5,1,0.028061147779226303
8503,9,0,-0.00906354933977127
8504,9,0,-0.006005452945828438
8505,8,1,0.006430208683013916
8506,9,0,-0.012744623236358166
8507,5,1,0.029007185250520706
8508,3,1,0.02615847811102867
8509,1,1,0.0055941566824913025
8510,7,1,-0.009046027436852455
8511,4,1,0.0022405944764614105
8512,7,1,-0.0038012564182281494
8513,0,1,0.028216175734996796
8514,0,1,0.08195386826992035
8515,6,1,0.03588229790329933
8516,6,1,0.03653265908360481
8517,6,1,0.046140532940626144
8518,3,1,0.03232259675860405
8519,7,1,-0.007582889869809151
8520,4,1,-0.001240275800228119
8521,2,1,0.017337393015623093
8522,8,1,0.009105861186981201
8523,9,0,-0.0029231607913970947
8524,8,1,-0.000564349815249443
8525,7,1,-0.004887189716100693
8526,1,1,0.02194203808903694
8527,4,1,-0.003256993368268013
8528,0,1,0.09229958057403564
8529,4,1,0.029513437300920486
8530,8,1,0.029249150305986404
8531,5,1,0.019235361367464066
8532,2,1,0.03722728416323662
8533,3,1,0.042141105979681015
8534,9,0,-0.006417118012905121
8535,0,1,0.10070213675498962
8536,1,1,0.030116669833660126
8537,9,0,-0.01224544644355774
8538,1,1,0.01356608048081398
8539,5,1,0.04906056448817253
8540,1,1,0.018168259412050247
8541,7,1,-0.0017807073891162872
8542,6,1,0.011933479458093643
8543,1,1,0.023989487439393997
8544,2,1,0.06419432163238525
8545,1,1,0.023894459009170532
8546,6,1,0.023859113454818726
8547,8,1,0.0440395288169384
8548,0,1,0.11045306921005249
8549,1,1,0.028235379606485367
8550,2,1,0.06308026611804962
8551,3,1,0.062337007373571396
8552,4,1,0.008294027298688889
8553,5,1,0.1094483733177185
8554,6,1,0.03786449879407883
8555,7,1,0.008259627968072891
8556,8,1,0.0015205331146717072
8557,9,0,-0.014365268871188164
8558,0,1,0.055731069296598434
8559,1,1,0.027840685099363327
8560,2,1,0.11826691031455994
8561,3,1,0.06686100363731384
8562,4,1,0.004864446818828583
8563,5,1,0.05966843292117119
8564,6,1,0.007007535547018051
8565,7,1,-0.005539523437619209
8566,8,1,0.00637318380177021
8567,0,1,0.18308857083320618
8568,1,1,0.037612032145261765
8569,2,1,0.06433416903018951
8570,3,1,0.1307113915681839
8571,5,1,0.10259093344211578
8572,6,1,0.07348407804965973
8573,7,1,0.07517769932746887
8574,8,1,0.010321062058210373
8575,1,1,0.039645399898290634
8576,0,1,0.0212380513548851
8577,4,1,0.00998886302113533
8578,5,1,0.07155171036720276
8579,6,1,0.032655443996191025
8580,6,1,0.053994204849004745
8581,3,1,0.0345856212079525
8582,4,1,0.003383677452802658
8583,4,1,0.008283007889986038
8584,2,1,0.04410448297858238
8585,8,1,0.001138061285018921
8586,1,1,0.05352381244301796
8587,0,1,0.08377629518508911
8588,6,1,0.08205308020114899
8589,4,1,0.0024622343480587006
8590,9,0,-0.01143204141408205
8591,7,1,0.009862523525953293
8592,2,1,0.048910681158304214
8593,9,0,-0.00945691391825676
8594,2,1,0.02295180782675743
8595,0,1,0.11555099487304688
8596,9,0,-0.014854513108730316
8597,3,1,0.02030496671795845
8598,3,1,0.02901039645075798
8599,9,0,-0.014183688908815384
8600,1,1,0.03846171870827675
8601,5,1,0.018219467252492905
8602,2,1,0.07156378030776978
8603,3,1,0.09572234749794006
8604,1,1,0.04323556646704674
8605,6,1,0.029178127646446228
8606,7,1,0.018387023359537125
8607,3,1,0.017268117517232895
8608,7,1,0.049492429941892624
8609,8,1,0.0005745738744735718
8610,4,1,0.009276915341615677
8611,0,1,0.03824762627482414
8612,2,1,0.09800228476524353
8613,4,1,0.003215877339243889
8614,0,1,0.0507495142519474
8615,2,1,0.05982685461640358
8616,4,1,0.040823113173246384
8617,7,1,0.007979784160852432
8618,8,1,-0.0037707649171352386
8619,0,1,0.11818063259124756
8620,7,1,0.0016770437359809875
8621,0,1,0.04345804080367088
8622,6,1,0.02955903485417366
8623,9,0,-0.011454875580966473
8624,3,1,0.036471862345933914
8625,2,1,0.0703461766242981
8626,4,1,0.02650243416428566
8627,8,1,0.00677693635225296
8628,6,1,0.047740619629621506
8629,0,1,0.10354834794998169
8630,5,1,0.022964749485254288
8631,7,1,0.011509280651807785
8632,5,1,0.06847943365573883
8633,1,1,0.0037098005414009094
8634,0,1,0.018700823187828064
8635,8,1,-0.011945937760174274
8636,1,1,0.03161310777068138
8637,6,1,0.1576043665409088
8638,7,1,-0.001099180430173874
8639,2,1,0.04161085560917854
8640,9,0,-0.008747263811528683
8641,7,1,0.03597457334399223
8642,9,0,-0.015208762139081955
8643,5,1,0.06461343169212341
8644,6,1,0.01644473895430565
8645,5,1,0.03201865777373314
8646,2,1,0.19763721525669098
8647,6,1,0.028986025601625443
8648,2,1,0.06095195934176445
8649,8,1,0.004381109029054642
8650,1,1,0.07524164021015167
8651,7,1,0.008847422897815704
8652,5,1,0.019811909645795822
8653,5,1,0.035646479576826096
8654,7,1,0.010967031121253967
8655,3,1,0.08455312252044678
8656,5,1,0.012368083000183105
8657,0,1,0.16849040985107422
8658,1,1,0.03371394798159599
8659,1,1,0.03685205057263374
8660,3,1,0.028547722846269608
8661,8,1,-0.003975909203290939
8662,4,1,0.03318357095122337
8663,9,0,-0.012392815202474594
8664,4,1,0.02728784829378128
8665,5,1,0.09758773446083069
8666,1,1,0.009780511260032654
8667,8,1,-0.005797125399112701
8668,6,1,0.02400137111544609
8669,8,1,-0.011622525751590729
8670,9,0,-0.010792088694870472
8671,0,1,0.04701889678835869
8672,1,1,0.03972118720412254
8673,2,1,0.02280379831790924
8674,3,1,0.005140531808137894
8675,4,1,0.024310056120157242
8676,5,1,0.015088621526956558
8677,6,1,0.023858871310949326
8678,7,1,-0.010132559575140476
8679,8,1,-0.002504553645849228
8680,9,0,-0.011036844924092293
8681,0,1,0.0021464210003614426
8682,1,1,0.03992799296975136
8683,2,1,0.03385940566658974
8684,3,1,0.03671855852007866
8685,4,1,0.02727559581398964
8686,5,1,0.03472940996289253
8687,6,1,0.05574718490242958
8688,7,1,-0.00285341776907444
8689,8,1,-0.0032319389283657074
8690,9,0,-0.017242349684238434
8691,0,1,0.002125987783074379
8692,1,1,0.02241218462586403
8693,2,1,0.03612285107374191
8694,3,1,-0.005297532305121422
8695,4,1,0.0054167490452528
8696,5,1,0.10579143464565277
8697,6,1,0.03415900096297264
8698,7,1,-0.00348643958568573
8699,8,1,0.006114119663834572
8700,9,0,-0.011015882715582848
8701,3,1,0.013445321470499039
8702,5,1,0.014928627759218216
8703,3,1,0.013687249273061752
8704,2,1,0.06310200691223145
8705,9,0,-0.01273444015532732
8706,3,1,0.007317831739783287
8707,2,1,0.051997389644384384
8708,1,1,0.030709777027368546
8709,4,1,0.03205543011426926
8710,5,1,0.025457661598920822
8711,5,1,0.01840338483452797
8712,2,1,0.04561280831694603
8713,3,1,0.012309238314628601
8714,2,1,0.04879199340939522
8715,1,1,0.026542987674474716
8716,3,1,0.019104238599538803
8717,9,0,-0.012518983334302902
8718,7,1,-0.010533595457673073
8719,2,1,0.052893590182065964
8720,1,1,0.0635671466588974
8721,2,1,0.0665634274482727
8722,8,1,-0.0011949967592954636
8723,9,0,-0.01276259496808052
8724,1,1,0.054251719266176224
8725,8,1,0.0009702034294605255
8726,8,1,-0.008189026266336441
8727,7,1,0.0006287284195423126
8728,8,1,-0.0013044364750385284
8729,1,1,0.029574666172266006
8730,0,1,0.01352967694401741
8731,0,1,0.005239473655819893
8732,6,1,0.05041515454649925
8733,7,1,7.65770673751831e-05
8734,7,1,0.026389583945274353
8735,8,1,-0.009121458977460861
8736,7,1,-6.609782576560974e-05
8737,5,1,0.09128956496715546
8738,0,1,0.009211275726556778
8739,6,1,0.06583790481090546
8740,1,1,0.01920696720480919
8741,5,1,0.04694304242730141
8742,7,1,-0.009017564356327057
8743,4,1,0.024875912815332413
8744,6,1,0.019464649260044098
8745,1,1,0.04857288673520088
8746,2,1,0.09076572954654694
8747,5,1,0.04449794813990593
8748,0,1,0.010828956961631775
8749,7,1,0.00134170800447464
8750,9,0,-0.007648695260286331
8751,9,0,-0.011222448199987411
8752,0,1,-0.0035998057574033737
8753,3,1,0.025191988795995712
8754,4,1,0.04311424121260643
8755,4,1,0.01267245039343834
8756,8,1,-0.013674212619662285
8757,4,1,0.012905020266771317
8758,1,1,0.041539039462804794
8759,8,1,-0.007560668513178825
8760,6,1,0.013814855366945267
8761,5,1,0.07636664807796478
8762,9,0,-0.016662750393152237
8763,0,1,-0.005450818687677383
8764,0,1,0.0015677213668823242
8765,0,1,0.006773972883820534
8766,3,1,0.10751190781593323
8767,7,1,-0.0026013795286417007
8768,1,1,0.02162471041083336
8769,6,1,0.02318427339196205
8770,4,1,0.011652238667011261
8771,6,1,0.03476901724934578
8772,0,1,0.004304375499486923
8773,4,1,0.015800513327121735
8774,5,1,0.06548947095870972
8775,4,1,0.01064378023147583
8776,1,1,0.026104751974344254
8777,3,1,0.009057026356458664
8778,8,1,-0.008066302165389061
8779,6,1,0.016980953514575958
8780,3,1,0.05124100670218468
8781,9,0,-0.0066246818751096725
8782,9,0,-0.008208813145756721
8783,5,1,0.04183873161673546
8784,9,0,-0.008657910861074924
8785,3,1,0.03915921971201897
8786,7,1,0.00046664848923683167
8787,8,1,-0.008550696074962616
8788,5,1,0.019393935799598694
8789,6,1,0.038973864167928696
8790,4,1,0.03197761997580528
8791,7,1,-0.004574380815029144
8792,6,1,0.01990525797009468
8793,2,1,0.04011267051100731
8794,2,1,0.03542416915297508
8795,0,1,0.004339275881648064
8796,9,0,-0.013338973745703697
8797,4,1,0.022225897759199142
8798,0,1,0.0663401335477829
8799,1,1,0.034843575209379196
8800,2,1,0.09911952912807465
8801,3,1,0.015518385916948318
8802,4,1,0.050543855875730515
8803,5,1,0.085179403424263
8804,6,1,0.026365187019109726
8805,7,1,0.0003188345581293106
8806,8,1,-0.00046552158892154694
8807,9,0,-0.007056068629026413
8808,0,1,0.05409668758511543
8809,1,1,0.057514216750860214
8810,2,1,0.038053903728723526
8811,3,1,0.06212292239069939
8812,4,1,0.04105822369456291
8813,5,1,0.03990168496966362
8814,6,1,0.03687562420964241
8815,7,1,0.01110057532787323
8816,8,1,0.02825741097331047
8817,9,0,-0.016468994319438934
8818,0,1,0.0417698509991169
8819,1,1,0.08357460796833038
8820,2,1,0.06148660555481911
8821,3,1,0.02816123142838478
8822,4,1,0.06632977724075317
8823,5,1,0.07242192327976227
8824,6,1,0.056147750467061996
8825,7,1,-0.003712587058544159
8826,8,1,0.00264650397002697
8827,9,0,-0.01442484837025404
8828,6,1,0.06367288529872894
8829,4,1,0.002182021737098694
8830,2,1,0.1340034455060959
8831,6,1,0.01469166949391365
8832,4,1,0.03174612671136856
8833,7,1,0.0014156382530927658
8834,5,1,0.03930011764168739
8835,5,1,0.03750871866941452
8836,4,1,0.007599536329507828
8837,7,1,-0.012664888985455036
8838,2,1,0.13510969281196594
8839,9,0,-0.009179322049021721
8840,3,1,0.0386546291410923
8841,9,0,-0.009660912677645683
8842,3,1,0.01809842884540558
8843,8,1,0.02926706150174141
8844,2,1,0.0540129654109478
8845,0,1,0.01043928787112236
8846,9,0,-0.010424947366118431
8847,5,1,0.050229962915182114
8848,6,1,0.012630816549062729
8849,0,1,-0.009227264672517776
8850,1,1,0.03964553400874138
8851,0,1,0.003833489492535591
8852,6,1,0.03746497258543968
8853,5,1,0.08875618875026703
8854,3,1,0.04194137826561928
8855,5,1,0.02889702096581459
8856,3,1,0.04118867591023445
8857,8,1,0.0073386747390031815
8858,0,1,0.021390516310930252
8859,0,1,0.025188039988279343
8860,3,1,0.02886008471250534
8861,4,1,0.013006821274757385
8862,1,1,0.03364038094878197
8863,5,1,0.09658639132976532
8864,3,1,0.007086420431733131
8865,0,1,0.02371135726571083
8866,8,1,0.010911297053098679
8867,3,1,0.06721067428588867
8868,0,1,0.028954632580280304
8869,6,1,0.02005520835518837
8870,2,1,0.12761767208576202
8871,7,1,-0.002287101000547409
8872,8,1,0.033543750643730164
8873,1,1,0.05075822398066521
8874,7,1,-0.004835974425077438
8875,1,1,0.03853738680481911
8876,3,1,0.059699174016714096
8877,8,1,0.021212484687566757
8878,5,1,0.0417938269674778
8879,4,1,0.0032848436385393143
8880,2,1,0.09648767113685608
8881,0,1,0.008526112884283066
8882,9,0,-0.009249744936823845
8883,7,1,-0.003203967586159706
8884,6,1,0.0449545793235302
8885,7,1,0.002014812082052231
8886,4,1,0.007549431174993515
8887,1,1,0.04864107444882393
8888,6,1,0.05295198783278465
8889,2,1,0.05239507183432579
8890,6,1,0.059312138706445694
8891,7,1,0.0036792363971471786
8892,1,1,0.04162506386637688
8893,9,0,-0.014290157705545425
8894,8,1,0.00572768971323967
8895,0,1,0.019724324345588684
8896,6,1,0.02359374240040779
8897,9,0,-0.011381263844668865
8898,4,1,0.026264909654855728
8899,9,0,-0.010937228798866272
8900,9,0,-0.010536301881074905
8901,6,1,0.03154609724879265
8902,2,1,0.04397290572524071
8903,3,1,0.020876649767160416
8904,7,1,-0.013933520764112473
8905,1,1,0.017410848289728165
8906,9,0,-0.01107671856880188
8907,2,1,0.05104885622859001
8908,2,1,0.05320318415760994
8909,5,1,0.03024568408727646
8910,3,1,0.011693615466356277
8911,7,1,0.010237567126750946
8912,8,1,0.03446037694811821
8913,0,1,0.01177191361784935
8914,1,1,0.05203508213162422
8915,2,1,0.07254157960414886
8916,3,1,0.023828323930501938
8917,4,1,-0.007430693134665489
8918,7,1,-0.0011432040482759476
8919,8,1,0.014232173562049866
8920,9,0,-0.012643618509173393
8921,0,1,0.025083567947149277
8922,1,1,0.07010295987129211
8923,2,1,0.0452154166996479
8924,3,1,-0.002979738637804985
8925,4,1,0.028809521347284317
8926,7,1,0.008397124707698822
8927,8,1,0.0006729364395141602
8928,9,0,-0.01717376708984375
8929,0,1,0.044639598578214645
8930,1,1,0.0881534218788147
8931,7,1,7.250532507896423e-05
8932,8,1,0.016887333244085312
8933,9,0,-0.012836422771215439
8934,8,1,0.002991095185279846
8935,9,0,-0.011822175234556198
8936,2,1,0.09024825692176819
8937,6,1,0.06640337407588959
8938,1,1,0.04481128975749016
8939,3,1,0.018476001918315887
8940,5,1,0.05480971559882164
8941,4,1,0.02310800552368164
8942,8,1,-0.00040145963430404663
8943,2,1,0.058259617537260056
8944,6,1,0.05348524823784828
8945,4,1,0.035916395485401154
8946,3,1,0.018675807863473892
8947,4,1,0.02374594286084175
8948,5,1,0.027041371911764145
8949,9,0,-0.013035944662988186
8950,2,1,0.14578868448734283
8951,0,1,0.00041700899600982666
8952,3,1,0.024530280381441116
8953,9,0,-0.009886792860925198
8954,4,1,-0.009657816961407661
8955,9,0,-0.002400418743491173
8956,7,1,0.00344100221991539
8957,3,1,0.0838916003704071
8958,8,1,-0.00020465068519115448
8959,7,1,-0.01159757748246193
8960,4,1,0.02169424667954445
8961,4,1,0.028842691332101822
8962,9,0,-0.015656858682632446
8963,8,1,0.0057160258293151855
8964,5,1,0.05168255791068077
8965,8,1,0.015516862273216248
8966,2,1,0.22469285130500793
8967,6,1,0.0294797383248806
8968,6,1,0.04484459385275841
8969,2,1,0.11878567934036255
8970,3,1,0.052884187549352646
8971,1,1,0.06636454164981842
8972,3,1,0.05747075751423836
8973,2,1,0.0920649915933609
8974,7,1,0.019258860498666763
8975,3,1,0.04158977046608925
8976,1,1,0.09206658601760864
8977,9,0,-0.018352199345827103
8978,0,1,0.007111221551895142
8979,1,1,0.1527252495288849
8980,1,1,0.06187998875975609
8981,3,1,0.0266379676759243
8982,5,1,0.02656535431742668
8983,0,1,0.062412019819021225
8984,7,1,0.007211029529571533
8985,8,1,0.012277927249670029
8986,1,1,0.07243180274963379
8987,5,1,0.0476919524371624
8988,1,1,0.06306611001491547
8989,4,1,0.03462938591837883
8990,6,1,0.04752914234995842
8991,0,1,0.14440494775772095
8992,0,1,0.032372280955314636
8993,4,1,0.012831106781959534
8994,9,0,-0.01283327303826809
8995,1,1,0.11768725514411926
8996,6,1,0.03954152390360832
8997,6,1,0.09030668437480927
8998,9,0,-0.00494847446680069
8999,0,1,0.03573950007557869
9000,7,1,0.0064291320741176605
9001,6,1,0.061954740434885025
9002,1,1,0.06868834793567657
9003,1,1,0.08753408491611481
9004,0,1,0.02847365289926529
9005,1,1,0.0580160953104496
9006,2,1,0.05317074432969093
9007,3,1,0.023571860045194626
9008,4,1,0.026239831000566483
9009,7,1,0.020214427262544632
9010,2,1,0.04008803889155388
9011,3,1,0.037109848111867905
9012,4,1,0.04271060600876808
9013,5,1,0.08691154420375824
9014,6,1,0.0075669847428798676
9015,7,1,0.062114033848047256
9016,0,1,0.029423493891954422
9017,1,1,0.1410946249961853
9018,2,1,0.03921925649046898
9019,7,1,0.04361431673169136
9020,8,1,0.014013826847076416
9021,6,1,0.0827399492263794
9022,3,1,0.0703241229057312
9023,9,0,-0.005525769665837288
9024,7,1,0.02692670002579689
9025,1,1,0.036680154502391815
9026,9,0,-0.0027218498289585114
9027,3,1,0.028333861380815506
9028,9,0,-0.005591046065092087
9029,6,1,0.03383205458521843
9030,1,1,0.03072677180171013
9031,7,1,0.039905089884996414
9032,2,1,0.08605246245861053
9033,4,1,0.04317722097039223
9034,4,1,0.003228137269616127
9035,5,1,0.09264902770519257
9036,7,1,0.031043611466884613
9037,0,1,0.013471536338329315
9038,0,1,0.011241134256124496
9039,1,1,0.007466912269592285
9040,6,1,0.11450693011283875
9041,6,1,0.08003143966197968
9042,8,1,0.009161915630102158
9043,2,1,0.13144990801811218
9044,7,1,0.042407650500535965
9045,7,1,0.03284359723329544
9046,2,1,0.028089776635169983
9047,4,1,0.06530369818210602
9048,2,1,0.05216885730624199
9049,1,1,0.045804958790540695
9050,6,1,0.10247653722763062
9051,1,1,0.02455073595046997
9052,0,1,0.01494254544377327
9053,6,1,0.0697212666273117
9054,9,0,-0.0063965804874897
9055,8,1,0.04262438043951988
9056,3,1,0.07076045870780945
9057,9,0,-0.006281856447458267
9058,6,1,0.07568958401679993
9059,3,1,0.023239709436893463
9060,0,1,0.15485534071922302
9061,1,1,0.018373560160398483
9062,2,1,0.038761358708143234
9063,3,1,0.03141714259982109
9064,4,1,0.030468519777059555
9065,5,1,0.02329559624195099
9066,6,1,0.03566192463040352
9067,7,1,-0.0007492415606975555
9068,8,1,-0.0033578742295503616
9069,9,0,-0.007672199979424477
9070,0,1,0.041191089898347855
9071,1,1,-0.012954700738191605
9072,2,1,0.0983317494392395
9073,3,1,0.028750214725732803
9074,4,1,0.04633181914687157
9075,5,1,0.02537143975496292
9076,6,1,0.02830764278769493
9077,7,1,0.046237360686063766
9078,8,1,0.00737658329308033
9079,9,0,0.012479152530431747
9080,0,1,0.048751380294561386
9081,1,1,0.004644922912120819
9082,2,1,0.08621273934841156
9083,3,1,0.03956357762217522
9084,4,1,0.004828890785574913
9085,5,1,0.028143566101789474
9086,6,1,0.04220077022910118
9087,7,1,0.0928063690662384
9088,8,1,0.002538539469242096
9089,9,0,-0.012814560905098915
9090,1,1,0.005490757524967194
9091,6,1,0.012647803872823715
9092,8,1,-0.007156331092119217
9093,9,0,-0.012241280637681484
9094,9,0,-0.010890601202845573
9095,0,1,0.06406958401203156
9096,1,1,0.023061931133270264
9097,2,1,0.1283196061849594
9098,4,1,0.04705777391791344
9099,4,1,0.02048640325665474
9100,3,1,0.07166016101837158
9101,7,1,1.2852251529693604e-06
9102,4,1,0.012390326708555222
9103,4,1,0.016679614782333374
9104,4,1,0.010591715574264526
9105,0,1,0.029727276414632797
9106,3,1,0.11945050954818726
9107,8,1,0.0022292472422122955
9108,7,1,0.012869074940681458
9109,5,1,0.05633297190070152
9110,8,1,0.005520999431610107
9111,2,1,0.09064298868179321
9112,1,1,0.005109021440148354
9113,7,1,0.0073167625814676285
9114,5,1,0.054083261638879776
9115,3,1,0.07502526044845581
9116,8,1,-0.008581256493926048
9117,5,1,0.04567074403166771
9118,2,1,0.04533539339900017
9119,5,1,0.028408799320459366
9120,1,1,0.044804465025663376
9121,1,1,0.05153911933302879
9122,6,1,0.04562227055430412
9123,2,1,0.08949726819992065
9124,1,1,0.03632811829447746
9125,3,1,0.1159672737121582
9126,8,1,0.013878729194402695
9127,6,1,0.03259134665131569
9128,4,1,0.014460068196058273
9129,2,1,0.07857686281204224
9130,6,1,0.027807746082544327
9131,2,1,0.09278084337711334
9132,5,1,0.013832852244377136
9133,5,1,0.04108692333102226
9134,0,1,0.02592909336090088
9135,2,1,0.28542348742485046
9136,8,1,-0.0007927622646093369
9137,0,1,0.012929178774356842
9138,6,1,0.027779925614595413
9139,8,1,-0.0032863151282072067
9140,1,1,0.02666434273123741
9141,7,1,0.008721653372049332
9142,9,0,-0.013398678973317146
9143,1,1,-0.0016984101384878159
9144,9,0,-0.009509479627013206
9145,2,1,0.13299660384655
9146,6,1,0.020166654139757156
9147,7,1,-0.0024304240942001343
9148,6,1,0.04509929195046425
9149,6,1,0.03073330596089363
9150,8,1,0.0020283982157707214
9151,7,1,-0.004538372159004211
9152,4,1,0.009999457746744156
9153,9,0,-0.0123908007517457
9154,2,1,0.10654258728027344
9155,1,1,0.025810368359088898
9156,3,1,0.10271283984184265
9157,3,1,0.07258652150630951
9158,0,1,0.022665295749902725
9159,5,1,0.017687279731035233
9160,5,1,0.06460517644882202
9161,8,1,0.017816904932260513
9162,0,1,0.0044413357973098755
9163,3,1,0.10868503153324127
9164,7,1,0.015092961490154266
9165,9,0,-0.010377534665167332
9166,7,1,0.011259235441684723
9167,0,1,0.10010480880737305
9168,2,1,0.0981878936290741
9169,7,1,-0.005862703546881676
9170,9,0,-0.007534891366958618
9171,1,1,0.029004540294408798
9172,7,1,0.0004865489900112152
9173,8,1,-0.01043146662414074
9174,0,1,0.058342259377241135
9175,3,1,0.09499730169773102
9176,5,1,0.013573464006185532
9177,3,1,0.05291887745261192
9178,6,1,0.02753841131925583
9179,0,1,0.02135322615504265
9180,1,1,0.03454262763261795
9181,2,1,0.01718905195593834
9182,3,1,-0.0048782918602228165
9183,4,1,0.0055528003722429276
9184,5,1,0.028960786759853363
9185,6,1,0.029638439416885376
9186,7,1,-0.007645808160305023
9187,8,1,0.01958363875746727
9188,9,0,-0.012588727287948132
9189,0,1,0.03935516998171806
9190,1,1,0.06941093504428864
9191,2,1,0.05516797676682472
9192,3,1,0.011127140372991562
9193,4,1,0.04649602994322777
9194,5,1,0.047120314091444016
9195,6,1,0.018426604568958282
9196,7,1,-0.0027677640318870544
9197,8,1,0.02342097833752632
9198,9,0,-0.01228769775480032
9199,0,1,0.022095590829849243
9200,1,1,0.04103543236851692
9201,2,1,0.05128290876746178
9202,3,1,0.01165826991200447
9203,4,1,0.020859085023403168
9204,7,1,0.013513147830963135
9205,8,1,0.03453301638364792
9206,9,0,-0.011054135859012604
9207,6,1,0.019702840596437454
9208,4,1,-0.009643590077757835
9209,2,1,0.006661994382739067
9210,6,1,0.01839134469628334
9211,4,1,0.0031958352774381638
9212,7,1,-0.005339454859495163
9213,8,1,0.015574406832456589
9214,9,0,-0.009250681847333908
9215,2,1,0.03787194564938545
9216,9,0,-0.010282638482749462
9217,3,1,0.06143505498766899
9218,9,0,-0.012530801817774773
9219,3,1,0.05738282576203346
9220,0,1,0.053945284336805344
9221,0,1,0.003733258694410324
9222,1,1,0.09268318116664886
9223,0,1,0.0032600462436676025
9224,4,1,-0.0002742540091276169
9225,2,1,0.06008632108569145
9226,6,1,0.01884172484278679
9227,3,1,0.05344279482960701
9228,5,1,0.057926345616579056
9229,3,1,0.07561706006526947
9230,0,1,0.08338432013988495
9231,3,1,-0.0022728759795427322
9232,4,1,0.01727839931845665
9233,1,1,0.07369254529476166
9234,5,1,0.044281672686338425
9235,3,1,0.05997781082987785
9236,0,1,0.01446499302983284
9237,8,1,0.015249963849782944
9238,3,1,0.05690230056643486
9239,0,1,0.057605113834142685
9240,6,1,0.01158282533288002
9241,1,1,0.12707002460956573
9242,7,1,-0.006424229592084885
9243,8,1,0.004124615341424942
9244,0,1,-0.0027843061834573746
9245,9,0,-0.002673596143722534
9246,2,1,0.0827079713344574
9247,6,1,0.0567161850631237
9248,7,1,0.0031296424567699432
9249,1,1,0.05913476273417473
9250,9,0,-0.0073052700608968735
9251,6,1,0.06253673136234283
9252,9,0,-0.004813967272639275
9253,4,1,0.008035503327846527
9254,9,0,-0.011035668663680553
9255,9,0,-0.01269042119383812
9256,6,1,0.03544459119439125
9257,7,1,0.0033054612576961517
9258,1,1,0.1010020524263382
9259,2,1,0.09997166693210602
9260,5,1,0.011628985404968262
9261,3,1,0.00572890043258667
9262,7,1,-0.003747645765542984
9263,8,1,0.006899168714880943
9264,0,1,0.1430065929889679
9265,1,1,0.06948402523994446
9266,2,1,0.06457793712615967
9267,4,1,0.03545920550823212
9268,5,1,0.010080166161060333
9269,6,1,0.032606251537799835
9270,7,1,0.006412999704480171
9271,8,1,0.006155684590339661
9272,9,0,-0.014502983540296555
9273,0,1,0.09893438220024109
9274,1,1,0.036587100476026535
9275,3,1,0.1317683309316635
9276,4,1,0.026708971709012985
9277,5,1,0.013885032385587692
9278,6,1,0.04963089898228645
9279,7,1,0.037956830114126205
9280,8,1,0.017317265272140503
9281,0,1,0.06819944083690643
9282,1,1,0.05348708853125572
9283,3,1,0.05655616149306297
9284,4,1,0.0478389672935009
9285,7,1,0.07168838381767273
9286,8,1,0.014945987612009048
9287,9,0,-0.005324199795722961
9288,7,1,0.0022087283432483673
9289,5,1,0.009378183633089066
9290,5,1,0.029546651989221573
9291,1,1,0.03189573809504509
9292,9,0,-0.014009809121489525
9293,9,0,-0.014909056946635246
9294,7,1,0.0029174834489822388
9295,1,1,0.062315043061971664
9296,0,1,0.0531042106449604
9297,0,1,0.0543140210211277
9298,5,1,0.040897827595472336
9299,9,0,-0.010330798104405403
9300,7,1,0.03572787344455719
9301,1,1,0.0300283282995224
9302,7,1,0.03185455501079559
9303,2,1,0.04139832779765129
9304,2,1,0.11707012355327606
9305,3,1,0.1150745153427124
9306,6,1,0.10123229026794434
9307,8,1,-0.005408573895692825
9308,3,1,0.1313301920890808
9309,2,1,0.12380757927894592
9310,0,1,0.043207455426454544
9311,0,1,0.05183778330683708
9312,6,1,0.021539989858865738
9313,1,1,0.034241799265146255
9314,7,1,0.020972173660993576
9315,5,1,0.014647182077169418
9316,8,1,0.009974684566259384
9317,6,1,0.04075688496232033
9318,2,1,0.11276774108409882
9319,9,0,-0.007430117577314377
9320,4,1,0.0067563727498054504
9321,8,1,0.01984197273850441
9322,8,1,0.012152839452028275
9323,7,1,0.0506720207631588
9324,1,1,0.04750837758183479
9325,0,1,0.027190491557121277
9326,8,1,0.03096703812479973
9327,7,1,0.004390455782413483
9328,7,1,0.04214372858405113
9329,5,1,0.05366629734635353
9330,8,1,0.004200587049126625
9331,5,1,0.004687851294875145
9332,3,1,0.06425394117832184
9333,4,1,0.010676771402359009
9334,6,1,0.017186321318149567
9335,1,1,0.049748774617910385
9336,1,1,0.041070859879255295
9337,5,1,0.009660355746746063
9338,5,1,0.01564929261803627
9339,0,1,0.08138759434223175
9340,7,1,0.004062065854668617
9341,2,1,0.07525436580181122
9342,3,1,0.06534360349178314
9343,6,1,0.02134406939148903
9344,4,1,0.030833251774311066
9345,1,1,0.051310572773218155
9346,2,1,0.021522406488656998
9347,4,1,0.02788347378373146
9348,1,1,0.036276429891586304
9349,5,1,0.08363601565361023
9350,4,1,0.046711068600416183
9351,2,1,0.14267319440841675
9352,0,1,0.12507133185863495
9353,4,1,0.009200058877468109
9354,8,1,0.011691614985466003
9355,6,1,0.04452137276530266
9356,1,1,0.04704743251204491
9357,9,0,-0.010031484067440033
9358,0,1,0.07147276401519775
9359,2,1,0.10948601365089417
9360,5,1,0.08196587860584259
9361,6,1,0.01936282590031624
9362,9,0,-0.008833345957100391
9363,3,1,0.0467667318880558
9364,6,1,0.013400569558143616
9365,3,1,0.01576802134513855
9366,6,1,0.0492754690349102
9367,0,1,0.13793134689331055
9368,1,1,0.0017925947904586792
9369,2,1,0.020022135227918625
9370,3,1,0.07571554183959961
9371,4,1,0.06655007600784302
9372,5,1,0.017842914909124374
9373,6,1,0.02730429545044899
9374,7,1,0.0014646053314208984
9375,8,1,0.03046627715229988
9376,9,0,-0.015109563246369362
9377,0,1,0.014708083122968674
9378,1,1,0.03666471317410469
9379,2,1,0.03958214446902275
9380,3,1,0.028682496398687363
9381,4,1,0.026104535907506943
9382,5,1,0.01331251859664917
9383,6,1,0.04991019144654274
9384,7,1,0.011878442019224167
9385,8,1,0.010570589452981949
9386,9,0,-0.006611596792936325
9387,0,1,0.028958208858966827
9388,1,1,0.008370384573936462
9389,2,1,0.054782282561063766
9390,3,1,0.03627047315239906
9391,5,1,0.013897445052862167
9392,6,1,0.09392410516738892
9393,7,1,-0.003989469259977341
9394,8,1,0.03535446152091026
9395,1,1,0.00455351360142231
9396,0,1,0.057625386863946915
9397,9,0,-0.010286386124789715
9398,5,1,0.01581091806292534
9399,7,1,0.006231188774108887
9400,5,1,0.023619726300239563
9401,1,1,0.033092204481363297
9402,8,1,0.01293378695845604
9403,6,1,0.029269225895404816
9404,9,0,-0.004885904490947723
9405,0,1,0.03176744654774666
9406,4,1,0.020449388772249222
9407,1,1,0.0129244364798069
9408,9,0,-0.016416247934103012
9409,3,1,0.06698504090309143
9410,8,1,0.022720057517290115
9411,4,1,0.06793275475502014
9412,4,1,0.029196683317422867
9413,7,1,-0.007393695414066315
9414,0,1,0.03120904043316841
9415,1,1,0.014977388083934784
9416,9,0,0.0038541145622730255
9417,2,1,0.09508021175861359
9418,8,1,-0.004410605877637863
9419,7,1,0.004871891811490059
9420,8,1,0.002753807231783867
9421,2,1,0.057653192430734634
9422,5,1,0.02461191639304161
9423,9,0,-0.00634775310754776
9424,6,1,0.024113085120916367
9425,0,1,0.0645066350698471
9426,6,1,0.02659286931157112
9427,5,1,0.04116467013955116
9428,5,1,0.0033626873046159744
9429,3,1,0.002922188490629196
9430,3,1,0.03041950985789299
9431,3,1,0.0034046396613121033
9432,9,0,-0.013156171888113022
9433,8,1,-0.0022461600601673126
9434,1,1,0.005421128123998642
9435,1,1,0.0025659315288066864
9436,0,1,0.02478601410984993
9437,6,1,0.02906510978937149
9438,1,1,0.04381663724780083
9439,0,1,0.03326983004808426
9440,0,1,0.02651466801762581
9441,6,1,0.05081407353281975
9442,2,1,0.01730172336101532
9443,1,1,0.026295192539691925
9444,1,1,0.04285701736807823
9445,3,1,-0.0034554488956928253
9446,2,1,0.07536576688289642
9447,7,1,0.007407292723655701
9448,7,1,-0.00770173966884613
9449,8,1,-0.004517894238233566
9450,8,1,0.10150659084320068
9451,7,1,0.0007460787892341614
9452,8,1,0.04402521625161171
9453,4,1,0.018277231603860855
9454,6,1,0.00941300019621849
9455,0,1,0.07704518735408783
9456,2,1,0.03787580505013466
9457,0,1,0.05360586568713188
9458,7,1,-0.0011243782937526703
9459,0,1,0.10472986102104187
9460,3,1,0.017011884599924088
9461,6,1,0.03606322035193443
9462,8,1,0.0023278482258319855
9463,7,1,-0.011914603412151337
9464,1,1,0.01344820111989975
9465,5,1,0.11843672394752502
9466,9,0,-0.010892396792769432
9467,9,0,-0.012654298916459084
9468,3,1,0.023744992911815643
9469,7,1,0.021023157984018326
9470,2,1,0.06427696347236633
9471,4,1,0.05497867241501808
9472,9,0,-0.010733164846897125
9473,4,1,0.011486873030662537
9474,3,1,0.019651565700769424
9475,6,1,0.03397240862250328
9476,2,1,0.10273246467113495
9477,2,1,0.06655754148960114
9478,5,1,0.059809740632772446
9479,3,1,0.06090724095702171
9480,2,1,0.0765816867351532
9481,5,1,0.04325754567980766
9482,5,1,0.02181432768702507
9483,9,0,-0.015132131986320019
9484,4,1,0.03233889862895012
9485,1,1,0.020875658839941025
9486,7,1,0.0031914524734020233
9487,2,1,0.13829556107521057
9488,0,1,0.03236112371087074
9489,1,1,0.044901710003614426
9490,2,1,0.06558756530284882
9491,3,1,0.01141010969877243
9492,4,1,0.05264478549361229
9493,5,1,0.030036326497793198
9494,6,1,0.22154338657855988
9495,7,1,0.029142718762159348
9496,8,1,0.008278749883174896
9497,9,0,-0.012989994138479233
9498,0,1,0.09554772078990936
9499,1,1,0.005186853930354118
9500,2,1,0.035485293716192245
9501,3,1,0.0005345698446035385
9502,4,1,0.018233750015497208
9503,5,1,0.07056593894958496
9504,6,1,0.05212600156664848
9505,7,1,0.02054528519511223
9506,8,1,0.006156681105494499
9507,9,0,-0.008682047948241234
9508,0,1,0.010470390319824219
9509,1,1,0.0486907921731472
9510,2,1,0.048568468540906906
9511,3,1,0.02768944948911667
9512,4,1,0.014443919062614441
9513,5,1,0.06691250205039978
9514,6,1,0.02468360960483551
9515,7,1,0.014882247895002365
9516,8,1,0.016444221138954163
9517,9,0,-0.01126317959278822
9518,1,1,0.04271682724356651
9519,0,1,0.01607723906636238
9520,1,1,0.0106637142598629
9521,2,1,0.03176809474825859
9522,7,1,-0.0034982189536094666
9523,5,1,0.04978574439883232
9524,3,1,0.0058345794677734375
9525,4,1,0.02076718583703041
9526,4,1,0.03714313730597496
9527,0,1,0.037530895322561264
9528,0,1,0.03291511908173561
9529,6,1,0.040358494967222214
9530,9,0,-0.0006917081773281097
9531,6,1,0.017583664506673813
9532,6,1,0.050736796110868454
9533,5,1,0.11655591428279877
9534,7,1,-0.01197202317416668
9535,2,1,0.04201490804553032
9536,3,1,-0.0058135464787483215
9537,4,1,-0.0021714791655540466
9538,4,1,0.003799356520175934
9539,9,0,-0.007245456799864769
9540,1,1,0.016690988093614578
9541,4,1,0.006011590361595154
9542,0,1,0.012716900557279587
9543,7,1,-0.005972567945718765
9544,9,0,-0.013276858255267143
9545,5,1,0.07155203819274902
9546,7,1,-0.005677003413438797
9547,2,1,0.04039042815566063
9548,3,1,0.03049502521753311
9549,1,1,0.013821002095937729
9550,4,1,-0.0029060356318950653
9551,4,1,0.005632970482110977
9552,0,1,-0.0071343667805194855
9553,9,0,-0.013082067482173443
9554,9,0,-0.011536937206983566
9555,6,1,0.028016362339258194
9556,1,1,0.0282643623650074
9557,8,1,0.021122533828020096
9558,3,1,0.007381197065114975
9559,3,1,0.021201927214860916
9560,7,1,0.023966971784830093
9561,3,1,0.013030309230089188
9562,9,0,-0.01611551269888878
9563,8,1,0.04880833253264427
9564,8,1,0.04117200896143913
9565,4,1,0.020250216126441956
9566,7,1,-0.009366481564939022
9567,7,1,0.009870782494544983
9568,6,1,0.027396991848945618
9569,2,1,0.13544714450836182
9570,1,1,0.039595868438482285
9571,9,0,-0.012100275605916977
9572,8,1,-0.002211306244134903
9573,7,1,0.01156827062368393
9574,8,1,0.019255243241786957
9575,8,1,0.0352785587310791
9576,7,1,-0.013281989842653275
9577,2,1,0.021327108144760132
9578,2,1,0.06300583481788635
9579,3,1,0.009190462529659271
9580,9,0,-0.0021480917930603027
9581,3,1,-0.008129704743623734
9582,3,1,0.01374315470457077
9583,5,1,0.020061563700437546
9584,5,1,0.0587109811604023
9585,0,1,0.004151139408349991
9586,7,1,0.007810283452272415
9587,9,0,0.03885134682059288
9588,5,1,0.0036609917879104614
9589,6,1,0.02836987003684044
9590,5,1,0.060564618557691574
9591,1,1,0.03445509821176529
9592,4,1,0.01033080741763115
9593,1,1,0.04112112149596214
9594,1,1,0.019582737237215042
9595,2,1,0.030522268265485764
9596,8,1,0.026528645306825638
9597,2,1,0.0473836250603199
9598,6,1,0.026251014322042465
9599,1,1,0.04324145242571831
9600,5,1,0.030501384288072586
9601,0,1,0.05392390117049217
9602,1,1,0.047055963426828384
9603,2,1,0.06180086359381676
9604,3,1,0.07879143953323364
9605,4,1,0.015323173254728317
9606,5,1,0.06230096146464348
9607,6,1,0.048308487981557846
9608,7,1,0.009741783142089844
9609,8,1,0.01605190709233284
9610,9,0,-0.0072739459574222565
9611,0,1,0.038117293268442154
9612,1,1,0.061029013246297836
9613,2,1,0.05973989889025688
9614,3,1,0.081468865275383
9615,4,1,0.043605636805295944
9616,5,1,0.03342336788773537
9617,6,1,0.0422922782599926
9618,7,1,-0.0005367547273635864
9619,8,1,0.01829305663704872
9620,9,0,-0.0007852762937545776
9621,0,1,0.06427550315856934
9622,1,1,0.008685503154993057
9623,2,1,0.045593854039907455
9624,3,1,0.030774403363466263
9625,4,1,0.013198789209127426
9626,5,1,0.05491532012820244
9627,6,1,0.11394938826560974
9628,7,1,0.0576016940176487
9629,8,1,0.023242387920618057
9630,8,1,0.004277026280760765
9631,0,1,0.021856248378753662
9632,6,1,0.09239831566810608
9633,0,1,0.005116937682032585
9634,0,1,0.0672646164894104
9635,2,1,0.057568009942770004
9636,3,1,0.121156245470047
9637,7,1,0.016457874327898026
9638,9,0,-0.009004158899188042
9639,4,1,0.013344209641218185
9640,7,1,-0.004402536898851395
9641,1,1,0.013565082103013992
9642,9,0,-0.006987173110246658
9643,1,1,0.0765366405248642
9644,7,1,0.010686162859201431
9645,1,1,0.019510921090841293
9646,4,1,-0.0005123745650053024
9647,0,1,0.04546787962317467
9648,0,1,0.05118552967905998
9649,1,1,0.064670130610466
9650,7,1,0.008307714015245438
9651,5,1,0.07298925518989563
9652,7,1,0.00868140161037445
9653,1,1,0.02783684805035591
9654,3,1,0.06656338274478912
9655,3,1,0.08583877980709076
9656,3,1,0.05342375114560127
9657,1,1,0.0230964757502079
9658,6,1,0.1593390256166458
9659,9,0,-0.01779588684439659
9660,7,1,0.019347529858350754
9661,1,1,0.013090219348669052
9662,3,1,0.10040712356567383
9663,0,1,0.041703369468450546
9664,2,1,0.008447963744401932
9665,6,1,0.11211976408958435
9666,0,1,0.024292781949043274
9667,8,1,0.03179658576846123
9668,9,0,-0.0047933608293533325
9669,4,1,0.005879867821931839
9670,3,1,0.03660184517502785
9671,5,1,0.044676523655653
9672,4,1,0.030954964458942413
9673,8,1,0.026371445506811142
9674,1,1,0.03577307239174843
9675,5,1,0.07621513307094574
9676,9,0,-0.006372896954417229
9677,0,1,0.2159849852323532
9678,6,1,0.10747736692428589
9679,6,1,0.060765404254198074
9680,3,1,0.02170029655098915
9681,8,1,0.019244201481342316
9682,1,1,0.023692559450864792
9683,4,1,0.0030985213816165924
9684,7,1,-0.00027241557836532593
9685,5,1,0.035221535712480545
9686,2,1,0.0601799450814724
9687,0,1,0.012299124151468277
9688,0,1,0.02396581694483757
9689,1,1,0.02550671249628067
9690,7,1,-0.004053814336657524
9691,8,1,0.040350329130887985
9692,9,0,-0.009741044603288174
9693,6,1,0.09969788789749146
9694,8,1,0.05552593246102333
9695,8,1,0.010421615093946457
9696,2,1,0.030769765377044678
9697,3,1,0.04235963150858879
9698,6,1,0.21104316413402557
9699,1,1,0.007546324282884598
9700,2,1,0.07147730886936188
9701,9,0,-0.01581917703151703
9702,5,1,0.0650930106639862
9703,2,1,0.12363183498382568
9704,0,1,0.005706034600734711
9705,1,1,0.06405279040336609
9706,2,1,0.051081907004117966
9707,3,1,0.06507514417171478
9708,4,1,0.008070454001426697
9709,5,1,0.07154962420463562
9710,6,1,0.05663388594985008
9711,7,1,-0.0049055032432079315
9712,8,1,0.032307397574186325
9713,9,0,-0.005434766411781311
9714,0,1,0.03107472136616707
9715,1,1,0.057474907487630844
9716,2,1,0.03458363190293312
9717,3,1,0.02600286155939102
9718,4,1,0.01153722032904625
9719,5,1,0.01780954748392105
9720,6,1,0.07252658903598785
9721,7,1,-0.008596634492278099
9722,8,1,0.03992568328976631
9723,9,0,-0.007314816117286682
9724,0,1,0.056172218173742294
9725,1,1,0.11434158682823181
9726,2,1,0.09053340554237366
9727,3,1,0.06044852361083031
9728,4,1,0.014901552349328995
9729,5,1,0.09557510912418365
9730,6,1,0.11583226919174194
9731,7,1,0.004714641720056534
9732,8,1,0.0847129374742508
9733,9,0,-0.009171762503683567
9734,7,1,0.0004831533879041672
9735,4,1,0.005191676318645477
9736,6,1,0.09792740643024445
9737,1,1,0.017922714352607727
9738,4,1,0.04449961706995964
9739,0,1,0.032679300755262375
9740,9,0,-0.0032829158008098602
9741,9,0,-0.008569015190005302
9742,3,1,0.1564009189605713
9743,7,1,-0.006004929542541504
9744,8,1,0.040249768644571304
9745,4,1,0.018321674317121506
9746,7,1,-0.0026300642639398575
9747,5,1,0.014127854257822037
9748,8,1,0.05062996223568916
9749,5,1,0.024767737835645676
9750,3,1,0.05941952392458916
9751,2,1,0.020577818155288696
9752,2,1,0.05101558193564415
9753,0,1,0.034847062081098557
9754,5,1,0.05633298680186272
9755,8,1,0.04687543585896492
9756,6,1,0.09639698266983032
9757,0,1,0.027427107095718384
9758,3,1,0.019067492336034775
9759,8,1,0.03241733834147453
9760,1,1,0.03722050413489342
9761,0,1,0.0895102471113205
9762,3,1,0.09599030017852783
9763,0,1,0.11270278692245483
9764,4,1,0.01566271111369133
9765,7,1,-0.007010921835899353
9766,4,1,0.02856527641415596
9767,9,0,-0.012572240084409714
9768,2,1,0.04948223754763603
9769,9,0,-0.00391811691224575
9770,5,1,0.032197099179029465
9771,7,1,-0.008349595591425896
9772,1,1,0.04262974485754967
9773,7,1,-0.0014662854373455048
9774,1,1,0.12070584297180176
9775,6,1,0.07527810335159302
9776,6,1,0.025678545236587524
9777,5,1,0.018408797681331635
9778,6,1,0.0848228931427002
9779,2,1,0.02867899462580681
9780,8,1,0.056378256529569626
9781,7,1,-0.0004936233162879944
9782,6,1,0.057525184005498886
9783,4,1,0.03240256384015083
9784,9,0,-0.014088135212659836
9785,9,0,-0.015783485025167465
9786,5,1,0.03172371909022331
9787,3,1,0.036379918456077576
9788,7,1,0.0005162209272384644
9789,4,1,0.00841686874628067
9790,3,1,0.024397417902946472
9791,0,1,0.030125446617603302
9792,4,1,-0.0017320327460765839
9793,6,1,0.22491811215877533
9794,6,1,0.10411116480827332
9795,1,1,0.10568675398826599
9796,1,1,0.07034561038017273
9797,3,1,0.04015963897109032
9798,2,1,0.0684317797422409
9799,1,1,0.06637775897979736
9800,0,1,0.005774365738034248
9801,0,1,0.053597282618284225
9802,1,1,0.016304418444633484
9803,2,1,0.03368406370282173
9804,3,1,0.008821804076433182
9805,4,1,0.02257293462753296
9806,7,1,-0.00449708104133606
9807,8,1,0.00847594067454338
9808,9,0,0.001299867406487465
9809,0,1,0.014823447912931442
9810,1,1,0.030331850051879883
9811,2,1,0.03299080207943916
9812,3,1,0.05318650230765343
9813,4,1,0.011206094175577164
9814,5,1,0.10152305662631989
9815,6,1,0.05771932378411293
9816,7,1,-0.002983633428812027
9817,8,1,0.02398603782057762
9818,0,1,0.017783235758543015
9819,1,1,0.02016376331448555
9820,2,1,0.036998093128204346
9821,3,1,0.02782045304775238
9822,4,1,0.024970073252916336
9823,7,1,0.0028294511139392853
9824,8,1,-0.0032124631106853485
9825,9,0,-0.010227067396044731
9826,0,1,0.003075249493122101
9827,8,1,-0.004155600443482399
9828,3,1,0.01892147958278656
9829,9,0,-0.010871155187487602
9830,5,1,0.1630961149930954
9831,5,1,0.10963501036167145
9832,2,1,0.005952483043074608
9833,6,1,0.019922252744436264
9834,8,1,0.007012665271759033
9835,4,1,0.017403434962034225
9836,1,1,0.02649230882525444
9837,7,1,-0.0014957748353481293
9838,1,1,0.016527391970157623
9839,2,1,0.02290967106819153
9840,3,1,0.029192175716161728
9841,5,1,0.35113951563835144
9842,6,1,0.1517789512872696
9843,9,0,-0.006971925497055054
9844,1,1,0.021094925701618195
9845,1,1,0.03718305379152298
9846,1,1,0.03380231931805611
9847,2,1,0.019006598740816116
9848,1,1,0.02325461432337761
9849,2,1,0.12004220485687256
9850,0,1,0.0009123422205448151
9851,7,1,9.977631270885468e-05
9852,7,1,-0.0019209980964660645
9853,5,1,0.07252316176891327
9854,8,1,0.024751700460910797
9855,2,1,0.04201579466462135
9856,9,0,-0.009158946573734283
9857,8,1,0.06703883409500122
9858,6,1,0.007149219512939453
9859,7,1,0.01171695813536644
9860,3,1,0.04108923301100731
9861,4,1,0.020493123680353165
9862,6,1,0.04894893988966942
9863,8,1,0.05703067407011986
9864,7,1,0.006345273926854134
9865,0,1,0.02409101277589798
9866,4,1,0.0967213362455368
9867,2,1,0.014923002570867538
9868,7,1,-0.0069133564829826355
9869,7,1,0.011386122554540634
9870,5,1,0.07125385105609894
9871,4,1,0.00952637568116188
9872,3,1,0.031857285648584366
9873,4,1,0.05406300351023674
9874,2,1,0.029652375727891922
9875,8,1,0.0016272328794002533
9876,1,1,0.03186912462115288
9877,5,1,0.07206010818481445
9878,1,1,0.02393963932991028
9879,0,1,0.00443820096552372
9880,2,1,0.02981865406036377
9881,3,1,0.017919715493917465
9882,3,1,-0.013381848111748695
9883,5,1,0.1177268922328949
9884,7,1,0.004315577447414398
9885,0,1,-0.001703757792711258
9886,6,1,0.04527107998728752
9887,8,1,0.001512482762336731
9888,6,1,0.006958838552236557
9889,3,1,0.1163121908903122
9890,9,0,-9.689107537269592e-05
9891,9,0,0.011030968278646469
9892,8,1,0.0400535948574543
9893,2,1,0.00881224125623703
9894,7,1,0.003711812198162079
9895,7,1,-0.0015467070043087006
9896,1,1,0.028136346489191055
9897,0,1,0.09333507716655731
9898,1,1,0.058966610580682755
9899,7,1,-0.008284914307296276
9900,8,1,0.004620477557182312
9901,9,0,-0.007543528452515602
9902,0,1,0.013811681419610977
9903,1,1,0.06486740708351135
9904,2,1,0.025024928152561188
9905,3,1,0.015200279653072357
9906,4,1,0.056792814284563065
9907,5,1,0.06458942592144012
9908,6,1,0.15916845202445984
9909,7,1,-0.013192936778068542
9910,8,1,0.09830239415168762
9911,0,1,0.07184305787086487
9912,1,1,0.17401722073554993
9913,2,1,0.048529963940382004
9914,3,1,0.010846983641386032
9915,4,1,0.06346771121025085
9916,7,1,-0.006568882614374161
9917,8,1,0.028077561408281326
9918,9,0,-0.004652813076972961
9919,7,1,-0.0063154567033052444
9920,8,1,0.0064619239419698715
9921,6,1,0.058314885944128036
9922,4,1,-0.006284622475504875
9923,1,1,0.05012589320540428
9924,9,0,0.0017247684299945831
9925,3,1,0.019503746181726456
9926,8,1,0.05798795446753502
9927,4,1,0.06519271433353424
9928,4,1,0.01272350549697876
9929,7,1,-0.004059053957462311
9930,0,1,0.02474546805024147
9931,1,1,0.016015533357858658
9932,9,0,-0.013268236070871353
9933,2,1,0.07141627371311188
9934,8,1,0.001621399074792862
9935,7,1,-0.0016809143126010895
9936,8,1,-0.0006854943931102753
9937,2,1,0.11454595625400543
9938,6,1,0.13623659312725067
9939,0,1,0.0002761576324701309
9940,6,1,0.08204331994056702
9941,5,1,0.041928406804800034
9942,3,1,0.044906262308359146
9943,3,1,0.016697611659765244
9944,3,1,0.02685045450925827
9945,9,0,-0.00981401652097702
9946,1,1,0.012747559696435928
9947,4,1,0.028110824525356293
9948,0,1,0.07636621594429016
9949,6,1,0.06799295544624329
9950,1,1,0.03340347483754158
9951,0,1,0.05537858232855797
9952,0,1,0.050613272935152054
9953,6,1,0.09615682065486908
9954,2,1,0.03221627324819565
9955,1,1,0.12713249027729034
9956,1,1,0.03395311161875725
9957,7,1,-0.01047549769282341
9958,7,1,0.011609122157096863
9959,8,1,-0.0031582843512296677
9960,4,1,-0.0076088979840278625
9961,6,1,0.039310406893491745
9962,0,1,0.05628972873091698
9963,7,1,0.0035568680614233017
9964,0,1,0.11923679709434509
9965,3,1,0.1464422196149826
9966,6,1,0.0755515843629837
9967,8,1,0.03354010358452797
9968,7,1,0.0013954639434814453
9969,1,1,0.0402081273496151
9970,5,1,0.10657882690429688
9971,2,1,0.026985928416252136
9972,4,1,0.019221361726522446
9973,9,0,-0.012904315255582333
9974,4,1,0.022486906498670578
9975,3,1,0.06773699820041656
9976,6,1,0.026059512048959732
9977,4,1,0.002472277730703354
9978,1,1,0.05896032974123955
9979,7,1,-0.007705464959144592
9980,2,1,0.05041595920920372
9981,6,1,0.12383803725242615
9982,5,1,0.10128012299537659
9983,0,1,0.06668862700462341
9984,1,1,0.003160715103149414
9985,2,1,0.0019534770399332047
9986,3,1,-0.01026856154203415
9987,4,1,0.008495006710290909
9988,5,1,0.037862762808799744
9989,6,1,0.012006226927042007
9990,7,1,-0.0036486778408288956
9991,8,1,0.00012303702533245087
9992,9,0,-0.01291808020323515
9993,0,1,0.021019015461206436
9994,1,1,0.042189907282590866
9995,2,1,0.041887130588293076
9996,3,1,0.010833609849214554
9997,4,1,-0.0008563399314880371
9998,5,1,0.05963016673922539
9999,6,1,0.0871921181678772
