sample_id,original_label,anomaly_label,score
0,3,1,0.4824427366256714
1,8,1,0.23134136199951172
2,8,1,0.14678722620010376
3,0,1,0.2692807912826538
4,6,1,0.3820676803588867
5,6,1,0.27536797523498535
6,1,1,0.2909861207008362
7,6,1,0.41601258516311646
8,3,1,0.40919768810272217
9,1,1,0.2590991258621216
10,0,1,0.4809553623199463
11,9,1,0.3198821544647217
12,5,1,0.3064853549003601
13,7,0,0.29135361313819885
14,9,1,0.4391363263130188
15,8,1,0.3167254328727722
16,5,1,0.23905551433563232
17,7,0,0.2992170453071594
18,8,1,0.1271493285894394
19,6,1,0.2577696442604065
20,7,0,0.34779492020606995
21,0,1,1.0671981573104858
22,4,1,0.3502284288406372
23,9,1,0.5435072183609009
24,5,1,0.3024677336215973
25,2,1,0.39237961173057556
26,4,1,0.5104584693908691
27,0,1,0.20469331741333008
28,9,1,0.3419783115386963
29,6,1,0.29744958877563477
30,6,1,0.38475602865219116
31,5,1,0.31009191274642944
32,4,1,0.6252009868621826
33,5,1,0.21459989249706268
34,9,1,0.1658351719379425
35,2,1,0.3848276734352112
36,4,1,0.3861926794052124
37,1,1,0.26421770453453064
38,9,1,0.43996477127075195
39,5,1,0.19547292590141296
40,4,1,0.3012913763523102
41,6,1,0.5144954919815063
42,5,1,0.27089497447013855
43,6,1,0.5224884152412415
44,0,1,0.4030918478965759
45,9,1,0.3322572708129883
46,3,1,0.24173888564109802
47,9,1,0.43231627345085144
48,7,0,0.29831868410110474
49,6,1,0.2001238316297531
50,9,1,0.17351120710372925
51,8,1,0.3547145426273346
52,0,1,0.3541143536567688
53,3,1,0.2944343090057373
54,8,1,0.14282041788101196
55,8,1,0.17694106698036194
56,7,0,0.373015433549881
57,7,0,0.3047741651535034
58,4,1,0.36505651473999023
59,6,1,0.4642546772956848
60,7,0,0.4201253652572632
61,3,1,0.2635202705860138
62,6,1,0.33441948890686035
63,3,1,0.20827820897102356
64,6,1,0.5543099045753479
65,2,1,0.43815886974334717
66,1,1,0.4397445321083069
67,2,1,0.4503421187400818
68,3,1,0.36148983240127563
69,7,0,0.1721046268939972
70,2,1,0.5818753242492676
71,6,1,0.31147122383117676
72,8,1,0.5160102248191833
73,8,1,0.2057681679725647
74,0,1,0.15701502561569214
75,2,1,0.43433719873428345
76,9,1,0.3085668385028839
77,3,1,0.23516704142093658
78,3,1,0.2823318839073181
79,8,1,0.3036823868751526
80,8,1,0.14507043361663818
81,1,1,0.5387471318244934
82,1,1,0.4421425461769104
83,7,0,0.49046003818511963
84,2,1,0.3046204745769501
85,5,1,0.28975367546081543
86,2,1,0.24863584339618683
87,7,0,0.14850646257400513
88,8,1,0.22148540616035461
89,9,1,0.3987168073654175
90,0,1,0.6718145608901978
91,3,1,0.45084840059280396
92,8,1,0.3879947066307068
93,6,1,0.2392876148223877
94,4,1,0.3612866699695587
95,6,1,0.4400476813316345
96,6,1,0.520325779914856
97,0,1,2.539519786834717
98,0,1,0.34101617336273193
99,7,0,0.18733668327331543
100,4,1,0.29061105847358704
101,5,1,0.2393968254327774
102,6,1,0.22870883345603943
103,3,1,0.17359565198421478
104,1,1,0.45740020275115967
105,1,1,0.1880219578742981
106,3,1,0.7869499921798706
107,6,1,0.4076780676841736
108,8,1,0.2504962682723999
109,7,0,0.20431330800056458
110,4,1,0.2347215712070465
111,0,1,0.4473209083080292
112,6,1,0.2630261182785034
113,2,1,0.4105464220046997
114,1,1,0.28314030170440674
115,3,1,0.2546765208244324
116,0,1,0.49067360162734985
117,4,1,0.3665372431278229
118,2,1,0.42772096395492554
119,7,0,0.2937358021736145
120,8,1,0.24079462885856628
121,3,1,0.10174886882305145
122,1,1,0.572609007358551
123,2,1,0.1653176099061966
124,8,1,0.25722742080688477
125,0,1,0.8413320779800415
126,8,1,0.22828012704849243
127,3,1,0.3062800168991089
128,5,1,0.20202670991420746
129,2,1,0.5856589078903198
130,4,1,0.3001629114151001
131,1,1,0.3279148042201996
132,8,1,0.3338402509689331
133,9,1,0.30763301253318787
134,1,1,0.19483694434165955
135,2,1,0.1883559674024582
136,9,1,0.22561447322368622
137,7,0,0.36554092168807983
138,2,1,0.2218494564294815
139,9,1,0.4824451208114624
140,6,1,0.34913569688796997
141,5,1,0.3159623146057129
142,6,1,0.18951712548732758
143,3,1,0.2772914469242096
144,8,1,0.1480867862701416
145,7,0,0.24374112486839294
146,6,1,0.43008852005004883
147,2,1,0.2893078923225403
148,5,1,0.21107426285743713
149,2,1,0.23946024477481842
150,8,1,0.350952684879303
151,9,1,0.2603651285171509
152,6,1,0.44017457962036133
153,0,1,0.48711541295051575
154,0,1,0.22214044630527496
155,5,1,0.23806291818618774
156,2,1,0.3562365174293518
157,9,1,0.23060578107833862
158,5,1,0.5765449404716492
159,4,1,0.44074687361717224
160,2,1,0.3732507824897766
161,1,1,0.2203168272972107
162,6,1,0.38536545634269714
163,6,1,0.21344447135925293
164,8,1,0.24874207377433777
165,4,1,0.2295760214328766
166,8,1,0.17039726674556732
167,4,1,0.5198799967765808
168,5,1,0.36975032091140747
169,0,1,0.09543377161026001
170,9,1,0.2407500296831131
171,9,1,0.24547287821769714
172,9,1,0.44972777366638184
173,8,1,0.27140921354293823
174,9,1,0.4576411247253418
175,9,1,0.22247032821178436
176,3,1,0.3337874412536621
177,7,0,0.42173463106155396
178,5,1,0.39890527725219727
179,0,1,0.2707058787345886
180,0,1,0.3532775044441223
181,5,1,0.32787901163101196
182,2,1,0.5084869265556335
183,2,1,0.5031977295875549
184,3,1,0.3153682351112366
185,8,1,0.3919322192668915
186,6,1,0.49297454953193665
187,3,1,0.22477513551712036
188,4,1,0.15788239240646362
189,0,1,0.35505858063697815
190,5,1,0.21590757369995117
191,8,1,0.3132930397987366
192,0,1,0.3036711513996124
193,1,1,0.401346355676651
194,7,0,0.3739487826824188
195,2,1,0.6400452852249146
196,8,1,0.19518837332725525
197,8,1,0.35188961029052734
198,7,0,0.2596265375614166
199,8,1,0.280753493309021
200,5,1,0.21783921122550964
201,1,1,0.10835961997509003
202,8,1,0.3710246682167053
203,7,0,0.36358821392059326
204,1,1,0.32300037145614624
205,3,1,0.2993173599243164
206,0,1,0.44048675894737244
207,5,1,0.34850743412971497
208,7,0,0.33371543884277344
209,9,1,0.19673770666122437
210,7,0,0.21871936321258545
211,4,1,0.23986174166202545
212,5,1,0.5482491254806519
213,9,1,0.2751263380050659
214,8,1,0.30469340085983276
215,0,1,0.29670459032058716
216,7,0,0.19839131832122803
217,9,1,0.23763373494148254
218,8,1,0.6216785907745361
219,2,1,0.3300236463546753
220,7,0,0.28087881207466125
221,6,1,0.29307863116264343
222,9,1,0.45539599657058716
223,4,1,0.6036508679389954
224,3,1,0.3370220959186554
225,9,1,0.2517778277397156
226,6,1,0.2398245930671692
227,4,1,0.5094714164733887
228,7,0,0.1996103823184967
229,6,1,0.34066465497016907
230,5,1,0.25042399764060974
231,1,1,0.3079493045806885
232,5,1,0.24535296857357025
233,8,1,0.4686841368675232
234,8,1,0.1410638988018036
235,0,1,0.43160510063171387
236,4,1,0.5317878723144531
237,0,1,0.0997404083609581
238,5,1,0.5518312454223633
239,5,1,0.29365405440330505
240,1,1,0.3678227663040161
241,1,1,0.5274224281311035
242,8,1,0.30596059560775757
243,9,1,0.20922626554965973
244,0,1,0.3816669285297394
245,3,1,0.26511651277542114
246,1,1,0.3420507311820984
247,9,1,0.18871617317199707
248,2,1,0.567693829536438
249,2,1,0.6265057921409607
250,5,1,0.3602510392665863
251,3,1,0.3488212823867798
252,9,1,0.3392069339752197
253,9,1,0.4974203407764435
254,4,1,0.1732543408870697
255,0,1,0.22449958324432373
256,3,1,0.440573513507843
257,0,1,0.15528246760368347
258,0,1,0.1932123899459839
259,9,1,0.3331203758716583
260,8,1,0.2681843936443329
261,1,1,0.36196333169937134
262,5,1,0.24106353521347046
263,7,0,0.5441407561302185
264,0,1,0.4811728000640869
265,8,1,0.10754173994064331
266,2,1,0.265995055437088
267,4,1,0.3029974102973938
268,7,0,0.5111707448959351
269,0,1,0.36950674653053284
270,2,1,0.3234292268753052
271,3,1,0.26551830768585205
272,6,1,0.6093441247940063
273,3,1,0.4467869997024536
274,8,1,0.1904330551624298
275,5,1,0.2571657598018646
276,0,1,0.28055474162101746
277,3,1,0.4068058729171753
278,4,1,0.29075682163238525
279,3,1,0.28421804308891296
280,9,1,0.3077003061771393
281,0,1,0.5064440965652466
282,6,1,0.354238897562027
283,1,1,0.20637695491313934
284,0,1,0.19121110439300537
285,9,1,0.4322461783885956
286,1,1,0.2613653540611267
287,0,1,0.2390395700931549
288,7,0,0.22774331271648407
289,9,1,0.20666560530662537
290,1,1,0.43890297412872314
291,2,1,0.4772363305091858
292,6,1,0.7777209877967834
293,9,1,0.24911995232105255
294,3,1,0.3171135485172272
295,4,1,0.3466034233570099
296,6,1,0.33648553490638733
297,0,1,0.41114702820777893
298,0,1,0.446148157119751
299,6,1,0.7351928353309631
300,6,1,0.395302414894104
301,6,1,0.34176215529441833
302,3,1,0.4720253348350525
303,2,1,0.2744608521461487
304,6,1,0.6856371164321899
305,1,1,0.21010497212409973
306,8,1,0.3865627646446228
307,2,1,0.31547701358795166
308,1,1,0.33828428387641907
309,6,1,0.18931329250335693
310,8,1,0.23010678589344025
311,6,1,0.6577447056770325
312,8,1,0.7699136734008789
313,0,1,3.9628589153289795
314,4,1,0.3887745141983032
315,0,1,0.24951046705245972
316,7,0,0.2730979323387146
317,7,0,0.4127368628978729
318,5,1,0.3240700364112854
319,5,1,0.5012449026107788
320,3,1,0.41862085461616516
321,5,1,0.3597489297389984
322,2,1,0.45502719283103943
323,3,1,0.20962561666965485
324,4,1,0.336921364068985
325,1,1,0.29382315278053284
326,7,0,0.5353907346725464
327,5,1,0.3434845805168152
328,4,1,0.31076210737228394
329,6,1,0.3153260350227356
330,1,1,0.2547723650932312
331,9,1,0.23617324233055115
332,3,1,0.3526341915130615
333,6,1,0.3007935881614685
334,6,1,0.2917843759059906
335,9,1,0.42149558663368225
336,3,1,0.3390159010887146
337,8,1,0.188756063580513
338,0,1,0.610082745552063
339,7,0,0.24083510041236877
340,2,1,0.40366819500923157
341,6,1,0.3803984224796295
342,2,1,0.5583964586257935
343,5,1,0.29587382078170776
344,8,1,0.25438427925109863
345,5,1,0.48495662212371826
346,4,1,0.21809810400009155
347,6,1,0.36224105954170227
348,8,1,0.22192955017089844
349,9,1,0.39774155616760254
350,9,1,0.33398669958114624
351,1,1,0.5515216588973999
352,0,1,0.11935243010520935
353,2,1,0.3357729911804199
354,2,1,0.4736902713775635
355,7,0,0.22412770986557007
356,3,1,0.41418689489364624
357,2,1,0.21969753503799438
358,8,1,0.2972301244735718
359,0,1,0.1121244728565216
360,9,1,0.5011478066444397
361,5,1,0.4629151225090027
362,8,1,0.3045118451118469
363,1,1,0.31485795974731445
364,9,1,0.4981609582901001
365,4,1,0.2114742249250412
366,1,1,0.25916266441345215
367,3,1,0.34586474299430847
368,8,1,0.2949029207229614
369,1,1,0.32066506147384644
370,4,1,0.3203835189342499
371,7,0,0.2523781955242157
372,9,1,0.22644439339637756
373,4,1,0.22590243816375732
374,2,1,0.3970774710178375
375,7,0,0.3701488971710205
376,0,1,0.15946295857429504
377,7,0,0.22744864225387573
378,0,1,0.29134541749954224
379,6,1,0.5578020215034485
380,6,1,0.5745202302932739
381,9,1,0.2209068238735199
382,0,1,0.5826466083526611
383,9,1,0.7167835235595703
384,2,1,0.5304120182991028
385,8,1,0.6830168962478638
386,7,0,0.2793363332748413
387,2,1,0.27330338954925537
388,2,1,0.2561224400997162
389,5,1,0.33331042528152466
390,1,1,0.494425505399704
391,2,1,0.3255583941936493
392,6,1,0.3776813745498657
393,2,1,0.165027916431427
394,9,1,0.3939485549926758
395,6,1,0.2830321192741394
396,2,1,0.25043991208076477
397,3,1,0.2735116481781006
398,0,1,0.20643654465675354
399,3,1,0.3054792881011963
400,9,1,0.21978166699409485
401,8,1,0.20819854736328125
402,7,0,0.2806429862976074
403,8,1,0.16908638179302216
404,8,1,0.17662116885185242
405,4,1,0.46122169494628906
406,0,1,0.4878491759300232
407,1,1,0.30463892221450806
408,8,1,0.40429526567459106
409,2,1,0.26230818033218384
410,7,0,0.34412330389022827
411,9,1,0.2232860028743744
412,3,1,0.3777814209461212
413,6,1,0.5503121018409729
414,1,1,0.3007926642894745
415,9,1,0.22382038831710815
416,0,1,0.2453603446483612
417,7,0,0.318632572889328
418,3,1,0.32090499997138977
419,7,0,0.2774246335029602
420,4,1,0.3608802855014801
421,5,1,0.32081907987594604
422,0,1,0.35180994868278503
423,0,1,0.8041162490844727
424,2,1,0.2018108367919922
425,9,1,0.20361748337745667
426,3,1,0.18459171056747437
427,4,1,0.39106863737106323
428,0,1,0.3524458408355713
429,6,1,0.24638228118419647
430,2,1,0.27800631523132324
431,5,1,0.3000764846801758
432,3,1,0.3966276943683624
433,7,0,0.38772696256637573
434,3,1,0.3070085346698761
435,7,0,0.2663227319717407
436,2,1,0.22538605332374573
437,5,1,0.5019371509552002
438,3,1,0.5689086318016052
439,1,1,0.30866631865501404
440,1,1,0.38495439291000366
441,4,1,0.4280942678451538
442,9,1,0.24537228047847748
443,9,1,0.28142762184143066
444,5,1,0.2622791528701782
445,7,0,0.40266653895378113
446,5,1,0.33743971586227417
447,0,1,0.6518043875694275
448,2,1,0.3505268096923828
449,2,1,0.7012056112289429
450,2,1,0.31342774629592896
451,9,1,0.20404495298862457
452,7,0,0.29661309719085693
453,3,1,0.3262626528739929
454,9,1,0.18652647733688354
455,4,1,0.42805567383766174
456,3,1,0.2536827027797699
457,5,1,0.609074592590332
458,4,1,0.2845882177352905
459,6,1,0.2114814817905426
460,5,1,0.24400904774665833
461,6,1,0.38752681016921997
462,1,1,0.3539429306983948
463,4,1,0.3925963044166565
464,3,1,0.3540824353694916
465,4,1,0.27722299098968506
466,4,1,0.19494813680648804
467,3,1,0.3315068483352661
468,7,0,0.23996105790138245
469,8,1,0.35793495178222656
470,3,1,0.3428339958190918
471,7,0,0.21071934700012207
472,8,1,0.2731579840183258
473,0,1,0.44545042514801025
474,5,1,0.24624434113502502
475,7,0,0.32677215337753296
476,6,1,0.3740387260913849
477,0,1,0.19250448048114777
478,5,1,0.2847679853439331
479,4,1,0.3476298749446869
480,8,1,0.1847609579563141
481,6,1,0.4391559958457947
482,8,1,0.19878438115119934
483,5,1,0.3694871962070465
484,5,1,0.35109829902648926
485,9,1,0.21918055415153503
486,9,1,0.20044127106666565
487,9,1,0.5173516273498535
488,5,1,0.3490025997161865
489,0,1,0.530646562576294
490,1,1,0.5080565810203552
491,0,1,0.1769048273563385
492,8,1,0.22828340530395508
493,1,1,0.2382558435201645
494,1,1,0.3171805143356323
495,8,1,0.2776283621788025
496,0,1,0.35763901472091675
497,2,1,0.3755086064338684
498,2,1,0.850045382976532
499,0,1,2.0547070503234863
500,4,1,0.3126980662345886
501,6,1,0.5147651433944702
502,5,1,0.5831944942474365
503,4,1,0.4651893675327301
504,9,1,0.311180055141449
505,4,1,0.40475207567214966
506,7,0,0.22212770581245422
507,9,1,0.37590551376342773
508,9,1,0.23533886671066284
509,4,1,0.3095260560512543
510,5,1,0.38192859292030334
511,6,1,0.4546090364456177
512,6,1,0.2678016424179077
513,1,1,0.499606728553772
514,5,1,0.2650253474712372
515,3,1,0.29002276062965393
516,8,1,0.20169472694396973
517,9,1,0.36706340312957764
518,5,1,0.24934393167495728
519,8,1,0.17617879807949066
520,5,1,0.28653275966644287
521,7,0,0.37386494874954224
522,0,1,0.6511651277542114
523,7,0,0.2226138412952423
524,0,1,0.5577535033226013
525,5,1,0.3275342583656311
526,0,1,0.29386967420578003
527,0,1,1.031057596206665
528,4,1,0.4956554174423218
529,6,1,0.4429129958152771
530,9,1,0.11805583536624908
531,0,1,0.19562296569347382
532,9,1,0.32595187425613403
533,5,1,0.34061700105667114
534,6,1,0.5340054631233215
535,6,1,0.37525445222854614
536,6,1,0.23286297917366028
537,2,1,0.6860907077789307
538,9,1,0.12349072098731995
539,0,1,0.3588886857032776
540,1,1,0.31226447224617004
541,7,0,0.2492489218711853
542,6,1,0.28464460372924805
543,7,0,0.27862122654914856
544,5,1,0.2928759455680847
545,9,1,0.1517583131790161
546,1,1,0.28522589802742004
547,6,1,0.5506213903427124
548,2,1,0.4584147036075592
549,5,1,0.2862844169139862
550,5,1,0.2978382706642151
551,5,1,0.31663936376571655
552,8,1,0.2465621531009674
553,5,1,0.3190709054470062
554,9,1,0.46235471963882446
555,4,1,0.1591918170452118
556,6,1,0.34510135650634766
557,4,1,0.23381774127483368
558,3,1,0.4032944142818451
559,2,1,0.382382333278656
560,0,1,0.7463423013687134
561,7,0,0.23996850848197937
562,6,1,0.3087543845176697
563,2,1,0.2850230038166046
564,2,1,0.30228182673454285
565,3,1,0.21039427816867828
566,9,1,0.14484447240829468
567,7,0,0.22581681609153748
568,9,1,0.17833773791790009
569,2,1,0.26513928174972534
570,6,1,0.18953648209571838
571,7,0,0.19668878614902496
572,1,1,0.25527891516685486
573,3,1,0.2855590581893921
574,6,1,0.20060937106609344
575,6,1,0.5086976885795593
576,8,1,0.2368028610944748
577,9,1,0.19102267920970917
578,7,0,0.4547114968299866
579,5,1,0.4281827211380005
580,4,1,0.24881041049957275
581,0,1,0.4051811695098877
582,8,1,0.35141968727111816
583,4,1,0.28223612904548645
584,0,1,0.4052351415157318
585,9,1,0.5576308369636536
586,3,1,0.500950276851654
587,4,1,0.5714114904403687
588,8,1,0.21341240406036377
589,9,1,0.3886239528656006
590,6,1,0.14154528081417084
591,9,1,0.2799748480319977
592,2,1,0.2657621502876282
593,6,1,0.434399276971817
594,1,1,0.3709208369255066
595,4,1,0.46864062547683716
596,7,0,0.43074989318847656
597,3,1,0.7683939337730408
598,5,1,0.2414056956768036
599,3,1,0.3787107765674591
600,8,1,0.31922364234924316
601,5,1,0.30042749643325806
602,0,1,0.28424012660980225
603,2,1,0.5227118730545044
604,1,1,0.42372387647628784
605,6,1,0.2542062997817993
606,4,1,0.37077581882476807
607,3,1,0.3030347228050232
608,3,1,0.3055095374584198
609,9,1,0.2112501859664917
610,6,1,0.2780553102493286
611,9,1,0.7809151411056519
612,8,1,0.2867576479911804
613,8,1,0.31178611516952515
614,5,1,0.27851855754852295
615,8,1,0.298345148563385
616,6,1,0.21962784230709076
617,6,1,0.6362292766571045
618,2,1,0.17425495386123657
619,1,1,0.3526149392127991
620,7,0,0.47677040100097656
621,7,0,0.23712694644927979
622,1,1,0.4410349726676941
623,2,1,0.3176884651184082
624,7,0,0.2669278383255005
625,9,1,0.2579394578933716
626,9,1,0.2725136876106262
627,4,1,0.5339723825454712
628,4,1,0.29011106491088867
629,1,1,0.4356369972229004
630,2,1,0.5593537092208862
631,5,1,0.39717286825180054
632,6,1,0.30782589316368103
633,8,1,0.39998888969421387
634,7,0,0.5140509009361267
635,6,1,0.2303941696882248
636,8,1,0.15102002024650574
637,3,1,0.2505732476711273
638,0,1,0.18989194929599762
639,5,1,0.3989275097846985
640,5,1,0.2270979881286621
641,3,1,0.4231456220149994
642,0,1,0.28553542494773865
643,7,0,0.38468652963638306
644,9,1,0.5614221692085266
645,1,1,0.38191336393356323
646,3,1,0.2932617962360382
647,4,1,0.46439456939697266
648,4,1,0.286645770072937
649,5,1,0.6065965890884399
650,3,1,0.2637379765510559
651,9,1,0.3402270972728729
652,5,1,0.24969375133514404
653,6,1,0.28703680634498596
654,9,1,0.3568197786808014
655,2,1,0.3035675883293152
656,1,1,0.26043012738227844
657,1,1,0.3929731547832489
658,4,1,0.22966687381267548
659,1,1,0.4826495051383972
660,9,1,0.30411407351493835
661,4,1,0.3258519768714905
662,7,0,0.23023736476898193
663,6,1,0.33291876316070557
664,3,1,0.5122445821762085
665,8,1,0.2617257237434387
666,9,1,0.5201205015182495
667,0,1,0.3888697624206543
668,1,1,0.2511976659297943
669,3,1,0.2036903351545334
670,6,1,0.33429259061813354
671,3,1,0.22882452607154846
672,6,1,0.2977578043937683
673,3,1,0.232282817363739
674,2,1,1.020817756652832
675,0,1,0.6734288930892944
676,3,1,0.37842974066734314
677,1,1,0.1819128692150116
678,0,1,0.3142598271369934
679,5,1,0.23383548855781555
680,9,1,0.3260631859302521
681,6,1,0.3045540452003479
682,4,1,0.22153626382350922
683,8,1,0.32707667350769043
684,9,1,0.29858648777008057
685,6,1,0.3258812427520752
686,9,1,0.3448116183280945
687,6,1,0.37617015838623047
688,3,1,0.31612005829811096
689,0,1,0.2336711287498474
690,3,1,0.20969125628471375
691,2,1,0.18475376069545746
692,2,1,0.38270971179008484
693,7,0,0.29735517501831055
694,8,1,0.17597229778766632
695,3,1,0.13742861151695251
696,8,1,0.17635133862495422
697,2,1,0.5213994383811951
698,7,0,0.25628048181533813
699,5,1,0.4250800609588623
700,7,0,0.3313491642475128
701,2,1,0.4222104549407959
702,4,1,0.1639614850282669
703,8,1,0.31937259435653687
704,7,0,0.45148593187332153
705,4,1,0.3474370241165161
706,2,1,0.839931845664978
707,9,1,0.33085379004478455
708,8,1,0.17461809515953064
709,8,1,0.2643031179904938
710,6,1,0.3024723529815674
711,8,1,0.418472558259964
712,8,1,0.18260252475738525
713,7,0,0.2267383635044098
714,4,1,0.3481805920600891
715,3,1,0.4791046977043152
716,3,1,0.2956908345222473
717,8,1,0.31173276901245117
718,4,1,0.26996666193008423
719,9,1,0.1667124629020691
720,4,1,0.16651611030101776
721,8,1,0.29876717925071716
722,8,1,0.26768016815185547
723,1,1,0.401139497756958
724,8,1,0.1815122365951538
725,2,1,0.3006628155708313
726,1,1,0.8082386255264282
727,3,1,0.2667894959449768
728,6,1,0.5780066847801208
729,5,1,0.3194665312767029
730,4,1,0.3210151195526123
731,2,1,0.7026865482330322
732,7,0,0.2027517408132553
733,9,1,0.6404376029968262
734,9,1,0.40566468238830566
735,4,1,0.18949341773986816
736,1,1,0.3127322196960449
737,4,1,0.6682834625244141
738,1,1,0.34327584505081177
739,3,1,0.2227799892425537
740,2,1,0.367607057094574
741,7,0,0.3925955593585968
742,0,1,0.4628767967224121
743,7,0,0.16930341720581055
744,9,1,0.5268715620040894
745,7,0,0.32202309370040894
746,6,1,0.3041040897369385
747,6,1,0.2171986997127533
748,2,1,0.39926934242248535
749,5,1,0.2620253562927246
750,9,1,0.14926382899284363
751,2,1,0.36156344413757324
752,9,1,0.22823110222816467
753,1,1,0.2666236162185669
754,2,1,0.1979367434978485
755,2,1,0.34793174266815186
756,6,1,0.3710031807422638
757,8,1,0.22839117050170898
758,2,1,0.12242908775806427
759,1,1,0.34314554929733276
760,3,1,0.361581951379776
761,6,1,0.20753735303878784
762,6,1,0.5269463658332825
763,0,1,0.19762659072875977
764,1,1,0.24212518334388733
765,2,1,0.22844788432121277
766,7,0,0.14364470541477203
767,0,1,0.2532586455345154
768,5,1,0.30253422260284424
769,4,1,0.307889848947525
770,6,1,0.6634878516197205
771,1,1,0.3893912732601166
772,6,1,0.36478763818740845
773,4,1,0.343621164560318
774,0,1,0.765782356262207
775,2,1,0.27387475967407227
776,2,1,0.29553845524787903
777,6,1,0.302613228559494
778,0,1,0.6292515397071838
779,5,1,0.3399581015110016
780,9,1,0.47691118717193604
781,1,1,0.4381066560745239
782,7,0,0.24184682965278625
783,6,1,0.7701431512832642
784,7,0,0.535580039024353
785,0,1,0.5482425093650818
786,3,1,0.16420379281044006
787,9,1,0.14921998977661133
788,6,1,0.38618236780166626
789,8,1,0.32543835043907166
790,3,1,0.25086385011672974
791,0,1,0.2912918031215668
792,3,1,0.4373689293861389
793,4,1,0.1313016712665558
794,7,0,0.2740403115749359
795,7,0,0.547227680683136
796,1,1,0.4734773635864258
797,4,1,0.24051886796951294
798,7,0,0.30064576864242554
799,2,1,0.6676784753799438
800,7,0,0.21218903362751007
801,1,1,0.490273118019104
802,4,1,0.3636742830276489
803,7,0,0.29175451397895813
804,4,1,0.6603568196296692
805,4,1,0.265870064496994
806,8,1,0.2595544457435608
807,4,1,0.2708851397037506
808,7,0,0.4051780700683594
809,7,0,0.3265094757080078
810,5,1,0.511266827583313
811,3,1,0.2617884576320648
812,7,0,0.20239099860191345
813,2,1,0.31352853775024414
814,0,1,0.4240640103816986
815,8,1,0.12078680843114853
816,9,1,0.4519643783569336
817,5,1,0.4314032196998596
818,8,1,0.7448740005493164
819,3,1,0.3785511255264282
820,6,1,0.21289421617984772
821,2,1,0.5991313457489014
822,0,1,0.23131076991558075
823,8,1,0.28091397881507874
824,7,0,0.38104718923568726
825,3,1,0.5235846042633057
826,7,0,0.34064406156539917
827,6,1,0.4320620894432068
828,5,1,0.38474762439727783
829,3,1,0.2818363308906555
830,1,1,0.7229028940200806
831,3,1,0.3981519043445587
832,2,1,0.3360065519809723
833,2,1,0.3538331389427185
834,5,1,0.2566796839237213
835,4,1,0.3328224718570709
836,1,1,0.2715466022491455
837,2,1,0.361569344997406
838,9,1,0.27929356694221497
839,2,1,0.2065410614013672
840,7,0,0.22393374145030975
841,0,1,0.8493275046348572
842,7,0,0.4647790193557739
843,2,1,0.5329740047454834
844,1,1,0.5068737864494324
845,3,1,0.24267053604125977
846,2,1,0.37421032786369324
847,0,1,0.3478131592273712
848,2,1,0.32190632820129395
849,4,1,0.3170921206474304
850,7,0,0.18345355987548828
851,9,1,0.29774582386016846
852,8,1,0.2617810368537903
853,9,1,0.19672136008739471
854,0,1,0.7886426448822021
855,7,0,0.1355597972869873
856,7,0,0.24442774057388306
857,0,1,5.037604331970215
858,7,0,0.20175355672836304
859,8,1,0.22160980105400085
860,4,1,0.2734341025352478
861,6,1,0.27222388982772827
862,3,1,0.46328437328338623
863,3,1,0.47373199462890625
864,0,1,0.5328665971755981
865,1,1,0.2521921992301941
866,3,1,0.26096946001052856
867,7,0,0.1816418170928955
868,0,1,0.6313087940216064
869,1,1,0.5937597751617432
870,3,1,0.23310203850269318
871,1,1,0.32870763540267944
872,4,1,0.4221820533275604
873,2,1,0.40013936161994934
874,3,1,0.2971876263618469
875,8,1,0.32405292987823486
876,4,1,0.29069989919662476
877,2,1,0.31974029541015625
878,3,1,0.28637439012527466
879,7,0,0.3812025487422943
880,8,1,0.16136088967323303
881,4,1,0.17735892534255981
882,3,1,0.41526371240615845
883,0,1,0.4010818898677826
884,9,1,0.24661672115325928
885,0,1,0.6341104507446289
886,0,1,0.31751546263694763
887,1,1,0.32716867327690125
888,0,1,0.3181639313697815
889,4,1,0.37691110372543335
890,4,1,0.36995643377304077
891,6,1,0.3870743215084076
892,7,0,0.20741699635982513
893,6,1,0.32969027757644653
894,1,1,0.3112308084964752
895,1,1,0.482310026884079
896,3,1,0.3478492796421051
897,7,0,0.36487340927124023
898,3,1,0.35615456104278564
899,5,1,0.2861117720603943
900,2,1,0.2796056866645813
901,6,1,0.2595318853855133
902,6,1,0.3644499182701111
903,5,1,0.2203749120235443
904,8,1,0.3208579421043396
905,7,0,0.3558759093284607
906,1,1,0.16927282512187958
907,6,1,0.6770894527435303
908,8,1,0.25930652022361755
909,8,1,0.4612657427787781
910,5,1,0.44644904136657715
911,3,1,0.2727440595626831
912,0,1,0.24037186801433563
913,4,1,0.35923320055007935
914,0,1,0.3534706234931946
915,1,1,0.31712430715560913
916,3,1,0.2267962545156479
917,8,1,0.2454872876405716
918,8,1,0.48101454973220825
919,0,1,0.3737756609916687
920,6,1,0.46381646394729614
921,9,1,0.1814001053571701
922,9,1,0.250566691160202
923,9,1,0.2811608612537384
924,5,1,0.4733917713165283
925,5,1,0.26999431848526
926,8,1,0.3852963447570801
927,6,1,0.3877280056476593
928,0,1,0.5036110877990723
929,0,1,0.3612373471260071
930,4,1,0.3159833550453186
931,2,1,0.3915383517742157
932,3,1,0.5834503173828125
933,2,1,0.17564962804317474
934,7,0,0.25931984186172485
935,2,1,0.5059189796447754
936,2,1,0.4274662733078003
937,5,1,0.5749692916870117
938,9,1,0.31767022609710693
939,8,1,0.278520792722702
940,9,1,0.5242931246757507
941,1,1,0.3684597909450531
942,7,0,0.21039609611034393
943,4,1,0.30388253927230835
944,0,1,0.6056719422340393
945,3,1,0.29811713099479675
946,0,1,0.3229757249355316
947,1,1,0.4903106689453125
948,3,1,0.26549702882766724
949,8,1,0.3602505326271057
950,3,1,0.4126109778881073
951,9,1,0.1931496560573578
952,6,1,0.5422993302345276
953,1,1,0.3591620922088623
954,4,1,0.3991968035697937
955,7,0,0.3571547567844391
956,0,1,0.5046366453170776
957,3,1,0.49577975273132324
958,7,0,0.2721470594406128
959,8,1,0.3211188316345215
960,9,1,0.2298908531665802
961,1,1,0.2640347182750702
962,1,1,0.5555166006088257
963,6,1,0.522074818611145
964,6,1,0.20326262712478638
965,6,1,0.6416535377502441
966,6,1,0.33606135845184326
967,9,1,0.2632604241371155
968,1,1,0.39553123712539673
969,9,1,0.2060767412185669
970,9,1,0.2864229381084442
971,4,1,0.2940848469734192
972,2,1,0.4389180839061737
973,1,1,0.5235251784324646
974,7,0,0.3888002038002014
975,0,1,0.16153571009635925
976,6,1,0.25192755460739136
977,8,1,0.3847252428531647
978,1,1,0.6161600351333618
979,9,1,0.3514949679374695
980,2,1,0.3154457211494446
981,9,1,0.24143773317337036
982,0,1,0.7561485767364502
983,4,1,0.2445959746837616
984,7,0,0.38340315222740173
985,8,1,0.28109869360923767
986,3,1,0.27622079849243164
987,1,1,0.3782203793525696
988,2,1,0.4117904305458069
989,0,1,2.482473850250244
990,1,1,0.7219411730766296
991,5,1,0.3661912679672241
992,8,1,0.3300465941429138
993,4,1,0.30511653423309326
994,6,1,0.245193213224411
995,3,1,0.484481543302536
996,8,1,0.16060563921928406
997,1,1,0.4643212556838989
998,3,1,0.34966954588890076
999,8,1,0.180070698261261
1000,5,1,0.1941503882408142
1001,0,1,0.6561890244483948
1002,8,1,0.21350520849227905
1003,4,1,0.31277182698249817
1004,8,1,0.2194339632987976
1005,1,1,0.32129350304603577
1006,1,1,0.4569782018661499
1007,8,1,0.3598191738128662
1008,9,1,0.4112716317176819
1009,6,1,0.3702685534954071
1010,0,1,0.3280133605003357
1011,8,1,0.20355920493602753
1012,6,1,0.305198073387146
1013,1,1,0.2107587307691574
1014,3,1,0.27076011896133423
1015,4,1,0.2569633722305298
1016,1,1,0.6279221177101135
1017,6,1,0.3881427049636841
1018,0,1,0.3352290391921997
1019,5,1,0.3974844217300415
1020,1,1,0.39445430040359497
1021,1,1,0.3617129623889923
1022,0,1,1.2155311107635498
1023,0,1,0.31660985946655273
1024,3,1,0.4308132827281952
1025,5,1,0.4729507267475128
1026,0,1,0.3932815194129944
1027,0,1,0.21194466948509216
1028,6,1,0.5817221999168396
1029,6,1,0.5552276372909546
1030,3,1,0.35004130005836487
1031,3,1,0.2766239643096924
1032,6,1,0.4426204264163971
1033,3,1,0.30298253893852234
1034,6,1,0.3222846984863281
1035,6,1,0.5317598581314087
1036,0,1,0.9536489248275757
1037,7,0,0.3654959797859192
1038,2,1,0.3313698172569275
1039,2,1,0.3979506194591522
1040,7,0,0.36890488862991333
1041,5,1,0.5230448246002197
1042,5,1,0.7119946479797363
1043,2,1,0.2780599892139435
1044,8,1,0.212299644947052
1045,5,1,0.363353431224823
1046,2,1,0.4568803310394287
1047,1,1,0.11476148664951324
1048,1,1,0.4331524074077606
1049,4,1,0.5196520090103149
1050,3,1,0.3371780216693878
1051,2,1,0.5360687971115112
1052,0,1,0.6187295317649841
1053,3,1,0.2054659128189087
1054,1,1,0.2304379940032959
1055,5,1,0.32077887654304504
1056,3,1,0.2792697250843048
1057,7,0,0.2250557541847229
1058,6,1,0.4469359815120697
1059,8,1,0.43441444635391235
1060,9,1,0.2040160596370697
1061,1,1,0.27539268136024475
1062,6,1,0.4464232325553894
1063,4,1,0.2857278287410736
1064,9,1,0.2977069020271301
1065,3,1,0.20004841685295105
1066,9,1,0.4328871965408325
1067,0,1,0.36577749252319336
1068,9,1,0.15847894549369812
1069,6,1,0.4888734817504883
1070,3,1,0.5010888576507568
1071,6,1,0.5330230593681335
1072,0,1,0.754496693611145
1073,7,0,0.27903634309768677
1074,3,1,0.2655046284198761
1075,8,1,0.18626132607460022
1076,0,1,0.2853657007217407
1077,0,1,0.4658166766166687
1078,0,1,1.3134737014770508
1079,6,1,0.18437287211418152
1080,6,1,0.3053165674209595
1081,6,1,0.32055437564849854
1082,9,1,0.3050091862678528
1083,2,1,0.27997347712516785
1084,5,1,0.46000540256500244
1085,4,1,0.1634528934955597
1086,4,1,0.34823355078697205
1087,6,1,0.27409282326698303
1088,3,1,0.27482882142066956
1089,6,1,0.3480996787548065
1090,0,1,0.18150490522384644
1091,8,1,0.3024631440639496
1092,6,1,0.2738887369632721
1093,0,1,0.6121435761451721
1094,6,1,0.21203899383544922
1095,2,1,0.20192044973373413
1096,7,0,0.28258949518203735
1097,5,1,0.38679075241088867
1098,1,1,0.502423107624054
1099,2,1,0.3136109411716461
1100,7,0,0.214359313249588
1101,8,1,0.16348659992218018
1102,8,1,0.2603721618652344
1103,0,1,0.24989274144172668
1104,9,1,0.2999756336212158
1105,4,1,0.38612377643585205
1106,9,1,0.313253253698349
1107,7,0,0.5572257041931152
1108,2,1,0.5013718008995056
1109,0,1,0.5148391723632812
1110,2,1,0.27561670541763306
1111,8,1,0.203701913356781
1112,3,1,0.3333539068698883
1113,8,1,0.2877810597419739
1114,9,1,0.2786773145198822
1115,1,1,0.4649859666824341
1116,5,1,0.24348333477973938
1117,5,1,0.2634749114513397
1118,4,1,0.37066924571990967
1119,7,0,0.3498873710632324
1120,5,1,0.4562777876853943
1121,3,1,0.506025493144989
1122,8,1,0.18137134611606598
1123,3,1,0.25732529163360596
1124,3,1,0.6851271390914917
1125,6,1,0.2559657692909241
1126,2,1,0.3250003457069397
1127,8,1,0.1930721402168274
1128,4,1,0.25342023372650146
1129,3,1,0.36872491240501404
1130,7,0,0.3414563536643982
1131,1,1,0.2770477533340454
1132,2,1,0.30145829916000366
1133,4,1,0.6149953603744507
1134,1,1,0.37473994493484497
1135,6,1,0.28207236528396606
1136,9,1,0.40234243869781494
1137,0,1,0.30349302291870117
1138,5,1,0.4692233204841614
1139,8,1,0.24710416793823242
1140,6,1,0.3442143499851227
1141,1,1,0.25287821888923645
1142,8,1,0.25785940885543823
1143,6,1,0.2761401832103729
1144,1,1,0.16458351910114288
1145,4,1,0.6150211095809937
1146,2,1,0.14151537418365479
1147,6,1,0.27721330523490906
1148,2,1,0.26909172534942627
1149,7,0,0.3369928300380707
1150,2,1,0.25385093688964844
1151,2,1,0.3869435787200928
1152,0,1,0.8319960832595825
1153,8,1,0.13221117854118347
1154,6,1,0.47244691848754883
1155,9,1,0.23707319796085358
1156,1,1,0.37333258986473083
1157,7,0,0.274152934551239
1158,1,1,0.4012959599494934
1159,8,1,0.32743847370147705
1160,8,1,0.33354777097702026
1161,0,1,0.6388668417930603
1162,7,0,0.21075254678726196
1163,3,1,0.3988991677761078
1164,8,1,0.4218822717666626
1165,0,1,0.19713766872882843
1166,3,1,0.33115366101264954
1167,4,1,0.15121689438819885
1168,3,1,0.1789211630821228
1169,7,0,0.30232319235801697
1170,7,0,0.33557626605033875
1171,9,1,0.3259301781654358
1172,2,1,0.37570440769195557
1173,3,1,0.2642342150211334
1174,1,1,0.3230268955230713
1175,9,1,0.2643086910247803
1176,1,1,0.6698428392410278
1177,9,1,0.3334658145904541
1178,6,1,0.3437439799308777
1179,3,1,0.24374830722808838
1180,3,1,0.14257973432540894
1181,3,1,0.5778224468231201
1182,1,1,0.6592774391174316
1183,0,1,0.4842544496059418
1184,6,1,0.2790202498435974
1185,1,1,0.2720608115196228
1186,4,1,0.7997488975524902
1187,1,1,0.34248650074005127
1188,0,1,0.36384281516075134
1189,0,1,0.6475554704666138
1190,1,1,0.4626070261001587
1191,1,1,0.3033812344074249
1192,6,1,0.445136159658432
1193,5,1,0.34848833084106445
1194,4,1,0.2469094842672348
1195,6,1,0.3244621157646179
1196,2,1,0.31083375215530396
1197,0,1,0.39072078466415405
1198,7,0,0.31259089708328247
1199,9,1,0.5421591997146606
1200,8,1,0.3454628586769104
1201,7,0,0.3633729815483093
1202,2,1,0.505090594291687
1203,0,1,0.7598472833633423
1204,6,1,0.5157430768013
1205,8,1,0.578689694404602
1206,1,1,0.43897807598114014
1207,4,1,0.19056308269500732
1208,3,1,0.31070971488952637
1209,7,0,0.30879342555999756
1210,0,1,0.5496841669082642
1211,6,1,0.7733442187309265
1212,1,1,0.2615678012371063
1213,8,1,0.34595048427581787
1214,5,1,0.2505611479282379
1215,7,0,0.25520187616348267
1216,8,1,0.4215214252471924
1217,4,1,0.26242464780807495
1218,8,1,0.17400507628917694
1219,3,1,0.27136677503585815
1220,9,1,0.19198092818260193
1221,9,1,0.3957782983779907
1222,9,1,0.5549600124359131
1223,8,1,0.2754862308502197
1224,7,0,0.366371214389801
1225,6,1,0.24083347618579865
1226,6,1,0.3662973940372467
1227,3,1,0.19204799830913544
1228,5,1,0.28160732984542847
1229,1,1,0.43060994148254395
1230,5,1,0.3555227518081665
1231,9,1,0.44749146699905396
1232,1,1,0.6316981315612793
1233,4,1,0.3824959099292755
1234,1,1,0.31288814544677734
1235,5,1,0.28997212648391724
1236,7,0,0.4391421675682068
1237,0,1,0.37201035022735596
1238,1,1,0.28078484535217285
1239,5,1,0.3427506685256958
1240,2,1,0.219307541847229
1241,0,1,0.31742358207702637
1242,8,1,0.2234490066766739
1243,8,1,0.4891359508037567
1244,5,1,0.40970557928085327
1245,6,1,0.46613043546676636
1246,7,0,0.2847833037376404
1247,3,1,0.2997853457927704
1248,2,1,0.28219711780548096
1249,4,1,0.2902810573577881
1250,7,0,0.3185129165649414
1251,2,1,0.29544973373413086
1252,5,1,0.3382079005241394
1253,8,1,0.6462565660476685
1254,2,1,0.4198570251464844
1255,4,1,0.4533259868621826
1256,9,1,0.22018024325370789
1257,2,1,0.5324774980545044
1258,1,1,0.39722388982772827
1259,8,1,0.1646268367767334
1260,1,1,0.22967159748077393
1261,9,1,0.1624792218208313
1262,8,1,0.4876699447631836
1263,8,1,0.2931261658668518
1264,8,1,0.2876092791557312
1265,9,1,0.20467044413089752
1266,0,1,0.1981908679008484
1267,4,1,0.4901464581489563
1268,3,1,0.531031608581543
1269,3,1,0.3618117570877075
1270,1,1,0.3872328996658325
1271,8,1,0.27278995513916016
1272,4,1,0.2607252299785614
1273,6,1,0.22831574082374573
1274,3,1,0.38625675439834595
1275,3,1,0.3262022137641907
1276,5,1,0.1771472990512848
1277,2,1,0.22257402539253235
1278,2,1,0.3942045569419861
1279,8,1,0.41226595640182495
1280,3,1,0.370025098323822
1281,8,1,0.2707485854625702
1282,9,1,0.29851582646369934
1283,5,1,0.3628968596458435
1284,8,1,0.31171679496765137
1285,9,1,0.3582395911216736
1286,8,1,0.30086231231689453
1287,9,1,0.15792366862297058
1288,1,1,0.28283455967903137
1289,6,1,0.2432616800069809
1290,5,1,0.30328673124313354
1291,9,1,0.2487688958644867
1292,4,1,0.18508702516555786
1293,4,1,0.36798417568206787
1294,8,1,0.39878347516059875
1295,0,1,0.6655020713806152
1296,7,0,0.37484902143478394
1297,2,1,0.7546356916427612
1298,9,1,0.3813837766647339
1299,7,0,0.26351380348205566
1300,4,1,0.30197232961654663
1301,1,1,0.36864006519317627
1302,6,1,0.25075727701187134
1303,4,1,0.17315474152565002
1304,4,1,0.3173310160636902
1305,9,1,0.262613445520401
1306,1,1,1.0004868507385254
1307,2,1,0.26235026121139526
1308,5,1,0.35199910402297974
1309,6,1,0.6568996906280518
1310,0,1,0.6068652868270874
1311,8,1,0.2617621123790741
1312,6,1,0.2705462574958801
1313,1,1,0.40505069494247437
1314,9,1,0.3460075259208679
1315,4,1,0.5791494846343994
1316,5,1,0.2417788952589035
1317,9,1,0.2500467896461487
1318,5,1,0.2715797424316406
1319,0,1,0.5023181438446045
1320,7,0,0.24675987660884857
1321,2,1,0.31581979990005493
1322,0,1,0.2991190552711487
1323,0,1,0.29198482632637024
1324,4,1,0.3360142111778259
1325,2,1,0.2936401069164276
1326,6,1,0.4502953886985779
1327,6,1,0.18471264839172363
1328,5,1,0.34526920318603516
1329,5,1,0.46479275822639465
1330,2,1,0.34395983815193176
1331,8,1,0.2670976519584656
1332,1,1,0.2321944236755371
1333,7,0,0.5476119518280029
1334,3,1,0.33241337537765503
1335,1,1,0.24268430471420288
1336,4,1,0.4259815812110901
1337,5,1,0.3269599378108978
1338,6,1,0.3151518702507019
1339,5,1,0.3251369595527649
1340,1,1,0.31603196263313293
1341,4,1,0.25716128945350647
1342,7,0,0.3215751349925995
1343,0,1,0.43841004371643066
1344,9,1,0.4448484778404236
1345,4,1,0.2154429852962494
1346,3,1,0.32289791107177734
1347,8,1,0.5334936380386353
1348,2,1,0.2679481506347656
1349,8,1,0.11851289868354797
1350,4,1,0.3701494038105011
1351,7,0,0.44403916597366333
1352,2,1,0.21333026885986328
1353,3,1,0.4451281428337097
1354,1,1,0.28605377674102783
1355,5,1,0.34819602966308594
1356,2,1,0.34483784437179565
1357,9,1,0.26958346366882324
1358,8,1,0.40662679076194763
1359,9,1,0.23925328254699707
1360,7,0,0.33766651153564453
1361,9,1,0.20647622644901276
1362,5,1,0.43934255838394165
1363,1,1,0.2580935060977936
1364,4,1,0.13164854049682617
1365,0,1,0.7516496181488037
1366,8,1,0.19496247172355652
1367,2,1,0.35952168703079224
1368,3,1,0.21286258101463318
1369,8,1,0.1451200395822525
1370,9,1,0.4065372943878174
1371,1,1,0.45518237352371216
1372,1,1,0.40761739015579224
1373,3,1,0.2542279362678528
1374,2,1,0.3730807304382324
1375,4,1,0.25373780727386475
1376,9,1,0.43351346254348755
1377,3,1,0.47707855701446533
1378,1,1,0.4731381833553314
1379,7,0,0.4114607572555542
1380,4,1,0.24821999669075012
1381,6,1,0.6673941612243652
1382,2,1,0.3999636769294739
1383,8,1,0.6502466201782227
1384,9,1,0.3107594847679138
1385,5,1,0.3577427864074707
1386,3,1,0.23755186796188354
1387,9,1,0.2311473786830902
1388,5,1,0.6443886756896973
1389,5,1,0.3606468737125397
1390,6,1,0.594986617565155
1391,7,0,0.2785530984401703
1392,2,1,0.36730778217315674
1393,4,1,0.5333067178726196
1394,6,1,0.5306220054626465
1395,3,1,0.4698045253753662
1396,1,1,0.4326234459877014
1397,0,1,0.4514463543891907
1398,7,0,0.17429986596107483
1399,2,1,0.4102254807949066
1400,5,1,0.3050755262374878
1401,4,1,0.46684950590133667
1402,7,0,0.3573365807533264
1403,6,1,0.18866126239299774
1404,1,1,0.4064734876155853
1405,1,1,0.3297761380672455
1406,9,1,0.24915200471878052
1407,8,1,0.27700114250183105
1408,1,1,0.3041749894618988
1409,0,1,0.41325843334198
1410,1,1,0.2627384066581726
1411,3,1,0.332605242729187
1412,1,1,0.3085844814777374
1413,1,1,0.34121739864349365
1414,1,1,0.3637275695800781
1415,7,0,0.3628741204738617
1416,3,1,0.19834133982658386
1417,9,1,0.14117668569087982
1418,6,1,0.3907826542854309
1419,8,1,0.2158685028553009
1420,4,1,0.3314598798751831
1421,6,1,0.5064437985420227
1422,8,1,0.1839742213487625
1423,4,1,0.5057133436203003
1424,9,1,0.2269202619791031
1425,4,1,0.22268038988113403
1426,7,0,0.4288310408592224
1427,9,1,0.3540472686290741
1428,7,0,0.25342226028442383
1429,6,1,0.1996208131313324
1430,8,1,0.46987733244895935
1431,4,1,0.32492193579673767
1432,9,1,0.17226329445838928
1433,7,0,0.23998333513736725
1434,0,1,0.1829085350036621
1435,1,1,0.20637479424476624
1436,6,1,0.2557329535484314
1437,1,1,0.3147777318954468
1438,5,1,0.6386873722076416
1439,9,1,0.3657572865486145
1440,0,1,0.35987240076065063
1441,4,1,0.34214258193969727
1442,3,1,0.3525221049785614
1443,4,1,0.23648828268051147
1444,1,1,0.23653501272201538
1445,3,1,0.3001786768436432
1446,0,1,0.636778712272644
1447,8,1,0.2273874431848526
1448,4,1,0.2124549150466919
1449,6,1,0.42969948053359985
1450,2,1,0.21796748042106628
1451,2,1,0.32734644412994385
1452,6,1,0.5198936462402344
1453,5,1,0.3426181674003601
1454,3,1,0.1944827139377594
1455,6,1,0.1695631444454193
1456,2,1,0.32005012035369873
1457,1,1,0.26135337352752686
1458,1,1,0.22752687335014343
1459,8,1,0.2556721568107605
1460,6,1,0.39338865876197815
1461,0,1,0.44780248403549194
1462,4,1,0.7355583310127258
1463,0,1,0.32584449648857117
1464,1,1,0.5754562020301819
1465,9,1,0.735613226890564
1466,7,0,0.22497445344924927
1467,1,1,0.47470563650131226
1468,3,1,0.35067856311798096
1469,7,0,0.21812567114830017
1470,7,0,0.2794772982597351
1471,8,1,0.12117592990398407
1472,7,0,0.26823943853378296
1473,7,0,0.28172463178634644
1474,3,1,0.18545153737068176
1475,9,1,0.2898351848125458
1476,7,0,0.20938938856124878
1477,7,0,0.12345407903194427
1478,7,0,0.2759627401828766
1479,2,1,0.16861072182655334
1480,1,1,0.3422231674194336
1481,2,1,0.4109352231025696
1482,8,1,0.21282339096069336
1483,6,1,0.2265593260526657
1484,4,1,0.4583994448184967
1485,0,1,0.25763463973999023
1486,7,0,0.3540123403072357
1487,9,1,0.27412357926368713
1488,8,1,0.19561460614204407
1489,6,1,0.24330085515975952
1490,8,1,0.44420456886291504
1491,4,1,0.4527757465839386
1492,9,1,0.5171667337417603
1493,1,1,0.2645316421985626
1494,7,0,0.1806834638118744
1495,2,1,0.906552791595459
1496,2,1,0.21451526880264282
1497,8,1,0.27904564142227173
1498,5,1,0.34768232703208923
1499,8,1,0.37894681096076965
1500,1,1,0.3664592504501343
1501,2,1,0.2551635503768921
1502,2,1,0.36890918016433716
1503,4,1,0.4079347252845764
1504,1,1,0.3183248043060303
1505,2,1,0.6349985003471375
1506,5,1,0.3781828284263611
1507,2,1,0.20355910062789917
1508,8,1,0.27005091309547424
1509,1,1,0.4091026782989502
1510,8,1,0.2448112666606903
1511,1,1,0.3041929006576538
1512,8,1,0.26264259219169617
1513,6,1,0.4768246114253998
1514,0,1,0.1043134406208992
1515,2,1,0.5297563076019287
1516,4,1,0.4257372319698334
1517,1,1,0.3786579370498657
1518,3,1,0.3358336091041565
1519,6,1,0.22389817237854004
1520,7,0,0.3142300844192505
1521,7,0,0.18395715951919556
1522,4,1,0.20380619168281555
1523,4,1,0.2990022599697113
1524,3,1,0.6852254867553711
1525,3,1,0.3140679597854614
1526,4,1,0.40527912974357605
1527,5,1,0.43175679445266724
1528,2,1,0.2627882957458496
1529,4,1,0.28077980875968933
1530,3,1,0.3116128146648407
1531,7,0,0.19890159368515015
1532,8,1,0.31791138648986816
1533,4,1,0.34140345454216003
1534,4,1,0.3649888038635254
1535,4,1,0.44363391399383545
1536,5,1,0.21980684995651245
1537,4,1,0.2770027816295624
1538,3,1,0.24684593081474304
1539,2,1,0.3291032612323761
1540,8,1,0.5543820858001709
1541,4,1,0.28394168615341187
1542,5,1,0.41071003675460815
1543,5,1,0.25158625841140747
1544,4,1,0.21867631375789642
1545,1,1,0.5536755919456482
1546,4,1,0.4831412732601166
1547,2,1,0.8206673860549927
1548,5,1,0.1759192794561386
1549,1,1,0.5322439670562744
1550,6,1,0.22974322736263275
1551,4,1,0.17824380099773407
1552,3,1,0.3721286654472351
1553,4,1,0.29906901717185974
1554,4,1,0.24052180349826813
1555,0,1,0.3716610074043274
1556,8,1,0.2657431364059448
1557,8,1,0.10951079428195953
1558,4,1,0.32099008560180664
1559,5,1,0.23850396275520325
1560,7,0,0.23316678404808044
1561,5,1,0.25208815932273865
1562,6,1,0.43893977999687195
1563,9,1,0.4215029776096344
1564,1,1,0.4296749234199524
1565,6,1,0.2834344804286957
1566,7,0,0.29399579763412476
1567,2,1,0.5719605088233948
1568,0,1,0.5753858089447021
1569,1,1,0.6327534914016724
1570,4,1,0.41504427790641785
1571,5,1,0.5558920502662659
1572,6,1,0.36495232582092285
1573,0,1,0.46026068925857544
1574,0,1,0.1965850442647934
1575,2,1,0.3666873574256897
1576,7,0,0.19474750757217407
1577,5,1,0.4928652048110962
1578,6,1,0.46223631501197815
1579,0,1,0.39148855209350586
1580,6,1,0.21891282498836517
1581,2,1,0.28020381927490234
1582,9,1,0.3072350025177002
1583,1,1,0.2681650221347809
1584,7,0,0.3108009696006775
1585,7,0,0.20278258621692657
1586,5,1,0.7325854897499084
1587,2,1,0.2784256637096405
1588,5,1,0.2525222897529602
1589,6,1,0.38418418169021606
1590,4,1,0.6394520998001099
1591,1,1,0.27395719289779663
1592,4,1,0.1821426898241043
1593,3,1,0.3221663534641266
1594,3,1,0.6485724449157715
1595,3,1,0.21477055549621582
1596,0,1,0.33572664856910706
1597,3,1,0.27010077238082886
1598,5,1,0.24438749253749847
1599,5,1,0.5444950461387634
1600,8,1,0.31704390048980713
1601,9,1,0.18918783962726593
1602,7,0,0.16992470622062683
1603,3,1,0.3226540684700012
1604,1,1,0.40748459100723267
1605,3,1,0.6115992069244385
1606,3,1,0.3222813606262207
1607,3,1,0.5595022439956665
1608,4,1,0.3921698331832886
1609,4,1,0.4303382635116577
1610,2,1,0.33428955078125
1611,3,1,0.34052151441574097
1612,3,1,0.5768967866897583
1613,8,1,0.4005025625228882
1614,1,1,0.5951464772224426
1615,7,0,0.16937527060508728
1616,7,0,0.3001001179218292
1617,0,1,0.48991772532463074
1618,7,0,0.25129830837249756
1619,4,1,0.3251728415489197
1620,5,1,0.24016907811164856
1621,1,1,0.8529307842254639
1622,4,1,0.69005286693573
1623,2,1,0.44373252987861633
1624,4,1,0.1725921332836151
1625,3,1,0.5561903119087219
1626,9,1,0.5128034949302673
1627,9,1,0.28758007287979126
1628,4,1,0.30269116163253784
1629,9,1,0.6210030317306519
1630,9,1,0.5131020545959473
1631,1,1,0.5336982607841492
1632,8,1,0.25266629457473755
1633,1,1,0.15233896672725677
1634,6,1,0.33723610639572144
1635,7,0,0.3450426459312439
1636,5,1,0.2821100950241089
1637,5,1,0.19101859629154205
1638,4,1,0.6658828258514404
1639,9,1,0.2401053011417389
1640,7,0,0.2543754577636719
1641,6,1,0.29817086458206177
1642,5,1,0.454645574092865
1643,9,1,0.4113197922706604
1644,2,1,0.32982128858566284
1645,4,1,0.3993436396121979
1646,0,1,0.6351402997970581
1647,7,0,0.3877953290939331
1648,8,1,0.18359780311584473
1649,5,1,0.4825553297996521
1650,5,1,0.2368309646844864
1651,0,1,0.3167400360107422
1652,0,1,0.23219141364097595
1653,9,1,0.3171631693840027
1654,9,1,0.2843327522277832
1655,8,1,0.35132408142089844
1656,2,1,0.6297689080238342
1657,5,1,0.5824285745620728
1658,4,1,0.3460361361503601
1659,8,1,0.2207028716802597
1660,3,1,0.4011571407318115
1661,6,1,0.3477540612220764
1662,3,1,0.5613903403282166
1663,6,1,0.502895176410675
1664,0,1,3.2338249683380127
1665,6,1,0.5138649940490723
1666,6,1,0.8802424669265747
1667,6,1,0.20682623982429504
1668,9,1,0.2617224454879761
1669,6,1,0.30591389536857605
1670,6,1,0.5477814078330994
1671,8,1,0.3628068268299103
1672,6,1,0.4161544442176819
1673,2,1,0.2725759744644165
1674,4,1,0.2411085069179535
1675,5,1,0.8738823533058167
1676,8,1,0.25121229887008667
1677,1,1,0.8649015426635742
1678,2,1,0.4419882893562317
1679,7,0,0.3012043535709381
1680,6,1,0.24545684456825256
1681,5,1,0.6992069482803345
1682,7,0,0.19935466349124908
1683,8,1,0.31192490458488464
1684,1,1,0.33297568559646606
1685,8,1,0.5024598836898804
1686,0,1,0.419608473777771
1687,8,1,0.4136543273925781
1688,6,1,0.37412893772125244
1689,9,1,0.2585042715072632
1690,2,1,0.5963531732559204
1691,8,1,0.4438500702381134
1692,9,1,0.21062925457954407
1693,4,1,0.2828347086906433
1694,0,1,1.4176650047302246
1695,9,1,0.23975607752799988
1696,4,1,0.21114280819892883
1697,9,1,0.4504880905151367
1698,5,1,0.39038699865341187
1699,7,0,0.38572144508361816
1700,5,1,0.4534456729888916
1701,5,1,0.3476021885871887
1702,9,1,0.2816035747528076
1703,5,1,0.1988687515258789
1704,3,1,0.35848385095596313
1705,0,1,0.5081567764282227
1706,1,1,0.2509860396385193
1707,9,1,0.2480352818965912
1708,7,0,0.2585147023200989
1709,2,1,0.4424590468406677
1710,4,1,0.33090490102767944
1711,1,1,0.4247324466705322
1712,0,1,0.2689068615436554
1713,8,1,0.22979220747947693
1714,0,1,0.3998289108276367
1715,3,1,0.39667439460754395
1716,1,1,0.31765687465667725
1717,7,0,0.4889792799949646
1718,0,1,0.3842846155166626
1719,0,1,0.4637148976325989
1720,4,1,0.3008737564086914
1721,8,1,0.21915116906166077
1722,6,1,0.20731127262115479
1723,2,1,0.13418543338775635
1724,4,1,0.3063581585884094
1725,0,1,0.13766400516033173
1726,0,1,0.33184486627578735
1727,9,1,0.36576396226882935
1728,0,1,0.40901097655296326
1729,8,1,0.3494916558265686
1730,4,1,0.19939041137695312
1731,5,1,0.3555542826652527
1732,9,1,0.41305339336395264
1733,3,1,0.2889922261238098
1734,9,1,0.19043344259262085
1735,0,1,1.026618242263794
1736,5,1,0.24289831519126892
1737,6,1,0.40223342180252075
1738,5,1,0.17970919609069824
1739,0,1,0.2640778720378876
1740,1,1,0.27784863114356995
1741,4,1,0.3440796732902527
1742,8,1,0.28425201773643494
1743,1,1,0.3356395959854126
1744,0,1,0.26530778408050537
1745,5,1,0.472755491733551
1746,2,1,0.18653330206871033
1747,1,1,0.18874846398830414
1748,0,1,0.677889347076416
1749,2,1,0.383325457572937
1750,8,1,0.362249493598938
1751,1,1,0.30343589186668396
1752,5,1,0.23451992869377136
1753,6,1,0.3804022967815399
1754,7,0,0.17918449640274048
1755,7,0,0.28081583976745605
1756,2,1,0.16055741906166077
1757,6,1,0.27197813987731934
1758,2,1,0.2156202644109726
1759,5,1,1.0746402740478516
1760,0,1,0.4207179844379425
1761,1,1,0.3553140163421631
1762,4,1,0.28197652101516724
1763,2,1,0.4025784730911255
1764,5,1,0.383060097694397
1765,4,1,0.5173301696777344
1766,6,1,0.45219916105270386
1767,2,1,0.45199060440063477
1768,2,1,0.24143362045288086
1769,1,1,0.2918131351470947
1770,7,0,0.48558270931243896
1771,2,1,0.26285213232040405
1772,8,1,0.6541591882705688
1773,5,1,0.5415233373641968
1774,5,1,0.31629496812820435
1775,3,1,0.4022921919822693
1776,0,1,0.45043307542800903
1777,4,1,0.1878124624490738
1778,8,1,0.18662242591381073
1779,3,1,0.29590171575546265
1780,7,0,0.18490630388259888
1781,6,1,0.5423721671104431
1782,3,1,0.3380988538265228
1783,8,1,0.1809554100036621
1784,1,1,0.32369542121887207
1785,0,1,0.40756720304489136
1786,1,1,0.22804859280586243
1787,3,1,0.7201908230781555
1788,3,1,0.2565442621707916
1789,0,1,0.2193581759929657
1790,7,0,0.266718327999115
1791,4,1,0.5941704511642456
1792,9,1,0.3030116558074951
1793,5,1,0.40489521622657776
1794,3,1,0.19246450066566467
1795,6,1,0.41926735639572144
1796,0,1,0.4813598096370697
1797,1,1,0.36552631855010986
1798,4,1,0.4401378333568573
1799,4,1,0.3298971652984619
1800,4,1,0.4059019684791565
1801,4,1,0.19047176837921143
1802,2,1,5.83964204788208
1803,2,1,0.5809955596923828
1804,5,1,0.30677810311317444
1805,8,1,0.4366968274116516
1806,1,1,0.20157259702682495
1807,5,1,0.5439276099205017
1808,9,1,0.21827159821987152
1809,8,1,0.25628575682640076
1810,1,1,0.2925960421562195
1811,1,1,0.48784562945365906
1812,5,1,0.3560739755630493
1813,3,1,0.4976460933685303
1814,9,1,0.3079604506492615
1815,9,1,0.4117908179759979
1816,7,0,0.45091626048088074
1817,6,1,0.27814778685569763
1818,5,1,0.2733818292617798
1819,0,1,0.40917861461639404
1820,8,1,0.2589242160320282
1821,4,1,0.34524261951446533
1822,7,0,0.3502807915210724
1823,0,1,0.27991726994514465
1824,9,1,0.15979942679405212
1825,2,1,0.36884403228759766
1826,8,1,0.257496178150177
1827,4,1,0.20790773630142212
1828,7,0,0.14833548665046692
1829,1,1,0.5694522261619568
1830,3,1,0.6936821937561035
1831,9,1,0.27448588609695435
1832,6,1,0.3846678137779236
1833,8,1,0.2321546971797943
1834,9,1,0.5007345676422119
1835,0,1,0.13758686184883118
1836,4,1,0.39492976665496826
1837,9,1,0.35987624526023865
1838,6,1,0.23477208614349365
1839,7,0,0.2929356098175049
1840,8,1,0.3790287375450134
1841,9,1,0.2610069513320923
1842,4,1,0.2585400640964508
1843,8,1,0.22926703095436096
1844,9,1,0.21689853072166443
1845,7,0,0.20053847134113312
1846,2,1,0.46998146176338196
1847,5,1,0.5395443439483643
1848,3,1,0.3780022859573364
1849,7,0,0.40228796005249023
1850,1,1,0.5497474074363708
1851,0,1,0.8928653001785278
1852,2,1,0.18549983203411102
1853,9,1,0.18418633937835693
1854,5,1,0.348369836807251
1855,5,1,0.2635083794593811
1856,8,1,0.3843412697315216
1857,5,1,0.24630993604660034
1858,4,1,0.19770431518554688
1859,2,1,0.3617602586746216
1860,8,1,0.21432402729988098
1861,3,1,0.2522088289260864
1862,5,1,0.4506719708442688
1863,5,1,0.3648330569267273
1864,7,0,0.21909745037555695
1865,7,0,0.4352121651172638
1866,8,1,0.28903651237487793
1867,6,1,0.37885570526123047
1868,2,1,0.30620884895324707
1869,8,1,0.3722916841506958
1870,2,1,0.27961456775665283
1871,3,1,0.3238413333892822
1872,5,1,0.36036330461502075
1873,6,1,0.1865401417016983
1874,8,1,0.2889673113822937
1875,0,1,0.3950430452823639
1876,2,1,0.6036391854286194
1877,3,1,0.3856619596481323
1878,7,0,0.4579194188117981
1879,0,1,1.0718433856964111
1880,1,1,0.3408278226852417
1881,9,1,0.3232707977294922
1882,1,1,0.41292279958724976
1883,3,1,0.2569288909435272
1884,7,0,0.3270541727542877
1885,5,1,0.2891805171966553
1886,8,1,0.22940793633460999
1887,3,1,0.4464169144630432
1888,2,1,0.4159979224205017
1889,9,1,0.2990034818649292
1890,6,1,0.33746376633644104
1891,8,1,0.19401982426643372
1892,6,1,0.26015639305114746
1893,9,1,0.35697412490844727
1894,3,1,0.4516127109527588
1895,8,1,0.11204630136489868
1896,9,1,0.2974652945995331
1897,8,1,0.21269875764846802
1898,0,1,0.7189428210258484
1899,7,0,0.2929285168647766
1900,8,1,0.22806677222251892
1901,5,1,0.2943742871284485
1902,0,1,0.2649543285369873
1903,0,1,0.17689232528209686
1904,1,1,0.4377889633178711
1905,3,1,0.47825247049331665
1906,9,1,0.2203862965106964
1907,1,1,0.3491729497909546
1908,5,1,0.29903942346572876
1909,3,1,0.43760889768600464
1910,4,1,0.19705787301063538
1911,4,1,0.17337004840373993
1912,0,1,0.4786766767501831
1913,9,1,0.29128319025039673
1914,9,1,0.28176748752593994
1915,9,1,0.360556036233902
1916,9,1,0.6309093236923218
1917,8,1,0.24555963277816772
1918,2,1,0.25319230556488037
1919,4,1,0.2617364227771759
1920,2,1,0.2605975270271301
1921,2,1,0.39697256684303284
1922,5,1,0.4614005982875824
1923,1,1,0.39821839332580566
1924,9,1,0.2550874352455139
1925,1,1,0.3103644847869873
1926,0,1,0.5484285950660706
1927,9,1,0.5335904359817505
1928,4,1,0.3604927062988281
1929,2,1,0.5185812711715698
1930,1,1,0.345722496509552
1931,6,1,0.32598525285720825
1932,0,1,0.31060099601745605
1933,3,1,0.37388455867767334
1934,7,0,0.3748825192451477
1935,6,1,0.5190747976303101
1936,3,1,0.3190763294696808
1937,1,1,0.3338910937309265
1938,8,1,0.48747730255126953
1939,6,1,0.30148038268089294
1940,5,1,0.18634364008903503
1941,7,0,0.5423683524131775
1942,2,1,0.27654021978378296
1943,8,1,0.34922346472740173
1944,4,1,0.28886476159095764
1945,4,1,0.2375204861164093
1946,8,1,0.19274494051933289
1947,3,1,0.4178149700164795
1948,5,1,0.2335057258605957
1949,0,1,0.3721126317977905
1950,5,1,0.3207091689109802
1951,7,0,0.3449670076370239
1952,4,1,0.3073492646217346
1953,4,1,0.255185067653656
1954,2,1,0.20689181983470917
1955,2,1,0.23157373070716858
1956,7,0,0.14247432351112366
1957,3,1,0.3788851499557495
1958,6,1,0.630236029624939
1959,0,1,0.46042853593826294
1960,2,1,0.36858418583869934
1961,7,0,0.3900178074836731
1962,6,1,0.48952871561050415
1963,2,1,0.2984926104545593
1964,3,1,0.21602019667625427
1965,0,1,0.40512239933013916
1966,7,0,0.3709980845451355
1967,7,0,0.3695494830608368
1968,8,1,0.290621280670166
1969,1,1,0.32862550020217896
1970,1,1,0.4789746105670929
1971,4,1,0.7424858808517456
1972,6,1,0.40309956669807434
1973,0,1,0.432806134223938
1974,6,1,0.2226121723651886
1975,6,1,0.2183801680803299
1976,5,1,0.22922465205192566
1977,5,1,0.3897033631801605
1978,6,1,0.2451748549938202
1979,3,1,0.39623957872390747
1980,9,1,0.46530619263648987
1981,3,1,0.4192337989807129
1982,6,1,0.5085977911949158
1983,8,1,0.27632206678390503
1984,7,0,0.333875447511673
1985,6,1,0.2192687839269638
1986,4,1,0.3964539170265198
1987,9,1,0.20800578594207764
1988,5,1,0.14409630000591278
1989,6,1,0.23101238906383514
1990,4,1,0.3359335958957672
1991,1,1,0.39692509174346924
1992,6,1,0.2740944027900696
1993,3,1,0.1946517527103424
1994,8,1,0.23306988179683685
1995,2,1,0.513211727142334
1996,3,1,0.5252946019172668
1997,9,1,0.22918210923671722
1998,8,1,0.8532893657684326
1999,5,1,0.5183047652244568
2000,1,1,0.5121420621871948
2001,5,1,0.3362885117530823
2002,4,1,0.4699329733848572
2003,5,1,0.24156421422958374
2004,7,0,0.32833293080329895
2005,5,1,0.3487812280654907
2006,7,0,0.17136552929878235
2007,8,1,0.22762304544448853
2008,9,1,0.3939459025859833
2009,1,1,0.24866729974746704
2010,7,0,0.22903022170066833
2011,2,1,0.47054436802864075
2012,5,1,0.22239209711551666
2013,6,1,0.37942931056022644
2014,8,1,0.2822672426700592
2015,4,1,0.37976422905921936
2016,6,1,0.2416217178106308
2017,5,1,0.3276970386505127
2018,3,1,0.8075804710388184
2019,9,1,0.18699911236763
2020,9,1,0.19583052396774292
2021,8,1,0.359026163816452
2022,5,1,0.2833654284477234
2023,5,1,0.23200751841068268
2024,6,1,0.28697118163108826
2025,4,1,0.4298313558101654
2026,5,1,0.23664945363998413
2027,9,1,0.3914298415184021
2028,7,0,0.2672797739505768
2029,3,1,0.44614797830581665
2030,4,1,0.49065741896629333
2031,1,1,0.3195619583129883
2032,4,1,0.3467569351196289
2033,2,1,0.26177674531936646
2034,3,1,0.2390662133693695
2035,6,1,0.38981249928474426
2036,5,1,0.21279796957969666
2037,5,1,0.34085753560066223
2038,2,1,0.29530197381973267
2039,8,1,0.2753905653953552
2040,0,1,0.31636542081832886
2041,0,1,0.8618887662887573
2042,1,1,0.3301965594291687
2043,8,1,0.346984326839447
2044,3,1,0.22434711456298828
2045,1,1,0.37082013487815857
2046,3,1,0.23632970452308655
2047,5,1,0.45346641540527344
2048,8,1,0.47826963663101196
2049,3,1,0.25950291752815247
2050,8,1,0.30571091175079346
2051,5,1,0.24501994252204895
2052,8,1,0.18640807271003723
2053,6,1,0.5688779354095459
2054,3,1,0.3613014817237854
2055,5,1,0.22672821581363678
2056,5,1,0.3332260549068451
2057,5,1,0.2655089497566223
2058,0,1,0.24863457679748535
2059,9,1,0.7833460569381714
2060,5,1,0.6386361122131348
2061,5,1,0.339458703994751
2062,7,0,0.2639406621456146
2063,1,1,0.5463969111442566
2064,8,1,0.12043804675340652
2065,2,1,0.294753760099411
2066,2,1,0.3759540915489197
2067,7,0,0.3023982346057892
2068,3,1,0.27200910449028015
2069,4,1,0.339346319437027
2070,2,1,0.3481940031051636
2071,9,1,0.2753968834877014
2072,6,1,0.2325550764799118
2073,2,1,0.5742748975753784
2074,2,1,0.4282930791378021
2075,4,1,0.2358873188495636
2076,3,1,0.44429540634155273
2077,0,1,0.37350648641586304
2078,2,1,1.1915103197097778
2079,0,1,0.4194132387638092
2080,1,1,0.4327129125595093
2081,3,1,0.23896461725234985
2082,2,1,0.5563879013061523
2083,2,1,0.35936111211776733
2084,7,0,0.23606088757514954
2085,0,1,0.3429843485355377
2086,1,1,0.21127542853355408
2087,0,1,0.48891597986221313
2088,7,0,0.21347498893737793
2089,7,0,0.2850951552391052
2090,2,1,3.979182243347168
2091,0,1,1.097177505493164
2092,1,1,0.3265383541584015
2093,6,1,0.3067385256290436
2094,5,1,0.330485075712204
2095,0,1,0.70951247215271
2096,2,1,0.3323558568954468
2097,2,1,0.5720890164375305
2098,0,1,0.4742392897605896
2099,1,1,0.4881551265716553
2100,2,1,0.23974938690662384
2101,6,1,0.3230389356613159
2102,0,1,0.36482763290405273
2103,1,1,0.27419400215148926
2104,6,1,0.15636636316776276
2105,6,1,0.40968501567840576
2106,5,1,0.2686760425567627
2107,3,1,0.3145222067832947
2108,4,1,0.3205051124095917
2109,0,1,0.48114585876464844
2110,0,1,0.6768908500671387
2111,9,1,0.3067288100719452
2112,1,1,0.30382174253463745
2113,0,1,0.5851390361785889
2114,2,1,0.19609461724758148
2115,5,1,0.5597293972969055
2116,9,1,0.16829310357570648
2117,7,0,0.21026533842086792
2118,8,1,0.2364303022623062
2119,6,1,0.3645249605178833
2120,4,1,0.33478307723999023
2121,6,1,1.3423042297363281
2122,0,1,0.7241531014442444
2123,2,1,0.35902172327041626
2124,0,1,0.31237316131591797
2125,1,1,0.24719636142253876
2126,9,1,0.26404353976249695
2127,2,1,0.35122841596603394
2128,4,1,0.4321073591709137
2129,9,1,0.21250900626182556
2130,0,1,0.4704878032207489
2131,7,0,0.2993682026863098
2132,2,1,0.4639565944671631
2133,3,1,0.4103301763534546
2134,4,1,0.5155942440032959
2135,8,1,0.31062573194503784
2136,0,1,0.5601320862770081
2137,2,1,0.3995441198348999
2138,6,1,0.16435518860816956
2139,8,1,0.391681045293808
2140,9,1,0.3656160831451416
2141,7,0,0.23259232938289642
2142,1,1,0.42773887515068054
2143,9,1,0.2683611810207367
2144,3,1,0.38888251781463623
2145,7,0,0.34711071848869324
2146,2,1,0.3491719961166382
2147,7,0,0.25456637144088745
2148,9,1,0.4507799446582794
2149,6,1,0.3100377917289734
2150,9,1,0.2882007956504822
2151,5,1,0.22005654871463776
2152,7,0,0.26134616136550903
2153,8,1,0.36286893486976624
2154,5,1,0.3172647953033447
2155,9,1,0.21101754903793335
2156,8,1,0.18247105181217194
2157,3,1,0.2550418972969055
2158,9,1,0.26577484607696533
2159,8,1,0.2916877865791321
2160,0,1,0.41107434034347534
2161,5,1,0.7084484100341797
2162,5,1,0.2090749442577362
2163,7,0,0.2096118927001953
2164,1,1,0.3289908766746521
2165,2,1,0.36030787229537964
2166,0,1,0.3876713812351227
2167,7,0,0.3431413471698761
2168,5,1,0.2518237233161926
2169,8,1,1.409385085105896
2170,2,1,0.39211833477020264
2171,2,1,0.3133138418197632
2172,5,1,0.5482929944992065
2173,3,1,0.24582421779632568
2174,9,1,0.26059672236442566
2175,3,1,0.48227444291114807
2176,1,1,0.31542521715164185
2177,9,1,0.5951486825942993
2178,3,1,0.2703704237937927
2179,1,1,0.34633636474609375
2180,4,1,0.23499256372451782
2181,3,1,0.27691835165023804
2182,4,1,0.17830988764762878
2183,4,1,0.385837584733963
2184,9,1,0.2894876003265381
2185,0,1,0.4045039415359497
2186,9,1,0.2867748737335205
2187,5,1,0.4485499858856201
2188,9,1,0.1808249056339264
2189,2,1,0.40301936864852905
2190,9,1,0.3481135368347168
2191,4,1,0.4740743339061737
2192,0,1,0.6422983407974243
2193,2,1,0.24055731296539307
2194,8,1,0.2569703757762909
2195,4,1,0.36608684062957764
2196,8,1,0.22639787197113037
2197,6,1,0.6048720479011536
2198,8,1,0.5581046938896179
2199,2,1,0.3818199634552002
2200,0,1,0.3600001335144043
2201,5,1,0.2451501339673996
2202,9,1,0.5753999948501587
2203,6,1,0.29148101806640625
2204,9,1,0.37291303277015686
2205,5,1,0.5650218725204468
2206,1,1,0.24342337250709534
2207,3,1,0.21151281893253326
2208,4,1,0.5494916439056396
2209,4,1,0.28349941968917847
2210,2,1,1.4140441417694092
2211,7,0,0.17004916071891785
2212,2,1,0.20217183232307434
2213,4,1,0.5441468358039856
2214,4,1,0.16930168867111206
2215,0,1,0.41436922550201416
2216,2,1,0.4321790039539337
2217,8,1,0.2101982831954956
2218,4,1,0.21555474400520325
2219,5,1,0.3709762692451477
2220,1,1,0.4225257635116577
2221,2,1,0.3828936219215393
2222,6,1,0.43676742911338806
2223,8,1,0.3019806146621704
2224,1,1,0.2980152368545532
2225,7,0,0.1958598494529724
2226,2,1,0.2723611891269684
2227,8,1,0.2889367938041687
2228,7,0,0.18156668543815613
2229,4,1,0.21687886118888855
2230,3,1,0.29184216260910034
2231,3,1,0.2573436498641968
2232,0,1,0.24522730708122253
2233,3,1,1.0243260860443115
2234,7,0,0.32428860664367676
2235,2,1,0.587088942527771
2236,5,1,0.4009051024913788
2237,6,1,0.2676413655281067
2238,1,1,0.477304071187973
2239,7,0,0.21961799263954163
2240,9,1,0.21515029668807983
2241,0,1,0.4094175696372986
2242,2,1,0.2972848415374756
2243,3,1,0.5517885684967041
2244,9,1,0.26370278000831604
2245,8,1,0.48289185762405396
2246,9,1,0.3072051405906677
2247,5,1,0.31942060589790344
2248,0,1,0.6077871322631836
2249,0,1,0.5739500522613525
2250,7,0,0.36825913190841675
2251,6,1,0.5399991869926453
2252,3,1,0.2934389114379883
2253,3,1,0.3240053951740265
2254,8,1,0.2708510756492615
2255,1,1,0.14260849356651306
2256,4,1,0.383217990398407
2257,0,1,0.4434845447540283
2258,1,1,0.49012982845306396
2259,5,1,0.21407559514045715
2260,4,1,0.5574389696121216
2261,3,1,0.2426220178604126
2262,2,1,0.16912052035331726
2263,6,1,0.4260415732860565
2264,0,1,0.6187047958374023
2265,8,1,0.19890843331813812
2266,8,1,0.3283044397830963
2267,6,1,0.2319796085357666
2268,3,1,0.23120881617069244
2269,3,1,0.3584257960319519
2270,2,1,0.7041605710983276
2271,9,1,0.3343445360660553
2272,7,0,0.32055526971817017
2273,5,1,0.37032121419906616
2274,1,1,0.3285466432571411
2275,6,1,0.3025251030921936
2276,0,1,0.581753134727478
2277,5,1,0.21455992758274078
2278,9,1,0.4261454939842224
2279,9,1,0.19187641143798828
2280,4,1,0.10997036099433899
2281,5,1,0.2083033174276352
2282,9,1,0.15964946150779724
2283,4,1,0.21227723360061646
2284,8,1,0.2973812222480774
2285,3,1,0.3342672884464264
2286,3,1,0.24347922205924988
2287,2,1,0.2899061143398285
2288,5,1,0.23643526434898376
2289,1,1,0.41874930262565613
2290,9,1,0.3520907759666443
2291,5,1,0.33078932762145996
2292,5,1,0.26173073053359985
2293,8,1,0.36473923921585083
2294,1,1,0.23858213424682617
2295,8,1,0.20219023525714874
2296,9,1,0.29106271266937256
2297,7,0,0.16993233561515808
2298,0,1,0.1947280913591385
2299,6,1,0.1731507033109665
2300,3,1,0.3772932291030884
2301,2,1,0.36786949634552
2302,0,1,0.4525218904018402
2303,2,1,0.34704726934432983
2304,6,1,0.25099921226501465
2305,9,1,0.3792951703071594
2306,3,1,0.5473983883857727
2307,9,1,0.3105805516242981
2308,1,1,0.23460927605628967
2309,6,1,0.38025790452957153
2310,6,1,0.4029245674610138
2311,7,0,0.4971652626991272
2312,2,1,0.7617809772491455
2313,6,1,0.28278958797454834
2314,3,1,0.44345933198928833
2315,2,1,0.7761521339416504
2316,5,1,0.2473563253879547
2317,5,1,0.3621213436126709
2318,2,1,0.20322859287261963
2319,7,0,0.2546156644821167
2320,5,1,0.16678526997566223
2321,2,1,0.21416611969470978
2322,0,1,0.4590955376625061
2323,8,1,0.254705011844635
2324,0,1,0.19977952539920807
2325,7,0,0.3550392985343933
2326,7,0,0.39987775683403015
2327,1,1,0.5738676190376282
2328,7,0,0.30875903367996216
2329,4,1,0.413421094417572
2330,0,1,0.7918471097946167
2331,2,1,0.2604530453681946
2332,2,1,0.29147228598594666
2333,6,1,0.31026437878608704
2334,1,1,0.470651239156723
2335,5,1,0.36869412660598755
2336,9,1,0.21204149723052979
2337,7,0,0.30139225721359253
2338,6,1,0.6254375576972961
2339,2,1,0.5716683268547058
2340,7,0,0.251282274723053
2341,0,1,0.3934067487716675
2342,5,1,0.3032216429710388
2343,6,1,0.5071116089820862
2344,0,1,0.24409912526607513
2345,1,1,0.5053495764732361
2346,1,1,0.6624720096588135
2347,8,1,0.18239161372184753
2348,4,1,0.44402363896369934
2349,5,1,0.2338884472846985
2350,3,1,0.44259539246559143
2351,1,1,0.4638274312019348
2352,2,1,0.332672655582428
2353,4,1,0.2625977396965027
2354,8,1,0.36686915159225464
2355,9,1,0.7300232648849487
2356,8,1,0.24681343138217926
2357,1,1,0.36608678102493286
2358,7,0,0.15139305591583252
2359,2,1,0.3088114261627197
2360,7,0,0.2761249542236328
2361,2,1,0.6763948202133179
2362,3,1,0.4717431962490082
2363,2,1,0.3839176893234253
2364,6,1,0.553077220916748
2365,7,0,0.2421731948852539
2366,9,1,0.1835854947566986
2367,4,1,0.37613725662231445
2368,0,1,0.3134450912475586
2369,1,1,0.3131139278411865
2370,0,1,0.24405401945114136
2371,4,1,0.21954143047332764
2372,5,1,0.23906859755516052
2373,0,1,0.8175696730613708
2374,8,1,0.2327246367931366
2375,0,1,0.2906070649623871
2376,7,0,0.13854525983333588
2377,6,1,0.177481546998024
2378,1,1,0.24310027062892914
2379,0,1,0.2691541910171509
2380,8,1,0.1385863572359085
2381,5,1,0.26494231820106506
2382,9,1,0.28730517625808716
2383,2,1,0.6422845125198364
2384,5,1,0.25825023651123047
2385,4,1,0.17218691110610962
2386,4,1,0.2550177574157715
2387,9,1,0.2159421741962433
2388,0,1,0.6063521504402161
2389,6,1,0.307052344083786
2390,1,1,0.4604545831680298
2391,2,1,0.41325971484184265
2392,5,1,0.2002335786819458
2393,1,1,0.36716967821121216
2394,6,1,0.27872949838638306
2395,7,0,0.30227404832839966
2396,1,1,0.2909478545188904
2397,5,1,0.2471676766872406
2398,8,1,0.15154165029525757
2399,8,1,0.26346951723098755
2400,0,1,0.7292884588241577
2401,3,1,0.2480427622795105
2402,9,1,0.37240296602249146
2403,4,1,0.328332781791687
2404,0,1,0.49827152490615845
2405,3,1,0.25443464517593384
2406,4,1,0.5558264851570129
2407,9,1,0.21410292387008667
2408,2,1,0.3344019949436188
2409,4,1,0.48037296533584595
2410,3,1,0.24395008385181427
2411,0,1,1.4998819828033447
2412,6,1,0.21212877333164215
2413,4,1,0.3983892500400543
2414,5,1,0.19467097520828247
2415,6,1,0.7491587400436401
2416,6,1,0.36127108335494995
2417,7,0,0.21871663630008698
2418,8,1,0.46980077028274536
2419,4,1,0.40962350368499756
2420,8,1,0.28440994024276733
2421,8,1,0.24853892624378204
2422,3,1,0.25055593252182007
2423,2,1,0.3888013958930969
2424,8,1,0.20159250497817993
2425,0,1,0.38752156496047974
2426,2,1,0.5140126943588257
2427,5,1,0.43335020542144775
2428,6,1,0.4252883791923523
2429,8,1,0.5228502750396729
2430,7,0,0.44560864567756653
2431,8,1,0.21119026839733124
2432,9,1,0.15992990136146545
2433,9,1,0.39974677562713623
2434,0,1,0.250164657831192
2435,6,1,0.21418140828609467
2436,6,1,0.3960449993610382
2437,8,1,1.1362117528915405
2438,1,1,0.34235405921936035
2439,1,1,0.35350069403648376
2440,7,0,0.33748185634613037
2441,4,1,0.2808856964111328
2442,4,1,0.25650155544281006
2443,2,1,0.6138848066329956
2444,3,1,0.19215863943099976
2445,6,1,0.3663724362850189
2446,9,1,0.20762410759925842
2447,6,1,0.4741285443305969
2448,2,1,0.37289226055145264
2449,4,1,0.46871262788772583
2450,1,1,0.37599658966064453
2451,8,1,0.24950049817562103
2452,2,1,0.3526318669319153
2453,3,1,0.5183870792388916
2454,1,1,0.38115477561950684
2455,6,1,0.5925811529159546
2456,8,1,0.8062039613723755
2457,6,1,0.29749786853790283
2458,8,1,0.3008486032485962
2459,5,1,0.19793015718460083
2460,9,1,0.25628525018692017
2461,0,1,0.6451852917671204
2462,1,1,0.4198232889175415
2463,0,1,0.26271235942840576
2464,2,1,0.40351706743240356
2465,9,1,0.18611639738082886
2466,2,1,0.2730361223220825
2467,9,1,0.2555716037750244
2468,0,1,0.4211462438106537
2469,9,1,0.3838562071323395
2470,7,0,0.3076930642127991
2471,8,1,0.4170532822608948
2472,5,1,0.5101908445358276
2473,0,1,0.24815690517425537
2474,6,1,0.41533347964286804
2475,6,1,0.531234085559845
2476,8,1,0.15395839512348175
2477,1,1,0.4152328372001648
2478,6,1,0.3286443054676056
2479,5,1,0.24359281361103058
2480,8,1,0.3419928252696991
2481,7,0,0.2905348539352417
2482,9,1,0.2667119801044464
2483,2,1,0.3424345850944519
2484,1,1,0.3937041163444519
2485,6,1,0.5264948606491089
2486,7,0,0.40684548020362854
2487,5,1,0.3113376200199127
2488,6,1,0.3738733232021332
2489,3,1,0.20061975717544556
2490,0,1,0.41268062591552734
2491,9,1,0.1585058569908142
2492,8,1,0.25789666175842285
2493,9,1,0.33474594354629517
2494,5,1,0.40280646085739136
2495,9,1,0.20387083292007446
2496,9,1,0.43781810998916626
2497,9,1,0.32836776971817017
2498,3,1,0.36165374517440796
2499,6,1,0.34034669399261475
2500,4,1,0.3778131604194641
2501,4,1,0.3518071472644806
2502,8,1,0.5296813249588013
2503,8,1,0.18044349551200867
2504,1,1,0.5632790327072144
2505,7,0,0.38202017545700073
2506,3,1,0.45689845085144043
2507,0,1,2.3116798400878906
2508,6,1,0.2886325716972351
2509,2,1,0.3581884503364563
2510,4,1,0.2525959014892578
2511,8,1,0.3497559428215027
2512,2,1,0.37415093183517456
2513,2,1,0.37842661142349243
2514,9,1,0.4396536350250244
2515,2,1,0.26316648721694946
2516,2,1,0.2672255039215088
2517,9,1,0.36231207847595215
2518,7,0,0.24566178023815155
2519,4,1,0.7757009863853455
2520,1,1,0.23770222067832947
2521,9,1,0.27042344212532043
2522,1,1,0.20293910801410675
2523,4,1,0.2581244111061096
2524,3,1,0.2799043357372284
2525,5,1,0.25934898853302
2526,3,1,0.4598899781703949
2527,8,1,0.32789239287376404
2528,9,1,0.5830708146095276
2529,3,1,0.4457838237285614
2530,6,1,0.24549150466918945
2531,2,1,0.27464789152145386
2532,0,1,0.3004593849182129
2533,8,1,0.575475811958313
2534,9,1,0.28220105171203613
2535,0,1,0.46698129177093506
2536,5,1,0.34896790981292725
2537,1,1,0.24156488478183746
2538,5,1,0.8275985717773438
2539,8,1,0.12375394999980927
2540,2,1,0.33717095851898193
2541,1,1,0.5399580001831055
2542,2,1,0.49403685331344604
2543,3,1,0.48620131611824036
2544,2,1,0.36355680227279663
2545,4,1,0.2817227244377136
2546,8,1,0.24547550082206726
2547,4,1,0.39491984248161316
2548,0,1,0.4878981113433838
2549,6,1,0.3657846450805664
2550,4,1,0.13832899928092957
2551,2,1,0.5315032005310059
2552,9,1,0.24880625307559967
2553,8,1,0.2025611847639084
2554,4,1,0.2584536373615265
2555,7,0,0.19901043176651
2556,6,1,0.41686728596687317
2557,2,1,0.28231489658355713
2558,4,1,0.5921134352684021
2559,7,0,0.9123125076293945
2560,7,0,0.3091970682144165
2561,6,1,0.3990778625011444
2562,4,1,0.24569591879844666
2563,2,1,0.5998464226722717
2564,2,1,0.48314356803894043
2565,3,1,0.20294193923473358
2566,2,1,0.17643457651138306
2567,4,1,0.2763652205467224
2568,9,1,0.6637721061706543
2569,0,1,0.5738995671272278
2570,0,1,0.8527757525444031
2571,9,1,0.29039978981018066
2572,6,1,0.6320486068725586
2573,5,1,0.28621959686279297
2574,8,1,0.5265524387359619
2575,5,1,0.34773415327072144
2576,2,1,0.29762017726898193
2577,4,1,0.23519563674926758
2578,8,1,0.32278984785079956
2579,8,1,0.3062916100025177
2580,6,1,0.22009366750717163
2581,4,1,0.19223573803901672
2582,5,1,0.19867107272148132
2583,7,0,0.259455144405365
2584,6,1,0.7171956300735474
2585,3,1,0.980950117111206
2586,7,0,0.5281941890716553
2587,0,1,0.6480425596237183
2588,4,1,0.4530266225337982
2589,0,1,0.44059252738952637
2590,5,1,0.2687106430530548
2591,8,1,0.3115776777267456
2592,2,1,0.2603601813316345
2593,8,1,0.3362031579017639
2594,0,1,0.27124476432800293
2595,4,1,0.2407844513654709
2596,9,1,0.22010748088359833
2597,2,1,0.2328263223171234
2598,3,1,0.4368608295917511
2599,6,1,0.24983304738998413
2600,8,1,0.22269481420516968
2601,1,1,0.3915214240550995
2602,6,1,0.8011481761932373
2603,0,1,0.23148860037326813
2604,8,1,0.36105138063430786
2605,4,1,0.2353125810623169
2606,3,1,0.5494595170021057
2607,1,1,0.5113299489021301
2608,4,1,0.2232040911912918
2609,5,1,0.3190004229545593
2610,2,1,0.3542539179325104
2611,4,1,0.5039880275726318
2612,3,1,0.2544393837451935
2613,6,1,0.16258659958839417
2614,0,1,0.39545416831970215
2615,7,0,0.3324963450431824
2616,1,1,0.3351782262325287
2617,3,1,0.18424242734909058
2618,5,1,0.23856914043426514
2619,7,0,0.18353033065795898
2620,1,1,0.7610113620758057
2621,8,1,0.5531516075134277
2622,0,1,0.7525931000709534
2623,4,1,0.1558348536491394
2624,8,1,0.25289419293403625
2625,2,1,0.40718820691108704
2626,7,0,0.20126746594905853
2627,7,0,0.2647172212600708
2628,0,1,0.2144463211297989
2629,2,1,0.47504666447639465
2630,2,1,0.5485464334487915
2631,4,1,0.34303364157676697
2632,3,1,0.19921350479125977
2633,3,1,0.2059730589389801
2634,1,1,0.2842259109020233
2635,6,1,0.47589612007141113
2636,1,1,0.4501075744628906
2637,6,1,0.45744216442108154
2638,4,1,0.43098580837249756
2639,6,1,0.28097060322761536
2640,7,0,0.29589563608169556
2641,4,1,0.43046388030052185
2642,7,0,0.23930910229682922
2643,3,1,0.2715606689453125
2644,8,1,0.2833717465400696
2645,1,1,0.37588435411453247
2646,3,1,0.5069028735160828
2647,1,1,0.580122172832489
2648,4,1,0.48605674505233765
2649,6,1,0.22791850566864014
2650,5,1,0.17512919008731842
2651,5,1,0.4284300208091736
2652,7,0,0.3893638253211975
2653,4,1,0.23718547821044922
2654,5,1,0.5089818239212036
2655,4,1,0.33825787901878357
2656,9,1,0.2194700539112091
2657,7,0,0.7573341131210327
2658,7,0,0.5157076120376587
2659,2,1,0.17856569588184357
2660,3,1,0.5857744216918945
2661,3,1,0.2264992594718933
2662,6,1,0.5607224702835083
2663,7,0,0.16831764578819275
2664,4,1,0.3201736509799957
2665,1,1,0.4686334729194641
2666,6,1,0.2746797800064087
2667,1,1,0.2930459678173065
2668,0,1,1.0731852054595947
2669,6,1,0.516476035118103
2670,9,1,0.22398561239242554
2671,6,1,0.31684690713882446
2672,0,1,0.4158426523208618
2673,2,1,0.3813302516937256
2674,0,1,0.5010406970977783
2675,2,1,0.4309427738189697
2676,4,1,0.21133476495742798
2677,7,0,0.17110466957092285
2678,0,1,0.31710147857666016
2679,0,1,0.4057227373123169
2680,0,1,0.2945716679096222
2681,0,1,0.31756865978240967
2682,7,0,0.262935996055603
2683,5,1,0.24573926627635956
2684,3,1,0.16698969900608063
2685,2,1,0.4204106330871582
2686,7,0,0.401353657245636
2687,8,1,0.3367622494697571
2688,5,1,0.2863589823246002
2689,5,1,0.34237849712371826
2690,2,1,0.8928911685943604
2691,2,1,0.1929801106452942
2692,8,1,0.2105167806148529
2693,9,1,0.2737569212913513
2694,1,1,0.3876305818557739
2695,2,1,0.41505759954452515
2696,2,1,0.10289239883422852
2697,0,1,0.277744859457016
2698,3,1,0.34582364559173584
2699,4,1,0.181717187166214
2700,9,1,0.3556237816810608
2701,1,1,0.3446866273880005
2702,6,1,0.2941838204860687
2703,9,1,0.24897335469722748
2704,0,1,0.15327948331832886
2705,8,1,0.5146297216415405
2706,3,1,0.18115532398223877
2707,6,1,0.5086178779602051
2708,4,1,0.41314589977264404
2709,6,1,0.5894649028778076
2710,7,0,0.25204846262931824
2711,5,1,0.36354756355285645
2712,1,1,0.48395204544067383
2713,8,1,0.40388673543930054
2714,9,1,0.2129465937614441
2715,0,1,0.17892497777938843
2716,5,1,0.29282230138778687
2717,0,1,0.7537601590156555
2718,5,1,0.41354450583457947
2719,4,1,0.45880943536758423
2720,3,1,0.3635082244873047
2721,8,1,0.1395324468612671
2722,5,1,0.26806461811065674
2723,2,1,0.5081104636192322
2724,0,1,0.9334524869918823
2725,8,1,0.22750690579414368
2726,5,1,0.39310622215270996
2727,9,1,0.15852460265159607
2728,2,1,0.26010918617248535
2729,5,1,0.40530672669410706
2730,6,1,0.24047452211380005
2731,5,1,0.41941311955451965
2732,7,0,0.21424074470996857
2733,3,1,0.2530236840248108
2734,7,0,0.17119723558425903
2735,2,1,0.1794406771659851
2736,8,1,0.17767862975597382
2737,8,1,0.334236204624176
2738,4,1,0.29525792598724365
2739,2,1,0.23893296718597412
2740,1,1,0.2958948016166687
2741,6,1,0.141454815864563
2742,2,1,0.6128780841827393
2743,9,1,0.35545992851257324
2744,9,1,0.3286857604980469
2745,8,1,0.3811594247817993
2746,2,1,0.3389278054237366
2747,3,1,0.27655693888664246
2748,1,1,0.2980155646800995
2749,0,1,0.2997434139251709
2750,5,1,0.7138785719871521
2751,2,1,0.2912321388721466
2752,3,1,0.2607383131980896
2753,7,0,0.3467482924461365
2754,9,1,0.5292857885360718
2755,5,1,0.25562334060668945
2756,9,1,0.2958872616291046
2757,1,1,0.24352848529815674
2758,1,1,0.20866960287094116
2759,3,1,0.43178457021713257
2760,2,1,0.6467063426971436
2761,7,0,0.19103184342384338
2762,4,1,0.376459538936615
2763,4,1,0.2937825322151184
2764,1,1,0.47293195128440857
2765,9,1,0.28588640689849854
2766,4,1,0.2100493609905243
2767,5,1,0.300388365983963
2768,5,1,0.2050740122795105
2769,2,1,0.3733489215373993
2770,7,0,0.4065227806568146
2771,7,0,0.146749347448349
2772,6,1,0.2729019224643707
2773,1,1,0.24734367430210114
2774,2,1,0.3979971408843994
2775,3,1,0.2654789090156555
2776,7,0,0.1487015038728714
2777,5,1,0.30037921667099
2778,4,1,0.30738502740859985
2779,3,1,0.3519322872161865
2780,7,0,0.4481665790081024
2781,7,0,0.17725339531898499
2782,0,1,0.4347081184387207
2783,0,1,0.401429682970047
2784,1,1,0.21505674719810486
2785,4,1,0.40555962920188904
2786,4,1,0.42877650260925293
2787,3,1,0.3698483407497406
2788,7,0,0.3913877606391907
2789,9,1,0.259540319442749
2790,8,1,0.24252758920192719
2791,7,0,0.1868308186531067
2792,0,1,0.4726482331752777
2793,9,1,0.3530406355857849
2794,0,1,0.2764521837234497
2795,3,1,0.21120084822177887
2796,7,0,0.4840160608291626
2797,6,1,0.2563546895980835
2798,3,1,0.20804956555366516
2799,8,1,0.26860135793685913
2800,4,1,0.3878736197948456
2801,5,1,0.26544034481048584
2802,6,1,0.5467606782913208
2803,5,1,0.3523619771003723
2804,3,1,0.29571038484573364
2805,4,1,0.1930076777935028
2806,2,1,0.39186155796051025
2807,9,1,0.2793189585208893
2808,2,1,0.3267419934272766
2809,4,1,0.2925974130630493
2810,9,1,0.2494318038225174
2811,2,1,0.22745901346206665
2812,0,1,1.129048466682434
2813,1,1,0.8528612852096558
2814,1,1,0.312204509973526
2815,3,1,0.20609967410564423
2816,7,0,0.3479195237159729
2817,9,1,0.4281570315361023
2818,5,1,0.3544270992279053
2819,1,1,0.541963517665863
2820,6,1,0.5000551342964172
2821,0,1,0.49324533343315125
2822,3,1,0.19784192740917206
2823,3,1,0.3478195071220398
2824,7,0,0.2827422618865967
2825,2,1,0.5544580221176147
2826,4,1,0.3959290087223053
2827,5,1,0.38168981671333313
2828,2,1,0.33296719193458557
2829,3,1,0.22834517061710358
2830,6,1,0.36620962619781494
2831,3,1,0.5748270153999329
2832,3,1,0.4018918573856354
2833,0,1,0.3660616874694824
2834,4,1,0.18690010905265808
2835,4,1,0.2468491643667221
2836,3,1,0.18834814429283142
2837,8,1,0.3102189302444458
2838,1,1,0.8267084956169128
2839,2,1,0.6037168502807617
2840,3,1,0.22132152318954468
2841,2,1,0.5740662217140198
2842,7,0,0.45763474702835083
2843,1,1,0.3795633912086487
2844,4,1,0.22664839029312134
2845,5,1,0.3808490037918091
2846,6,1,0.369286447763443
2847,8,1,0.24852235615253448
2848,6,1,0.2871819734573364
2849,6,1,0.2519320249557495
2850,5,1,0.26045602560043335
2851,4,1,0.4002677798271179
2852,2,1,0.22445745766162872
2853,9,1,0.3177963197231293
2854,9,1,0.2865336537361145
2855,3,1,0.40598273277282715
2856,2,1,0.4227950870990753
2857,0,1,0.14517797529697418
2858,4,1,0.34899604320526123
2859,1,1,0.6825084686279297
2860,5,1,0.264493852853775
2861,5,1,0.24117505550384521
2862,6,1,0.5741380453109741
2863,6,1,0.3549712598323822
2864,5,1,0.17400088906288147
2865,6,1,0.38583552837371826
2866,9,1,0.5004869699478149
2867,7,0,0.2433817833662033
2868,9,1,0.259091854095459
2869,4,1,0.35194826126098633
2870,8,1,0.35492876172065735
2871,3,1,0.3383721709251404
2872,1,1,0.4988833963871002
2873,9,1,0.19361087679862976
2874,8,1,0.16757690906524658
2875,1,1,0.1972845196723938
2876,9,1,0.17002275586128235
2877,0,1,0.2218722105026245
2878,3,1,0.23764990270137787
2879,0,1,0.21591924130916595
2880,4,1,0.1892334520816803
2881,7,0,0.19798117876052856
2882,7,0,0.4068146049976349
2883,2,1,0.6723768711090088
2884,6,1,0.29337960481643677
2885,5,1,0.2632647454738617
2886,6,1,0.32696273922920227
2887,9,1,0.3507741093635559
2888,7,0,0.2088523507118225
2889,7,0,0.34206622838974
2890,5,1,0.5231457948684692
2891,7,0,0.22063864767551422
2892,0,1,0.29765158891677856
2893,8,1,0.2357325553894043
2894,6,1,0.43642690777778625
2895,7,0,0.29775023460388184
2896,8,1,0.17707040905952454
2897,3,1,0.41385790705680847
2898,8,1,0.4603061079978943
2899,9,1,0.3994808793067932
2900,3,1,0.4503532648086548
2901,2,1,0.32643818855285645
2902,9,1,0.23345696926116943
2903,2,1,0.3578258156776428
2904,7,0,0.3445635139942169
2905,4,1,0.29667603969573975
2906,1,1,0.3460231423377991
2907,9,1,0.18550778925418854
2908,7,0,0.22482937574386597
2909,0,1,0.35722821950912476
2910,8,1,0.33134520053863525
2911,1,1,0.31514424085617065
2912,2,1,0.42080920934677124
2913,0,1,0.539466142654419
2914,6,1,0.37085556983947754
2915,5,1,0.32735225558280945
2916,1,1,0.24704128503799438
2917,4,1,0.2018871307373047
2918,2,1,0.6290911436080933
2919,8,1,0.28260019421577454
2920,2,1,0.34856563806533813
2921,8,1,0.19516561925411224
2922,3,1,0.26409703493118286
2923,3,1,0.2879785895347595
2924,1,1,0.4061416983604431
2925,4,1,0.5108776688575745
2926,9,1,0.2496025413274765
2927,8,1,0.3769091069698334
2928,1,1,0.3561099171638489
2929,1,1,0.22169192135334015
2930,7,0,0.43015632033348083
2931,9,1,0.4850119352340698
2932,9,1,0.3888644874095917
2933,4,1,0.5312744975090027
2934,6,1,0.22463542222976685
2935,8,1,0.21795713901519775
2936,5,1,0.3237839937210083
2937,3,1,0.3722945749759674
2938,2,1,1.0907156467437744
2939,2,1,0.337699830532074
2940,3,1,0.3358713388442993
2941,8,1,0.2887742817401886
2942,5,1,0.3938027620315552
2943,1,1,0.3736582398414612
2944,9,1,0.46036142110824585
2945,7,0,0.5383747220039368
2946,9,1,0.2127845287322998
2947,1,1,0.49201709032058716
2948,5,1,0.3424133062362671
2949,3,1,0.6676369905471802
2950,1,1,0.2591402232646942
2951,0,1,0.4304034411907196
2952,3,1,0.13101302087306976
2953,8,1,0.41902095079421997
2954,9,1,0.2403739094734192
2955,2,1,0.4589024782180786
2956,0,1,0.9981675148010254
2957,8,1,0.2910628318786621
2958,0,1,0.15462560951709747
2959,7,0,0.4010058641433716
2960,9,1,0.19395685195922852
2961,4,1,0.31079286336898804
2962,8,1,0.17443996667861938
2963,3,1,0.4301103353500366
2964,0,1,0.27277451753616333
2965,7,0,0.2120916098356247
2966,0,1,0.252147912979126
2967,7,0,0.28388404846191406
2968,0,1,0.3035874366760254
2969,5,1,0.358104407787323
2970,5,1,0.2699597477912903
2971,4,1,0.16824349761009216
2972,3,1,0.16661930084228516
2973,0,1,0.44403591752052307
2974,9,1,0.22954845428466797
2975,9,1,0.25782111287117004
2976,0,1,0.2746184766292572
2977,2,1,0.15728166699409485
2978,2,1,0.35650700330734253
2979,0,1,0.4478769600391388
2980,8,1,0.27061253786087036
2981,4,1,0.5520634651184082
2982,4,1,0.17413461208343506
2983,5,1,0.28889694809913635
2984,2,1,0.2270422726869583
2985,2,1,0.22261063754558563
2986,1,1,0.36237844824790955
2987,1,1,0.42604944109916687
2988,5,1,0.22848935425281525
2989,5,1,0.23609691858291626
2990,4,1,0.3169535994529724
2991,3,1,0.16911038756370544
2992,4,1,0.325187087059021
2993,0,1,0.5838047862052917
2994,8,1,0.27944129705429077
2995,4,1,0.5782091617584229
2996,8,1,0.632086992263794
2997,2,1,0.3654029369354248
2998,5,1,0.20139330625534058
2999,6,1,0.41657328605651855
3000,5,1,0.15839210152626038
3001,1,1,0.4825494885444641
3002,7,0,0.2939792573451996
3003,2,1,0.31098467111587524
3004,4,1,0.1388179361820221
3005,0,1,0.3650062084197998
3006,5,1,0.2982752025127411
3007,6,1,0.5113674402236938
3008,8,1,0.301094114780426
3009,7,0,0.5157490372657776
3010,6,1,0.48572200536727905
3011,3,1,0.4187353253364563
3012,1,1,0.3678560256958008
3013,3,1,0.38989633321762085
3014,6,1,0.3617098331451416
3015,6,1,0.3852597177028656
3016,4,1,0.804646372795105
3017,5,1,0.25832194089889526
3018,5,1,0.37893813848495483
3019,5,1,0.25915098190307617
3020,1,1,0.28245219588279724
3021,8,1,0.27647584676742554
3022,7,0,0.13454291224479675
3023,3,1,0.4911738634109497
3024,0,1,0.3570951819419861
3025,2,1,0.5400500297546387
3026,5,1,0.28038203716278076
3027,1,1,0.38255253434181213
3028,1,1,0.2698770761489868
3029,1,1,0.15243181586265564
3030,6,1,0.5074641108512878
3031,7,0,0.4725401997566223
3032,2,1,0.6818900108337402
3033,1,1,0.4312169551849365
3034,2,1,0.69524085521698
3035,3,1,0.22985181212425232
3036,9,1,0.15321478247642517
3037,8,1,0.3115575313568115
3038,3,1,0.9172003865242004
3039,1,1,0.7337249517440796
3040,7,0,0.29362332820892334
3041,4,1,0.20557627081871033
3042,8,1,0.43892645835876465
3043,4,1,0.4832013249397278
3044,7,0,0.32758793234825134
3045,5,1,0.34003791213035583
3046,8,1,0.434486448764801
3047,6,1,0.22683197259902954
3048,0,1,0.49907413125038147
3049,3,1,0.17434008419513702
3050,0,1,0.8093258738517761
3051,8,1,0.20455129444599152
3052,3,1,0.37482571601867676
3053,4,1,0.5983022451400757
3054,4,1,0.43481332063674927
3055,9,1,0.45836925506591797
3056,4,1,0.3816189765930176
3057,6,1,0.4354901909828186
3058,1,1,0.5140531063079834
3059,5,1,0.16158348321914673
3060,7,0,0.20526571571826935
3061,7,0,0.2977375090122223
3062,9,1,0.10977292060852051
3063,0,1,0.48381778597831726
3064,1,1,0.34852468967437744
3065,3,1,0.23781415820121765
3066,1,1,0.15011176466941833
3067,3,1,0.5759670734405518
3068,2,1,0.6246342658996582
3069,4,1,0.3115503787994385
3070,0,1,0.5982082486152649
3071,7,0,0.38411784172058105
3072,8,1,0.23201483488082886
3073,3,1,0.4219529628753662
3074,1,1,0.2690674662590027
3075,6,1,0.24507787823677063
3076,2,1,0.2811965346336365
3077,1,1,0.29645979404449463
3078,8,1,0.25388383865356445
3079,8,1,0.2673501968383789
3080,1,1,0.6920865178108215
3081,9,1,0.1634148508310318
3082,7,0,0.12345822155475616
3083,5,1,0.2911631166934967
3084,3,1,0.4324086606502533
3085,2,1,0.5861225128173828
3086,9,1,0.37067514657974243
3087,0,1,0.1840711236000061
3088,6,1,0.35102778673171997
3089,8,1,0.36755698919296265
3090,4,1,0.27216023206710815
3091,1,1,0.6889286637306213
3092,5,1,0.28252726793289185
3093,7,0,0.3844883441925049
3094,2,1,0.3054695427417755
3095,4,1,0.5995798110961914
3096,7,0,0.26362332701683044
3097,0,1,0.23963570594787598
3098,4,1,0.21518844366073608
3099,9,1,0.5041413307189941
3100,0,1,0.47060298919677734
3101,7,0,0.2189117968082428
3102,0,1,0.3899824619293213
3103,6,1,0.38717007637023926
3104,7,0,0.31280118227005005
3105,1,1,0.5982567071914673
3106,8,1,0.5272080898284912
3107,5,1,0.2586611807346344
3108,8,1,0.4586103558540344
3109,8,1,0.19381041824817657
3110,7,0,0.3368971347808838
3111,0,1,0.2588072419166565
3112,0,1,0.6170640587806702
3113,3,1,0.5900413393974304
3114,2,1,0.15563678741455078
3115,5,1,0.27015629410743713
3116,7,0,0.3494136333465576
3117,0,1,0.3645821213722229
3118,6,1,0.5147020220756531
3119,4,1,0.521858811378479
3120,4,1,0.23971998691558838
3121,9,1,0.3981894254684448
3122,1,1,0.2730368673801422
3123,8,1,0.2993960380554199
3124,6,1,0.48548051714897156
3125,3,1,0.25270360708236694
3126,9,1,0.22888630628585815
3127,4,1,1.2924573421478271
3128,9,1,0.25137442350387573
3129,3,1,0.18627837300300598
3130,3,1,0.34157752990722656
3131,7,0,0.352192759513855
3132,5,1,0.40422701835632324
3133,9,1,0.29270562529563904
3134,7,0,0.36937612295150757
3135,7,0,0.4076746702194214
3136,4,1,0.24864521622657776
3137,5,1,0.35529547929763794
3138,8,1,0.25045645236968994
3139,2,1,0.5525181293487549
3140,8,1,0.2628040313720703
3141,9,1,0.3238354027271271
3142,5,1,0.24490465223789215
3143,3,1,0.22442364692687988
3144,1,1,0.4798581600189209
3145,9,1,0.2547786235809326
3146,2,1,0.43887239694595337
3147,2,1,0.9645792245864868
3148,0,1,0.4872249662876129
3149,1,1,0.19572558999061584
3150,1,1,0.4734792411327362
3151,8,1,0.32132673263549805
3152,1,1,0.5167176723480225
3153,1,1,0.3640008270740509
3154,9,1,0.15908241271972656
3155,8,1,0.20194481313228607
3156,9,1,0.3069964647293091
3157,9,1,0.23861804604530334
3158,0,1,0.34699511528015137
3159,2,1,0.2067570984363556
3160,6,1,0.2839542627334595
3161,9,1,0.22162514925003052
3162,1,1,0.46080708503723145
3163,9,1,0.39303553104400635
3164,0,1,0.554811954498291
3165,1,1,0.6909668445587158
3166,9,1,0.32959258556365967
3167,2,1,0.5470138192176819
3168,9,1,0.2928627133369446
3169,9,1,0.1780424416065216
3170,9,1,0.2495211362838745
3171,0,1,0.232405424118042
3172,9,1,0.1964852511882782
3173,9,1,0.3858198821544647
3174,2,1,0.2564142346382141
3175,1,1,0.34903550148010254
3176,7,0,0.3125121593475342
3177,0,1,0.45122629404067993
3178,5,1,0.22846324741840363
3179,6,1,0.26032376289367676
3180,3,1,0.2588370144367218
3181,9,1,0.21803179383277893
3182,8,1,0.1442394256591797
3183,3,1,0.8257315158843994
3184,0,1,0.88129723072052
3185,2,1,0.5166948437690735
3186,7,0,0.2131960391998291
3187,7,0,0.228659525513649
3188,4,1,0.284312903881073
3189,8,1,0.3514939546585083
3190,3,1,0.3967253863811493
3191,0,1,0.589421272277832
3192,5,1,0.4221331477165222
3193,2,1,0.15620842576026917
3194,3,1,0.2706364691257477
3195,5,1,0.21854440867900848
3196,7,0,0.20946209132671356
3197,6,1,0.30299776792526245
3198,6,1,0.41394680738449097
3199,6,1,0.44809770584106445
3200,5,1,0.2656269669532776
3201,6,1,0.18604452908039093
3202,5,1,0.16204619407653809
3203,4,1,0.2887767553329468
3204,5,1,0.26708054542541504
3205,8,1,0.3343595564365387
3206,8,1,1.3719613552093506
3207,0,1,0.3593400716781616
3208,9,1,0.3707177937030792
3209,7,0,0.34494930505752563
3210,9,1,0.28193044662475586
3211,0,1,0.3592369556427002
3212,6,1,0.22406359016895294
3213,9,1,0.2945762276649475
3214,6,1,0.17810854315757751
3215,1,1,0.29557764530181885
3216,4,1,0.3195132613182068
3217,7,0,0.2916164994239807
3218,9,1,0.3981250524520874
3219,0,1,0.4724925458431244
3220,3,1,0.3483724594116211
3221,5,1,0.33332785964012146
3222,4,1,0.2762300372123718
3223,7,0,0.15689806640148163
3224,6,1,0.4490199685096741
3225,9,1,0.3483105003833771
3226,8,1,1.198359489440918
3227,2,1,0.18330931663513184
3228,3,1,0.3456270396709442
3229,9,1,0.5198873281478882
3230,3,1,0.5200594663619995
3231,3,1,0.15998728573322296
3232,7,0,0.3164253234863281
3233,8,1,0.3519207835197449
3234,3,1,0.3309158682823181
3235,5,1,0.26787883043289185
3236,5,1,0.23837631940841675
3237,9,1,0.2270122617483139
3238,6,1,0.3186070919036865
3239,1,1,0.3048597574234009
3240,4,1,0.7337880730628967
3241,7,0,0.2184189409017563
3242,4,1,0.36352604627609253
3243,8,1,0.2801797688007355
3244,7,0,0.3043350577354431
3245,7,0,0.27979418635368347
3246,1,1,0.3319777846336365
3247,3,1,0.3884826898574829
3248,0,1,0.4589400291442871
3249,3,1,0.43407201766967773
3250,2,1,0.3737592399120331
3251,5,1,0.34800827503204346
3252,4,1,0.3447759747505188
3253,9,1,0.285379022359848
3254,3,1,0.16543219983577728
3255,5,1,0.31631508469581604
3256,4,1,0.12148261815309525
3257,7,0,0.1459658145904541
3258,0,1,0.4129493832588196
3259,3,1,0.2860429883003235
3260,7,0,0.20679084956645966
3261,0,1,0.3001886308193207
3262,2,1,0.2764132618904114
3263,1,1,0.3717607855796814
3264,5,1,0.31919413805007935
3265,8,1,0.20264947414398193
3266,7,0,0.3106303811073303
3267,3,1,0.6686000823974609
3268,5,1,0.28963130712509155
3269,7,0,0.2504960298538208
3270,8,1,0.2846375107765198
3271,5,1,0.3144903779029846
3272,7,0,0.1456385850906372
3273,8,1,0.38138943910598755
3274,1,1,0.34910672903060913
3275,5,1,0.31066370010375977
3276,4,1,0.3044089674949646
3277,7,0,0.3275659382343292
3278,0,1,0.30926576256752014
3279,8,1,0.2223833054304123
3280,3,1,0.1869673877954483
3281,2,1,0.7162429690361023
3282,9,1,0.5432505011558533
3283,7,0,0.23544836044311523
3284,4,1,0.30627864599227905
3285,1,1,0.4637592136859894
3286,6,1,0.5287448167800903
3287,5,1,0.2795339524745941
3288,9,1,0.7561937570571899
3289,8,1,0.23787552118301392
3290,5,1,0.1996711790561676
3291,5,1,0.31633931398391724
3292,4,1,0.43117937445640564
3293,1,1,0.2509445548057556
3294,0,1,0.8611936569213867
3295,9,1,0.3921530246734619
3296,4,1,0.20048485696315765
3297,4,1,0.29353782534599304
3298,3,1,0.3848082423210144
3299,0,1,0.3009243309497833
3300,4,1,0.2986917495727539
3301,8,1,0.11234574019908905
3302,0,1,0.18706002831459045
3303,8,1,0.325900137424469
3304,2,1,0.3324950635433197
3305,9,1,0.1956992894411087
3306,5,1,0.231023371219635
3307,9,1,0.2446797490119934
3308,7,0,0.4715425968170166
3309,4,1,0.22087273001670837
3310,6,1,0.29046398401260376
3311,7,0,0.288368284702301
3312,9,1,0.8040663003921509
3313,2,1,0.30602598190307617
3314,9,1,0.35821205377578735
3315,3,1,0.4274229407310486
3316,7,0,0.2235824167728424
3317,7,0,0.5832679271697998
3318,8,1,0.32638120651245117
3319,2,1,0.3929639458656311
3320,2,1,0.3062359392642975
3321,0,1,0.2409336268901825
3322,2,1,0.25544825196266174
3323,5,1,0.27822941541671753
3324,3,1,0.3232627213001251
3325,6,1,0.30227720737457275
3326,4,1,0.33645081520080566
3327,7,0,0.3225330710411072
3328,2,1,0.2933366894721985
3329,3,1,0.5877349376678467
3330,7,0,0.376586377620697
3331,8,1,0.16591784358024597
3332,7,0,0.268596887588501
3333,2,1,0.5735008716583252
3334,5,1,0.29756444692611694
3335,0,1,0.3513362407684326
3336,0,1,0.23999887704849243
3337,7,0,0.17242321372032166
3338,0,1,0.3152083158493042
3339,9,1,0.44840943813323975
3340,6,1,0.43978649377822876
3341,1,1,0.36317405104637146
3342,0,1,0.4895349442958832
3343,3,1,0.2132842242717743
3344,9,1,0.384859561920166
3345,7,0,0.36676228046417236
3346,4,1,0.3659503161907196
3347,9,1,0.29021281003952026
3348,1,1,0.2812013626098633
3349,6,1,0.26449406147003174
3350,8,1,0.27441662549972534
3351,1,1,0.47502708435058594
3352,2,1,0.3626581132411957
3353,3,1,0.5273328423500061
3354,3,1,0.7537475824356079
3355,5,1,0.31024736166000366
3356,4,1,1.0894722938537598
3357,8,1,0.5161776542663574
3358,9,1,0.22393518686294556
3359,7,0,0.27184155583381653
3360,4,1,0.8829176425933838
3361,4,1,0.17992380261421204
3362,1,1,0.29253950715065
3363,2,1,0.4600377678871155
3364,4,1,0.3632115423679352
3365,9,1,0.2741014361381531
3366,8,1,0.21661865711212158
3367,7,0,0.260990709066391
3368,9,1,0.2516307234764099
3369,5,1,0.22658725082874298
3370,1,1,0.2349073886871338
3371,2,1,0.4726702570915222
3372,1,1,0.22857390344142914
3373,6,1,0.3037881851196289
3374,6,1,0.19595187902450562
3375,4,1,0.6160067319869995
3376,5,1,0.3736918568611145
3377,7,0,0.30156439542770386
3378,4,1,0.367363840341568
3379,5,1,0.1601148247718811
3380,8,1,0.3815298080444336
3381,5,1,0.38789695501327515
3382,2,1,0.345827579498291
3383,8,1,0.3076075613498688
3384,7,0,0.3993237018585205
3385,8,1,0.11625711619853973
3386,2,1,0.41806256771087646
3387,3,1,0.5449856519699097
3388,6,1,0.29184234142303467
3389,1,1,0.4694393277168274
3390,3,1,0.3822341561317444
3391,3,1,0.8102151155471802
3392,1,1,0.6140404939651489
3393,5,1,1.5183348655700684
3394,1,1,0.2924906611442566
3395,9,1,0.30780932307243347
3396,0,1,0.3158149719238281
3397,9,1,0.33436477184295654
3398,2,1,0.39630353450775146
3399,0,1,0.5231953263282776
3400,6,1,0.46263793110847473
3401,2,1,0.24855762720108032
3402,4,1,0.611896812915802
3403,8,1,0.5252331495285034
3404,5,1,0.30741238594055176
3405,7,0,0.23029875755310059
3406,6,1,0.3767625093460083
3407,1,1,0.35834768414497375
3408,2,1,0.30360516905784607
3409,9,1,0.24093690514564514
3410,4,1,0.36202511191368103
3411,5,1,0.27993544936180115
3412,0,1,0.5307765007019043
3413,3,1,0.16498631238937378
3414,3,1,0.5138852000236511
3415,7,0,0.36701950430870056
3416,7,0,0.2549620270729065
3417,7,0,0.3206707239151001
3418,1,1,0.5263023972511292
3419,4,1,0.3864821195602417
3420,5,1,0.5442755222320557
3421,0,1,0.27027565240859985
3422,2,1,0.2662731409072876
3423,8,1,0.1745467633008957
3424,5,1,0.29839468002319336
3425,0,1,0.15267591178417206
3426,0,1,0.6351428031921387
3427,6,1,0.2669025957584381
3428,2,1,0.29684627056121826
3429,0,1,0.4565943479537964
3430,8,1,0.3628244400024414
3431,4,1,0.30195027589797974
3432,5,1,0.35643061995506287
3433,4,1,0.4922337532043457
3434,5,1,0.4684772193431854
3435,6,1,0.18932512402534485
3436,4,1,0.21712476015090942
3437,7,0,0.43579304218292236
3438,9,1,0.3958163559436798
3439,4,1,0.47583749890327454
3440,2,1,0.24400247633457184
3441,0,1,0.2684863805770874
3442,6,1,0.1860416680574417
3443,4,1,0.44938185811042786
3444,0,1,58.313629150390625
3445,0,1,0.5823787450790405
3446,6,1,0.2495584487915039
3447,4,1,0.3938157856464386
3448,6,1,0.3062216639518738
3449,1,1,0.3587462902069092
3450,9,1,0.3788027763366699
3451,5,1,0.22903038561344147
3452,5,1,0.3314095437526703
3453,2,1,0.33559632301330566
3454,2,1,0.7548452615737915
3455,6,1,0.1882341057062149
3456,3,1,0.38179856538772583
3457,4,1,0.2356225550174713
3458,5,1,0.33384180068969727
3459,9,1,0.5066385865211487
3460,1,1,0.5048296451568604
3461,7,0,0.24412986636161804
3462,2,1,0.25616490840911865
3463,3,1,0.5707411766052246
3464,9,1,0.23602187633514404
3465,6,1,0.33428728580474854
3466,5,1,0.32968637347221375
3467,0,1,0.137426495552063
3468,2,1,0.3415061831474304
3469,9,1,0.24351748824119568
3470,7,0,0.3431495130062103
3471,1,1,0.1839335560798645
3472,7,0,0.42870625853538513
3473,2,1,0.3134550452232361
3474,2,1,0.290310263633728
3475,0,1,2.454132318496704
3476,8,1,0.19541104137897491
3477,6,1,0.41218245029449463
3478,4,1,0.49637141823768616
3479,3,1,0.2337959110736847
3480,2,1,0.21217676997184753
3481,7,0,0.47927069664001465
3482,7,0,0.2920461893081665
3483,0,1,0.6638559103012085
3484,4,1,0.4526118338108063
3485,1,1,0.3123762011528015
3486,6,1,0.29851895570755005
3487,5,1,0.25503113865852356
3488,1,1,0.36061620712280273
3489,3,1,0.2948051393032074
3490,0,1,0.24437442421913147
3491,3,1,0.2740514874458313
3492,9,1,0.355888307094574
3493,0,1,0.25277090072631836
3494,0,1,0.3628584146499634
3495,2,1,0.23754441738128662
3496,5,1,0.37654799222946167
3497,0,1,0.3956027626991272
3498,4,1,0.2863521873950958
3499,0,1,0.7177201509475708
3500,1,1,0.4166267514228821
3501,9,1,0.38889700174331665
3502,8,1,0.5510141253471375
3503,4,1,0.4528151750564575
3504,9,1,0.37398746609687805
3505,4,1,0.43479180335998535
3506,2,1,0.37917324900627136
3507,4,1,0.30718135833740234
3508,3,1,0.21903124451637268
3509,3,1,0.30491676926612854
3510,4,1,0.2922409772872925
3511,0,1,0.21616408228874207
3512,4,1,0.29696983098983765
3513,3,1,0.47344300150871277
3514,2,1,0.27579009532928467
3515,8,1,0.28122061491012573
3516,9,1,0.44780343770980835
3517,1,1,0.42266324162483215
3518,5,1,0.1914624273777008
3519,8,1,0.31160444021224976
3520,1,1,0.2355610728263855
3521,8,1,0.394003301858902
3522,2,1,0.4969896078109741
3523,4,1,0.27352219820022583
3524,5,1,0.2506170868873596
3525,2,1,0.4535089433193207
3526,4,1,0.22222325205802917
3527,1,1,0.33773499727249146
3528,1,1,0.5246243476867676
3529,6,1,0.3824295401573181
3530,6,1,0.41191667318344116
3531,8,1,0.2941526770591736
3532,5,1,0.13937386870384216
3533,2,1,0.20686590671539307
3534,2,1,0.2058207094669342
3535,5,1,0.2898242175579071
3536,0,1,0.6775219440460205
3537,8,1,1.180219054222107
3538,2,1,0.21159103512763977
3539,3,1,0.3700816035270691
3540,6,1,0.343159556388855
3541,2,1,0.3422076404094696
3542,9,1,0.2961415946483612
3543,6,1,0.27352175116539
3544,1,1,0.25585827231407166
3545,4,1,0.17829467356204987
3546,5,1,0.3267917335033417
3547,9,1,0.35069969296455383
3548,0,1,0.3385426998138428
3549,1,1,0.528612494468689
3550,0,1,0.7424343824386597
3551,0,1,1.2209954261779785
3552,8,1,0.2934739589691162
3553,1,1,0.4389743208885193
3554,1,1,0.3537735044956207
3555,6,1,0.29019689559936523
3556,6,1,0.5218670964241028
3557,9,1,0.2802220582962036
3558,5,1,0.2925150990486145
3559,4,1,0.3301691710948944
3560,1,1,0.1434115767478943
3561,7,0,0.18770547211170197
3562,8,1,0.24529394507408142
3563,6,1,0.6931778788566589
3564,9,1,0.23183318972587585
3565,1,1,0.380732923746109
3566,7,0,0.637752890586853
3567,6,1,0.4484493136405945
3568,0,1,0.26896533370018005
3569,9,1,0.2539867162704468
3570,3,1,0.19452723860740662
3571,5,1,0.25778287649154663
3572,3,1,0.4015346169471741
3573,2,1,0.4993135929107666
3574,5,1,1.0238370895385742
3575,3,1,0.3194522261619568
3576,4,1,0.32055744528770447
3577,9,1,0.3630690574645996
3578,7,0,0.39990073442459106
3579,1,1,0.24493426084518433
3580,4,1,0.23491713404655457
3581,4,1,0.42528343200683594
3582,6,1,0.4577569365501404
3583,1,1,0.337454617023468
3584,3,1,0.17604225873947144
3585,8,1,0.2711532413959503
3586,8,1,0.20443910360336304
3587,0,1,0.4430243968963623
3588,6,1,0.8500944375991821
3589,7,0,0.500847578048706
3590,7,0,0.23991332948207855
3591,6,1,0.23494186997413635
3592,7,0,0.23227271437644958
3593,2,1,0.6050963401794434
3594,3,1,0.3491929769515991
3595,2,1,0.26228007674217224
3596,2,1,0.21494390070438385
3597,6,1,0.6438030004501343
3598,2,1,0.22758188843727112
3599,7,0,0.3617294728755951
3600,4,1,0.512135922908783
3601,0,1,0.3047950267791748
3602,3,1,0.310049831867218
3603,6,1,0.4318348169326782
3604,2,1,0.3721986413002014
3605,6,1,0.30969205498695374
3606,3,1,0.23453795909881592
3607,3,1,0.305580198764801
3608,0,1,0.38885366916656494
3609,9,1,0.38166409730911255
3610,5,1,0.3117392063140869
3611,1,1,0.37110209465026855
3612,1,1,0.30347228050231934
3613,5,1,0.6971169710159302
3614,3,1,0.2782175540924072
3615,6,1,0.6238564252853394
3616,4,1,0.48768091201782227
3617,3,1,0.21394072473049164
3618,4,1,0.4625578224658966
3619,1,1,0.3721827268600464
3620,0,1,0.351085901260376
3621,4,1,0.6447040438652039
3622,5,1,0.26286619901657104
3623,5,1,0.20529820024967194
3624,2,1,0.21185097098350525
3625,8,1,0.15226960182189941
3626,9,1,0.20001837611198425
3627,4,1,0.3317517638206482
3628,3,1,0.31879884004592896
3629,1,1,0.2332007884979248
3630,8,1,0.3405950367450714
3631,0,1,0.4358600974082947
3632,1,1,0.34905165433883667
3633,3,1,0.22804488241672516
3634,3,1,0.1863810420036316
3635,4,1,0.15182635188102722
3636,4,1,0.2758282721042633
3637,2,1,0.2387734055519104
3638,9,1,0.4706946313381195
3639,7,0,0.30791357159614563
3640,6,1,0.33353570103645325
3641,8,1,0.6195837259292603
3642,1,1,0.2370583415031433
3643,8,1,0.15698730945587158
3644,9,1,0.25980135798454285
3645,1,1,0.36899229884147644
3646,3,1,0.2530861794948578
3647,1,1,0.3681686818599701
3648,7,0,0.551082968711853
3649,3,1,0.338501513004303
3650,0,1,0.3480488061904907
3651,0,1,0.3331846296787262
3652,2,1,0.3054467439651489
3653,8,1,0.28242000937461853
3654,3,1,0.23724573850631714
3655,9,1,0.3104895353317261
3656,2,1,0.3663909137248993
3657,7,0,0.6153603792190552
3658,2,1,0.20436115562915802
3659,6,1,0.5749109983444214
3660,0,1,0.17243900895118713
3661,1,1,0.4523870348930359
3662,6,1,0.2810990512371063
3663,1,1,0.33329489827156067
3664,6,1,0.2664991021156311
3665,7,0,0.44973024725914
3666,5,1,0.38424554467201233
3667,5,1,0.28847140073776245
3668,2,1,0.2632233500480652
3669,5,1,0.2351740151643753
3670,9,1,0.12371395528316498
3671,4,1,0.3668075203895569
3672,0,1,0.3398083746433258
3673,2,1,0.5318703651428223
3674,3,1,0.3797682225704193
3675,4,1,0.2952244281768799
3676,9,1,0.21679282188415527
3677,4,1,0.2700871229171753
3678,1,1,0.3218039572238922
3679,0,1,0.2344306856393814
3680,0,1,0.5829837918281555
3681,2,1,0.23023289442062378
3682,3,1,0.44552892446517944
3683,8,1,0.25801533460617065
3684,9,1,0.2858106791973114
3685,2,1,0.5106648206710815
3686,8,1,0.5084423422813416
3687,9,1,0.21785591542720795
3688,5,1,0.20697402954101562
3689,7,0,0.1687159538269043
3690,9,1,0.3695930540561676
3691,1,1,0.7596979141235352
3692,4,1,0.26545509696006775
3693,6,1,0.27216726541519165
3694,2,1,0.26391398906707764
3695,8,1,0.2913253605365753
3696,4,1,0.39406469464302063
3697,4,1,0.35546693205833435
3698,8,1,0.13844922184944153
3699,9,1,0.2412165105342865
3700,3,1,0.2333727777004242
3701,1,1,0.3599300980567932
3702,1,1,0.2033521831035614
3703,6,1,0.11872446537017822
3704,5,1,0.5617011785507202
3705,8,1,0.1852191686630249
3706,4,1,0.2496066689491272
3707,6,1,0.6829638481140137
3708,4,1,0.41281795501708984
3709,5,1,0.3021606504917145
3710,2,1,0.21020889282226562
3711,6,1,0.24714672565460205
3712,4,1,0.43535229563713074
3713,2,1,0.4116072654724121
3714,3,1,0.3319714367389679
3715,1,1,0.23644927144050598
3716,3,1,0.2788212299346924
3717,6,1,0.6390831470489502
3718,8,1,0.2819605767726898
3719,5,1,0.4231201708316803
3720,2,1,1.4052406549453735
3721,2,1,0.7198704481124878
3722,7,0,0.25309324264526367
3723,1,1,0.2939409613609314
3724,6,1,0.6989487409591675
3725,2,1,0.2795948386192322
3726,5,1,0.4204588532447815
3727,9,1,0.1960287094116211
3728,2,1,0.5036644339561462
3729,8,1,0.2631527781486511
3730,1,1,0.3864702582359314
3731,6,1,0.17776288092136383
3732,9,1,0.25975531339645386
3733,2,1,0.3387370705604553
3734,7,0,0.5306463241577148
3735,5,1,0.29136139154434204
3736,3,1,0.28424733877182007
3737,2,1,0.40705516934394836
3738,9,1,0.15517646074295044
3739,7,0,0.2861326336860657
3740,0,1,0.5565877556800842
3741,2,1,0.35888850688934326
3742,9,1,0.28702640533447266
3743,3,1,0.26930251717567444
3744,4,1,0.39171040058135986
3745,1,1,0.31381726264953613
3746,7,0,0.24299420416355133
3747,9,1,0.23377054929733276
3748,5,1,0.3545340895652771
3749,8,1,0.6786185503005981
3750,9,1,0.17574664950370789
3751,7,0,0.22222232818603516
3752,3,1,0.4537883400917053
3753,4,1,0.4152087867259979
3754,0,1,0.5294073820114136
3755,9,1,0.6816290020942688
3756,7,0,0.31186169385910034
3757,4,1,1.2787952423095703
3758,2,1,0.717988133430481
3759,4,1,0.1822906881570816
3760,7,0,0.24606464803218842
3761,0,1,0.3026178181171417
3762,1,1,0.45477867126464844
3763,8,1,0.2495708167552948
3764,1,1,0.5268075466156006
3765,0,1,0.3906949460506439
3766,4,1,0.546042263507843
3767,6,1,0.49784600734710693
3768,1,1,0.5032781362533569
3769,9,1,0.605652391910553
3770,9,1,0.2988564968109131
3771,2,1,0.4576106071472168
3772,1,1,0.27803075313568115
3773,2,1,0.3705466091632843
3774,5,1,0.36087271571159363
3775,6,1,0.22940170764923096
3776,9,1,0.20090489089488983
3777,7,0,0.26458263397216797
3778,7,0,0.5756565928459167
3779,3,1,0.26126688718795776
3780,4,1,0.21936151385307312
3781,2,1,0.29793280363082886
3782,0,1,0.34341171383857727
3783,2,1,0.7885758876800537
3784,5,1,0.29013288021087646
3785,6,1,0.3037450909614563
3786,7,0,0.36136406660079956
3787,3,1,0.21563300490379333
3788,7,0,0.3812572956085205
3789,9,1,0.3595622181892395
3790,4,1,0.17437681555747986
3791,2,1,0.3214665651321411
3792,0,1,0.586694598197937
3793,6,1,0.40648144483566284
3794,1,1,0.3794240951538086
3795,7,0,0.4175218641757965
3796,5,1,0.4434499144554138
3797,6,1,0.30134469270706177
3798,5,1,0.26091432571411133
3799,3,1,0.15118636190891266
3800,9,1,0.3848036527633667
3801,2,1,0.37696409225463867
3802,7,0,0.291893869638443
3803,8,1,0.2589794397354126
3804,5,1,0.29193228483200073
3805,9,1,0.35947656631469727
3806,5,1,0.5351555347442627
3807,8,1,0.35102587938308716
3808,5,1,0.3744572103023529
3809,4,1,0.49212783575057983
3810,3,1,0.29406073689460754
3811,7,0,0.26962077617645264
3812,9,1,0.37109100818634033
3813,8,1,0.28427836298942566
3814,1,1,0.3513992428779602
3815,2,1,0.2621181011199951
3816,2,1,0.23084118962287903
3817,8,1,0.491593599319458
3818,9,1,0.47356167435646057
3819,3,1,0.494106650352478
3820,0,1,0.5231590270996094
3821,8,1,0.3253021240234375
3822,4,1,0.33317264914512634
3823,0,1,0.8067669868469238
3824,2,1,0.26727262139320374
3825,0,1,0.3064534068107605
3826,1,1,0.4902925491333008
3827,4,1,0.25287604331970215
3828,1,1,0.34362727403640747
3829,8,1,0.25016626715660095
3830,5,1,0.18831759691238403
3831,5,1,0.3931616544723511
3832,7,0,0.23688870668411255
3833,9,1,0.23794296383857727
3834,8,1,1.0807602405548096
3835,3,1,0.2901270389556885
3836,7,0,0.17712470889091492
3837,9,1,0.36391836404800415
3838,1,1,0.39892879128456116
3839,5,1,0.2727115750312805
3840,6,1,0.23740804195404053
3841,9,1,0.31722763180732727
3842,8,1,0.21291814744472504
3843,7,0,0.20592081546783447
3844,2,1,0.40513741970062256
3845,0,1,0.4074910581111908
3846,9,1,0.3699749708175659
3847,0,1,0.19327275454998016
3848,8,1,0.311942994594574
3849,5,1,0.6044362187385559
3850,9,1,0.45053768157958984
3851,4,1,0.2424614280462265
3852,2,1,0.30228370428085327
3853,9,1,0.3016219735145569
3854,8,1,0.34761467576026917
3855,1,1,0.6506654024124146
3856,9,1,0.47335559129714966
3857,1,1,0.12531954050064087
3858,8,1,0.22705447673797607
3859,3,1,0.16966955363750458
3860,7,0,0.1206531822681427
3861,6,1,0.28382086753845215
3862,4,1,0.7297137975692749
3863,2,1,0.352999210357666
3864,3,1,0.317937970161438
3865,7,0,0.39666157960891724
3866,0,1,0.2947620153427124
3867,3,1,0.37977737188339233
3868,5,1,0.601265549659729
3869,8,1,0.14285020530223846
3870,8,1,0.9251623749732971
3871,8,1,0.24545562267303467
3872,7,0,0.30256789922714233
3873,9,1,0.35767051577568054
3874,6,1,0.34747111797332764
3875,2,1,0.5570858120918274
3876,7,0,0.2589019536972046
3877,4,1,0.2337271273136139
3878,5,1,0.28963059186935425
3879,7,0,0.47124749422073364
3880,6,1,0.20891165733337402
3881,7,0,0.33696940541267395
3882,1,1,0.3213655948638916
3883,7,0,0.4229203462600708
3884,3,1,0.49228382110595703
3885,6,1,0.5803340077400208
3886,8,1,0.21171799302101135
3887,2,1,0.3245278596878052
3888,6,1,0.6297603249549866
3889,6,1,0.4877758026123047
3890,7,0,0.20475097000598907
3891,1,1,0.1877191662788391
3892,5,1,0.8290511965751648
3893,9,1,0.2082364857196808
3894,7,0,0.41343098878860474
3895,1,1,0.3292491137981415
3896,7,0,0.455510675907135
3897,0,1,0.36187613010406494
3898,1,1,0.47062379121780396
3899,6,1,0.2307313084602356
3900,3,1,0.26149386167526245
3901,3,1,0.2384372353553772
3902,9,1,0.36052602529525757
3903,0,1,0.1630740463733673
3904,1,1,0.2653391659259796
3905,2,1,0.362135112285614
3906,3,1,0.5054309964179993
3907,2,1,0.1914469599723816
3908,2,1,0.29374998807907104
3909,5,1,0.24119842052459717
3910,4,1,0.24717974662780762
3911,9,1,0.25102853775024414
3912,8,1,0.1134992465376854
3913,7,0,0.3618343472480774
3914,4,1,0.15895691514015198
3915,4,1,0.31137996912002563
3916,9,1,0.26129522919654846
3917,7,0,0.4119335412979126
3918,6,1,0.2171420454978943
3919,7,0,0.264876127243042
3920,7,0,0.17465490102767944
3921,1,1,0.35783421993255615
3922,2,1,0.3769436776638031
3923,3,1,0.311731219291687
3924,5,1,0.2758035659790039
3925,1,1,0.5224679708480835
3926,9,1,0.2433929294347763
3927,0,1,0.2428061068058014
3928,3,1,0.30570846796035767
3929,3,1,0.2303783893585205
3930,1,1,0.42768824100494385
3931,5,1,0.34267181158065796
3932,6,1,0.43260085582733154
3933,6,1,0.23013830184936523
3934,2,1,0.45468130707740784
3935,4,1,0.18509936332702637
3936,6,1,0.4229447841644287
3937,8,1,0.2763638198375702
3938,8,1,0.3706008493900299
3939,9,1,0.1430331915616989
3940,6,1,0.34516727924346924
3941,6,1,0.42365896701812744
3942,1,1,0.3041622042655945
3943,0,1,0.25616657733917236
3944,7,0,0.21919240057468414
3945,5,1,0.3670502305030823
3946,8,1,0.2920587360858917
3947,2,1,0.4349425733089447
3948,1,1,0.3488619327545166
3949,5,1,0.4914373755455017
3950,8,1,0.16133613884449005
3951,1,1,0.6126004457473755
3952,4,1,0.16898669302463531
3953,7,0,0.46590572595596313
3954,5,1,0.4236157238483429
3955,0,1,0.28763148188591003
3956,3,1,0.19290536642074585
3957,9,1,0.11271369457244873
3958,9,1,0.3590428829193115
3959,5,1,0.26297467947006226
3960,2,1,0.4159196615219116
3961,8,1,0.36866965889930725
3962,4,1,0.2562033236026764
3963,1,1,0.21833480894565582
3964,9,1,0.13233482837677002
3965,0,1,0.3455510437488556
3966,4,1,0.22710949182510376
3967,4,1,0.6650726795196533
3968,8,1,0.37752044200897217
3969,2,1,0.31664323806762695
3970,9,1,0.3498551547527313
3971,0,1,0.3337097465991974
3972,7,0,0.39860647916793823
3973,9,1,0.8684877157211304
3974,8,1,0.43959811329841614
3975,7,0,0.4868282079696655
3976,1,1,0.4495442807674408
3977,3,1,0.3686959147453308
3978,2,1,0.36138656735420227
3979,9,1,0.2464265525341034
3980,9,1,0.3970356583595276
3981,5,1,0.1545848548412323
3982,9,1,0.3076183795928955
3983,7,0,0.8457738161087036
3984,6,1,0.5566102266311646
3985,7,0,0.3262926936149597
3986,7,0,0.27616599202156067
3987,1,1,0.3219546675682068
3988,1,1,0.3039117455482483
3989,2,1,0.49106043577194214
3990,4,1,0.17990483343601227
3991,2,1,0.4154474139213562
3992,0,1,0.3595576286315918
3993,6,1,0.2843904495239258
3994,8,1,0.2648034691810608
3995,7,0,0.6562437415122986
3996,6,1,0.3210221230983734
3997,2,1,0.34868133068084717
3998,2,1,0.5698209404945374
3999,9,1,0.17247197031974792
4000,8,1,0.3142850995063782
4001,2,1,0.46839913725852966
4002,4,1,0.2598434090614319
4003,2,1,0.2894575595855713
4004,0,1,0.26021432876586914
4005,5,1,0.3220403790473938
4006,8,1,0.21344397962093353
4007,6,1,0.3097682595252991
4008,8,1,0.7382441759109497
4009,2,1,0.32825273275375366
4010,7,0,0.19646315276622772
4011,7,0,0.3259660601615906
4012,3,1,0.4174503684043884
4013,1,1,0.2128375917673111
4014,8,1,0.20877376198768616
4015,1,1,0.31063422560691833
4016,6,1,0.2972778379917145
4017,5,1,0.4806962311267853
4018,9,1,0.4137886166572571
4019,7,0,0.16908985376358032
4020,8,1,0.24617668986320496
4021,9,1,0.17567744851112366
4022,6,1,0.5845913290977478
4023,4,1,0.2262524515390396
4024,8,1,0.4797888696193695
4025,1,1,0.2924903631210327
4026,9,1,0.460689902305603
4027,4,1,0.1480688899755478
4028,0,1,0.19586721062660217
4029,4,1,0.3172840178012848
4030,1,1,0.48863983154296875
4031,4,1,0.39461657404899597
4032,3,1,0.3568664789199829
4033,6,1,0.5837812423706055
4034,2,1,0.4598539471626282
4035,2,1,0.42844074964523315
4036,7,0,0.12638938426971436
4037,0,1,0.2675110399723053
4038,0,1,0.11454908549785614
4039,7,0,0.3290298581123352
4040,0,1,0.2783221900463104
4041,7,0,0.2771071195602417
4042,4,1,0.4126933813095093
4043,3,1,0.28786033391952515
4044,6,1,0.417397141456604
4045,7,0,0.5409488081932068
4046,7,0,0.4310176968574524
4047,4,1,0.40406137704849243
4048,5,1,0.3148418068885803
4049,4,1,0.17425599694252014
4050,3,1,0.23072899878025055
4051,5,1,0.5133475065231323
4052,5,1,0.3312959671020508
4053,4,1,0.5304396152496338
4054,7,0,0.17591948807239532
4055,1,1,0.46897822618484497
4056,0,1,0.6255210041999817
4057,7,0,0.3309699296951294
4058,7,0,0.3015521168708801
4059,1,1,0.40273046493530273
4060,6,1,0.23268336057662964
4061,5,1,0.2077345848083496
4062,0,1,0.41687771677970886
4063,7,0,0.6091848015785217
4064,7,0,0.41305413842201233
4065,4,1,0.3223069906234741
4066,6,1,0.265595942735672
4067,1,1,0.397490918636322
4068,8,1,0.4040948748588562
4069,5,1,0.24557361006736755
4070,9,1,0.3286501169204712
4071,3,1,0.3294451832771301
4072,5,1,0.18844281136989594
4073,6,1,0.3135480284690857
4074,2,1,0.3208386301994324
4075,2,1,0.34564265608787537
4076,7,0,0.3386366665363312
4077,3,1,0.397396981716156
4078,5,1,0.3219732940196991
4079,8,1,0.4582953453063965
4080,1,1,0.30012381076812744
4081,0,1,0.34251153469085693
4082,6,1,0.375980019569397
4083,8,1,0.2937878966331482
4084,7,0,0.38424116373062134
4085,8,1,0.18445004522800446
4086,8,1,0.27938032150268555
4087,5,1,0.2667367458343506
4088,7,0,0.18450823426246643
4089,5,1,0.4447207748889923
4090,4,1,0.24291375279426575
4091,9,1,0.2490254044532776
4092,7,0,0.3708106577396393
4093,3,1,0.4529144763946533
4094,3,1,0.30566397309303284
4095,8,1,0.13944347202777863
4096,8,1,1.2681854963302612
4097,3,1,0.34683161973953247
4098,9,1,0.2216537892818451
4099,4,1,0.44092100858688354
4100,7,0,0.2380492240190506
4101,2,1,0.3704274296760559
4102,0,1,1.1236668825149536
4103,8,1,0.3515322208404541
4104,0,1,0.44757211208343506
4105,7,0,0.16711710393428802
4106,3,1,0.40696102380752563
4107,3,1,0.28039753437042236
4108,2,1,0.5062835216522217
4109,5,1,0.37083759903907776
4110,2,1,0.328228235244751
4111,4,1,0.3471657931804657
4112,4,1,0.1995609849691391
4113,0,1,0.5785694122314453
4114,4,1,0.31454622745513916
4115,8,1,0.2876076102256775
4116,2,1,0.3620648980140686
4117,4,1,0.5948511362075806
4118,0,1,0.2729281187057495
4119,6,1,0.224056214094162
4120,4,1,0.3141389489173889
4121,5,1,0.35474902391433716
4122,6,1,0.2706577777862549
4123,0,1,0.38526076078414917
4124,8,1,0.3061588704586029
4125,8,1,0.3125593066215515
4126,0,1,0.24194878339767456
4127,6,1,0.4787147641181946
4128,1,1,0.3109157681465149
4129,1,1,0.366059273481369
4130,6,1,0.21767327189445496
4131,1,1,0.33214619755744934
4132,4,1,0.28644824028015137
4133,2,1,0.6316534876823425
4134,1,1,0.5291272401809692
4135,1,1,0.5761934518814087
4136,2,1,0.23246890306472778
4137,4,1,0.30493828654289246
4138,4,1,0.49763041734695435
4139,5,1,0.23247286677360535
4140,5,1,0.21859224140644073
4141,8,1,0.37241634726524353
4142,8,1,0.23849648237228394
4143,5,1,0.4122345447540283
4144,1,1,0.19680902361869812
4145,8,1,0.2067601978778839
4146,2,1,0.18646593391895294
4147,3,1,0.262188196182251
4148,3,1,0.19982382655143738
4149,9,1,0.2919989824295044
4150,6,1,0.4058489203453064
4151,6,1,0.530672013759613
4152,5,1,0.3618882894515991
4153,0,1,0.27102863788604736
4154,7,0,0.2343634068965912
4155,3,1,0.258137047290802
4156,3,1,0.2986345589160919
4157,2,1,0.2134091556072235
4158,7,0,0.39762160181999207
4159,4,1,0.2671281695365906
4160,5,1,0.3851911425590515
4161,6,1,0.30794423818588257
4162,0,1,0.4756777584552765
4163,2,1,0.4270451068878174
4164,1,1,0.34344911575317383
4165,8,1,0.2569435238838196
4166,1,1,0.2860586643218994
4167,0,1,0.4158099293708801
4168,9,1,0.3679691553115845
4169,3,1,0.3719262480735779
4170,1,1,0.652847409248352
4171,0,1,0.8091334104537964
4172,5,1,0.3256843388080597
4173,4,1,0.3426915407180786
4174,2,1,0.3817829489707947
4175,3,1,0.285045325756073
4176,3,1,0.36586135625839233
4177,6,1,0.19751794636249542
4178,7,0,0.15080635249614716
4179,6,1,0.3326379656791687
4180,0,1,0.3131096661090851
4181,0,1,0.3035486936569214
4182,5,1,0.40754443407058716
4183,7,0,0.2918497920036316
4184,4,1,0.16508503258228302
4185,7,0,0.3146663010120392
4186,7,0,0.3195118308067322
4187,0,1,0.34277379512786865
4188,6,1,0.3441357910633087
4189,1,1,0.38682103157043457
4190,3,1,0.35321319103240967
4191,9,1,0.18209032714366913
4192,0,1,0.28022515773773193
4193,9,1,0.557671070098877
4194,0,1,0.6039881110191345
4195,3,1,0.2357316017150879
4196,8,1,0.33787932991981506
4197,4,1,0.3967466354370117
4198,8,1,0.3037260174751282
4199,8,1,0.1374111771583557
4200,4,1,0.28227224946022034
4201,1,1,0.45895442366600037
4202,0,1,0.36967095732688904
4203,2,1,0.20053212344646454
4204,2,1,0.3069508671760559
4205,4,1,0.2503364682197571
4206,1,1,0.2162066400051117
4207,1,1,0.45874035358428955
4208,2,1,0.39196741580963135
4209,4,1,0.3293367028236389
4210,3,1,0.32270312309265137
4211,4,1,0.2224491983652115
4212,1,1,0.24872145056724548
4213,4,1,0.309506893157959
4214,7,0,0.2073686569929123
4215,1,1,0.18117070198059082
4216,0,1,1.4106861352920532
4217,0,1,0.4424750804901123
4218,9,1,0.2005753070116043
4219,0,1,0.6088199019432068
4220,4,1,0.534544825553894
4221,2,1,0.27144333720207214
4222,8,1,0.24856849014759064
4223,8,1,0.33849066495895386
4224,5,1,0.5237339735031128
4225,5,1,0.25378233194351196
4226,0,1,0.22780849039554596
4227,4,1,0.23239606618881226
4228,0,1,0.30222946405410767
4229,8,1,0.19975963234901428
4230,6,1,0.43929874897003174
4231,2,1,0.20070607960224152
4232,5,1,0.29744577407836914
4233,9,1,0.3678687512874603
4234,2,1,0.3312634825706482
4235,9,1,0.35323473811149597
4236,1,1,0.2571265697479248
4237,1,1,0.3850041925907135
4238,5,1,0.5537878274917603
4239,4,1,0.25079071521759033
4240,7,0,0.3436626195907593
4241,5,1,0.19474828243255615
4242,8,1,0.20071189105510712
4243,6,1,0.1612037718296051
4244,2,1,0.4284273386001587
4245,1,1,0.25058358907699585
4246,5,1,0.24399828910827637
4247,5,1,0.40452608466148376
4248,3,1,0.30595552921295166
4249,4,1,0.17817381024360657
4250,1,1,0.5774383544921875
4251,8,1,0.4706634283065796
4252,9,1,0.23949310183525085
4253,9,1,0.37568914890289307
4254,8,1,0.27934932708740234
4255,9,1,0.26136159896850586
4256,8,1,0.17473475635051727
4257,6,1,0.3790791630744934
4258,8,1,0.3881514072418213
4259,5,1,0.3432379364967346
4260,8,1,0.1475124955177307
4261,9,1,0.20638155937194824
4262,4,1,0.3950667977333069
4263,6,1,0.4527965188026428
4264,2,1,0.36183100938796997
4265,6,1,0.5918274521827698
4266,3,1,0.3232273459434509
4267,7,0,0.18829211592674255
4268,4,1,0.28379470109939575
4269,0,1,0.16777923703193665
4270,0,1,0.3393027186393738
4271,1,1,0.5319221019744873
4272,7,0,0.28200191259384155
4273,5,1,0.6281763911247253
4274,1,1,0.30878227949142456
4275,5,1,0.27188733220100403
4276,9,1,0.38252580165863037
4277,3,1,0.23119843006134033
4278,1,1,0.41203194856643677
4279,6,1,0.4185374677181244
4280,8,1,0.34271204471588135
4281,7,0,0.36516982316970825
4282,3,1,0.38498455286026
4283,6,1,0.3353757858276367
4284,9,1,0.4630212187767029
4285,1,1,0.15926234424114227
4286,2,1,0.2705554664134979
4287,0,1,0.2639927864074707
4288,1,1,0.4575439691543579
4289,7,0,0.3362239599227905
4290,2,1,0.3581077456474304
4291,6,1,0.3743944466114044
4292,1,1,0.22495697438716888
4293,9,1,0.4369949996471405
4294,0,1,0.9804859757423401
4295,0,1,0.3656625747680664
4296,8,1,0.3140568137168884
4297,9,1,0.5039538145065308
4298,9,1,0.30946245789527893
4299,2,1,0.7190831899642944
4300,8,1,0.2301565706729889
4301,6,1,0.4361306428909302
4302,2,1,0.3306901454925537
4303,5,1,0.29341667890548706
4304,6,1,0.4365599751472473
4305,0,1,0.3008720874786377
4306,3,1,0.4021919369697571
4307,3,1,0.13899889588356018
4308,0,1,0.34782674908638
4309,7,0,0.22452428936958313
4310,4,1,0.33151763677597046
4311,7,0,0.2584308981895447
4312,5,1,0.29371392726898193
4313,0,1,0.2729402780532837
4314,1,1,0.7435649633407593
4315,6,1,0.7816982269287109
4316,8,1,0.14553473889827728
4317,8,1,0.16452184319496155
4318,1,1,0.47895723581314087
4319,2,1,0.18120113015174866
4320,1,1,0.16625970602035522
4321,5,1,0.23753809928894043
4322,4,1,0.44314396381378174
4323,5,1,0.2946789264678955
4324,9,1,0.14759311079978943
4325,6,1,0.2715815603733063
4326,7,0,0.482822984457016
4327,1,1,0.616665244102478
4328,0,1,0.18115778267383575
4329,6,1,0.31619536876678467
4330,9,1,0.19417163729667664
4331,2,1,0.23945222795009613
4332,7,0,0.35265693068504333
4333,7,0,0.3687583804130554
4334,3,1,0.23867133259773254
4335,9,1,0.8857727646827698
4336,9,1,0.1674727350473404
4337,1,1,0.23518137633800507
4338,9,1,0.4177854359149933
4339,7,0,0.24873566627502441
4340,0,1,0.46433693170547485
4341,1,1,0.402070015668869
4342,3,1,0.46497583389282227
4343,5,1,0.1993086189031601
4344,4,1,0.5129058361053467
4345,6,1,0.2586641013622284
4346,3,1,0.15485815703868866
4347,8,1,0.3680921196937561
4348,8,1,0.14932605624198914
4349,0,1,0.2772063910961151
4350,4,1,0.356439471244812
4351,8,1,0.34336018562316895
4352,3,1,0.2014153003692627
4353,6,1,0.22207066416740417
4354,7,0,0.18108442425727844
4355,0,1,0.39694711565971375
4356,0,1,0.42025038599967957
4357,4,1,0.42101240158081055
4358,5,1,0.3496852517127991
4359,2,1,0.5344393253326416
4360,6,1,0.4178354740142822
4361,8,1,0.2988207936286926
4362,4,1,0.4815433919429779
4363,9,1,0.5650984644889832
4364,9,1,0.45137646794319153
4365,9,1,0.18505269289016724
4366,2,1,0.914632260799408
4367,0,1,0.4777129292488098
4368,4,1,0.19117435812950134
4369,2,1,0.38190311193466187
4370,8,1,0.25167936086654663
4371,1,1,0.45598042011260986
4372,1,1,0.22573424875736237
4373,0,1,0.31555357575416565
4374,0,1,0.4530254602432251
4375,3,1,0.709126889705658
4376,7,0,0.3471689224243164
4377,4,1,0.27655458450317383
4378,1,1,0.3161289691925049
4379,1,1,0.7607765197753906
4380,9,1,0.16479894518852234
4381,7,0,0.40325313806533813
4382,7,0,0.2466016709804535
4383,4,1,0.426735520362854
4384,6,1,0.4708895683288574
4385,8,1,0.44833844900131226
4386,6,1,0.48069846630096436
4387,0,1,0.40094107389450073
4388,2,1,0.47410809993743896
4389,8,1,0.24624474346637726
4390,5,1,0.2008189707994461
4391,3,1,0.21265962719917297
4392,5,1,0.45861876010894775
4393,3,1,0.4128420948982239
4394,5,1,0.28067609667778015
4395,7,0,0.177263081073761
4396,9,1,0.25553828477859497
4397,8,1,0.2138018012046814
4398,4,1,0.5859683752059937
4399,4,1,0.25843173265457153
4400,3,1,0.27846860885620117
4401,1,1,0.404448926448822
4402,4,1,0.1163388341665268
4403,8,1,0.2860105037689209
4404,3,1,0.3222529888153076
4405,6,1,0.6273910999298096
4406,5,1,0.2745356559753418
4407,3,1,0.2855898141860962
4408,0,1,0.4435940384864807
4409,8,1,0.27261003851890564
4410,9,1,0.3209666907787323
4411,5,1,0.3383904695510864
4412,7,0,0.30154111981391907
4413,6,1,0.542216420173645
4414,2,1,0.3847474753856659
4415,0,1,0.2836599349975586
4416,4,1,0.4256489872932434
4417,9,1,0.3887151777744293
4418,9,1,0.5759003162384033
4419,0,1,0.8419275879859924
4420,5,1,0.21703290939331055
4421,2,1,0.27814987301826477
4422,3,1,0.2461695373058319
4423,6,1,0.35741937160491943
4424,1,1,0.3998109996318817
4425,1,1,0.41708871722221375
4426,0,1,0.7798638939857483
4427,2,1,0.5585938692092896
4428,8,1,0.24997037649154663
4429,2,1,0.2613432705402374
4430,1,1,0.23012326657772064
4431,1,1,0.18625801801681519
4432,7,0,0.26202523708343506
4433,5,1,0.3379055857658386
4434,2,1,1.3572475910186768
4435,3,1,0.279910683631897
4436,4,1,0.30355942249298096
4437,1,1,0.34595775604248047
4438,2,1,0.33054888248443604
4439,9,1,0.2860262393951416
4440,2,1,0.5111027956008911
4441,1,1,0.3888724148273468
4442,3,1,0.30047857761383057
4443,4,1,0.25787463784217834
4444,8,1,0.4072897434234619
4445,9,1,0.38077181577682495
4446,0,1,0.27828070521354675
4447,0,1,0.19042353332042694
4448,4,1,0.25389769673347473
4449,9,1,0.25135427713394165
4450,0,1,0.845841646194458
4451,2,1,0.32302889227867126
4452,2,1,0.3497505187988281
4453,0,1,0.25334590673446655
4454,6,1,0.6214092969894409
4455,8,1,0.2538022994995117
4456,7,0,0.19550737738609314
4457,3,1,0.21136648952960968
4458,3,1,0.49564260244369507
4459,8,1,0.3198060393333435
4460,9,1,0.24047505855560303
4461,0,1,0.544429361820221
4462,2,1,0.28720659017562866
4463,5,1,0.26503318548202515
4464,3,1,0.4312080144882202
4465,6,1,0.27808037400245667
4466,1,1,0.29108402132987976
4467,3,1,0.1976618766784668
4468,9,1,0.32745105028152466
4469,5,1,0.24264740943908691
4470,0,1,0.3252682387828827
4471,5,1,0.41651856899261475
4472,4,1,0.31435853242874146
4473,4,1,0.18493275344371796
4474,0,1,0.3492482602596283
4475,1,1,0.5437384843826294
4476,1,1,0.1859879344701767
4477,6,1,0.3149557113647461
4478,1,1,0.33454397320747375
4479,7,0,0.21072737872600555
4480,9,1,0.3492427468299866
4481,9,1,0.40895694494247437
4482,6,1,0.4676639437675476
4483,2,1,0.3199479877948761
4484,4,1,0.25723665952682495
4485,3,1,0.28481924533843994
4486,8,1,0.3002549707889557
4487,3,1,0.351459801197052
4488,4,1,0.6047354936599731
4489,7,0,0.39125925302505493
4490,0,1,0.3977363705635071
4491,2,1,0.588855504989624
4492,8,1,0.33929547667503357
4493,4,1,0.25205790996551514
4494,8,1,0.1687544286251068
4495,3,1,0.23610177636146545
4496,8,1,0.33100998401641846
4497,8,1,0.22591304779052734
4498,8,1,0.3012377619743347
4499,3,1,0.5285241603851318
4500,3,1,0.21555396914482117
4501,5,1,0.3048619329929352
4502,7,0,0.26800042390823364
4503,7,0,0.3078126907348633
4504,0,1,2.4460275173187256
4505,4,1,0.22183603048324585
4506,1,1,0.3396604061126709
4507,5,1,0.39068603515625
4508,9,1,0.23003198206424713
4509,7,0,0.3715042173862457
4510,0,1,0.6147751808166504
4511,6,1,0.22943145036697388
4512,8,1,1.5177042484283447
4513,4,1,0.25457635521888733
4514,9,1,0.23777346312999725
4515,0,1,0.43955934047698975
4516,1,1,0.3495362401008606
4517,8,1,0.2817555367946625
4518,9,1,0.41740620136260986
4519,6,1,0.48760250210762024
4520,3,1,0.19675253331661224
4521,9,1,0.17875529825687408
4522,2,1,0.5488877296447754
4523,4,1,0.2911875545978546
4524,4,1,0.5935379266738892
4525,0,1,0.5454698801040649
4526,3,1,0.24692167341709137
4527,3,1,0.347831130027771
4528,5,1,0.46782612800598145
4529,4,1,0.2512122392654419
4530,5,1,0.9813694953918457
4531,1,1,0.5464621186256409
4532,1,1,0.3827149271965027
4533,8,1,0.12722575664520264
4534,2,1,0.2822883129119873
4535,2,1,0.8899563550949097
4536,9,1,0.22514048218727112
4537,3,1,0.35076820850372314
4538,7,0,0.13997946679592133
4539,8,1,0.320882648229599
4540,9,1,0.19670215249061584
4541,2,1,0.41334545612335205
4542,3,1,0.4692647457122803
4543,1,1,0.31169289350509644
4544,7,0,0.4045681953430176
4545,3,1,0.6997584104537964
4546,2,1,17.15330696105957
4547,3,1,0.32349568605422974
4548,0,1,0.46624794602394104
4549,1,1,0.4597508907318115
4550,9,1,1.421614646911621
4551,5,1,0.26584696769714355
4552,5,1,0.23497021198272705
4553,3,1,0.277152419090271
4554,4,1,0.43415015935897827
4555,5,1,0.3506195843219757
4556,2,1,0.19898951053619385
4557,0,1,0.4022444486618042
4558,0,1,1.5881690979003906
4559,3,1,0.4573260545730591
4560,1,1,0.41115760803222656
4561,3,1,0.25886932015419006
4562,4,1,0.3191402852535248
4563,7,0,0.20303115248680115
4564,4,1,0.3275189995765686
4565,2,1,0.2224498838186264
4566,8,1,0.8234175443649292
4567,4,1,0.291195809841156
4568,8,1,0.24464121460914612
4569,9,1,0.38477960228919983
4570,9,1,0.5031031966209412
4571,4,1,0.3525288701057434
4572,2,1,0.3948814272880554
4573,4,1,0.19962619245052338
4574,3,1,0.4128788113594055
4575,6,1,0.7342997193336487
4576,4,1,0.24571484327316284
4577,6,1,0.41174134612083435
4578,4,1,0.20708811283111572
4579,6,1,0.2345336526632309
4580,6,1,0.23835879564285278
4581,3,1,0.28473564982414246
4582,8,1,0.28778505325317383
4583,7,0,0.2002892941236496
4584,4,1,0.3676033914089203
4585,8,1,0.8114255666732788
4586,0,1,0.32201242446899414
4587,5,1,0.5136420130729675
4588,9,1,0.21268290281295776
4589,3,1,0.15236711502075195
4590,9,1,0.7000043988227844
4591,0,1,0.5200245976448059
4592,7,0,0.2686487138271332
4593,5,1,0.2096295952796936
4594,1,1,0.42476364970207214
4595,9,1,0.35107117891311646
4596,7,0,0.4846464693546295
4597,9,1,0.5066640377044678
4598,1,1,0.2835932970046997
4599,8,1,0.23266828060150146
4600,4,1,0.34193140268325806
4601,2,1,0.42770665884017944
4602,1,1,0.23858793079853058
4603,6,1,0.5279197096824646
4604,4,1,0.20135506987571716
4605,3,1,0.15403497219085693
4606,0,1,0.333135724067688
4607,1,1,0.6542460322380066
4608,4,1,0.4432828724384308
4609,8,1,0.1952926516532898
4610,6,1,0.31521257758140564
4611,1,1,0.5246367454528809
4612,7,0,0.23259687423706055
4613,1,1,0.33484214544296265
4614,3,1,0.5568565130233765
4615,5,1,0.3787401020526886
4616,4,1,0.5882737636566162
4617,3,1,0.2478255182504654
4618,3,1,0.4057886600494385
4619,9,1,0.28063371777534485
4620,7,0,0.2704704701900482
4621,8,1,0.26420754194259644
4622,2,1,0.422853022813797
4623,5,1,0.3108396530151367
4624,5,1,0.3373911678791046
4625,4,1,0.49971792101860046
4626,5,1,0.29393449425697327
4627,4,1,0.3719866871833801
4628,5,1,0.3340444564819336
4629,7,0,0.28578537702560425
4630,2,1,0.5727568864822388
4631,5,1,0.2972932457923889
4632,5,1,0.29476267099380493
4633,1,1,0.39599576592445374
4634,7,0,0.28704458475112915
4635,7,0,0.30430859327316284
4636,8,1,0.4425574541091919
4637,3,1,0.2457275390625
4638,6,1,0.30014121532440186
4639,0,1,0.4601554572582245
4640,2,1,0.2978285253047943
4641,5,1,0.31488463282585144
4642,2,1,0.4302554130554199
4643,3,1,0.2905775308609009
4644,7,0,0.3434046506881714
4645,4,1,0.30786728858947754
4646,2,1,0.44424861669540405
4647,1,1,0.48555219173431396
4648,6,1,0.4534512758255005
4649,8,1,0.2944830656051636
4650,6,1,0.20780646800994873
4651,8,1,0.21755889058113098
4652,3,1,0.150619238615036
4653,2,1,0.2185426652431488
4654,7,0,0.1960972547531128
4655,7,0,0.20698678493499756
4656,9,1,0.38218289613723755
4657,7,0,0.283821165561676
4658,1,1,0.322055846452713
4659,4,1,0.507636547088623
4660,7,0,0.4273856282234192
4661,4,1,0.33206045627593994
4662,6,1,0.31271079182624817
4663,1,1,0.5656598210334778
4664,7,0,0.2252913862466812
4665,3,1,0.2576107382774353
4666,0,1,0.252127081155777
4667,0,1,0.6784149408340454
4668,6,1,0.370034784078598
4669,6,1,0.3253796100616455
4670,8,1,0.5855823159217834
4671,6,1,0.30530160665512085
4672,6,1,0.4788636863231659
4673,0,1,0.4205244779586792
4674,3,1,0.2273804247379303
4675,4,1,0.51592618227005
4676,7,0,0.22751933336257935
4677,4,1,0.25850290060043335
4678,9,1,0.20067986845970154
4679,4,1,0.6148624420166016
4680,9,1,0.29741182923316956
4681,9,1,0.45268306136131287
4682,3,1,0.304607093334198
4683,4,1,0.18717405200004578
4684,1,1,0.25121384859085083
4685,4,1,0.3902015686035156
4686,0,1,0.11911214143037796
4687,3,1,0.3353693187236786
4688,7,0,0.43765875697135925
4689,1,1,0.4917967915534973
4690,2,1,0.2870890498161316
4691,2,1,1.630234956741333
4692,8,1,0.41156017780303955
4693,4,1,0.32554325461387634
4694,7,0,0.32540762424468994
4695,8,1,0.3671097755432129
4696,5,1,0.3965987265110016
4697,5,1,0.38509514927864075
4698,6,1,0.3699759244918823
4699,5,1,0.39592841267585754
4700,6,1,0.5897729396820068
4701,0,1,0.41383472084999084
4702,6,1,0.4893089234828949
4703,4,1,0.4694557785987854
4704,9,1,0.37777018547058105
4705,3,1,0.4175805151462555
4706,2,1,0.29445093870162964
4707,7,0,0.20158937573432922
4708,3,1,0.2459140419960022
4709,8,1,0.25559550523757935
4710,3,1,0.4229567050933838
4711,9,1,0.40431949496269226
4712,4,1,0.26728296279907227
4713,1,1,0.28400152921676636
4714,6,1,0.2934824824333191
4715,9,1,0.31486961245536804
4716,9,1,0.22157815098762512
4717,4,1,0.5174448490142822
4718,3,1,0.5381355285644531
4719,9,1,0.2821049690246582
4720,8,1,0.3802497088909149
4721,1,1,0.4385683536529541
4722,6,1,0.2913478910923004
4723,9,1,0.13247725367546082
4724,5,1,0.35886693000793457
4725,9,1,0.25311335921287537
4726,0,1,0.3701673746109009
4727,9,1,0.16756561398506165
4728,7,0,0.2344827651977539
4729,2,1,0.2945307493209839
4730,2,1,0.46943914890289307
4731,4,1,0.6460981369018555
4732,2,1,0.5994470715522766
4733,6,1,0.2907158136367798
4734,4,1,0.42118802666664124
4735,8,1,0.2984256148338318
4736,1,1,0.42876607179641724
4737,9,1,0.1836148500442505
4738,5,1,0.4728645086288452
4739,6,1,0.318676233291626
4740,5,1,0.28031134605407715
4741,1,1,0.3562423586845398
4742,8,1,0.2958284616470337
4743,6,1,0.4690406322479248
4744,6,1,0.7897058725357056
4745,7,0,0.3603054881095886
4746,6,1,0.4695526361465454
4747,5,1,0.16227471828460693
4748,0,1,0.4389965236186981
4749,2,1,0.3893972635269165
4750,7,0,0.3462613523006439
4751,6,1,0.32823166251182556
4752,1,1,0.39269042015075684
4753,2,1,0.2357887476682663
4754,3,1,0.23667094111442566
4755,1,1,0.282652348279953
4756,6,1,0.39431360363960266
4757,4,1,0.3831396698951721
4758,9,1,0.4487511217594147
4759,0,1,0.3886895179748535
4760,3,1,0.4586435854434967
4761,9,1,0.303744375705719
4762,1,1,0.3357926905155182
4763,0,1,0.5305688381195068
4764,5,1,0.27418622374534607
4765,3,1,0.42395299673080444
4766,1,1,0.2759760022163391
4767,6,1,0.19991354644298553
4768,9,1,0.3403852880001068
4769,8,1,0.15555056929588318
4770,9,1,0.3875328004360199
4771,0,1,0.28820329904556274
4772,6,1,0.587074875831604
4773,1,1,0.4685313105583191
4774,6,1,0.3636438250541687
4775,2,1,0.26905548572540283
4776,3,1,0.20188744366168976
4777,5,1,0.4826146960258484
4778,6,1,0.35544469952583313
4779,9,1,0.313964307308197
4780,0,1,0.32639145851135254
4781,7,0,0.14689770340919495
4782,2,1,0.39069807529449463
4783,4,1,0.41642922163009644
4784,0,1,0.6961725950241089
4785,3,1,0.25957587361335754
4786,6,1,0.43598654866218567
4787,8,1,0.2780991792678833
4788,6,1,0.33985355496406555
4789,9,1,0.4492778182029724
4790,1,1,0.36396875977516174
4791,9,1,0.11248810589313507
4792,0,1,0.11159707605838776
4793,6,1,0.2512819766998291
4794,4,1,0.30337992310523987
4795,5,1,0.41159588098526
4796,9,1,0.20147621631622314
4797,5,1,0.4148508310317993
4798,4,1,0.1234777420759201
4799,1,1,0.5103687644004822
4800,9,1,0.2738075256347656
4801,2,1,0.16521063446998596
4802,0,1,0.27375584840774536
4803,7,0,0.2824905514717102
4804,3,1,0.3453822135925293
4805,5,1,0.266323983669281
4806,1,1,0.3722273111343384
4807,8,1,0.18653713166713715
4808,3,1,0.2798115015029907
4809,0,1,0.12830345332622528
4810,5,1,0.3297763466835022
4811,2,1,0.6368870139122009
4812,8,1,0.24582979083061218
4813,8,1,0.2370675802230835
4814,3,1,0.8094271421432495
4815,9,1,0.1797836422920227
4816,6,1,0.33677804470062256
4817,0,1,0.43905383348464966
4818,3,1,0.2616421580314636
4819,5,1,0.23783230781555176
4820,3,1,0.30799785256385803
4821,4,1,0.21236783266067505
4822,1,1,0.25282934308052063
4823,5,1,0.28129178285598755
4824,0,1,0.32689476013183594
4825,7,0,0.45378732681274414
4826,3,1,0.3664030134677887
4827,9,1,0.14451560378074646
4828,4,1,0.3503338694572449
4829,5,1,0.15558552742004395
4830,3,1,0.2324705719947815
4831,1,1,0.25093695521354675
4832,4,1,0.2792658805847168
4833,2,1,0.6146934032440186
4834,4,1,0.45928293466567993
4835,9,1,0.4045100510120392
4836,9,1,0.5952131748199463
4837,7,0,0.41451215744018555
4838,1,1,0.4544053375720978
4839,7,0,0.26250600814819336
4840,0,1,0.3656633794307709
4841,1,1,0.31713706254959106
4842,2,1,0.5089545249938965
4843,1,1,0.4369617700576782
4844,5,1,0.2554178237915039
4845,3,1,0.473993718624115
4846,8,1,0.32996678352355957
4847,4,1,0.3444885313510895
4848,1,1,0.6045299768447876
4849,5,1,0.5020894408226013
4850,1,1,0.3526361584663391
4851,9,1,0.19362126290798187
4852,9,1,0.24867643415927887
4853,7,0,0.39338254928588867
4854,0,1,0.4571220278739929
4855,1,1,0.3328254520893097
4856,7,0,0.39371591806411743
4857,6,1,0.2869747281074524
4858,2,1,0.28783291578292847
4859,6,1,0.3891229033470154
4860,5,1,0.37407273054122925
4861,0,1,0.2903878092765808
4862,3,1,0.6730749011039734
4863,1,1,0.3806937336921692
4864,3,1,0.43216192722320557
4865,8,1,0.27416080236434937
4866,9,1,0.4538114666938782
4867,9,1,0.5084106922149658
4868,0,1,0.85465008020401
4869,8,1,0.19402869045734406
4870,8,1,0.310977578163147
4871,7,0,0.3706403374671936
4872,9,1,0.3737858235836029
4873,2,1,0.5362005233764648
4874,9,1,0.2761613130569458
4875,1,1,0.4839646816253662
4876,3,1,0.3862162232398987
4877,6,1,0.32669293880462646
4878,7,0,0.19280147552490234
4879,6,1,0.27263230085372925
4880,0,1,0.48133590817451477
4881,8,1,0.264018714427948
4882,6,1,0.4549659788608551
4883,2,1,0.7040079832077026
4884,4,1,0.3903622627258301
4885,2,1,0.42584073543548584
4886,3,1,0.2687840163707733
4887,5,1,0.24808168411254883
4888,5,1,0.39182308316230774
4889,4,1,0.30498504638671875
4890,1,1,0.5387074947357178
4891,6,1,0.31438690423965454
4892,7,0,0.23963379859924316
4893,1,1,0.448542058467865
4894,6,1,0.3000788390636444
4895,1,1,0.47273993492126465
4896,7,0,0.4107983112335205
4897,1,1,0.2951648235321045
4898,6,1,0.26268452405929565
4899,2,1,0.9591608643531799
4900,3,1,0.21739190816879272
4901,0,1,0.35053884983062744
4902,4,1,0.14204341173171997
4903,2,1,0.8649348020553589
4904,9,1,0.3113228380680084
4905,7,0,0.15613576769828796
4906,5,1,0.43302151560783386
4907,5,1,0.311610609292984
4908,6,1,0.6153354048728943
4909,0,1,0.4281957745552063
4910,8,1,0.35755038261413574
4911,8,1,0.38190901279449463
4912,1,1,0.26568877696990967
4913,1,1,0.3795083165168762
4914,3,1,0.39051246643066406
4915,5,1,0.2727888226509094
4916,6,1,0.42998772859573364
4917,5,1,0.5027333498001099
4918,3,1,0.1745034158229828
4919,8,1,0.3298673629760742
4920,7,0,0.36957496404647827
4921,5,1,0.24009692668914795
4922,0,1,0.2960579991340637
4923,7,0,0.45667991042137146
4924,7,0,0.5758802890777588
4925,5,1,0.597919225692749
4926,7,0,0.3748498558998108
4927,1,1,0.44503775238990784
4928,9,1,0.31454169750213623
4929,9,1,0.3015459179878235
4930,1,1,0.298491895198822
4931,9,1,0.22779352962970734
4932,9,1,0.332023948431015
4933,3,1,0.2446908801794052
4934,5,1,0.4352531433105469
4935,5,1,0.24675552546977997
4936,3,1,0.1911730170249939
4937,0,1,0.38516145944595337
4938,3,1,0.16573716700077057
4939,0,1,0.40895554423332214
4940,6,1,0.3822314739227295
4941,6,1,0.2897615432739258
4942,5,1,0.20279544591903687
4943,6,1,0.4864879250526428
4944,8,1,0.5927291512489319
4945,9,1,0.3654974699020386
4946,4,1,0.4695974290370941
4947,5,1,0.36520370841026306
4948,1,1,0.5541830658912659
4949,1,1,0.30602729320526123
4950,2,1,0.4112592041492462
4951,7,0,0.3659878075122833
4952,9,1,0.769855797290802
4953,0,1,0.17381906509399414
4954,1,1,0.4785679280757904
4955,2,1,0.44252368807792664
4956,5,1,0.18554601073265076
4957,4,1,0.4760522246360779
4958,4,1,0.48844483494758606
4959,7,0,0.2478519082069397
4960,4,1,0.5305318832397461
4961,8,1,0.13782934844493866
4962,3,1,0.5647168755531311
4963,3,1,0.3524482846260071
4964,5,1,0.4506121277809143
4965,3,1,0.38578176498413086
4966,5,1,0.24628084897994995
4967,7,0,0.23446190357208252
4968,0,1,0.9712720513343811
4969,1,1,0.5118815898895264
4970,2,1,0.4392171800136566
4971,9,1,0.38293975591659546
4972,8,1,0.30106621980667114
4973,1,1,0.4267873764038086
4974,7,0,0.29820165038108826
4975,3,1,0.3688156306743622
4976,5,1,0.1726331114768982
4977,9,1,0.23440298438072205
4978,1,1,0.3106159567832947
4979,9,1,0.2787173092365265
4980,1,1,0.2544593811035156
4981,1,1,0.6069539785385132
4982,3,1,0.36432820558547974
4983,6,1,0.37406104803085327
4984,7,0,0.2769855260848999
4985,4,1,0.27700117230415344
4986,8,1,0.3534330725669861
4987,3,1,0.28457367420196533
4988,5,1,0.4263368248939514
4989,6,1,0.4973266124725342
4990,7,0,0.42652758955955505
4991,0,1,0.47600072622299194
4992,1,1,0.43816083669662476
4993,7,0,0.1504749059677124
4994,7,0,0.3509049117565155
4995,2,1,0.2914940118789673
4996,3,1,0.25569969415664673
4997,3,1,0.19238042831420898
4998,5,1,0.24309974908828735
4999,1,1,1.0205632448196411
5000,7,0,0.2662620544433594
5001,6,1,0.5245763063430786
5002,8,1,0.3041374683380127
5003,4,1,0.27789631485939026
5004,4,1,0.3764050006866455
5005,5,1,0.2852833867073059
5006,7,0,0.22347202897071838
5007,3,1,0.26320880651474
5008,4,1,0.1893480271100998
5009,7,0,0.2733234763145447
5010,7,0,0.5017393827438354
5011,3,1,0.2989574074745178
5012,6,1,0.26056748628616333
5013,0,1,0.5402778387069702
5014,7,0,0.22860261797904968
5015,2,1,0.4862098693847656
5016,6,1,0.2639388144016266
5017,7,0,0.20922498404979706
5018,4,1,0.274586945772171
5019,1,1,0.6935290098190308
5020,8,1,0.41704779863357544
5021,0,1,0.5450394749641418
5022,2,1,0.2527121305465698
5023,2,1,0.31826168298721313
5024,1,1,0.34114113450050354
5025,5,1,0.25552600622177124
5026,4,1,0.2208501100540161
5027,0,1,0.23331612348556519
5028,9,1,0.6755921840667725
5029,3,1,0.4133297801017761
5030,4,1,0.3006681799888611
5031,4,1,0.14977404475212097
5032,2,1,0.4244084060192108
5033,3,1,0.40913960337638855
5034,8,1,0.20919771492481232
5035,5,1,0.3119167983531952
5036,0,1,0.3656957149505615
5037,0,1,0.25456783175468445
5038,4,1,0.4461413323879242
5039,6,1,0.414429247379303
5040,3,1,0.22963345050811768
5041,9,1,0.5054516196250916
5042,2,1,0.3397004008293152
5043,0,1,0.2565838694572449
5044,5,1,0.27328264713287354
5045,7,0,0.3872486650943756
5046,5,1,0.7345401644706726
5047,5,1,0.2497619092464447
5048,1,1,0.3301469683647156
5049,7,0,0.3389476537704468
5050,3,1,0.29897069931030273
5051,1,1,0.4796631336212158
5052,6,1,0.5662930011749268
5053,7,0,0.29324841499328613
5054,9,1,0.25017884373664856
5055,0,1,0.5894066095352173
5056,1,1,0.3114185333251953
5057,2,1,0.33613690733909607
5058,1,1,0.29787135124206543
5059,4,1,0.20461763441562653
5060,6,1,0.5488148927688599
5061,1,1,0.3706682324409485
5062,5,1,0.47409093379974365
5063,9,1,0.25256115198135376
5064,5,1,0.157007098197937
5065,0,1,0.3604589104652405
5066,4,1,0.3607335090637207
5067,9,1,0.3865209221839905
5068,4,1,0.32491493225097656
5069,9,1,0.16760534048080444
5070,7,0,0.30108603835105896
5071,1,1,0.6437397003173828
5072,6,1,0.2554034888744354
5073,8,1,0.6252931356430054
5074,0,1,0.4579431414604187
5075,6,1,0.5973479747772217
5076,5,1,0.4554624557495117
5077,0,1,0.29855191707611084
5078,8,1,0.4009358882904053
5079,1,1,0.40675872564315796
5080,7,0,0.18060587346553802
5081,5,1,0.27104830741882324
5082,6,1,0.18922144174575806
5083,9,1,0.3261880874633789
5084,3,1,0.19818705320358276
5085,2,1,0.8972206711769104
5086,3,1,0.18942278623580933
5087,9,1,0.2824589014053345
5088,8,1,0.20022574067115784
5089,6,1,0.2078288197517395
5090,1,1,0.31375178694725037
5091,0,1,0.21458080410957336
5092,9,1,0.3301098942756653
5093,0,1,0.42959168553352356
5094,9,1,0.3686310052871704
5095,8,1,0.6167827844619751
5096,7,0,0.3628110885620117
5097,7,0,0.19938620924949646
5098,5,1,0.3038215935230255
5099,2,1,0.4718400239944458
5100,3,1,0.25804269313812256
5101,5,1,0.2610069215297699
5102,5,1,0.30238062143325806
5103,7,0,0.16459092497825623
5104,8,1,0.12163959443569183
5105,7,0,0.25023359060287476
5106,6,1,0.1756683886051178
5107,9,1,0.4385960102081299
5108,1,1,0.3750933110713959
5109,9,1,0.6356029510498047
5110,8,1,0.25282716751098633
5111,6,1,0.2783569395542145
5112,5,1,0.25642794370651245
5113,6,1,0.46167802810668945
5114,7,0,0.24525564908981323
5115,5,1,0.25523048639297485
5116,6,1,0.33288344740867615
5117,7,0,0.2737773358821869
5118,2,1,0.7858754396438599
5119,5,1,0.4624202847480774
5120,9,1,0.28733932971954346
5121,6,1,0.5071403980255127
5122,6,1,0.2806982398033142
5123,7,0,0.3909200429916382
5124,0,1,0.42561429738998413
5125,1,1,0.2762775421142578
5126,0,1,0.3992987871170044
5127,1,1,0.42890071868896484
5128,3,1,0.5331422686576843
5129,2,1,0.3441479206085205
5130,5,1,0.17019829154014587
5131,6,1,0.4804079830646515
5132,1,1,0.32622623443603516
5133,2,1,0.38175296783447266
5134,5,1,0.351074755191803
5135,1,1,0.3440791964530945
5136,9,1,0.220412015914917
5137,9,1,0.24968738853931427
5138,8,1,0.10241641849279404
5139,6,1,0.23213264346122742
5140,8,1,0.3521884083747864
5141,6,1,0.26981431245803833
5142,8,1,0.15094290673732758
5143,9,1,0.13599783182144165
5144,0,1,0.3237374722957611
5145,4,1,0.3695317804813385
5146,0,1,0.49614283442497253
5147,3,1,0.5219607353210449
5148,3,1,0.32397112250328064
5149,6,1,0.5673861503601074
5150,4,1,0.3479665517807007
5151,9,1,0.32332688570022583
5152,9,1,0.28943151235580444
5153,7,0,0.3762929439544678
5154,2,1,0.6467236280441284
5155,3,1,0.2600278854370117
5156,5,1,0.25412487983703613
5157,6,1,0.3959844410419464
5158,4,1,0.1920624077320099
5159,6,1,0.507638692855835
5160,0,1,0.1825205683708191
5161,3,1,0.2451545000076294
5162,7,0,0.28060346841812134
5163,5,1,0.6828935146331787
5164,0,1,0.28032082319259644
5165,2,1,0.6753646731376648
5166,9,1,0.21375411748886108
5167,2,1,0.3088356554508209
5168,7,0,0.4189269244670868
5169,2,1,0.1952311396598816
5170,9,1,0.3393520712852478
5171,2,1,0.2161436527967453
5172,4,1,0.2335137277841568
5173,0,1,0.4910808801651001
5174,6,1,0.6957929730415344
5175,6,1,0.4009113013744354
5176,3,1,0.23472923040390015
5177,4,1,0.31253695487976074
5178,5,1,0.28242528438568115
5179,5,1,0.2718774378299713
5180,9,1,0.3403031527996063
5181,1,1,0.22506330907344818
5182,1,1,0.34403112530708313
5183,4,1,0.5260636806488037
5184,4,1,0.2355736941099167
5185,3,1,0.29348695278167725
5186,5,1,0.5328636169433594
5187,4,1,0.2959737777709961
5188,8,1,0.4246048331260681
5189,0,1,0.42538753151893616
5190,0,1,0.5933924317359924
5191,3,1,0.5143364071846008
5192,9,1,0.4514172673225403
5193,4,1,0.2925545573234558
5194,7,0,0.23659002780914307
5195,4,1,0.27180713415145874
5196,2,1,0.5186737775802612
5197,8,1,0.23734231293201447
5198,3,1,0.3743405044078827
5199,6,1,0.19196860492229462
5200,3,1,0.2236427366733551
5201,1,1,0.18003317713737488
5202,9,1,0.20927686989307404
5203,6,1,0.5196055173873901
5204,3,1,0.20492401719093323
5205,8,1,0.3114969730377197
5206,3,1,0.23648810386657715
5207,8,1,0.17540064454078674
5208,4,1,0.38357532024383545
5209,7,0,0.21647751331329346
5210,5,1,0.3832186162471771
5211,7,0,0.2157871276140213
5212,5,1,0.3301108181476593
5213,3,1,0.2607962191104889
5214,1,1,0.40533894300460815
5215,2,1,0.19802846014499664
5216,6,1,0.2117006480693817
5217,1,1,0.46235591173171997
5218,3,1,0.3838098645210266
5219,2,1,0.4075532555580139
5220,0,1,1.1959354877471924
5221,7,0,0.4203028082847595
5222,5,1,0.291799932718277
5223,0,1,0.5837392210960388
5224,0,1,0.25962895154953003
5225,0,1,0.6169965267181396
5226,1,1,0.4065788984298706
5227,4,1,0.5345586538314819
5228,3,1,0.3235110342502594
5229,5,1,0.46041998267173767
5230,8,1,0.22111856937408447
5231,4,1,0.24100738763809204
5232,3,1,0.38452690839767456
5233,1,1,0.35731565952301025
5234,7,0,0.2611841857433319
5235,1,1,0.40409427881240845
5236,0,1,0.4418981075286865
5237,4,1,0.2773303687572479
5238,2,1,0.28857743740081787
5239,4,1,0.3927398920059204
5240,1,1,0.3619288206100464
5241,4,1,0.3495045006275177
5242,0,1,0.2515334486961365
5243,1,1,0.3856695592403412
5244,2,1,0.15382182598114014
5245,1,1,0.4637989103794098
5246,7,0,0.29447105526924133
5247,7,0,0.22838540375232697
5248,9,1,0.18238556385040283
5249,8,1,0.3876693844795227
5250,7,0,0.3817770183086395
5251,5,1,0.33554962277412415
5252,4,1,0.4032467007637024
5253,0,1,0.24163277447223663
5254,9,1,0.19324882328510284
5255,0,1,1.0593163967132568
5256,0,1,0.2638639509677887
5257,8,1,0.394334077835083
5258,2,1,0.30448007583618164
5259,0,1,0.23132839798927307
5260,0,1,0.3323134183883667
5261,2,1,0.21624411642551422
5262,4,1,0.20882520079612732
5263,8,1,0.16469039022922516
5264,6,1,0.2849188446998596
5265,2,1,0.7390286922454834
5266,4,1,0.3712179958820343
5267,6,1,0.295401394367218
5268,3,1,0.22030267119407654
5269,5,1,0.20623928308486938
5270,1,1,0.2843822240829468
5271,5,1,0.2026662975549698
5272,3,1,0.6113988757133484
5273,7,0,0.24566428363323212
5274,2,1,0.44852325320243835
5275,2,1,0.3084476590156555
5276,9,1,0.27756834030151367
5277,8,1,0.31238335371017456
5278,0,1,0.18084146082401276
5279,0,1,0.3662126064300537
5280,0,1,0.2331370860338211
5281,3,1,0.2795504927635193
5282,4,1,0.49017709493637085
5283,4,1,0.2628195881843567
5284,6,1,0.12433011084794998
5285,1,1,0.3824223279953003
5286,6,1,0.3758971691131592
5287,7,0,0.45779454708099365
5288,4,1,0.17380362749099731
5289,4,1,0.36502575874328613
5290,3,1,0.2241550087928772
5291,9,1,0.3384917378425598
5292,4,1,0.21335196495056152
5293,0,1,0.5154653191566467
5294,8,1,0.31469690799713135
5295,0,1,0.18513408303260803
5296,4,1,0.25232362747192383
5297,6,1,0.44280654191970825
5298,5,1,0.2043723464012146
5299,7,0,0.2513715326786041
5300,9,1,0.4827369749546051
5301,7,0,0.3906528353691101
5302,0,1,0.9197849035263062
5303,5,1,0.3306068778038025
5304,7,0,0.5489193797111511
5305,7,0,0.3424335718154907
5306,3,1,0.17214542627334595
5307,1,1,0.4872194528579712
5308,9,1,0.471352219581604
5309,3,1,0.4244980216026306
5310,0,1,1.3629201650619507
5311,9,1,0.34539368748664856
5312,5,1,0.16933944821357727
5313,3,1,0.31442347168922424
5314,7,0,0.393585205078125
5315,9,1,0.3058420419692993
5316,4,1,0.34914711117744446
5317,4,1,0.22422462701797485
5318,1,1,0.3796759843826294
5319,7,0,0.33137625455856323
5320,7,0,0.19494742155075073
5321,1,1,0.5024487972259521
5322,4,1,0.35732221603393555
5323,1,1,0.41852036118507385
5324,2,1,0.1138983815908432
5325,8,1,0.5241844654083252
5326,7,0,0.16703231632709503
5327,0,1,0.40912824869155884
5328,0,1,0.21620285511016846
5329,4,1,0.47004401683807373
5330,7,0,0.5295758843421936
5331,2,1,0.21966895461082458
5332,9,1,0.2265373170375824
5333,7,0,0.20916436612606049
5334,6,1,0.5524076223373413
5335,9,1,0.3672531843185425
5336,3,1,0.5827186107635498
5337,5,1,0.4428219199180603
5338,8,1,0.3802441954612732
5339,0,1,0.22225043177604675
5340,3,1,0.5394693613052368
5341,6,1,0.3727352023124695
5342,8,1,0.20960181951522827
5343,3,1,0.20493292808532715
5344,2,1,0.4032926857471466
5345,4,1,0.3265247941017151
5346,7,0,0.3391629159450531
5347,1,1,0.40201935172080994
5348,1,1,0.1971685290336609
5349,3,1,0.1814805269241333
5350,9,1,0.2855081558227539
5351,7,0,0.3378683626651764
5352,5,1,0.2736850380897522
5353,1,1,0.2847270965576172
5354,0,1,0.5282574892044067
5355,8,1,0.2319534569978714
5356,7,0,0.1874646246433258
5357,0,1,0.23447714745998383
5358,1,1,0.4722578525543213
5359,6,1,0.44170016050338745
5360,9,1,0.3076621890068054
5361,3,1,0.11148151755332947
5362,2,1,0.3134807050228119
5363,7,0,0.3149959444999695
5364,7,0,0.27571752667427063
5365,8,1,0.4910668134689331
5366,1,1,1.0136077404022217
5367,0,1,0.7258657813072205
5368,3,1,0.2774878442287445
5369,4,1,0.3661339282989502
5370,6,1,0.2641035318374634
5371,7,0,0.2742290496826172
5372,5,1,0.26285743713378906
5373,2,1,0.5505133867263794
5374,0,1,0.5030397176742554
5375,1,1,0.4255015552043915
5376,5,1,0.20961809158325195
5377,5,1,0.24189703166484833
5378,1,1,0.7578918933868408
5379,4,1,0.653569221496582
5380,1,1,0.1937040090560913
5381,3,1,0.23369385302066803
5382,0,1,0.6635044813156128
5383,8,1,0.18844270706176758
5384,6,1,0.29739436507225037
5385,2,1,0.5343528389930725
5386,1,1,0.5467527508735657
5387,3,1,0.46892648935317993
5388,6,1,0.28329768776893616
5389,4,1,0.1959967017173767
5390,1,1,0.34335827827453613
5391,9,1,0.3347475528717041
5392,0,1,0.3202362656593323
5393,4,1,0.44573163986206055
5394,1,1,0.23634245991706848
5395,0,1,0.24824492633342743
5396,1,1,0.18200898170471191
5397,9,1,0.4761250615119934
5398,8,1,0.33320707082748413
5399,6,1,0.37186670303344727
5400,9,1,0.674415111541748
5401,2,1,0.2678634524345398
5402,4,1,0.2555740773677826
5403,7,0,0.4043909013271332
5404,2,1,0.49417629837989807
5405,2,1,0.3652244210243225
5406,7,0,0.32857704162597656
5407,4,1,0.3058088421821594
5408,9,1,0.3716323673725128
5409,1,1,0.4304925799369812
5410,3,1,0.14810606837272644
5411,2,1,0.4466070830821991
5412,6,1,0.33852618932724
5413,3,1,0.3204265832901001
5414,4,1,0.43080589175224304
5415,4,1,0.4145459830760956
5416,9,1,0.3655227720737457
5417,4,1,0.20913520455360413
5418,8,1,0.33405226469039917
5419,2,1,0.38014763593673706
5420,6,1,0.2933802902698517
5421,6,1,0.5627490282058716
5422,1,1,0.5018985867500305
5423,6,1,0.3592138886451721
5424,3,1,0.2902652621269226
5425,6,1,0.25123077630996704
5426,5,1,0.2677994966506958
5427,8,1,0.30036690831184387
5428,4,1,0.2830430865287781
5429,6,1,0.5705076456069946
5430,7,0,0.46634751558303833
5431,1,1,0.2747763991355896
5432,9,1,0.32935231924057007
5433,3,1,0.3024762272834778
5434,6,1,0.365568608045578
5435,7,0,0.6420724391937256
5436,6,1,0.32211101055145264
5437,0,1,1.0325889587402344
5438,7,0,0.25775644183158875
5439,1,1,0.4190821647644043
5440,9,1,0.4600014090538025
5441,5,1,0.2328760325908661
5442,2,1,0.44016748666763306
5443,6,1,0.19442804157733917
5444,7,0,0.39869052171707153
5445,7,0,0.3312670588493347
5446,6,1,0.25921332836151123
5447,5,1,0.359095960855484
5448,9,1,0.22203384339809418
5449,1,1,0.2843061685562134
5450,5,1,0.29068249464035034
5451,6,1,0.454147607088089
5452,0,1,0.14255023002624512
5453,2,1,0.2013826072216034
5454,0,1,0.3888184130191803
5455,9,1,0.41861629486083984
5456,1,1,0.46759936213493347
5457,8,1,0.270417720079422
5458,3,1,0.5298143625259399
5459,5,1,0.3411196172237396
5460,0,1,0.3567628264427185
5461,0,1,0.39563003182411194
5462,0,1,0.3414892256259918
5463,5,1,0.41397953033447266
5464,7,0,0.2119864523410797
5465,7,0,0.2092796415090561
5466,8,1,0.2897756099700928
5467,5,1,0.360115110874176
5468,5,1,0.21923606097698212
5469,5,1,0.5485415458679199
5470,1,1,0.5729154944419861
5471,6,1,0.3494583070278168
5472,1,1,0.1905287206172943
5473,5,1,0.1579550951719284
5474,1,1,0.6904396414756775
5475,0,1,0.331864595413208
5476,6,1,0.29763954877853394
5477,2,1,0.16945184767246246
5478,3,1,0.2896299660205841
5479,2,1,0.9775117635726929
5480,1,1,0.3369041085243225
5481,7,0,0.2824835181236267
5482,5,1,0.24477677047252655
5483,1,1,0.4949900209903717
5484,9,1,0.46287626028060913
5485,8,1,0.2709508538246155
5486,3,1,0.2459041029214859
5487,6,1,0.25859493017196655
5488,9,1,0.23831979930400848
5489,7,0,0.4198698103427887
5490,3,1,0.6051700115203857
5491,0,1,0.32954666018486023
5492,2,1,0.25009357929229736
5493,3,1,0.8091104030609131
5494,9,1,0.2859289050102234
5495,4,1,0.15846508741378784
5496,4,1,0.24608352780342102
5497,3,1,0.5087882280349731
5498,9,1,0.2837040424346924
5499,6,1,0.28385305404663086
5500,8,1,0.3580623269081116
5501,6,1,0.526358962059021
5502,6,1,0.2841586172580719
5503,8,1,0.24045485258102417
5504,5,1,0.43630990386009216
5505,4,1,0.3115198612213135
5506,3,1,0.38182783126831055
5507,6,1,0.24366554617881775
5508,7,0,0.3305765390396118
5509,7,0,0.3436841368675232
5510,4,1,0.2472984790802002
5511,3,1,0.39146074652671814
5512,9,1,0.2926037013530731
5513,6,1,0.18248948454856873
5514,2,1,0.629138708114624
5515,4,1,0.41135990619659424
5516,0,1,0.3609333634376526
5517,1,1,0.35725754499435425
5518,3,1,0.2938087284564972
5519,6,1,0.1899043768644333
5520,4,1,0.26938629150390625
5521,9,1,0.3909517228603363
5522,2,1,0.44398564100265503
5523,6,1,0.4692519009113312
5524,0,1,0.16362586617469788
5525,3,1,0.2827455401420593
5526,8,1,0.32793182134628296
5527,7,0,0.13477358222007751
5528,5,1,0.20336291193962097
5529,3,1,0.535182535648346
5530,3,1,0.369823694229126
5531,8,1,0.2920505404472351
5532,3,1,0.2928417921066284
5533,2,1,0.49984392523765564
5534,6,1,0.38740041851997375
5535,3,1,0.2574308216571808
5536,6,1,0.47838449478149414
5537,2,1,0.5787187814712524
5538,7,0,0.3006623089313507
5539,4,1,0.4649178981781006
5540,5,1,0.46387335658073425
5541,7,0,0.20570406317710876
5542,9,1,0.15295615792274475
5543,0,1,0.37137430906295776
5544,0,1,0.6163724064826965
5545,6,1,0.19692930579185486
5546,7,0,0.3193840980529785
5547,2,1,0.17139849066734314
5548,8,1,0.14409685134887695
5549,5,1,0.45498278737068176
5550,5,1,0.29030841588974
5551,7,0,0.22769716382026672
5552,5,1,0.17199276387691498
5553,5,1,0.18271182477474213
5554,9,1,0.3079475164413452
5555,4,1,0.7681877613067627
5556,6,1,0.365913987159729
5557,4,1,0.4823666214942932
5558,7,0,0.44743964076042175
5559,3,1,0.24904537200927734
5560,3,1,0.2225455641746521
5561,6,1,0.48530492186546326
5562,4,1,0.2549053430557251
5563,1,1,0.37881574034690857
5564,6,1,0.5699062347412109
5565,3,1,0.5502491593360901
5566,1,1,0.18128260970115662
5567,6,1,0.30570924282073975
5568,7,0,0.24930024147033691
5569,0,1,0.4231266975402832
5570,5,1,0.1759239137172699
5571,0,1,0.22500863671302795
5572,1,1,0.4768407940864563
5573,9,1,0.2846646010875702
5574,7,0,0.27072739601135254
5575,3,1,0.21260251104831696
5576,5,1,0.37078145146369934
5577,2,1,0.3788776695728302
5578,3,1,0.34894096851348877
5579,9,1,0.39424917101860046
5580,5,1,0.26556235551834106
5581,6,1,0.2604677081108093
5582,4,1,0.7471009492874146
5583,0,1,1.0863628387451172
5584,0,1,0.6158860921859741
5585,0,1,0.6801244020462036
5586,8,1,0.29976508021354675
5587,0,1,0.15480169653892517
5588,3,1,0.27765172719955444
5589,2,1,0.2034955620765686
5590,4,1,0.2760235071182251
5591,5,1,0.3826161026954651
5592,3,1,0.2382628470659256
5593,7,0,0.14029636979103088
5594,9,1,0.2978720963001251
5595,6,1,0.3965986967086792
5596,9,1,0.13242512941360474
5597,3,1,0.26590240001678467
5598,1,1,0.2696834206581116
5599,2,1,0.3482566475868225
5600,6,1,0.17119288444519043
5601,7,0,0.35359495878219604
5602,4,1,0.7855832576751709
5603,5,1,0.3823219835758209
5604,1,1,0.6551777720451355
5605,3,1,0.30100420117378235
5606,7,0,0.3622492253780365
5607,6,1,0.2087428867816925
5608,9,1,0.4230498671531677
5609,5,1,0.3406342566013336
5610,8,1,0.22784040868282318
5611,5,1,0.5396330952644348
5612,8,1,0.34956222772598267
5613,5,1,0.20097553730010986
5614,8,1,0.2217540144920349
5615,5,1,0.42464321851730347
5616,6,1,0.35946714878082275
5617,5,1,0.19070160388946533
5618,0,1,0.23547470569610596
5619,8,1,0.36079850792884827
5620,3,1,0.3460167348384857
5621,8,1,0.3104056715965271
5622,1,1,0.37720540165901184
5623,8,1,0.399516761302948
5624,1,1,0.3255797028541565
5625,5,1,0.42502152919769287
5626,0,1,0.3615167737007141
5627,9,1,0.5734184980392456
5628,8,1,0.322011262178421
5629,6,1,0.5689548850059509
5630,3,1,0.23241758346557617
5631,6,1,0.4049202799797058
5632,3,1,0.3694988489151001
5633,4,1,0.2614738643169403
5634,4,1,0.3578122556209564
5635,7,0,0.18072792887687683
5636,4,1,0.33073845505714417
5637,7,0,0.46739938855171204
5638,4,1,0.2419670820236206
5639,3,1,0.3378974199295044
5640,2,1,0.22381673753261566
5641,4,1,0.284564733505249
5642,5,1,0.3230137825012207
5643,5,1,0.3298751711845398
5644,7,0,0.16883236169815063
5645,5,1,0.21586832404136658
5646,4,1,0.22523267567157745
5647,5,1,0.5140594244003296
5648,8,1,0.3495616614818573
5649,0,1,0.20759797096252441
5650,5,1,0.2710052728652954
5651,4,1,0.28792357444763184
5652,0,1,0.43802544474601746
5653,5,1,0.35929790139198303
5654,4,1,0.46565815806388855
5655,3,1,0.235840305685997
5656,3,1,0.37503063678741455
5657,2,1,0.2454628050327301
5658,4,1,0.23092591762542725
5659,2,1,0.3593749701976776
5660,9,1,0.4172549247741699
5661,4,1,0.3341332972049713
5662,8,1,0.29216790199279785
5663,8,1,0.5394197106361389
5664,6,1,0.402751088142395
5665,2,1,0.7360461950302124
5666,6,1,0.5128264427185059
5667,1,1,0.40187186002731323
5668,7,0,0.2667592465877533
5669,0,1,0.613449215888977
5670,4,1,0.3349670171737671
5671,3,1,0.4442729353904724
5672,8,1,0.47713541984558105
5673,5,1,0.1728425770998001
5674,9,1,0.20613306760787964
5675,7,0,0.3009214997291565
5676,6,1,0.285159707069397
5677,7,0,0.5160421133041382
5678,1,1,0.3365322947502136
5679,0,1,0.3580385744571686
5680,2,1,0.2604384422302246
5681,3,1,0.413749098777771
5682,5,1,0.3115232586860657
5683,6,1,0.2079772651195526
5684,7,0,0.3585323989391327
5685,1,1,0.3958868384361267
5686,6,1,0.27849099040031433
5687,2,1,0.27125194668769836
5688,8,1,0.3301439881324768
5689,3,1,0.2524844706058502
5690,7,0,0.2805834710597992
5691,2,1,0.46874281764030457
5692,5,1,0.2178499400615692
5693,7,0,0.1671198159456253
5694,5,1,0.17076817154884338
5695,7,0,0.2482471764087677
5696,7,0,0.2886117100715637
5697,1,1,0.37728768587112427
5698,7,0,0.21353459358215332
5699,4,1,0.5305479168891907
5700,3,1,0.2595519721508026
5701,3,1,0.3635011911392212
5702,4,1,0.3138919472694397
5703,0,1,0.4045998454093933
5704,4,1,0.4708324670791626
5705,2,1,0.256712943315506
5706,7,0,0.37579774856567383
5707,0,1,0.4985405504703522
5708,2,1,0.6554436683654785
5709,2,1,0.41504967212677
5710,6,1,0.21270829439163208
5711,6,1,0.24042101204395294
5712,2,1,0.5251842737197876
5713,5,1,0.18519780039787292
5714,2,1,0.4185914397239685
5715,6,1,0.2741078734397888
5716,0,1,3.012568950653076
5717,6,1,0.7971440553665161
5718,1,1,0.3894861936569214
5719,2,1,0.5176095366477966
5720,9,1,0.1751556396484375
5721,0,1,0.3329148590564728
5722,0,1,0.6852072477340698
5723,1,1,0.5798753499984741
5724,5,1,0.33184224367141724
5725,5,1,0.4034882187843323
5726,1,1,0.33150744438171387
5727,6,1,0.3724263906478882
5728,7,0,0.2523176670074463
5729,8,1,0.4976789355278015
5730,5,1,0.19246900081634521
5731,6,1,0.22888827323913574
5732,3,1,0.28724804520606995
5733,3,1,0.32477450370788574
5734,6,1,0.5632892847061157
5735,0,1,0.41153156757354736
5736,9,1,0.3747108578681946
5737,9,1,0.4058394432067871
5738,2,1,0.3543487787246704
5739,2,1,0.4748055636882782
5740,6,1,0.3199130892753601
5741,1,1,0.41340702772140503
5742,4,1,0.30825257301330566
5743,6,1,0.14702177047729492
5744,2,1,0.43591099977493286
5745,5,1,0.293656587600708
5746,7,0,0.2737516164779663
5747,8,1,0.7171787023544312
5748,8,1,0.46410635113716125
5749,5,1,0.23742824792861938
5750,6,1,0.3263970911502838
5751,4,1,0.3358016610145569
5752,3,1,0.27307993173599243
5753,2,1,0.35082006454467773
5754,3,1,0.3751400411128998
5755,4,1,0.4331972002983093
5756,4,1,0.2195143848657608
5757,4,1,0.34586578607559204
5758,8,1,0.68992018699646
5759,9,1,0.36019259691238403
5760,2,1,0.46458083391189575
5761,6,1,0.6893002986907959
5762,0,1,0.22026117146015167
5763,9,1,0.1255883425474167
5764,7,0,0.28109225630760193
5765,9,1,0.23665940761566162
5766,8,1,0.2447822391986847
5767,7,0,0.23436667025089264
5768,7,0,0.25285735726356506
5769,3,1,0.3720833361148834
5770,8,1,0.16085514426231384
5771,2,1,0.32302266359329224
5772,9,1,0.3829154372215271
5773,3,1,0.829004168510437
5774,5,1,0.37528079748153687
5775,7,0,0.403863787651062
5776,5,1,0.18714207410812378
5777,8,1,0.1250627040863037
5778,7,0,0.3327667713165283
5779,3,1,0.2901252806186676
5780,7,0,0.24162718653678894
5781,0,1,0.38136741518974304
5782,7,0,0.3097861409187317
5783,1,1,0.6813570261001587
5784,6,1,0.24670113623142242
5785,2,1,0.7240095734596252
5786,4,1,0.4424932897090912
5787,0,1,0.23878438770771027
5788,0,1,0.6882293820381165
5789,2,1,0.2950962781906128
5790,9,1,0.3353580832481384
5791,8,1,0.29844218492507935
5792,2,1,0.3889722228050232
5793,8,1,0.21532654762268066
5794,7,0,0.3028773069381714
5795,7,0,0.31268176436424255
5796,5,1,0.24103255569934845
5797,5,1,0.21684995293617249
5798,0,1,0.31967106461524963
5799,1,1,0.3373948931694031
5800,2,1,0.3872606158256531
5801,9,1,0.2258356511592865
5802,6,1,0.36099129915237427
5803,1,1,0.3174896240234375
5804,0,1,0.2609446048736572
5805,1,1,0.3875516951084137
5806,0,1,0.1574898511171341
5807,6,1,0.41513460874557495
5808,5,1,0.328868567943573
5809,0,1,0.2721787691116333
5810,5,1,0.3103419542312622
5811,7,0,0.15342463552951813
5812,4,1,0.44896483421325684
5813,4,1,0.22229579091072083
5814,8,1,0.24611961841583252
5815,3,1,0.2847330868244171
5816,5,1,0.26816317439079285
5817,3,1,0.3334488868713379
5818,7,0,0.21385930478572845
5819,2,1,0.19794471561908722
5820,5,1,0.20573069155216217
5821,8,1,0.35564833879470825
5822,3,1,0.30637499690055847
5823,5,1,0.29068753123283386
5824,7,0,0.19765731692314148
5825,3,1,0.2111147940158844
5826,7,0,0.36561015248298645
5827,0,1,0.3264981508255005
5828,5,1,0.21466968953609467
5829,4,1,0.3044384717941284
5830,5,1,0.43398842215538025
5831,6,1,0.46252524852752686
5832,9,1,0.4532034397125244
5833,3,1,0.38041090965270996
5834,5,1,0.3211899995803833
5835,3,1,0.13323695957660675
5836,8,1,0.3611346483230591
5837,2,1,0.3552965521812439
5838,4,1,0.3692494034767151
5839,2,1,0.995715856552124
5840,2,1,0.4508296847343445
5841,6,1,0.16486257314682007
5842,7,0,0.2690783143043518
5843,6,1,0.42866405844688416
5844,0,1,0.17105481028556824
5845,5,1,0.28119850158691406
5846,5,1,0.17192770540714264
5847,8,1,0.3165196180343628
5848,4,1,0.26735830307006836
5849,5,1,0.3135438561439514
5850,6,1,0.4122489094734192
5851,1,1,0.4303186237812042
5852,3,1,0.30757373571395874
5853,5,1,0.19850830733776093
5854,4,1,1.0873688459396362
5855,7,0,0.3563497066497803
5856,3,1,0.3541082739830017
5857,0,1,0.40754908323287964
5858,7,0,0.15851300954818726
5859,2,1,0.4951152205467224
5860,0,1,0.4735470414161682
5861,1,1,0.9184008836746216
5862,2,1,0.330989807844162
5863,4,1,0.4541817307472229
5864,9,1,0.33156120777130127
5865,6,1,0.3519129753112793
5866,4,1,0.2569575011730194
5867,5,1,0.5540215373039246
5868,9,1,0.2052273154258728
5869,7,0,0.38876089453697205
5870,7,0,0.1841198354959488
5871,6,1,0.24735412001609802
5872,7,0,0.18084730207920074
5873,4,1,0.8779987096786499
5874,3,1,0.29539814591407776
5875,1,1,0.2613108456134796
5876,6,1,0.38285964727401733
5877,9,1,0.4362327754497528
5878,4,1,0.48587387800216675
5879,8,1,0.2999270558357239
5880,0,1,0.6037933826446533
5881,3,1,0.5010815858840942
5882,1,1,0.4410911500453949
5883,6,1,0.1949753761291504
5884,4,1,0.4769439697265625
5885,4,1,0.2753649652004242
5886,2,1,0.271245539188385
5887,1,1,0.5122714042663574
5888,4,1,0.4095652401447296
5889,6,1,0.43945521116256714
5890,3,1,0.280886173248291
5891,0,1,0.4346654415130615
5892,8,1,0.418302059173584
5893,9,1,0.24486082792282104
5894,7,0,0.2824416756629944
5895,6,1,0.34913915395736694
5896,8,1,0.32959920167922974
5897,4,1,0.34566161036491394
5898,8,1,0.24528369307518005
5899,1,1,0.4550520181655884
5900,4,1,0.3742164075374603
5901,5,1,0.23359817266464233
5902,9,1,0.1041092574596405
5903,4,1,0.27151793241500854
5904,7,0,0.3274075388908386
5905,1,1,0.41461169719696045
5906,4,1,0.37725532054901123
5907,5,1,0.16647958755493164
5908,3,1,0.1815541684627533
5909,1,1,0.30553755164146423
5910,2,1,0.3064008951187134
5911,6,1,0.441911518573761
5912,4,1,0.6418694853782654
5913,7,0,0.29526010155677795
5914,1,1,0.4314577579498291
5915,5,1,0.21540047228336334
5916,9,1,0.30552154779434204
5917,3,1,0.3929978311061859
5918,1,1,0.31056737899780273
5919,4,1,0.3399791121482849
5920,8,1,0.20018446445465088
5921,7,0,0.26762843132019043
5922,7,0,0.18741115927696228
5923,0,1,0.3216114640235901
5924,4,1,0.28261709213256836
5925,3,1,0.3710063695907593
5926,4,1,0.47522324323654175
5927,6,1,0.566645085811615
5928,7,0,0.28946247696876526
5929,7,0,0.28650251030921936
5930,5,1,0.4833030104637146
5931,4,1,0.2819257974624634
5932,4,1,0.26193949580192566
5933,4,1,0.46542808413505554
5934,3,1,0.39896729588508606
5935,6,1,0.3486088216304779
5936,6,1,0.5751832723617554
5937,1,1,0.4083978533744812
5938,9,1,0.2624286413192749
5939,9,1,0.5154873132705688
5940,7,0,0.3097967505455017
5941,9,1,0.3014947175979614
5942,4,1,0.2817630469799042
5943,3,1,0.2562779486179352
5944,2,1,0.4337223172187805
5945,9,1,0.26093652844429016
5946,8,1,0.4898892045021057
5947,5,1,0.1811918169260025
5948,0,1,0.28330928087234497
5949,6,1,0.4097040593624115
5950,9,1,0.3411110043525696
5951,0,1,0.6655245423316956
5952,9,1,0.2858515679836273
5953,7,0,0.1498003900051117
5954,8,1,0.24286551773548126
5955,5,1,0.543096661567688
5956,4,1,0.1611490249633789
5957,4,1,0.3540281653404236
5958,9,1,0.31319788098335266
5959,4,1,0.4386470317840576
5960,2,1,0.3457567095756531
5961,6,1,0.2805728018283844
5962,6,1,0.2592235505580902
5963,9,1,0.3433604836463928
5964,9,1,0.23712950944900513
5965,7,0,0.309818297624588
5966,9,1,0.46574005484580994
5967,9,1,0.21876642107963562
5968,0,1,0.27555960416793823
5969,5,1,0.14900314807891846
5970,1,1,0.2957001328468323
5971,1,1,0.4888041019439697
5972,8,1,0.13694247603416443
5973,6,1,0.33214136958122253
5974,9,1,0.21867652237415314
5975,9,1,0.11140698194503784
5976,5,1,0.28935307264328003
5977,6,1,0.43820440769195557
5978,5,1,0.3916252851486206
5979,5,1,0.2015186846256256
5980,9,1,0.2553062438964844
5981,7,0,0.2931177020072937
5982,9,1,0.3081609904766083
5983,4,1,0.32598620653152466
5984,5,1,0.29358965158462524
5985,4,1,0.37797197699546814
5986,3,1,0.49383485317230225
5987,3,1,0.2666319012641907
5988,9,1,0.2553703188896179
5989,8,1,0.9662859439849854
5990,8,1,0.8096694946289062
5991,3,1,0.18355968594551086
5992,4,1,0.2983660101890564
5993,8,1,0.3122249245643616
5994,4,1,0.23478783667087555
5995,0,1,0.6213839054107666
5996,4,1,0.15026138722896576
5997,0,1,0.19959519803524017
5998,7,0,0.3404395580291748
5999,2,1,0.6901971101760864
6000,8,1,0.23828817903995514
6001,0,1,0.2644001841545105
6002,2,1,0.3077332377433777
6003,0,1,0.41394317150115967
6004,7,0,0.1532207727432251
6005,4,1,0.3510138988494873
6006,0,1,0.26683348417282104
6007,6,1,0.39622288942337036
6008,3,1,0.5141412019729614
6009,3,1,0.33956965804100037
6010,1,1,0.4484518766403198
6011,7,0,0.26427820324897766
6012,4,1,0.3810766041278839
6013,6,1,0.3543696999549866
6014,5,1,0.35552898049354553
6015,0,1,0.284441202878952
6016,4,1,0.665551483631134
6017,9,1,0.7145084142684937
6018,5,1,0.34813937544822693
6019,6,1,0.18760982155799866
6020,6,1,0.3617284595966339
6021,3,1,0.20373454689979553
6022,0,1,0.19789475202560425
6023,5,1,0.8079749345779419
6024,2,1,0.5933000445365906
6025,6,1,0.6744094491004944
6026,3,1,0.18284158408641815
6027,3,1,0.37943729758262634
6028,8,1,0.3526623249053955
6029,0,1,0.5319258570671082
6030,8,1,0.32519805431365967
6031,5,1,0.14518779516220093
6032,4,1,0.2988663911819458
6033,2,1,0.34318864345550537
6034,9,1,0.2918800115585327
6035,5,1,0.15884841978549957
6036,0,1,0.6328723430633545
6037,5,1,0.27799123525619507
6038,4,1,0.19729389250278473
6039,8,1,0.28256839513778687
6040,2,1,0.30920907855033875
6041,7,0,0.34056830406188965
6042,6,1,0.20242461562156677
6043,5,1,0.4411885440349579
6044,7,0,0.29816198348999023
6045,8,1,0.3679735064506531
6046,2,1,0.27416089177131653
6047,0,1,0.35991090536117554
6048,1,1,0.479800283908844
6049,8,1,0.16540783643722534
6050,2,1,0.442513108253479
6051,4,1,0.7743195295333862
6052,8,1,0.1853899359703064
6053,4,1,0.31116533279418945
6054,3,1,0.19122198224067688
6055,0,1,0.32077455520629883
6056,4,1,0.13394002616405487
6057,0,1,0.4221958518028259
6058,1,1,0.5017973184585571
6059,9,1,0.26325321197509766
6060,3,1,0.280631959438324
6061,0,1,0.1455763280391693
6062,3,1,0.3238258957862854
6063,6,1,0.4717024266719818
6064,5,1,0.29417794942855835
6065,5,1,0.35980308055877686
6066,2,1,0.3229159116744995
6067,8,1,0.4588959217071533
6068,5,1,0.20915137231349945
6069,0,1,0.30733978748321533
6070,8,1,0.2224171906709671
6071,7,0,0.6502619385719299
6072,5,1,0.39942222833633423
6073,2,1,0.3942050635814667
6074,4,1,0.452984094619751
6075,3,1,0.3305456042289734
6076,7,0,0.5419573187828064
6077,0,1,0.4262339770793915
6078,2,1,0.673371434211731
6079,3,1,0.3355013132095337
6080,1,1,0.47801536321640015
6081,0,1,0.4042791724205017
6082,0,1,0.33893534541130066
6083,2,1,0.5001685619354248
6084,1,1,0.48683255910873413
6085,2,1,0.3861369490623474
6086,1,1,0.44233882427215576
6087,4,1,0.38158002495765686
6088,6,1,0.1958666443824768
6089,7,0,0.2729632258415222
6090,1,1,0.3220483064651489
6091,0,1,0.5282003283500671
6092,5,1,0.32711488008499146
6093,2,1,0.379952073097229
6094,5,1,0.1598128229379654
6095,9,1,0.1795218586921692
6096,2,1,0.3136686682701111
6097,5,1,0.21101556718349457
6098,6,1,0.39876851439476013
6099,7,0,0.29528769850730896
6100,1,1,0.3412233293056488
6101,9,1,0.2661365568637848
6102,3,1,0.4140177369117737
6103,6,1,0.44058865308761597
6104,1,1,0.4808564782142639
6105,0,1,0.8440330028533936
6106,2,1,0.24424687027931213
6107,9,1,0.2640414834022522
6108,4,1,0.28676241636276245
6109,2,1,0.30839845538139343
6110,9,1,0.2786198854446411
6111,3,1,0.2706335186958313
6112,8,1,0.3022150993347168
6113,2,1,0.26610738039016724
6114,9,1,0.29646506905555725
6115,8,1,0.1880728006362915
6116,5,1,0.22339072823524475
6117,1,1,0.32989972829818726
6118,0,1,0.2772369980812073
6119,1,1,0.2722340226173401
6120,5,1,0.22781144082546234
6121,2,1,0.2810627222061157
6122,5,1,0.550896167755127
6123,6,1,0.26587504148483276
6124,8,1,0.20849601924419403
6125,8,1,0.2776889503002167
6126,3,1,0.18878817558288574
6127,5,1,0.22621972858905792
6128,0,1,0.6452172994613647
6129,4,1,0.23184886574745178
6130,1,1,0.3540089726448059
6131,3,1,0.45285576581954956
6132,7,0,0.3218821883201599
6133,0,1,0.33732879161834717
6134,3,1,0.44975966215133667
6135,3,1,0.22888311743736267
6136,9,1,0.2144509255886078
6137,2,1,0.25876402854919434
6138,3,1,0.3868452310562134
6139,9,1,0.3519088923931122
6140,9,1,0.2682841122150421
6141,8,1,0.25601258873939514
6142,5,1,0.2327246516942978
6143,9,1,0.41463881731033325
6144,7,0,0.37838292121887207
6145,2,1,0.6164679527282715
6146,0,1,0.3204572796821594
6147,9,1,0.2693963646888733
6148,4,1,0.35405415296554565
6149,7,0,0.2672083377838135
6150,1,1,0.26699352264404297
6151,7,0,0.21637029945850372
6152,6,1,0.6075026988983154
6153,4,1,0.4185306131839752
6154,4,1,1.2046334743499756
6155,8,1,0.2592269778251648
6156,9,1,0.40565013885498047
6157,0,1,0.26462996006011963
6158,7,0,0.49878960847854614
6159,1,1,0.43381205201148987
6160,2,1,0.3954066038131714
6161,4,1,0.546144425868988
6162,0,1,0.43907231092453003
6163,3,1,0.3403978943824768
6164,7,0,0.3249601721763611
6165,5,1,0.6475936770439148
6166,1,1,0.3656957149505615
6167,9,1,0.15280500054359436
6168,3,1,0.3298165202140808
6169,5,1,0.15226387977600098
6170,2,1,0.3469673991203308
6171,4,1,0.4051203727722168
6172,1,1,0.5037869215011597
6173,1,1,0.5055758953094482
6174,3,1,0.34851497411727905
6175,3,1,0.2719852924346924
6176,9,1,0.27345892786979675
6177,2,1,0.17554119229316711
6178,5,1,0.47005194425582886
6179,8,1,0.3366873860359192
6180,0,1,0.1479630470275879
6181,8,1,0.35718828439712524
6182,1,1,0.2605379521846771
6183,5,1,0.4228953719139099
6184,1,1,0.16679546236991882
6185,5,1,0.3491898775100708
6186,9,1,0.20778988301753998
6187,0,1,0.21493220329284668
6188,9,1,0.3230926990509033
6189,2,1,0.7246872782707214
6190,4,1,0.5346131324768066
6191,0,1,0.17804014682769775
6192,6,1,0.5445548892021179
6193,9,1,0.30170533061027527
6194,1,1,0.2681463062763214
6195,1,1,0.26226890087127686
6196,3,1,0.2606344223022461
6197,4,1,0.22782191634178162
6198,9,1,0.20640599727630615
6199,5,1,0.42303407192230225
6200,3,1,0.3846335709095001
6201,3,1,0.45840319991111755
6202,3,1,0.19399136304855347
6203,3,1,0.41777756810188293
6204,4,1,0.40024134516716003
6205,1,1,0.21360015869140625
6206,5,1,0.23904384672641754
6207,9,1,0.37068140506744385
6208,8,1,0.3390023708343506
6209,7,0,0.2305765151977539
6210,4,1,0.37454521656036377
6211,8,1,0.4049471616744995
6212,7,0,0.31644338369369507
6213,3,1,0.2052675187587738
6214,5,1,0.33725494146347046
6215,2,1,0.543550968170166
6216,5,1,0.2782530188560486
6217,8,1,0.32304540276527405
6218,9,1,0.3662906885147095
6219,7,0,0.29405510425567627
6220,2,1,0.23717933893203735
6221,0,1,0.27850788831710815
6222,0,1,0.3418987989425659
6223,7,0,0.3197741210460663
6224,5,1,0.16501420736312866
6225,3,1,0.3687395751476288
6226,5,1,0.45699286460876465
6227,7,0,0.19216541945934296
6228,4,1,0.48208045959472656
6229,6,1,0.3812903165817261
6230,2,1,0.38901659846305847
6231,8,1,0.3349776268005371
6232,2,1,0.450804203748703
6233,7,0,0.1882840245962143
6234,7,0,0.5888549089431763
6235,6,1,0.2499837577342987
6236,1,1,0.2912733256816864
6237,3,1,0.47087544202804565
6238,8,1,0.3867300748825073
6239,6,1,1.110837697982788
6240,2,1,0.7265925407409668
6241,0,1,0.4405185878276825
6242,4,1,0.20517155528068542
6243,4,1,0.31792670488357544
6244,8,1,0.30074191093444824
6245,6,1,0.23523816466331482
6246,4,1,0.3873465955257416
6247,0,1,0.3730661869049072
6248,2,1,0.4252660274505615
6249,5,1,0.325272798538208
6250,4,1,0.3417804539203644
6251,1,1,0.21149834990501404
6252,2,1,0.8078093528747559
6253,5,1,0.5038384199142456
6254,4,1,0.34598755836486816
6255,6,1,0.503711462020874
6256,9,1,0.2935883104801178
6257,5,1,1.1254684925079346
6258,0,1,0.446708083152771
6259,5,1,0.4653094410896301
6260,2,1,0.30144017934799194
6261,0,1,0.312261164188385
6262,8,1,0.264718621969223
6263,2,1,0.6222457885742188
6264,6,1,0.5537192225456238
6265,4,1,0.25013232231140137
6266,7,0,0.16127488017082214
6267,9,1,0.21909266710281372
6268,5,1,0.17907756567001343
6269,7,0,0.27813827991485596
6270,2,1,0.5946358442306519
6271,6,1,0.47803300619125366
6272,2,1,0.337018221616745
6273,1,1,0.3136512339115143
6274,9,1,0.45801135897636414
6275,9,1,0.3702278733253479
6276,7,0,0.36578118801116943
6277,2,1,0.43317508697509766
6278,5,1,0.3599057197570801
6279,1,1,0.21327438950538635
6280,8,1,0.38458335399627686
6281,1,1,0.3355313539505005
6282,6,1,0.423657089471817
6283,3,1,0.2820952832698822
6284,0,1,0.3685610890388489
6285,8,1,0.36655712127685547
6286,8,1,0.32785946130752563
6287,5,1,0.26170670986175537
6288,6,1,0.2893654704093933
6289,9,1,0.22453990578651428
6290,9,1,0.31000879406929016
6291,9,1,0.10468754917383194
6292,6,1,0.3372625708580017
6293,3,1,0.2965032458305359
6294,0,1,0.32881128787994385
6295,8,1,0.21620489656925201
6296,8,1,0.27060845494270325
6297,5,1,0.16753220558166504
6298,3,1,0.44358301162719727
6299,3,1,0.7113844752311707
6300,1,1,0.3813076615333557
6301,1,1,0.2806711196899414
6302,0,1,0.2170468270778656
6303,7,0,0.1801740527153015
6304,0,1,0.6469900608062744
6305,6,1,0.27778926491737366
6306,0,1,0.23775756359100342
6307,4,1,0.28885263204574585
6308,4,1,0.3199039399623871
6309,6,1,0.5260283946990967
6310,5,1,0.2753525376319885
6311,3,1,0.4020750820636749
6312,2,1,0.4525282680988312
6313,9,1,0.2891886830329895
6314,6,1,0.4205993413925171
6315,6,1,0.1735948622226715
6316,7,0,0.20912286639213562
6317,9,1,0.3002322018146515
6318,7,0,0.22774434089660645
6319,7,0,0.2427484095096588
6320,0,1,0.2870209813117981
6321,8,1,0.27357548475265503
6322,4,1,0.43448325991630554
6323,2,1,0.3716241717338562
6324,7,0,0.23407983779907227
6325,7,0,0.24114061892032623
6326,7,0,0.2947600483894348
6327,4,1,0.2513260543346405
6328,0,1,0.6449401378631592
6329,1,1,0.3454636335372925
6330,6,1,0.5265156030654907
6331,0,1,0.36416923999786377
6332,5,1,0.3628022074699402
6333,3,1,0.22767454385757446
6334,0,1,0.6107339859008789
6335,2,1,0.45131129026412964
6336,4,1,0.3602498173713684
6337,9,1,0.24059565365314484
6338,7,0,1.1939847469329834
6339,3,1,0.25511434674263
6340,3,1,0.23262852430343628
6341,2,1,0.4925755262374878
6342,8,1,0.22924822568893433
6343,8,1,0.2604910731315613
6344,5,1,0.4404849708080292
6345,3,1,0.5229407548904419
6346,8,1,0.23943103849887848
6347,0,1,0.3731488883495331
6348,8,1,0.20437932014465332
6349,0,1,0.26462286710739136
6350,0,1,0.2842656672000885
6351,0,1,0.341090589761734
6352,2,1,0.3095216751098633
6353,2,1,0.403081476688385
6354,7,0,0.6801257133483887
6355,0,1,0.2301742434501648
6356,7,0,0.33570143580436707
6357,7,0,0.4094434380531311
6358,7,0,0.32800549268722534
6359,2,1,0.5758731961250305
6360,2,1,0.31892746686935425
6361,0,1,0.34250766038894653
6362,4,1,0.18170461058616638
6363,0,1,0.372537225484848
6364,3,1,0.41051357984542847
6365,7,0,0.4422699809074402
6366,8,1,0.20142662525177002
6367,4,1,0.4847812354564667
6368,7,0,0.2732357978820801
6369,9,1,0.3940944969654083
6370,6,1,0.22556722164154053
6371,1,1,0.5868171453475952
6372,1,1,0.24308040738105774
6373,6,1,0.2727407217025757
6374,9,1,0.15757879614830017
6375,3,1,0.3674566149711609
6376,8,1,0.41725417971611023
6377,9,1,0.25087761878967285
6378,5,1,0.5929818153381348
6379,8,1,0.48161423206329346
6380,3,1,0.3106721043586731
6381,9,1,0.21979928016662598
6382,4,1,0.6242440938949585
6383,3,1,0.47782638669013977
6384,7,0,0.21164220571517944
6385,5,1,0.256359338760376
6386,5,1,0.27353277802467346
6387,2,1,0.5138257741928101
6388,7,0,0.35718002915382385
6389,5,1,0.20041365921497345
6390,7,0,0.2786601781845093
6391,9,1,0.4497000575065613
6392,6,1,0.23789364099502563
6393,3,1,0.35418009757995605
6394,0,1,0.15493585169315338
6395,8,1,0.6066673994064331
6396,4,1,0.42557692527770996
6397,5,1,0.4397166967391968
6398,6,1,0.6613099575042725
6399,1,1,0.22747783362865448
6400,0,1,0.25948619842529297
6401,4,1,0.3975523114204407
6402,8,1,0.21282325685024261
6403,4,1,0.616306722164154
6404,7,0,0.29979023337364197
6405,1,1,0.715417206287384
6406,3,1,0.25222864747047424
6407,2,1,0.2393571436405182
6408,0,1,0.5338631868362427
6409,9,1,0.21611502766609192
6410,1,1,0.26411014795303345
6411,8,1,0.22342997789382935
6412,8,1,0.5044578313827515
6413,6,1,0.36089929938316345
6414,8,1,0.5924203991889954
6415,1,1,0.34623774886131287
6416,7,0,0.22853291034698486
6417,1,1,0.49269717931747437
6418,0,1,0.8515114784240723
6419,9,1,0.18381564319133759
6420,7,0,0.2307167649269104
6421,6,1,0.27869173884391785
6422,4,1,0.26690593361854553
6423,5,1,0.4625217914581299
6424,8,1,0.3606863021850586
6425,2,1,0.5116190910339355
6426,1,1,0.3620120882987976
6427,2,1,0.3271114230155945
6428,5,1,0.20499730110168457
6429,8,1,0.22006747126579285
6430,1,1,0.3482624292373657
6431,1,1,0.3475573658943176
6432,8,1,0.16931596398353577
6433,8,1,0.3435170650482178
6434,0,1,0.25607800483703613
6435,9,1,0.41396477818489075
6436,0,1,0.1586161106824875
6437,0,1,0.7250921130180359
6438,4,1,0.2902558147907257
6439,3,1,0.5093227624893188
6440,3,1,0.21101172268390656
6441,5,1,0.18296687304973602
6442,6,1,0.13657991588115692
6443,6,1,0.6096619367599487
6444,3,1,0.40468892455101013
6445,1,1,0.23827975988388062
6446,4,1,0.5538026690483093
6447,4,1,0.12769755721092224
6448,7,0,0.4786371886730194
6449,8,1,0.3298434019088745
6450,0,1,0.8844112157821655
6451,1,1,0.3711997866630554
6452,4,1,0.30183058977127075
6453,8,1,0.30645471811294556
6454,4,1,0.34845471382141113
6455,6,1,0.21665997803211212
6456,2,1,0.24209055304527283
6457,2,1,0.41234076023101807
6458,2,1,0.2581483721733093
6459,6,1,0.5737304091453552
6460,3,1,0.22584271430969238
6461,4,1,0.14309097826480865
6462,0,1,0.33943015336990356
6463,8,1,0.31193357706069946
6464,1,1,0.2720544636249542
6465,3,1,0.30833932757377625
6466,8,1,0.26644548773765564
6467,3,1,0.3450395166873932
6468,8,1,0.16415640711784363
6469,9,1,0.49001795053482056
6470,1,1,0.3534819483757019
6471,6,1,0.2898699641227722
6472,1,1,0.22817330062389374
6473,9,1,0.22089757025241852
6474,8,1,0.17932116985321045
6475,2,1,0.3748706579208374
6476,0,1,0.2604406476020813
6477,4,1,0.652653157711029
6478,7,0,0.4075392484664917
6479,4,1,0.10890942811965942
6480,0,1,0.625184953212738
6481,0,1,1.419630765914917
6482,7,0,0.29510876536369324
6483,6,1,0.34603792428970337
6484,8,1,0.21907612681388855
6485,9,1,0.2795643210411072
6486,8,1,0.39627090096473694
6487,6,1,0.45404255390167236
6488,2,1,0.12613804638385773
6489,8,1,0.3287886083126068
6490,8,1,0.2536322772502899
6491,0,1,0.36382225155830383
6492,1,1,0.31733012199401855
6493,1,1,0.4798222780227661
6494,0,1,0.34805160760879517
6495,7,0,0.26342880725860596
6496,7,0,0.28109627962112427
6497,4,1,0.3548430800437927
6498,4,1,0.33411434292793274
6499,7,0,0.28405940532684326
6500,7,0,0.45890140533447266
6501,2,1,0.463506281375885
6502,6,1,0.2529359459877014
6503,6,1,0.32437264919281006
6504,7,0,0.4008302092552185
6505,4,1,0.5322445034980774
6506,5,1,0.3884350657463074
6507,4,1,0.28091394901275635
6508,0,1,0.5062341690063477
6509,9,1,0.30069199204444885
6510,4,1,0.2480507791042328
6511,7,0,0.29597461223602295
6512,2,1,0.23155848681926727
6513,5,1,0.34223026037216187
6514,3,1,0.3221678137779236
6515,2,1,0.2484675943851471
6516,2,1,0.5306165218353271
6517,7,0,0.18381690979003906
6518,6,1,0.5003423690795898
6519,2,1,0.2718987464904785
6520,6,1,0.27346131205558777
6521,4,1,0.20550793409347534
6522,9,1,0.574785590171814
6523,6,1,0.5336815118789673
6524,8,1,0.3831835091114044
6525,3,1,0.38377833366394043
6526,8,1,0.2755719721317291
6527,5,1,0.15464487671852112
6528,5,1,0.36600297689437866
6529,2,1,0.32359057664871216
6530,3,1,0.3028508126735687
6531,4,1,0.3384521007537842
6532,5,1,0.441281795501709
6533,2,1,0.2909371256828308
6534,7,0,0.349931001663208
6535,5,1,0.4022594094276428
6536,1,1,0.30056601762771606
6537,5,1,0.20102742314338684
6538,3,1,0.1614896059036255
6539,7,0,0.31077226996421814
6540,8,1,0.3003191351890564
6541,8,1,0.5240540504455566
6542,9,1,0.31308692693710327
6543,6,1,0.25613129138946533
6544,0,1,0.2339806854724884
6545,9,1,0.39978885650634766
6546,2,1,0.6199212670326233
6547,6,1,0.3833999037742615
6548,0,1,0.6411707997322083
6549,0,1,1.969866394996643
6550,1,1,0.7323412895202637
6551,4,1,0.2532932162284851
6552,1,1,0.2557075619697571
6553,3,1,0.37340378761291504
6554,5,1,0.3282915949821472
6555,1,1,0.4625338912010193
6556,8,1,0.3374324440956116
6557,9,1,0.20511700212955475
6558,6,1,0.3810108006000519
6559,2,1,0.2097642719745636
6560,6,1,0.3603079915046692
6561,9,1,0.24530406296253204
6562,5,1,0.1800898164510727
6563,6,1,0.2651388645172119
6564,5,1,0.3169788718223572
6565,9,1,0.28344863653182983
6566,1,1,0.3108740448951721
6567,4,1,0.3533681035041809
6568,2,1,0.23165716230869293
6569,8,1,0.35236531496047974
6570,9,1,0.4664681553840637
6571,5,1,0.3579077422618866
6572,4,1,0.26840856671333313
6573,7,0,0.2753528952598572
6574,0,1,0.21162033081054688
6575,3,1,0.2907467484474182
6576,7,0,0.2888339161872864
6577,1,1,0.36976417899131775
6578,6,1,0.354866087436676
6579,9,1,0.5513593554496765
6580,1,1,0.2578333616256714
6581,1,1,0.46157997846603394
6582,4,1,0.295922189950943
6583,0,1,0.48280519247055054
6584,5,1,0.33915483951568604
6585,1,1,0.793130099773407
6586,6,1,0.2642552852630615
6587,3,1,0.4627816081047058
6588,0,1,0.32955440878868103
6589,2,1,0.3185698986053467
6590,5,1,0.19407257437705994
6591,5,1,0.3192645311355591
6592,5,1,0.3418065309524536
6593,2,1,0.29766035079956055
6594,8,1,0.2876318395137787
6595,2,1,0.30904918909072876
6596,3,1,0.3734526038169861
6597,1,1,0.5061476230621338
6598,6,1,0.21289706230163574
6599,2,1,0.23883670568466187
6600,7,0,0.21265512704849243
6601,0,1,0.3270251750946045
6602,8,1,0.17028945684432983
6603,9,1,0.5121374726295471
6604,2,1,0.4628245234489441
6605,6,1,0.2334114909172058
6606,4,1,0.49868714809417725
6607,7,0,0.25278979539871216
6608,5,1,0.6228511333465576
6609,5,1,0.17388826608657837
6610,8,1,0.2853456735610962
6611,8,1,0.2916511297225952
6612,7,0,0.19676721096038818
6613,8,1,0.2746480703353882
6614,5,1,0.4552253186702728
6615,7,0,0.2699631452560425
6616,4,1,0.21815462410449982
6617,4,1,0.21628372371196747
6618,0,1,0.36588534712791443
6619,0,1,0.2539501488208771
6620,7,0,0.257389634847641
6621,0,1,0.8591434359550476
6622,4,1,0.23706382513046265
6623,0,1,0.1674339771270752
6624,4,1,0.42840567231178284
6625,4,1,0.6002309918403625
6626,2,1,0.2068578004837036
6627,5,1,0.6479652523994446
6628,4,1,0.17596031725406647
6629,0,1,0.5158292651176453
6630,7,0,0.4730318486690521
6631,7,0,0.2594817280769348
6632,7,0,0.32625916600227356
6633,0,1,0.6352502107620239
6634,4,1,0.25308871269226074
6635,6,1,0.1454026699066162
6636,2,1,0.23498663306236267
6637,9,1,0.27977222204208374
6638,1,1,0.4830338954925537
6639,1,1,0.1947547346353531
6640,5,1,0.240550696849823
6641,0,1,0.17214831709861755
6642,9,1,0.2566346824169159
6643,1,1,0.30443644523620605
6644,0,1,0.6126898527145386
6645,6,1,0.371664822101593
6646,5,1,0.7292441129684448
6647,3,1,0.3026471734046936
6648,0,1,0.3550792932510376
6649,9,1,0.17687377333641052
6650,0,1,0.21187150478363037
6651,6,1,0.5363814830780029
6652,2,1,0.25222283601760864
6653,0,1,1.0141851902008057
6654,4,1,0.43643951416015625
6655,1,1,0.3926604688167572
6656,6,1,0.0959288477897644
6657,7,0,0.36658480763435364
6658,6,1,0.23237083852291107
6659,1,1,0.31365084648132324
6660,0,1,0.42766621708869934
6661,4,1,0.5368183851242065
6662,6,1,0.42184513807296753
6663,0,1,0.2916189432144165
6664,4,1,0.1935785412788391
6665,4,1,0.46642589569091797
6666,2,1,0.21132048964500427
6667,7,0,0.2870248258113861
6668,6,1,0.5021379590034485
6669,5,1,0.306831419467926
6670,3,1,0.37021976709365845
6671,5,1,0.24402858316898346
6672,9,1,0.49133241176605225
6673,4,1,0.7286524176597595
6674,5,1,0.2792467772960663
6675,2,1,0.2151544988155365
6676,0,1,0.34726157784461975
6677,5,1,0.48860839009284973
6678,7,0,0.25994154810905457
6679,2,1,0.4516546130180359
6680,3,1,0.26427751779556274
6681,9,1,0.1556701362133026
6682,4,1,0.4093049168586731
6683,5,1,0.2028648853302002
6684,8,1,0.23153162002563477
6685,1,1,0.31437599658966064
6686,9,1,0.31719985604286194
6687,3,1,0.7020222544670105
6688,1,1,0.40202224254608154
6689,8,1,0.240053191781044
6690,5,1,0.5198720693588257
6691,8,1,0.2389661967754364
6692,6,1,0.5213984251022339
6693,6,1,0.45792365074157715
6694,3,1,0.2920997142791748
6695,4,1,0.48698192834854126
6696,0,1,0.6698143482208252
6697,2,1,0.2649228274822235
6698,3,1,0.3082461655139923
6699,2,1,0.1792774200439453
6700,6,1,0.7029733061790466
6701,1,1,0.4213655889034271
6702,8,1,0.21309760212898254
6703,2,1,0.24220459163188934
6704,1,1,0.2033947855234146
6705,3,1,0.3481900691986084
6706,6,1,0.2807856798171997
6707,2,1,0.3625333905220032
6708,2,1,0.49412116408348083
6709,3,1,0.3446632921695709
6710,3,1,0.319987952709198
6711,5,1,0.2097478210926056
6712,0,1,0.8325896263122559
6713,2,1,0.5279663801193237
6714,1,1,0.1634787619113922
6715,2,1,0.40103965997695923
6716,8,1,0.2022387534379959
6717,0,1,0.1622936725616455
6718,8,1,0.24708352982997894
6719,2,1,0.7248649597167969
6720,2,1,0.19497913122177124
6721,7,0,0.24280855059623718
6722,3,1,0.3295510411262512
6723,5,1,0.26605701446533203
6724,9,1,0.16281747817993164
6725,8,1,0.3074665665626526
6726,3,1,0.3593142032623291
6727,6,1,0.24586644768714905
6728,1,1,0.37919867038726807
6729,0,1,0.30953484773635864
6730,8,1,0.2524828612804413
6731,6,1,0.6970473527908325
6732,3,1,0.11212780326604843
6733,5,1,0.19578051567077637
6734,8,1,0.1910293698310852
6735,9,1,0.43495941162109375
6736,4,1,0.2855798602104187
6737,8,1,0.2893812358379364
6738,0,1,0.3529154658317566
6739,0,1,0.39431580901145935
6740,2,1,0.3188113272190094
6741,9,1,0.2811906039714813
6742,1,1,0.3627925217151642
6743,8,1,0.3475132882595062
6744,3,1,0.2323121279478073
6745,7,0,0.48306041955947876
6746,2,1,0.4243912100791931
6747,8,1,0.23768675327301025
6748,0,1,0.26388877630233765
6749,9,1,0.2589309513568878
6750,4,1,0.2355128675699234
6751,8,1,0.6904016733169556
6752,9,1,0.1977875530719757
6753,4,1,0.3271702826023102
6754,8,1,0.12515488266944885
6755,9,1,0.39949771761894226
6756,5,1,0.3407456874847412
6757,4,1,0.2921198308467865
6758,8,1,0.579268217086792
6759,1,1,0.2834295928478241
6760,5,1,0.32652705907821655
6761,5,1,0.3297376036643982
6762,7,0,0.29617419838905334
6763,2,1,0.2556156516075134
6764,5,1,0.1633101999759674
6765,8,1,0.38543108105659485
6766,8,1,0.2621839642524719
6767,1,1,0.41757142543792725
6768,2,1,0.2265426367521286
6769,3,1,0.2860684394836426
6770,1,1,0.43418383598327637
6771,5,1,0.38079941272735596
6772,0,1,0.23321902751922607
6773,2,1,0.33497434854507446
6774,3,1,0.391964316368103
6775,0,1,0.49113762378692627
6776,8,1,0.32105904817581177
6777,2,1,0.35488638281822205
6778,2,1,0.1900099515914917
6779,8,1,0.6260650157928467
6780,7,0,0.3460042476654053
6781,3,1,0.29918164014816284
6782,5,1,0.3707314729690552
6783,3,1,0.514773428440094
6784,9,1,0.18837067484855652
6785,6,1,0.3338082730770111
6786,3,1,0.36293232440948486
6787,5,1,0.29682815074920654
6788,1,1,0.7723948955535889
6789,1,1,0.20127257704734802
6790,7,0,0.31517159938812256
6791,7,0,0.17640787363052368
6792,3,1,0.19081488251686096
6793,3,1,0.12572264671325684
6794,8,1,0.5443384647369385
6795,9,1,0.2653893530368805
6796,6,1,0.4860021471977234
6797,0,1,0.2617418169975281
6798,8,1,0.28560808300971985
6799,0,1,0.29203110933303833
6800,6,1,0.41325926780700684
6801,6,1,0.45808184146881104
6802,4,1,0.1323828399181366
6803,6,1,0.3407580852508545
6804,9,1,0.253848135471344
6805,1,1,0.43249621987342834
6806,1,1,0.3011894226074219
6807,7,0,0.3432304263114929
6808,0,1,0.46433526277542114
6809,6,1,0.48675766587257385
6810,8,1,0.3789040446281433
6811,9,1,0.4122924208641052
6812,0,1,0.44242703914642334
6813,6,1,0.47002112865448
6814,9,1,0.4076472520828247
6815,0,1,0.3525083661079407
6816,1,1,0.495056688785553
6817,1,1,0.41201016306877136
6818,7,0,0.29721927642822266
6819,2,1,0.410268634557724
6820,1,1,0.4168287217617035
6821,0,1,0.22320011258125305
6822,4,1,0.3145720362663269
6823,5,1,0.43693897128105164
6824,0,1,0.44999727606773376
6825,3,1,0.35425519943237305
6826,6,1,0.5973856449127197
6827,3,1,0.263649582862854
6828,3,1,0.4189411401748657
6829,8,1,0.1594206988811493
6830,1,1,0.3589119613170624
6831,8,1,0.15028667449951172
6832,1,1,0.3189113736152649
6833,3,1,0.38384735584259033
6834,1,1,0.2432684600353241
6835,5,1,0.34604862332344055
6836,4,1,0.3205227255821228
6837,5,1,0.45951545238494873
6838,1,1,0.4633663296699524
6839,8,1,0.37253713607788086
6840,9,1,0.4108307361602783
6841,1,1,0.33624666929244995
6842,3,1,0.48856252431869507
6843,1,1,0.3823390007019043
6844,7,0,0.3566203713417053
6845,2,1,0.27862298488616943
6846,9,1,0.23330503702163696
6847,8,1,0.26414549350738525
6848,9,1,0.13786712288856506
6849,4,1,0.40472203493118286
6850,6,1,0.4146859645843506
6851,0,1,0.43189164996147156
6852,9,1,0.1727031022310257
6853,4,1,0.3078994154930115
6854,0,1,0.467568039894104
6855,4,1,0.19630321860313416
6856,6,1,0.23452192544937134
6857,2,1,0.4077659249305725
6858,1,1,0.474799782037735
6859,3,1,0.5346562266349792
6860,0,1,0.6210310459136963
6861,8,1,0.44342467188835144
6862,5,1,0.32132676243782043
6863,6,1,0.42600217461586
6864,0,1,0.4497870206832886
6865,3,1,0.1769305169582367
6866,4,1,0.42411008477211
6867,6,1,0.5741809606552124
6868,9,1,0.3615473210811615
6869,5,1,0.4970688223838806
6870,7,0,0.401689350605011
6871,9,1,0.27178093791007996
6872,0,1,0.24740764498710632
6873,3,1,0.2544175386428833
6874,6,1,0.20692303776741028
6875,5,1,0.3062601089477539
6876,7,0,0.38429391384124756
6877,0,1,0.2071969360113144
6878,5,1,0.21621553599834442
6879,1,1,0.502699613571167
6880,2,1,0.5005881190299988
6881,2,1,0.15715494751930237
6882,9,1,0.18040622770786285
6883,7,0,0.29178935289382935
6884,0,1,0.309763103723526
6885,0,1,0.6929538249969482
6886,1,1,0.3641752302646637
6887,4,1,0.4441540837287903
6888,4,1,0.2949497699737549
6889,5,1,0.361055463552475
6890,5,1,0.42514699697494507
6891,9,1,0.2793956995010376
6892,6,1,0.17862403392791748
6893,3,1,0.2840595841407776
6894,6,1,0.5038111209869385
6895,2,1,0.3499750792980194
6896,6,1,0.2575027346611023
6897,9,1,0.39134663343429565
6898,3,1,0.4201182723045349
6899,2,1,0.2370527982711792
6900,3,1,0.4825142025947571
6901,2,1,0.20619343221187592
6902,4,1,0.3724297285079956
6903,9,1,0.4178270101547241
6904,5,1,0.325798362493515
6905,2,1,0.5105479955673218
6906,1,1,0.4391869306564331
6907,6,1,0.4789015054702759
6908,6,1,0.4169290065765381
6909,4,1,0.4921967387199402
6910,7,0,0.09445399791002274
6911,6,1,0.5061392784118652
6912,3,1,0.2033827006816864
6913,3,1,0.3799785077571869
6914,8,1,0.44108062982559204
6915,1,1,0.1903826892375946
6916,4,1,0.5555605292320251
6917,6,1,1.0097802877426147
6918,4,1,0.16321276128292084
6919,4,1,0.5502126216888428
6920,5,1,0.35490721464157104
6921,6,1,0.4550795257091522
6922,2,1,0.46309706568717957
6923,0,1,0.4921776354312897
6924,5,1,0.3302590847015381
6925,2,1,0.5361170768737793
6926,7,0,0.4620232582092285
6927,5,1,0.2287151962518692
6928,2,1,0.33944645524024963
6929,5,1,0.27038076519966125
6930,2,1,0.47807756066322327
6931,5,1,0.1864863932132721
6932,9,1,0.3120933175086975
6933,0,1,0.46014267206192017
6934,6,1,0.36904841661453247
6935,7,0,0.30399835109710693
6936,9,1,0.350017249584198
6937,8,1,0.43878260254859924
6938,3,1,0.27892041206359863
6939,2,1,0.7047863006591797
6940,1,1,0.29347679018974304
6941,4,1,0.6606076955795288
6942,3,1,0.14062657952308655
6943,4,1,0.23089641332626343
6944,5,1,0.3338048458099365
6945,5,1,0.33920738101005554
6946,6,1,0.277548611164093
6947,8,1,0.19327127933502197
6948,6,1,0.48815733194351196
6949,0,1,0.7122973203659058
6950,8,1,0.40474867820739746
6951,9,1,0.40778982639312744
6952,8,1,0.2483581304550171
6953,0,1,0.19833621382713318
6954,7,0,0.2498398721218109
6955,7,0,0.4419841766357422
6956,6,1,0.5642397403717041
6957,6,1,0.24321578443050385
6958,7,0,0.27847135066986084
6959,5,1,0.30165284872055054
6960,9,1,0.3667503297328949
6961,8,1,0.38669854402542114
6962,7,0,0.4176428020000458
6963,9,1,0.35200998187065125
6964,5,1,0.24437856674194336
6965,6,1,0.20183709263801575
6966,0,1,0.2757549285888672
6967,4,1,0.2980055510997772
6968,8,1,0.2351846694946289
6969,2,1,0.2606160044670105
6970,0,1,3.4302196502685547
6971,9,1,0.2283588945865631
6972,1,1,0.18299774825572968
6973,3,1,0.2283560335636139
6974,9,1,0.25287196040153503
6975,8,1,0.4111432433128357
6976,3,1,0.5224387645721436
6977,7,0,0.3398107886314392
6978,4,1,0.137098029255867
6979,5,1,0.42656204104423523
6980,0,1,0.23294228315353394
6981,2,1,0.3062453269958496
6982,1,1,0.4338988661766052
6983,9,1,0.3875962793827057
6984,1,1,0.2677140235900879
6985,0,1,0.20782047510147095
6986,5,1,0.30480989813804626
6987,8,1,0.5429967641830444
6988,4,1,0.22470691800117493
6989,7,0,0.31586772203445435
6990,3,1,0.24703340232372284
6991,1,1,0.38709089159965515
6992,4,1,0.3372196555137634
6993,5,1,0.28974077105522156
6994,3,1,0.31408247351646423
6995,1,1,0.3856104016304016
6996,0,1,0.47618719935417175
6997,8,1,0.5021655559539795
6998,8,1,0.28623533248901367
6999,8,1,0.20656108856201172
7000,2,1,0.6697279810905457
7001,1,1,0.3727502226829529
7002,3,1,0.4727157950401306
7003,7,0,0.209391251206398
7004,3,1,0.35651615262031555
7005,1,1,0.4180266261100769
7006,6,1,0.4166073203086853
7007,9,1,0.4259311258792877
7008,1,1,0.7703989744186401
7009,6,1,0.32017821073532104
7010,0,1,0.28035983443260193
7011,7,0,0.16716407239437103
7012,7,0,0.31403201818466187
7013,1,1,0.31080707907676697
7014,3,1,0.2954414486885071
7015,3,1,0.3096795380115509
7016,3,1,0.19798000156879425
7017,1,1,0.26283013820648193
7018,0,1,0.6162432432174683
7019,2,1,0.27617043256759644
7020,7,0,0.37097203731536865
7021,1,1,0.23793530464172363
7022,2,1,4.004136085510254
7023,2,1,2.0013909339904785
7024,9,1,0.8007413148880005
7025,6,1,0.6774548888206482
7026,3,1,0.4616142511367798
7027,5,1,0.24744954705238342
7028,9,1,0.47702711820602417
7029,4,1,0.5834805965423584
7030,8,1,0.26000940799713135
7031,0,1,0.39737364649772644
7032,4,1,0.24021045863628387
7033,8,1,0.2097797691822052
7034,0,1,0.6876124143600464
7035,1,1,0.3186630308628082
7036,3,1,0.375184565782547
7037,7,0,0.2304515838623047
7038,0,1,0.3937010169029236
7039,4,1,0.45068976283073425
7040,7,0,0.2284766286611557
7041,4,1,0.19445928931236267
7042,8,1,0.5078778862953186
7043,6,1,0.39728355407714844
7044,4,1,0.4600335359573364
7045,3,1,0.44425296783447266
7046,9,1,0.3596094846725464
7047,8,1,0.5468413829803467
7048,2,1,0.1794118583202362
7049,2,1,0.443256139755249
7050,8,1,0.2768605947494507
7051,3,1,0.5181639194488525
7052,1,1,0.29073143005371094
7053,1,1,0.3712482750415802
7054,2,1,0.47278207540512085
7055,8,1,0.45738810300827026
7056,2,1,0.39807236194610596
7057,6,1,0.44884181022644043
7058,9,1,0.4038774073123932
7059,4,1,0.3355811834335327
7060,8,1,0.42326945066452026
7061,4,1,0.3950287401676178
7062,4,1,0.4489552080631256
7063,1,1,0.38652580976486206
7064,5,1,0.40260204672813416
7065,2,1,0.3537370562553406
7066,6,1,0.4349837899208069
7067,9,1,0.21120324730873108
7068,2,1,0.4477699398994446
7069,0,1,0.26453930139541626
7070,7,0,0.2506043612957001
7071,1,1,0.2558913826942444
7072,8,1,0.6643568277359009
7073,9,1,0.2410982847213745
7074,3,1,0.5768329501152039
7075,9,1,0.43872135877609253
7076,9,1,0.2741214334964752
7077,0,1,0.3249237537384033
7078,7,0,0.2703337073326111
7079,7,0,0.31272652745246887
7080,5,1,0.438682496547699
7081,4,1,0.2462194561958313
7082,2,1,0.20904242992401123
7083,6,1,0.4188663959503174
7084,4,1,0.26543495059013367
7085,5,1,0.4848731756210327
7086,7,0,0.22478601336479187
7087,7,0,0.2745501399040222
7088,8,1,0.2257952243089676
7089,7,0,0.4686874747276306
7090,2,1,0.33976078033447266
7091,6,1,0.6147947311401367
7092,2,1,0.38238033652305603
7093,2,1,0.252696692943573
7094,4,1,0.13354811072349548
7095,4,1,0.5609848499298096
7096,0,1,0.5556942224502563
7097,7,0,0.1597891002893448
7098,1,1,0.29204726219177246
7099,3,1,0.2482984960079193
7100,9,1,0.18963271379470825
7101,6,1,0.4799499213695526
7102,0,1,0.3199901282787323
7103,0,1,0.1738128960132599
7104,2,1,0.42995893955230713
7105,3,1,1.9821202754974365
7106,8,1,0.37354475259780884
7107,2,1,0.44204816222190857
7108,2,1,0.28133565187454224
7109,4,1,0.3045930862426758
7110,3,1,0.15834861993789673
7111,5,1,0.2368314266204834
7112,2,1,0.5619124174118042
7113,9,1,0.5387681126594543
7114,1,1,0.20591290295124054
7115,0,1,0.25541967153549194
7116,0,1,0.35974106192588806
7117,6,1,0.20757901668548584
7118,5,1,0.18385270237922668
7119,5,1,0.2200341820716858
7120,7,0,0.340048223733902
7121,9,1,0.3843500018119812
7122,9,1,0.4044502377510071
7123,6,1,0.27704867720603943
7124,5,1,0.5584287643432617
7125,5,1,0.2793976366519928
7126,0,1,0.3274974226951599
7127,5,1,0.2840306758880615
7128,7,0,0.3277203440666199
7129,1,1,0.5595930814743042
7130,6,1,0.4044387936592102
7131,6,1,0.6355779767036438
7132,4,1,0.16820621490478516
7133,1,1,0.312764048576355
7134,4,1,0.5005712509155273
7135,4,1,0.386368989944458
7136,1,1,0.4020463228225708
7137,5,1,0.2864837348461151
7138,0,1,0.13716234266757965
7139,0,1,0.15158483386039734
7140,4,1,0.2137034833431244
7141,5,1,0.1552225649356842
7142,8,1,0.18934574723243713
7143,4,1,0.38262939453125
7144,8,1,0.469069242477417
7145,3,1,0.29584336280822754
7146,0,1,0.19821298122406006
7147,5,1,0.36288774013519287
7148,0,1,0.29772457480430603
7149,5,1,0.25756150484085083
7150,3,1,0.44682878255844116
7151,1,1,0.19095134735107422
7152,6,1,0.4372442066669464
7153,7,0,0.15989667177200317
7154,0,1,0.34311550855636597
7155,9,1,0.4858854413032532
7156,1,1,0.31578528881073
7157,5,1,0.32760947942733765
7158,7,0,0.5249740481376648
7159,6,1,0.348278284072876
7160,5,1,0.2707313299179077
7161,5,1,0.38265103101730347
7162,5,1,0.26740187406539917
7163,6,1,0.3571120500564575
7164,0,1,0.3402358293533325
7165,0,1,0.7816141843795776
7166,1,1,0.4444032311439514
7167,7,0,0.26700055599212646
7168,5,1,0.4240841865539551
7169,1,1,0.5111584663391113
7170,9,1,0.23531292378902435
7171,2,1,0.26455622911453247
7172,4,1,0.7030619382858276
7173,1,1,0.2507350444793701
7174,3,1,0.3093021512031555
7175,7,0,0.3638577461242676
7176,8,1,0.27379757165908813
7177,2,1,0.5976812839508057
7178,0,1,0.20053353905677795
7179,9,1,0.36245256662368774
7180,6,1,0.4849088191986084
7181,6,1,0.31858596205711365
7182,0,1,0.28293150663375854
7183,6,1,0.34435468912124634
7184,5,1,0.3874523639678955
7185,8,1,0.3073348104953766
7186,2,1,0.2626110911369324
7187,7,0,0.22494924068450928
7188,4,1,0.3915945589542389
7189,0,1,0.12124373018741608
7190,2,1,0.24448931217193604
7191,7,0,0.11187399923801422
7192,7,0,0.2438136786222458
7193,8,1,0.34049296379089355
7194,8,1,0.2283410131931305
7195,7,0,0.392172247171402
7196,0,1,0.4833295941352844
7197,4,1,0.41022205352783203
7198,9,1,0.2944325804710388
7199,1,1,0.2996263802051544
7200,4,1,0.3145771622657776
7201,4,1,0.48490774631500244
7202,3,1,0.23742562532424927
7203,5,1,0.3350089192390442
7204,4,1,0.29760193824768066
7205,6,1,0.5890206694602966
7206,2,1,0.2866714596748352
7207,3,1,0.24255108833312988
7208,1,1,0.3843241333961487
7209,0,1,1.3001455068588257
7210,3,1,0.2487589567899704
7211,3,1,0.22580668330192566
7212,3,1,0.4485347867012024
7213,6,1,0.4510801434516907
7214,3,1,0.3938016891479492
7215,1,1,0.34459254145622253
7216,2,1,0.40739020705223083
7217,8,1,0.2749451994895935
7218,9,1,0.37733376026153564
7219,7,0,0.2195741981267929
7220,9,1,0.3528425991535187
7221,3,1,0.20014888048171997
7222,8,1,1.5191094875335693
7223,7,0,0.2440427839756012
7224,3,1,0.26136425137519836
7225,1,1,0.33005961775779724
7226,7,0,0.24723896384239197
7227,7,0,0.2745909094810486
7228,3,1,0.2517417073249817
7229,2,1,0.3541232645511627
7230,2,1,0.38418832421302795
7231,8,1,0.1794542670249939
7232,9,1,0.5066410303115845
7233,5,1,0.2047397494316101
7234,9,1,0.3473939299583435
7235,2,1,0.3051338791847229
7236,1,1,0.5258609056472778
7237,7,0,0.30138593912124634
7238,4,1,0.31681814789772034
7239,4,1,0.6029235124588013
7240,0,1,0.2887532114982605
7241,5,1,0.3013811707496643
7242,7,0,0.4969096779823303
7243,1,1,0.3757796585559845
7244,5,1,0.27014708518981934
7245,4,1,0.2018607258796692
7246,0,1,0.3665989637374878
7247,8,1,0.18500423431396484
7248,4,1,0.1384238302707672
7249,9,1,0.1565275639295578
7250,8,1,0.17485614120960236
7251,7,0,0.17533594369888306
7252,8,1,0.19508612155914307
7253,4,1,0.3119666278362274
7254,2,1,0.2132163643836975
7255,3,1,0.1756170392036438
7256,4,1,0.1876545548439026
7257,0,1,0.4040674865245819
7258,5,1,0.34543099999427795
7259,4,1,0.4663483500480652
7260,1,1,0.2558603286743164
7261,8,1,0.468487948179245
7262,2,1,0.7119357585906982
7263,5,1,0.41409921646118164
7264,4,1,0.3451269865036011
7265,5,1,0.3821086585521698
7266,2,1,0.5637683868408203
7267,5,1,0.3095150291919708
7268,3,1,0.2745394706726074
7269,7,0,0.2840523421764374
7270,9,1,0.3048451840877533
7271,7,0,0.3491133451461792
7272,1,1,0.37522339820861816
7273,4,1,0.562214195728302
7274,1,1,0.2919786274433136
7275,3,1,0.3707474172115326
7276,1,1,0.4901980757713318
7277,4,1,0.3676930069923401
7278,5,1,0.21238145232200623
7279,5,1,0.25035420060157776
7280,1,1,0.3213580548763275
7281,7,0,0.54129558801651
7282,1,1,0.3576769530773163
7283,3,1,0.31467586755752563
7284,0,1,0.3236868977546692
7285,1,1,0.29543018341064453
7286,2,1,0.24324077367782593
7287,5,1,0.2610352039337158
7288,7,0,0.27693551778793335
7289,0,1,0.7735764980316162
7290,6,1,0.3190402090549469
7291,3,1,0.2119557112455368
7292,5,1,0.23335447907447815
7293,7,0,0.3434889316558838
7294,5,1,0.4461004137992859
7295,5,1,0.22058750689029694
7296,8,1,0.13928157091140747
7297,9,1,0.3964107036590576
7298,4,1,0.287064790725708
7299,6,1,0.5160434246063232
7300,3,1,0.27189430594444275
7301,6,1,0.4140050709247589
7302,6,1,0.23189100623130798
7303,8,1,0.40703442692756653
7304,2,1,0.3057979941368103
7305,6,1,0.20537108182907104
7306,4,1,0.5298863053321838
7307,8,1,0.21980665624141693
7308,4,1,0.36550140380859375
7309,1,1,0.36805734038352966
7310,3,1,0.5767205357551575
7311,1,1,0.22822289168834686
7312,2,1,0.3701402246952057
7313,3,1,0.10183700919151306
7314,3,1,0.3118733763694763
7315,0,1,0.2239542156457901
7316,1,1,0.16179263591766357
7317,6,1,0.22259163856506348
7318,4,1,0.3481292724609375
7319,2,1,0.1821867823600769
7320,8,1,0.2661786675453186
7321,2,1,0.7414440512657166
7322,4,1,0.1931290626525879
7323,3,1,0.2538510859012604
7324,1,1,0.354564368724823
7325,4,1,0.22249314188957214
7326,4,1,0.3132046163082123
7327,4,1,0.36275267601013184
7328,4,1,0.32183992862701416
7329,1,1,0.5261765122413635
7330,5,1,0.45859622955322266
7331,5,1,0.2882216274738312
7332,7,0,0.29338982701301575
7333,6,1,0.33093133568763733
7334,5,1,0.2035074681043625
7335,4,1,0.37289029359817505
7336,5,1,0.35312357544898987
7337,6,1,0.3219216465950012
7338,5,1,0.2926660180091858
7339,6,1,0.2656031847000122
7340,2,1,0.5778164863586426
7341,4,1,0.2131633460521698
7342,7,0,0.27852681279182434
7343,7,0,0.1653980165719986
7344,4,1,0.5816085338592529
7345,6,1,0.17388015985488892
7346,5,1,0.22554965317249298
7347,0,1,4.183075904846191
7348,2,1,0.48215460777282715
7349,3,1,0.34064823389053345
7350,9,1,0.1612522006034851
7351,2,1,0.4742202162742615
7352,3,1,0.21927601099014282
7353,8,1,0.21006903052330017
7354,0,1,0.5912495255470276
7355,7,0,0.1876152753829956
7356,0,1,2.4287056922912598
7357,6,1,0.23125344514846802
7358,8,1,0.285127729177475
7359,1,1,0.3973406255245209
7360,2,1,0.22697500884532928
7361,8,1,0.3061291575431824
7362,9,1,0.4261595606803894
7363,1,1,0.37478673458099365
7364,5,1,0.3922475576400757
7365,4,1,0.30846691131591797
7366,2,1,0.389191597700119
7367,3,1,0.38354527950286865
7368,5,1,0.3338577151298523
7369,5,1,0.5683914422988892
7370,3,1,0.4873587489128113
7371,6,1,0.3243759274482727
7372,5,1,0.2666284441947937
7373,0,1,0.22921207547187805
7374,3,1,0.24060291051864624
7375,2,1,0.14763379096984863
7376,1,1,0.37137648463249207
7377,3,1,0.38659584522247314
7378,3,1,0.2445511519908905
7379,7,0,0.30780333280563354
7380,7,0,0.2437209188938141
7381,4,1,0.26695433259010315
7382,9,1,0.15777470171451569
7383,4,1,0.26482969522476196
7384,3,1,0.25279492139816284
7385,9,1,0.18799155950546265
7386,5,1,0.24887900054454803
7387,1,1,0.39309072494506836
7388,7,0,0.256649374961853
7389,6,1,0.3010669946670532
7390,6,1,0.3219488859176636
7391,4,1,0.2086634337902069
7392,8,1,0.1511385142803192
7393,5,1,0.38374191522598267
7394,1,1,0.5523015856742859
7395,2,1,0.4720527231693268
7396,8,1,0.29789721965789795
7397,4,1,0.4785931706428528
7398,5,1,0.1948937624692917
7399,3,1,0.2774704694747925
7400,3,1,0.2272859513759613
7401,3,1,0.26161280274391174
7402,0,1,0.2502399682998657
7403,4,1,0.3023104667663574
7404,8,1,0.1884394735097885
7405,7,0,0.31751149892807007
7406,7,0,0.6390601992607117
7407,9,1,0.27513861656188965
7408,4,1,0.29070615768432617
7409,8,1,0.3472476005554199
7410,4,1,0.5955582857131958
7411,5,1,0.2509061098098755
7412,9,1,0.39231592416763306
7413,1,1,0.3119366765022278
7414,8,1,0.17790532112121582
7415,3,1,0.4002177119255066
7416,1,1,0.3341013193130493
7417,3,1,0.36632654070854187
7418,8,1,0.2631415128707886
7419,0,1,0.5992329120635986
7420,3,1,0.26075929403305054
7421,5,1,0.33388930559158325
7422,4,1,0.1665930449962616
7423,6,1,0.5726966857910156
7424,9,1,0.41993972659111023
7425,2,1,0.3173377513885498
7426,7,0,0.325664222240448
7427,2,1,0.3779849410057068
7428,0,1,0.4694177508354187
7429,5,1,0.40439730882644653
7430,2,1,0.3598262071609497
7431,9,1,0.24516205489635468
7432,7,0,0.1758081018924713
7433,5,1,0.26722919940948486
7434,0,1,0.38138651847839355
7435,7,0,0.38111183047294617
7436,0,1,0.1893966645002365
7437,3,1,0.5767350196838379
7438,5,1,0.20699238777160645
7439,5,1,0.25320881605148315
7440,3,1,0.4533727765083313
7441,8,1,0.35380616784095764
7442,7,0,0.3865808844566345
7443,7,0,0.4024328589439392
7444,9,1,0.32705751061439514
7445,6,1,0.31371554732322693
7446,5,1,0.5022243857383728
7447,8,1,0.2717626094818115
7448,9,1,0.6123040914535522
7449,0,1,0.3552556037902832
7450,1,1,0.21760880947113037
7451,9,1,0.418398916721344
7452,4,1,0.5157963633537292
7453,0,1,0.36325082182884216
7454,0,1,0.30636245012283325
7455,1,1,0.2615721821784973
7456,7,0,0.19903424382209778
7457,2,1,0.3233190178871155
7458,2,1,0.45893609523773193
7459,8,1,0.26942336559295654
7460,5,1,0.2513863742351532
7461,9,1,0.2353714108467102
7462,8,1,0.31819215416908264
7463,2,1,0.35406848788261414
7464,8,1,0.14645490050315857
7465,0,1,0.7244434356689453
7466,6,1,0.3020259737968445
7467,6,1,0.6442424058914185
7468,8,1,0.30830666422843933
7469,6,1,0.30925196409225464
7470,9,1,0.7623770236968994
7471,6,1,0.22508129477500916
7472,1,1,0.606587290763855
7473,1,1,0.2832552194595337
7474,5,1,0.26675641536712646
7475,3,1,0.3317759931087494
7476,5,1,0.2807312607765198
7477,0,1,0.29304492473602295
7478,7,0,0.2164340764284134
7479,6,1,0.2985537052154541
7480,1,1,0.18904602527618408
7481,4,1,0.3964201509952545
7482,4,1,0.6155019998550415
7483,1,1,0.33779579401016235
7484,1,1,0.527376651763916
7485,8,1,0.18335524201393127
7486,1,1,0.4203540086746216
7487,1,1,0.4098209738731384
7488,2,1,0.2974961996078491
7489,3,1,0.31489986181259155
7490,4,1,0.2844614088535309
7491,9,1,0.36820119619369507
7492,9,1,0.33116719126701355
7493,5,1,0.23682163655757904
7494,2,1,0.22621235251426697
7495,7,0,0.37749141454696655
7496,3,1,0.3395063877105713
7497,3,1,0.37589770555496216
7498,6,1,0.5314681529998779
7499,9,1,0.41594117879867554
7500,6,1,0.18082085251808167
7501,9,1,0.21616074442863464
7502,8,1,0.3582298755645752
7503,8,1,0.12447290122509003
7504,6,1,0.2514398396015167
7505,7,0,0.4417840242385864
7506,4,1,0.2680427134037018
7507,7,0,0.41059306263923645
7508,2,1,0.1939377635717392
7509,3,1,0.3501899242401123
7510,8,1,0.2781398892402649
7511,0,1,0.37739965319633484
7512,9,1,0.2731589078903198
7513,0,1,0.5283039212226868
7514,7,0,0.23728583753108978
7515,8,1,0.25106167793273926
7516,1,1,0.3118133842945099
7517,2,1,0.3670927584171295
7518,3,1,0.4279099702835083
7519,2,1,0.6781215667724609
7520,4,1,0.3064398765563965
7521,2,1,0.2138487994670868
7522,9,1,0.3011325001716614
7523,0,1,0.5306404829025269
7524,3,1,0.19505882263183594
7525,8,1,0.374390184879303
7526,9,1,0.130058154463768
7527,6,1,0.2952970862388611
7528,5,1,0.46121281385421753
7529,5,1,0.20026245713233948
7530,2,1,0.820914626121521
7531,4,1,0.27079278230667114
7532,1,1,0.3040643334388733
7533,0,1,0.18968908488750458
7534,6,1,0.773198127746582
7535,1,1,0.5181229710578918
7536,8,1,0.1749841570854187
7537,4,1,0.37392863631248474
7538,5,1,0.2695600688457489
7539,5,1,0.1844530701637268
7540,5,1,0.20281636714935303
7541,0,1,0.3146768808364868
7542,8,1,0.19455277919769287
7543,9,1,0.20017173886299133
7544,0,1,0.306302547454834
7545,5,1,0.3540291488170624
7546,7,0,0.12978646159172058
7547,9,1,0.17781785130500793
7548,6,1,0.46791261434555054
7549,3,1,0.36633652448654175
7550,4,1,0.20226489007472992
7551,6,1,0.33286595344543457
7552,4,1,0.1527499556541443
7553,9,1,0.5150011777877808
7554,7,0,0.3216143250465393
7555,1,1,0.3907846510410309
7556,2,1,0.26219433546066284
7557,5,1,0.3623419404029846
7558,2,1,0.5921356678009033
7559,8,1,0.25010770559310913
7560,0,1,0.5552347898483276
7561,2,1,0.46977418661117554
7562,2,1,0.5753887295722961
7563,9,1,0.18524259328842163
7564,8,1,0.36676448583602905
7565,1,1,0.35733166337013245
7566,9,1,0.2108144462108612
7567,7,0,0.37116771936416626
7568,7,0,0.26805105805397034
7569,3,1,0.2144136279821396
7570,1,1,0.36073899269104004
7571,4,1,0.3927014470100403
7572,1,1,0.5360611081123352
7573,1,1,0.39238327741622925
7574,3,1,0.2748514413833618
7575,8,1,0.3320711553096771
7576,8,1,0.4753749668598175
7577,1,1,0.2733430862426758
7578,9,1,0.5897544622421265
7579,3,1,0.1488301157951355
7580,8,1,0.2213815450668335
7581,9,1,0.27860286831855774
7582,5,1,0.19976884126663208
7583,1,1,0.3944835662841797
7584,1,1,0.19093665480613708
7585,6,1,0.27293169498443604
7586,2,1,0.40211933851242065
7587,7,0,0.21585839986801147
7588,2,1,0.5096434354782104
7589,6,1,0.28463226556777954
7590,2,1,0.40287232398986816
7591,6,1,0.35142606496810913
7592,9,1,0.28055334091186523
7593,6,1,0.20270320773124695
7594,0,1,0.301207959651947
7595,1,1,0.3054971694946289
7596,3,1,0.3347514867782593
7597,9,1,0.3261854648590088
7598,3,1,0.3596201241016388
7599,8,1,0.26653367280960083
7600,8,1,0.34608161449432373
7601,8,1,0.48831114172935486
7602,2,1,0.2784923315048218
7603,9,1,0.2666982412338257
7604,1,1,0.2186431586742401
7605,2,1,0.3455093204975128
7606,6,1,0.38405925035476685
7607,0,1,0.28089991211891174
7608,5,1,0.37769031524658203
7609,0,1,0.3046320080757141
7610,7,0,0.1653769612312317
7611,7,0,0.6353352069854736
7612,7,0,0.2727031111717224
7613,9,1,0.34159576892852783
7614,4,1,0.20650151371955872
7615,5,1,0.2163335382938385
7616,0,1,0.4623059630393982
7617,2,1,0.36513423919677734
7618,3,1,0.33640313148498535
7619,5,1,0.626724123954773
7620,5,1,0.3829882740974426
7621,8,1,0.2830563187599182
7622,9,1,0.21607136726379395
7623,1,1,0.5003082752227783
7624,2,1,1.065704584121704
7625,7,0,0.3938947021961212
7626,1,1,0.45881468057632446
7627,3,1,0.26542308926582336
7628,4,1,0.45236411690711975
7629,6,1,0.2066848874092102
7630,9,1,0.18325243890285492
7631,1,1,0.3265092372894287
7632,0,1,0.2665250897407532
7633,7,0,0.21617695689201355
7634,1,1,0.2257366180419922
7635,9,1,0.1490495204925537
7636,5,1,0.4194917380809784
7637,8,1,0.4381595551967621
7638,1,1,0.48171284794807434
7639,9,1,0.30433905124664307
7640,9,1,0.42488351464271545
7641,7,0,0.2553592026233673
7642,9,1,0.46552613377571106
7643,8,1,0.3769714832305908
7644,3,1,0.1859375238418579
7645,0,1,0.665901780128479
7646,2,1,0.3118206560611725
7647,6,1,0.2614719271659851
7648,0,1,0.26030397415161133
7649,2,1,0.293912410736084
7650,2,1,0.9335389137268066
7651,4,1,0.22438693046569824
7652,0,1,0.15527057647705078
7653,8,1,0.2887524962425232
7654,4,1,0.3868516683578491
7655,8,1,0.5114046335220337
7656,1,1,0.15073499083518982
7657,2,1,0.28102409839630127
7658,7,0,0.42242905497550964
7659,2,1,0.31607264280319214
7660,7,0,0.30975016951560974
7661,9,1,0.26973238587379456
7662,5,1,0.231889545917511
7663,2,1,0.447912335395813
7664,2,1,0.5623854398727417
7665,9,1,0.22655022144317627
7666,2,1,0.2667944133281708
7667,6,1,0.327617883682251
7668,5,1,0.45010244846343994
7669,7,0,0.7533079385757446
7670,2,1,0.371052086353302
7671,5,1,0.3047175407409668
7672,6,1,0.4167586863040924
7673,5,1,0.3557824492454529
7674,1,1,0.32616570591926575
7675,8,1,0.3089342713356018
7676,2,1,0.3847196102142334
7677,6,1,0.28136321902275085
7678,8,1,0.17358970642089844
7679,6,1,0.4123486280441284
7680,3,1,0.2657794654369354
7681,0,1,0.4028833508491516
7682,8,1,0.18678194284439087
7683,0,1,0.3007443845272064
7684,0,1,0.5782249569892883
7685,9,1,0.5132672190666199
7686,9,1,0.19431962072849274
7687,6,1,0.3160051703453064
7688,8,1,0.4970329999923706
7689,0,1,0.33164650201797485
7690,6,1,0.1884842813014984
7691,6,1,0.230244979262352
7692,0,1,0.25428274273872375
7693,7,0,0.483419269323349
7694,9,1,0.33127361536026
7695,8,1,0.1462661623954773
7696,0,1,0.29602566361427307
7697,5,1,0.2279813587665558
7698,0,1,0.720935583114624
7699,9,1,0.22684885561466217
7700,6,1,0.5691864490509033
7701,0,1,0.5053901076316833
7702,4,1,0.31289106607437134
7703,7,0,0.2700594365596771
7704,1,1,0.3662896156311035
7705,7,0,0.31297942996025085
7706,8,1,0.34873297810554504
7707,8,1,0.3746914863586426
7708,2,1,0.3876141607761383
7709,3,1,0.9192863702774048
7710,9,1,0.28450503945350647
7711,6,1,0.345872163772583
7712,5,1,0.30563944578170776
7713,5,1,0.41155195236206055
7714,3,1,0.18670080602169037
7715,1,1,0.3557051420211792
7716,5,1,0.267621248960495
7717,3,1,0.31563252210617065
7718,0,1,0.12765508890151978
7719,2,1,0.5864623785018921
7720,5,1,0.4904414415359497
7721,2,1,0.2988424301147461
7722,7,0,0.4162558317184448
7723,3,1,0.3796756863594055
7724,8,1,0.29995906352996826
7725,4,1,0.3276914358139038
7726,4,1,0.2931899428367615
7727,6,1,0.23937450349330902
7728,1,1,0.28492605686187744
7729,9,1,0.30819469690322876
7730,4,1,0.50898277759552
7731,1,1,0.3228955566883087
7732,7,0,0.29544633626937866
7733,0,1,0.4990670680999756
7734,1,1,0.34149643778800964
7735,4,1,1.0547276735305786
7736,3,1,0.4594753086566925
7737,0,1,0.41628777980804443
7738,2,1,0.2753291726112366
7739,9,1,0.19702887535095215
7740,4,1,0.3658515214920044
7741,5,1,0.458393394947052
7742,0,1,0.8077266812324524
7743,3,1,0.24734574556350708
7744,4,1,0.3843592405319214
7745,7,0,0.2541133165359497
7746,2,1,0.6127216815948486
7747,3,1,0.7200149297714233
7748,0,1,0.27432140707969666
7749,1,1,0.21968795359134674
7750,3,1,0.3557303547859192
7751,7,0,0.25961291790008545
7752,9,1,0.20089833438396454
7753,9,1,0.31030404567718506
7754,0,1,0.2573113441467285
7755,7,0,0.3004287779331207
7756,5,1,0.29440492391586304
7757,6,1,0.36544865369796753
7758,7,0,0.2208726704120636
7759,1,1,0.23357485234737396
7760,2,1,0.27734899520874023
7761,2,1,0.33600401878356934
7762,7,0,0.3339715003967285
7763,4,1,0.2657952904701233
7764,6,1,0.49713975191116333
7765,8,1,0.45978376269340515
7766,4,1,0.48175114393234253
7767,9,1,0.38325977325439453
7768,8,1,0.19475148618221283
7769,4,1,0.556840181350708
7770,9,1,0.2108170986175537
7771,2,1,0.20012982189655304
7772,3,1,0.20823180675506592
7773,4,1,0.5409700274467468
7774,0,1,0.3636443614959717
7775,2,1,0.5147572755813599
7776,5,1,0.24355413019657135
7777,6,1,0.3507539927959442
7778,0,1,0.3624792695045471
7779,5,1,0.262550413608551
7780,3,1,0.2855144739151001
7781,5,1,0.6144627332687378
7782,8,1,0.2240985631942749
7783,3,1,0.3011783957481384
7784,7,0,0.5767624378204346
7785,4,1,0.682567834854126
7786,9,1,0.2887064516544342
7787,5,1,0.25481268763542175
7788,6,1,0.3805248737335205
7789,3,1,0.4120679199695587
7790,8,1,0.3494343161582947
7791,6,1,0.7649866342544556
7792,9,1,0.6101595759391785
7793,8,1,0.302570641040802
7794,5,1,0.35928019881248474
7795,5,1,0.2755933105945587
7796,8,1,0.11738713085651398
7797,3,1,0.40144795179367065
7798,5,1,0.375587522983551
7799,9,1,0.5757778882980347
7800,0,1,0.5522476434707642
7801,4,1,0.44764018058776855
7802,2,1,0.3660070300102234
7803,0,1,1.3598480224609375
7804,5,1,0.31134721636772156
7805,9,1,0.4978744387626648
7806,9,1,0.3843727707862854
7807,3,1,0.394376277923584
7808,8,1,0.2398068606853485
7809,0,1,0.5053099393844604
7810,6,1,0.6156139373779297
7811,0,1,0.37919437885284424
7812,2,1,0.4145939350128174
7813,3,1,0.5114792585372925
7814,7,0,0.6348716020584106
7815,0,1,0.5770680904388428
7816,0,1,0.35856544971466064
7817,6,1,0.2130378931760788
7818,9,1,0.3220314383506775
7819,1,1,0.5949177742004395
7820,5,1,0.17672660946846008
7821,2,1,0.34876999258995056
7822,2,1,0.8311752080917358
7823,7,0,0.41571590304374695
7824,9,1,0.3267703056335449
7825,3,1,0.27527090907096863
7826,9,1,0.26606714725494385
7827,3,1,0.4368590712547302
7828,5,1,0.30519914627075195
7829,2,1,0.7358319759368896
7830,2,1,0.3985559940338135
7831,2,1,0.29330146312713623
7832,8,1,0.3367415964603424
7833,8,1,0.2991079092025757
7834,5,1,0.4568083882331848
7835,0,1,0.3034592866897583
7836,0,1,0.3255326747894287
7837,7,0,0.19709378480911255
7838,0,1,0.3321073055267334
7839,3,1,0.3346673846244812
7840,1,1,0.2728278636932373
7841,6,1,0.191834956407547
7842,5,1,0.37718525528907776
7843,0,1,0.32032230496406555
7844,9,1,0.22945499420166016
7845,2,1,0.604310154914856
7846,6,1,0.3284074664115906
7847,7,0,0.22834818065166473
7848,4,1,0.35456132888793945
7849,2,1,0.647284746170044
7850,0,1,0.14055296778678894
7851,0,1,0.40773892402648926
7852,5,1,0.416202574968338
7853,3,1,1.428513526916504
7854,3,1,0.29837003350257874
7855,2,1,0.5166763067245483
7856,6,1,0.22997510433197021
7857,4,1,0.6254631280899048
7858,2,1,0.21813079714775085
7859,7,0,0.2711186408996582
7860,8,1,0.4533955454826355
7861,0,1,0.4532899260520935
7862,1,1,0.5088549852371216
7863,0,1,0.3234812319278717
7864,1,1,0.25755739212036133
7865,3,1,0.2933516204357147
7866,6,1,0.5789172053337097
7867,4,1,0.11916981637477875
7868,8,1,0.2522560656070709
7869,0,1,0.4531984329223633
7870,6,1,0.5348377823829651
7871,0,1,0.41621100902557373
7872,9,1,0.22495132684707642
7873,1,1,0.49640950560569763
7874,6,1,0.2922631502151489
7875,2,1,0.27335599064826965
7876,1,1,0.33829838037490845
7877,0,1,0.479015052318573
7878,1,1,0.2198035717010498
7879,3,1,0.3197448253631592
7880,0,1,0.27851200103759766
7881,3,1,0.4796288013458252
7882,7,0,0.6288408637046814
7883,9,1,0.3396112322807312
7884,9,1,0.5021281242370605
7885,3,1,0.403958261013031
7886,7,0,0.2141125351190567
7887,5,1,0.4227522015571594
7888,7,0,0.21209144592285156
7889,1,1,0.3414539694786072
7890,6,1,0.49008071422576904
7891,6,1,0.33356326818466187
7892,1,1,0.8758251667022705
7893,1,1,0.20341689884662628
7894,1,1,0.20924212038516998
7895,4,1,0.3169618844985962
7896,4,1,0.8235161900520325
7897,2,1,0.2597290277481079
7898,1,1,0.38105469942092896
7899,7,0,0.26859891414642334
7900,0,1,0.3077998757362366
7901,1,1,0.48368728160858154
7902,2,1,0.3662912845611572
7903,1,1,0.32958275079727173
7904,1,1,0.22338834404945374
7905,3,1,0.38882380723953247
7906,2,1,0.2764149010181427
7907,6,1,0.2555128037929535
7908,9,1,0.37820136547088623
7909,1,1,0.18897303938865662
7910,3,1,0.25643810629844666
7911,2,1,0.4615408778190613
7912,0,1,0.30409860610961914
7913,8,1,0.4771431088447571
7914,7,0,0.4002609848976135
7915,3,1,0.26550158858299255
7916,4,1,0.4876382350921631
7917,6,1,0.25645411014556885
7918,4,1,0.3388952612876892
7919,6,1,0.2588154971599579
7920,9,1,0.3908843398094177
7921,4,1,0.457097589969635
7922,8,1,0.3663861155509949
7923,9,1,0.4451586604118347
7924,3,1,0.3659481108188629
7925,0,1,0.21441425383090973
7926,5,1,0.24375532567501068
7927,7,0,0.2963103652000427
7928,2,1,0.6223282217979431
7929,0,1,0.4645582437515259
7930,2,1,0.37709900736808777
7931,9,1,0.4082592725753784
7932,9,1,0.2994757890701294
7933,3,1,0.34844452142715454
7934,8,1,0.14800576865673065
7935,7,0,0.5100695490837097
7936,1,1,0.5560129880905151
7937,1,1,0.3681803345680237
7938,2,1,0.538981556892395
7939,2,1,0.2454165518283844
7940,2,1,0.6740772724151611
7941,5,1,0.3169035315513611
7942,9,1,0.5715183019638062
7943,1,1,0.47485965490341187
7944,2,1,0.5047208666801453
7945,6,1,0.5282478928565979
7946,1,1,0.7388155460357666
7947,2,1,0.28078728914260864
7948,1,1,0.5977625846862793
7949,8,1,0.2528333067893982
7950,9,1,0.2432851940393448
7951,2,1,0.33066749572753906
7952,3,1,0.7658914923667908
7953,1,1,0.23385684192180634
7954,9,1,0.2936632037162781
7955,9,1,0.4689379930496216
7956,4,1,0.2984499931335449
7957,4,1,0.33220911026000977
7958,5,1,0.28681954741477966
7959,5,1,0.45188239216804504
7960,0,1,0.2230418175458908
7961,3,1,0.6521075367927551
7962,3,1,0.2575709819793701
7963,7,0,0.2090447098016739
7964,1,1,0.2747300863265991
7965,7,0,0.2326294332742691
7966,7,0,0.32394251227378845
7967,9,1,0.3843843936920166
7968,8,1,0.24690769612789154
7969,6,1,0.3935130834579468
7970,3,1,0.27141672372817993
7971,5,1,0.24844498932361603
7972,5,1,0.3957301676273346
7973,1,1,0.5020464062690735
7974,6,1,0.33251696825027466
7975,2,1,0.37404465675354004
7976,7,0,0.4247090220451355
7977,8,1,0.22159600257873535
7978,4,1,0.25768154859542847
7979,3,1,0.32353317737579346
7980,3,1,0.3534603714942932
7981,5,1,0.3695836663246155
7982,9,1,0.3832815885543823
7983,6,1,0.34356850385665894
7984,8,1,0.570198655128479
7985,5,1,0.22037360072135925
7986,1,1,0.1948687881231308
7987,0,1,1.1205191612243652
7988,6,1,0.22241969406604767
7989,7,0,0.3279390335083008
7990,0,1,0.41790807247161865
7991,9,1,0.32991111278533936
7992,6,1,0.50433349609375
7993,2,1,0.304959237575531
7994,0,1,0.9550175070762634
7995,8,1,0.2187010496854782
7996,7,0,0.43483856320381165
7997,1,1,0.15649643540382385
7998,2,1,0.3904525339603424
7999,6,1,0.5539383888244629
8000,9,1,0.1772664338350296
8001,1,1,0.6216351985931396
8002,6,1,0.31925851106643677
8003,4,1,0.25504815578460693
8004,7,0,0.22254765033721924
8005,1,1,0.2421620786190033
8006,9,1,0.3290438652038574
8007,0,1,0.41548410058021545
8008,0,1,0.43158912658691406
8009,5,1,0.30585479736328125
8010,2,1,0.3179548978805542
8011,8,1,0.4306566119194031
8012,3,1,0.2590843737125397
8013,8,1,0.39038729667663574
8014,2,1,0.20678038895130157
8015,8,1,0.2479204386472702
8016,4,1,0.3740972876548767
8017,0,1,0.4386276602745056
8018,8,1,0.3416837453842163
8019,3,1,0.2808911204338074
8020,6,1,0.2348899245262146
8021,1,1,0.20226888358592987
8022,2,1,0.38839244842529297
8023,3,1,0.3531440496444702
8024,0,1,0.37754297256469727
8025,5,1,0.30955129861831665
8026,0,1,0.19459432363510132
8027,4,1,0.3560960292816162
8028,1,1,0.4166451096534729
8029,7,0,0.3365761935710907
8030,2,1,0.14966139197349548
8031,0,1,0.3717290759086609
8032,1,1,0.5729121565818787
8033,3,1,0.2728443145751953
8034,9,1,0.24322938919067383
8035,1,1,0.4364166259765625
8036,6,1,0.11727318912744522
8037,1,1,0.36066240072250366
8038,6,1,0.31128066778182983
8039,1,1,0.2501615881919861
8040,2,1,0.5367555618286133
8041,8,1,0.28543657064437866
8042,7,0,0.19465303421020508
8043,0,1,0.6182152032852173
8044,9,1,0.5833215117454529
8045,5,1,0.29909029603004456
8046,8,1,0.3034898042678833
8047,0,1,0.26997554302215576
8048,0,1,0.6519457697868347
8049,1,1,0.38794010877609253
8050,7,0,0.30282527208328247
8051,9,1,0.43545669317245483
8052,7,0,0.3609040379524231
8053,1,1,0.465288370847702
8054,9,1,0.19978047907352448
8055,2,1,0.35522520542144775
8056,1,1,0.5293229818344116
8057,9,1,0.19692382216453552
8058,4,1,0.17563512921333313
8059,3,1,0.3875192701816559
8060,6,1,0.34658998250961304
8061,0,1,1.3821625709533691
8062,2,1,0.46664750576019287
8063,0,1,0.4773048758506775
8064,0,1,0.34215372800827026
8065,9,1,0.3328770399093628
8066,9,1,0.2986879050731659
8067,8,1,0.28508251905441284
8068,9,1,0.3984273672103882
8069,4,1,0.27694326639175415
8070,5,1,0.3571596145629883
8071,4,1,0.2265692800283432
8072,3,1,0.2938798666000366
8073,0,1,0.32471340894699097
8074,7,0,0.2031487375497818
8075,8,1,0.1980719268321991
8076,7,0,0.278275728225708
8077,3,1,0.3395916223526001
8078,7,0,0.6801451444625854
8079,5,1,0.48176074028015137
8080,4,1,0.4211750030517578
8081,6,1,0.6009484529495239
8082,5,1,0.38127607107162476
8083,9,1,0.2656700909137726
8084,5,1,0.3018806278705597
8085,2,1,0.3180006742477417
8086,4,1,0.925039529800415
8087,2,1,0.2597666084766388
8088,7,0,0.3731008470058441
8089,9,1,0.3529532849788666
8090,6,1,0.42453527450561523
8091,7,0,0.5371611714363098
8092,4,1,0.3955695927143097
8093,7,0,0.45784711837768555
8094,1,1,0.428926557302475
8095,2,1,0.8513504266738892
8096,3,1,0.3230762779712677
8097,1,1,0.39815521240234375
8098,1,1,0.3580067753791809
8099,3,1,0.24958916008472443
8100,6,1,0.3296371102333069
8101,8,1,0.17737138271331787
8102,3,1,0.3813549876213074
8103,7,0,0.2799590229988098
8104,7,0,0.5040123462677002
8105,0,1,0.2768245339393616
8106,8,1,0.1377687305212021
8107,1,1,0.46926236152648926
8108,5,1,0.30965620279312134
8109,2,1,0.320048451423645
8110,5,1,0.6044832468032837
8111,5,1,0.44263118505477905
8112,3,1,0.23318317532539368
8113,6,1,0.3848332464694977
8114,3,1,0.19659936428070068
8115,5,1,0.19208331406116486
8116,9,1,0.32915008068084717
8117,8,1,0.23881250619888306
8118,4,1,0.4969466030597687
8119,6,1,0.34867799282073975
8120,8,1,0.4335636496543884
8121,0,1,0.994551420211792
8122,4,1,0.22876062989234924
8123,1,1,0.46241647005081177
8124,7,0,0.2724282443523407
8125,8,1,0.2456178367137909
8126,4,1,0.2583020329475403
8127,9,1,0.4015066921710968
8128,7,0,0.2887835204601288
8129,2,1,0.2676326632499695
8130,6,1,0.46823084354400635
8131,3,1,0.2596951723098755
8132,8,1,0.23006713390350342
8133,8,1,0.17705440521240234
8134,6,1,0.5563408136367798
8135,7,0,0.23185575008392334
8136,3,1,0.23348896205425262
8137,8,1,0.2514747679233551
8138,1,1,0.2770097255706787
8139,1,1,0.41330215334892273
8140,5,1,0.29549795389175415
8141,3,1,0.4517228603363037
8142,7,0,0.8131658434867859
8143,9,1,0.2455282211303711
8144,9,1,0.3733457326889038
8145,9,1,0.5240016579627991
8146,8,1,0.4347835183143616
8147,5,1,0.35854777693748474
8148,9,1,0.5850498676300049
8149,9,1,0.19197475910186768
8150,6,1,0.49225738644599915
8151,8,1,0.22002451121807098
8152,8,1,0.40794995427131653
8153,4,1,1.1509222984313965
8154,8,1,0.3010327219963074
8155,1,1,0.5691231489181519
8156,0,1,0.24186870455741882
8157,1,1,0.3547092080116272
8158,8,1,0.2712114155292511
8159,8,1,0.42602503299713135
8160,6,1,0.38985180854797363
8161,5,1,0.1748931109905243
8162,9,1,0.4276408553123474
8163,0,1,0.41130003333091736
8164,6,1,0.39136916399002075
8165,1,1,0.24619905650615692
8166,2,1,0.4556267261505127
8167,6,1,0.3920237421989441
8168,6,1,0.4419350028038025
8169,3,1,0.4123991131782532
8170,5,1,0.20467089116573334
8171,6,1,0.1935533583164215
8172,5,1,0.34607917070388794
8173,5,1,0.31644418835639954
8174,3,1,0.6575632095336914
8175,3,1,0.46264001727104187
8176,6,1,0.5878300666809082
8177,8,1,0.21159666776657104
8178,9,1,0.3853317201137543
8179,4,1,0.2474709153175354
8180,4,1,0.21407513320446014
8181,3,1,0.2927878499031067
8182,8,1,0.14013534784317017
8183,3,1,0.29818737506866455
8184,6,1,0.3010339140892029
8185,0,1,0.31727248430252075
8186,8,1,0.17974361777305603
8187,5,1,0.37834903597831726
8188,7,0,0.3122035562992096
8189,8,1,0.2851531505584717
8190,4,1,0.45182478427886963
8191,6,1,0.4235338568687439
8192,5,1,0.31365275382995605
8193,3,1,0.2222762256860733
8194,1,1,0.3371013402938843
8195,8,1,0.14336466789245605
8196,3,1,0.16680344939231873
8197,0,1,0.28503137826919556
8198,4,1,0.4646996855735779
8199,4,1,0.45959779620170593
8200,3,1,0.30868715047836304
8201,3,1,0.21328231692314148
8202,5,1,0.4020165801048279
8203,3,1,0.28836578130722046
8204,3,1,0.3978128433227539
8205,2,1,0.4089244604110718
8206,7,0,0.1937789022922516
8207,7,0,0.2917596697807312
8208,8,1,0.165077805519104
8209,2,1,0.500048816204071
8210,0,1,0.6227355003356934
8211,5,1,0.3047226667404175
8212,5,1,0.21951568126678467
8213,6,1,0.25142279267311096
8214,1,1,0.33302247524261475
8215,1,1,0.40217792987823486
8216,3,1,0.21720299124717712
8217,9,1,0.28206107020378113
8218,9,1,0.3171936869621277
8219,3,1,0.4152209162712097
8220,6,1,0.39496469497680664
8221,7,0,0.4665977358818054
8222,1,1,0.3874412178993225
8223,8,1,0.14594675600528717
8224,3,1,0.30546092987060547
8225,9,1,0.28611645102500916
8226,8,1,0.946083128452301
8227,7,0,0.25967398285865784
8228,8,1,0.4352247416973114
8229,8,1,0.23068751394748688
8230,0,1,0.4641563892364502
8231,3,1,0.3657326102256775
8232,2,1,0.24743777513504028
8233,4,1,0.5862842798233032
8234,8,1,0.3078710436820984
8235,7,0,0.29834115505218506
8236,5,1,0.20592203736305237
8237,7,0,0.5335416793823242
8238,1,1,0.3615574836730957
8239,8,1,0.28708863258361816
8240,7,0,0.2642158269882202
8241,3,1,0.3979605436325073
8242,5,1,0.30386224389076233
8243,4,1,0.5865052342414856
8244,4,1,0.47932976484298706
8245,3,1,0.19116678833961487
8246,8,1,0.23272335529327393
8247,6,1,0.4563598334789276
8248,1,1,0.5749356746673584
8249,1,1,0.1075747162103653
8250,6,1,0.311932235956192
8251,3,1,0.43867671489715576
8252,2,1,0.5032875537872314
8253,2,1,0.5542674660682678
8254,8,1,0.15989553928375244
8255,9,1,0.36255672574043274
8256,8,1,0.2971108555793762
8257,3,1,0.48350733518600464
8258,3,1,0.2852664589881897
8259,8,1,0.41510191559791565
8260,1,1,0.2866654396057129
8261,1,1,0.2535160779953003
8262,0,1,0.29837867617607117
8263,5,1,0.3221396505832672
8264,2,1,0.32898470759391785
8265,0,1,0.1245955228805542
8266,5,1,0.23607808351516724
8267,0,1,0.37389129400253296
8268,5,1,0.37975335121154785
8269,8,1,0.6092714071273804
8270,6,1,0.244506374001503
8271,3,1,0.2652277946472168
8272,9,1,0.4733473062515259
8273,6,1,0.3366699814796448
8274,6,1,0.18934676051139832
8275,3,1,0.24138623476028442
8276,9,1,0.2976587414741516
8277,4,1,0.42857030034065247
8278,8,1,0.32992589473724365
8279,3,1,0.2825400233268738
8280,4,1,0.3064202070236206
8281,3,1,0.25477784872055054
8282,1,1,0.12625733017921448
8283,1,1,0.26466402411460876
8284,2,1,0.3396407961845398
8285,9,1,0.22944706678390503
8286,7,0,0.35303163528442383
8287,8,1,0.22883521020412445
8288,5,1,0.18888796865940094
8289,5,1,0.4343060255050659
8290,8,1,1.0484912395477295
8291,6,1,0.3330817222595215
8292,9,1,0.3515862226486206
8293,0,1,0.4246988594532013
8294,8,1,0.2857685685157776
8295,3,1,0.25152304768562317
8296,5,1,0.44212019443511963
8297,1,1,0.3964805603027344
8298,3,1,0.24511876702308655
8299,3,1,0.22357234358787537
8300,5,1,0.32014718651771545
8301,5,1,0.5214961767196655
8302,3,1,0.30910348892211914
8303,8,1,0.13616223633289337
8304,1,1,0.2032005488872528
8305,4,1,0.25236791372299194
8306,6,1,0.41660189628601074
8307,4,1,0.35109561681747437
8308,2,1,0.22746936976909637
8309,4,1,0.22377502918243408
8310,3,1,0.3203546106815338
8311,8,1,0.46539148688316345
8312,9,1,0.37241655588150024
8313,6,1,0.2098623812198639
8314,6,1,0.3858775496482849
8315,6,1,0.31111079454421997
8316,5,1,0.5951902866363525
8317,5,1,0.222628653049469
8318,2,1,0.5391401052474976
8319,7,0,0.4168553352355957
8320,7,0,0.20660170912742615
8321,4,1,0.25790953636169434
8322,4,1,0.33297625184059143
8323,9,1,0.3675209581851959
8324,3,1,0.48263147473335266
8325,8,1,0.2750574052333832
8326,3,1,0.7221955060958862
8327,7,0,0.33452799916267395
8328,7,0,0.3292250335216522
8329,8,1,0.24665409326553345
8330,5,1,0.22329571843147278
8331,3,1,0.3107326030731201
8332,9,1,0.4200698733329773
8333,1,1,0.33565086126327515
8334,6,1,0.7146662473678589
8335,7,0,0.1965501308441162
8336,3,1,0.29817986488342285
8337,3,1,0.3810421824455261
8338,3,1,0.36688655614852905
8339,8,1,0.15937715768814087
8340,5,1,0.22050265967845917
8341,6,1,0.3220162093639374
8342,1,1,0.17335134744644165
8343,3,1,0.23725534975528717
8344,7,0,0.49515295028686523
8345,9,1,0.3239068388938904
8346,6,1,0.23676088452339172
8347,1,1,0.3645866811275482
8348,6,1,0.5228850245475769
8349,4,1,0.37509748339653015
8350,9,1,0.1895981729030609
8351,0,1,0.3048364520072937
8352,5,1,0.23605163395404816
8353,7,0,0.3892045021057129
8354,4,1,0.36298269033432007
8355,9,1,0.2517128586769104
8356,1,1,0.3198063373565674
8357,0,1,0.5062261819839478
8358,0,1,0.3135124444961548
8359,2,1,0.3837284445762634
8360,7,0,0.42594587802886963
8361,8,1,0.3442513346672058
8362,3,1,0.27001655101776123
8363,2,1,0.48832225799560547
8364,7,0,0.16921259462833405
8365,6,1,0.22380352020263672
8366,1,1,0.4115409553050995
8367,6,1,0.37936240434646606
8368,6,1,0.30468615889549255
8369,4,1,0.27618083357810974
8370,4,1,0.20464661717414856
8371,2,1,0.5027338266372681
8372,1,1,0.3893025517463684
8373,8,1,0.1957140415906906
8374,4,1,0.36246776580810547
8375,4,1,0.3226703405380249
8376,7,0,0.2813430428504944
8377,8,1,0.21652159094810486
8378,5,1,0.4229903817176819
8379,8,1,0.22860658168792725
8380,9,1,0.20363950729370117
8381,4,1,0.4570229649543762
8382,3,1,0.41584154963493347
8383,2,1,0.5255757570266724
8384,2,1,0.21023041009902954
8385,9,1,0.45369547605514526
8386,3,1,0.5126272439956665
8387,0,1,0.226476788520813
8388,1,1,0.19767944514751434
8389,1,1,0.6709511280059814
8390,1,1,0.3559756278991699
8391,1,1,0.24172785878181458
8392,6,1,0.36325719952583313
8393,8,1,0.21715426445007324
8394,7,0,0.19447188079357147
8395,1,1,0.27664148807525635
8396,3,1,0.3587888479232788
8397,0,1,0.6412421464920044
8398,4,1,0.5116438269615173
8399,5,1,0.2979435622692108
8400,0,1,0.09679257869720459
8401,3,1,0.21821479499340057
8402,0,1,0.39492282271385193
8403,6,1,0.29725831747055054
8404,2,1,0.2744453549385071
8405,0,1,0.28525447845458984
8406,9,1,0.5649037957191467
8407,8,1,0.12381825596094131
8408,6,1,0.290641725063324
8409,8,1,0.18903806805610657
8410,5,1,0.3865063190460205
8411,8,1,0.35140281915664673
8412,2,1,0.5418422222137451
8413,9,1,0.39500272274017334
8414,6,1,0.24179500341415405
8415,0,1,0.18394753336906433
8416,6,1,0.29476267099380493
8417,1,1,0.3085838556289673
8418,8,1,0.24924829602241516
8419,7,0,0.5403539538383484
8420,3,1,0.5989248752593994
8421,2,1,0.25488635897636414
8422,2,1,0.47958171367645264
8423,6,1,0.5314114093780518
8424,5,1,0.31933826208114624
8425,6,1,0.19718682765960693
8426,9,1,0.22779560089111328
8427,2,1,0.2971853017807007
8428,5,1,0.20187470316886902
8429,4,1,0.31011494994163513
8430,9,1,0.2714778780937195
8431,8,1,0.21564912796020508
8432,5,1,0.24599042534828186
8433,3,1,0.5112165212631226
8434,9,1,0.22913077473640442
8435,3,1,0.20926812291145325
8436,5,1,0.37579965591430664
8437,7,0,0.4053175449371338
8438,1,1,0.6227107048034668
8439,8,1,0.17765088379383087
8440,5,1,0.435305655002594
8441,8,1,0.22036124765872955
8442,6,1,0.2570573091506958
8443,2,1,0.20238274335861206
8444,5,1,0.2940332889556885
8445,1,1,0.5013681054115295
8446,3,1,0.16608551144599915
8447,0,1,0.4730817675590515
8448,4,1,0.43700796365737915
8449,1,1,0.6136417984962463
8450,9,1,0.3094298839569092
8451,5,1,0.4447307884693146
8452,4,1,0.40127912163734436
8453,9,1,0.24432331323623657
8454,2,1,0.3974330425262451
8455,1,1,0.2702287435531616
8456,4,1,0.2630677819252014
8457,2,1,0.39050766825675964
8458,5,1,0.19509661197662354
8459,9,1,0.2642596662044525
8460,8,1,0.1615016907453537
8461,7,0,0.2882070541381836
8462,2,1,0.6513708233833313
8463,1,1,0.4926947355270386
8464,6,1,0.29279688000679016
8465,9,1,0.3354840576648712
8466,7,0,0.5681597590446472
8467,3,1,0.2997279465198517
8468,6,1,0.2811207175254822
8469,5,1,0.35293275117874146
8470,8,1,0.19676867127418518
8471,0,1,0.3417253792285919
8472,2,1,0.3560340404510498
8473,2,1,0.7069196701049805
8474,4,1,0.4555937945842743
8475,9,1,0.2521851360797882
8476,0,1,0.6328309178352356
8477,5,1,0.2748260200023651
8478,5,1,0.3998009264469147
8479,4,1,0.11805938184261322
8480,2,1,0.24987396597862244
8481,3,1,0.15672393143177032
8482,1,1,0.3326781392097473
8483,0,1,0.2314971685409546
8484,3,1,0.35144510865211487
8485,0,1,0.7459548711776733
8486,4,1,0.38398438692092896
8487,4,1,0.3090054392814636
8488,9,1,0.242879718542099
8489,1,1,0.2019176334142685
8490,3,1,0.3260916471481323
8491,3,1,0.18705084919929504
8492,0,1,0.43481117486953735
8493,2,1,0.5584892630577087
8494,1,1,0.6852730512619019
8495,1,1,0.37146466970443726
8496,0,1,0.20369960367679596
8497,4,1,0.23385006189346313
8498,1,1,0.3567684292793274
8499,9,1,0.2624526619911194
8500,4,1,0.21855495870113373
8501,8,1,0.30720198154449463
8502,1,1,0.3759806752204895
8503,1,1,0.435183048248291
8504,1,1,0.5703853368759155
8505,5,1,0.18872030079364777
8506,9,1,0.2147424966096878
8507,8,1,0.31721341609954834
8508,1,1,0.3626767694950104
8509,6,1,0.43451547622680664
8510,7,0,0.2786600589752197
8511,2,1,0.36276453733444214
8512,9,1,0.26342082023620605
8513,9,1,0.29191669821739197
8514,7,0,0.202844500541687
8515,8,1,0.38346749544143677
8516,8,1,0.5034622550010681
8517,1,1,0.3597199618816376
8518,9,1,0.1890912503004074
8519,7,0,0.28976136445999146
8520,8,1,0.5181422829627991
8521,9,1,0.3275202512741089
8522,1,1,0.24405236542224884
8523,6,1,0.6255831122398376
8524,6,1,0.2964909076690674
8525,3,1,0.2979031205177307
8526,3,1,0.41113078594207764
8527,1,1,0.42319363355636597
8528,3,1,0.20452463626861572
8529,0,1,0.30046284198760986
8530,8,1,0.40585851669311523
8531,8,1,0.2264273762702942
8532,3,1,0.30977076292037964
8533,6,1,0.5633561015129089
8534,6,1,0.3485582768917084
8535,7,0,0.3854231536388397
8536,1,1,0.477518230676651
8537,0,1,0.26757150888442993
8538,7,0,0.37056607007980347
8539,6,1,0.19629880785942078
8540,4,1,0.4345349073410034
8541,8,1,0.6887103319168091
8542,2,1,0.5252750515937805
8543,0,1,0.40653643012046814
8544,6,1,0.4069608449935913
8545,6,1,0.3044414818286896
8546,8,1,0.5356104373931885
8547,6,1,0.2737175226211548
8548,3,1,0.25039026141166687
8549,1,1,0.351818323135376
8550,1,1,0.4002472460269928
8551,8,1,0.21471163630485535
8552,6,1,0.19289496541023254
8553,7,0,0.6232771277427673
8554,0,1,0.5654598474502563
8555,5,1,0.46682822704315186
8556,4,1,0.3827282786369324
8557,3,1,0.24866189062595367
8558,2,1,0.381172239780426
8559,1,1,0.23596622049808502
8560,7,0,0.3032669126987457
8561,8,1,0.14146147668361664
8562,2,1,0.38533905148506165
8563,0,1,0.3117843270301819
8564,1,1,0.47228673100471497
8565,7,0,0.30634140968322754
8566,4,1,0.2910690903663635
8567,8,1,0.34653276205062866
8568,7,0,0.23012283444404602
8569,6,1,0.40304848551750183
8570,6,1,0.3424808084964752
8571,7,0,0.20840132236480713
8572,0,1,0.3623185455799103
8573,6,1,0.39849424362182617
8574,4,1,0.4363485276699066
8575,9,1,0.32412707805633545
8576,2,1,0.662991464138031
8577,3,1,0.29681339859962463
8578,2,1,0.2508411109447479
8579,1,1,0.4963856041431427
8580,3,1,0.42689263820648193
8581,8,1,0.23675936460494995
8582,6,1,0.5838016271591187
8583,8,1,0.5236819982528687
8584,1,1,0.2552250921726227
8585,9,1,0.28345561027526855
8586,6,1,0.2875884771347046
8587,7,0,0.19750557839870453
8588,6,1,0.3129514455795288
8589,5,1,0.27947524189949036
8590,0,1,0.3512103259563446
8591,6,1,0.412370890378952
8592,0,1,0.24518944323062897
8593,1,1,0.2677273154258728
8594,3,1,0.277486115694046
8595,1,1,0.42553815245628357
8596,1,1,0.3776237964630127
8597,5,1,0.36975932121276855
8598,3,1,0.6972019076347351
8599,4,1,0.3449888825416565
8600,3,1,0.23936262726783752
8601,3,1,0.34144115447998047
8602,8,1,0.40595513582229614
8603,1,1,0.418982595205307
8604,6,1,0.26020413637161255
8605,6,1,0.3576187789440155
8606,1,1,0.30264222621917725
8607,8,1,0.19703003764152527
8608,8,1,0.2683069109916687
8609,6,1,0.530626654624939
8610,2,1,0.5488746166229248
8611,7,0,0.1317664384841919
8612,4,1,0.14566174149513245
8613,6,1,0.19025686383247375
8614,8,1,0.35163789987564087
8615,9,1,0.6089784502983093
8616,3,1,0.4944114685058594
8617,3,1,0.3724629878997803
8618,5,1,0.25844305753707886
8619,5,1,0.28905025124549866
8620,3,1,0.35813838243484497
8621,1,1,0.25946149230003357
8622,4,1,0.43984535336494446
8623,1,1,0.37087565660476685
8624,9,1,0.3126511573791504
8625,5,1,0.2655237913131714
8626,1,1,0.3710440397262573
8627,7,0,0.20404651761054993
8628,7,0,0.3630468249320984
8629,7,0,0.23246309161186218
8630,5,1,0.2209160327911377
8631,2,1,0.7755917906761169
8632,3,1,0.3253951072692871
8633,3,1,0.3660728931427002
8634,6,1,0.49625164270401
8635,6,1,0.401042640209198
8636,6,1,0.346658855676651
8637,4,1,0.5337086915969849
8638,0,1,1.952386498451233
8639,7,0,0.6774834394454956
8640,1,1,0.3396719992160797
8641,7,0,0.46678978204727173
8642,3,1,0.28770479559898376
8643,0,1,0.2912319302558899
8644,8,1,0.2432064414024353
8645,1,1,0.38780301809310913
8646,2,1,0.3828670084476471
8647,4,1,0.30057162046432495
8648,1,1,0.6856808662414551
8649,2,1,0.42191174626350403
8650,2,1,0.4429769515991211
8651,4,1,0.2792411744594574
8652,9,1,0.29574885964393616
8653,8,1,0.28403639793395996
8654,2,1,0.41679462790489197
8655,8,1,0.49754124879837036
8656,7,0,0.35877519845962524
8657,6,1,0.201663076877594
8658,3,1,0.32297664880752563
8659,4,1,0.3302883505821228
8660,7,0,0.2528313398361206
8661,2,1,0.26289549469947815
8662,3,1,0.278023898601532
8663,1,1,0.5009823441505432
8664,5,1,0.2553064823150635
8665,3,1,0.2842811942100525
8666,0,1,0.3385145664215088
8667,4,1,0.39321208000183105
8668,3,1,0.3158165216445923
8669,4,1,0.3482540547847748
8670,9,1,0.42966601252555847
8671,4,1,0.3580913543701172
8672,7,0,0.29937583208084106
8673,9,1,0.3495938777923584
8674,1,1,0.35056811571121216
8675,7,0,0.3909170925617218
8676,8,1,0.3050064444541931
8677,3,1,0.27534958720207214
8678,1,1,0.21888965368270874
8679,8,1,0.4082995653152466
8680,3,1,0.3965562582015991
8681,2,1,0.6701664924621582
8682,5,1,0.2999657392501831
8683,7,0,0.3274759352207184
8684,2,1,0.28109830617904663
8685,7,0,0.23799429833889008
8686,9,1,0.3583620488643646
8687,6,1,0.7074072360992432
8688,8,1,0.19734935462474823
8689,6,1,0.33339112997055054
8690,8,1,0.24592183530330658
8691,6,1,0.3334273099899292
8692,5,1,0.28428205847740173
8693,9,1,0.18558621406555176
8694,0,1,0.5452855825424194
8695,4,1,0.37917017936706543
8696,8,1,0.3110601305961609
8697,5,1,0.20582883059978485
8698,6,1,0.4952399432659149
8699,4,1,0.4638581871986389
8700,3,1,0.21985062956809998
8701,8,1,0.3062293231487274
8702,0,1,0.2700946629047394
8703,4,1,0.312276154756546
8704,8,1,0.269001841545105
8705,6,1,0.4376034736633301
8706,7,0,0.24386921525001526
8707,2,1,0.3204877972602844
8708,7,0,0.37619921565055847
8709,1,1,0.5492356419563293
8710,7,0,0.3929404616355896
8711,4,1,0.3495873212814331
8712,1,1,0.3404717445373535
8713,2,1,0.31337469816207886
8714,4,1,0.6146085262298584
8715,2,1,0.29186567664146423
8716,2,1,0.3389936089515686
8717,8,1,0.45592862367630005
8718,7,0,0.2687408924102783
8719,2,1,0.3224557340145111
8720,2,1,0.7175043821334839
8721,6,1,0.30474168062210083
8722,7,0,0.5646122694015503
8723,5,1,0.34840822219848633
8724,6,1,0.186631977558136
8725,8,1,0.17401853203773499
8726,9,1,0.39158567786216736
8727,9,1,0.49865037202835083
8728,6,1,0.564841091632843
8729,5,1,0.30835598707199097
8730,2,1,0.3073281943798065
8731,9,1,0.31131666898727417
8732,8,1,0.3074458837509155
8733,7,0,0.3206474781036377
8734,2,1,0.4193050265312195
8735,3,1,0.48651447892189026
8736,3,1,0.21282806992530823
8737,7,0,0.39876607060432434
8738,4,1,0.22906342148780823
8739,3,1,0.22290973365306854
8740,2,1,0.4184722602367401
8741,1,1,0.3108474612236023
8742,9,1,0.2305484414100647
8743,0,1,0.31011465191841125
8744,1,1,0.5017269849777222
8745,5,1,0.24642930924892426
8746,3,1,0.2858300805091858
8747,2,1,0.19044910371303558
8748,6,1,0.3816317915916443
8749,5,1,0.45518040657043457
8750,9,1,0.2692521810531616
8751,1,1,0.2773507535457611
8752,5,1,0.323280930519104
8753,4,1,0.3075050115585327
8754,3,1,0.2681310772895813
8755,6,1,0.2350979745388031
8756,2,1,0.6785744428634644
8757,8,1,0.5429893732070923
8758,9,1,0.20781657099723816
8759,7,0,0.23776185512542725
8760,8,1,0.21022607386112213
8761,0,1,0.23712539672851562
8762,8,1,0.27781105041503906
8763,9,1,0.4530635476112366
8764,1,1,0.3397804796695709
8765,2,1,0.3378710150718689
8766,5,1,0.3991069197654724
8767,7,0,0.5865416526794434
8768,2,1,1.3178989887237549
8769,0,1,0.5487527847290039
8770,6,1,0.16143764555454254
8771,6,1,0.5708884000778198
8772,1,1,0.4340280294418335
8773,6,1,0.22919043898582458
8774,3,1,0.32892149686813354
8775,1,1,0.4608820378780365
8776,5,1,0.3136718273162842
8777,0,1,0.3403012752532959
8778,3,1,0.4198315441608429
8779,7,0,0.4661714732646942
8780,4,1,0.3430420756340027
8781,6,1,0.4583749771118164
8782,5,1,0.42971450090408325
8783,6,1,0.3302338123321533
8784,4,1,0.3502439558506012
8785,8,1,0.278348445892334
8786,3,1,0.3456035852432251
8787,4,1,0.1840568631887436
8788,5,1,0.22442135214805603
8789,5,1,0.3899868130683899
8790,0,1,0.41666609048843384
8791,6,1,0.29217004776000977
8792,6,1,0.4502350687980652
8793,7,0,0.2815238833427429
8794,5,1,0.36983785033226013
8795,0,1,0.32813215255737305
8796,9,1,0.4064960777759552
8797,9,1,0.32725656032562256
8798,6,1,0.28625601530075073
8799,1,1,0.4904394745826721
8800,0,1,0.975823163986206
8801,4,1,0.33773425221443176
8802,6,1,0.3586922883987427
8803,3,1,0.25939154624938965
8804,6,1,0.35949647426605225
8805,9,1,0.29110199213027954
8806,3,1,0.31126755475997925
8807,6,1,0.32029989361763
8808,6,1,0.38682156801223755
8809,8,1,0.4264129102230072
8810,2,1,0.29271143674850464
8811,1,1,0.21274852752685547
8812,0,1,0.4188668429851532
8813,1,1,0.30143168568611145
8814,9,1,0.3871886134147644
8815,3,1,0.2503352463245392
8816,7,0,0.21358510851860046
8817,4,1,0.5267146825790405
8818,3,1,0.2874678373336792
8819,0,1,0.6663682460784912
8820,2,1,0.28227826952934265
8821,7,0,0.2592517137527466
8822,6,1,0.6795051097869873
8823,4,1,0.17889605462551117
8824,3,1,0.4131799042224884
8825,0,1,0.2812146544456482
8826,8,1,0.21001394093036652
8827,2,1,0.5343897342681885
8828,0,1,0.34351596236228943
8829,0,1,0.11208246648311615
8830,9,1,0.12972106039524078
8831,6,1,0.25417396426200867
8832,6,1,0.2875671684741974
8833,6,1,0.27129364013671875
8834,8,1,0.24575409293174744
8835,7,0,0.3109292984008789
8836,4,1,0.16144205629825592
8837,1,1,0.1951286643743515
8838,8,1,0.2526393532752991
8839,1,1,0.32934463024139404
8840,2,1,0.264957457780838
8841,2,1,0.7129056453704834
8842,4,1,0.24010872840881348
8843,8,1,0.22539690136909485
8844,5,1,0.34192395210266113
8845,2,1,0.23651017248630524
8846,6,1,0.3794141411781311
8847,5,1,0.36086076498031616
8848,3,1,0.26393043994903564
8849,9,1,0.3523779809474945
8850,1,1,0.5249748229980469
8851,0,1,0.43215012550354004
8852,7,0,0.18530404567718506
8853,2,1,0.27334699034690857
8854,4,1,0.43965548276901245
8855,4,1,0.4299613833427429
8856,0,1,3.234666347503662
8857,0,1,0.3316348195075989
8858,6,1,0.2506573498249054
8859,2,1,0.3418259024620056
8860,2,1,0.33925294876098633
8861,4,1,0.5167129039764404
8862,0,1,0.2761371433734894
8863,5,1,0.3088315725326538
8864,9,1,0.21834442019462585
8865,7,0,0.2727012634277344
8866,1,1,0.35269010066986084
8867,8,1,0.1429833173751831
8868,4,1,0.35536807775497437
8869,5,1,0.39230623841285706
8870,5,1,0.15857744216918945
8871,9,1,0.38914865255355835
8872,8,1,0.40265387296676636
8873,5,1,0.266586571931839
8874,7,0,0.2318299263715744
8875,8,1,0.28396350145339966
8876,0,1,0.2082681953907013
8877,9,1,0.4224686026573181
8878,8,1,0.15875138342380524
8879,9,1,0.258682519197464
8880,1,1,0.29932576417922974
8881,6,1,0.25755977630615234
8882,3,1,0.5021870732307434
8883,8,1,0.2504451870918274
8884,0,1,0.31046849489212036
8885,3,1,0.18585972487926483
8886,4,1,0.26142382621765137
8887,4,1,0.3634698987007141
8888,8,1,0.42310160398483276
8889,4,1,0.40383145213127136
8890,8,1,0.32329756021499634
8891,9,1,0.42455071210861206
8892,8,1,0.23425668478012085
8893,6,1,0.3858664631843567
8894,0,1,0.19669455289840698
8895,0,1,0.1938047707080841
8896,8,1,0.3067331910133362
8897,2,1,0.441098690032959
8898,7,0,0.1856064349412918
8899,4,1,0.23574888706207275
8900,2,1,0.42621269822120667
8901,5,1,0.2516855299472809
8902,6,1,0.27718108892440796
8903,0,1,1.272695541381836
8904,5,1,0.2034640908241272
8905,8,1,0.5268660187721252
8906,4,1,0.1617199182510376
8907,1,1,0.25298142433166504
8908,9,1,0.26653361320495605
8909,0,1,0.44486716389656067
8910,1,1,0.6630327701568604
8911,4,1,0.29628950357437134
8912,4,1,0.5531109571456909
8913,8,1,0.319923996925354
8914,4,1,0.37920644879341125
8915,9,1,0.1640746295452118
8916,6,1,0.37748897075653076
8917,0,1,0.3302900791168213
8918,7,0,0.12677371501922607
8919,7,0,0.14132070541381836
8920,6,1,0.40502476692199707
8921,8,1,0.2581382989883423
8922,9,1,0.21326906979084015
8923,6,1,0.34379905462265015
8924,2,1,0.25621849298477173
8925,0,1,0.9427008628845215
8926,4,1,0.2755790948867798
8927,9,1,0.3546152710914612
8928,4,1,1.0182790756225586
8929,9,1,0.18864919245243073
8930,3,1,0.3589846193790436
8931,9,1,0.27034860849380493
8932,6,1,0.2557973265647888
8933,6,1,0.20955944061279297
8934,7,0,0.26607075333595276
8935,0,1,0.2623329162597656
8936,9,1,0.23798787593841553
8937,7,0,0.24747183918952942
8938,1,1,0.24437786638736725
8939,8,1,0.28186309337615967
8940,6,1,0.4158795475959778
8941,0,1,0.22049680352210999
8942,6,1,0.44023388624191284
8943,7,0,0.5374248027801514
8944,4,1,0.27335885167121887
8945,1,1,0.2828078269958496
8946,9,1,0.2983805537223816
8947,4,1,0.23426559567451477
8948,6,1,0.278486967086792
8949,7,0,0.32943111658096313
8950,9,1,0.1946437656879425
8951,8,1,0.6430965662002563
8952,3,1,0.15636886656284332
8953,9,1,0.44007498025894165
8954,2,1,0.23469248414039612
8955,1,1,0.5014017224311829
8956,2,1,0.1739765852689743
8957,7,0,0.2716040015220642
8958,6,1,0.16450530290603638
8959,1,1,0.2793893814086914
8960,0,1,8.278524398803711
8961,0,1,0.26800310611724854
8962,5,1,0.2098579704761505
8963,6,1,0.5617660284042358
8964,0,1,0.38614583015441895
8965,4,1,0.21559320390224457
8966,3,1,0.25923559069633484
8967,2,1,0.3611758053302765
8968,8,1,0.6184351444244385
8969,8,1,0.38071954250335693
8970,0,1,0.28223690390586853
8971,6,1,0.726982593536377
8972,9,1,0.3002055883407593
8973,5,1,0.24462540447711945
8974,2,1,0.29552382230758667
8975,8,1,0.3854900598526001
8976,7,0,0.3284696340560913
8977,0,1,0.2842559218406677
8978,6,1,0.34784388542175293
8979,5,1,0.2818005084991455
8980,9,1,0.20596657693386078
8981,7,0,0.2998906075954437
8982,2,1,0.40447694063186646
8983,3,1,0.29945051670074463
8984,6,1,0.3078629970550537
8985,9,1,0.4942297041416168
8986,6,1,0.568015992641449
8987,2,1,0.9386767745018005
8988,2,1,0.31202587485313416
8989,4,1,0.2284262478351593
8990,1,1,0.37819069623947144
8991,0,1,0.527441143989563
8992,5,1,0.23359932005405426
8993,0,1,0.15271084010601044
8994,8,1,0.2814611792564392
8995,9,1,0.33012038469314575
8996,3,1,0.3033784031867981
8997,5,1,0.22282952070236206
8998,9,1,0.22011107206344604
8999,3,1,0.38484030961990356
9000,8,1,0.25389158725738525
9001,1,1,0.3830639123916626
9002,6,1,0.3129381537437439
9003,3,1,0.6329565644264221
9004,7,0,0.13252711296081543
9005,5,1,0.3354758620262146
9006,6,1,0.448350727558136
9007,2,1,0.3418682813644409
9008,0,1,0.43260031938552856
9009,2,1,0.4731532633304596
9010,8,1,0.3061661422252655
9011,2,1,0.22000104188919067
9012,8,1,0.21471945941448212
9013,7,0,0.4709412455558777
9014,7,0,0.29599255323410034
9015,8,1,0.1504122018814087
9016,1,1,0.8729211091995239
9017,0,1,0.4936547875404358
9018,8,1,0.19688497483730316
9019,9,1,0.18955263495445251
9020,7,0,0.3694833815097809
9021,0,1,0.2366420030593872
9022,3,1,0.275310754776001
9023,8,1,0.33760184049606323
9024,0,1,0.4522048234939575
9025,5,1,0.19279973208904266
9026,9,1,0.33507251739501953
9027,5,1,0.42343586683273315
9028,8,1,0.2976665496826172
9029,4,1,0.5908957719802856
9030,2,1,0.6847724318504333
9031,0,1,0.6543524861335754
9032,9,1,0.35710418224334717
9033,2,1,0.4083811640739441
9034,2,1,0.3122345209121704
9035,4,1,0.4919343888759613
9036,4,1,0.6796249747276306
9037,9,1,0.3601270616054535
9038,2,1,0.2642808258533478
9039,2,1,0.37205350399017334
9040,2,1,0.24079206585884094
9041,5,1,0.37564194202423096
9042,1,1,0.4485204219818115
9043,3,1,0.2979755997657776
9044,2,1,0.4467312693595886
9045,0,1,0.3467016816139221
9046,0,1,0.4127882719039917
9047,4,1,0.1471819132566452
9048,0,1,0.33019107580184937
9049,6,1,0.30494463443756104
9050,5,1,0.17702750861644745
9051,8,1,0.27199530601501465
9052,0,1,0.32508885860443115
9053,5,1,0.33215487003326416
9054,8,1,0.8564860224723816
9055,6,1,0.22976475954055786
9056,4,1,0.44881510734558105
9057,8,1,0.3910665512084961
9058,5,1,0.4508977234363556
9059,2,1,0.6469564437866211
9060,9,1,0.27150261402130127
9061,7,0,0.5538232922554016
9062,9,1,0.2219575047492981
9063,7,0,0.17158590257167816
9064,1,1,0.29677438735961914
9065,0,1,0.38323086500167847
9066,1,1,0.2922637462615967
9067,9,1,0.16455146670341492
9068,6,1,0.3702389597892761
9069,9,1,0.5008450150489807
9070,2,1,0.4148992896080017
9071,7,0,0.2396128922700882
9072,9,1,0.2730726897716522
9073,4,1,0.3839097023010254
9074,4,1,0.32320988178253174
9075,0,1,0.4627922773361206
9076,6,1,0.48731929063796997
9077,2,1,0.3796275854110718
9078,4,1,0.21284574270248413
9079,1,1,0.4524883031845093
9080,3,1,0.8594920635223389
9081,7,0,0.23757091164588928
9082,2,1,0.2999259829521179
9083,8,1,0.2855631709098816
9084,5,1,0.23345017433166504
9085,9,1,0.225961372256279
9086,0,1,0.2098492681980133
9087,3,1,0.2865975499153137
9088,2,1,0.4315870702266693
9089,3,1,0.3996765613555908
9090,2,1,0.37264782190322876
9091,7,0,0.23624615371227264
9092,6,1,0.2862131595611572
9093,3,1,0.41966038942337036
9094,2,1,0.2754974067211151
9095,5,1,0.22198618948459625
9096,9,1,0.2454061508178711
9097,0,1,0.8583707809448242
9098,5,1,0.3491387963294983
9099,9,1,0.7676504254341125
9100,9,1,0.39872831106185913
9101,8,1,0.20517143607139587
9102,7,0,0.1916370689868927
9103,7,0,0.3596493601799011
9104,4,1,0.25014084577560425
9105,8,1,0.3160765469074249
9106,6,1,0.38554179668426514
9107,5,1,0.21274420619010925
9108,2,1,0.16387063264846802
9109,3,1,0.21794715523719788
9110,1,1,0.35587215423583984
9111,0,1,0.36933833360671997
9112,4,1,0.3495882749557495
9113,1,1,0.3473528325557709
9114,8,1,0.19316625595092773
9115,8,1,0.30669325590133667
9116,4,1,0.18437401950359344
9117,9,1,0.39917081594467163
9118,4,1,0.31615376472473145
9119,4,1,0.19273996353149414
9120,3,1,0.4406996965408325
9121,3,1,0.13633081316947937
9122,9,1,0.28184694051742554
9123,2,1,0.25009313225746155
9124,0,1,0.4289279580116272
9125,1,1,0.48734748363494873
9126,1,1,0.3383176326751709
9127,8,1,0.27079343795776367
9128,4,1,0.46079450845718384
9129,4,1,0.2650863826274872
9130,8,1,0.6323872804641724
9131,3,1,0.4214298129081726
9132,2,1,0.3770403563976288
9133,9,1,0.34684109687805176
9134,5,1,0.45222723484039307
9135,7,0,0.5807806253433228
9136,6,1,0.43744030594825745
9137,2,1,0.45750200748443604
9138,5,1,0.3210129141807556
9139,4,1,0.5857976675033569
9140,7,0,0.330914705991745
9141,3,1,0.3212180435657501
9142,3,1,0.18519511818885803
9143,9,1,0.32122260332107544
9144,0,1,0.183797225356102
9145,1,1,0.44568145275115967
9146,5,1,0.24614949524402618
9147,9,1,0.2421768307685852
9148,3,1,0.22255682945251465
9149,7,0,0.3507641851902008
9150,6,1,0.29463815689086914
9151,0,1,0.40539512038230896
9152,4,1,0.2831077575683594
9153,2,1,0.42771416902542114
9154,2,1,0.554832935333252
9155,5,1,0.3323856592178345
9156,6,1,0.3576326370239258
9157,3,1,0.32845354080200195
9158,8,1,0.18913814425468445
9159,9,1,0.3858393430709839
9160,5,1,0.24869053065776825
9161,6,1,0.3986017405986786
9162,1,1,0.29547473788261414
9163,4,1,0.2923019528388977
9164,5,1,0.1443018913269043
9165,4,1,0.4843866229057312
9166,6,1,0.29947733879089355
9167,7,0,0.18816307187080383
9168,2,1,0.2538716197013855
9169,1,1,0.18289867043495178
9170,0,1,0.3519052565097809
9171,2,1,0.3824422061443329
9172,0,1,0.3151036500930786
9173,4,1,0.15969619154930115
9174,9,1,0.6137780547142029
9175,8,1,0.32803404331207275
9176,8,1,0.5275371074676514
9177,9,1,0.3510388731956482
9178,1,1,0.35337674617767334
9179,1,1,0.34069857001304626
9180,5,1,0.3903758227825165
9181,0,1,0.3527832627296448
9182,0,1,0.563944935798645
9183,8,1,0.22662776708602905
9184,7,0,0.30842339992523193
9185,1,1,0.39019832015037537
9186,7,0,0.4082440137863159
9187,4,1,0.1369670331478119
9188,5,1,0.21817851066589355
9189,4,1,0.37365588545799255
9190,3,1,0.26669102907180786
9191,3,1,0.3655282258987427
9192,2,1,0.4710621237754822
9193,0,1,0.8523144721984863
9194,6,1,0.33973783254623413
9195,6,1,0.3680489659309387
9196,0,1,0.23509971797466278
9197,1,1,0.13149923086166382
9198,3,1,0.6111041307449341
9199,9,1,0.28138071298599243
9200,8,1,0.18019871413707733
9201,3,1,0.2585938274860382
9202,7,0,0.2206232249736786
9203,8,1,0.1708245873451233
9204,9,1,0.255391001701355
9205,4,1,0.2644028067588806
9206,8,1,0.978696346282959
9207,9,1,0.34398189187049866
9208,0,1,0.44133704900741577
9209,9,1,0.593262255191803
9210,7,0,0.3021252453327179
9211,1,1,0.3106345534324646
9212,6,1,0.7545419335365295
9213,2,1,0.24252812564373016
9214,9,1,0.28046053647994995
9215,5,1,0.22938229143619537
9216,6,1,1.0658270120620728
9217,9,1,0.35797521471977234
9218,3,1,0.33533939719200134
9219,9,1,0.19718673825263977
9220,8,1,0.22443169355392456
9221,7,0,0.35585883259773254
9222,7,0,0.2521512508392334
9223,1,1,0.43514299392700195
9224,6,1,0.444316565990448
9225,5,1,0.4506031274795532
9226,3,1,0.24841620028018951
9227,1,1,0.20255762338638306
9228,3,1,0.37280750274658203
9229,1,1,0.2514582872390747
9230,2,1,0.23679418861865997
9231,7,0,0.17652425169944763
9232,1,1,0.36325639486312866
9233,8,1,0.1573946177959442
9234,2,1,0.7377508878707886
9235,0,1,0.22096815705299377
9236,9,1,0.18246698379516602
9237,7,0,0.24715204536914825
9238,9,1,0.5019028186798096
9239,8,1,0.26714828610420227
9240,8,1,0.27919238805770874
9241,6,1,0.29353541135787964
9242,7,0,0.5148282051086426
9243,3,1,0.17169836163520813
9244,7,0,0.2059226930141449
9245,1,1,0.3863387107849121
9246,3,1,1.563187599182129
9247,9,1,0.4036825895309448
9248,0,1,0.20925289392471313
9249,9,1,0.40502095222473145
9250,3,1,0.6535260081291199
9251,6,1,0.1789710819721222
9252,7,0,0.24613317847251892
9253,2,1,0.31531450152397156
9254,7,0,0.1407708376646042
9255,3,1,0.2553132176399231
9256,0,1,0.31381484866142273
9257,5,1,0.15437233448028564
9258,9,1,0.3922014832496643
9259,7,0,0.38184452056884766
9260,5,1,0.11384783685207367
9261,5,1,0.21638911962509155
9262,0,1,0.22713716328144073
9263,6,1,0.445245623588562
9264,5,1,0.30984410643577576
9265,1,1,0.26496702432632446
9266,8,1,0.2545561194419861
9267,2,1,0.35780245065689087
9268,7,0,0.5639742016792297
9269,5,1,0.6667358875274658
9270,9,1,0.21281157433986664
9271,0,1,0.4330018162727356
9272,0,1,0.3256019949913025
9273,0,1,0.5368620753288269
9274,8,1,0.2685813307762146
9275,8,1,0.21481481194496155
9276,7,0,0.2716912031173706
9277,3,1,0.19119206070899963
9278,7,0,0.31627732515335083
9279,8,1,0.26044148206710815
9280,9,1,0.23198193311691284
9281,3,1,0.7945466041564941
9282,7,0,0.2253558188676834
9283,9,1,0.24749302864074707
9284,7,0,0.2710622549057007
9285,8,1,0.2637685537338257
9286,7,0,0.4754873216152191
9287,9,1,0.4071078896522522
9288,8,1,0.6515836715698242
9289,5,1,0.2669253945350647
9290,4,1,0.3846762478351593
9291,8,1,0.6290213465690613
9292,3,1,0.3717271685600281
9293,7,0,0.2394251972436905
9294,6,1,0.618560791015625
9295,3,1,0.22462838888168335
9296,8,1,0.34156620502471924
9297,2,1,0.28968489170074463
9298,1,1,0.3262753486633301
9299,9,1,0.419278085231781
9300,5,1,0.30271410942077637
9301,7,0,0.2927612364292145
9302,3,1,0.3393282890319824
9303,9,1,0.35027021169662476
9304,5,1,0.4165183901786804
9305,5,1,0.33827582001686096
9306,8,1,0.39532363414764404
9307,7,0,0.34537383913993835
9308,3,1,0.37276870012283325
9309,5,1,0.1957390457391739
9310,3,1,0.38991591334342957
9311,5,1,0.18427708745002747
9312,9,1,0.14565500617027283
9313,7,0,0.28617608547210693
9314,6,1,0.30429908633232117
9315,7,0,0.28718024492263794
9316,3,1,0.5233587622642517
9317,6,1,0.3951548933982849
9318,4,1,0.35671454668045044
9319,3,1,0.2655523717403412
9320,9,1,0.17084252834320068
9321,4,1,0.2537010908126831
9322,2,1,0.5776825547218323
9323,1,1,0.21741719543933868
9324,9,1,0.3789209723472595
9325,6,1,0.2583633065223694
9326,0,1,0.33424875140190125
9327,2,1,0.4277833104133606
9328,6,1,0.2240690290927887
9329,7,0,0.40202000737190247
9330,4,1,0.1981809437274933
9331,7,0,0.3993978500366211
9332,9,1,0.2820414900779724
9333,0,1,0.24582317471504211
9334,7,0,0.2695806622505188
9335,4,1,0.4620179533958435
9336,3,1,0.24284876883029938
9337,5,1,0.32991811633110046
9338,3,1,0.21613764762878418
9339,1,1,0.5543781518936157
9340,1,1,0.4840201735496521
9341,2,1,0.35506394505500793
9342,6,1,0.5561001300811768
9343,8,1,0.09133563935756683
9344,2,1,0.4772491455078125
9345,1,1,0.23146632313728333
9346,7,0,0.31267136335372925
9347,8,1,0.27946311235427856
9348,5,1,0.26117396354675293
9349,9,1,0.2638219892978668
9350,6,1,0.5010800361633301
9351,1,1,0.3310040235519409
9352,1,1,0.23552265763282776
9353,5,1,0.46911343932151794
9354,0,1,0.7604782581329346
9355,6,1,0.20865851640701294
9356,0,1,1.2707083225250244
9357,9,1,0.30918088555336
9358,2,1,0.4994733929634094
9359,6,1,0.2999964952468872
9360,5,1,0.8326216340065002
9361,8,1,0.46750861406326294
9362,9,1,0.2867998480796814
9363,5,1,0.17137646675109863
9364,5,1,0.2106287032365799
9365,6,1,0.6030278205871582
9366,2,1,0.39409512281417847
9367,9,1,0.22445528209209442
9368,1,1,0.3389294147491455
9369,5,1,0.38061660528182983
9370,8,1,0.3769494295120239
9371,8,1,0.2506448030471802
9372,7,0,0.28411054611206055
9373,1,1,0.3667314648628235
9374,7,0,0.4174473285675049
9375,3,1,0.43386906385421753
9376,5,1,0.35823455452919006
9377,4,1,0.4341772794723511
9378,9,1,0.3473825454711914
9379,7,0,0.34990715980529785
9380,5,1,0.2591102123260498
9381,2,1,0.1481533944606781
9382,9,1,0.22887781262397766
9383,9,1,0.3170568346977234
9384,4,1,0.49217545986175537
9385,7,0,0.15959367156028748
9386,4,1,0.24707266688346863
9387,1,1,0.28337517380714417
9388,3,1,0.2113255262374878
9389,8,1,0.26183873414993286
9390,7,0,0.30380433797836304
9391,9,1,0.19879692792892456
9392,0,1,0.19068017601966858
9393,4,1,0.5015802383422852
9394,5,1,0.5644322037696838
9395,7,0,0.23745307326316833
9396,5,1,0.35641157627105713
9397,2,1,0.4450123906135559
9398,8,1,0.4760224223136902
9399,7,0,0.18620888888835907
9400,6,1,0.5301584601402283
9401,9,1,0.4024198055267334
9402,6,1,0.45368996262550354
9403,9,1,0.27893543243408203
9404,3,1,0.4136916995048523
9405,8,1,0.2756883203983307
9406,5,1,0.2551046311855316
9407,6,1,0.3091319501399994
9408,6,1,0.5178219676017761
9409,9,1,0.3185577690601349
9410,5,1,0.36221572756767273
9411,7,0,0.24772538244724274
9412,8,1,0.23092249035835266
9413,0,1,0.4653993546962738
9414,5,1,0.19461221992969513
9415,0,1,0.5393539667129517
9416,7,0,0.20638251304626465
9417,4,1,0.32491201162338257
9418,8,1,0.2511482834815979
9419,2,1,0.4239758849143982
9420,5,1,0.31939560174942017
9421,1,1,0.41377848386764526
9422,3,1,0.38827255368232727
9423,2,1,0.6416729688644409
9424,2,1,0.5044918060302734
9425,6,1,0.7648500204086304
9426,2,1,0.231684148311615
9427,1,1,0.38544633984565735
9428,7,0,0.3084208369255066
9429,4,1,0.3693278431892395
9430,6,1,0.6707289218902588
9431,3,1,0.2288365662097931
9432,1,1,0.35088568925857544
9433,3,1,0.2938762903213501
9434,7,0,0.30328717827796936
9435,2,1,0.2311633825302124
9436,1,1,0.28316202759742737
9437,3,1,0.23858237266540527
9438,7,0,0.2849581837654114
9439,0,1,0.5445786118507385
9440,8,1,0.3021712303161621
9441,4,1,0.2163121998310089
9442,4,1,0.5557842254638672
9443,5,1,0.29689186811447144
9444,7,0,0.2895405888557434
9445,9,1,0.22416538000106812
9446,5,1,0.20553120970726013
9447,4,1,0.47820818424224854
9448,3,1,0.2632482051849365
9449,9,1,0.4876752495765686
9450,6,1,0.5741575360298157
9451,8,1,0.35710039734840393
9452,2,1,0.7359499931335449
9453,3,1,0.5159021615982056
9454,3,1,0.43041303753852844
9455,1,1,0.3159826397895813
9456,6,1,0.22498437762260437
9457,1,1,0.36841052770614624
9458,7,0,0.21602129936218262
9459,0,1,0.2548590302467346
9460,3,1,0.2799389958381653
9461,4,1,0.3788241744041443
9462,2,1,1.0490537881851196
9463,9,1,0.1878664344549179
9464,4,1,0.2936408519744873
9465,5,1,0.30586737394332886
9466,8,1,0.4354919195175171
9467,2,1,0.3118398189544678
9468,7,0,0.22677132487297058
9469,0,1,0.22997263073921204
9470,9,1,0.22656235098838806
9471,6,1,0.371881365776062
9472,8,1,0.2548002600669861
9473,0,1,0.3566613793373108
9474,8,1,0.16565781831741333
9475,2,1,0.25265228748321533
9476,8,1,0.2941131591796875
9477,5,1,0.184774249792099
9478,7,0,0.3267807960510254
9479,7,0,0.22302621603012085
9480,2,1,0.4600318670272827
9481,2,1,0.33936458826065063
9482,0,1,0.27641284465789795
9483,0,1,0.33178260922431946
9484,0,1,0.3717932105064392
9485,7,0,0.40709689259529114
9486,4,1,0.7689659595489502
9487,1,1,0.7603573799133301
9488,6,1,0.20950254797935486
9489,6,1,0.5697255730628967
9490,8,1,0.14575591683387756
9491,8,1,0.5938781499862671
9492,9,1,0.24792540073394775
9493,0,1,0.29078027606010437
9494,9,1,0.18745127320289612
9495,0,1,0.3105342984199524
9496,1,1,0.2900134325027466
9497,3,1,0.48772263526916504
9498,3,1,0.30578047037124634
9499,0,1,0.2532787322998047
9500,9,1,0.3470141589641571
9501,6,1,0.4793383479118347
9502,6,1,0.35815316438674927
9503,2,1,0.3247584402561188
9504,6,1,0.42602741718292236
9505,3,1,0.3786519169807434
9506,4,1,0.5201694965362549
9507,0,1,0.45763885974884033
9508,8,1,0.18720579147338867
9509,4,1,0.3240642547607422
9510,1,1,0.2912933826446533
9511,4,1,0.25119680166244507
9512,0,1,1.0013468265533447
9513,6,1,0.20899401605129242
9514,5,1,0.33184200525283813
9515,0,1,0.2840349078178406
9516,9,1,0.17582561075687408
9517,9,1,0.3175063133239746
9518,9,1,0.4107823073863983
9519,9,1,0.4160206913948059
9520,1,1,0.20035678148269653
9521,2,1,0.3453611135482788
9522,3,1,0.3616494834423065
9523,5,1,0.30226314067840576
9524,4,1,0.26745107769966125
9525,2,1,0.33012038469314575
9526,9,1,0.19471749663352966
9527,6,1,0.1363200843334198
9528,0,1,0.24154767394065857
9529,9,1,0.3660014569759369
9530,6,1,0.252707302570343
9531,6,1,0.40686729550361633
9532,8,1,0.2508372962474823
9533,0,1,0.45742273330688477
9534,6,1,0.296077162027359
9535,1,1,0.32937371730804443
9536,4,1,0.3685210049152374
9537,6,1,0.2544328570365906
9538,8,1,0.23691847920417786
9539,0,1,0.28553149104118347
9540,5,1,0.3134196996688843
9541,4,1,0.5253056287765503
9542,1,1,0.33918336033821106
9543,2,1,0.43464964628219604
9544,0,1,0.29163289070129395
9545,9,1,0.46060672402381897
9546,6,1,0.28700459003448486
9547,4,1,0.16164077818393707
9548,2,1,0.2817190885543823
9549,4,1,0.4000086188316345
9550,6,1,0.5659334063529968
9551,5,1,0.6710039377212524
9552,9,1,0.3767276406288147
9553,7,0,0.3513098657131195
9554,7,0,0.23622700572013855
9555,4,1,0.15906324982643127
9556,6,1,0.4663352966308594
9557,5,1,0.2468871921300888
9558,0,1,0.49849504232406616
9559,1,1,0.2618684768676758
9560,9,1,0.2897648215293884
9561,0,1,0.17841017246246338
9562,3,1,0.21362027525901794
9563,1,1,0.19918635487556458
9564,9,1,0.2823964059352875
9565,0,1,0.6154125928878784
9566,9,1,0.32899409532546997
9567,7,0,0.3297272324562073
9568,8,1,0.21078172326087952
9569,6,1,0.43483006954193115
9570,7,0,0.3334648609161377
9571,6,1,0.636072039604187
9572,8,1,0.325819730758667
9573,2,1,0.2379532903432846
9574,4,1,0.6467618942260742
9575,5,1,0.39760422706604004
9576,3,1,0.1500607132911682
9577,0,1,0.4336143732070923
9578,3,1,0.47786223888397217
9579,2,1,0.28939345479011536
9580,1,1,0.47401154041290283
9581,7,0,0.37536102533340454
9582,5,1,0.45948126912117004
9583,9,1,0.26458799839019775
9584,3,1,0.48770618438720703
9585,4,1,0.3311714828014374
9586,5,1,0.3454040288925171
9587,7,0,0.1439099907875061
9588,1,1,0.34868404269218445
9589,5,1,0.2004401981830597
9590,0,1,0.3953503370285034
9591,1,1,0.112154521048069
9592,1,1,0.3403819799423218
9593,1,1,0.32106706500053406
9594,9,1,0.36826884746551514
9595,7,0,0.31725454330444336
9596,5,1,0.6134995222091675
9597,4,1,0.28748324513435364
9598,9,1,0.3935856819152832
9599,7,0,0.25175994634628296
9600,8,1,0.1458861380815506
9601,1,1,0.22662590444087982
9602,0,1,0.31900832056999207
9603,2,1,0.32613712549209595
9604,8,1,0.22598588466644287
9605,5,1,0.26845669746398926
9606,6,1,0.5392018556594849
9607,7,0,0.2837502956390381
9608,0,1,0.372883677482605
9609,1,1,0.8540141582489014
9610,4,1,0.7541770935058594
9611,8,1,0.22248616814613342
9612,4,1,0.2972615361213684
9613,4,1,0.372773140668869
9614,6,1,0.27847546339035034
9615,6,1,0.5828512907028198
9616,5,1,0.25261399149894714
9617,8,1,0.46438688039779663
9618,1,1,0.3918633759021759
9619,8,1,0.35441118478775024
9620,4,1,0.3464473485946655
9621,6,1,0.23264828324317932
9622,5,1,0.25517594814300537
9623,9,1,0.28825464844703674
9624,2,1,0.438883900642395
9625,2,1,0.33704790472984314
9626,1,1,0.4778691530227661
9627,4,1,0.2767992913722992
9628,9,1,0.28771913051605225
9629,1,1,0.2602296471595764
9630,6,1,0.21851962804794312
9631,7,0,0.38456064462661743
9632,2,1,0.27382928133010864
9633,0,1,0.27538764476776123
9634,1,1,0.4826416075229645
9635,7,0,0.44367921352386475
9636,6,1,1.1818923950195312
9637,5,1,0.30655819177627563
9638,2,1,0.6688051223754883
9639,2,1,0.5704142451286316
9640,5,1,0.3858800530433655
9641,6,1,0.3606128692626953
9642,0,1,0.3502296805381775
9643,9,1,0.12162049114704132
9644,0,1,0.1382703185081482
9645,1,1,0.2739889621734619
9646,5,1,0.42136505246162415
9647,3,1,0.19526885449886322
9648,3,1,0.2899164855480194
9649,5,1,0.24691981077194214
9650,8,1,0.18548573553562164
9651,7,0,0.43863993883132935
9652,5,1,0.23443391919136047
9653,6,1,1.0342977046966553
9654,5,1,0.2642800807952881
9655,8,1,0.31816980242729187
9656,0,1,0.35146257281303406
9657,5,1,0.1988980770111084
9658,9,1,0.46112972497940063
9659,4,1,0.26897960901260376
9660,6,1,0.2913416028022766
9661,5,1,0.18126222491264343
9662,1,1,0.32519030570983887
9663,1,1,0.14205968379974365
9664,0,1,0.30117708444595337
9665,3,1,0.3777366280555725
9666,3,1,0.2568839192390442
9667,9,1,0.21451838314533234
9668,4,1,0.3097664713859558
9669,8,1,0.13726739585399628
9670,1,1,0.42220351099967957
9671,7,0,0.2884252667427063
9672,7,0,0.3499836027622223
9673,9,1,0.5054399967193604
9674,9,1,0.23861746490001678
9675,4,1,0.39264047145843506
9676,3,1,0.3175531029701233
9677,6,1,0.5263426303863525
9678,3,1,0.48300087451934814
9679,2,1,0.31916844844818115
9680,8,1,0.2605441212654114
9681,2,1,1.5133970975875854
9682,7,0,0.520345151424408
9683,6,1,0.44200488924980164
9684,7,0,0.25494256615638733
9685,0,1,0.8259749412536621
9686,2,1,0.4585837721824646
9687,1,1,0.8582488894462585
9688,2,1,0.6282274723052979
9689,9,1,0.6361590623855591
9690,4,1,0.32725197076797485
9691,6,1,0.43611612915992737
9692,9,1,0.2790087163448334
9693,6,1,0.4171520471572876
9694,1,1,0.41193515062332153
9695,0,1,0.32930639386177063
9696,1,1,0.3459492325782776
9697,8,1,0.22667717933654785
9698,7,0,0.24683085083961487
9699,0,1,0.2912822365760803
9700,0,1,0.7575403451919556
9701,4,1,0.6541187763214111
9702,7,0,0.19405609369277954
9703,4,1,0.42665302753448486
9704,2,1,0.43995022773742676
9705,6,1,0.33454692363739014
9706,9,1,0.454504132270813
9707,5,1,0.34712502360343933
9708,9,1,0.3314688205718994
9709,0,1,0.2868851125240326
9710,7,0,0.5233029723167419
9711,4,1,0.3822910189628601
9712,5,1,0.16242322325706482
9713,8,1,0.28529781103134155
9714,1,1,0.3311532437801361
9715,4,1,0.33066973090171814
9716,7,0,0.36902323365211487
9717,9,1,0.5019040703773499
9718,9,1,0.27255675196647644
9719,8,1,0.44727373123168945
9720,8,1,0.2985921800136566
9721,6,1,0.23580120503902435
9722,3,1,0.41801661252975464
9723,7,0,0.27114570140838623
9724,0,1,0.8206882476806641
9725,8,1,0.4192149043083191
9726,9,1,0.2651103436946869
9727,6,1,0.28340038657188416
9728,2,1,0.49118590354919434
9729,4,1,0.32539474964141846
9730,6,1,0.21118712425231934
9731,2,1,0.3663005530834198
9732,9,1,0.7113214731216431
9733,7,0,0.13874149322509766
9734,4,1,0.43179893493652344
9735,6,1,0.45854640007019043
9736,8,1,0.2811020016670227
9737,5,1,0.44357597827911377
9738,6,1,0.6779496669769287
9739,1,1,0.2832353711128235
9740,3,1,0.5215378999710083
9741,5,1,0.428885817527771
9742,9,1,0.28871646523475647
9743,9,1,0.3679901957511902
9744,1,1,0.20638558268547058
9745,3,1,0.3384520411491394
9746,2,1,0.21800842881202698
9747,0,1,1.025097370147705
9748,3,1,0.24852940440177917
9749,0,1,0.23026341199874878
9750,2,1,0.4037477970123291
9751,0,1,0.45014673471450806
9752,7,0,0.2243269383907318
9753,3,1,0.22266967594623566
9754,9,1,0.24862629175186157
9755,3,1,0.5962813496589661
9756,5,1,0.2608851492404938
9757,7,0,0.32380178570747375
9758,6,1,0.2337401807308197
9759,5,1,0.35909438133239746
9760,9,1,0.1985134482383728
9761,5,1,0.3636507987976074
9762,6,1,0.511684775352478
9763,1,1,0.2627204656600952
9764,2,1,0.25875264406204224
9765,4,1,0.29316556453704834
9766,0,1,0.39947810769081116
9767,2,1,0.4091801345348358
9768,7,0,0.19527645409107208
9769,8,1,0.4173724055290222
9770,4,1,0.21554934978485107
9771,4,1,0.5420173406600952
9772,0,1,0.1857793629169464
9773,9,1,0.26432374119758606
9774,5,1,0.254143625497818
9775,9,1,0.2923303246498108
9776,2,1,1.3292338848114014
9777,9,1,0.28897303342819214
9778,3,1,0.36371368169784546
9779,2,1,0.2674466371536255
9780,4,1,0.3255670964717865
9781,3,1,0.2931309938430786
9782,2,1,0.699714183807373
9783,2,1,0.30383408069610596
9784,8,1,0.38015395402908325
9785,8,1,0.3265647888183594
9786,6,1,0.3725109100341797
9787,8,1,0.342303991317749
9788,1,1,0.27890676259994507
9789,6,1,0.24856677651405334
9790,8,1,0.24936780333518982
9791,9,1,0.342344731092453
9792,8,1,0.266508549451828
9793,2,1,0.2659723162651062
9794,1,1,0.504142165184021
9795,4,1,0.46201688051223755
9796,9,1,0.3993261456489563
9797,1,1,0.4142580032348633
9798,5,1,0.16765370965003967
9799,7,0,0.3732336163520813
9800,1,1,0.28681275248527527
9801,6,1,0.09499293565750122
9802,0,1,0.34733545780181885
9803,1,1,0.2251439392566681
9804,5,1,0.19172465801239014
9805,2,1,0.6681095361709595
9806,8,1,0.3207138478755951
9807,1,1,0.4851074814796448
9808,1,1,0.3530372381210327
9809,3,1,0.21561789512634277
9810,8,1,0.19547581672668457
9811,1,1,0.3159739673137665
9812,3,1,0.1856725513935089
9813,1,1,0.32418981194496155
9814,8,1,0.2826087772846222
9815,5,1,0.7150320410728455
9816,1,1,0.6075515747070312
9817,9,1,0.23786404728889465
9818,0,1,0.2673019766807556
9819,3,1,0.29594695568084717
9820,0,1,0.39696386456489563
9821,4,1,0.2954872250556946
9822,0,1,0.3113437294960022
9823,5,1,0.21965783834457397
9824,1,1,0.26120251417160034
9825,2,1,0.21914030611515045
9826,0,1,0.6471534371376038
9827,4,1,0.3194642663002014
9828,9,1,0.2479516565799713
9829,5,1,0.36290469765663147
9830,1,1,0.35170719027519226
9831,2,1,0.4271327555179596
9832,2,1,0.2865014970302582
9833,7,0,0.45620977878570557
9834,8,1,0.4661906361579895
9835,7,0,0.3796832263469696
9836,2,1,0.4320957362651825
9837,4,1,0.35114923119544983
9838,5,1,0.31573450565338135
9839,3,1,0.2683188319206238
9840,4,1,0.31400981545448303
9841,0,1,1.1329572200775146
9842,6,1,0.42171812057495117
9843,1,1,0.20551931858062744
9844,5,1,0.2786986231803894
9845,9,1,0.2522543668746948
9846,8,1,0.185217946767807
9847,0,1,0.6071022152900696
9848,2,1,0.9528998136520386
9849,0,1,0.5330020189285278
9850,7,0,0.43653565645217896
9851,6,1,0.20874488353729248
9852,0,1,0.30757978558540344
9853,5,1,0.40303274989128113
9854,9,1,0.2619107961654663
9855,7,0,0.23251450061798096
9856,5,1,0.3034376800060272
9857,0,1,0.29501768946647644
9858,4,1,0.4381842017173767
9859,6,1,0.6084998250007629
9860,0,1,0.19174087047576904
9861,6,1,0.4187089502811432
9862,3,1,0.2676742970943451
9863,6,1,0.31949707865715027
9864,8,1,0.187099888920784
9865,1,1,0.7249276041984558
9866,1,1,0.3241501450538635
9867,8,1,0.2001563459634781
9868,9,1,0.30490440130233765
9869,7,0,0.5142161846160889
9870,2,1,0.8649369478225708
9871,9,1,0.32822567224502563
9872,0,1,0.19659501314163208
9873,2,1,0.38043200969696045
9874,2,1,0.5060205459594727
9875,9,1,0.17628569900989532
9876,0,1,0.3331136405467987
9877,6,1,0.4427601099014282
9878,5,1,0.29752278327941895
9879,7,0,0.14418838918209076
9880,7,0,0.26039794087409973
9881,9,1,0.2918742597103119
9882,1,1,0.35266467928886414
9883,7,0,0.3858124911785126
9884,9,1,0.29891034960746765
9885,8,1,0.1624041199684143
9886,4,1,0.5076600313186646
9887,5,1,0.26270410418510437
9888,0,1,0.3033149540424347
9889,8,1,0.474323034286499
9890,0,1,0.23876364529132843
9891,2,1,0.2590116262435913
9892,5,1,0.44628655910491943
9893,2,1,0.36409419775009155
9894,1,1,0.7107646465301514
9895,4,1,0.272583544254303
9896,4,1,0.2892153263092041
9897,8,1,0.24436679482460022
9898,9,1,0.27586519718170166
9899,7,0,0.21359938383102417
9900,8,1,0.4014368951320648
9901,3,1,0.4315347671508789
9902,6,1,0.28479719161987305
9903,6,1,0.35400304198265076
9904,0,1,0.17388735711574554
9905,1,1,0.3238968253135681
9906,1,1,0.17481458187103271
9907,1,1,0.4796559810638428
9908,8,1,0.2258528470993042
9909,1,1,0.3271992802619934
9910,4,1,0.2492934912443161
9911,4,1,0.30391770601272583
9912,0,1,0.969573974609375
9913,7,0,0.41914957761764526
9914,8,1,0.2110505998134613
9915,2,1,0.8074369430541992
9916,1,1,0.24834349751472473
9917,2,1,0.3453989624977112
9918,5,1,0.2330152690410614
9919,4,1,0.19594506919384003
9920,6,1,0.2489245980978012
9921,0,1,2.3212783336639404
9922,5,1,0.19529321789741516
9923,7,0,0.3315335512161255
9924,4,1,0.763394832611084
9925,4,1,0.5270258188247681
9926,3,1,0.19963036477565765
9927,9,1,0.3340269923210144
9928,5,1,0.35982954502105713
9929,8,1,0.17304153740406036
9930,8,1,0.5115745067596436
9931,0,1,0.4492310881614685
9932,8,1,0.32047027349472046
9933,7,0,0.16308914124965668
9934,4,1,0.31205981969833374
9935,1,1,0.44379302859306335
9936,8,1,0.40670591592788696
9937,4,1,0.3059983253479004
9938,9,1,0.22039932012557983
9939,5,1,0.2513115704059601
9940,4,1,0.31633490324020386
9941,1,1,0.31217896938323975
9942,7,0,0.22004848718643188
9943,7,0,0.36783266067504883
9944,7,0,0.3153059184551239
9945,7,0,0.3191206157207489
9946,0,1,0.4843656122684479
9947,3,1,0.5065635442733765
9948,8,1,0.34268033504486084
9949,3,1,0.363271564245224
9950,3,1,0.2682446837425232
9951,0,1,0.5144270062446594
9952,5,1,0.35134291648864746
9953,7,0,0.3444189727306366
9954,0,1,0.29895591735839844
9955,8,1,0.16999194025993347
9956,0,1,0.5746093988418579
9957,0,1,0.3576231598854065
9958,9,1,0.43703117966651917
9959,2,1,0.330578088760376
9960,2,1,0.3457784652709961
9961,3,1,0.36066004633903503
9962,4,1,0.43922141194343567
9963,8,1,0.3227863013744354
9964,2,1,0.5245983600616455
9965,2,1,0.2875073254108429
9966,6,1,0.23376114666461945
9967,3,1,0.32382237911224365
9968,3,1,0.5112847685813904
9969,6,1,0.24905462563037872
9970,2,1,0.2778160870075226
9971,9,1,0.2041718065738678
9972,4,1,0.1905047446489334
9973,0,1,0.2519177198410034
9974,1,1,0.3063051700592041
9975,7,0,0.20500563085079193
9976,5,1,0.4414175748825073
9977,5,1,0.26846081018447876
9978,7,0,0.2122502475976944
9979,3,1,0.5420658588409424
9980,0,1,0.4313064217567444
9981,4,1,0.4094043970108032
9982,2,1,0.21738262474536896
9983,0,1,0.5667617321014404
9984,7,0,0.25248298048973083
9985,5,1,0.4794730246067047
9986,8,1,0.8952649235725403
9987,0,1,0.39053279161453247
9988,8,1,0.4229205250740051
9989,2,1,0.20389424264431
9990,7,0,0.26033878326416016
9991,0,1,0.36819255352020264
9992,3,1,0.29491883516311646
9993,5,1,0.3333309292793274
9994,3,1,0.41089725494384766
9995,8,1,0.2605380415916443
9996,3,1,0.3701901435852051
9997,5,1,0.2614683210849762
9998,1,1,0.4193568229675293
9999,7,0,0.4650424122810364
