sample_id,original_label,anomaly_label,score
0,3,1,0.002610906958580017
1,8,1,-0.046670183539390564
2,8,1,-0.07523451000452042
3,0,1,-0.03203868865966797
4,6,1,-0.01838342845439911
5,6,1,-0.04598516225814819
6,1,1,0.007553666830062866
7,6,1,0.012711301445960999
8,3,1,-0.03448121249675751
9,1,1,-0.033320218324661255
10,0,1,-0.008131220936775208
11,9,1,-0.031036898493766785
12,5,0,-0.04464671015739441
13,7,1,-0.061211809515953064
14,9,1,0.06265352666378021
15,8,1,-0.003136470913887024
16,5,0,-0.030280686914920807
17,7,1,-0.025139063596725464
18,8,1,-0.10342609137296677
19,6,1,-0.053871266543865204
20,7,1,-0.003927841782569885
21,0,1,0.1841495782136917
22,4,1,-0.04561209678649902
23,9,1,0.041685283184051514
24,5,0,0.004819035530090332
25,2,1,-0.026300743222236633
26,4,1,-0.002009287476539612
27,0,1,-0.07402439415454865
28,9,1,-0.013106569647789001
29,6,1,-0.06272603571414948
30,6,1,-0.014108970761299133
31,5,0,-0.03389577567577362
32,4,1,-0.010394558310508728
33,5,0,-0.06067623198032379
34,9,1,-0.0453619658946991
35,2,1,-0.055435553193092346
36,4,1,-0.02679486572742462
37,1,1,-0.046560049057006836
38,9,1,-0.02814944088459015
39,5,0,-0.0755733847618103
40,4,1,0.010730251669883728
41,6,1,-0.03651495277881622
42,5,0,-0.03419579565525055
43,6,1,-0.032157815992832184
44,0,1,0.005364656448364258
45,9,1,-0.020268842577934265
46,3,1,-0.05510209500789642
47,9,1,0.025678083300590515
48,7,1,-0.06622335314750671
49,6,1,-0.0649825781583786
50,9,1,-0.08100944757461548
51,8,1,-0.00396236777305603
52,0,1,-0.060452841222286224
53,3,1,-0.043228551745414734
54,8,1,-0.0642460286617279
55,8,1,-0.07467539608478546
56,7,1,-0.042509570717811584
57,7,1,-0.06441497802734375
58,4,1,0.0054789334535598755
59,6,1,0.001960054039955139
60,7,1,-0.016016885638237
61,3,1,-0.05920691043138504
62,6,1,-0.05490921437740326
63,3,1,-0.07618244737386703
64,6,1,0.0012613385915756226
65,2,1,-0.006302967667579651
66,1,1,-0.02006573975086212
67,2,1,-0.016203895211219788
68,3,1,-0.05083702504634857
69,7,1,-0.09399615228176117
70,2,1,0.03762613236904144
71,6,1,-0.054554760456085205
72,8,1,0.1161186546087265
73,8,1,0.02038837969303131
74,0,1,-0.0741414874792099
75,2,1,-0.02815821021795273
76,9,1,-0.007482677698135376
77,3,1,-0.02876637876033783
78,3,1,-0.07039783895015717
79,8,1,-0.03352084010839462
80,8,1,-0.07830068469047546
81,1,1,-0.019530028104782104
82,1,1,0.04494467377662659
83,7,1,0.031201615929603577
84,2,1,-0.04363191872835159
85,5,0,-0.04203173518180847
86,2,1,-0.0521261990070343
87,7,1,-0.09497182071208954
88,8,1,-0.06963638216257095
89,9,1,-0.005194112658500671
90,0,1,0.0661410540342331
91,3,1,-0.06433174759149551
92,8,1,-0.04827225208282471
93,6,1,-0.06860047578811646
94,4,1,-0.02544783055782318
95,6,1,0.012592241168022156
96,6,1,0.012323185801506042
97,0,1,0.7606865167617798
98,0,1,-0.01010926067829132
99,7,1,-0.08729161322116852
100,4,1,-0.05048925429582596
101,5,0,-0.06279528886079788
102,6,1,-0.08819213509559631
103,3,1,-0.06649775058031082
104,1,1,0.04912357032299042
105,1,1,-0.0468292236328125
106,3,1,0.021195292472839355
107,6,1,0.00623437762260437
108,8,1,-0.04664047807455063
109,7,1,-0.09258527308702469
110,4,1,-0.0870305672287941
111,0,1,-0.0003062784671783447
112,6,1,-0.08393092453479767
113,2,1,-0.004341840744018555
114,1,1,-0.03720816969871521
115,3,1,-0.033251240849494934
116,0,1,0.0419158935546875
117,4,1,-0.039993010461330414
118,2,1,-0.061813145875930786
119,7,1,-0.061400771141052246
120,8,1,-0.03658515214920044
121,3,1,-0.09975291788578033
122,1,1,0.08564962446689606
123,2,1,-0.10551689565181732
124,8,1,-0.03948117792606354
125,0,1,0.1548977941274643
126,8,1,-0.06137622892856598
127,3,1,-0.06473904848098755
128,5,0,-0.0727175623178482
129,2,1,0.08619314432144165
130,4,1,-0.07357068359851837
131,1,1,-0.030978530645370483
132,8,1,0.002116158604621887
133,9,1,-0.049331292510032654
134,1,1,-0.0724434107542038
135,2,1,-0.039477430284023285
136,9,1,-0.04227214306592941
137,7,1,0.02365352213382721
138,2,1,-0.0768955647945404
139,9,1,-0.002944260835647583
140,6,1,-0.01508958637714386
141,5,0,-0.06708869338035583
142,6,1,-0.05403459072113037
143,3,1,-0.0006965845823287964
144,8,1,-0.08678871393203735
145,7,1,-0.08610091358423233
146,6,1,-0.057103127241134644
147,2,1,-0.06549160927534103
148,5,0,-0.07014784961938858
149,2,1,-0.05106057971715927
150,8,1,-0.02598002552986145
151,9,1,-0.07552170753479004
152,6,1,-0.025247693061828613
153,0,1,-0.00638967752456665
154,0,1,-0.07365056127309799
155,5,0,-0.05645535886287689
156,2,1,-0.03032711148262024
157,9,1,-0.0653100460767746
158,5,0,0.03154928982257843
159,4,1,0.0715973824262619
160,2,1,-0.015387997031211853
161,1,1,-0.060428403317928314
162,6,1,0.02543516457080841
163,6,1,-0.005440548062324524
164,8,1,-0.021235421299934387
165,4,1,-0.008030310273170471
166,8,1,-0.02564607560634613
167,4,1,-0.031244203448295593
168,5,0,-0.0001804828643798828
169,0,1,-0.0928395465016365
170,9,1,-0.024403318762779236
171,9,1,-0.027985140681266785
172,9,1,0.04826049506664276
173,8,1,-0.06424029171466827
174,9,1,0.0028960108757019043
175,9,1,-0.07048589736223221
176,3,1,-0.028175681829452515
177,7,1,-0.007352724671363831
178,5,0,0.04365856945514679
179,0,1,-0.025998219847679138
180,0,1,-0.03326984494924545
181,5,0,-0.035602226853370667
182,2,1,0.030997231602668762
183,2,1,0.018203482031822205
184,3,1,-0.03359261155128479
185,8,1,0.06741051375865936
186,6,1,-0.009556993842124939
187,3,1,-0.02736133337020874
188,4,1,-0.08625088632106781
189,0,1,-0.04219762235879898
190,5,0,-0.06908652931451797
191,8,1,-0.03029278665781021
192,0,1,-0.022045865654945374
193,1,1,-0.033534735441207886
194,7,1,-0.0032249391078948975
195,2,1,-0.004446282982826233
196,8,1,-0.041836127638816833
197,8,1,-0.016664043068885803
198,7,1,-0.060946762561798096
199,8,1,-0.045758143067359924
200,5,0,-0.09068559110164642
201,1,1,-0.097461998462677
202,8,1,-0.03821378946304321
203,7,1,-0.019694015383720398
204,1,1,-0.028719961643218994
205,3,1,-0.03168560564517975
206,0,1,-0.07561807334423065
207,5,0,-0.05720888078212738
208,7,1,0.015654459595680237
209,9,1,-0.06293772906064987
210,7,1,-0.05574413388967514
211,4,1,-0.05451425909996033
212,5,0,0.06637074053287506
213,9,1,-0.06687301397323608
214,8,1,-0.013670504093170166
215,0,1,-0.04131077229976654
216,7,1,-0.061601340770721436
217,9,1,-0.04998151957988739
218,8,1,0.06315727531909943
219,2,1,-0.014858081936836243
220,7,1,-0.019964054226875305
221,6,1,-0.08096817880868912
222,9,1,-0.02408634126186371
223,4,1,0.006606653332710266
224,3,1,-0.01781173050403595
225,9,1,-0.029562339186668396
226,6,1,-0.08326400071382523
227,4,1,-0.00506475567817688
228,7,1,-0.07816652953624725
229,6,1,-0.010255441069602966
230,5,0,-0.08625766634941101
231,1,1,-0.04930119216442108
232,5,0,-0.07173846662044525
233,8,1,-0.005126208066940308
234,8,1,-0.0755276083946228
235,0,1,-0.03638863563537598
236,4,1,-0.008177191019058228
237,0,1,-0.09049928188323975
238,5,0,0.06574204564094543
239,5,0,-0.07457256317138672
240,1,1,-0.04511173069477081
241,1,1,-0.002993971109390259
242,8,1,-0.01709030568599701
243,9,1,-0.081795334815979
244,0,1,-0.0656224936246872
245,3,1,-0.0790100246667862
246,1,1,-0.015431538224220276
247,9,1,-0.06653764843940735
248,2,1,0.0530594140291214
249,2,1,-0.0060743242502212524
250,5,0,-0.008804962038993835
251,3,1,-0.07497930526733398
252,9,1,0.008551836013793945
253,9,1,0.04285059869289398
254,4,1,-0.054027803242206573
255,0,1,-0.040795862674713135
256,3,1,-0.014110937714576721
257,0,1,-0.09022638201713562
258,0,1,-0.07069061696529388
259,9,1,-0.029310837388038635
260,8,1,-0.06778131425380707
261,1,1,-0.008071795105934143
262,5,0,-0.06513290107250214
263,7,1,0.010486289858818054
264,0,1,0.06205578148365021
265,8,1,-0.09958337247371674
266,2,1,-0.05679894983768463
267,4,1,-0.028567425906658173
268,7,1,-0.005947187542915344
269,0,1,-0.007548108696937561
270,2,1,-0.02097049355506897
271,3,1,-0.0652395710349083
272,6,1,-0.04222442954778671
273,3,1,-0.059874169528484344
274,8,1,-0.07036195695400238
275,5,0,-0.07802844047546387
276,0,1,-0.04695553332567215
277,3,1,-0.008625388145446777
278,4,1,-0.07880565524101257
279,3,1,-0.071326345205307
280,9,1,0.00041291117668151855
281,0,1,0.023940637707710266
282,6,1,-0.03681488335132599
283,1,1,-0.04984540492296219
284,0,1,-0.04600730538368225
285,9,1,0.013560250401496887
286,1,1,-0.08003613352775574
287,0,1,-0.07372911274433136
288,7,1,-0.06429574638605118
289,9,1,-0.04547715187072754
290,1,1,-0.040195390582084656
291,2,1,-0.04458821564912796
292,6,1,-0.004780858755111694
293,9,1,-0.07485324889421463
294,3,1,-0.0326085239648819
295,4,1,-0.027170568704605103
296,6,1,-0.03302229195833206
297,0,1,-0.030438445508480072
298,0,1,-0.01996450126171112
299,6,1,0.03141884505748749
300,6,1,-0.0574265718460083
301,6,1,0.01231430470943451
302,3,1,-0.007103249430656433
303,2,1,-0.037213899195194244
304,6,1,0.01612626016139984
305,1,1,-0.02695898711681366
306,8,1,0.0019918978214263916
307,2,1,0.022384151816368103
308,1,1,-0.0012285113334655762
309,6,1,-0.10074189305305481
310,8,1,-0.05703184753656387
311,6,1,-0.011765941977500916
312,8,1,0.12019981443881989
313,0,1,0.9067944288253784
314,4,1,-0.04957690089941025
315,0,1,-0.08563858270645142
316,7,1,-0.044768303632736206
317,7,1,0.05971120297908783
318,5,0,-0.08806507289409637
319,5,0,-0.012112721800804138
320,3,1,-0.02109105885028839
321,5,0,-0.05858437716960907
322,2,1,-0.08007063716650009
323,3,1,-0.07386460900306702
324,4,1,-0.08442121744155884
325,1,1,-0.03842689096927643
326,7,1,0.20863167941570282
327,5,0,-0.03015795350074768
328,4,1,-0.015456587076187134
329,6,1,-0.0144280344247818
330,1,1,-0.07447925955057144
331,9,1,-0.07122913748025894
332,3,1,-0.010750114917755127
333,6,1,-0.019223108887672424
334,6,1,-0.08175751566886902
335,9,1,-0.0382104218006134
336,3,1,-0.04160207509994507
337,8,1,-0.03792427480220795
338,0,1,0.10202617943286896
339,7,1,-0.0525488406419754
340,2,1,-0.011750280857086182
341,6,1,-0.01617632806301117
342,2,1,-0.009752288460731506
343,5,0,0.030291229486465454
344,8,1,-0.038844555616378784
345,5,0,-0.028318792581558228
346,4,1,-0.05067017674446106
347,6,1,-0.03661324828863144
348,8,1,-0.038057662546634674
349,9,1,-0.000952988862991333
350,9,1,-0.07635443657636642
351,1,1,0.003288552165031433
352,0,1,-0.1057816594839096
353,2,1,-0.003477051854133606
354,2,1,0.010425552725791931
355,7,1,-0.06983531266450882
356,3,1,-0.018267735838890076
357,2,1,-0.05053924024105072
358,8,1,-0.029137402772903442
359,0,1,-0.1019744798541069
360,9,1,0.016533508896827698
361,5,0,-0.011190995573997498
362,8,1,-0.04224349558353424
363,1,1,-0.03656119853258133
364,9,1,0.011585146188735962
365,4,1,-0.047060854732990265
366,1,1,-0.07432986050844193
367,3,1,-0.06917598843574524
368,8,1,-0.023602500557899475
369,1,1,-0.029297873377799988
370,4,1,-0.03382091224193573
371,7,1,-0.03136222064495087
372,9,1,-0.07219338417053223
373,4,1,-0.07254469394683838
374,2,1,0.05693390965461731
375,7,1,-0.058802396059036255
376,0,1,-0.06941167265176773
377,7,1,-0.07961440086364746
378,0,1,-0.07519015669822693
379,6,1,0.008696436882019043
380,6,1,-0.02619890868663788
381,9,1,-0.061090365052223206
382,0,1,0.10638009011745453
383,9,1,0.039025112986564636
384,2,1,-0.0012656152248382568
385,8,1,0.1516515165567398
386,7,1,-0.038979098200798035
387,2,1,-0.06607130169868469
388,2,1,-0.08355267345905304
389,5,0,-0.03781667351722717
390,1,1,0.0382695347070694
391,2,1,-0.07197989523410797
392,6,1,0.03894658386707306
393,2,1,-0.10284927487373352
394,9,1,0.0017599314451217651
395,6,1,-0.039527565240859985
396,2,1,-0.044442467391490936
397,3,1,-0.03302351385354996
398,0,1,-0.07153324037790298
399,3,1,-0.016927197575569153
400,9,1,-0.07381655275821686
401,8,1,-0.03278425335884094
402,7,1,-0.0031350702047348022
403,8,1,-0.043724656105041504
404,8,1,-0.07521424442529678
405,4,1,-0.040720559656620026
406,0,1,-0.058118730783462524
407,1,1,-0.051199570298194885
408,8,1,0.0014771521091461182
409,2,1,-0.013203337788581848
410,7,1,0.020283594727516174
411,9,1,-0.0206451416015625
412,3,1,-0.00416894257068634
413,6,1,0.0023079365491867065
414,1,1,-0.03696762025356293
415,9,1,-0.07590809464454651
416,0,1,-0.04594544321298599
417,7,1,-0.04080513119697571
418,3,1,-0.030578121542930603
419,7,1,-0.03252582252025604
420,4,1,-0.017189890146255493
421,5,0,-0.03328773379325867
422,0,1,-0.045282550156116486
423,0,1,-0.0221109539270401
424,2,1,-0.09115513414144516
425,9,1,-0.06491327285766602
426,3,1,-0.0784861296415329
427,4,1,0.02811896800994873
428,0,1,-0.050515979528427124
429,6,1,-0.04507634788751602
430,2,1,-0.01779995858669281
431,5,0,-0.04511213302612305
432,3,1,-0.026768997311592102
433,7,1,-0.0427035391330719
434,3,1,-0.010274291038513184
435,7,1,-0.046494901180267334
436,2,1,-0.06540316343307495
437,5,0,-0.022471174597740173
438,3,1,-0.028880439698696136
439,1,1,-0.058175839483737946
440,1,1,0.04432360827922821
441,4,1,0.0015133470296859741
442,9,1,-0.05754786729812622
443,9,1,-0.039644256234169006
444,5,0,-0.062138669192790985
445,7,1,-0.013101473450660706
446,5,0,-0.04498239606618881
447,0,1,0.0935661643743515
448,2,1,-0.04795551300048828
449,2,1,0.0005214661359786987
450,2,1,-0.06591419875621796
451,9,1,-0.0865272581577301
452,7,1,-0.031089186668395996
453,3,1,-0.03655155003070831
454,9,1,-0.029509402811527252
455,4,1,-0.0009083300828933716
456,3,1,-0.0835360437631607
457,5,0,0.04450257122516632
458,4,1,-0.07105174660682678
459,6,1,-0.08484986424446106
460,5,0,-0.07198548316955566
461,6,1,-0.0235569030046463
462,1,1,-0.054582998156547546
463,4,1,0.015084385871887207
464,3,1,-0.03328421711921692
465,4,1,-0.04333820939064026
466,4,1,-0.07308213412761688
467,3,1,0.0027868449687957764
468,7,1,-0.04281952232122421
469,8,1,-0.016687259078025818
470,3,1,-0.06396441906690598
471,7,1,-0.05642601102590561
472,8,1,-0.016733214259147644
473,0,1,0.05041758716106415
474,5,0,-0.05542515963315964
475,7,1,0.003291770815849304
476,6,1,-0.008318707346916199
477,0,1,-0.07055802643299103
478,5,0,-0.03564704954624176
479,4,1,-0.06210896372795105
480,8,1,-0.03190278261899948
481,6,1,-0.040569499135017395
482,8,1,-0.03440964221954346
483,5,0,0.03471989929676056
484,5,0,-0.049588724970817566
485,9,1,-0.06747892498970032
486,9,1,-0.03971044719219208
487,9,1,0.02932162582874298
488,5,0,-0.053096503019332886
489,0,1,-0.011772647500038147
490,1,1,0.007342875003814697
491,0,1,-0.0756562203168869
492,8,1,-0.05189601331949234
493,1,1,-0.06734535098075867
494,1,1,-0.024013832211494446
495,8,1,-0.05186082422733307
496,0,1,-0.07499893009662628
497,2,1,-0.034023940563201904
498,2,1,0.11563093960285187
499,0,1,0.4877837896347046
500,4,1,-0.042482778429985046
501,6,1,-0.02366812527179718
502,5,0,0.08465087413787842
503,4,1,-0.022480040788650513
504,9,1,0.02283075451850891
505,4,1,-0.06678798794746399
506,7,1,-0.04189513623714447
507,9,1,-0.01076669991016388
508,9,1,-0.026321813464164734
509,4,1,-0.012202203273773193
510,5,0,0.03524862229824066
511,6,1,-0.04524616897106171
512,6,1,-0.054611578583717346
513,1,1,0.055303603410720825
514,5,0,-0.06880359351634979
515,3,1,-0.06066879630088806
516,8,1,-0.0748526006937027
517,9,1,0.01166236400604248
518,5,0,-0.0540788397192955
519,8,1,-0.03470221906900406
520,5,0,-0.009455129504203796
521,7,1,-0.008073613047599792
522,0,1,0.18964393436908722
523,7,1,-0.06830096244812012
524,0,1,0.09594860672950745
525,5,0,-0.054999902844429016
526,0,1,-0.0564207062125206
527,0,1,0.07559417188167572
528,4,1,0.01730729639530182
529,6,1,-0.03980772942304611
530,9,1,-0.09900535643100739
531,0,1,-0.05608098953962326
532,9,1,-0.030431926250457764
533,5,0,-0.019778072834014893
534,6,1,0.00454382598400116
535,6,1,-0.006621032953262329
536,6,1,-0.061351336538791656
537,2,1,0.11806239187717438
538,9,1,-0.10346280783414841
539,0,1,0.05775253474712372
540,1,1,-0.027286522090435028
541,7,1,-0.07799996435642242
542,6,1,-0.037014350295066833
543,7,1,0.0005548298358917236
544,5,0,-0.1029852032661438
545,9,1,-0.04393249750137329
546,1,1,-0.006103336811065674
547,6,1,-0.017654195427894592
548,2,1,0.005544409155845642
549,5,0,-0.05938846617937088
550,5,0,-0.05857956409454346
551,5,0,-0.035534098744392395
552,8,1,-0.01721547544002533
553,5,0,-0.009761914610862732
554,9,1,0.018237903714179993
555,4,1,-0.0783570408821106
556,6,1,-0.06847139447927475
557,4,1,-0.06363922357559204
558,3,1,-0.035698577761650085
559,2,1,0.022320911288261414
560,0,1,0.06020854413509369
561,7,1,0.002387002110481262
562,6,1,-0.04224509745836258
563,2,1,0.01121385395526886
564,2,1,-0.04651480168104172
565,3,1,-0.0820474848151207
566,9,1,-0.09497592598199844
567,7,1,-0.023934170603752136
568,9,1,-0.0618925541639328
569,2,1,-0.05234590917825699
570,6,1,-0.07285642623901367
571,7,1,-0.05913566052913666
572,1,1,-0.06567993760108948
573,3,1,-0.04463748633861542
574,6,1,-0.05222807824611664
575,6,1,0.019165709614753723
576,8,1,-0.04999154806137085
577,9,1,-0.07927132397890091
578,7,1,0.0012466460466384888
579,5,0,0.04822775721549988
580,4,1,-0.07357711344957352
581,0,1,0.02615778148174286
582,8,1,-0.06062353402376175
583,4,1,-0.049526892602443695
584,0,1,-0.03344762325286865
585,9,1,0.06889794766902924
586,3,1,0.01032187044620514
587,4,1,0.02888818085193634
588,8,1,-0.07500940561294556
589,9,1,-0.02552904188632965
590,6,1,-0.08737379312515259
591,9,1,-0.059619009494781494
592,2,1,-0.0813911035656929
593,6,1,-0.0011521577835083008
594,1,1,0.018534168601036072
595,4,1,-0.03429874777793884
596,7,1,-0.002472206950187683
597,3,1,0.07589749991893768
598,5,0,-0.08565010875463486
599,3,1,-0.04315608739852905
600,8,1,-0.04656936228275299
601,5,0,-0.01367788016796112
602,0,1,-0.049712151288986206
603,2,1,-0.0087270587682724
604,1,1,0.013661593198776245
605,6,1,-0.08043225109577179
606,4,1,0.00748048722743988
607,3,1,-0.07359549403190613
608,3,1,-0.03526265174150467
609,9,1,-0.01254032552242279
610,6,1,-0.02855599671602249
611,9,1,0.18367214500904083
612,8,1,-0.010584324598312378
613,8,1,-0.02398473024368286
614,5,0,-0.05063740909099579
615,8,1,-0.041414812207221985
616,6,1,-0.07046651840209961
617,6,1,0.06830775737762451
618,2,1,-0.05014478415250778
619,1,1,0.00393366813659668
620,7,1,0.0864124745130539
621,7,1,-0.0387272834777832
622,1,1,-0.010866910219192505
623,2,1,-0.03342032432556152
624,7,1,-0.052507586777210236
625,9,1,-0.0022576451301574707
626,9,1,-0.04966626316308975
627,4,1,-0.010677888989448547
628,4,1,-0.01460084319114685
629,1,1,-0.007254242897033691
630,2,1,0.029923930764198303
631,5,0,-0.025253787636756897
632,6,1,-0.07411307096481323
633,8,1,0.07568530738353729
634,7,1,0.06088109314441681
635,6,1,-0.023783698678016663
636,8,1,-0.08487249910831451
637,3,1,-0.058474212884902954
638,0,1,-0.06036488711833954
639,5,0,-0.02098347246646881
640,5,0,-0.09084999561309814
641,3,1,-0.04037626087665558
642,0,1,-0.04381607472896576
643,7,1,-0.021931633353233337
644,9,1,0.08157622814178467
645,1,1,-0.043181151151657104
646,3,1,-0.08371283113956451
647,4,1,-0.031802862882614136
648,4,1,-0.037457406520843506
649,5,0,0.02517189085483551
650,3,1,-0.07455208152532578
651,9,1,-0.02805843949317932
652,5,0,-0.03352642059326172
653,6,1,-0.019671887159347534
654,9,1,-0.047975532710552216
655,2,1,-0.03176785260438919
656,1,1,-0.010098904371261597
657,1,1,-0.042306333780288696
658,4,1,-0.08785177022218704
659,1,1,0.03491222858428955
660,9,1,-0.032844915986061096
661,4,1,-0.04392734169960022
662,7,1,-0.05875830352306366
663,6,1,-0.07018092274665833
664,3,1,-0.015798047184944153
665,8,1,-0.04943592846393585
666,9,1,0.005405530333518982
667,0,1,-0.030397474765777588
668,1,1,-0.048628613352775574
669,3,1,-0.0805768221616745
670,6,1,-0.04965607821941376
671,3,1,-0.04023803025484085
672,6,1,-0.07156592607498169
673,3,1,-0.011315569281578064
674,2,1,0.09923441708087921
675,0,1,0.16205163300037384
676,3,1,-0.04165621101856232
677,1,1,-0.06526104360818863
678,0,1,0.013742133975028992
679,5,0,-0.07958275079727173
680,9,1,-0.045816510915756226
681,6,1,-0.0686221569776535
682,4,1,-0.0345383882522583
683,8,1,-0.02779528498649597
684,9,1,-0.07997611165046692
685,6,1,-0.030402615666389465
686,9,1,-0.029153719544410706
687,6,1,-0.04771224409341812
688,3,1,-0.04132018983364105
689,0,1,-0.06149674952030182
690,3,1,-0.08430984616279602
691,2,1,-0.09282984584569931
692,2,1,-0.017853543162345886
693,7,1,-0.012318655848503113
694,8,1,-0.0964452251791954
695,3,1,-0.04159271717071533
696,8,1,-0.06618183851242065
697,2,1,0.00476326048374176
698,7,1,-0.029503799974918365
699,5,0,-0.03274831175804138
700,7,1,-0.007499679923057556
701,2,1,0.0021812468767166138
702,4,1,-0.0974540263414383
703,8,1,-0.05613739788532257
704,7,1,0.008067891001701355
705,4,1,-0.051176413893699646
706,2,1,0.18328024446964264
707,9,1,-0.05265586078166962
708,8,1,-0.05598554015159607
709,8,1,-0.026177123188972473
710,6,1,0.004554316401481628
711,8,1,0.0019361823797225952
712,8,1,-0.04946145415306091
713,7,1,-0.0142020583152771
714,4,1,-0.06455812603235245
715,3,1,-0.027497127652168274
716,3,1,-0.05353044718503952
717,8,1,0.04307857155799866
718,4,1,-0.04197356849908829
719,9,1,-0.07885975390672684
720,4,1,-0.05609962344169617
721,8,1,-0.03699808567762375
722,8,1,-0.01342734694480896
723,1,1,0.0022132694721221924
724,8,1,-0.05614505708217621
725,2,1,-0.008082568645477295
726,1,1,0.05293649435043335
727,3,1,-0.03717853128910065
728,6,1,0.0440324991941452
729,5,0,-0.06474365293979645
730,4,1,-0.058361589908599854
731,2,1,0.08896510303020477
732,7,1,-0.03952561318874359
733,9,1,0.00478576123714447
734,9,1,-4.8801302909851074e-05
735,4,1,-0.09050606191158295
736,1,1,0.012872308492660522
737,4,1,0.1213303953409195
738,1,1,-0.04490680992603302
739,3,1,-0.0736204981803894
740,2,1,-0.021354451775550842
741,7,1,-0.0020903348922729492
742,0,1,0.04559005796909332
743,7,1,-0.05316358804702759
744,9,1,0.03416453301906586
745,7,1,-0.002833947539329529
746,6,1,-0.0442640483379364
747,6,1,-0.0507931113243103
748,2,1,0.022505059838294983
749,5,0,-0.09394589811563492
750,9,1,-0.0615832656621933
751,2,1,-0.06956560909748077
752,9,1,-0.08434045314788818
753,1,1,-0.06143985688686371
754,2,1,-0.07931871712207794
755,2,1,0.043143972754478455
756,6,1,-0.04955397546291351
757,8,1,-0.07646948099136353
758,2,1,-0.09644292294979095
759,1,1,-0.046562567353248596
760,3,1,-0.03766627609729767
761,6,1,-0.06902065873146057
762,6,1,0.008199334144592285
763,0,1,-0.04418014734983444
764,1,1,-0.01860976219177246
765,2,1,-0.08649912476539612
766,7,1,-0.09545977413654327
767,0,1,-0.05853704363107681
768,5,0,-0.059083491563797
769,4,1,-0.0015163272619247437
770,6,1,-0.031242378056049347
771,1,1,0.004586219787597656
772,6,1,-0.027856945991516113
773,4,1,-0.031215548515319824
774,0,1,-0.0028520673513412476
775,2,1,-0.05221790075302124
776,2,1,-0.05215075612068176
777,6,1,-0.06508950889110565
778,0,1,-0.0012434273958206177
779,5,0,-0.04354061186313629
780,9,1,0.04628212749958038
781,1,1,-0.017922624945640564
782,7,1,-0.02325277030467987
783,6,1,0.09360046684741974
784,7,1,0.04529710114002228
785,0,1,-0.0034223943948745728
786,3,1,-0.060340747237205505
787,9,1,-0.08728156983852386
788,6,1,-0.04740840196609497
789,8,1,-0.07698555290699005
790,3,1,-0.04069727659225464
791,0,1,-0.03706073760986328
792,3,1,-0.03579254448413849
793,4,1,-0.10238609462976456
794,7,1,-0.015258744359016418
795,7,1,0.0515466183423996
796,1,1,-0.02165783941745758
797,4,1,-0.036702029407024384
798,7,1,-0.002661973237991333
799,2,1,0.09186632931232452
800,7,1,0.012620195746421814
801,1,1,-0.01079566776752472
802,4,1,-0.03471141308546066
803,7,1,-0.05229955166578293
804,4,1,0.04110904037952423
805,4,1,-0.0690804272890091
806,8,1,-0.012508541345596313
807,4,1,-0.08633749186992645
808,7,1,-0.0093468576669693
809,7,1,-0.04960551857948303
810,5,0,-0.025878533720970154
811,3,1,-0.07126273214817047
812,7,1,-0.007112547755241394
813,2,1,-0.045009903609752655
814,0,1,-0.025150567293167114
815,8,1,-0.09663257002830505
816,9,1,-0.055171988904476166
817,5,0,-0.007908537983894348
818,8,1,0.12439392507076263
819,3,1,-0.046739138662815094
820,6,1,-0.05818897485733032
821,2,1,0.03892378509044647
822,0,1,-0.09172819554805756
823,8,1,-0.053433358669281006
824,7,1,0.07028014957904816
825,3,1,0.015548154711723328
826,7,1,0.036729246377944946
827,6,1,-0.02822866290807724
828,5,0,-0.009789511561393738
829,3,1,-0.04571928828954697
830,1,1,0.023924455046653748
831,3,1,-0.060844019055366516
832,2,1,-0.050780683755874634
833,2,1,-0.06028813123703003
834,5,0,-0.07368534058332443
835,4,1,-0.022969231009483337
836,1,1,0.005495145916938782
837,2,1,-0.030284211039543152
838,9,1,-0.009110048413276672
839,2,1,-0.05592578649520874
840,7,1,-0.06412790715694427
841,0,1,0.013897895812988281
842,7,1,0.0456249862909317
843,2,1,0.029211655259132385
844,1,1,0.013268694281578064
845,3,1,-0.05322633683681488
846,2,1,-0.050973959267139435
847,0,1,0.02487899363040924
848,2,1,-0.0021611452102661133
849,4,1,-0.03833767771720886
850,7,1,-0.09481025487184525
851,9,1,-0.036110229790210724
852,8,1,-0.05045495927333832
853,9,1,-0.07725538313388824
854,0,1,0.01821446418762207
855,7,1,-0.08401818573474884
856,7,1,-0.08211134374141693
857,0,1,3.029636859893799
858,7,1,-0.04799892008304596
859,8,1,-0.04474782943725586
860,4,1,-0.007647708058357239
861,6,1,-0.0628826916217804
862,3,1,0.07794968783855438
863,3,1,-0.017651021480560303
864,0,1,0.0642925351858139
865,1,1,-0.030789054930210114
866,3,1,-0.06545331329107285
867,7,1,-0.039231061935424805
868,0,1,0.029703110456466675
869,1,1,0.11162950098514557
870,3,1,-0.07545498013496399
871,1,1,-0.0674472227692604
872,4,1,-0.053734779357910156
873,2,1,-0.018021658062934875
874,3,1,-0.06000301241874695
875,8,1,-0.026263371109962463
876,4,1,-0.047741398215293884
877,2,1,-0.039709120988845825
878,3,1,0.027486547827720642
879,7,1,-0.024687856435775757
880,8,1,-0.09263940155506134
881,4,1,-0.08215859532356262
882,3,1,-0.03469538688659668
883,0,1,0.022425442934036255
884,9,1,-0.08509612083435059
885,0,1,0.028561100363731384
886,0,1,-0.025535747408866882
887,1,1,-0.027302905917167664
888,0,1,0.05842126905918121
889,4,1,-0.02766282856464386
890,4,1,-0.017811983823776245
891,6,1,-0.028712362051010132
892,7,1,-0.043168336153030396
893,6,1,-0.024478957056999207
894,1,1,-0.05674725025892258
895,1,1,0.004453912377357483
896,3,1,-0.0626179575920105
897,7,1,-0.0556257963180542
898,3,1,-0.03494103252887726
899,5,0,-0.05655796825885773
900,2,1,-0.0056778788566589355
901,6,1,-0.05339151620864868
902,6,1,0.006164565682411194
903,5,0,-0.08108773082494736
904,8,1,-0.020659491419792175
905,7,1,0.0010855495929718018
906,1,1,-0.09163755923509598
907,6,1,0.030996769666671753
908,8,1,-0.07240858674049377
909,8,1,-0.007731840014457703
910,5,0,-0.0329347625374794
911,3,1,-0.07529876381158829
912,0,1,-0.024289444088935852
913,4,1,-0.03985680639743805
914,0,1,-0.056228771805763245
915,1,1,0.004777804017066956
916,3,1,-0.017858758568763733
917,8,1,-0.05514185130596161
918,8,1,-0.03184014558792114
919,0,1,-0.042210884392261505
920,6,1,0.019425317645072937
921,9,1,-0.053712502121925354
922,9,1,-0.048350006341934204
923,9,1,0.006428509950637817
924,5,0,0.019559696316719055
925,5,0,-0.0687570571899414
926,8,1,-0.03140220046043396
927,6,1,-0.01926274597644806
928,0,1,0.16132433712482452
929,0,1,-0.0044745951890945435
930,4,1,-0.0642431229352951
931,2,1,-0.04005328565835953
932,3,1,-0.00021314620971679688
933,2,1,-0.07478219270706177
934,7,1,-0.05130930244922638
935,2,1,0.06493677198886871
936,2,1,-0.02233882248401642
937,5,0,0.0789070576429367
938,9,1,-0.08020251989364624
939,8,1,-0.06708444654941559
940,9,1,0.05180543661117554
941,1,1,-0.02275627851486206
942,7,1,-0.04999491572380066
943,4,1,-0.018976911902427673
944,0,1,0.0036851614713668823
945,3,1,-0.042713165283203125
946,0,1,0.024014025926589966
947,1,1,-0.05403963476419449
948,3,1,-0.05908043682575226
949,8,1,-0.040256068110466
950,3,1,0.08534584939479828
951,9,1,-0.07336070388555527
952,6,1,-0.04661751538515091
953,1,1,0.019753411412239075
954,4,1,-0.04095282405614853
955,7,1,-0.019788026809692383
956,0,1,-0.0014303326606750488
957,3,1,0.004304602742195129
958,7,1,-0.027085155248641968
959,8,1,0.008778080344200134
960,9,1,-0.05973256379365921
961,1,1,-0.06852959096431732
962,1,1,0.0062500834465026855
963,6,1,-0.009100660681724548
964,6,1,-0.08229782432317734
965,6,1,-0.02806037664413452
966,6,1,-0.03179922699928284
967,9,1,-0.07562084496021271
968,1,1,0.005671322345733643
969,9,1,-0.0595734566450119
970,9,1,0.013050973415374756
971,4,1,-0.0786057561635971
972,2,1,-0.02154947817325592
973,1,1,0.016180068254470825
974,7,1,0.08122476935386658
975,0,1,-0.06735299527645111
976,6,1,-0.03996887058019638
977,8,1,-0.057509489357471466
978,1,1,0.04932489991188049
979,9,1,0.0004134923219680786
980,2,1,-0.06657835096120834
981,9,1,-0.05007040500640869
982,0,1,-0.025834515690803528
983,4,1,0.0028723329305648804
984,7,1,-0.044339150190353394
985,8,1,-0.041418470442295074
986,3,1,-0.049034103751182556
987,1,1,-0.045961663126945496
988,2,1,0.06452080607414246
989,0,1,1.0547457933425903
990,1,1,0.03385154902935028
991,5,0,-0.03779587149620056
992,8,1,0.003317996859550476
993,4,1,-0.05405855178833008
994,6,1,-0.06301473826169968
995,3,1,0.026086807250976562
996,8,1,-0.09242716431617737
997,1,1,-0.05320502817630768
998,3,1,-0.019207492470741272
999,8,1,-0.06821762770414352
1000,5,0,-0.07294612377882004
1001,0,1,0.006703570485115051
1002,8,1,-0.0640968531370163
1003,4,1,-0.021041929721832275
1004,8,1,-0.09243708103895187
1005,1,1,-0.04746776074171066
1006,1,1,-0.046652525663375854
1007,8,1,-0.045035332441329956
1008,9,1,-0.003068670630455017
1009,6,1,-0.08422839641571045
1010,0,1,-0.032580986618995667
1011,8,1,-0.06140240281820297
1012,6,1,-0.02150459587574005
1013,1,1,-0.0883243978023529
1014,3,1,-0.03787871450185776
1015,4,1,-0.041428446769714355
1016,1,1,0.041068121790885925
1017,6,1,-0.06552869826555252
1018,0,1,-0.07244239747524261
1019,5,0,-0.03797243535518646
1020,1,1,-0.005820825695991516
1021,1,1,-0.01635614037513733
1022,0,1,0.3916540741920471
1023,0,1,-0.05721791088581085
1024,3,1,-0.038730911910533905
1025,5,0,-0.005789026618003845
1026,0,1,-0.00773032009601593
1027,0,1,-0.030403338372707367
1028,6,1,0.012284740805625916
1029,6,1,-0.045525699853897095
1030,3,1,-0.0003371685743331909
1031,3,1,-0.050397977232933044
1032,6,1,0.0007730573415756226
1033,3,1,0.03423704206943512
1034,6,1,-0.06500273942947388
1035,6,1,0.0266849547624588
1036,0,1,0.12173788249492645
1037,7,1,0.0034337788820266724
1038,2,1,-0.0754869282245636
1039,2,1,-0.009893015027046204
1040,7,1,-0.08080272376537323
1041,5,0,-0.002125665545463562
1042,5,0,0.0658792108297348
1043,2,1,-0.0040191709995269775
1044,8,1,-0.04775390028953552
1045,5,0,-0.04610610008239746
1046,2,1,0.007348939776420593
1047,1,1,-0.09880977869033813
1048,1,1,0.013379663228988647
1049,4,1,-0.00434720516204834
1050,3,1,-0.0009507089853286743
1051,2,1,0.01422952115535736
1052,0,1,-0.04489191621541977
1053,3,1,-0.06088055670261383
1054,1,1,-0.07203030586242676
1055,5,0,-0.04457505792379379
1056,3,1,-0.05891609191894531
1057,7,1,-0.07476331293582916
1058,6,1,-0.024161607027053833
1059,8,1,0.013317421078681946
1060,9,1,-0.08724020421504974
1061,1,1,-0.042330555617809296
1062,6,1,0.02476002275943756
1063,4,1,-0.06916488707065582
1064,9,1,-0.03979198634624481
1065,3,1,-0.0753634050488472
1066,9,1,-0.020749330520629883
1067,0,1,-0.032047078013420105
1068,9,1,-0.06045203655958176
1069,6,1,-0.01893174648284912
1070,3,1,-0.02194961905479431
1071,6,1,-0.020037218928337097
1072,0,1,0.07556341588497162
1073,7,1,-0.022434040904045105
1074,3,1,-0.032786980271339417
1075,8,1,-0.05717658996582031
1076,0,1,-0.07038457691669464
1077,0,1,0.004429072141647339
1078,0,1,0.5802346467971802
1079,6,1,-0.054942041635513306
1080,6,1,-0.061308979988098145
1081,6,1,-0.06106559932231903
1082,9,1,-0.022450551390647888
1083,2,1,-0.07466055452823639
1084,5,0,-0.03922533243894577
1085,4,1,-0.07852292060852051
1086,4,1,-0.00017340481281280518
1087,6,1,-0.03114326298236847
1088,3,1,-0.04841206222772598
1089,6,1,-0.041739463806152344
1090,0,1,-0.02876335382461548
1091,8,1,-0.041470617055892944
1092,6,1,-0.021248817443847656
1093,0,1,0.10009138286113739
1094,6,1,-0.08243421465158463
1095,2,1,-0.07203656435012817
1096,7,1,-0.06696542352437973
1097,5,0,-0.03643350303173065
1098,1,1,0.012763634324073792
1099,2,1,-0.055213719606399536
1100,7,1,-0.0355302095413208
1101,8,1,-0.045696452260017395
1102,8,1,-0.06793403625488281
1103,0,1,-0.06198808550834656
1104,9,1,-0.031013771891593933
1105,4,1,-0.009150698781013489
1106,9,1,-0.04809223860502243
1107,7,1,0.10895530879497528
1108,2,1,0.13480819761753082
1109,0,1,0.004949629306793213
1110,2,1,-0.049044281244277954
1111,8,1,-0.06881729513406754
1112,3,1,-0.05799750238656998
1113,8,1,-0.07305864244699478
1114,9,1,-0.05471010506153107
1115,1,1,0.015309274196624756
1116,5,0,-0.05182545632123947
1117,5,0,-0.038292497396469116
1118,4,1,-0.06274513900279999
1119,7,1,-0.00887906551361084
1120,5,0,-0.021235927939414978
1121,3,1,-0.03321724385023117
1122,8,1,-0.08146753162145615
1123,3,1,-0.06478821486234665
1124,3,1,0.10535259544849396
1125,6,1,-0.06339149177074432
1126,2,1,-0.059154510498046875
1127,8,1,-0.059858083724975586
1128,4,1,-0.06300541758537292
1129,3,1,-0.01390160620212555
1130,7,1,-0.05489371716976166
1131,1,1,-0.03373228758573532
1132,2,1,-0.026898130774497986
1133,4,1,0.013841062784194946
1134,1,1,-0.014733627438545227
1135,6,1,-0.04557301849126816
1136,9,1,-0.023226991295814514
1137,0,1,-0.009747952222824097
1138,5,0,-0.03509898483753204
1139,8,1,-0.030598118901252747
1140,6,1,-0.057850390672683716
1141,1,1,-0.03897736966609955
1142,8,1,-0.057278379797935486
1143,6,1,-0.06058831512928009
1144,1,1,-0.08332811295986176
1145,4,1,0.040587976574897766
1146,2,1,-0.09146049618721008
1147,6,1,-0.04601536691188812
1148,2,1,-0.07121813297271729
1149,7,1,-0.05242659151554108
1150,2,1,-0.0492946058511734
1151,2,1,-0.055996671319007874
1152,0,1,0.08262132108211517
1153,8,1,-0.08676500618457794
1154,6,1,-0.01170523464679718
1155,9,1,-0.02241586148738861
1156,1,1,-0.04292735457420349
1157,7,1,-0.0736481100320816
1158,1,1,0.004237309098243713
1159,8,1,-0.03832218050956726
1160,8,1,-0.05543720722198486
1161,0,1,0.03915582597255707
1162,7,1,-0.07914475351572037
1163,3,1,-0.03575865924358368
1164,8,1,0.038438186049461365
1165,0,1,-0.046964868903160095
1166,3,1,-0.04512495547533035
1167,4,1,-0.09218153357505798
1168,3,1,-0.0695202574133873
1169,7,1,-0.025769218802452087
1170,7,1,0.00545288622379303
1171,9,1,-0.049257829785346985
1172,2,1,-0.025932908058166504
1173,3,1,-0.046216242015361786
1174,1,1,-0.015813127160072327
1175,9,1,-0.06333547830581665
1176,1,1,0.06199893355369568
1177,9,1,-0.029308587312698364
1178,6,1,-0.026159659028053284
1179,3,1,-0.07590867578983307
1180,3,1,-0.07215938717126846
1181,3,1,0.008828505873680115
1182,1,1,0.08280403912067413
1183,0,1,0.03274671733379364
1184,6,1,-0.053254805505275726
1185,1,1,-0.03836560249328613
1186,4,1,0.09198172390460968
1187,1,1,-0.012607976794242859
1188,0,1,-0.07519055157899857
1189,0,1,0.14055408537387848
1190,1,1,0.013378515839576721
1191,1,1,-0.0609823614358902
1192,6,1,-0.004712089896202087
1193,5,0,-0.0652511715888977
1194,4,1,-0.043142594397068024
1195,6,1,-0.004913225769996643
1196,2,1,-0.06402930617332458
1197,0,1,-0.0349295437335968
1198,7,1,-0.02184288203716278
1199,9,1,0.024997472763061523
1200,8,1,-0.05237225443124771
1201,7,1,-0.029839307069778442
1202,2,1,0.01833079755306244
1203,0,1,0.008046835660934448
1204,6,1,-0.06876089423894882
1205,8,1,0.08820874989032745
1206,1,1,0.0060425251722335815
1207,4,1,-0.05851203203201294
1208,3,1,0.0672721415758133
1209,7,1,-0.03002546727657318
1210,0,1,-0.007714405655860901
1211,6,1,0.027717575430870056
1212,1,1,-0.035126328468322754
1213,8,1,-0.027744673192501068
1214,5,0,-0.05308859050273895
1215,7,1,-0.07652188837528229
1216,8,1,0.014309152960777283
1217,4,1,-0.07421644777059555
1218,8,1,-0.08410439640283585
1219,3,1,-0.04259035736322403
1220,9,1,-0.029607102274894714
1221,9,1,-0.03908824175596237
1222,9,1,0.05003733932971954
1223,8,1,-0.04977768659591675
1224,7,1,-0.03641355037689209
1225,6,1,-0.05190504342317581
1226,6,1,-0.017495647072792053
1227,3,1,-0.07413142919540405
1228,5,0,-0.041428059339523315
1229,1,1,-0.005291074514389038
1230,5,0,-0.026298463344573975
1231,9,1,-0.019832178950309753
1232,1,1,-0.00349290668964386
1233,4,1,-0.013208255171775818
1234,1,1,0.034926995635032654
1235,5,0,-0.06726925075054169
1236,7,1,-0.02695724368095398
1237,0,1,-0.06631079316139221
1238,1,1,-0.04399855434894562
1239,5,0,-0.03283752501010895
1240,2,1,-0.07450316846370697
1241,0,1,-0.008951276540756226
1242,8,1,-0.03126358985900879
1243,8,1,0.2017199546098709
1244,5,0,-0.07904203981161118
1245,6,1,-0.03264982998371124
1246,7,1,-0.03931770473718643
1247,3,1,-0.04026412218809128
1248,2,1,-0.034946128726005554
1249,4,1,-0.009768903255462646
1250,7,1,-0.03951933979988098
1251,2,1,-0.03630359470844269
1252,5,0,-0.040705159306526184
1253,8,1,-0.024511516094207764
1254,2,1,0.10137911140918732
1255,4,1,-0.03126700222492218
1256,9,1,-0.048420727252960205
1257,2,1,-0.044030413031578064
1258,1,1,-0.028484977781772614
1259,8,1,-0.09447836130857468
1260,1,1,-0.058165542781353
1261,9,1,-0.08390357345342636
1262,8,1,-0.03461731970310211
1263,8,1,-0.006768867373466492
1264,8,1,-0.05073262006044388
1265,9,1,-0.053559958934783936
1266,0,1,-0.08618249744176865
1267,4,1,0.04238663613796234
1268,3,1,-0.01619921624660492
1269,3,1,-0.013394087553024292
1270,1,1,-0.03603418171405792
1271,8,1,-0.024650320410728455
1272,4,1,-0.06826189160346985
1273,6,1,-0.03882931172847748
1274,3,1,-0.03570392727851868
1275,3,1,-0.06217779219150543
1276,5,0,-0.07396320253610611
1277,2,1,-0.0802006945014
1278,2,1,0.026098713278770447
1279,8,1,-0.006448730826377869
1280,3,1,-0.027126871049404144
1281,8,1,-0.027547866106033325
1282,9,1,-0.06435573846101761
1283,5,0,-0.008512511849403381
1284,8,1,-0.09240874648094177
1285,9,1,-0.002446413040161133
1286,8,1,-0.013326212763786316
1287,9,1,-0.054319873452186584
1288,1,1,-0.05809497833251953
1289,6,1,-0.039167843759059906
1290,5,0,-0.055770114064216614
1291,9,1,-0.03645043820142746
1292,4,1,-0.06475821137428284
1293,4,1,-0.011483564972877502
1294,8,1,-0.024702638387680054
1295,0,1,0.022773846983909607
1296,7,1,0.019943907856941223
1297,2,1,0.008007839322090149
1298,9,1,-0.021502897143363953
1299,7,1,-0.04352865368127823
1300,4,1,-0.08545037358999252
1301,1,1,0.02299325168132782
1302,6,1,-0.07454662024974823
1303,4,1,-0.0991346687078476
1304,4,1,0.0035383999347686768
1305,9,1,-0.0677018091082573
1306,1,1,0.05358605086803436
1307,2,1,-0.08464010059833527
1308,5,0,-0.04532109200954437
1309,6,1,0.07465098798274994
1310,0,1,-0.02188129723072052
1311,8,1,-0.05901598930358887
1312,6,1,-0.07250979542732239
1313,1,1,0.023875460028648376
1314,9,1,-0.036780670285224915
1315,4,1,0.24036292731761932
1316,5,0,-0.04513297975063324
1317,9,1,-0.062113747000694275
1318,5,0,-0.06018023192882538
1319,0,1,0.020869150757789612
1320,7,1,-0.0008384734392166138
1321,2,1,-0.0582132562994957
1322,0,1,-0.04445579648017883
1323,0,1,-0.036456041038036346
1324,4,1,-0.015889152884483337
1325,2,1,-0.06359028816223145
1326,6,1,-0.0529208779335022
1327,6,1,-0.08896513283252716
1328,5,0,-0.05438316613435745
1329,5,0,0.02482631802558899
1330,2,1,0.015313252806663513
1331,8,1,-0.05054145306348801
1332,1,1,-0.04541391879320145
1333,7,1,0.014875933527946472
1334,3,1,0.005043596029281616
1335,1,1,-0.018572047352790833
1336,4,1,-0.022016271948814392
1337,5,0,-0.07139544934034348
1338,6,1,-0.03389817476272583
1339,5,0,-0.04273410141468048
1340,1,1,-0.009244367480278015
1341,4,1,-0.03185981512069702
1342,7,1,-0.02759838104248047
1343,0,1,0.04704035818576813
1344,9,1,0.002775236964225769
1345,4,1,-0.08456230908632278
1346,3,1,8.89897346496582e-05
1347,8,1,-0.008719712495803833
1348,2,1,-0.07949436455965042
1349,8,1,-0.07791756093502045
1350,4,1,-0.0566394180059433
1351,7,1,-0.006113961338996887
1352,2,1,-0.05883301794528961
1353,3,1,0.009752348065376282
1354,1,1,0.0002429485321044922
1355,5,0,-0.021993175148963928
1356,2,1,-0.007913365960121155
1357,9,1,-0.06324949860572815
1358,8,1,-0.004950627684593201
1359,9,1,-0.017115384340286255
1360,7,1,0.0023411959409713745
1361,9,1,-0.07568661868572235
1362,5,0,-0.02617146074771881
1363,1,1,-0.04885037988424301
1364,4,1,-0.09928302466869354
1365,0,1,0.007953450083732605
1366,8,1,-0.06279434263706207
1367,2,1,-0.04954976588487625
1368,3,1,-0.060589492321014404
1369,8,1,-0.09020159393548965
1370,9,1,-0.006536662578582764
1371,1,1,0.04338930547237396
1372,1,1,-0.028438463807106018
1373,3,1,-0.026765719056129456
1374,2,1,-0.03490307927131653
1375,4,1,-0.011742472648620605
1376,9,1,-0.011147618293762207
1377,3,1,0.006962433457374573
1378,1,1,0.030440524220466614
1379,7,1,-0.046848364174366
1380,4,1,-0.07193267345428467
1381,6,1,0.008318886160850525
1382,2,1,0.10706152021884918
1383,8,1,0.08407597243785858
1384,9,1,-0.0060872286558151245
1385,5,0,-0.07014179974794388
1386,3,1,-0.002141043543815613
1387,9,1,-0.04787294566631317
1388,5,0,-0.028401121497154236
1389,5,0,-0.05163565278053284
1390,6,1,0.019485726952552795
1391,7,1,-0.05576172471046448
1392,2,1,-0.03396792709827423
1393,4,1,-0.047284141182899475
1394,6,1,-0.03169965744018555
1395,3,1,-0.0038468241691589355
1396,1,1,-0.05248814821243286
1397,0,1,0.05774964392185211
1398,7,1,-0.06568187475204468
1399,2,1,-0.007726922631263733
1400,5,0,-0.07432737946510315
1401,4,1,-0.025762632489204407
1402,7,1,-0.03317129611968994
1403,6,1,-0.06868131458759308
1404,1,1,0.0017850399017333984
1405,1,1,0.010115906596183777
1406,9,1,-0.03773851692676544
1407,8,1,-0.006892561912536621
1408,1,1,-0.02405475080013275
1409,0,1,0.0015397518873214722
1410,1,1,-0.05360335111618042
1411,3,1,-0.047053202986717224
1412,1,1,-0.011481985449790955
1413,1,1,-0.05801422894001007
1414,1,1,-0.05931423604488373
1415,7,1,0.0739946961402893
1416,3,1,-0.0853225588798523
1417,9,1,-0.10730528831481934
1418,6,1,0.0412583202123642
1419,8,1,-0.04593345522880554
1420,4,1,-0.019734397530555725
1421,6,1,0.008135244250297546
1422,8,1,-0.07726000249385834
1423,4,1,-0.019174978137016296
1424,9,1,-0.05365043133497238
1425,4,1,-0.09445413947105408
1426,7,1,-0.002262115478515625
1427,9,1,0.002544894814491272
1428,7,1,-0.04078692942857742
1429,6,1,-0.06966722756624222
1430,8,1,0.0058752745389938354
1431,4,1,-0.019951626658439636
1432,9,1,-0.05918748676776886
1433,7,1,-0.06818854808807373
1434,0,1,-0.07287793606519699
1435,1,1,-0.07560519874095917
1436,6,1,-0.04984527826309204
1437,1,1,-0.038124531507492065
1438,5,0,0.03296835720539093
1439,9,1,-0.01644168794155121
1440,0,1,-0.0700349509716034
1441,4,1,-0.012858673930168152
1442,3,1,-0.027435198426246643
1443,4,1,-0.07383474707603455
1444,1,1,-0.07100570946931839
1445,3,1,-0.036568909883499146
1446,0,1,0.036492034792900085
1447,8,1,-0.04675377905368805
1448,4,1,-0.07424766570329666
1449,6,1,-0.02363497018814087
1450,2,1,-0.08781524002552032
1451,2,1,-0.02770809829235077
1452,6,1,-0.01624836027622223
1453,5,0,-0.01125231385231018
1454,3,1,-0.09087593108415604
1455,6,1,-0.04236520826816559
1456,2,1,-0.06317272037267685
1457,1,1,-0.07767310738563538
1458,1,1,-0.05440715700387955
1459,8,1,-0.03344571590423584
1460,6,1,0.007352396845817566
1461,0,1,0.011216014623641968
1462,4,1,0.032745927572250366
1463,0,1,-0.020942464470863342
1464,1,1,0.05129338800907135
1465,9,1,0.13663817942142487
1466,7,1,-0.09092281013727188
1467,1,1,-0.037996888160705566
1468,3,1,0.02518095076084137
1469,7,1,-0.06648273766040802
1470,7,1,-0.03352382034063339
1471,8,1,-0.1033477857708931
1472,7,1,-0.03203041851520538
1473,7,1,0.0074018388986587524
1474,3,1,-0.08765870332717896
1475,9,1,-0.04814043641090393
1476,7,1,-0.03427673876285553
1477,7,1,-0.06751395761966705
1478,7,1,-0.036481887102127075
1479,2,1,-0.09118615090847015
1480,1,1,-0.06687134504318237
1481,2,1,-0.0006725192070007324
1482,8,1,-0.07582089304924011
1483,6,1,-0.049511127173900604
1484,4,1,-0.028034217655658722
1485,0,1,-0.06453311443328857
1486,7,1,-0.055178530514240265
1487,9,1,-0.020922765135765076
1488,8,1,-0.04134613275527954
1489,6,1,-0.07254105061292648
1490,8,1,-0.034803278744220734
1491,4,1,-0.020972594618797302
1492,9,1,-0.015490755438804626
1493,1,1,-0.0765492171049118
1494,7,1,-0.10542212426662445
1495,2,1,0.11682109534740448
1496,2,1,-0.06897124648094177
1497,8,1,-0.08126810938119888
1498,5,0,-0.04238370060920715
1499,8,1,0.00759752094745636
1500,1,1,-0.0020295530557632446
1501,2,1,-0.03068588674068451
1502,2,1,0.016191944479942322
1503,4,1,-0.04638209939002991
1504,1,1,-0.06838037073612213
1505,2,1,-0.004353344440460205
1506,5,0,-0.03802242875099182
1507,2,1,-0.05234549939632416
1508,8,1,-0.04079808294773102
1509,1,1,-0.011522799730300903
1510,8,1,-0.01070721447467804
1511,1,1,-0.005871713161468506
1512,8,1,-0.04526836425065994
1513,6,1,0.024843156337738037
1514,0,1,-0.0920649915933609
1515,2,1,-0.017987623810768127
1516,4,1,0.08785814046859741
1517,1,1,-0.03152391314506531
1518,3,1,-0.02510647475719452
1519,6,1,-0.05485834926366806
1520,7,1,7.860362529754639e-05
1521,7,1,-0.06408843398094177
1522,4,1,-0.05013090372085571
1523,4,1,0.017320796847343445
1524,3,1,0.019617214798927307
1525,3,1,-0.030064314603805542
1526,4,1,-0.054238274693489075
1527,5,0,-0.027593836188316345
1528,2,1,-0.04796658456325531
1529,4,1,-0.07825279235839844
1530,3,1,-0.01250050961971283
1531,7,1,-0.09430914372205734
1532,8,1,0.030145540833473206
1533,4,1,0.01819707453250885
1534,4,1,0.0011275410652160645
1535,4,1,0.08195693790912628
1536,5,0,-0.06146711856126785
1537,4,1,-0.052651092410087585
1538,3,1,-0.006955832242965698
1539,2,1,-0.05075770616531372
1540,8,1,0.04188080132007599
1541,4,1,-0.044594697654247284
1542,5,0,-0.05099446326494217
1543,5,0,-0.07362473011016846
1544,4,1,-0.09498381614685059
1545,1,1,-0.009855404496192932
1546,4,1,-0.012629464268684387
1547,2,1,0.1300085335969925
1548,5,0,-0.08753027021884918
1549,1,1,-0.030547648668289185
1550,6,1,-0.060456886887550354
1551,4,1,-0.08706875145435333
1552,3,1,0.0012035518884658813
1553,4,1,-0.0573066845536232
1554,4,1,-0.06321664154529572
1555,0,1,-0.020742550492286682
1556,8,1,-0.04035096615552902
1557,8,1,-0.08341696858406067
1558,4,1,-0.03653135895729065
1559,5,0,-0.029850706458091736
1560,7,1,-0.036146380007267
1561,5,0,-0.07275530695915222
1562,6,1,-0.03984251618385315
1563,9,1,0.05686087906360626
1564,1,1,-0.016233965754508972
1565,6,1,-0.053173549473285675
1566,7,1,0.004455491900444031
1567,2,1,-0.010356411337852478
1568,0,1,-0.005539625883102417
1569,1,1,0.009549900889396667
1570,4,1,-0.008715331554412842
1571,5,0,-0.05022019147872925
1572,6,1,-0.02313278615474701
1573,0,1,0.06148973107337952
1574,0,1,-0.03980891406536102
1575,2,1,-0.041142478585243225
1576,7,1,-0.08678990602493286
1577,5,0,0.014112964272499084
1578,6,1,-0.03196284919977188
1579,0,1,-0.07836918532848358
1580,6,1,-0.03240049630403519
1581,2,1,0.0551438182592392
1582,9,1,-0.02777697890996933
1583,1,1,-0.0753745585680008
1584,7,1,-0.03343483805656433
1585,7,1,-0.0678119957447052
1586,5,0,0.10578902065753937
1587,2,1,-0.04775666445493698
1588,5,0,-0.06500297039747238
1589,6,1,-0.03407543897628784
1590,4,1,0.09923537075519562
1591,1,1,-0.02380572259426117
1592,4,1,-0.06428361684083939
1593,3,1,-0.07486066222190857
1594,3,1,0.09888608753681183
1595,3,1,-0.07034802436828613
1596,0,1,-0.034304022789001465
1597,3,1,-0.07344710826873779
1598,5,0,-0.09473872184753418
1599,5,0,-0.037463247776031494
1600,8,1,-0.0072163790464401245
1601,9,1,-0.0799538716673851
1602,7,1,-0.09730671346187592
1603,3,1,-0.036789536476135254
1604,1,1,0.030092880129814148
1605,3,1,0.049744755029678345
1606,3,1,-0.04987525939941406
1607,3,1,-0.007337987422943115
1608,4,1,-0.03144717216491699
1609,4,1,-0.02385030686855316
1610,2,1,0.04190997779369354
1611,3,1,-0.0007907599210739136
1612,3,1,0.019702091813087463
1613,8,1,0.035414919257164
1614,1,1,-0.01693914830684662
1615,7,1,-0.07636603713035583
1616,7,1,-0.03362852334976196
1617,0,1,-0.050759732723236084
1618,7,1,-0.017970427870750427
1619,4,1,-0.012004196643829346
1620,5,0,-0.04164203256368637
1621,1,1,0.13658584654331207
1622,4,1,0.06321956217288971
1623,2,1,0.12923367321491241
1624,4,1,-0.11165288090705872
1625,3,1,0.05889959633350372
1626,9,1,0.012590005993843079
1627,9,1,-0.021832525730133057
1628,4,1,-0.05953626334667206
1629,9,1,0.13907839357852936
1630,9,1,0.03780652582645416
1631,1,1,0.029000893235206604
1632,8,1,-0.07758057117462158
1633,1,1,-0.101285919547081
1634,6,1,-0.030045747756958008
1635,7,1,-0.016212686896324158
1636,5,0,-0.051766037940979004
1637,5,0,-0.05606748163700104
1638,4,1,-0.008589789271354675
1639,9,1,-0.015580981969833374
1640,7,1,-0.0581517368555069
1641,6,1,-0.03845927119255066
1642,5,0,0.007842019200325012
1643,9,1,-0.03266255557537079
1644,2,1,-0.028468206524848938
1645,4,1,-0.0623212605714798
1646,0,1,0.12594108283519745
1647,7,1,-0.033583864569664
1648,8,1,-0.06689891964197159
1649,5,0,-0.026704922318458557
1650,5,0,-0.0685785561800003
1651,0,1,-0.06013371795415878
1652,0,1,-0.03790794312953949
1653,9,1,-0.04336442053318024
1654,9,1,-0.0456925630569458
1655,8,1,-0.004786625504493713
1656,2,1,0.11497490108013153
1657,5,0,0.009520024061203003
1658,4,1,0.021937578916549683
1659,8,1,-0.067451111972332
1660,3,1,-0.038882821798324585
1661,6,1,-0.05856217443943024
1662,3,1,0.01895780861377716
1663,6,1,0.07445400953292847
1664,0,1,2.255382537841797
1665,6,1,-0.0119057297706604
1666,6,1,0.0466853529214859
1667,6,1,-0.058881647884845734
1668,9,1,-0.06479332596063614
1669,6,1,-0.06541363894939423
1670,6,1,0.03361405432224274
1671,8,1,-0.04030540585517883
1672,6,1,-0.014284148812294006
1673,2,1,-0.07500070333480835
1674,4,1,-0.0817556157708168
1675,5,0,0.056188300251960754
1676,8,1,-0.019379615783691406
1677,1,1,0.013011321425437927
1678,2,1,-0.016175314784049988
1679,7,1,-0.024911165237426758
1680,6,1,-0.09261110424995422
1681,5,0,0.005245760083198547
1682,7,1,-0.04697525501251221
1683,8,1,-0.034828707575798035
1684,1,1,0.007543638348579407
1685,8,1,-0.014327779412269592
1686,0,1,0.06999243795871735
1687,8,1,-0.014224022626876831
1688,6,1,-0.04369225353002548
1689,9,1,-0.021825149655342102
1690,2,1,0.017568454146385193
1691,8,1,-0.007620945572853088
1692,9,1,-0.043712034821510315
1693,4,1,-0.06826305389404297
1694,0,1,0.39375919103622437
1695,9,1,-0.06682861596345901
1696,4,1,-0.07040020078420639
1697,9,1,-0.016062244772911072
1698,5,0,-0.030050553381443024
1699,7,1,0.005255594849586487
1700,5,0,0.045581430196762085
1701,5,0,-0.005820184946060181
1702,9,1,0.008377835154533386
1703,5,0,-0.08399307727813721
1704,3,1,-0.061135731637477875
1705,0,1,-0.0353693813085556
1706,1,1,-0.07878492027521133
1707,9,1,-0.026697680354118347
1708,7,1,-0.06153514236211777
1709,2,1,0.0065228939056396484
1710,4,1,-0.02355189621448517
1711,1,1,0.01011587679386139
1712,0,1,-0.05985650420188904
1713,8,1,-0.03751711547374725
1714,0,1,-0.0506514310836792
1715,3,1,-0.01846759021282196
1716,1,1,-0.041278183460235596
1717,7,1,-0.006027698516845703
1718,0,1,-0.06079190969467163
1719,0,1,0.05456787347793579
1720,4,1,0.014969632029533386
1721,8,1,-0.05577685683965683
1722,6,1,-0.08042395114898682
1723,2,1,-0.08798002451658249
1724,4,1,-0.05311165004968643
1725,0,1,-0.07823880761861801
1726,0,1,-0.0650385171175003
1727,9,1,-0.0453997403383255
1728,0,1,0.045893967151641846
1729,8,1,-0.01480749249458313
1730,4,1,-0.07165450602769852
1731,5,0,-0.016485556960105896
1732,9,1,-0.0124359130859375
1733,3,1,-0.06434624642133713
1734,9,1,-0.0727301836013794
1735,0,1,0.27447569370269775
1736,5,0,-0.07033240795135498
1737,6,1,-0.009062707424163818
1738,5,0,-0.06959179043769836
1739,0,1,-0.027293413877487183
1740,1,1,-0.048730507493019104
1741,4,1,-0.018133074045181274
1742,8,1,-0.076453797519207
1743,1,1,-0.03662875294685364
1744,0,1,-0.011535242199897766
1745,5,0,-0.03677012026309967
1746,2,1,-0.09495849907398224
1747,1,1,-0.07055172324180603
1748,0,1,0.10031823813915253
1749,2,1,-0.056262657046318054
1750,8,1,-0.018730774521827698
1751,1,1,-0.06952255219221115
1752,5,0,-0.07416630536317825
1753,6,1,-0.007021129131317139
1754,7,1,-0.06497514247894287
1755,7,1,-0.08207865059375763
1756,2,1,-0.06206434965133667
1757,6,1,-0.07349087297916412
1758,2,1,-0.086313895881176
1759,5,0,0.2758597731590271
1760,0,1,0.043799564242362976
1761,1,1,-0.03971697390079498
1762,4,1,-0.06351619958877563
1763,2,1,-0.010014921426773071
1764,5,0,-0.028471358120441437
1765,4,1,-0.016645267605781555
1766,6,1,0.07646976411342621
1767,2,1,0.0213162899017334
1768,2,1,-0.04701754450798035
1769,1,1,-0.010199353098869324
1770,7,1,-0.025926679372787476
1771,2,1,-0.045302614569664
1772,8,1,-0.002026483416557312
1773,5,0,-0.06401752680540085
1774,5,0,-0.02762533724308014
1775,3,1,-0.0503632053732872
1776,0,1,-0.027509622275829315
1777,4,1,-0.047641441226005554
1778,8,1,-0.0822020098567009
1779,3,1,-0.06571401655673981
1780,7,1,-0.09186142683029175
1781,6,1,-0.036150217056274414
1782,3,1,-0.01645354926586151
1783,8,1,-0.06036844849586487
1784,1,1,-0.050687916576862335
1785,0,1,-0.005191907286643982
1786,1,1,-0.05389794707298279
1787,3,1,0.0719376653432846
1788,3,1,-0.059708721935749054
1789,0,1,-0.05071824789047241
1790,7,1,-0.05825374275445938
1791,4,1,0.009980186820030212
1792,9,1,-0.04591058939695358
1793,5,0,-0.059489160776138306
1794,3,1,-0.03490195423364639
1795,6,1,-0.060658521950244904
1796,0,1,-0.024726614356040955
1797,1,1,0.012284338474273682
1798,4,1,0.009027481079101562
1799,4,1,-0.06685483455657959
1800,4,1,-0.0077425092458724976
1801,4,1,-0.023276105523109436
1802,2,1,0.43735551834106445
1803,2,1,-0.03724474459886551
1804,5,0,-0.037146590650081635
1805,8,1,0.05991378426551819
1806,1,1,-0.07916222512722015
1807,5,0,0.0033467262983322144
1808,9,1,-0.03450694680213928
1809,8,1,-0.034733161330223083
1810,1,1,-0.035710498690605164
1811,1,1,0.0533439964056015
1812,5,0,-0.041031673550605774
1813,3,1,-0.003050088882446289
1814,9,1,-0.07372057437896729
1815,9,1,-0.009037449955940247
1816,7,1,0.06857061386108398
1817,6,1,-0.08849000930786133
1818,5,0,-0.06922198832035065
1819,0,1,-0.04894709587097168
1820,8,1,-0.02669946849346161
1821,4,1,-0.03243202716112137
1822,7,1,-0.060512468218803406
1823,0,1,-0.047118477523326874
1824,9,1,-0.060026973485946655
1825,2,1,-0.014138445258140564
1826,8,1,-0.0181109756231308
1827,4,1,0.04121939837932587
1828,7,1,-0.07030355930328369
1829,1,1,0.02734418213367462
1830,3,1,0.09352952241897583
1831,9,1,-0.05697973072528839
1832,6,1,-0.024596750736236572
1833,8,1,-0.06478982418775558
1834,9,1,0.022366389632225037
1835,0,1,-0.1040446013212204
1836,4,1,-0.00958704948425293
1837,9,1,-0.012502536177635193
1838,6,1,-0.07367905974388123
1839,7,1,-0.020494386553764343
1840,8,1,-0.037991687655448914
1841,9,1,0.002148076891899109
1842,4,1,-0.06978616118431091
1843,8,1,-0.06803466379642487
1844,9,1,-0.06676815450191498
1845,7,1,-0.07028239965438843
1846,2,1,0.0007078200578689575
1847,5,0,0.0464949756860733
1848,3,1,0.05857548117637634
1849,7,1,-0.012016668915748596
1850,1,1,0.024229779839515686
1851,0,1,0.02525775134563446
1852,2,1,-0.03876100480556488
1853,9,1,-0.057315364480018616
1854,5,0,-0.057406336069107056
1855,5,0,-0.08874345570802689
1856,8,1,-0.015920445322990417
1857,5,0,-0.06255093961954117
1858,4,1,-0.07764104753732681
1859,2,1,-0.02005310356616974
1860,8,1,-0.06475402414798737
1861,3,1,-0.05541286617517471
1862,5,0,-0.051717087626457214
1863,5,0,-0.012954533100128174
1864,7,1,-0.01597893238067627
1865,7,1,0.03132110834121704
1866,8,1,-0.015184134244918823
1867,6,1,-0.01074083149433136
1868,2,1,-0.05832340568304062
1869,8,1,-0.0018847882747650146
1870,2,1,-0.04471173137426376
1871,3,1,-0.03223013877868652
1872,5,0,0.07903802394866943
1873,6,1,-0.10639645159244537
1874,8,1,-0.010491430759429932
1875,0,1,-0.05467592924833298
1876,2,1,-0.02010105550289154
1877,3,1,-0.0271947979927063
1878,7,1,0.007593691349029541
1879,0,1,0.08491206169128418
1880,1,1,-0.030213207006454468
1881,9,1,0.03359760344028473
1882,1,1,-0.004447653889656067
1883,3,1,-0.08273984491825104
1884,7,1,-0.04606981575489044
1885,5,0,-0.02191220223903656
1886,8,1,-0.04200948774814606
1887,3,1,-0.04696153849363327
1888,2,1,-0.01581232249736786
1889,9,1,-0.05682814121246338
1890,6,1,-0.0609048455953598
1891,8,1,-0.06847082078456879
1892,6,1,-0.03403197228908539
1893,9,1,-0.03743142634630203
1894,3,1,0.020256832242012024
1895,8,1,-0.09352561831474304
1896,9,1,-0.07934778183698654
1897,8,1,-0.04727013409137726
1898,0,1,0.10743717849254608
1899,7,1,-0.015576690435409546
1900,8,1,-0.037454091012477875
1901,5,0,-0.07770724594593048
1902,0,1,-0.01970493793487549
1903,0,1,-0.09780189394950867
1904,1,1,0.03751520812511444
1905,3,1,0.04323083162307739
1906,9,1,-0.05371503531932831
1907,1,1,-0.054998792707920074
1908,5,0,-0.0732298493385315
1909,3,1,-0.009965941309928894
1910,4,1,-0.08051265776157379
1911,4,1,-0.0893278419971466
1912,0,1,-0.011469289660453796
1913,9,1,-0.04366143047809601
1914,9,1,-0.004106074571609497
1915,9,1,-0.01121346652507782
1916,9,1,-0.02378322184085846
1917,8,1,-0.07453404366970062
1918,2,1,-0.07904836535453796
1919,4,1,-0.04617396742105484
1920,2,1,-0.0768337994813919
1921,2,1,-0.04264046996831894
1922,5,0,0.01356285810470581
1923,1,1,-0.030372396111488342
1924,9,1,-0.07340431213378906
1925,1,1,-0.05405985563993454
1926,0,1,0.058340296149253845
1927,9,1,0.11009235680103302
1928,4,1,0.0006581544876098633
1929,2,1,-0.043509066104888916
1930,1,1,0.00786280632019043
1931,6,1,-0.054597996175289154
1932,0,1,-0.01095554232597351
1933,3,1,-0.043881408870220184
1934,7,1,-0.017707958817481995
1935,6,1,-0.026421651244163513
1936,3,1,-0.029302537441253662
1937,1,1,-0.05294264853000641
1938,8,1,-0.002615615725517273
1939,6,1,-0.04322686791419983
1940,5,0,-0.0782109871506691
1941,7,1,0.0029164403676986694
1942,2,1,-0.007847830653190613
1943,8,1,-0.007490962743759155
1944,4,1,-0.03193746507167816
1945,4,1,-0.05872458964586258
1946,8,1,-0.04606570303440094
1947,3,1,-0.05830755829811096
1948,5,0,-0.08591192960739136
1949,0,1,-0.03404925763607025
1950,5,0,-0.01924358308315277
1951,7,1,-0.026675179600715637
1952,4,1,-0.06338343769311905
1953,4,1,-0.02935841679573059
1954,2,1,-0.019901499152183533
1955,2,1,0.014630064368247986
1956,7,1,-0.07677337527275085
1957,3,1,-0.047027476131916046
1958,6,1,0.0499698668718338
1959,0,1,-0.05082610994577408
1960,2,1,-0.04765086621046066
1961,7,1,-0.04381567984819412
1962,6,1,0.030383005738258362
1963,2,1,-0.025331154465675354
1964,3,1,-0.07428620755672455
1965,0,1,0.01721334457397461
1966,7,1,0.055372729897499084
1967,7,1,0.02523241937160492
1968,8,1,-0.04282858967781067
1969,1,1,-0.006938472390174866
1970,1,1,0.013215258717536926
1971,4,1,0.048402562737464905
1972,6,1,-0.07127846777439117
1973,0,1,-0.04901057481765747
1974,6,1,-0.07580242305994034
1975,6,1,-0.07356919348239899
1976,5,0,-0.07451911270618439
1977,5,0,-0.05648481845855713
1978,6,1,-0.04362821578979492
1979,3,1,-0.040922313928604126
1980,9,1,0.010038807988166809
1981,3,1,0.07254841923713684
1982,6,1,-0.020324423909187317
1983,8,1,-0.06578093022108078
1984,7,1,-0.05841700732707977
1985,6,1,-0.07535149902105331
1986,4,1,-0.06445442140102386
1987,9,1,-0.04921165108680725
1988,5,0,-0.09427209198474884
1989,6,1,-0.09506507962942123
1990,4,1,-0.04139096289873123
1991,1,1,0.014377027750015259
1992,6,1,-0.061994925141334534
1993,3,1,-0.09294960647821426
1994,8,1,-0.021292731165885925
1995,2,1,0.018321707844734192
1996,3,1,-0.04719676077365875
1997,9,1,-0.059301264584064484
1998,8,1,0.020310908555984497
1999,5,0,0.05155181884765625
2000,1,1,0.01860061287879944
2001,5,0,-0.01437106728553772
2002,4,1,0.028410837054252625
2003,5,0,-0.04585421085357666
2004,7,1,-0.05538691580295563
2005,5,0,-0.046240873634815216
2006,7,1,-0.06959576904773712
2007,8,1,-0.08013055473566055
2008,9,1,0.0361303836107254
2009,1,1,-0.040237702429294586
2010,7,1,-0.07403549551963806
2011,2,1,-0.026210829615592957
2012,5,0,-0.07727973163127899
2013,6,1,-0.0278913676738739
2014,8,1,-0.05317196249961853
2015,4,1,-0.045687854290008545
2016,6,1,-0.07525786757469177
2017,5,0,0.003622397780418396
2018,3,1,0.0053444355726242065
2019,9,1,-0.026306942105293274
2020,9,1,-0.05091884732246399
2021,8,1,-0.05138351023197174
2022,5,0,-0.030987173318862915
2023,5,0,-0.08359527587890625
2024,6,1,-0.04693441092967987
2025,4,1,0.03321702778339386
2026,5,0,-0.05441013723611832
2027,9,1,-0.04363955557346344
2028,7,1,-0.0036473125219345093
2029,3,1,-0.0250556617975235
2030,4,1,-0.004042521119117737
2031,1,1,-0.05464649200439453
2032,4,1,-0.010668352246284485
2033,2,1,-0.03882509469985962
2034,3,1,-0.08486630022525787
2035,6,1,0.00015877187252044678
2036,5,0,-0.07312259078025818
2037,5,0,-0.031160108745098114
2038,2,1,-0.02321465313434601
2039,8,1,-0.03189051151275635
2040,0,1,-0.05626581609249115
2041,0,1,0.11275358498096466
2042,1,1,-0.005843311548233032
2043,8,1,-0.006991565227508545
2044,3,1,-0.08069085329771042
2045,1,1,-0.030006185173988342
2046,3,1,-0.06311678141355515
2047,5,0,-0.024751082062721252
2048,8,1,-0.02927541732788086
2049,3,1,-0.06143195927143097
2050,8,1,-0.04044754058122635
2051,5,0,-0.05211284011602402
2052,8,1,-0.07449411600828171
2053,6,1,0.010873779654502869
2054,3,1,-0.037012457847595215
2055,5,0,-0.0701962262392044
2056,5,0,-0.08091381192207336
2057,5,0,-0.0704534649848938
2058,0,1,-0.03807605803012848
2059,9,1,0.046963080763816833
2060,5,0,-0.013670355081558228
2061,5,0,-0.053572461009025574
2062,7,1,-0.06593938171863556
2063,1,1,0.029146090149879456
2064,8,1,-0.09066614508628845
2065,2,1,-0.04897007346153259
2066,2,1,-0.02266344428062439
2067,7,1,-0.04669354110956192
2068,3,1,-0.03076937049627304
2069,4,1,-0.05150750279426575
2070,2,1,-0.0477529838681221
2071,9,1,0.0033423155546188354
2072,6,1,-0.04141920804977417
2073,2,1,0.16227968037128448
2074,2,1,0.0037750452756881714
2075,4,1,-0.044180162250995636
2076,3,1,-0.01092498004436493
2077,0,1,-0.060906633734703064
2078,2,1,0.09317269921302795
2079,0,1,0.005874350666999817
2080,1,1,-0.016544178128242493
2081,3,1,-0.0501275509595871
2082,2,1,-0.02853749692440033
2083,2,1,-0.025081098079681396
2084,7,1,0.0030617862939834595
2085,0,1,-0.03200063854455948
2086,1,1,-0.08868757635354996
2087,0,1,0.007800355553627014
2088,7,1,-0.05248075723648071
2089,7,1,-0.03956145793199539
2090,2,1,0.654716968536377
2091,0,1,0.010376155376434326
2092,1,1,-0.05849550664424896
2093,6,1,-0.03811948746442795
2094,5,0,-0.08536405861377716
2095,0,1,0.06282351911067963
2096,2,1,0.03477942943572998
2097,2,1,0.06448233127593994
2098,0,1,-0.03865009546279907
2099,1,1,0.007634058594703674
2100,2,1,-0.08209562301635742
2101,6,1,-0.04383387416601181
2102,0,1,0.07477320730686188
2103,1,1,-0.03288078308105469
2104,6,1,-0.11371870338916779
2105,6,1,-0.03430122137069702
2106,5,0,-0.0748637318611145
2107,3,1,-0.06968490779399872
2108,4,1,-0.011974737048149109
2109,0,1,0.06750701367855072
2110,0,1,0.10449297726154327
2111,9,1,-0.008299306035041809
2112,1,1,-0.041384950280189514
2113,0,1,0.04571886360645294
2114,2,1,-0.0816984698176384
2115,5,0,-0.005756154656410217
2116,9,1,-0.06967954337596893
2117,7,1,-0.06572087109088898
2118,8,1,-0.04946359992027283
2119,6,1,-0.02676914632320404
2120,4,1,-0.06210236996412277
2121,6,1,0.26175767183303833
2122,0,1,0.2331959456205368
2123,2,1,0.00704897940158844
2124,0,1,-0.0396106094121933
2125,1,1,-0.04013265669345856
2126,9,1,-0.05287429690361023
2127,2,1,-0.034567177295684814
2128,4,1,-0.009478166699409485
2129,9,1,-0.06133817136287689
2130,0,1,-0.009023234248161316
2131,7,1,0.035136446356773376
2132,2,1,0.02104806900024414
2133,3,1,-0.034321174025535583
2134,4,1,0.02656857669353485
2135,8,1,-0.043737538158893585
2136,0,1,0.059391334652900696
2137,2,1,0.04278786480426788
2138,6,1,-0.04113030433654785
2139,8,1,-0.049857646226882935
2140,9,1,-0.06836061179637909
2141,7,1,-0.0551687553524971
2142,1,1,-0.012614771723747253
2143,9,1,0.017924830317497253
2144,3,1,-0.03739149123430252
2145,7,1,0.01429566740989685
2146,2,1,-0.03705613315105438
2147,7,1,-0.06708953529596329
2148,9,1,0.011533945798873901
2149,6,1,-0.023588821291923523
2150,9,1,-0.024622753262519836
2151,5,0,-0.10319902747869492
2152,7,1,-0.008670821785926819
2153,8,1,-0.028277695178985596
2154,5,0,-0.016043052077293396
2155,9,1,-0.06659463793039322
2156,8,1,-0.06276805698871613
2157,3,1,-0.03364167362451553
2158,9,1,-0.048072829842567444
2159,8,1,-0.02819819003343582
2160,0,1,0.0053129494190216064
2161,5,0,0.004357323050498962
2162,5,0,-0.10279840975999832
2163,7,1,-0.06826815009117126
2164,1,1,-0.030318118631839752
2165,2,1,-0.02155114710330963
2166,0,1,0.017729654908180237
2167,7,1,-0.046548619866371155
2168,5,0,-0.05303765833377838
2169,8,1,0.13106317818164825
2170,2,1,-0.06503717601299286
2171,2,1,-0.05520825833082199
2172,5,0,-0.006115615367889404
2173,3,1,-0.06710003316402435
2174,9,1,-0.05742812156677246
2175,3,1,-0.059528008103370667
2176,1,1,-0.05449981987476349
2177,9,1,0.014611512422561646
2178,3,1,-0.048021137714385986
2179,1,1,0.01835589110851288
2180,4,1,-0.026249036192893982
2181,3,1,-0.06552007794380188
2182,4,1,-0.07440342009067535
2183,4,1,0.0724053829908371
2184,9,1,-0.0407954677939415
2185,0,1,0.04212486743927002
2186,9,1,-0.062925785779953
2187,5,0,-0.023703500628471375
2188,9,1,-0.08169181644916534
2189,2,1,-0.01243428885936737
2190,9,1,-0.050664663314819336
2191,4,1,0.0039965808391571045
2192,0,1,0.05792103707790375
2193,2,1,-0.023119494318962097
2194,8,1,-0.005261272192001343
2195,4,1,-0.03391861915588379
2196,8,1,-0.07436008751392365
2197,6,1,0.02420450747013092
2198,8,1,0.015147611498832703
2199,2,1,-0.04100073128938675
2200,0,1,-0.05699482560157776
2201,5,0,-0.07124052941799164
2202,9,1,0.015012472867965698
2203,6,1,-0.057480111718177795
2204,9,1,-0.012961998581886292
2205,5,0,-0.0127326101064682
2206,1,1,-0.04357530176639557
2207,3,1,-0.05148515850305557
2208,4,1,0.02460429072380066
2209,4,1,-0.04083291441202164
2210,2,1,0.259695827960968
2211,7,1,-0.0777781531214714
2212,2,1,-0.08456511795520782
2213,4,1,0.04709622263908386
2214,4,1,-0.09322942048311234
2215,0,1,0.10478399693965912
2216,2,1,-0.06260493397712708
2217,8,1,-0.06633321940898895
2218,4,1,-0.0688040480017662
2219,5,0,-0.008577659726142883
2220,1,1,0.015214964747428894
2221,2,1,0.02149195969104767
2222,6,1,-0.054787784814834595
2223,8,1,-0.017529800534248352
2224,1,1,-0.03585180640220642
2225,7,1,-0.057025909423828125
2226,2,1,-0.012124627828598022
2227,8,1,-0.0731736347079277
2228,7,1,-0.08303415775299072
2229,4,1,-0.07373461872339249
2230,3,1,-0.04851095378398895
2231,3,1,-0.0573359951376915
2232,0,1,-0.060431718826293945
2233,3,1,0.17422564327716827
2234,7,1,-0.014604002237319946
2235,2,1,-0.017094478011131287
2236,5,0,-0.05782520771026611
2237,6,1,-0.018316492438316345
2238,1,1,0.021594852209091187
2239,7,1,-0.06634266674518585
2240,9,1,-0.05969945341348648
2241,0,1,0.015357866883277893
2242,2,1,-0.03602350503206253
2243,3,1,-0.013719126582145691
2244,9,1,-0.05657150596380234
2245,8,1,0.10435034334659576
2246,9,1,-0.03302374482154846
2247,5,0,-0.05380517244338989
2248,0,1,0.0027200430631637573
2249,0,1,0.07151003181934357
2250,7,1,-0.03889507055282593
2251,6,1,-0.01726873219013214
2252,3,1,-0.03325417637825012
2253,3,1,-0.015297740697860718
2254,8,1,-0.008831575512886047
2255,1,1,-0.08395020663738251
2256,4,1,-0.050866201519966125
2257,0,1,-0.021720439195632935
2258,1,1,-0.05356302112340927
2259,5,0,-0.049866124987602234
2260,4,1,0.06499241292476654
2261,3,1,-0.0651959553360939
2262,2,1,-0.08454199135303497
2263,6,1,-0.004554286599159241
2264,0,1,-0.026819273829460144
2265,8,1,-0.0672902911901474
2266,8,1,-0.049074798822402954
2267,6,1,-0.06010933220386505
2268,3,1,-0.06799711287021637
2269,3,1,-0.021932974457740784
2270,2,1,0.034511640667915344
2271,9,1,-0.04074333608150482
2272,7,1,-0.05940444767475128
2273,5,0,-0.026060104370117188
2274,1,1,-0.030640602111816406
2275,6,1,-0.05269478261470795
2276,0,1,0.030495524406433105
2277,5,0,-0.09659524261951447
2278,9,1,-0.01592440903186798
2279,9,1,-0.07384765148162842
2280,4,1,-0.1033928245306015
2281,5,0,-0.09793005883693695
2282,9,1,-0.09201748669147491
2283,4,1,-0.09744193404912949
2284,8,1,-0.004317358136177063
2285,3,1,-0.025800615549087524
2286,3,1,-0.04298775643110275
2287,2,1,-0.012890145182609558
2288,5,0,-0.0784255713224411
2289,1,1,-0.02528388798236847
2290,9,1,-0.034781791269779205
2291,5,0,-0.03004995733499527
2292,5,0,-0.059895604848861694
2293,8,1,-0.04230780899524689
2294,1,1,-0.059930816292762756
2295,8,1,-0.05377804487943649
2296,9,1,-0.027314841747283936
2297,7,1,-0.07060416042804718
2298,0,1,-0.031065702438354492
2299,6,1,-0.0730198323726654
2300,3,1,-0.06245829164981842
2301,2,1,0.01857025921344757
2302,0,1,-0.04725252836942673
2303,2,1,-0.007841348648071289
2304,6,1,-0.07876549661159515
2305,9,1,-0.033018484711647034
2306,3,1,-0.02789752185344696
2307,9,1,-0.030321016907691956
2308,1,1,-0.0844288319349289
2309,6,1,-0.03840511292219162
2310,6,1,-0.04458049684762955
2311,7,1,0.07949946820735931
2312,2,1,0.015261247754096985
2313,6,1,-0.06905242800712585
2314,3,1,0.0317465215921402
2315,2,1,0.12482048571109772
2316,5,0,-0.08110880106687546
2317,5,0,-0.014932334423065186
2318,2,1,-0.08040694892406464
2319,7,1,-0.049022942781448364
2320,5,0,-0.08460228145122528
2321,2,1,-0.06625696271657944
2322,0,1,-0.014545217156410217
2323,8,1,-0.05082321912050247
2324,0,1,-0.06538711488246918
2325,7,1,-0.050535060465335846
2326,7,1,-0.007900848984718323
2327,1,1,0.07575950026512146
2328,7,1,-0.0426318496465683
2329,4,1,-0.039920322597026825
2330,0,1,0.15899600088596344
2331,2,1,-0.04631181061267853
2332,2,1,-0.03421871364116669
2333,6,1,-0.025261014699935913
2334,1,1,-0.014689475297927856
2335,5,0,-0.06180398166179657
2336,9,1,-0.053282782435417175
2337,7,1,-0.04516403377056122
2338,6,1,0.05583249032497406
2339,2,1,-0.049842193722724915
2340,7,1,-0.02158495783805847
2341,0,1,-0.055880092084407806
2342,5,0,-0.06166677176952362
2343,6,1,-0.018508508801460266
2344,0,1,-0.06313852220773697
2345,1,1,-0.013800323009490967
2346,1,1,0.04238058626651764
2347,8,1,-0.07760373502969742
2348,4,1,0.037015095353126526
2349,5,0,-0.04631225764751434
2350,3,1,-0.058719128370285034
2351,1,1,-0.004029750823974609
2352,2,1,-0.06382152438163757
2353,4,1,-0.03916303068399429
2354,8,1,0.02533191442489624
2355,9,1,0.028590768575668335
2356,8,1,-0.04214952886104584
2357,1,1,-0.05256343632936478
2358,7,1,-0.07474416494369507
2359,2,1,0.013976678252220154
2360,7,1,-0.05956072360277176
2361,2,1,-0.042389437556266785
2362,3,1,0.02360890805721283
2363,2,1,0.01807422935962677
2364,6,1,-0.0433763712644577
2365,7,1,-0.05365733802318573
2366,9,1,-0.07741804420948029
2367,4,1,-0.029708757996559143
2368,0,1,-0.03876246511936188
2369,1,1,-0.03428605943918228
2370,0,1,-0.053327664732933044
2371,4,1,-0.0879603922367096
2372,5,0,-0.05718168616294861
2373,0,1,0.16754503548145294
2374,8,1,-0.018181458115577698
2375,0,1,-0.0633731409907341
2376,7,1,-0.07200820744037628
2377,6,1,-0.08393450081348419
2378,1,1,-0.05831534415483475
2379,0,1,-0.05796875059604645
2380,8,1,-0.06263838708400726
2381,5,0,-0.0726543664932251
2382,9,1,-0.0467132031917572
2383,2,1,0.04740162193775177
2384,5,0,-0.05823622643947601
2385,4,1,-0.07178764790296555
2386,4,1,-0.08281693607568741
2387,9,1,-0.07669869065284729
2388,0,1,-0.013027772307395935
2389,6,1,-0.07934340834617615
2390,1,1,-0.016583815217018127
2391,2,1,0.12413813173770905
2392,5,0,-0.06715278327465057
2393,1,1,-0.025588572025299072
2394,6,1,-0.06750903278589249
2395,7,1,0.05616168677806854
2396,1,1,-0.06983102858066559
2397,5,0,-0.060136258602142334
2398,8,1,-0.10755696892738342
2399,8,1,-0.06902623176574707
2400,0,1,0.12492214143276215
2401,3,1,-0.0677817314863205
2402,9,1,0.018048107624053955
2403,4,1,-0.055554524064064026
2404,0,1,-0.01591247320175171
2405,3,1,-0.06673325598239899
2406,4,1,0.017155632376670837
2407,9,1,-0.024547740817070007
2408,2,1,-0.046358220279216766
2409,4,1,-0.01318204402923584
2410,3,1,-0.03155084699392319
2411,0,1,0.24965940415859222
2412,6,1,-0.055305466055870056
2413,4,1,-0.0035037845373153687
2414,5,0,-0.03745250403881073
2415,6,1,0.012538358569145203
2416,6,1,-0.01831255853176117
2417,7,1,-0.07242704182863235
2418,8,1,-0.047186657786369324
2419,4,1,-0.05015341937541962
2420,8,1,-0.08153209090232849
2421,8,1,-0.05923468619585037
2422,3,1,-0.058104000985622406
2423,2,1,-0.026288092136383057
2424,8,1,-0.03757072985172272
2425,0,1,-0.030970826745033264
2426,2,1,0.011469930410385132
2427,5,0,-0.042223624885082245
2428,6,1,-0.04256024211645126
2429,8,1,-0.0034463852643966675
2430,7,1,0.06216047704219818
2431,8,1,-0.04439394921064377
2432,9,1,-0.06702534854412079
2433,9,1,0.06781058013439178
2434,0,1,-0.00934891402721405
2435,6,1,-0.06835190951824188
2436,6,1,-0.05401560664176941
2437,8,1,0.1332537680864334
2438,1,1,-0.00976879894733429
2439,1,1,0.01854225993156433
2440,7,1,0.035300493240356445
2441,4,1,-0.040704429149627686
2442,4,1,-0.07211270928382874
2443,2,1,0.11266525089740753
2444,3,1,-0.09974516183137894
2445,6,1,-0.07447357475757599
2446,9,1,-0.06742210686206818
2447,6,1,0.035401538014411926
2448,2,1,-0.044116273522377014
2449,4,1,-0.03271634131669998
2450,1,1,-0.0038743317127227783
2451,8,1,-0.02109532058238983
2452,2,1,-0.030845627188682556
2453,3,1,0.025954678654670715
2454,1,1,-0.02772614359855652
2455,6,1,-0.05586232244968414
2456,8,1,0.2014901489019394
2457,6,1,-0.08612331002950668
2458,8,1,-0.04800156503915787
2459,5,0,-0.07983638346195221
2460,9,1,-0.06061357259750366
2461,0,1,-0.027996674180030823
2462,1,1,-0.04324112832546234
2463,0,1,-0.05789109319448471
2464,2,1,-0.03492237627506256
2465,9,1,-0.06963580846786499
2466,2,1,-0.051341257989406586
2467,9,1,-0.05493645370006561
2468,0,1,-0.0655079036951065
2469,9,1,0.028878018260002136
2470,7,1,-0.06096276640892029
2471,8,1,0.01226373016834259
2472,5,0,0.012421861290931702
2473,0,1,0.042502596974372864
2474,6,1,-0.015400618314743042
2475,6,1,0.04246501624584198
2476,8,1,-0.061261460185050964
2477,1,1,-0.03659692406654358
2478,6,1,-0.02059747278690338
2479,5,0,-0.07318539917469025
2480,8,1,-0.04826994985342026
2481,7,1,-0.04620213806629181
2482,9,1,-0.044069804251194
2483,2,1,-0.02723100036382675
2484,1,1,-0.025779709219932556
2485,6,1,0.092037633061409
2486,7,1,0.03072284162044525
2487,5,0,-0.03036320209503174
2488,6,1,-0.04525153338909149
2489,3,1,-0.058936506509780884
2490,0,1,0.014400526881217957
2491,9,1,-0.067866250872612
2492,8,1,-0.07416250556707382
2493,9,1,0.0023014843463897705
2494,5,0,-0.02098889648914337
2495,9,1,-0.07463517040014267
2496,9,1,-0.02298671007156372
2497,9,1,-0.06011923402547836
2498,3,1,-0.005379512906074524
2499,6,1,-0.06416502594947815
2500,4,1,-0.013931140303611755
2501,4,1,-0.03704862296581268
2502,8,1,0.1095164567232132
2503,8,1,-0.07255186885595322
2504,1,1,0.012915298342704773
2505,7,1,0.0036185234785079956
2506,3,1,-0.023481011390686035
2507,0,1,0.7331887483596802
2508,6,1,-0.07378984987735748
2509,2,1,0.021206483244895935
2510,4,1,-0.06670290231704712
2511,8,1,-0.05807679146528244
2512,2,1,-0.04177768528461456
2513,2,1,-0.02335873246192932
2514,9,1,-0.013636454939842224
2515,2,1,-0.052865415811538696
2516,2,1,-0.031293146312236786
2517,9,1,-0.035025209188461304
2518,7,1,0.0008338242769241333
2519,4,1,-0.036738090217113495
2520,1,1,-0.06652522087097168
2521,9,1,-0.048394136130809784
2522,1,1,-0.06166352331638336
2523,4,1,-0.06565029174089432
2524,3,1,-0.008154362440109253
2525,5,0,-0.048306941986083984
2526,3,1,-0.018108531832695007
2527,8,1,0.025351732969284058
2528,9,1,0.10105116665363312
2529,3,1,0.012989535927772522
2530,6,1,-0.06669043749570847
2531,2,1,-0.06763993203639984
2532,0,1,-0.016117259860038757
2533,8,1,0.0664689689874649
2534,9,1,-0.0051510632038116455
2535,0,1,0.0017824620008468628
2536,5,0,-0.038737714290618896
2537,1,1,-0.06662353128194809
2538,5,0,0.08898481726646423
2539,8,1,-0.097490593791008
2540,2,1,-0.03061346709728241
2541,1,1,0.0011200159788131714
2542,2,1,-0.03940945118665695
2543,3,1,0.03891207277774811
2544,2,1,-0.05535238981246948
2545,4,1,-0.001721397042274475
2546,8,1,-0.06931579113006592
2547,4,1,-0.032528333365917206
2548,0,1,0.007459878921508789
2549,6,1,-0.05539919435977936
2550,4,1,-0.08746753633022308
2551,2,1,-0.02913748472929001
2552,9,1,-0.034008100628852844
2553,8,1,-0.06690801680088043
2554,4,1,-0.04729391634464264
2555,7,1,-0.06358497589826584
2556,6,1,-0.02709590643644333
2557,2,1,-0.05444130301475525
2558,4,1,0.09257940948009491
2559,7,1,0.0370786190032959
2560,7,1,-0.004846110939979553
2561,6,1,-0.03068317472934723
2562,4,1,-0.038974180817604065
2563,2,1,-0.008390098810195923
2564,2,1,0.11013157665729523
2565,3,1,-0.06499671936035156
2566,2,1,-0.08426032215356827
2567,4,1,-0.02300243079662323
2568,9,1,0.04214450716972351
2569,0,1,0.006739303469657898
2570,0,1,0.06248001754283905
2571,9,1,-0.09019625931978226
2572,6,1,0.07158680260181427
2573,5,0,-0.06062781810760498
2574,8,1,0.002598702907562256
2575,5,0,-0.03876853734254837
2576,2,1,-0.0484045073390007
2577,4,1,-0.08016838133335114
2578,8,1,-0.05187882483005524
2579,8,1,-0.04975530505180359
2580,6,1,-0.07706652581691742
2581,4,1,-0.0891999676823616
2582,5,0,-0.08512402325868607
2583,7,1,-0.017811521887779236
2584,6,1,0.03962166607379913
2585,3,1,0.1755940467119217
2586,7,1,-0.028771840035915375
2587,0,1,0.08195091784000397
2588,4,1,-0.03707374632358551
2589,0,1,-0.0845835879445076
2590,5,0,-0.018095478415489197
2591,8,1,-0.05013558268547058
2592,2,1,0.021872997283935547
2593,8,1,-0.04418841749429703
2594,0,1,-0.023587390780448914
2595,4,1,-0.07439334690570831
2596,9,1,-0.04673488438129425
2597,2,1,-0.07422783970832825
2598,3,1,-0.06633281707763672
2599,6,1,-0.03620036691427231
2600,8,1,-0.041347578167915344
2601,1,1,-0.019096732139587402
2602,6,1,0.09124000370502472
2603,0,1,-0.03756646811962128
2604,8,1,-0.04243043065071106
2605,4,1,-0.04333816468715668
2606,3,1,0.02324746549129486
2607,1,1,-0.021525338292121887
2608,4,1,-0.09308818727731705
2609,5,0,0.00809451937675476
2610,2,1,-0.04550761729478836
2611,4,1,0.03679963946342468
2612,3,1,0.009221792221069336
2613,6,1,-0.05240384489297867
2614,0,1,-0.059003785252571106
2615,7,1,-0.004401162266731262
2616,1,1,-0.035162635147571564
2617,3,1,-0.0637025535106659
2618,5,0,-0.09099165350198746
2619,7,1,-0.07993906736373901
2620,1,1,-0.020429566502571106
2621,8,1,0.03213419020175934
2622,0,1,0.06033177673816681
2623,4,1,-0.07743899524211884
2624,8,1,-0.046433091163635254
2625,2,1,-0.005369752645492554
2626,7,1,-0.06144857406616211
2627,7,1,-0.07008135318756104
2628,0,1,-0.06580691039562225
2629,2,1,0.02419792115688324
2630,2,1,-0.014989957213401794
2631,4,1,-0.062260523438453674
2632,3,1,-0.06672802567481995
2633,3,1,-0.08136309683322906
2634,1,1,-0.014925062656402588
2635,6,1,-0.026187554001808167
2636,1,1,0.04563285410404205
2637,6,1,0.007384628057479858
2638,4,1,-0.04660210758447647
2639,6,1,-0.041803888976573944
2640,7,1,-0.03525245189666748
2641,4,1,-0.023829028010368347
2642,7,1,-0.06392675638198853
2643,3,1,-0.0938795879483223
2644,8,1,-0.0870363786816597
2645,1,1,-0.03600405156612396
2646,3,1,0.07135994732379913
2647,1,1,0.08532217144966125
2648,4,1,-0.028315536677837372
2649,6,1,-0.06913026422262192
2650,5,0,-0.06685206294059753
2651,5,0,-0.035723909735679626
2652,7,1,0.00923745334148407
2653,4,1,-0.036606162786483765
2654,5,0,-0.04036329686641693
2655,4,1,-0.018013417720794678
2656,9,1,-0.07752975076436996
2657,7,1,0.0923541933298111
2658,7,1,0.031214639544487
2659,2,1,-0.06553907692432404
2660,3,1,-0.022251710295677185
2661,3,1,-0.047332338988780975
2662,6,1,0.10576678812503815
2663,7,1,-0.06558600068092346
2664,4,1,-0.07913003116846085
2665,1,1,0.030759409070014954
2666,6,1,-0.08062566816806793
2667,1,1,-0.031731925904750824
2668,0,1,0.2897220849990845
2669,6,1,-0.009004190564155579
2670,9,1,-0.07270213961601257
2671,6,1,-0.05651674419641495
2672,0,1,-0.021406516432762146
2673,2,1,-0.03982020914554596
2674,0,1,-0.012470290064811707
2675,2,1,0.04730208218097687
2676,4,1,-0.03099743276834488
2677,7,1,-0.07742620259523392
2678,0,1,-0.012583747506141663
2679,0,1,0.003233984112739563
2680,0,1,-0.06909894943237305
2681,0,1,-0.017759189009666443
2682,7,1,-0.05536481738090515
2683,5,0,-0.053853780031204224
2684,3,1,-0.053202055394649506
2685,2,1,-0.04274892061948776
2686,7,1,-0.008817926049232483
2687,8,1,0.04756420850753784
2688,5,0,-0.01941506564617157
2689,5,0,-0.06697317957878113
2690,2,1,0.013362422585487366
2691,2,1,-0.06719306111335754
2692,8,1,-0.022903069853782654
2693,9,1,-0.026063159108161926
2694,1,1,-0.03792843967676163
2695,2,1,0.015617892146110535
2696,2,1,-0.10047505050897598
2697,0,1,-0.06434714794158936
2698,3,1,-0.0645340085029602
2699,4,1,-0.07927098125219345
2700,9,1,0.0029722601175308228
2701,1,1,-0.0268368199467659
2702,6,1,-0.03170345723628998
2703,9,1,-0.02643720805644989
2704,0,1,-0.057251572608947754
2705,8,1,0.10759682953357697
2706,3,1,-0.08255677670240402
2707,6,1,-0.04876570403575897
2708,4,1,0.03120553493499756
2709,6,1,-0.04249776899814606
2710,7,1,-0.054830364882946014
2711,5,0,-0.010586127638816833
2712,1,1,-0.014779657125473022
2713,8,1,0.0285518616437912
2714,9,1,-0.08774138987064362
2715,0,1,-0.047939375042915344
2716,5,0,-0.05692346394062042
2717,0,1,0.03068600594997406
2718,5,0,-0.05152428150177002
2719,4,1,0.010396197438240051
2720,3,1,-0.024218186736106873
2721,8,1,-0.07898307591676712
2722,5,0,-0.08468816429376602
2723,2,1,-0.010914519429206848
2724,0,1,0.13623349368572235
2725,8,1,-0.0203695148229599
2726,5,0,-0.003970116376876831
2727,9,1,-0.08654417842626572
2728,2,1,-0.0516112744808197
2729,5,0,-0.013991639018058777
2730,6,1,0.00019012391567230225
2731,5,0,-0.03432176262140274
2732,7,1,-0.01710696518421173
2733,3,1,-0.05298536270856857
2734,7,1,-0.06414812058210373
2735,2,1,-0.07659132033586502
2736,8,1,-0.06266490370035172
2737,8,1,-0.0013003647327423096
2738,4,1,-0.05685839056968689
2739,2,1,-0.05265282094478607
2740,1,1,-0.08843927830457687
2741,6,1,-0.09216304868459702
2742,2,1,0.05921280384063721
2743,9,1,-0.022862717509269714
2744,9,1,-0.0018692165613174438
2745,8,1,-0.01767212152481079
2746,2,1,-0.05089917778968811
2747,3,1,-0.0654226616024971
2748,1,1,-0.024142369627952576
2749,0,1,-0.01059238612651825
2750,5,0,0.006124645471572876
2751,2,1,-0.08803704380989075
2752,3,1,-0.04420968145132065
2753,7,1,-0.03835058957338333
2754,9,1,-0.022958382964134216
2755,5,0,-0.023417174816131592
2756,9,1,-0.029764920473098755
2757,1,1,-0.07418304681777954
2758,1,1,-0.059202633798122406
2759,3,1,-0.03644758462905884
2760,2,1,-0.039333440363407135
2761,7,1,-0.07008007168769836
2762,4,1,0.047389283776283264
2763,4,1,0.003034338355064392
2764,1,1,0.0011082589626312256
2765,9,1,-0.025985121726989746
2766,4,1,-0.06265076994895935
2767,5,0,-0.04011543095111847
2768,5,0,-0.0853838324546814
2769,2,1,-0.03366827964782715
2770,7,1,-0.03433002531528473
2771,7,1,-0.10808420926332474
2772,6,1,-0.08160391449928284
2773,1,1,-0.05696350336074829
2774,2,1,-0.04807265102863312
2775,3,1,-0.064128577709198
2776,7,1,-0.06901286542415619
2777,5,0,-0.009539395570755005
2778,4,1,-0.048141852021217346
2779,3,1,-0.038824498653411865
2780,7,1,0.00010059773921966553
2781,7,1,-0.05418877303600311
2782,0,1,-0.004885569214820862
2783,0,1,-0.005734339356422424
2784,1,1,-0.06382142007350922
2785,4,1,-0.04513663798570633
2786,4,1,0.011387839913368225
2787,3,1,-0.048959389328956604
2788,7,1,-0.002177223563194275
2789,9,1,0.006742268800735474
2790,8,1,-0.04667726159095764
2791,7,1,-0.06541262567043304
2792,0,1,0.020001664757728577
2793,9,1,-0.025458067655563354
2794,0,1,-0.03352726250886917
2795,3,1,-0.0720452070236206
2796,7,1,-0.024396374821662903
2797,6,1,-0.06860272586345673
2798,3,1,-0.06829852610826492
2799,8,1,-0.028048492968082428
2800,4,1,-0.06211312860250473
2801,5,0,-0.07549983263015747
2802,6,1,-0.04794568568468094
2803,5,0,-0.07759089767932892
2804,3,1,-0.028245121240615845
2805,4,1,-0.09593386203050613
2806,2,1,0.05831727385520935
2807,9,1,-0.07717745751142502
2808,2,1,-0.028923936188220978
2809,4,1,-0.05489298701286316
2810,9,1,-0.05971108376979828
2811,2,1,-0.05426459014415741
2812,0,1,0.17543156445026398
2813,1,1,0.17588402330875397
2814,1,1,-0.05783151090145111
2815,3,1,-0.04838796705007553
2816,7,1,-0.026378735899925232
2817,9,1,-0.038145944476127625
2818,5,0,-0.05163104087114334
2819,1,1,0.03281073272228241
2820,6,1,-0.015717238187789917
2821,0,1,-0.023344680666923523
2822,3,1,-0.0828128308057785
2823,3,1,0.023809686303138733
2824,7,1,-0.06312921643257141
2825,2,1,-0.0034975558519363403
2826,4,1,0.06481103599071503
2827,5,0,-0.03877688944339752
2828,2,1,0.0442797988653183
2829,3,1,-0.08821473270654678
2830,6,1,-0.023914948105812073
2831,3,1,0.06465514004230499
2832,3,1,-0.01052500307559967
2833,0,1,0.050405144691467285
2834,4,1,-0.09679922461509705
2835,4,1,-0.0610160231590271
2836,3,1,-0.07856734097003937
2837,8,1,-0.018808111548423767
2838,1,1,0.16519148647785187
2839,2,1,-0.012211620807647705
2840,3,1,-0.08805015683174133
2841,2,1,0.04954315721988678
2842,7,1,-0.03502730280160904
2843,1,1,0.006939604878425598
2844,4,1,-0.013048991560935974
2845,5,0,-0.022572264075279236
2846,6,1,-0.009924843907356262
2847,8,1,-0.05752846598625183
2848,6,1,-0.003317996859550476
2849,6,1,-0.09035751223564148
2850,5,0,-0.07642970234155655
2851,4,1,0.011845752596855164
2852,2,1,-0.06884043663740158
2853,9,1,0.009373500943183899
2854,9,1,-0.048636965453624725
2855,3,1,-0.06679368764162064
2856,2,1,0.006382882595062256
2857,0,1,-0.09410828351974487
2858,4,1,-0.05555357784032822
2859,1,1,0.08639319241046906
2860,5,0,-0.05858367681503296
2861,5,0,-0.07604316622018814
2862,6,1,0.06581586599349976
2863,6,1,0.053308770060539246
2864,5,0,-0.0810067355632782
2865,6,1,-0.04593008756637573
2866,9,1,0.0006102919578552246
2867,7,1,-0.09353501349687576
2868,9,1,-0.04381196200847626
2869,4,1,0.02009059488773346
2870,8,1,-0.003915265202522278
2871,3,1,0.033171191811561584
2872,1,1,0.013659253716468811
2873,9,1,-0.04304824024438858
2874,8,1,-0.06256406754255295
2875,1,1,-0.06458806991577148
2876,9,1,-0.08542636036872864
2877,0,1,-0.07210314273834229
2878,3,1,-0.06058507412672043
2879,0,1,-0.04989514499902725
2880,4,1,-0.07779033482074738
2881,7,1,-0.07728834450244904
2882,7,1,-0.03132818639278412
2883,2,1,0.06534871459007263
2884,6,1,-0.07342125475406647
2885,5,0,-0.07711902260780334
2886,6,1,-0.018585965037345886
2887,9,1,0.027795806527137756
2888,7,1,-0.09966693818569183
2889,7,1,-0.0832853615283966
2890,5,0,-0.012007102370262146
2891,7,1,-0.05896682292222977
2892,0,1,-0.05384194850921631
2893,8,1,-0.014541611075401306
2894,6,1,-0.023575663566589355
2895,7,1,-0.051093488931655884
2896,8,1,-0.0843757838010788
2897,3,1,-0.0651533305644989
2898,8,1,-0.019711390137672424
2899,9,1,-0.008061572909355164
2900,3,1,-0.04575377702713013
2901,2,1,0.021540150046348572
2902,9,1,-0.021723106503486633
2903,2,1,-0.06118994206190109
2904,7,1,-0.030787348747253418
2905,4,1,0.014609724283218384
2906,1,1,-0.05872046947479248
2907,9,1,-0.06411001831293106
2908,7,1,-0.05526110529899597
2909,0,1,-0.05566708743572235
2910,8,1,-0.042894065380096436
2911,1,1,-0.04177911579608917
2912,2,1,0.003918468952178955
2913,0,1,0.010128572583198547
2914,6,1,-0.020739465951919556
2915,5,0,-0.04974554479122162
2916,1,1,-0.05896314978599548
2917,4,1,-0.08042319118976593
2918,2,1,0.04318927228450775
2919,8,1,-0.05479711294174194
2920,2,1,-0.05321527272462845
2921,8,1,-0.058932095766067505
2922,3,1,-0.03046412765979767
2923,3,1,-0.08083491027355194
2924,1,1,0.016690343618392944
2925,4,1,0.006101503968238831
2926,9,1,-0.03957124799489975
2927,8,1,-0.06335140764713287
2928,1,1,-0.01830868422985077
2929,1,1,-0.037887655198574066
2930,7,1,-0.03294580429792404
2931,9,1,0.02965337038040161
2932,9,1,0.04384896159172058
2933,4,1,-0.014991283416748047
2934,6,1,-0.03534720838069916
2935,8,1,-0.06915466487407684
2936,5,0,-0.051579177379608154
2937,3,1,-0.031645506620407104
2938,2,1,0.2989647388458252
2939,2,1,-0.05570384860038757
2940,3,1,-0.043416738510131836
2941,8,1,-0.015055045485496521
2942,5,0,-0.03809715807437897
2943,1,1,-0.036815665662288666
2944,9,1,0.004289284348487854
2945,7,1,0.003823578357696533
2946,9,1,-0.07201243191957474
2947,1,1,-0.00011871755123138428
2948,5,0,-0.026043042540550232
2949,3,1,-0.01351386308670044
2950,1,1,-0.0790862962603569
2951,0,1,-0.0028450340032577515
2952,3,1,-0.09866963326931
2953,8,1,0.019632861018180847
2954,9,1,-0.03455115854740143
2955,2,1,-0.015493527054786682
2956,0,1,0.40501153469085693
2957,8,1,-0.0423315167427063
2958,0,1,-0.09922328591346741
2959,7,1,-0.014197811484336853
2960,9,1,-0.0706973597407341
2961,4,1,-0.03428886830806732
2962,8,1,-0.0876128226518631
2963,3,1,0.10601605474948883
2964,0,1,-0.09051485359668732
2965,7,1,-0.058109551668167114
2966,0,1,-0.013857230544090271
2967,7,1,-0.020363077521324158
2968,0,1,-0.07123789936304092
2969,5,0,-0.012072905898094177
2970,5,0,-0.05108103156089783
2971,4,1,-0.06038011610507965
2972,3,1,-0.09377047419548035
2973,0,1,0.06441940367221832
2974,9,1,-0.07034788280725479
2975,9,1,-0.03775356709957123
2976,0,1,-0.016828417778015137
2977,2,1,-0.047500163316726685
2978,2,1,-0.02687647193670273
2979,0,1,-0.02438613772392273
2980,8,1,-0.07589276880025864
2981,4,1,-0.014836519956588745
2982,4,1,-0.0890507847070694
2983,5,0,-0.07071538269519806
2984,2,1,-0.06630094349384308
2985,2,1,-0.03865507245063782
2986,1,1,-0.02935022860765457
2987,1,1,-0.04005999118089676
2988,5,0,-0.06622941792011261
2989,5,0,-0.10394535958766937
2990,4,1,-0.02642148733139038
2991,3,1,-0.09519530832767487
2992,4,1,0.015471413731575012
2993,0,1,0.11555452644824982
2994,8,1,-0.028142310678958893
2995,4,1,0.13750295341014862
2996,8,1,0.08225703239440918
2997,2,1,-0.07241903245449066
2998,5,0,-0.06379447877407074
2999,6,1,-0.008241459727287292
3000,5,0,-0.09835691750049591
3001,1,1,-0.04636543244123459
3002,7,1,-0.02687850594520569
3003,2,1,0.04819343984127045
3004,4,1,-0.0929291769862175
3005,0,1,-0.016340121626853943
3006,5,0,-0.051313698291778564
3007,6,1,-0.003902152180671692
3008,8,1,-0.04815603792667389
3009,7,1,0.02186669409275055
3010,6,1,-0.006741270422935486
3011,3,1,-0.0010837912559509277
3012,1,1,0.005176350474357605
3013,3,1,-0.015264376997947693
3014,6,1,-0.02767525613307953
3015,6,1,-0.04765966534614563
3016,4,1,0.02042555809020996
3017,5,0,-0.0727929174900055
3018,5,0,-0.029388055205345154
3019,5,0,-0.029188737273216248
3020,1,1,-0.061452701687812805
3021,8,1,-0.04709219932556152
3022,7,1,-0.08588118851184845
3023,3,1,0.047904253005981445
3024,0,1,-0.08151973783969879
3025,2,1,-0.013375356793403625
3026,5,0,0.02488546073436737
3027,1,1,-0.03871096670627594
3028,1,1,-0.050501614809036255
3029,1,1,-0.0630946084856987
3030,6,1,0.0016951113939285278
3031,7,1,0.0029740184545516968
3032,2,1,0.01720188558101654
3033,1,1,-0.03653368353843689
3034,2,1,0.1149449497461319
3035,3,1,-0.07879328727722168
3036,9,1,-0.08037459850311279
3037,8,1,-0.01925767958164215
3038,3,1,0.2616710066795349
3039,1,1,0.06394599378108978
3040,7,1,-0.0006287842988967896
3041,4,1,-0.08265337347984314
3042,8,1,-0.029998794198036194
3043,4,1,0.013741269707679749
3044,7,1,-0.01632116734981537
3045,5,0,-0.05404764413833618
3046,8,1,-0.05135487765073776
3047,6,1,-0.06336940824985504
3048,0,1,0.011574462056159973
3049,3,1,-0.013850271701812744
3050,0,1,0.08406278491020203
3051,8,1,-0.054326266050338745
3052,3,1,0.02689497172832489
3053,4,1,0.03503614664077759
3054,4,1,0.05137878656387329
3055,9,1,0.03378753364086151
3056,4,1,-0.033344566822052
3057,6,1,-0.009821519255638123
3058,1,1,-0.02423863112926483
3059,5,0,-0.1019933670759201
3060,7,1,-0.057711899280548096
3061,7,1,-0.03481214493513107
3062,9,1,-0.09024342149496078
3063,0,1,-0.06355390697717667
3064,1,1,-0.016151025891304016
3065,3,1,-0.0729907676577568
3066,1,1,-0.09705132991075516
3067,3,1,0.06723666191101074
3068,2,1,-0.056157492101192474
3069,4,1,-0.036942996084690094
3070,0,1,0.31848931312561035
3071,7,1,-0.04313639551401138
3072,8,1,-0.08334405720233917
3073,3,1,-0.0055388957262039185
3074,1,1,-0.05163688212633133
3075,6,1,-0.04237411916255951
3076,2,1,-0.05456174165010452
3077,1,1,-0.017389729619026184
3078,8,1,-0.0543251633644104
3079,8,1,-0.017401546239852905
3080,1,1,0.023850783705711365
3081,9,1,-0.08771722763776779
3082,7,1,-0.09942717105150223
3083,5,0,-0.02986942231655121
3084,3,1,0.0005828589200973511
3085,2,1,0.007547780871391296
3086,9,1,-0.03131680190563202
3087,0,1,-0.08747733384370804
3088,6,1,-0.052578821778297424
3089,8,1,-0.03565393388271332
3090,4,1,-0.05974064767360687
3091,1,1,0.11181189119815826
3092,5,0,-0.04126347601413727
3093,7,1,0.0016109496355056763
3094,2,1,-0.05754682421684265
3095,4,1,0.03356899321079254
3096,7,1,-0.037029266357421875
3097,0,1,-0.06550449877977371
3098,4,1,-0.07930730283260345
3099,9,1,0.011235028505325317
3100,0,1,-0.0186416357755661
3101,7,1,-0.032394617795944214
3102,0,1,0.055791884660720825
3103,6,1,0.005126789212226868
3104,7,1,-0.021439313888549805
3105,1,1,0.07385239005088806
3106,8,1,-0.03514081984758377
3107,5,0,-0.04412013292312622
3108,8,1,0.07925692200660706
3109,8,1,-0.015636518597602844
3110,7,1,0.043165162205696106
3111,0,1,-0.06569977104663849
3112,0,1,0.05708526074886322
3113,3,1,0.0010236650705337524
3114,2,1,-0.04359203577041626
3115,5,0,-0.03129424899816513
3116,7,1,-0.07101282477378845
3117,0,1,0.009607210755348206
3118,6,1,0.018979504704475403
3119,4,1,-0.02737724781036377
3120,4,1,-0.06218697130680084
3121,9,1,-0.03928322345018387
3122,1,1,-0.03243602067232132
3123,8,1,0.009772524237632751
3124,6,1,-0.029418684542179108
3125,3,1,-0.028319470584392548
3126,9,1,-0.04457513988018036
3127,4,1,0.15728415548801422
3128,9,1,-0.0697508230805397
3129,3,1,-0.029877841472625732
3130,3,1,-0.02401024103164673
3131,7,1,0.0034101754426956177
3132,5,0,-0.0009370595216751099
3133,9,1,-0.004885181784629822
3134,7,1,-0.03825664520263672
3135,7,1,-0.03396618366241455
3136,4,1,-0.07539919763803482
3137,5,0,-0.009590104222297668
3138,8,1,-0.07577257603406906
3139,2,1,0.02897217869758606
3140,8,1,-0.00202275812625885
3141,9,1,-0.05752018094062805
3142,5,0,-0.04352228343486786
3143,3,1,-0.046198926866054535
3144,1,1,-0.03412085026502609
3145,9,1,-0.014081552624702454
3146,2,1,0.0782158374786377
3147,2,1,0.20153523981571198
3148,0,1,0.003688499331474304
3149,1,1,-0.07627856731414795
3150,1,1,0.0033928900957107544
3151,8,1,0.04805053770542145
3152,1,1,0.0016034692525863647
3153,1,1,-0.03436283767223358
3154,9,1,-0.06997966766357422
3155,8,1,-0.07481619715690613
3156,9,1,-0.03674256056547165
3157,9,1,-0.035640113055706024
3158,0,1,-0.01907305419445038
3159,2,1,-0.02002955973148346
3160,6,1,-0.06849749386310577
3161,9,1,-0.04556049406528473
3162,1,1,-0.001554742455482483
3163,9,1,-0.02495679259300232
3164,0,1,0.11433838307857513
3165,1,1,0.028569146990776062
3166,9,1,0.044550821185112
3167,2,1,0.0036230534315109253
3168,9,1,-0.04691414535045624
3169,9,1,-0.09306323528289795
3170,9,1,-0.04843961447477341
3171,0,1,-0.0871601402759552
3172,9,1,-0.08303942531347275
3173,9,1,-0.011820048093795776
3174,2,1,-0.07157517969608307
3175,1,1,-0.041029565036296844
3176,7,1,-0.03908301889896393
3177,0,1,-0.028695836663246155
3178,5,0,-0.045844919979572296
3179,6,1,-0.03749483823776245
3180,3,1,-0.023700684309005737
3181,9,1,-0.06375078111886978
3182,8,1,-0.0829700380563736
3183,3,1,0.0761696845293045
3184,0,1,0.060999393463134766
3185,2,1,-0.013605788350105286
3186,7,1,-0.046576350927352905
3187,7,1,-0.051067158579826355
3188,4,1,-0.06954090297222137
3189,8,1,0.036953702569007874
3190,3,1,0.008210137486457825
3191,0,1,0.0660552829504013
3192,5,0,-0.008145973086357117
3193,2,1,-0.07660485804080963
3194,3,1,-0.051934048533439636
3195,5,0,-0.08673267066478729
3196,7,1,-0.07292196154594421
3197,6,1,-0.020939037203788757
3198,6,1,-0.057663097977638245
3199,6,1,0.010098367929458618
3200,5,0,-0.06701996922492981
3201,6,1,-0.0842236578464508
3202,5,0,-0.10026153922080994
3203,4,1,-0.053457655012607574
3204,5,0,-0.037427037954330444
3205,8,1,-0.036112092435359955
3206,8,1,0.23902644217014313
3207,0,1,-0.05563195049762726
3208,9,1,-0.037387311458587646
3209,7,1,-0.057847656309604645
3210,9,1,-0.05172233283519745
3211,0,1,-0.03492884337902069
3212,6,1,-0.07990828156471252
3213,9,1,-0.06774462759494781
3214,6,1,-0.0751962810754776
3215,1,1,-0.06495614349842072
3216,4,1,-0.03976845741271973
3217,7,1,-0.01875483989715576
3218,9,1,0.013551965355873108
3219,0,1,-0.015130296349525452
3220,3,1,-0.030820250511169434
3221,5,0,-0.0607130229473114
3222,4,1,-0.052592918276786804
3223,7,1,-0.062258705496788025
3224,6,1,-0.009934395551681519
3225,9,1,0.013638868927955627
3226,8,1,0.4477968215942383
3227,2,1,-0.10147243738174438
3228,3,1,-0.05038336664438248
3229,9,1,-0.006824210286140442
3230,3,1,-0.046574853360652924
3231,3,1,-0.07948555797338486
3232,7,1,-0.026702091097831726
3233,8,1,0.020741060376167297
3234,3,1,0.016320422291755676
3235,5,0,-0.06315835565328598
3236,5,0,-0.07261203229427338
3237,9,1,-0.07362035661935806
3238,6,1,-0.019885465502738953
3239,1,1,-0.0026779919862747192
3240,4,1,0.05194865167140961
3241,7,1,-0.011031180620193481
3242,4,1,-0.04403625428676605
3243,8,1,-0.040695056319236755
3244,7,1,-0.05231425166130066
3245,7,1,-0.03624255955219269
3246,1,1,0.036535993218421936
3247,3,1,-0.008784428238868713
3248,0,1,-0.03781820833683014
3249,3,1,0.009616464376449585
3250,2,1,-0.0546531081199646
3251,5,0,-0.0005359500646591187
3252,4,1,-0.04081330448389053
3253,9,1,-0.03767753392457962
3254,3,1,-0.08676645159721375
3255,5,0,-0.08016979694366455
3256,4,1,-0.09053429961204529
3257,7,1,-0.09310098737478256
3258,0,1,-0.05529998242855072
3259,3,1,-0.03663289546966553
3260,7,1,-0.009146586060523987
3261,0,1,-0.014402568340301514
3262,2,1,-0.006898537278175354
3263,1,1,-0.026318266987800598
3264,5,0,-0.03487861156463623
3265,8,1,-0.08081122487783432
3266,7,1,-0.028129898011684418
3267,3,1,-0.014849886298179626
3268,5,0,-0.06339102983474731
3269,7,1,-0.0340677872300148
3270,8,1,-0.054706916213035583
3271,5,0,0.037805452942848206
3272,7,1,-0.04669513553380966
3273,8,1,-0.026467636227607727
3274,1,1,0.0029141753911972046
3275,5,0,-0.02387218177318573
3276,4,1,-0.0746653750538826
3277,7,1,-0.026632145047187805
3278,0,1,-0.06621664762496948
3279,8,1,-0.05124148726463318
3280,3,1,-0.05812027305364609
3281,2,1,0.22621895372867584
3282,9,1,0.0425025075674057
3283,7,1,-0.02242155373096466
3284,4,1,-0.06553279608488083
3285,1,1,-0.00948779284954071
3286,6,1,-0.03145061433315277
3287,5,0,-0.037560947239398956
3288,9,1,0.2116212099790573
3289,8,1,-0.036691367626190186
3290,5,0,-0.08758924901485443
3291,5,0,-0.07435880601406097
3292,4,1,-0.004585370421409607
3293,1,1,-0.047943077981472015
3294,0,1,0.14160816371440887
3295,9,1,-0.015480265021324158
3296,4,1,-0.09607386589050293
3297,4,1,-0.05411320924758911
3298,3,1,-0.04417364299297333
3299,0,1,-0.04590588063001633
3300,4,1,-0.060397669672966
3301,8,1,-0.09879954159259796
3302,0,1,-0.07169441878795624
3303,8,1,-0.027480192482471466
3304,2,1,-0.05582032352685928
3305,9,1,-0.06450606882572174
3306,5,0,-0.037826694548130035
3307,9,1,-0.01335492730140686
3308,7,1,-0.01960669457912445
3309,4,1,-0.041394561529159546
3310,6,1,-0.07469938695430756
3311,7,1,-0.03248092532157898
3312,9,1,0.04784615337848663
3313,2,1,0.043183013796806335
3314,9,1,-0.008406206965446472
3315,3,1,-0.019008591771125793
3316,7,1,-0.04967077821493149
3317,7,1,0.060175538063049316
3318,8,1,-0.03373333811759949
3319,2,1,0.02390025556087494
3320,2,1,-0.05392761528491974
3321,0,1,-0.05607679486274719
3322,2,1,-0.041546858847141266
3323,5,0,-0.08021260797977448
3324,3,1,-0.02397097647190094
3325,6,1,-0.036451004445552826
3326,4,1,-0.030268602073192596
3327,7,1,-0.002493813633918762
3328,2,1,-0.07109130173921585
3329,3,1,0.0014191120862960815
3330,7,1,0.019071385264396667
3331,8,1,-0.10193897783756256
3332,7,1,-0.05394008755683899
3333,2,1,0.0006067752838134766
3334,5,0,-0.07272062450647354
3335,0,1,-0.009836733341217041
3336,0,1,-0.043660953640937805
3337,7,1,-0.09907791763544083
3338,0,1,-0.007755577564239502
3339,9,1,0.0029435157775878906
3340,6,1,-0.086313396692276
3341,1,1,-0.05009245127439499
3342,0,1,0.005901321768760681
3343,3,1,-0.06489154696464539
3344,9,1,0.0009175986051559448
3345,7,1,0.00264759361743927
3346,4,1,-0.04536948353052139
3347,9,1,-0.0013464689254760742
3348,1,1,-0.043111830949783325
3349,6,1,0.0016831308603286743
3350,8,1,-0.058092862367630005
3351,1,1,0.02682928740978241
3352,2,1,0.044162631034851074
3353,3,1,0.06152772903442383
3354,3,1,0.07512690126895905
3355,5,0,-0.05694170296192169
3356,4,1,0.03303678333759308
3357,8,1,0.14432276785373688
3358,9,1,-0.07041256129741669
3359,7,1,-0.045084767043590546
3360,4,1,0.00969076156616211
3361,4,1,-0.08261318504810333
3362,1,1,0.02760709822177887
3363,2,1,0.05371354520320892
3364,4,1,-0.030511967837810516
3365,9,1,-0.08526299893856049
3366,8,1,-0.055801838636398315
3367,7,1,-0.02336086332798004
3368,9,1,-0.04632791876792908
3369,5,0,-0.07043100893497467
3370,1,1,-0.05254238843917847
3371,2,1,0.012004271149635315
3372,1,1,-0.07624431699514389
3373,6,1,0.014106258749961853
3374,6,1,-0.10199391841888428
3375,4,1,0.033735066652297974
3376,5,0,-0.060638874769210815
3377,7,1,-0.0750233456492424
3378,4,1,-0.04414397478103638
3379,5,0,-0.11045460402965546
3380,8,1,-0.03303094953298569
3381,5,0,-0.016822054982185364
3382,2,1,-0.05668678134679794
3383,8,1,0.02365933358669281
3384,7,1,-0.015522569417953491
3385,8,1,-0.06765936315059662
3386,2,1,0.03850969672203064
3387,3,1,0.05095921456813812
3388,6,1,-0.06384751200675964
3389,1,1,-0.021325811743736267
3390,3,1,-0.05578523874282837
3391,3,1,-0.008707433938980103
3392,1,1,0.05709652602672577
3393,5,0,0.1770172268152237
3394,1,1,-0.05337664484977722
3395,9,1,-0.06062513589859009
3396,0,1,-0.04454389214515686
3397,9,1,-0.045678526163101196
3398,2,1,-0.058504655957221985
3399,0,1,0.08756257593631744
3400,6,1,-0.027453504502773285
3401,2,1,-0.04950685799121857
3402,4,1,0.029881641268730164
3403,8,1,0.11219097673892975
3404,5,0,-0.03876550495624542
3405,7,1,-0.048443518579006195
3406,6,1,-0.05736429989337921
3407,1,1,-0.05063266307115555
3408,2,1,-0.02625894546508789
3409,9,1,-0.05761454254388809
3410,4,1,-0.005706116557121277
3411,5,0,-0.059259459376335144
3412,0,1,-0.0032320916652679443
3413,3,1,-0.07605007290840149
3414,3,1,-0.007137909531593323
3415,7,1,-0.06602974236011505
3416,7,1,-0.06532624363899231
3417,7,1,-0.057211488485336304
3418,1,1,0.04305858910083771
3419,4,1,-0.05554667115211487
3420,5,0,0.013551294803619385
3421,0,1,-0.022689417004585266
3422,2,1,-0.04078096151351929
3423,8,1,-0.07609010487794876
3424,5,0,-0.04142746329307556
3425,0,1,-0.07338036596775055
3426,0,1,0.08918739855289459
3427,6,1,-0.0626402348279953
3428,2,1,-0.05191205441951752
3429,0,1,-0.05344186723232269
3430,8,1,0.015762925148010254
3431,4,1,-0.048489950597286224
3432,5,0,0.028262197971343994
3433,4,1,0.02470932900905609
3434,5,0,-0.008438453078269958
3435,6,1,-0.08028626441955566
3436,4,1,-0.06217797100543976
3437,7,1,0.02751581370830536
3438,9,1,0.015695810317993164
3439,4,1,-0.02314673364162445
3440,2,1,-0.058483004570007324
3441,0,1,0.020275160670280457
3442,6,1,-0.10247509926557541
3443,4,1,0.05814410746097565
3444,0,1,25.829954147338867
3445,0,1,-0.02361948788166046
3446,6,1,-0.08026735484600067
3447,4,1,-0.05767546594142914
3448,6,1,-0.06127949059009552
3449,1,1,-0.06057054549455643
3450,9,1,-0.04798034578561783
3451,5,0,-0.0862351730465889
3452,5,0,-0.04602333903312683
3453,2,1,-0.03385142982006073
3454,2,1,0.12017424404621124
3455,6,1,-0.07560136914253235
3456,3,1,-0.0269794762134552
3457,4,1,-0.0775296539068222
3458,5,0,-0.04277418553829193
3459,9,1,0.0006912797689437866
3460,1,1,-0.03597327321767807
3461,7,1,-0.07036358118057251
3462,2,1,-0.031810179352760315
3463,3,1,-0.015658363699913025
3464,9,1,-0.04890301078557968
3465,6,1,-0.020969077944755554
3466,5,0,-0.0176965594291687
3467,0,1,-0.06308987736701965
3468,2,1,-0.022248700261116028
3469,9,1,-0.04449331760406494
3470,7,1,-0.0556005984544754
3471,1,1,-0.08834562450647354
3472,7,1,-0.00828881561756134
3473,2,1,-0.017482414841651917
3474,2,1,-0.04079967737197876
3475,0,1,0.4228861927986145
3476,8,1,-0.07624940574169159
3477,6,1,-0.01952974498271942
3478,4,1,0.04799972474575043
3479,3,1,-0.07598423212766647
3480,2,1,-0.10039062052965164
3481,7,1,-0.034063711762428284
3482,7,1,-0.06308022141456604
3483,0,1,0.07313813269138336
3484,4,1,-0.004921406507492065
3485,1,1,-0.01330617070198059
3486,6,1,-0.06464380025863647
3487,5,0,-0.07809530943632126
3488,1,1,0.025003626942634583
3489,3,1,-0.029256559908390045
3490,0,1,-0.06254933774471283
3491,3,1,-0.09508582204580307
3492,9,1,-0.035582199692726135
3493,0,1,-0.08017727732658386
3494,0,1,-0.033152587711811066
3495,2,1,-0.05480196326971054
3496,5,0,0.038167282938957214
3497,0,1,0.0015401095151901245
3498,4,1,-0.02580343186855316
3499,0,1,0.05934552848339081
3500,1,1,-0.007396891713142395
3501,9,1,-0.021521911025047302
3502,8,1,0.02010968327522278
3503,4,1,0.017969772219657898
3504,9,1,-0.025140613317489624
3505,4,1,-0.01344965398311615
3506,2,1,-0.017530709505081177
3507,4,1,-0.03480484336614609
3508,3,1,-0.09425138682126999
3509,3,1,0.004813969135284424
3510,4,1,-0.05706815421581268
3511,0,1,-0.06435202062129974
3512,4,1,-0.01961347460746765
3513,3,1,0.020654216408729553
3514,2,1,-0.015909716486930847
3515,8,1,-0.03198997676372528
3516,9,1,-0.02862495183944702
3517,1,1,-0.024202674627304077
3518,5,0,-0.08021514862775803
3519,8,1,-0.004050016403198242
3520,1,1,-8.514523506164551e-05
3521,8,1,-0.011582300066947937
3522,2,1,-0.0008219629526138306
3523,4,1,-0.05816599726676941
3524,5,0,-0.06707367300987244
3525,2,1,-0.01845565438270569
3526,4,1,-0.06555581092834473
3527,1,1,-0.030153468251228333
3528,1,1,0.020526498556137085
3529,6,1,-0.01113593578338623
3530,6,1,-0.05473657697439194
3531,8,1,-0.05335081368684769
3532,5,0,-0.07915537804365158
3533,2,1,-0.06822377443313599
3534,2,1,-0.0850568413734436
3535,5,0,-0.08007345348596573
3536,0,1,0.2304537445306778
3537,8,1,0.40798842906951904
3538,2,1,-0.0674286037683487
3539,3,1,0.02271801233291626
3540,6,1,0.007384806871414185
3541,2,1,-0.026376932859420776
3542,9,1,-0.017765477299690247
3543,6,1,-0.07582518458366394
3544,1,1,-0.05523157864809036
3545,4,1,-0.08139252662658691
3546,5,0,-0.052862733602523804
3547,9,1,0.01860274374485016
3548,0,1,0.012685045599937439
3549,1,1,0.03816233575344086
3550,0,1,0.08944718539714813
3551,0,1,0.17924611270427704
3552,8,1,-0.03365584462881088
3553,1,1,-0.01608872413635254
3554,1,1,-0.020160600543022156
3555,6,1,-0.0614139661192894
3556,6,1,0.013518422842025757
3557,9,1,-0.017272844910621643
3558,5,0,-0.08506592363119125
3559,4,1,-0.05889236927032471
3560,1,1,-0.07158278673887253
3561,7,1,-0.09017567336559296
3562,8,1,-0.0381699874997139
3563,6,1,0.13884960114955902
3564,9,1,-0.07777540385723114
3565,1,1,-0.012004509568214417
3566,7,1,0.13050027191638947
3567,6,1,-0.03984318673610687
3568,0,1,-0.07312697917222977
3569,9,1,-0.04216187447309494
3570,3,1,-0.10273247957229614
3571,5,0,-0.0683813989162445
3572,3,1,-0.00725768506526947
3573,2,1,-0.030479952692985535
3574,5,0,0.22367288172245026
3575,3,1,-0.005766555666923523
3576,4,1,-0.06179124861955643
3577,9,1,0.0376388281583786
3578,7,1,-0.05234772711992264
3579,1,1,-0.07616332173347473
3580,4,1,-0.04997774213552475
3581,4,1,-0.010500326752662659
3582,6,1,-0.0328468382358551
3583,1,1,-0.05695471167564392
3584,3,1,-0.10532304644584656
3585,8,1,-0.040638044476509094
3586,8,1,-0.06167363375425339
3587,0,1,-0.003953561186790466
3588,6,1,0.22222663462162018
3589,7,1,0.01090461015701294
3590,7,1,-0.04712892323732376
3591,6,1,-0.06769813597202301
3592,7,1,-0.00654582679271698
3593,2,1,-0.02167077362537384
3594,3,1,-0.04827965795993805
3595,2,1,-0.06803356111049652
3596,2,1,-0.09012186527252197
3597,6,1,0.1297881156206131
3598,2,1,-0.051918402314186096
3599,7,1,-0.04721525311470032
3600,4,1,0.016292288899421692
3601,0,1,-0.07303740084171295
3602,3,1,-0.054878659546375275
3603,6,1,-0.0094224214553833
3604,2,1,-0.006132394075393677
3605,6,1,-0.0733414739370346
3606,3,1,-0.07766193151473999
3607,3,1,-0.039450183510780334
3608,0,1,-0.042520925402641296
3609,9,1,-0.02586972713470459
3610,5,0,-0.046784982085227966
3611,1,1,-0.004098087549209595
3612,1,1,-0.023497089743614197
3613,5,0,0.023831382393836975
3614,3,1,-0.06219533085823059
3615,6,1,0.07061521708965302
3616,4,1,0.11321718990802765
3617,3,1,-0.07805568724870682
3618,4,1,-0.022214889526367188
3619,1,1,-0.01312430202960968
3620,0,1,-0.03250744938850403
3621,4,1,0.1787036806344986
3622,5,0,-0.08483604341745377
3623,5,0,-0.07961788028478622
3624,2,1,-0.037877157330513
3625,8,1,-0.05644544959068298
3626,9,1,-0.0811641663312912
3627,4,1,-0.009862393140792847
3628,3,1,-0.04077702760696411
3629,1,1,-0.061408668756484985
3630,8,1,-0.026217028498649597
3631,0,1,-0.047296226024627686
3632,1,1,-0.050442516803741455
3633,3,1,-0.06189212203025818
3634,3,1,-0.06160814315080643
3635,4,1,-0.10314296931028366
3636,4,1,-0.05595207214355469
3637,2,1,-0.0855717882514
3638,9,1,0.01275084912776947
3639,7,1,-0.014516875147819519
3640,6,1,-0.01730060577392578
3641,8,1,-0.020690888166427612
3642,1,1,-0.0454309806227684
3643,8,1,-0.09492186456918716
3644,9,1,-0.0553739070892334
3645,1,1,0.01776815950870514
3646,3,1,-0.016929447650909424
3647,1,1,0.010900884866714478
3648,7,1,0.0036018937826156616
3649,3,1,-0.04428999871015549
3650,0,1,-0.06830231845378876
3651,0,1,0.01258823275566101
3652,2,1,-0.056048549711704254
3653,8,1,0.0013558417558670044
3654,3,1,-0.02517436444759369
3655,9,1,0.0013309121131896973
3656,2,1,-0.01385413110256195
3657,7,1,0.012697085738182068
3658,2,1,-0.04880665987730026
3659,6,1,0.09359128773212433
3660,0,1,-0.03824171423912048
3661,1,1,0.07172860205173492
3662,6,1,-0.0615173876285553
3663,1,1,-0.05097215622663498
3664,6,1,-0.07502249628305435
3665,7,1,-0.06998671591281891
3666,5,0,0.022024646401405334
3667,5,0,-0.071647047996521
3668,2,1,-0.06897145509719849
3669,5,0,-0.08469666540622711
3670,9,1,-0.08303791284561157
3671,4,1,0.005528375506401062
3672,0,1,-0.0676703155040741
3673,2,1,0.09597909450531006
3674,3,1,-0.06247507035732269
3675,4,1,-0.020550772547721863
3676,9,1,-0.06429551541805267
3677,4,1,-0.056479454040527344
3678,1,1,-0.03874807804822922
3679,0,1,-0.06713894754648209
3680,0,1,0.03476491570472717
3681,2,1,-0.10333274304866791
3682,3,1,-0.03451356291770935
3683,8,1,-0.07819105684757233
3684,9,1,-0.05776134133338928
3685,2,1,0.018357649445533752
3686,8,1,0.04427824914455414
3687,9,1,-0.04553490877151489
3688,5,0,-0.05950510501861572
3689,7,1,-0.05721673369407654
3690,9,1,0.013065770268440247
3691,1,1,0.02877269685268402
3692,4,1,-0.03752125799655914
3693,6,1,-0.05765622854232788
3694,2,1,-0.02247379720211029
3695,8,1,-0.0838446319103241
3696,4,1,-0.053401604294776917
3697,4,1,-0.008912548422813416
3698,8,1,-0.09069362282752991
3699,9,1,-0.023127421736717224
3700,3,1,-0.06970320641994476
3701,1,1,-0.0168774276971817
3702,1,1,-0.06792186945676804
3703,6,1,-0.07593226432800293
3704,5,0,0.008353784680366516
3705,8,1,-0.06284500658512115
3706,4,1,-0.08385014533996582
3707,6,1,0.005202695727348328
3708,4,1,-0.01983623206615448
3709,5,0,-0.0747387558221817
3710,2,1,-0.0453057587146759
3711,6,1,-0.032631486654281616
3712,4,1,0.027047142386436462
3713,2,1,-0.04065468907356262
3714,3,1,-0.08120066672563553
3715,1,1,-0.03804611414670944
3716,3,1,-0.05165852606296539
3717,6,1,0.05202002823352814
3718,8,1,-0.04688217490911484
3719,5,0,-0.05194087326526642
3720,2,1,0.15800224244594574
3721,2,1,0.10254524648189545
3722,7,1,-0.02634379267692566
3723,1,1,-0.05973431468009949
3724,6,1,-0.015253379940986633
3725,2,1,0.012535586953163147
3726,5,0,-0.05220148712396622
3727,9,1,-0.08842825889587402
3728,2,1,-0.025383174419403076
3729,8,1,-0.05850774794816971
3730,1,1,-0.046394363045692444
3731,6,1,-0.0893215537071228
3732,9,1,-0.01043538749217987
3733,2,1,-0.054342120885849
3734,7,1,0.037470802664756775
3735,5,0,-0.036580055952072144
3736,3,1,-0.07411064207553864
3737,2,1,-0.020390525460243225
3738,9,1,-0.09372246265411377
3739,7,1,-0.009125664830207825
3740,0,1,-0.015841826796531677
3741,2,1,-0.019452527165412903
3742,9,1,-0.059953659772872925
3743,3,1,-0.06332051753997803
3744,4,1,-0.0013350099325180054
3745,1,1,-0.03910588473081589
3746,7,1,-0.09083234518766403
3747,9,1,-0.06478848308324814
3748,5,0,-0.044417984783649445
3749,8,1,0.010474756360054016
3750,9,1,-0.07454492151737213
3751,7,1,-0.06034059822559357
3752,3,1,0.019795969128608704
3753,4,1,0.042349934577941895
3754,0,1,-0.015986129641532898
3755,9,1,-0.023995667695999146
3756,7,1,-0.023768559098243713
3757,4,1,0.21662570536136627
3758,2,1,0.01995815336704254
3759,4,1,-0.06835536658763885
3760,7,1,-0.04994004964828491
3761,0,1,0.050345033407211304
3762,1,1,-0.028304293751716614
3763,8,1,-0.05134594440460205
3764,1,1,0.1135731190443039
3765,0,1,0.02025119960308075
3766,4,1,0.0409928560256958
3767,6,1,-0.06755837798118591
3768,1,1,0.01334768533706665
3769,9,1,0.04459430277347565
3770,9,1,-0.02601739764213562
3771,2,1,0.0011550039052963257
3772,1,1,-0.04168624430894852
3773,2,1,-0.03483356535434723
3774,5,0,-0.05270771682262421
3775,6,1,-0.07429075986146927
3776,9,1,-0.056012868881225586
3777,7,1,-0.055485956370830536
3778,7,1,-0.022321224212646484
3779,3,1,-0.060489729046821594
3780,4,1,-0.08658064901828766
3781,2,1,-0.0004962831735610962
3782,0,1,-0.007870927453041077
3783,2,1,0.03148755431175232
3784,5,0,-0.04179932922124863
3785,6,1,-0.012177303433418274
3786,7,1,-0.018326178193092346
3787,3,1,-0.08156260848045349
3788,7,1,-0.032696209847927094
3789,9,1,-0.016575023531913757
3790,4,1,-0.1034054160118103
3791,2,1,-0.046928972005844116
3792,0,1,0.10424615442752838
3793,6,1,-0.041559092700481415
3794,1,1,0.02547287940979004
3795,7,1,-0.01939217746257782
3796,5,0,0.005502596497535706
3797,6,1,-0.06099320948123932
3798,5,0,-0.08360844105482101
3799,3,1,-0.05782561004161835
3800,9,1,-0.030257761478424072
3801,2,1,-0.04273485392332077
3802,7,1,-0.06963413208723068
3803,8,1,-0.05270688980817795
3804,5,0,-0.04718458652496338
3805,9,1,-0.018275201320648193
3806,5,0,-0.018288984894752502
3807,8,1,0.034296244382858276
3808,5,0,-0.014527559280395508
3809,4,1,0.019064709544181824
3810,3,1,-0.0542546883225441
3811,7,1,-0.012709751725196838
3812,9,1,0.021627679467201233
3813,8,1,0.005323678255081177
3814,1,1,-0.03271164745092392
3815,2,1,-0.044504083693027496
3816,2,1,-0.056772440671920776
3817,8,1,0.12371279299259186
3818,9,1,0.023560836911201477
3819,3,1,-0.013919785618782043
3820,0,1,-0.022523850202560425
3821,8,1,0.01399935781955719
3822,4,1,-0.05687393993139267
3823,0,1,0.2922706604003906
3824,2,1,0.0457925945520401
3825,0,1,-0.0513133704662323
3826,1,1,-0.0004485100507736206
3827,4,1,-0.04576292634010315
3828,1,1,-0.03912391513586044
3829,8,1,0.027538523077964783
3830,5,0,-0.06902950257062912
3831,5,0,-0.05550151318311691
3832,7,1,-0.027856066823005676
3833,9,1,-0.062190137803554535
3834,8,1,0.057214245200157166
3835,3,1,-0.07367075979709625
3836,7,1,-0.051030486822128296
3837,9,1,0.008028477430343628
3838,1,1,-0.029555268585681915
3839,5,0,-0.052607253193855286
3840,6,1,-0.08371811360120773
3841,9,1,-0.039208292961120605
3842,8,1,-0.05513322353363037
3843,7,1,-0.086869016289711
3844,2,1,-0.03104238212108612
3845,0,1,-0.06634877622127533
3846,9,1,-0.006152942776679993
3847,0,1,-0.056209415197372437
3848,8,1,-0.06804464757442474
3849,5,0,0.030785754323005676
3850,9,1,0.017422959208488464
3851,4,1,-0.08767439424991608
3852,2,1,-0.011660471558570862
3853,9,1,-0.0367300808429718
3854,8,1,0.047600194811820984
3855,1,1,-0.02857232838869095
3856,9,1,0.006253048777580261
3857,1,1,-0.10628876835107803
3858,8,1,-0.06910514831542969
3859,3,1,-0.05859479308128357
3860,7,1,-0.0741376131772995
3861,6,1,-0.06065011024475098
3862,4,1,0.033939898014068604
3863,2,1,-0.056120455265045166
3864,3,1,0.03158468008041382
3865,7,1,0.028603598475456238
3866,0,1,-0.05255350470542908
3867,3,1,-0.022674009203910828
3868,5,0,0.028536871075630188
3869,8,1,-0.09568345546722412
3870,8,1,0.0983925312757492
3871,8,1,-0.035242050886154175
3872,7,1,-0.07728199660778046
3873,9,1,-0.04433116316795349
3874,6,1,-0.02239297330379486
3875,2,1,-0.015049055218696594
3876,7,1,-0.050355568528175354
3877,4,1,-0.0433153435587883
3878,5,0,-0.06880295276641846
3879,7,1,-0.0290360227227211
3880,6,1,-0.08307960629463196
3881,7,1,-0.031269341707229614
3882,1,1,-0.06931234896183014
3883,7,1,-0.02601008117198944
3884,3,1,0.06945191323757172
3885,6,1,-0.017142876982688904
3886,8,1,-0.05955560505390167
3887,2,1,0.008114710450172424
3888,6,1,0.05448479950428009
3889,6,1,-0.02054615318775177
3890,7,1,-0.05064425617456436
3891,1,1,-0.08098269999027252
3892,5,0,0.09301106631755829
3893,9,1,-0.046494752168655396
3894,7,1,-0.023901939392089844
3895,1,1,-0.0353551059961319
3896,7,1,-0.014890968799591064
3897,0,1,0.025275275111198425
3898,1,1,0.05117131769657135
3899,6,1,-0.05679839849472046
3900,3,1,-0.049274981021881104
3901,3,1,-0.013316512107849121
3902,9,1,-0.0385635644197464
3903,0,1,-0.04226723313331604
3904,1,1,-0.043156616389751434
3905,2,1,-0.04044988751411438
3906,3,1,0.0020507127046585083
3907,2,1,-0.031539835035800934
3908,2,1,-0.030565813183784485
3909,5,0,-0.04489220678806305
3910,4,1,-0.04519081115722656
3911,9,1,-0.021599531173706055
3912,8,1,-0.09623438864946365
3913,7,1,-0.01649494469165802
3914,4,1,-0.10911987721920013
3915,4,1,-0.047558292746543884
3916,9,1,-0.036898173391819
3917,7,1,-0.02242840826511383
3918,6,1,-0.03352515399456024
3919,7,1,-0.03905835002660751
3920,7,1,-0.09587626159191132
3921,1,1,0.010198280215263367
3922,2,1,-0.040583252906799316
3923,3,1,-0.03562455624341965
3924,5,0,-0.036541081964969635
3925,1,1,0.004450738430023193
3926,9,1,-0.03141748905181885
3927,0,1,-0.03302932530641556
3928,3,1,-0.03146011382341385
3929,3,1,-0.0850306898355484
3930,1,1,-0.014560490846633911
3931,5,0,-0.054322779178619385
3932,6,1,-0.012496337294578552
3933,6,1,-0.0479162260890007
3934,2,1,-0.026705190539360046
3935,4,1,-0.025726720690727234
3936,6,1,-0.03418014943599701
3937,8,1,-0.04648935794830322
3938,8,1,-0.03206593543291092
3939,9,1,-0.05974322557449341
3940,6,1,-0.04935938119888306
3941,6,1,-0.03282719850540161
3942,1,1,0.02389255166053772
3943,0,1,0.010388880968093872
3944,7,1,-0.0456322580575943
3945,5,0,-0.052671320736408234
3946,8,1,-0.07109276950359344
3947,2,1,-0.03772330284118652
3948,1,1,-0.043649785220623016
3949,5,0,0.020364895462989807
3950,8,1,-0.0704076811671257
3951,1,1,0.023954585194587708
3952,4,1,-0.1114175096154213
3953,7,1,-0.053543806076049805
3954,5,0,-0.027016878128051758
3955,0,1,0.0016177743673324585
3956,3,1,-0.08480095863342285
3957,9,1,-0.08944985270500183
3958,9,1,-0.03642916679382324
3959,5,0,-0.05935069918632507
3960,2,1,-0.047664813697338104
3961,8,1,-0.032525062561035156
3962,4,1,-0.05779128521680832
3963,1,1,-0.07387803494930267
3964,9,1,-0.07486535608768463
3965,0,1,-0.007477313280105591
3966,4,1,-0.06348437070846558
3967,4,1,-0.002768903970718384
3968,8,1,-0.001936390995979309
3969,2,1,-0.042910702526569366
3970,9,1,-0.02358640730381012
3971,0,1,0.04477959871292114
3972,7,1,-0.008083686232566833
3973,9,1,0.08654223382472992
3974,8,1,0.007487043738365173
3975,7,1,0.008210703730583191
3976,1,1,-0.04832081496715546
3977,3,1,-0.027979478240013123
3978,2,1,0.01200343668460846
3979,9,1,-0.03743666410446167
3980,9,1,-0.02388504147529602
3981,5,0,-0.09890134632587433
3982,9,1,-0.01833195984363556
3983,7,1,0.12222661077976227
3984,6,1,-0.006436213850975037
3985,7,1,-0.062451839447021484
3986,7,1,-0.03761720657348633
3987,1,1,-0.06480146944522858
3988,1,1,-0.0679696649312973
3989,2,1,-0.012224212288856506
3990,4,1,-0.10837976634502411
3991,2,1,-0.002554163336753845
3992,0,1,0.08312664926052094
3993,6,1,-0.09151129424571991
3994,8,1,-0.025637179613113403
3995,7,1,0.04272399842739105
3996,6,1,0.09734569489955902
3997,2,1,-0.013714507222175598
3998,2,1,-0.03834240138530731
3999,9,1,-0.08228366822004318
4000,8,1,-0.04425613582134247
4001,2,1,-0.025370612740516663
4002,4,1,-0.07268189638853073
4003,2,1,0.04109559953212738
4004,0,1,-0.0695052295923233
4005,5,0,-0.08657927811145782
4006,8,1,-0.05705535411834717
4007,6,1,-0.062253743410110474
4008,8,1,0.04044725000858307
4009,2,1,-0.015512064099311829
4010,7,1,-0.05354200303554535
4011,7,1,-0.046961210668087006
4012,3,1,0.00502409040927887
4013,1,1,-0.05883832275867462
4014,8,1,-0.0813082680106163
4015,1,1,-0.006941750645637512
4016,6,1,-0.06570878624916077
4017,5,0,-0.008743196725845337
4018,9,1,0.02896268665790558
4019,7,1,-0.06535149365663528
4020,8,1,0.038528069853782654
4021,9,1,-0.054798275232315063
4022,6,1,-7.91698694229126e-05
4023,4,1,-0.04046335816383362
4024,8,1,-0.014723628759384155
4025,1,1,-0.04991558939218521
4026,9,1,0.022777393460273743
4027,4,1,-0.10397616028785706
4028,0,1,-0.06087309867143631
4029,4,1,-0.06110508739948273
4030,1,1,0.024485811591148376
4031,4,1,-0.026085063815116882
4032,3,1,-0.030482083559036255
4033,6,1,0.016262784600257874
4034,2,1,-0.03979959338903427
4035,2,1,-0.06196536123752594
4036,7,1,-0.08615603297948837
4037,0,1,-0.045875437557697296
4038,0,1,-0.10194139182567596
4039,7,1,-0.059928975999355316
4040,0,1,0.036150261759757996
4041,7,1,0.0021628737449645996
4042,4,1,0.0002920180559158325
4043,3,1,-0.039990827441215515
4044,6,1,-0.0012678653001785278
4045,7,1,-0.025991246104240417
4046,7,1,-0.0489678680896759
4047,4,1,-0.02920779585838318
4048,5,0,-0.01077716052532196
4049,4,1,-0.10491028428077698
4050,3,1,-0.06985649466514587
4051,5,0,0.030226051807403564
4052,5,0,-0.06190292537212372
4053,4,1,-0.007811740040779114
4054,7,1,-0.0768938735127449
4055,1,1,-0.048037342727184296
4056,0,1,0.0376460999250412
4057,7,1,-0.05656811594963074
4058,7,1,-0.011012747883796692
4059,1,1,-0.07110534608364105
4060,6,1,-0.05080422759056091
4061,5,0,-0.09509199112653732
4062,0,1,0.015399456024169922
4063,7,1,0.07668475806713104
4064,7,1,-0.04539693892002106
4065,4,1,0.0506310760974884
4066,6,1,-0.0773206278681755
4067,1,1,-0.031722292304039
4068,8,1,-0.022218570113182068
4069,5,0,-0.05288664996623993
4070,9,1,-0.012548461556434631
4071,3,1,-0.023259952664375305
4072,5,0,-0.09619153290987015
4073,6,1,-0.038327984511852264
4074,2,1,-0.036466509103775024
4075,2,1,-0.013770699501037598
4076,7,1,-0.058111585676670074
4077,3,1,-0.04547029733657837
4078,5,0,-0.04795914143323898
4079,8,1,0.09166267514228821
4080,1,1,-0.05044025182723999
4081,0,1,0.0017017871141433716
4082,6,1,-0.045847684144973755
4083,8,1,-0.0576259046792984
4084,7,1,0.0035204440355300903
4085,8,1,-0.035040102899074554
4086,8,1,-0.046924419701099396
4087,5,0,-0.05769412964582443
4088,7,1,-0.07277844846248627
4089,5,0,0.01556001603603363
4090,4,1,-0.07622404396533966
4091,9,1,-0.05969803035259247
4092,7,1,0.009523943066596985
4093,3,1,-0.024896904826164246
4094,3,1,-0.04407846927642822
4095,8,1,-0.09935804456472397
4096,8,1,0.02246233820915222
4097,3,1,-0.0363503098487854
4098,9,1,-0.01759234070777893
4099,4,1,-0.03431122750043869
4100,7,1,-0.04525959491729736
4101,2,1,-0.07931609451770782
4102,0,1,0.14338280260562897
4103,8,1,-0.03809330612421036
4104,0,1,0.051269665360450745
4105,7,1,-0.09431325644254684
4106,3,1,0.04660172760486603
4107,3,1,-0.021683603525161743
4108,2,1,0.002434760332107544
4109,5,0,-0.0390414297580719
4110,2,1,-0.04796610772609711
4111,4,1,0.04379318654537201
4112,4,1,-0.08403773605823517
4113,0,1,0.03892351686954498
4114,4,1,-0.01934511959552765
4115,8,1,-0.028028368949890137
4116,2,1,-0.04314936697483063
4117,4,1,-0.0003195852041244507
4118,0,1,-0.07247678935527802
4119,6,1,-0.07928356528282166
4120,4,1,0.012959226965904236
4121,5,0,-0.04342467337846756
4122,6,1,-0.02646525204181671
4123,0,1,-0.01789681613445282
4124,8,1,-0.025115296244621277
4125,8,1,-0.009316906332969666
4126,0,1,-0.03350331634283066
4127,6,1,-0.016106128692626953
4128,1,1,-0.009119078516960144
4129,1,1,-0.04200628399848938
4130,6,1,-0.0615154430270195
4131,1,1,-0.025738298892974854
4132,4,1,-0.04835931211709976
4133,2,1,0.0218687504529953
4134,1,1,-0.017885982990264893
4135,1,1,0.036962613463401794
4136,2,1,-0.08178327232599258
4137,4,1,-0.007769688963890076
4138,4,1,-0.05758492648601532
4139,5,0,-0.047181352972984314
4140,5,0,-0.07303859293460846
4141,8,1,0.014964446425437927
4142,8,1,-0.059206269681453705
4143,5,0,-0.04992774873971939
4144,1,1,-0.07228472828865051
4145,8,1,-0.06241897493600845
4146,2,1,-0.07380972802639008
4147,3,1,-0.009692564606666565
4148,3,1,-0.07563561201095581
4149,9,1,-0.05327668786048889
4150,6,1,-0.06780880689620972
4151,6,1,-0.07559853792190552
4152,5,0,-0.04417862743139267
4153,0,1,-0.06682351976633072
4154,7,1,-0.041684746742248535
4155,3,1,-0.01441735029220581
4156,3,1,-0.02773182839155197
4157,2,1,-0.04640461504459381
4158,7,1,0.005106762051582336
4159,4,1,-0.03886435925960541
4160,5,0,0.0006392449140548706
4161,6,1,-0.049747467041015625
4162,0,1,0.005406692624092102
4163,2,1,-0.0280650332570076
4164,1,1,-0.003762379288673401
4165,8,1,-0.026103243231773376
4166,1,1,-0.029222771525382996
4167,0,1,0.0010769069194793701
4168,9,1,0.008248165249824524
4169,3,1,0.002229750156402588
4170,1,1,-0.027805499732494354
4171,0,1,0.18999196588993073
4172,5,0,-0.021524861454963684
4173,4,1,-0.027561962604522705
4174,2,1,-0.009014904499053955
4175,3,1,-0.040035754442214966
4176,3,1,-0.0034671276807785034
4177,6,1,-0.08721210807561874
4178,7,1,-0.06347762048244476
4179,6,1,-0.013832107186317444
4180,0,1,0.012519270181655884
4181,0,1,-0.05004563927650452
4182,5,0,0.010856419801712036
4183,7,1,0.029498174786567688
4184,4,1,-0.0962800532579422
4185,7,1,-0.039444997906684875
4186,7,1,-0.04843701422214508
4187,0,1,-0.04519017040729523
4188,6,1,-0.04504299908876419
4189,1,1,0.03169861435890198
4190,3,1,-0.016249090433120728
4191,9,1,-0.09833887219429016
4192,0,1,-0.029808513820171356
4193,9,1,0.06461699306964874
4194,0,1,0.009047135710716248
4195,3,1,-0.07993672788143158
4196,8,1,-0.04320766031742096
4197,4,1,-0.054648369550704956
4198,8,1,-0.06681559979915619
4199,8,1,-0.09010788053274155
4200,4,1,-0.060371071100234985
4201,1,1,0.0040324777364730835
4202,0,1,-0.023402437567710876
4203,2,1,-0.03448755294084549
4204,2,1,-0.06548889726400375
4205,4,1,-0.026219800114631653
4206,1,1,-0.051277488470077515
4207,1,1,-0.01985938847064972
4208,2,1,0.046799078583717346
4209,4,1,-0.022664591670036316
4210,3,1,-0.016664087772369385
4211,4,1,-0.06571211665868759
4212,1,1,-0.06871270388364792
4213,4,1,-0.07574009895324707
4214,7,1,-0.08372887969017029
4215,1,1,-0.07888222485780716
4216,0,1,0.3842245936393738
4217,0,1,-0.02696581929922104
4218,9,1,-0.07119361311197281
4219,0,1,0.02256770431995392
4220,4,1,0.0694282054901123
4221,2,1,-0.060482099652290344
4222,8,1,-0.06860536336898804
4223,8,1,-0.019678518176078796
4224,5,0,-0.022050797939300537
4225,5,0,-0.06153707951307297
4226,0,1,-0.09158974885940552
4227,4,1,-0.0759350061416626
4228,0,1,-0.017920061945915222
4229,8,1,-0.07125937938690186
4230,6,1,-0.011105194687843323
4231,2,1,-0.04534576088190079
4232,5,0,-0.04673008620738983
4233,9,1,0.05299229919910431
4234,2,1,-0.05509525537490845
4235,9,1,-0.04351989924907684
4236,1,1,-0.051972001791000366
4237,1,1,-0.006885945796966553
4238,5,0,0.002692297101020813
4239,4,1,-0.0952659398317337
4240,7,1,-0.014336571097373962
4241,5,0,-0.07932823151350021
4242,8,1,-0.04955753684043884
4243,6,1,-0.08336873352527618
4244,2,1,-0.0013181418180465698
4245,1,1,-0.02334822714328766
4246,5,0,-0.07529692351818085
4247,5,0,-0.043073222041130066
4248,3,1,-0.0863153487443924
4249,4,1,-0.09075212478637695
4250,1,1,0.036622464656829834
4251,8,1,-0.011173039674758911
4252,9,1,-0.07502049952745438
4253,9,1,-0.01910795271396637
4254,8,1,-0.018293187022209167
4255,9,1,-0.06793494522571564
4256,8,1,-0.08605217188596725
4257,6,1,-0.05588415265083313
4258,8,1,0.04414825141429901
4259,5,0,-0.05079032480716705
4260,8,1,-0.09230278432369232
4261,9,1,-0.048719942569732666
4262,4,1,-0.056936368346214294
4263,6,1,0.004641994833946228
4264,2,1,-0.049713701009750366
4265,6,1,-0.021608486771583557
4266,3,1,-0.03369790315628052
4267,7,1,-0.061776936054229736
4268,4,1,-0.02894432097673416
4269,0,1,-0.054277755320072174
4270,0,1,0.0012142211198806763
4271,1,1,-0.009581565856933594
4272,7,1,-0.05180911719799042
4273,5,0,0.040702030062675476
4274,1,1,-0.04622814059257507
4275,5,0,-0.0759015753865242
4276,9,1,-0.01466880738735199
4277,3,1,-0.04399867355823517
4278,1,1,-0.04909279942512512
4279,6,1,0.020809069275856018
4280,8,1,-0.03175622224807739
4281,7,1,-0.022011712193489075
4282,3,1,-0.044683560729026794
4283,6,1,-0.0526411235332489
4284,9,1,-0.016512587666511536
4285,1,1,-0.10511524230241776
4286,2,1,-0.062477320432662964
4287,0,1,-0.038643866777420044
4288,1,1,0.016971364617347717
4289,7,1,0.029670819640159607
4290,2,1,0.02759365737438202
4291,6,1,-0.03280259668827057
4292,1,1,-0.08143462240695953
4293,9,1,0.02641056478023529
4294,0,1,0.14653663337230682
4295,0,1,-0.03979615122079849
4296,8,1,-0.05258902907371521
4297,9,1,-0.025744229555130005
4298,9,1,-0.00882120430469513
4299,2,1,0.04437988996505737
4300,8,1,-0.07672083377838135
4301,6,1,-0.06605538725852966
4302,2,1,-0.017318174242973328
4303,5,0,-0.08129173517227173
4304,6,1,0.005113527178764343
4305,0,1,0.02247251570224762
4306,3,1,-0.028407856822013855
4307,3,1,-0.08064119517803192
4308,0,1,0.0030629485845565796
4309,7,1,-0.04536314308643341
4310,4,1,-0.04082253575325012
4311,7,1,-0.017643839120864868
4312,5,0,-0.00793139636516571
4313,0,1,-0.06195618212223053
4314,1,1,0.08673246204853058
4315,6,1,0.0406411737203598
4316,8,1,-0.07740015536546707
4317,8,1,-0.0844113901257515
4318,1,1,0.00566650927066803
4319,2,1,-0.07801477611064911
4320,1,1,-0.08000607043504715
4321,5,0,-0.07751147449016571
4322,4,1,0.0401914119720459
4323,5,0,-0.03826896846294403
4324,9,1,-0.0768962875008583
4325,6,1,-0.05917690694332123
4326,7,1,0.026252955198287964
4327,1,1,0.04807440936565399
4328,0,1,-0.06275159120559692
4329,6,1,-0.0472080260515213
4330,9,1,-0.06969983875751495
4331,2,1,-0.04848174750804901
4332,7,1,0.02776283025741577
4333,7,1,-0.03794299066066742
4334,3,1,-0.0612003430724144
4335,9,1,0.18505553901195526
4336,9,1,-0.07957503199577332
4337,1,1,-0.04549442231655121
4338,9,1,0.020914390683174133
4339,7,1,-0.023663625121116638
4340,0,1,-0.006021663546562195
4341,1,1,-0.022163450717926025
4342,3,1,-0.034632712602615356
4343,5,0,-0.07785714417695999
4344,4,1,0.004382506012916565
4345,6,1,-0.046308115124702454
4346,3,1,-0.055704616010189056
4347,8,1,0.0031836777925491333
4348,8,1,-0.0983692929148674
4349,0,1,-0.06748777627944946
4350,4,1,-0.0639740601181984
4351,8,1,-0.07434319704771042
4352,3,1,-0.06125400960445404
4353,6,1,-0.05612288415431976
4354,7,1,-0.09321765601634979
4355,0,1,-0.08130553364753723
4356,0,1,-0.01972942054271698
4357,4,1,-0.05718516558408737
4358,5,0,-0.06763631105422974
4359,2,1,0.097347691655159
4360,6,1,-0.035119347274303436
4361,8,1,-0.016198381781578064
4362,4,1,-0.06056884676218033
4363,9,1,0.04029111564159393
4364,9,1,-0.0006826967000961304
4365,9,1,-0.029326312243938446
4366,2,1,0.012221753597259521
4367,0,1,0.15279920399188995
4368,4,1,-0.09199468046426773
4369,2,1,0.014886870980262756
4370,8,1,-0.07419317960739136
4371,1,1,0.03317521512508392
4372,1,1,-0.042091019451618195
4373,0,1,-0.05888324975967407
4374,0,1,0.03423978388309479
4375,3,1,0.1144484132528305
4376,7,1,-0.05283893644809723
4377,4,1,-0.01950526237487793
4378,1,1,-0.0731753408908844
4379,1,1,0.06649066507816315
4380,9,1,-0.06792387366294861
4381,7,1,-0.01390528678894043
4382,7,1,-0.04696503281593323
4383,4,1,-0.022712618112564087
4384,6,1,-0.02432321012020111
4385,8,1,0.04586757719516754
4386,6,1,-0.04037231206893921
4387,0,1,-0.009925201535224915
4388,2,1,-0.05547739565372467
4389,8,1,-0.06653362512588501
4390,5,0,-0.09328333288431168
4391,3,1,-0.05580376088619232
4392,5,0,-0.04325515031814575
4393,3,1,0.03532607853412628
4394,5,0,-0.07404519617557526
4395,7,1,-0.05075978487730026
4396,9,1,-0.04899530112743378
4397,8,1,-0.08111906051635742
4398,4,1,0.03506667912006378
4399,4,1,-0.039574265480041504
4400,3,1,-0.056434184312820435
4401,1,1,-0.05984245985746384
4402,4,1,-0.11628193408250809
4403,8,1,-0.08036498725414276
4404,3,1,-0.04247041046619415
4405,6,1,0.01702292263507843
4406,5,0,-0.05544879287481308
4407,3,1,-0.05545377731323242
4408,0,1,-0.011065289378166199
4409,8,1,-0.04023754596710205
4410,9,1,-0.03220205008983612
4411,5,0,-0.06431489437818527
4412,7,1,0.02580106258392334
4413,6,1,-0.010414451360702515
4414,2,1,-0.0017684698104858398
4415,0,1,0.01962505280971527
4416,4,1,-0.0035218000411987305
4417,9,1,0.04744826257228851
4418,9,1,0.03788144886493683
4419,0,1,0.06278252601623535
4420,5,0,-0.07427595555782318
4421,2,1,-0.03978969156742096
4422,3,1,-0.08429139107465744
4423,6,1,-0.04215504229068756
4424,1,1,-0.001321643590927124
4425,1,1,-0.012425065040588379
4426,0,1,0.39993560314178467
4427,2,1,-0.037313006818294525
4428,8,1,-0.036165572702884674
4429,2,1,-0.051835402846336365
4430,1,1,-0.027328401803970337
4431,1,1,-0.059867553412914276
4432,7,1,-0.021390989422798157
4433,5,0,-0.03340551257133484
4434,2,1,0.13569660484790802
4435,3,1,-0.08625365048646927
4436,4,1,-0.029139436781406403
4437,1,1,-0.05043695867061615
4438,2,1,-0.026271134614944458
4439,9,1,-0.03278988599777222
4440,2,1,-0.009289368987083435
4441,1,1,-0.02550823986530304
4442,3,1,-0.02378089725971222
4443,4,1,-0.029765143990516663
4444,8,1,-0.008317813277244568
4445,9,1,0.02410857379436493
4446,0,1,-0.06832864880561829
4447,0,1,-0.04897673428058624
4448,4,1,-0.06844750791788101
4449,9,1,-0.0883219838142395
4450,0,1,0.0439562052488327
4451,2,1,-0.012731760740280151
4452,2,1,-0.04898174852132797
4453,0,1,-0.06363172829151154
4454,6,1,0.046890988945961
4455,8,1,-0.06461513042449951
4456,7,1,-0.06374851614236832
4457,3,1,-0.09028720110654831
4458,3,1,-0.03504933416843414
4459,8,1,0.013378068804740906
4460,9,1,-0.05611695349216461
4461,0,1,0.06938491761684418
4462,2,1,-0.052444636821746826
4463,5,0,-0.0598737969994545
4464,3,1,-0.010053366422653198
4465,6,1,-0.06884041428565979
4466,1,1,-0.02480223774909973
4467,3,1,-0.08545368909835815
4468,9,1,-0.051593899726867676
4469,5,0,-0.0494871512055397
4470,0,1,0.02363455295562744
4471,5,0,-0.044019170105457306
4472,4,1,-0.060004428029060364
4473,4,1,-0.09712395817041397
4474,0,1,0.00046984851360321045
4475,1,1,0.1454782634973526
4476,1,1,-0.08352743834257126
4477,6,1,-0.03498446196317673
4478,1,1,-0.050845175981521606
4479,7,1,-0.04873222857713699
4480,9,1,-0.02554367482662201
4481,9,1,-0.051885075867176056
4482,6,1,-0.05444177985191345
4483,2,1,-0.04264967888593674
4484,4,1,-0.07026667892932892
4485,3,1,-0.0080481618642807
4486,8,1,-0.031918853521347046
4487,3,1,-0.0375099703669548
4488,4,1,0.07027627527713776
4489,7,1,-0.016229480504989624
4490,0,1,0.0018633157014846802
4491,2,1,0.13858307898044586
4492,8,1,0.06523655354976654
4493,4,1,-0.05728119611740112
4494,8,1,-0.07119929790496826
4495,3,1,-0.0231182724237442
4496,8,1,-0.07122845947742462
4497,8,1,-0.0647897720336914
4498,8,1,-0.08091926574707031
4499,3,1,-0.005754724144935608
4500,3,1,-0.06100315600633621
4501,5,0,-0.046752385795116425
4502,7,1,-0.022278234362602234
4503,7,1,-0.05624626576900482
4504,0,1,1.8780659437179565
4505,4,1,-0.02870430052280426
4506,1,1,-0.009453415870666504
4507,5,0,-0.046067364513874054
4508,9,1,-0.03504978120326996
4509,7,1,-0.0019194036722183228
4510,0,1,0.0277106910943985
4511,6,1,-0.05656023323535919
4512,8,1,0.46402257680892944
4513,4,1,-0.07487937808036804
4514,9,1,-0.03742906451225281
4515,0,1,0.03718225657939911
4516,1,1,-0.021430164575576782
4517,8,1,-0.01816566288471222
4518,9,1,0.04406534135341644
4519,6,1,-0.0035208016633987427
4520,3,1,-0.0859755203127861
4521,9,1,-0.05823454260826111
4522,2,1,0.0005178004503250122
4523,4,1,0.004645630717277527
4524,4,1,-0.007503226399421692
4525,0,1,0.014930948615074158
4526,3,1,-0.0801783874630928
4527,3,1,-0.020143747329711914
4528,5,0,0.015662461519241333
4529,4,1,-0.06887756288051605
4530,5,0,0.11037774384021759
4531,1,1,-0.03572015464305878
4532,1,1,-0.012510880827903748
4533,8,1,-0.06230811029672623
4534,2,1,-0.08987589925527573
4535,2,1,0.05109374225139618
4536,9,1,-0.04335253685712814
4537,3,1,-0.03643178194761276
4538,7,1,-0.08885405212640762
4539,8,1,-0.025512203574180603
4540,9,1,-0.0815676674246788
4541,2,1,-0.04779893904924393
4542,3,1,0.04349489510059357
4543,1,1,-0.03902722895145416
4544,7,1,-0.0038679689168930054
4545,3,1,-0.014353111386299133
4546,2,1,3.3746042251586914
4547,3,1,-0.047331564128398895
4548,0,1,-0.030130043625831604
4549,1,1,-0.02830938994884491
4550,9,1,0.142186239361763
4551,5,0,-0.051460400223731995
4552,5,0,-0.0669732391834259
4553,3,1,-0.06778383255004883
4554,4,1,0.05046343803405762
4555,5,0,-0.06520742923021317
4556,2,1,-0.03363066166639328
4557,0,1,-0.0275983065366745
4558,0,1,0.3216401934623718
4559,3,1,0.014431789517402649
4560,1,1,-0.03535664081573486
4561,3,1,-0.06644244492053986
4562,4,1,-0.033470697700977325
4563,7,1,-0.0857950821518898
4564,4,1,0.016035541892051697
4565,2,1,-0.05329010635614395
4566,8,1,0.186758354306221
4567,4,1,-0.05431626737117767
4568,8,1,-0.022302359342575073
4569,9,1,-0.046975865960121155
4570,9,1,-0.01537264883518219
4571,4,1,-0.05755481868982315
4572,2,1,0.025243178009986877
4573,4,1,-0.07415571808815002
4574,3,1,-0.018700897693634033
4575,6,1,0.057256415486335754
4576,4,1,-0.06537243723869324
4577,6,1,-0.0017537921667099
4578,4,1,-0.07053616642951965
4579,6,1,-0.08574333041906357
4580,6,1,-0.0699157565832138
4581,3,1,-0.022601470351219177
4582,8,1,-0.03138191998004913
4583,7,1,-0.029959015548229218
4584,4,1,-0.010706260800361633
4585,8,1,0.13012327253818512
4586,0,1,-0.06570778042078018
4587,5,0,0.04320929944515228
4588,9,1,-0.04971335083246231
4589,3,1,-0.08602790534496307
4590,9,1,0.06006135046482086
4591,0,1,0.07724551856517792
4592,7,1,-0.04746818542480469
4593,5,0,-0.07507586479187012
4594,1,1,-0.0427677184343338
4595,9,1,0.01239776611328125
4596,7,1,-0.015445217490196228
4597,9,1,-0.04035766422748566
4598,1,1,-0.016102850437164307
4599,8,1,-0.02671535313129425
4600,4,1,-0.02280615270137787
4601,2,1,0.021242931485176086
4602,1,1,-0.06890230625867844
4603,6,1,0.018194273114204407
4604,4,1,-0.0534999817609787
4605,3,1,-0.05712326616048813
4606,0,1,-0.053582340478897095
4607,1,1,0.061815306544303894
4608,4,1,0.020763292908668518
4609,8,1,-0.0972798764705658
4610,6,1,-0.050597503781318665
4611,1,1,0.036907121539115906
4612,7,1,-0.004024818539619446
4613,1,1,-0.024440720677375793
4614,3,1,0.01793627440929413
4615,5,0,-0.013501331210136414
4616,4,1,0.015026196837425232
4617,3,1,-0.03879803419113159
4618,3,1,-0.031326308846473694
4619,9,1,-0.00456845760345459
4620,7,1,-0.06328429281711578
4621,8,1,-0.04657353460788727
4622,2,1,-0.01237054169178009
4623,5,0,-0.07475294917821884
4624,5,0,-0.045831941068172455
4625,4,1,0.004861429333686829
4626,5,0,-0.04989079385995865
4627,4,1,-0.014511331915855408
4628,5,0,-0.06706693768501282
4629,7,1,-0.046326324343681335
4630,2,1,0.07614690065383911
4631,5,0,-0.05718342959880829
4632,5,0,-0.04248836636543274
4633,1,1,-0.030566982924938202
4634,7,1,-0.08178713917732239
4635,7,1,-0.033876992762088776
4636,8,1,-0.04008801281452179
4637,3,1,-0.06782392412424088
4638,6,1,-0.06303560733795166
4639,0,1,0.028774231672286987
4640,2,1,-0.04134771227836609
4641,5,0,-0.06152790039777756
4642,2,1,-0.00139598548412323
4643,3,1,-0.06718628108501434
4644,7,1,0.006922870874404907
4645,4,1,-0.018807008862495422
4646,2,1,0.046434029936790466
4647,1,1,0.011228889226913452
4648,6,1,0.019435718655586243
4649,8,1,-0.04377784579992294
4650,6,1,-0.07313805818557739
4651,8,1,-0.06464729458093643
4652,3,1,-0.08464889228343964
4653,2,1,-0.09870707243680954
4654,7,1,-0.053021177649497986
4655,7,1,-0.06846831738948822
4656,9,1,-0.03938145190477371
4657,7,1,0.006659343838691711
4658,1,1,-0.02297145128250122
4659,4,1,-0.005365476012229919
4660,7,1,-0.052695199847221375
4661,4,1,0.016997843980789185
4662,6,1,-0.03312660753726959
4663,1,1,0.04209907352924347
4664,7,1,-0.05168724060058594
4665,3,1,-0.08769911527633667
4666,0,1,0.0030969977378845215
4667,0,1,0.06160292029380798
4668,6,1,-0.04922552406787872
4669,6,1,-0.011809870600700378
4670,8,1,0.017893582582473755
4671,6,1,-0.029035627841949463
4672,6,1,-0.02453802525997162
4673,0,1,0.007532238960266113
4674,3,1,-0.07426290214061737
4675,4,1,0.011757269501686096
4676,7,1,-0.06546605378389359
4677,4,1,-0.018206283450126648
4678,9,1,-0.03663282096385956
4679,4,1,0.016779497265815735
4680,9,1,-0.055565908551216125
4681,9,1,0.0008027702569961548
4682,3,1,-0.04222016781568527
4683,4,1,-0.09235744178295135
4684,1,1,-0.05807940661907196
4685,4,1,-0.0024425387382507324
4686,0,1,-0.09978508204221725
4687,3,1,0.007465943694114685
4688,7,1,0.03277565538883209
4689,1,1,-0.021085187792778015
4690,2,1,-0.03810834884643555
4691,2,1,0.09640529751777649
4692,8,1,-0.024660632014274597
4693,4,1,-0.05991275608539581
4694,7,1,-0.02880832552909851
4695,8,1,-0.028777241706848145
4696,5,0,-0.03868857026100159
4697,5,0,-0.03083028644323349
4698,6,1,0.02243731915950775
4699,5,0,-0.05603909492492676
4700,6,1,0.034706875681877136
4701,0,1,-0.0009754151105880737
4702,6,1,-0.043220147490501404
4703,4,1,-0.0480533242225647
4704,9,1,-0.006356462836265564
4705,3,1,-0.04385354369878769
4706,2,1,-0.05228426307439804
4707,7,1,-0.08608093857765198
4708,3,1,-0.07122525572776794
4709,8,1,-0.04407183825969696
4710,3,1,0.05911277234554291
4711,9,1,0.02002979815006256
4712,4,1,-0.03164277970790863
4713,1,1,-0.005493953824043274
4714,6,1,-0.07770835608243942
4715,9,1,-0.02664823830127716
4716,9,1,-0.029069915413856506
4717,4,1,-0.024246767163276672
4718,3,1,-0.00812666118144989
4719,9,1,-0.028070442378520966
4720,8,1,-0.0357084721326828
4721,1,1,0.10424064099788666
4722,6,1,-0.07329914718866348
4723,9,1,-0.08415447175502777
4724,5,0,-0.02998363971710205
4725,9,1,-0.05355001986026764
4726,0,1,-0.04932580888271332
4727,9,1,-0.08291065692901611
4728,7,1,-0.02221807837486267
4729,2,1,-0.0647226870059967
4730,2,1,-0.04063449800014496
4731,4,1,0.10096152126789093
4732,2,1,0.18784381449222565
4733,6,1,-0.04078574478626251
4734,4,1,-0.03860601782798767
4735,8,1,-0.016991451382637024
4736,1,1,-0.018791258335113525
4737,9,1,-0.055815935134887695
4738,5,0,0.06764073669910431
4739,6,1,-0.052091628313064575
4740,5,0,-0.07670791447162628
4741,1,1,-0.002442076802253723
4742,8,1,-0.05029767006635666
4743,6,1,-0.0004990696907043457
4744,6,1,0.07141278684139252
4745,7,1,-0.01984591782093048
4746,6,1,0.014849722385406494
4747,5,0,-0.0963636040687561
4748,0,1,0.015649989247322083
4749,2,1,-0.05403012037277222
4750,7,1,-0.05141913890838623
4751,6,1,-0.0028488188982009888
4752,1,1,0.02417983114719391
4753,2,1,-0.06889541447162628
4754,3,1,-0.04438009858131409
4755,1,1,-0.018315955996513367
4756,6,1,-0.01973976194858551
4757,4,1,-0.042396485805511475
4758,9,1,0.03201638162136078
4759,0,1,-0.02566884458065033
4760,3,1,0.07422171533107758
4761,9,1,-0.034937724471092224
4762,1,1,-0.02826976776123047
4763,0,1,0.024854227900505066
4764,5,0,-0.09363535791635513
4765,3,1,-0.054532185196876526
4766,1,1,-0.06384200602769852
4767,6,1,-0.08759038150310516
4768,9,1,-0.06658683717250824
4769,8,1,-0.053706228733062744
4770,9,1,0.041113510727882385
4771,0,1,-0.032538823783397675
4772,6,1,-0.03148491680622101
4773,1,1,0.06532987952232361
4774,6,1,0.02220211923122406
4775,2,1,-0.053918227553367615
4776,3,1,-0.05742044746875763
4777,5,0,0.05089922249317169
4778,6,1,-0.07100598514080048
4779,9,1,-0.012079164385795593
4780,0,1,-0.019271835684776306
4781,7,1,-0.10849089920520782
4782,2,1,-0.07336176186800003
4783,4,1,0.09365487098693848
4784,0,1,0.024458929896354675
4785,3,1,-0.04787856340408325
4786,6,1,0.07940080761909485
4787,8,1,-0.02003513276576996
4788,6,1,-0.05617378652095795
4789,9,1,-0.010509923100471497
4790,1,1,-0.053056031465530396
4791,9,1,-0.08747532963752747
4792,0,1,-0.09987568855285645
4793,6,1,-0.03970203548669815
4794,4,1,-0.061209291219711304
4795,5,0,-0.00981825590133667
4796,9,1,-0.09620068222284317
4797,5,0,0.02091333270072937
4798,4,1,-0.09049618244171143
4799,1,1,0.14154721796512604
4800,9,1,-0.05162452161312103
4801,2,1,-0.040987804532051086
4802,0,1,-0.04673347622156143
4803,7,1,-0.04913099855184555
4804,3,1,-0.0571867972612381
4805,5,0,-0.05339469015598297
4806,1,1,-0.037294723093509674
4807,8,1,-0.06885222345590591
4808,3,1,-0.07688027620315552
4809,0,1,-0.09088537842035294
4810,5,0,-0.0737493559718132
4811,2,1,0.10007680952548981
4812,8,1,-0.05962871015071869
4813,8,1,-0.02974674105644226
4814,3,1,0.046539947390556335
4815,9,1,-0.049383580684661865
4816,6,1,-0.02484409511089325
4817,0,1,-0.027003906667232513
4818,3,1,-0.03679242730140686
4819,5,0,-0.028304174542427063
4820,3,1,-0.0578681156039238
4821,4,1,-0.047342509031295776
4822,1,1,-0.050802603363990784
4823,5,0,-0.0318966880440712
4824,0,1,-0.04124721139669418
4825,7,1,-0.02266736328601837
4826,3,1,-0.05647042393684387
4827,9,1,-0.07954046130180359
4828,4,1,-0.05261288583278656
4829,5,0,-0.09183046221733093
4830,3,1,-0.07708148658275604
4831,1,1,-0.04418937861919403
4832,4,1,-0.07912704348564148
4833,2,1,1.7270445823669434e-05
4834,4,1,0.061806172132492065
4835,9,1,-0.051649823784828186
4836,9,1,-0.003837272524833679
4837,7,1,0.0021755844354629517
4838,1,1,-0.002550840377807617
4839,7,1,-0.03780670464038849
4840,0,1,-0.005315423011779785
4841,1,1,-0.020808711647987366
4842,2,1,-0.010645627975463867
4843,1,1,-0.04188959300518036
4844,5,0,-0.058139026165008545
4845,3,1,-0.016479507088661194
4846,8,1,-0.025126293301582336
4847,4,1,-0.008328855037689209
4848,1,1,0.055840864777565
4849,5,0,-0.02320466935634613
4850,1,1,-0.04237741976976395
4851,9,1,-0.055942192673683167
4852,9,1,0.007219955325126648
4853,7,1,-0.019060686230659485
4854,0,1,0.006395325064659119
4855,1,1,0.02894793450832367
4856,7,1,0.03693939745426178
4857,6,1,-0.07907659560441971
4858,2,1,-0.012639954686164856
4859,6,1,-0.05091848969459534
4860,5,0,-0.07600817084312439
4861,0,1,-0.0336357057094574
4862,3,1,0.031947046518325806
4863,1,1,-0.0362616702914238
4864,3,1,-0.024487778544425964
4865,8,1,-0.06105685234069824
4866,9,1,-0.02576616406440735
4867,9,1,-0.014391854405403137
4868,0,1,0.026692643761634827
4869,8,1,-0.07433629781007767
4870,8,1,0.05536980926990509
4871,7,1,-0.008843973278999329
4872,9,1,-0.014973193407058716
4873,2,1,0.020166054368019104
4874,9,1,-0.015928074717521667
4875,1,1,0.015478640794754028
4876,3,1,-0.03748020529747009
4877,6,1,0.002893611788749695
4878,7,1,-0.04889918863773346
4879,6,1,-0.06113562732934952
4880,0,1,0.0612189918756485
4881,8,1,0.0047132521867752075
4882,6,1,0.044116199016571045
4883,2,1,-0.052444472908973694
4884,4,1,-0.019727811217308044
4885,2,1,0.014784500002861023
4886,3,1,-0.0843420922756195
4887,5,0,-0.08959545940160751
4888,5,0,-0.008476421236991882
4889,4,1,-0.034375473856925964
4890,1,1,0.01160837709903717
4891,6,1,-0.050232306122779846
4892,7,1,-0.054094672203063965
4893,1,1,0.020792320370674133
4894,6,1,-0.0020246654748916626
4895,1,1,0.002551034092903137
4896,7,1,0.016925811767578125
4897,1,1,-0.0337776318192482
4898,6,1,-0.08659772574901581
4899,2,1,0.08445198833942413
4900,3,1,-0.07680930197238922
4901,0,1,-0.01514481008052826
4902,4,1,-0.07009833306074142
4903,2,1,0.08952368795871735
4904,9,1,-0.004343196749687195
4905,7,1,-0.04138632118701935
4906,5,0,-0.06742361932992935
4907,5,0,-0.04969759285449982
4908,6,1,0.021445199847221375
4909,0,1,-0.02635200321674347
4910,8,1,-0.03237933665513992
4911,8,1,0.008291736245155334
4912,1,1,-0.027858495712280273
4913,1,1,0.00012555718421936035
4914,3,1,-0.026097029447555542
4915,5,0,-0.10691200196743011
4916,6,1,0.008614003658294678
4917,5,0,0.021474242210388184
4918,3,1,-0.0798095092177391
4919,8,1,-0.036549195647239685
4920,7,1,-0.030753403902053833
4921,5,0,-0.08556777983903885
4922,0,1,-0.04535067081451416
4923,7,1,0.019462183117866516
4924,7,1,-0.038715727627277374
4925,5,0,0.07523269951343536
4926,7,1,-0.026202231645584106
4927,1,1,-0.01834292709827423
4928,9,1,-0.05206816643476486
4929,9,1,-0.0240737646818161
4930,1,1,-0.029216550290584564
4931,9,1,-0.06959961354732513
4932,9,1,-0.014666125178337097
4933,3,1,-0.08416271209716797
4934,5,0,-0.024636253714561462
4935,5,0,-0.029746681451797485
4936,3,1,-0.0891767144203186
4937,0,1,-0.002324536442756653
4938,3,1,-0.08677025139331818
4939,0,1,-0.01150389015674591
4940,6,1,-0.047007106244564056
4941,6,1,-0.07749293744564056
4942,5,0,-0.07176394015550613
4943,6,1,0.0598895400762558
4944,8,1,0.11747299134731293
4945,9,1,0.0005268007516860962
4946,4,1,0.002842441201210022
4947,5,0,-0.009801462292671204
4948,1,1,0.031223997473716736
4949,1,1,-0.04599520564079285
4950,2,1,0.00266110897064209
4951,7,1,0.005929812788963318
4952,9,1,0.030463501811027527
4953,0,1,-0.07926187664270401
4954,1,1,0.007389500737190247
4955,2,1,0.018070459365844727
4956,5,0,-0.07328523695468903
4957,4,1,-0.06531453132629395
4958,4,1,-0.03094707429409027
4959,7,1,-0.03983498364686966
4960,4,1,-0.0408993661403656
4961,8,1,-0.09469404816627502
4962,3,1,-0.007360547780990601
4963,3,1,-0.06859560310840607
4964,5,0,-0.0017670094966888428
4965,3,1,-0.03148241341114044
4966,5,0,-0.06549043208360672
4967,7,1,-0.09410641342401505
4968,0,1,0.14506806433200836
4969,1,1,-0.007304742932319641
4970,2,1,-0.04679509997367859
4971,9,1,-0.007507219910621643
4972,8,1,-0.02500954270362854
4973,1,1,0.037449076771736145
4974,7,1,-0.05238460749387741
4975,3,1,-0.05926568806171417
4976,5,0,-0.05244770646095276
4977,9,1,-0.0688125342130661
4978,1,1,-0.017434239387512207
4979,9,1,-0.01741999387741089
4980,1,1,-0.0599287673830986
4981,1,1,0.047415852546691895
4982,3,1,-0.05394935607910156
4983,6,1,-0.051066115498542786
4984,7,1,-0.0521245002746582
4985,4,1,-0.011324062943458557
4986,8,1,-0.07304242253303528
4987,3,1,-0.003331020474433899
4988,5,0,-0.06209488958120346
4989,6,1,-0.05304849147796631
4990,7,1,-0.026313766837120056
4991,0,1,0.08158493041992188
4992,1,1,0.05456380546092987
4993,7,1,-0.0857611820101738
4994,7,1,0.03395155072212219
4995,2,1,-0.08737175166606903
4996,3,1,-0.021596789360046387
4997,3,1,-0.07242829352617264
4998,5,0,-0.08339640498161316
4999,1,1,0.06344451010227203
5000,7,1,-0.006394669413566589
5001,6,1,-0.010077640414237976
5002,8,1,-0.0432882159948349
5003,4,1,-0.034818701446056366
5004,4,1,-0.01210273802280426
5005,5,0,-0.061740368604660034
5006,7,1,-0.04311297833919525
5007,3,1,-0.053284578025341034
5008,4,1,-0.03577534109354019
5009,7,1,-0.01741008460521698
5010,7,1,0.028369680047035217
5011,3,1,-0.07763753831386566
5012,6,1,-0.07078889012336731
5013,0,1,-0.06322026252746582
5014,7,1,-0.02844679355621338
5015,2,1,-0.060866743326187134
5016,6,1,-0.029189348220825195
5017,7,1,-0.06990035623311996
5018,4,1,-0.013022452592849731
5019,1,1,0.10390408337116241
5020,8,1,0.029374688863754272
5021,0,1,-0.029730796813964844
5022,2,1,-0.08387845754623413
5023,2,1,-0.021950766444206238
5024,1,1,-0.019369542598724365
5025,5,0,-0.05055822432041168
5026,4,1,-0.062465280294418335
5027,0,1,-0.06447509676218033
5028,9,1,0.11123083531856537
5029,3,1,-0.06612211465835571
5030,4,1,0.022239521145820618
5031,4,1,-0.06737616658210754
5032,2,1,-0.01789236068725586
5033,3,1,-0.057648301124572754
5034,8,1,-0.07562278211116791
5035,5,0,-0.0666736513376236
5036,0,1,-0.02890971302986145
5037,0,1,-0.005422234535217285
5038,4,1,0.005100920796394348
5039,6,1,0.04486311972141266
5040,3,1,-0.024002715945243835
5041,9,1,0.053339883685112
5042,2,1,-0.036796748638153076
5043,0,1,-0.03321158140897751
5044,5,0,-0.040675804018974304
5045,7,1,-0.010494008660316467
5046,5,0,0.05499047040939331
5047,5,0,-0.06606605648994446
5048,1,1,-0.01440778374671936
5049,7,1,-0.049389488995075226
5050,3,1,-0.015688776969909668
5051,1,1,0.01429055631160736
5052,6,1,0.08115972578525543
5053,7,1,-0.06339455395936966
5054,9,1,-0.07134951651096344
5055,0,1,0.0910816341638565
5056,1,1,-0.06073500216007233
5057,2,1,-0.0184231698513031
5058,1,1,-0.04646553099155426
5059,4,1,-0.08539541065692902
5060,6,1,0.013365015387535095
5061,1,1,-0.0015815943479537964
5062,5,0,0.005566313862800598
5063,9,1,-0.020956754684448242
5064,5,0,-0.06745906174182892
5065,0,1,0.015936806797981262
5066,4,1,-0.03825673460960388
5067,9,1,-0.008534237742424011
5068,4,1,-0.0601702481508255
5069,9,1,-0.06301464140415192
5070,7,1,-0.046179212629795074
5071,1,1,0.00807236135005951
5072,6,1,-0.02795049548149109
5073,8,1,0.021318063139915466
5074,0,1,0.03271685540676117
5075,6,1,-0.01565869152545929
5076,5,0,0.016839265823364258
5077,0,1,-0.08327692747116089
5078,8,1,-0.02851714938879013
5079,1,1,-0.0037268251180648804
5080,7,1,-0.07152840495109558
5081,5,0,-0.030571460723876953
5082,6,1,-0.09035361558198929
5083,9,1,-0.06621809303760529
5084,3,1,-0.07370766252279282
5085,2,1,0.1709669977426529
5086,3,1,-0.05001772195100784
5087,9,1,-0.0226333886384964
5088,8,1,-0.07231618463993073
5089,6,1,-0.06736262887716293
5090,1,1,-0.048465631902217865
5091,0,1,-0.04657493531703949
5092,9,1,0.0024506300687789917
5093,0,1,-0.04231259226799011
5094,9,1,0.0034841299057006836
5095,8,1,0.008729696273803711
5096,7,1,-0.005717039108276367
5097,7,1,-0.0946192741394043
5098,5,0,-0.009989872574806213
5099,2,1,-0.006409004330635071
5100,3,1,-0.06113806366920471
5101,5,0,-0.06867325305938721
5102,5,0,-0.013446107506752014
5103,7,1,-0.09145630896091461
5104,8,1,-0.0828881561756134
5105,7,1,-0.02169482409954071
5106,6,1,-0.0768357589840889
5107,9,1,0.023451879620552063
5108,1,1,0.021574079990386963
5109,9,1,0.1297188252210617
5110,8,1,-0.05106362700462341
5111,6,1,-0.04798327386379242
5112,5,0,-0.04771989583969116
5113,6,1,-0.05671944469213486
5114,7,1,-0.025772303342819214
5115,5,0,-0.06982337683439255
5116,6,1,-0.04904696345329285
5117,7,1,-0.08887989819049835
5118,2,1,0.02895362675189972
5119,5,0,0.01686738431453705
5120,9,1,-0.07679171860218048
5121,6,1,0.010634496808052063
5122,6,1,-0.059679850935935974
5123,7,1,-0.035065919160842896
5124,0,1,0.0004994720220565796
5125,1,1,-0.06474380940198898
5126,0,1,-0.039464399218559265
5127,1,1,-0.05759640783071518
5128,3,1,0.031789615750312805
5129,2,1,-0.046723008155822754
5130,5,0,-0.06152942776679993
5131,6,1,0.0013734698295593262
5132,1,1,-0.05984009802341461
5133,2,1,-0.06354592740535736
5134,5,0,0.0031335800886154175
5135,1,1,-0.0431203618645668
5136,9,1,-0.022953346371650696
5137,9,1,-0.03899390995502472
5138,8,1,-0.09231486916542053
5139,6,1,-0.09277312457561493
5140,8,1,-0.027355767786502838
5141,6,1,-0.06334690749645233
5142,8,1,-0.07693997770547867
5143,9,1,-0.0796952098608017
5144,0,1,-0.03694229573011398
5145,4,1,-0.021093040704727173
5146,0,1,0.021072223782539368
5147,3,1,6.060302257537842e-05
5148,3,1,-0.023803263902664185
5149,6,1,-0.002878844738006592
5150,4,1,-0.04388892650604248
5151,9,1,-0.034009434282779694
5152,9,1,-0.02962101250886917
5153,7,1,-0.014135882258415222
5154,2,1,0.06679615378379822
5155,3,1,-0.08301776647567749
5156,5,0,-0.07402004301548004
5157,6,1,-0.04308788478374481
5158,4,1,-0.044916681945323944
5159,6,1,0.03683145344257355
5160,0,1,-0.08073070645332336
5161,3,1,-0.05779603123664856
5162,7,1,-0.06390242278575897
5163,5,0,-0.02368323504924774
5164,0,1,-0.05819474905729294
5165,2,1,0.019220218062400818
5166,9,1,-0.09302699565887451
5167,2,1,-0.013202428817749023
5168,7,1,0.03514425456523895
5169,2,1,-0.08123473823070526
5170,9,1,-0.013215169310569763
5171,2,1,-0.05076715350151062
5172,4,1,-0.0695212259888649
5173,0,1,0.026481568813323975
5174,6,1,0.01452605426311493
5175,6,1,-0.055021919310092926
5176,3,1,-0.06458978354930878
5177,4,1,-0.05919521301984787
5178,5,0,-0.07389502227306366
5179,5,0,-0.09662322700023651
5180,9,1,-0.018864020705223083
5181,1,1,-0.032592251896858215
5182,1,1,0.001170322299003601
5183,4,1,0.019575700163841248
5184,4,1,-0.04776185750961304
5185,3,1,-0.040091753005981445
5186,5,0,-0.03061782568693161
5187,4,1,-0.05327562987804413
5188,8,1,0.002313479781150818
5189,0,1,-0.014909714460372925
5190,0,1,0.059179097414016724
5191,3,1,0.016900554299354553
5192,9,1,0.07367800176143646
5193,4,1,-0.04284517467021942
5194,7,1,-0.048553407192230225
5195,4,1,0.004405871033668518
5196,2,1,-0.017442449927330017
5197,8,1,-0.06380786001682281
5198,3,1,-0.01506108045578003
5199,6,1,-0.0762791559100151
5200,3,1,-0.044214338064193726
5201,1,1,-0.06515958905220032
5202,9,1,-0.05590596795082092
5203,6,1,0.0025765150785446167
5204,3,1,-0.08697982132434845
5205,8,1,0.005547091364860535
5206,3,1,-0.05276128649711609
5207,8,1,-0.06723592430353165
5208,4,1,-0.056626126170158386
5209,7,1,-0.03316546231508255
5210,5,0,-0.0076253414154052734
5211,7,1,-0.08505557477474213
5212,5,0,-0.053698815405368805
5213,3,1,-0.03204139322042465
5214,1,1,0.056171104311943054
5215,2,1,-0.08099512755870819
5216,6,1,-0.019755110144615173
5217,1,1,-0.013344407081604004
5218,3,1,-0.018588170409202576
5219,2,1,-0.054303646087646484
5220,0,1,0.029248014092445374
5221,7,1,-0.03931329399347305
5222,5,0,-0.0446418821811676
5223,0,1,-0.008134469389915466
5224,0,1,-0.07120978832244873
5225,0,1,0.054705455899238586
5226,1,1,0.013933464884757996
5227,4,1,0.020331695675849915
5228,3,1,-0.01657167077064514
5229,5,0,-0.026539772748947144
5230,8,1,-0.055013030767440796
5231,4,1,-0.0594271719455719
5232,3,1,-0.01747743785381317
5233,1,1,-0.011395558714866638
5234,7,1,-0.05047529935836792
5235,1,1,-0.034893110394477844
5236,0,1,0.05358712375164032
5237,4,1,-0.07481211423873901
5238,2,1,-0.05105346441268921
5239,4,1,-0.0069761723279953
5240,1,1,-0.009273871779441833
5241,4,1,-0.03908146917819977
5242,0,1,-0.012080118060112
5243,1,1,-0.0019137710332870483
5244,2,1,-0.11765024065971375
5245,1,1,0.016865387558937073
5246,7,1,-0.061143673956394196
5247,7,1,-0.017726436257362366
5248,9,1,-0.06826694309711456
5249,8,1,0.029725179076194763
5250,7,1,-0.04747782647609711
5251,5,0,-0.09235812723636627
5252,4,1,-0.02009323239326477
5253,0,1,-0.06506011635065079
5254,9,1,-0.06723393499851227
5255,0,1,0.11239694058895111
5256,0,1,-0.056472741067409515
5257,8,1,0.0038798004388809204
5258,2,1,-0.0889141634106636
5259,0,1,-0.06580357253551483
5260,0,1,-0.05976441502571106
5261,2,1,-0.060043834149837494
5262,4,1,-0.04426504671573639
5263,8,1,-0.10159579664468765
5264,6,1,-0.06815902888774872
5265,2,1,0.08622679114341736
5266,4,1,-0.02994978427886963
5267,6,1,-0.016073167324066162
5268,3,1,-0.08200670778751373
5269,5,0,-0.06583237648010254
5270,1,1,-0.07769718766212463
5271,5,0,-0.08123428374528885
5272,3,1,-0.01390443742275238
5273,7,1,-0.05420778691768646
5274,2,1,-0.006501033902168274
5275,2,1,0.0071064382791519165
5276,9,1,-0.05317915976047516
5277,8,1,-0.03729817271232605
5278,0,1,-0.09210680425167084
5279,0,1,-0.025826692581176758
5280,0,1,-0.08424186706542969
5281,3,1,-0.08711777627468109
5282,4,1,0.06461216509342194
5283,4,1,-0.0812893956899643
5284,6,1,-0.08071033656597137
5285,1,1,0.005420669913291931
5286,6,1,-0.04763481020927429
5287,7,1,0.009620174765586853
5288,4,1,-0.03206244111061096
5289,4,1,-0.02973271906375885
5290,3,1,-0.07389365136623383
5291,9,1,-0.013757959008216858
5292,4,1,-0.06950657069683075
5293,0,1,0.02744622528553009
5294,8,1,-0.07954175770282745
5295,0,1,-0.05935472249984741
5296,4,1,-0.03908558189868927
5297,6,1,0.05064418911933899
5298,5,0,-0.03309129178524017
5299,7,1,-0.025105252861976624
5300,9,1,0.0005998015403747559
5301,7,1,0.004669502377510071
5302,0,1,0.13269181549549103
5303,5,0,-0.05932019650936127
5304,7,1,0.0085059255361557
5305,7,1,0.030936703085899353
5306,3,1,-0.06827456504106522
5307,1,1,0.009382948279380798
5308,9,1,0.0721142441034317
5309,3,1,-0.020106524229049683
5310,0,1,0.161470428109169
5311,9,1,-0.04111917316913605
5312,5,0,-0.08999745547771454
5313,3,1,-0.029636815190315247
5314,7,1,0.018486931920051575
5315,9,1,-0.01430453360080719
5316,4,1,0.016879409551620483
5317,4,1,-0.07070086896419525
5318,1,1,-0.02001260221004486
5319,7,1,0.07465866208076477
5320,7,1,-0.07124865800142288
5321,1,1,0.01605573296546936
5322,4,1,-0.027172252535820007
5323,1,1,-0.015149131417274475
5324,2,1,-0.05397640913724899
5325,8,1,0.030149593949317932
5326,7,1,-0.07055321335792542
5327,0,1,0.034799277782440186
5328,0,1,-0.08604520559310913
5329,4,1,0.10745953023433685
5330,7,1,-0.02877628058195114
5331,2,1,-0.08072473108768463
5332,9,1,-0.03059867024421692
5333,7,1,-0.05372042953968048
5334,6,1,-0.01309598982334137
5335,9,1,0.010889872908592224
5336,3,1,0.025037243962287903
5337,5,0,-0.033977121114730835
5338,8,1,0.007207021117210388
5339,0,1,-0.05678346008062363
5340,3,1,-0.027805328369140625
5341,6,1,-0.06306195259094238
5342,8,1,-0.06979025900363922
5343,3,1,-0.09692161530256271
5344,2,1,-0.0029581785202026367
5345,4,1,-0.006052732467651367
5346,7,1,-0.04676857590675354
5347,1,1,-0.00106734037399292
5348,1,1,-0.08251186460256577
5349,3,1,-0.08115511387586594
5350,9,1,-0.04276205599308014
5351,7,1,-0.013454943895339966
5352,5,0,-0.07403776049613953
5353,1,1,-0.06575591117143631
5354,0,1,-0.006158769130706787
5355,8,1,-0.0585600882768631
5356,7,1,-0.05419214814901352
5357,0,1,-0.057448238134384155
5358,1,1,0.06797285377979279
5359,6,1,0.010154768824577332
5360,9,1,-0.057754166424274445
5361,3,1,-0.08894900977611542
5362,2,1,-0.055132441222667694
5363,7,1,0.007808059453964233
5364,7,1,-0.03294801712036133
5365,8,1,0.014601781964302063
5366,1,1,0.16017480194568634
5367,0,1,0.10706274211406708
5368,3,1,-0.01054227352142334
5369,4,1,-0.04399274289608002
5370,6,1,-0.07257337868213654
5371,7,1,-0.016637638211250305
5372,5,0,-0.08466605097055435
5373,2,1,-0.031575024127960205
5374,0,1,-0.01707880198955536
5375,1,1,-0.04815353453159332
5376,5,0,-0.09969325363636017
5377,5,0,-0.06544700264930725
5378,1,1,-0.021149933338165283
5379,4,1,0.0014933645725250244
5380,1,1,-0.04814969748258591
5381,3,1,-0.07240124046802521
5382,0,1,0.00015661120414733887
5383,8,1,-0.05631115287542343
5384,6,1,-0.05528537184000015
5385,2,1,-0.03373035788536072
5386,1,1,-0.005989745259284973
5387,3,1,-0.04017440974712372
5388,6,1,-0.032627008855342865
5389,4,1,-0.0675727128982544
5390,1,1,-0.04498356580734253
5391,9,1,-0.07599730789661407
5392,0,1,0.013022273778915405
5393,4,1,-0.013499334454536438
5394,1,1,-0.03937879204750061
5395,0,1,-0.025766104459762573
5396,1,1,-0.09170939773321152
5397,9,1,-0.00704936683177948
5398,8,1,-0.05595944821834564
5399,6,1,0.04163700342178345
5400,9,1,0.08562135696411133
5401,2,1,-0.004971951246261597
5402,4,1,-0.09407380223274231
5403,7,1,-0.00860355794429779
5404,2,1,-0.0506151020526886
5405,2,1,-0.012962982058525085
5406,7,1,-0.01145268976688385
5407,4,1,-0.06838268786668777
5408,9,1,0.060681700706481934
5409,1,1,-0.010795935988426208
5410,3,1,-0.0989750325679779
5411,2,1,0.009748369455337524
5412,6,1,-0.07046276330947876
5413,3,1,-0.041212379932403564
5414,4,1,-0.031095191836357117
5415,4,1,-0.055694207549095154
5416,9,1,-0.0347081795334816
5417,4,1,-0.07268502563238144
5418,8,1,-0.05095033347606659
5419,2,1,-0.028690770268440247
5420,6,1,-0.05394001305103302
5421,6,1,0.027008548378944397
5422,1,1,0.01707802712917328
5423,6,1,-0.0476437509059906
5424,3,1,-0.05183061957359314
5425,6,1,-0.0414910614490509
5426,5,0,-0.07229754328727722
5427,8,1,-0.03560771048069
5428,4,1,-0.02554081380367279
5429,6,1,0.05971910059452057
5430,7,1,0.015263631939888
5431,1,1,-0.05980013310909271
5432,9,1,-0.033751413226127625
5433,3,1,-0.09207086265087128
5434,6,1,-0.06262117624282837
5435,7,1,-0.004208207130432129
5436,6,1,-0.011984005570411682
5437,0,1,0.3739425539970398
5438,7,1,-0.06207937002182007
5439,1,1,0.0014515519142150879
5440,9,1,0.0033346563577651978
5441,5,0,-0.08998510986566544
5442,2,1,-0.03283758461475372
5443,6,1,-0.09235905855894089
5444,7,1,0.031811654567718506
5445,7,1,-0.035964235663414
5446,6,1,-0.051645733416080475
5447,5,0,-0.048955753445625305
5448,9,1,-0.06903630495071411
5449,1,1,-0.028692089021205902
5450,5,0,-0.02773354947566986
5451,6,1,0.03805972635746002
5452,0,1,-0.07789158821105957
5453,2,1,-0.017668768763542175
5454,0,1,0.007822930812835693
5455,9,1,0.010297641158103943
5456,1,1,-0.020929589867591858
5457,8,1,-0.053602129220962524
5458,3,1,0.0036874860525131226
5459,5,0,-0.0202055424451828
5460,0,1,-0.06655722856521606
5461,0,1,-0.0141620934009552
5462,0,1,-0.021108970046043396
5463,5,0,-0.015407934784889221
5464,7,1,-0.047685690224170685
5465,7,1,-0.07891290634870529
5466,8,1,-0.06989966332912445
5467,5,0,0.01080198585987091
5468,5,0,-0.08077342808246613
5469,5,0,0.005042016506195068
5470,1,1,-5.580484867095947e-05
5471,6,1,-0.05820243060588837
5472,1,1,-0.08468277007341385
5473,5,0,-0.10402695834636688
5474,1,1,0.00024884939193725586
5475,0,1,-0.05158226937055588
5476,6,1,-0.03988954424858093
5477,2,1,-0.04051422327756882
5478,3,1,-0.057785674929618835
5479,2,1,0.08828166127204895
5480,1,1,0.003907099366188049
5481,7,1,-0.06592234969139099
5482,5,0,-0.05981779098510742
5483,1,1,0.0262727290391922
5484,9,1,-0.02138294279575348
5485,8,1,-0.04462265968322754
5486,3,1,-0.0061454176902771
5487,6,1,-0.05268055200576782
5488,9,1,-0.042430877685546875
5489,7,1,0.016683101654052734
5490,3,1,0.03541344404220581
5491,0,1,-0.032449692487716675
5492,2,1,-0.05500861257314682
5493,3,1,0.02582012116909027
5494,9,1,-0.0676993876695633
5495,4,1,-0.07870522141456604
5496,4,1,-0.04343235492706299
5497,3,1,-0.003391548991203308
5498,9,1,-0.06290251016616821
5499,6,1,-0.036014750599861145
5500,8,1,-0.040459565818309784
5501,6,1,-0.05233658850193024
5502,6,1,0.0023170411586761475
5503,8,1,-0.07588326930999756
5504,5,0,-0.026044562458992004
5505,4,1,-0.02093927562236786
5506,3,1,0.020455554127693176
5507,6,1,-0.07364483177661896
5508,7,1,-0.025149032473564148
5509,7,1,-0.030467979609966278
5510,4,1,-0.0701988935470581
5511,3,1,-0.05769333243370056
5512,9,1,-0.046075113117694855
5513,6,1,-0.0822751373052597
5514,2,1,0.02377532422542572
5515,4,1,-0.01798306405544281
5516,0,1,-0.008380189538002014
5517,1,1,-0.03370146453380585
5518,3,1,-0.04578252136707306
5519,6,1,-0.05989433825016022
5520,4,1,-0.06800965964794159
5521,9,1,-0.046204760670661926
5522,2,1,0.030173301696777344
5523,6,1,0.005666717886924744
5524,0,1,-0.05148029327392578
5525,3,1,-0.04568538814783096
5526,8,1,0.0915617048740387
5527,7,1,-0.08443218469619751
5528,5,0,-0.05466485768556595
5529,3,1,0.02977268397808075
5530,3,1,-0.02139224112033844
5531,8,1,-0.05467523634433746
5532,3,1,-0.020588606595993042
5533,2,1,0.013112634420394897
5534,6,1,-0.011271163821220398
5535,3,1,-0.07428545504808426
5536,6,1,-0.030732959508895874
5537,2,1,0.10572867095470428
5538,7,1,-0.06007404625415802
5539,4,1,-0.045831501483917236
5540,5,0,0.013182386755943298
5541,7,1,-0.08058150112628937
5542,9,1,-0.08871310204267502
5543,0,1,-0.06542496383190155
5544,0,1,0.066850945353508
5545,6,1,-0.08306512236595154
5546,7,1,-0.057743921875953674
5547,2,1,-0.10768221318721771
5548,8,1,-0.08652088046073914
5549,5,0,0.023049160838127136
5550,5,0,-0.06773391366004944
5551,7,1,-0.08462583273649216
5552,5,0,-0.04914817959070206
5553,5,0,-0.06718786060810089
5554,9,1,-0.020614057779312134
5555,4,1,0.08394096791744232
5556,6,1,-0.03865371644496918
5557,4,1,-0.04109776020050049
5558,7,1,0.015513122081756592
5559,3,1,-0.0880928784608841
5560,3,1,-0.0888669341802597
5561,6,1,-0.03560120612382889
5562,4,1,0.032193318009376526
5563,1,1,-0.07247310131788254
5564,6,1,-0.0051322877407073975
5565,3,1,0.003731474280357361
5566,1,1,-0.0778605118393898
5567,6,1,-0.03726298362016678
5568,7,1,-0.0034167319536209106
5569,0,1,-0.06204337626695633
5570,5,0,-0.11016032099723816
5571,0,1,-0.03165626525878906
5572,1,1,0.018182769417762756
5573,9,1,-0.047380827367305756
5574,7,1,-0.010134831070899963
5575,3,1,-0.0948610007762909
5576,5,0,-0.025271371006965637
5577,2,1,-0.019301876425743103
5578,3,1,-0.010024651885032654
5579,9,1,-0.01224718987941742
5580,5,0,-0.06271359324455261
5581,6,1,-0.04886507987976074
5582,4,1,0.08058144152164459
5583,0,1,0.6937209367752075
5584,0,1,0.06161259114742279
5585,0,1,0.019696995615959167
5586,8,1,-0.04299482703208923
5587,0,1,-0.01963043212890625
5588,3,1,-0.033082157373428345
5589,2,1,-0.04920291155576706
5590,4,1,-0.049724459648132324
5591,5,0,-0.05230268836021423
5592,3,1,-0.07703050225973129
5593,7,1,-0.08970958739519119
5594,9,1,-0.008583888411521912
5595,6,1,-0.012725576758384705
5596,9,1,-0.08203674107789993
5597,3,1,-0.02413994073867798
5598,1,1,-0.062107548117637634
5599,2,1,0.03059646487236023
5600,6,1,-0.07185748219490051
5601,7,1,-0.0013360828161239624
5602,4,1,0.031924769282341
5603,5,0,-0.053643599152565
5604,1,1,0.03644682466983795
5605,3,1,-0.027969226241111755
5606,7,1,-0.07363415509462357
5607,6,1,-0.05095463991165161
5608,9,1,0.046273574233055115
5609,5,0,0.014357045292854309
5610,8,1,-0.039142951369285583
5611,5,0,-0.04713280498981476
5612,8,1,-0.06660014390945435
5613,5,0,-0.07625839114189148
5614,8,1,-0.05119995027780533
5615,5,0,0.031492605805397034
5616,6,1,-0.02612718939781189
5617,5,0,-0.09391065686941147
5618,0,1,-0.0029397308826446533
5619,8,1,0.033112332224845886
5620,3,1,-0.051679059863090515
5621,8,1,0.08126784861087799
5622,1,1,-0.03258993476629257
5623,8,1,-0.017570212483406067
5624,1,1,-0.0648438036441803
5625,5,0,-0.04607740044593811
5626,0,1,0.004417672753334045
5627,9,1,-0.029386557638645172
5628,8,1,-0.005044788122177124
5629,6,1,-0.0381493866443634
5630,3,1,-0.03260906785726547
5631,6,1,0.043190792202949524
5632,3,1,-0.03815225511789322
5633,4,1,-0.07157348096370697
5634,4,1,0.0015355497598648071
5635,7,1,0.0015656650066375732
5636,4,1,-0.03019160032272339
5637,7,1,0.007198169827461243
5638,4,1,-0.07414588332176208
5639,3,1,0.04691381752490997
5640,2,1,-0.05628993362188339
5641,4,1,-0.03500715643167496
5642,5,0,-0.024282649159431458
5643,5,0,-0.05370986461639404
5644,7,1,-0.09766659140586853
5645,5,0,-0.08177065849304199
5646,4,1,-0.040776774287223816
5647,5,0,-0.03212912380695343
5648,8,1,-0.050427138805389404
5649,0,1,-0.07260249555110931
5650,5,0,-0.06187243014574051
5651,4,1,-0.0743744745850563
5652,0,1,0.004405394196510315
5653,5,0,-0.025079771876335144
5654,4,1,-0.013488098978996277
5655,3,1,-0.037146344780921936
5656,3,1,-0.025762394070625305
5657,2,1,-0.03559155762195587
5658,4,1,-0.05978693068027496
5659,2,1,-0.004654929041862488
5660,9,1,0.0002501755952835083
5661,4,1,-0.025317534804344177
5662,8,1,-0.03141161799430847
5663,8,1,-0.06103646755218506
5664,6,1,-0.01666216552257538
5665,2,1,0.08146804571151733
5666,6,1,-0.017129331827163696
5667,1,1,-0.01229812204837799
5668,7,1,-0.0031823664903640747
5669,0,1,-0.012389838695526123
5670,4,1,-0.018869444727897644
5671,3,1,-0.039593085646629333
5672,8,1,-0.015599861741065979
5673,5,0,-0.05560952425003052
5674,9,1,-0.08157786726951599
5675,7,1,-0.026837535202503204
5676,6,1,-0.08562953025102615
5677,7,1,-0.003490433096885681
5678,1,1,-0.010465338826179504
5679,0,1,-0.03199320286512375
5680,2,1,-0.060842931270599365
5681,3,1,-0.01420372724533081
5682,5,0,-0.08484013378620148
5683,6,1,-0.056939899921417236
5684,7,1,0.009621784090995789
5685,1,1,0.04443122446537018
5686,6,1,-0.03736768662929535
5687,2,1,-0.06105606257915497
5688,8,1,0.07550950348377228
5689,3,1,0.003596290946006775
5690,7,1,-0.03738991171121597
5691,2,1,0.03670598566532135
5692,5,0,-0.0941346138715744
5693,7,1,-0.026117995381355286
5694,5,0,-0.11434025317430496
5695,7,1,-0.0038259178400039673
5696,7,1,-0.048920318484306335
5697,1,1,-0.012628480792045593
5698,7,1,-0.07076428830623627
5699,4,1,-0.034976840019226074
5700,3,1,-0.06075730919837952
5701,3,1,-0.049755215644836426
5702,4,1,0.01485605537891388
5703,0,1,0.05053839087486267
5704,4,1,-0.029266521334648132
5705,2,1,-0.07038165628910065
5706,7,1,-0.026235267519950867
5707,0,1,0.05650152266025543
5708,2,1,-0.051587410271167755
5709,2,1,0.0008606165647506714
5710,6,1,-0.07355556637048721
5711,6,1,-0.054917111992836
5712,2,1,0.02308674156665802
5713,5,0,-0.08687837421894073
5714,2,1,0.004043638706207275
5715,6,1,-0.08372075855731964
5716,0,1,0.9949642419815063
5717,6,1,0.0342688113451004
5718,1,1,-0.020140081644058228
5719,2,1,-0.013242051005363464
5720,9,1,-0.042060911655426025
5721,0,1,-0.038830555975437164
5722,0,1,0.041785165667533875
5723,1,1,0.053497880697250366
5724,5,0,-0.03510735183954239
5725,5,0,-0.036620333790779114
5726,1,1,0.0026121586561203003
5727,6,1,-0.016590163111686707
5728,7,1,-0.03299190104007721
5729,8,1,0.023652076721191406
5730,5,0,-0.07594437152147293
5731,6,1,-0.07618913054466248
5732,3,1,-0.0786544680595398
5733,3,1,-0.025098338723182678
5734,6,1,0.07952478528022766
5735,0,1,-0.03859322518110275
5736,9,1,-0.05607867240905762
5737,9,1,-0.005410328507423401
5738,2,1,-0.025030195713043213
5739,2,1,-0.03533847630023956
5740,6,1,-0.04812690615653992
5741,1,1,0.05414371192455292
5742,4,1,-0.0069884806871414185
5743,6,1,-0.11130110174417496
5744,2,1,0.01762227714061737
5745,5,0,-0.006253942847251892
5746,7,1,-0.03858104348182678
5747,8,1,0.05998919904232025
5748,8,1,0.006018891930580139
5749,5,0,-0.07080087065696716
5750,6,1,-0.04622843861579895
5751,4,1,-0.01911546289920807
5752,3,1,-0.0070871710777282715
5753,2,1,-0.006700918078422546
5754,3,1,-0.04380926489830017
5755,4,1,-0.038777053356170654
5756,4,1,-0.0642525777220726
5757,4,1,0.014114320278167725
5758,8,1,0.02902178466320038
5759,9,1,0.0015985816717147827
5760,2,1,0.0034020692110061646
5761,6,1,0.05317637324333191
5762,0,1,-0.0793050155043602
5763,9,1,-0.08871830999851227
5764,7,1,-0.0013930648565292358
5765,9,1,-0.027830369770526886
5766,8,1,-0.06935931742191315
5767,7,1,-0.0424480065703392
5768,7,1,-0.03986102342605591
5769,3,1,-0.020051434636116028
5770,8,1,-0.0688360184431076
5771,2,1,-0.04720704257488251
5772,9,1,-0.04368441551923752
5773,3,1,0.024129286408424377
5774,5,0,-0.03360225260257721
5775,7,1,0.013475343585014343
5776,5,0,-0.05803069472312927
5777,8,1,-0.09313854575157166
5778,7,1,-0.030050136148929596
5779,3,1,-0.06869221478700638
5780,7,1,-0.02310405671596527
5781,0,1,0.01743076741695404
5782,7,1,-0.017711549997329712
5783,1,1,0.04440884292125702
5784,6,1,-0.10187014937400818
5785,2,1,0.16048486530780792
5786,4,1,-0.04335751384496689
5787,0,1,-0.028626494109630585
5788,0,1,0.057316526770591736
5789,2,1,-0.026116952300071716
5790,9,1,-0.05086076259613037
5791,8,1,-0.048387959599494934
5792,2,1,-0.06292268633842468
5793,8,1,-0.04698633402585983
5794,7,1,-0.023149952292442322
5795,7,1,-0.03163045644760132
5796,5,0,-0.04746338725090027
5797,5,0,-0.0641084685921669
5798,0,1,-0.0567813515663147
5799,1,1,-0.042549535632133484
5800,2,1,-0.015567705035209656
5801,9,1,0.04087153077125549
5802,6,1,-0.047606244683265686
5803,1,1,-0.06943535804748535
5804,0,1,-0.05430535227060318
5805,1,1,-0.043184660375118256
5806,0,1,-0.07972332835197449
5807,6,1,-0.041202716529369354
5808,5,0,-0.06324619054794312
5809,0,1,-0.018088385462760925
5810,5,0,-0.04631167650222778
5811,7,1,-0.09488464891910553
5812,4,1,-0.07109269499778748
5813,4,1,-0.023986145853996277
5814,8,1,-0.0783446878194809
5815,3,1,-0.07087843120098114
5816,5,0,-0.07765829563140869
5817,3,1,-0.04323038458824158
5818,7,1,-0.04707980901002884
5819,2,1,-0.07548762857913971
5820,5,0,-0.057294294238090515
5821,8,1,-0.02591864764690399
5822,3,1,-0.0019766539335250854
5823,5,0,-0.021671533584594727
5824,7,1,-0.06749343872070312
5825,3,1,-0.07147200405597687
5826,7,1,-0.04958256334066391
5827,0,1,-0.07940603047609329
5828,5,0,-0.06410600244998932
5829,4,1,-0.06404289603233337
5830,5,0,-0.00574842095375061
5831,6,1,0.013277754187583923
5832,9,1,-0.010043501853942871
5833,3,1,-0.053269416093826294
5834,5,0,-0.06643730401992798
5835,3,1,-0.06024996191263199
5836,8,1,-0.06820426136255264
5837,2,1,-0.04022231698036194
5838,4,1,-0.04092874377965927
5839,2,1,0.09356032311916351
5840,2,1,-0.016086220741271973
5841,6,1,-0.08856228739023209
5842,7,1,-0.08858753740787506
5843,6,1,0.002078905701637268
5844,0,1,-0.05210615694522858
5845,5,0,-0.02153022587299347
5846,5,0,-0.08583766222000122
5847,8,1,-0.064664326608181
5848,4,1,-0.04984735697507858
5849,5,0,-0.05698620527982712
5850,6,1,-0.054002270102500916
5851,1,1,-0.012208089232444763
5852,3,1,0.012133389711380005
5853,5,0,-0.022629067301750183
5854,4,1,0.18151099979877472
5855,7,1,-0.019035592675209045
5856,3,1,-0.056554511189460754
5857,0,1,-0.032278791069984436
5858,7,1,-0.057197533547878265
5859,2,1,-0.015144839882850647
5860,0,1,0.014589741826057434
5861,1,1,0.010974273085594177
5862,2,1,-0.008193343877792358
5863,4,1,0.049569129943847656
5864,9,1,0.0013637542724609375
5865,6,1,-0.02982524037361145
5866,4,1,-0.05822750926017761
5867,5,0,-0.010660514235496521
5868,9,1,-0.04963572323322296
5869,7,1,-0.060581743717193604
5870,7,1,-0.0977819412946701
5871,6,1,-0.046861499547958374
5872,7,1,-0.06815266609191895
5873,4,1,-0.013967305421829224
5874,3,1,-0.07070797681808472
5875,1,1,-0.016399428248405457
5876,6,1,-0.015367314219474792
5877,9,1,-0.0121554434299469
5878,4,1,-0.016448453068733215
5879,8,1,-0.08090605586767197
5880,0,1,0.011153101921081543
5881,3,1,0.00841231644153595
5882,1,1,0.04452952742576599
5883,6,1,-0.09400118887424469
5884,4,1,-0.016900166869163513
5885,4,1,-0.0705176591873169
5886,2,1,-0.0368330180644989
5887,1,1,-0.020562484860420227
5888,4,1,-0.04245467483997345
5889,6,1,-0.01983565092086792
5890,3,1,-0.0404035747051239
5891,0,1,-0.017275258898735046
5892,8,1,-0.018835559487342834
5893,9,1,-0.07013433426618576
5894,7,1,-0.07101727277040482
5895,6,1,-0.013256624341011047
5896,8,1,0.011342033743858337
5897,4,1,-0.01963101327419281
5898,8,1,-0.04197549819946289
5899,1,1,-0.00846920907497406
5900,4,1,-0.0158727765083313
5901,5,0,-0.06478257477283478
5902,9,1,-0.10124880075454712
5903,4,1,0.00661255419254303
5904,7,1,-0.02584049105644226
5905,1,1,-0.03252938389778137
5906,4,1,-0.0007380545139312744
5907,5,0,-0.10392439365386963
5908,3,1,-0.08314746618270874
5909,1,1,-0.032853469252586365
5910,2,1,-0.0673767626285553
5911,6,1,-0.014612346887588501
5912,4,1,0.06371395289897919
5913,7,1,0.005801782011985779
5914,1,1,0.017311617732048035
5915,5,0,-0.050705358386039734
5916,9,1,-0.013254538178443909
5917,3,1,0.02194775640964508
5918,1,1,-0.05627595633268356
5919,4,1,0.02273118495941162
5920,8,1,-0.08548777550458908
5921,7,1,-0.06327532231807709
5922,7,1,-0.08792420476675034
5923,0,1,-0.025701850652694702
5924,4,1,-0.058693841099739075
5925,3,1,-0.02595055103302002
5926,4,1,-0.03810898959636688
5927,6,1,-0.011022493243217468
5928,7,1,-0.015933796763420105
5929,7,1,-0.05315008759498596
5930,5,0,-0.018097564578056335
5931,4,1,-0.038934364914894104
5932,4,1,-0.05013035237789154
5933,4,1,0.0077757686376571655
5934,3,1,-0.04019346833229065
5935,6,1,-0.0529852956533432
5936,6,1,-0.007637873291969299
5937,1,1,-0.011657118797302246
5938,9,1,-0.05331459641456604
5939,9,1,0.041613027453422546
5940,7,1,-0.04970850795507431
5941,9,1,-0.04804839938879013
5942,4,1,-0.04140558838844299
5943,3,1,-0.05547656863927841
5944,2,1,0.04392431676387787
5945,9,1,-0.00684569776058197
5946,8,1,0.02147214114665985
5947,5,0,-0.10305967926979065
5948,0,1,-0.04263606667518616
5949,6,1,-0.04620179533958435
5950,9,1,0.011659041047096252
5951,0,1,0.006979241967201233
5952,9,1,-0.058499306440353394
5953,7,1,-0.09036873281002045
5954,8,1,-0.052765414118766785
5955,5,0,0.024508699774742126
5956,4,1,-0.04056081175804138
5957,4,1,-0.045879267156124115
5958,9,1,-0.05122320353984833
5959,4,1,0.05414043366909027
5960,2,1,-0.0628068596124649
5961,6,1,-0.014688998460769653
5962,6,1,0.01383945345878601
5963,9,1,0.005794525146484375
5964,9,1,-0.06103797256946564
5965,7,1,-0.013799294829368591
5966,9,1,0.03567919135093689
5967,9,1,-0.04499976336956024
5968,0,1,-0.013882473111152649
5969,5,0,-0.08804547786712646
5970,1,1,-0.06255512684583664
5971,1,1,0.004703983664512634
5972,8,1,-0.06421856582164764
5973,6,1,-0.07295902818441391
5974,9,1,-0.051562339067459106
5975,9,1,-0.06435076147317886
5976,5,0,-0.08269362896680832
5977,6,1,-0.044623494148254395
5978,5,0,-0.037544652819633484
5979,5,0,-0.05674833059310913
5980,9,1,-0.04405014216899872
5981,7,1,-0.051812127232551575
5982,9,1,-0.044363319873809814
5983,4,1,-0.042780473828315735
5984,5,0,-0.036560267210006714
5985,4,1,-0.027324751019477844
5986,3,1,0.008451148867607117
5987,3,1,-0.03552740067243576
5988,9,1,-0.0399094894528389
5989,8,1,0.23770390450954437
5990,8,1,0.06194542348384857
5991,3,1,-0.0694752186536789
5992,4,1,-0.05057911574840546
5993,8,1,-0.05143194645643234
5994,4,1,-0.06896321475505829
5995,0,1,-0.05642864853143692
5996,4,1,-0.06808486580848694
5997,0,1,-0.057931140065193176
5998,7,1,-0.004899203777313232
5999,2,1,0.015519127249717712
6000,8,1,-0.04003837704658508
6001,0,1,-0.056743599474430084
6002,2,1,-0.0509515106678009
6003,0,1,0.026500895619392395
6004,7,1,-0.0811525359749794
6005,4,1,-0.023410558700561523
6006,0,1,-0.0386895015835762
6007,6,1,-0.045260898768901825
6008,3,1,0.08214430510997772
6009,3,1,0.005172237753868103
6010,1,1,-0.07599115371704102
6011,7,1,-0.04362048953771591
6012,4,1,-0.04986011981964111
6013,6,1,-0.005734965205192566
6014,5,0,-0.04449211061000824
6015,0,1,-0.09125220030546188
6016,4,1,-0.004615262150764465
6017,9,1,0.06220461428165436
6018,5,0,-0.024126961827278137
6019,6,1,-0.06917421519756317
6020,6,1,-0.011267587542533875
6021,3,1,-0.03887581080198288
6022,0,1,-0.06102333962917328
6023,5,0,0.011435866355895996
6024,2,1,0.004798457026481628
6025,6,1,0.10811294615268707
6026,3,1,-0.08206713199615479
6027,3,1,-0.06057599186897278
6028,8,1,-0.027335703372955322
6029,0,1,-0.06777656078338623
6030,8,1,-0.013403922319412231
6031,5,0,-0.09774912893772125
6032,4,1,-0.05757132172584534
6033,2,1,-0.023440197110176086
6034,9,1,-0.040358126163482666
6035,5,0,-0.10003955662250519
6036,0,1,0.062088191509246826
6037,5,0,-0.06878356635570526
6038,4,1,-0.07195845246315002
6039,8,1,-0.059291526675224304
6040,2,1,-0.016586050391197205
6041,7,1,-0.042787909507751465
6042,6,1,-0.029660120606422424
6043,5,0,-0.004564210772514343
6044,7,1,-0.029001332819461823
6045,8,1,-0.023915395140647888
6046,2,1,-0.048483677208423615
6047,0,1,-0.06827942281961441
6048,1,1,-0.04155002534389496
6049,8,1,-0.06918530911207199
6050,2,1,-0.009829029440879822
6051,4,1,0.06427699327468872
6052,8,1,-0.08836568892002106
6053,4,1,-0.06559813022613525
6054,3,1,-0.08557823300361633
6055,0,1,0.007959216833114624
6056,4,1,-0.09029752016067505
6057,0,1,0.021833494305610657
6058,1,1,0.01950240135192871
6059,9,1,-0.027977019548416138
6060,3,1,-0.061516404151916504
6061,0,1,-0.09255917370319366
6062,3,1,-0.07885722070932388
6063,6,1,0.055754318833351135
6064,5,0,-0.02389685809612274
6065,5,0,-0.040054433047771454
6066,2,1,-0.05377696454524994
6067,8,1,-0.04803673177957535
6068,5,0,-0.0673661082983017
6069,0,1,-0.047859303653240204
6070,8,1,-0.08966781198978424
6071,7,1,0.06958994269371033
6072,5,0,-0.055796682834625244
6073,2,1,-0.0014267563819885254
6074,4,1,-0.00024305284023284912
6075,3,1,-0.011349678039550781
6076,7,1,0.012249276041984558
6077,0,1,-0.037311896681785583
6078,2,1,0.10554344952106476
6079,3,1,-0.056071579456329346
6080,1,1,0.041580066084861755
6081,0,1,-0.07500894367694855
6082,0,1,0.05362340807914734
6083,2,1,-0.020842164754867554
6084,1,1,-0.02583993971347809
6085,2,1,-0.018880978226661682
6086,1,1,-0.026577740907669067
6087,4,1,-0.023705199360847473
6088,6,1,-0.09829596430063248
6089,7,1,-0.04485328495502472
6090,1,1,-0.015803590416908264
6091,0,1,0.007992252707481384
6092,5,0,-0.0552893728017807
6093,2,1,-0.02538265287876129
6094,5,0,-0.08688540756702423
6095,9,1,-0.06420961022377014
6096,2,1,-0.05386225879192352
6097,5,0,-0.09989200532436371
6098,6,1,0.0010319501161575317
6099,7,1,-0.04282333701848984
6100,1,1,-0.017461225390434265
6101,9,1,-0.04001703858375549
6102,3,1,-0.001188918948173523
6103,6,1,0.0464044064283371
6104,1,1,-0.01129525899887085
6105,0,1,0.25977623462677
6106,2,1,-0.0753544420003891
6107,9,1,-0.07472918927669525
6108,4,1,-0.06076386570930481
6109,2,1,-0.059170693159103394
6110,9,1,-0.038466691970825195
6111,3,1,-0.0330856591463089
6112,8,1,-0.08961889147758484
6113,2,1,-0.04861801117658615
6114,9,1,-0.05774858593940735
6115,8,1,-0.06579402834177017
6116,5,0,-0.06329354643821716
6117,1,1,-0.0004938691854476929
6118,0,1,-0.06676545739173889
6119,1,1,-0.042006008327007294
6120,5,0,-0.042568743228912354
6121,2,1,-0.041376397013664246
6122,5,0,0.00817956030368805
6123,6,1,-0.050443604588508606
6124,8,1,-0.023982182145118713
6125,8,1,-0.03808095306158066
6126,3,1,-0.06044386327266693
6127,5,0,-0.0668240636587143
6128,0,1,0.05886630713939667
6129,4,1,-0.07224096357822418
6130,1,1,-0.040134117007255554
6131,3,1,0.015671506524086
6132,7,1,-0.0649450421333313
6133,0,1,-0.004378944635391235
6134,3,1,0.01333145797252655
6135,3,1,-0.0800914391875267
6136,9,1,-0.08082829415798187
6137,2,1,-0.05244005471467972
6138,3,1,-0.02510194480419159
6139,9,1,-0.032297492027282715
6140,9,1,-0.037043265998363495
6141,8,1,-0.056242458522319794
6142,5,0,-0.0626293495297432
6143,9,1,0.022951707243919373
6144,7,1,-0.046910300850868225
6145,2,1,-0.033471763134002686
6146,0,1,-0.0620587021112442
6147,9,1,-0.05908889323472977
6148,4,1,-0.017262712121009827
6149,7,1,-0.05865111202001572
6150,1,1,-0.03554154932498932
6151,7,1,-0.07924532145261765
6152,6,1,-0.01148347556591034
6153,4,1,-0.023126497864723206
6154,4,1,0.15886755287647247
6155,8,1,-0.05042596161365509
6156,9,1,-0.018564343452453613
6157,0,1,-0.04372718185186386
6158,7,1,0.013689592480659485
6159,1,1,-0.029292955994606018
6160,2,1,-0.05113068222999573
6161,4,1,0.008595302700996399
6162,0,1,0.011500120162963867
6163,3,1,0.017627105116844177
6164,7,1,-0.05213617533445358
6165,5,0,0.07179051637649536
6166,1,1,-0.024594441056251526
6167,9,1,-0.09824221581220627
6168,3,1,0.0038356930017471313
6169,5,0,-0.06632189452648163
6170,2,1,-0.07436922192573547
6171,4,1,0.007330372929573059
6172,1,1,0.0748060941696167
6173,1,1,0.011081382632255554
6174,3,1,-0.02472957968711853
6175,3,1,-0.08669839799404144
6176,9,1,-0.07433919608592987
6177,2,1,-0.09254445135593414
6178,5,0,-0.005590692162513733
6179,8,1,-0.026397809386253357
6180,0,1,-0.10166985541582108
6181,8,1,-0.022486910223960876
6182,1,1,-0.07608792185783386
6183,5,0,-0.060795798897743225
6184,1,1,-0.0862160250544548
6185,5,0,-0.05579322576522827
6186,9,1,-0.07591624557971954
6187,0,1,-0.029764167964458466
6188,9,1,-0.060995914041996
6189,2,1,0.01986582577228546
6190,4,1,-0.004077360033988953
6191,0,1,-0.07583630084991455
6192,6,1,0.11764015257358551
6193,9,1,-0.0527428463101387
6194,1,1,-0.0291617289185524
6195,1,1,-0.04949773848056793
6196,3,1,-0.024083852767944336
6197,4,1,-0.07755530625581741
6198,9,1,-0.05905786156654358
6199,5,0,-0.05744452774524689
6200,3,1,0.07261201739311218
6201,3,1,0.09982867538928986
6202,3,1,-0.09333206713199615
6203,3,1,-0.03421201556921005
6204,4,1,0.010180696845054626
6205,1,1,-0.06928566843271255
6206,5,0,-0.08195612579584122
6207,9,1,-0.027922287583351135
6208,8,1,-0.029315344989299774
6209,7,1,-0.060782767832279205
6210,4,1,-0.009501352906227112
6211,8,1,0.06999664008617401
6212,7,1,-0.016967281699180603
6213,3,1,-0.0711125060915947
6214,5,0,-0.05818144977092743
6215,2,1,-0.01781494915485382
6216,5,0,-0.0333343967795372
6217,8,1,-0.010951563715934753
6218,9,1,0.005904793739318848
6219,7,1,-0.011864140629768372
6220,2,1,-0.07429125905036926
6221,0,1,-0.0010229498147964478
6222,0,1,-0.027831703424453735
6223,7,1,-0.011830955743789673
6224,5,0,-0.06828662753105164
6225,3,1,0.001530677080154419
6226,5,0,-0.052111029624938965
6227,7,1,-0.09617705643177032
6228,4,1,0.008708789944648743
6229,6,1,0.0001700371503829956
6230,2,1,-0.004906505346298218
6231,8,1,-0.023374080657958984
6232,2,1,0.019586041569709778
6233,7,1,-0.03965306282043457
6234,7,1,-0.039446860551834106
6235,6,1,-0.0289786234498024
6236,1,1,-0.06142441928386688
6237,3,1,-0.051573626697063446
6238,8,1,0.08965836465358734
6239,6,1,0.040281087160110474
6240,2,1,0.023177996277809143
6241,0,1,0.025277361273765564
6242,4,1,-0.01647607982158661
6243,4,1,-0.05575805902481079
6244,8,1,-0.043622419238090515
6245,6,1,-0.06370063871145248
6246,4,1,-0.009290501475334167
6247,0,1,0.005799844861030579
6248,2,1,0.04093635082244873
6249,5,0,-0.02956870198249817
6250,4,1,-0.0656256303191185
6251,1,1,-0.02271018922328949
6252,2,1,0.03183774650096893
6253,5,0,-0.00446629524230957
6254,4,1,-0.06320374459028244
6255,6,1,-0.029512375593185425
6256,9,1,-0.05888369679450989
6257,5,0,0.06909319758415222
6258,0,1,-0.0042038410902023315
6259,5,0,0.07787005603313446
6260,2,1,-0.0326261967420578
6261,0,1,-0.053507402539253235
6262,8,1,-0.07070484012365341
6263,2,1,0.0733686238527298
6264,6,1,-0.03862124681472778
6265,4,1,-0.05475561320781708
6266,7,1,-0.07233884930610657
6267,9,1,-0.05167707800865173
6268,5,0,-0.08840090036392212
6269,7,1,-0.06442476063966751
6270,2,1,-0.011273190379142761
6271,6,1,0.012520894408226013
6272,2,1,-0.08428329974412918
6273,1,1,-0.04649043083190918
6274,9,1,0.04612743854522705
6275,9,1,-0.017563477158546448
6276,7,1,-0.024440065026283264
6277,2,1,0.013589859008789062
6278,5,0,-0.02741873264312744
6279,1,1,-0.030872613191604614
6280,8,1,-0.054455824196338654
6281,1,1,-0.07405567169189453
6282,6,1,-0.052762024104595184
6283,3,1,-0.0545596182346344
6284,0,1,-0.014403700828552246
6285,8,1,-0.020849600434303284
6286,8,1,-0.07059542834758759
6287,5,0,-0.09876765310764313
6288,6,1,-0.061153337359428406
6289,9,1,-0.017313405871391296
6290,9,1,-0.035062626004219055
6291,9,1,-0.06631994247436523
6292,6,1,-0.055012211203575134
6293,3,1,-0.010456547141075134
6294,0,1,-0.04258421063423157
6295,8,1,-0.07825596630573273
6296,8,1,-0.07369565963745117
6297,5,0,-0.09561131149530411
6298,3,1,0.027034908533096313
6299,3,1,0.014949068427085876
6300,1,1,0.041596099734306335
6301,1,1,-0.04401790350675583
6302,0,1,-0.028256624937057495
6303,7,1,-0.05855560302734375
6304,0,1,0.028748109936714172
6305,6,1,-0.04873427003622055
6306,0,1,-0.049600981175899506
6307,4,1,-0.031091123819351196
6308,4,1,0.04140661656856537
6309,6,1,0.029252350330352783
6310,5,0,-0.05981522053480148
6311,3,1,-0.019747480750083923
6312,2,1,0.0009276717901229858
6313,9,1,-0.051953501999378204
6314,6,1,0.00510057806968689
6315,6,1,-0.10101862996816635
6316,7,1,-0.07530561834573746
6317,9,1,-0.04682853817939758
6318,7,1,-0.07497145235538483
6319,7,1,-0.03151554614305496
6320,0,1,-0.024144336581230164
6321,8,1,-0.030685126781463623
6322,4,1,-0.016452670097351074
6323,2,1,0.007660046219825745
6324,7,1,-0.020182624459266663
6325,7,1,0.0011381953954696655
6326,7,1,-0.07422620058059692
6327,4,1,-0.06188690662384033
6328,0,1,-0.02561993896961212
6329,1,1,-0.05154837667942047
6330,6,1,0.03995789587497711
6331,0,1,-0.012318313121795654
6332,5,0,-0.03526102006435394
6333,3,1,-0.07841672003269196
6334,0,1,-0.04452057182788849
6335,2,1,-0.03622601926326752
6336,4,1,0.05194580554962158
6337,9,1,-0.06530790030956268
6338,7,1,0.17093510925769806
6339,3,1,-0.01623232662677765
6340,3,1,-0.06637968122959137
6341,2,1,0.038743212819099426
6342,8,1,-0.060695767402648926
6343,8,1,-0.04719332605600357
6344,5,0,-0.0002895444631576538
6345,3,1,-0.008744105696678162
6346,8,1,-0.0822218656539917
6347,0,1,-0.06329965591430664
6348,8,1,-0.05736738443374634
6349,0,1,-0.07543634623289108
6350,0,1,-0.07016177475452423
6351,0,1,-0.06030908226966858
6352,2,1,-0.024146422743797302
6353,2,1,0.05692774057388306
6354,7,1,0.06106416881084442
6355,0,1,-0.0544857531785965
6356,7,1,-0.0032700449228286743
6357,7,1,-0.02453109622001648
6358,7,1,-0.02217698097229004
6359,2,1,-0.023431062698364258
6360,2,1,-0.053074851632118225
6361,0,1,-0.015429094433784485
6362,4,1,-0.08250497281551361
6363,0,1,-0.0523352175951004
6364,3,1,-0.05339287221431732
6365,7,1,0.05498604476451874
6366,8,1,-0.050955504179000854
6367,4,1,0.059431180357933044
6368,7,1,-0.04882057011127472
6369,9,1,0.02795584499835968
6370,6,1,-0.05298183858394623
6371,1,1,0.06614984571933746
6372,1,1,-0.08659829944372177
6373,6,1,-0.042927324771881104
6374,9,1,-0.0870361477136612
6375,3,1,-0.024149730801582336
6376,8,1,-0.01129208505153656
6377,9,1,-0.06673405319452286
6378,5,0,0.013956040143966675
6379,8,1,0.018035605549812317
6380,3,1,-0.012419179081916809
6381,9,1,-0.06421367824077606
6382,4,1,-0.009231820702552795
6383,3,1,-0.0356052964925766
6384,7,1,-0.061256200075149536
6385,5,0,-0.06991162151098251
6386,5,0,-0.03256956487894058
6387,2,1,0.02621375024318695
6388,7,1,-0.02696797251701355
6389,5,0,-0.09777679294347763
6390,7,1,-0.01612238585948944
6391,9,1,0.00915701687335968
6392,6,1,-0.07017390429973602
6393,3,1,-0.040750280022621155
6394,0,1,-0.09115111827850342
6395,8,1,0.05293188989162445
6396,4,1,-0.021713986992836
6397,5,0,-0.043308377265930176
6398,6,1,-0.050623685121536255
6399,1,1,-0.049704983830451965
6400,0,1,-0.08312816917896271
6401,4,1,-0.04281114041805267
6402,8,1,-0.06689529120922089
6403,4,1,0.09021244943141937
6404,7,1,-0.010505422949790955
6405,1,1,0.023107782006263733
6406,3,1,-0.06892643868923187
6407,2,1,-0.05436910688877106
6408,0,1,-0.007326856255531311
6409,9,1,-0.03924943506717682
6410,1,1,-0.03786751627922058
6411,8,1,-0.0587165504693985
6412,8,1,0.10144145786762238
6413,6,1,-0.07038910686969757
6414,8,1,0.08058831095695496
6415,1,1,-0.015800997614860535
6416,7,1,-0.04986526817083359
6417,1,1,0.009913191199302673
6418,0,1,0.17136473953723907
6419,9,1,-0.09514592587947845
6420,7,1,-0.04154449701309204
6421,6,1,-0.05344199389219284
6422,4,1,-0.05240286886692047
6423,5,0,-0.0038140416145324707
6424,8,1,0.010762378573417664
6425,2,1,0.025013327598571777
6426,1,1,0.01811620593070984
6427,2,1,-0.05179302394390106
6428,5,0,-0.038051605224609375
6429,8,1,-0.06619486212730408
6430,1,1,0.028576061129570007
6431,1,1,0.04579462110996246
6432,8,1,-0.0659639909863472
6433,8,1,-0.021962717175483704
6434,0,1,-0.060969278216362
6435,9,1,0.0639222264289856
6436,0,1,-0.08648154139518738
6437,0,1,0.23746521770954132
6438,4,1,-0.008118793368339539
6439,3,1,-0.03406071662902832
6440,3,1,-0.08604826033115387
6441,5,0,-0.09630703181028366
6442,6,1,-0.08852308988571167
6443,6,1,-0.024491652846336365
6444,3,1,-0.04347112774848938
6445,1,1,0.013482287526130676
6446,4,1,0.017005696892738342
6447,4,1,-0.09073346853256226
6448,7,1,-0.012240827083587646
6449,8,1,0.03314943611621857
6450,0,1,0.17808832228183746
6451,1,1,0.0007049590349197388
6452,4,1,-0.0609835684299469
6453,8,1,-0.05363307148218155
6454,4,1,0.01111803948879242
6455,6,1,-0.09372522681951523
6456,2,1,-0.051340751349925995
6457,2,1,-0.053322724997997284
6458,2,1,0.01789584755897522
6459,6,1,0.010357692837715149
6460,3,1,-0.0934605598449707
6461,4,1,-0.10893556475639343
6462,0,1,0.021840587258338928
6463,8,1,-0.01311330497264862
6464,1,1,-0.06425603479146957
6465,3,1,-0.03795343637466431
6466,8,1,-0.019391760230064392
6467,3,1,-0.048753343522548676
6468,8,1,-0.08123911172151566
6469,9,1,0.07886476814746857
6470,1,1,-0.05049432814121246
6471,6,1,-0.0521194189786911
6472,1,1,-0.05380307137966156
6473,9,1,-0.05269087105989456
6474,8,1,-0.050941452383995056
6475,2,1,-0.07836213707923889
6476,0,1,-0.040851324796676636
6477,4,1,0.007753267884254456
6478,7,1,-0.02498866617679596
6479,4,1,-0.0913451611995697
6480,0,1,0.06829825043678284
6481,0,1,0.20336033403873444
6482,7,1,-0.03207533061504364
6483,6,1,-0.06973754614591599
6484,8,1,-0.0700473040342331
6485,9,1,-0.07356603443622589
6486,8,1,-0.022858262062072754
6487,6,1,-0.03370705246925354
6488,2,1,-0.07653599977493286
6489,8,1,-0.07100198417901993
6490,8,1,-0.032358452677726746
6491,0,1,-0.040217652916908264
6492,1,1,-0.017276600003242493
6493,1,1,-0.004257470369338989
6494,0,1,-0.05737830698490143
6495,7,1,-0.05943329632282257
6496,7,1,-0.025514379143714905
6497,4,1,-0.03912965953350067
6498,4,1,-0.06610430032014847
6499,7,1,-0.075592540204525
6500,7,1,0.002144739031791687
6501,2,1,-0.04083264619112015
6502,6,1,-0.08391787111759186
6503,6,1,-0.048619344830513
6504,7,1,-0.041808366775512695
6505,4,1,0.0004644244909286499
6506,5,0,-0.05043487250804901
6507,4,1,-0.07645407319068909
6508,0,1,-0.012661993503570557
6509,9,1,-0.009154662489891052
6510,4,1,-0.048204727470874786
6511,7,1,-0.021937832236289978
6512,2,1,-0.10571494698524475
6513,5,0,0.026614099740982056
6514,3,1,-0.04160863906145096
6515,2,1,-0.07000179588794708
6516,2,1,0.03450983762741089
6517,7,1,-0.07376240193843842
6518,6,1,-0.0026355981826782227
6519,2,1,-0.028041034936904907
6520,6,1,-0.042713649570941925
6521,4,1,-0.08693185448646545
6522,9,1,0.03993403911590576
6523,6,1,0.009480729699134827
6524,8,1,-0.030389070510864258
6525,3,1,-0.03191155195236206
6526,8,1,-0.04504845291376114
6527,5,0,-0.08997473120689392
6528,5,0,-0.01606525480747223
6529,2,1,-0.02873772382736206
6530,3,1,-0.05933821201324463
6531,4,1,-0.07094135135412216
6532,5,0,-0.004814043641090393
6533,2,1,-0.10925024747848511
6534,7,1,0.010536253452301025
6535,5,0,-0.017243310809135437
6536,1,1,-0.03480536490678787
6537,5,0,-0.06730112433433533
6538,3,1,-0.09045352786779404
6539,7,1,-0.015869244933128357
6540,8,1,-0.08104848861694336
6541,8,1,0.02770140767097473
6542,9,1,-0.04850593954324722
6543,6,1,-0.08118211477994919
6544,0,1,-0.061479173600673676
6545,9,1,-0.057049185037612915
6546,2,1,0.06184190511703491
6547,6,1,-0.05925562232732773
6548,0,1,0.19247372448444366
6549,0,1,0.6693171262741089
6550,1,1,0.06197485327720642
6551,4,1,0.007951363921165466
6552,1,1,-0.07640771567821503
6553,3,1,-0.031590960919857025
6554,5,0,-0.07157780230045319
6555,1,1,0.0007983148097991943
6556,8,1,-0.018862038850784302
6557,9,1,-0.05370573699474335
6558,6,1,-0.04357001930475235
6559,2,1,-0.06376750022172928
6560,6,1,-0.0703829675912857
6561,9,1,-0.08910800516605377
6562,5,0,-0.08926498889923096
6563,6,1,-0.060756534337997437
6564,5,0,-0.05810460448265076
6565,9,1,-0.04984867572784424
6566,1,1,-0.04011505842208862
6567,4,1,0.011137440800666809
6568,2,1,-0.07466451823711395
6569,8,1,0.0827849805355072
6570,9,1,0.0076311081647872925
6571,5,0,-0.0510503351688385
6572,4,1,-0.05314686894416809
6573,7,1,-0.07291221618652344
6574,0,1,-0.03136472404003143
6575,3,1,-0.09421045333147049
6576,7,1,-0.05149075388908386
6577,1,1,-0.041608989238739014
6578,6,1,-0.03864361345767975
6579,9,1,0.06629177927970886
6580,1,1,-0.02525825798511505
6581,1,1,0.0013830214738845825
6582,4,1,-0.009251654148101807
6583,0,1,0.031501755118370056
6584,5,0,-0.041262879967689514
6585,1,1,0.05462269484996796
6586,6,1,-0.07578617334365845
6587,3,1,0.04922577738761902
6588,0,1,-0.047617971897125244
6589,2,1,-0.07241068035364151
6590,5,0,-0.045527175068855286
6591,5,0,-0.0462101548910141
6592,5,0,-0.033033937215805054
6593,2,1,-0.06399024277925491
6594,8,1,-0.040826886892318726
6595,2,1,-0.022447749972343445
6596,3,1,-0.021337315440177917
6597,1,1,0.051403120160102844
6598,6,1,-0.08198162168264389
6599,2,1,-0.07631191611289978
6600,7,1,-0.06557000428438187
6601,0,1,-0.04024986922740936
6602,8,1,-0.07816195487976074
6603,9,1,-0.03079034388065338
6604,2,1,-0.011418983340263367
6605,6,1,-0.07588640600442886
6606,4,1,0.0023731738328933716
6607,7,1,-0.006724312901496887
6608,5,0,0.016364291310310364
6609,5,0,-0.06738878041505814
6610,8,1,-0.05621147155761719
6611,8,1,-0.06737004220485687
6612,7,1,-0.08480938524007797
6613,8,1,-0.048089563846588135
6614,5,0,-0.05525806546211243
6615,7,1,-0.07362593710422516
6616,4,1,-0.027078114449977875
6617,4,1,-0.07829543948173523
6618,0,1,-0.04683695733547211
6619,0,1,-0.03864767402410507
6620,7,1,-0.07845760881900787
6621,0,1,0.13106264173984528
6622,4,1,-0.05805693566799164
6623,0,1,-0.05330619961023331
6624,4,1,0.0014570653438568115
6625,4,1,-0.019956186413764954
6626,2,1,-0.05046413838863373
6627,5,0,0.02779136598110199
6628,4,1,-0.07147887349128723
6629,0,1,0.018254950642585754
6630,7,1,0.008021131157875061
6631,7,1,-0.07582662999629974
6632,7,1,-0.03275744616985321
6633,0,1,0.13931836187839508
6634,4,1,-0.04980078339576721
6635,6,1,-0.07907308638095856
6636,2,1,-0.06352899968624115
6637,9,1,-0.04556736350059509
6638,1,1,0.027358099818229675
6639,1,1,-0.07145325094461441
6640,5,0,-0.05097518116235733
6641,0,1,-0.1045909970998764
6642,9,1,-0.0199691504240036
6643,1,1,-0.06643803417682648
6644,0,1,0.022307857871055603
6645,6,1,-0.023985102772712708
6646,5,0,0.021853730082511902
6647,3,1,-0.038337886333465576
6648,0,1,-0.06935407221317291
6649,9,1,-0.04042043536901474
6650,0,1,-0.05900588631629944
6651,6,1,0.019994214177131653
6652,2,1,-0.06393980979919434
6653,0,1,0.2604578733444214
6654,4,1,-0.02129925787448883
6655,1,1,-0.03217621147632599
6656,6,1,-0.1082058995962143
6657,7,1,-0.013216003775596619
6658,6,1,-0.10388408601284027
6659,1,1,-0.026326969265937805
6660,0,1,-0.04113733768463135
6661,4,1,-0.044223323464393616
6662,6,1,-0.011239156126976013
6663,0,1,-0.014279112219810486
6664,4,1,-0.06676074862480164
6665,4,1,0.14671547710895538
6666,2,1,-0.07874110341072083
6667,7,1,-0.056344836950302124
6668,6,1,-0.04106546938419342
6669,5,0,-0.06716033816337585
6670,3,1,-0.03942936658859253
6671,5,0,-0.04619009792804718
6672,9,1,-0.00045321881771087646
6673,4,1,0.07843506336212158
6674,5,0,-0.011160269379615784
6675,2,1,-0.05942399799823761
6676,0,1,-0.023702874779701233
6677,5,0,0.0726512223482132
6678,7,1,-0.07766473293304443
6679,2,1,-0.024913862347602844
6680,3,1,-0.056520022451877594
6681,9,1,-0.07837578654289246
6682,4,1,-0.0195663720369339
6683,5,0,-0.08248426765203476
6684,8,1,-0.0772116482257843
6685,1,1,-0.037572309374809265
6686,9,1,-0.058099113404750824
6687,3,1,0.031781092286109924
6688,1,1,0.004307597875595093
6689,8,1,0.00457116961479187
6690,5,0,0.037664249539375305
6691,8,1,-0.020713642239570618
6692,6,1,0.10635437071323395
6693,6,1,0.04539957642555237
6694,3,1,-0.007734015583992004
6695,4,1,-0.03317532688379288
6696,0,1,0.0750122219324112
6697,2,1,-0.05153883993625641
6698,3,1,0.020639970898628235
6699,2,1,-0.08277300745248795
6700,6,1,0.025189146399497986
6701,1,1,0.04396839439868927
6702,8,1,-0.06908538937568665
6703,2,1,-0.043251313269138336
6704,1,1,-0.06273733079433441
6705,3,1,-0.014889761805534363
6706,6,1,-0.07095327973365784
6707,2,1,0.06266744434833527
6708,2,1,-0.014151856303215027
6709,3,1,-0.0715203583240509
6710,3,1,0.029114842414855957
6711,5,0,-0.06822297722101212
6712,0,1,0.0955844521522522
6713,2,1,0.016498878598213196
6714,1,1,-0.0624009370803833
6715,2,1,0.009342148900032043
6716,8,1,-0.0691358745098114
6717,0,1,-0.044422447681427
6718,8,1,-0.03985360264778137
6719,2,1,0.029191911220550537
6720,2,1,-0.09101449698209763
6721,7,1,-0.06841053068637848
6722,3,1,-0.04276576638221741
6723,5,0,-0.06285689771175385
6724,9,1,-0.09570571780204773
6725,8,1,-0.057293497025966644
6726,3,1,-0.027473315596580505
6727,6,1,0.006736397743225098
6728,1,1,-0.011203572154045105
6729,0,1,-0.05136843025684357
6730,8,1,-0.017911091446876526
6731,6,1,0.013855338096618652
6732,3,1,-0.09833148121833801
6733,5,0,-0.08970895409584045
6734,8,1,-0.05182315409183502
6735,9,1,-0.03629666566848755
6736,4,1,-0.07377798855304718
6737,8,1,-0.02815648913383484
6738,0,1,-0.07172664999961853
6739,0,1,0.0025608837604522705
6740,2,1,-0.061342753469944
6741,9,1,-0.05233486741781235
6742,1,1,-0.011851325631141663
6743,8,1,-0.06828583776950836
6744,3,1,-0.06754231452941895
6745,7,1,-0.00832529366016388
6746,2,1,-0.031555235385894775
6747,8,1,-0.05369575321674347
6748,0,1,-0.035020604729652405
6749,9,1,-0.037758439779281616
6750,4,1,-0.05810388922691345
6751,8,1,0.01560385525226593
6752,9,1,-0.08642667531967163
6753,4,1,-0.007440492510795593
6754,8,1,-0.07507535815238953
6755,9,1,-0.019303545355796814
6756,5,0,-0.055542029440402985
6757,4,1,-0.03928793966770172
6758,8,1,0.12208797037601471
6759,1,1,-0.06630238890647888
6760,5,0,-0.03968819975852966
6761,5,0,-0.06101956218481064
6762,7,1,-0.06230119615793228
6763,2,1,-0.07511717081069946
6764,5,0,-0.08518902957439423
6765,8,1,0.0003309398889541626
6766,8,1,-0.006083846092224121
6767,1,1,0.02437034249305725
6768,2,1,-0.06763099879026413
6769,3,1,-0.06078636646270752
6770,1,1,-0.003880426287651062
6771,5,0,-0.052979640662670135
6772,0,1,-0.04905003309249878
6773,2,1,-0.04786450415849686
6774,3,1,0.0048370808362960815
6775,0,1,0.004513382911682129
6776,8,1,-0.04109939932823181
6777,2,1,-0.03088369220495224
6778,2,1,-0.048652902245521545
6779,8,1,0.008916869759559631
6780,7,1,-0.038156405091285706
6781,3,1,-0.04295382648706436
6782,5,0,-0.0033440738916397095
6783,3,1,-0.0191534161567688
6784,9,1,-0.06995365023612976
6785,6,1,0.02695317566394806
6786,3,1,-0.02212478220462799
6787,5,0,-0.0583377406001091
6788,1,1,0.03769347071647644
6789,1,1,-0.044386208057403564
6790,7,1,-0.04756765812635422
6791,7,1,-0.06770677864551544
6792,3,1,-0.061067432165145874
6793,3,1,-0.09850504994392395
6794,8,1,-0.02563934028148651
6795,9,1,-0.024713143706321716
6796,6,1,-0.014478638768196106
6797,0,1,-0.07163316011428833
6798,8,1,-0.08185836672782898
6799,0,1,-0.010142222046852112
6800,6,1,0.03709261119365692
6801,6,1,0.028224393725395203
6802,4,1,-0.08438640832901001
6803,6,1,0.0056592971086502075
6804,9,1,-0.0513608455657959
6805,1,1,0.05824914574623108
6806,1,1,-0.04215282201766968
6807,7,1,-0.05064420402050018
6808,0,1,0.03464247286319733
6809,6,1,0.02241756021976471
6810,8,1,0.04374043643474579
6811,9,1,0.040646955370903015
6812,0,1,-0.004276350140571594
6813,6,1,-0.01613941788673401
6814,9,1,0.04132114350795746
6815,0,1,-0.07195986807346344
6816,1,1,0.05232533812522888
6817,1,1,-0.0005638301372528076
6818,7,1,-0.031161613762378693
6819,2,1,0.025228500366210938
6820,1,1,0.007568344473838806
6821,0,1,-0.03192242980003357
6822,4,1,-0.04213767498731613
6823,5,0,-0.026239752769470215
6824,0,1,-0.05976743996143341
6825,3,1,-0.02177366614341736
6826,6,1,0.04361855983734131
6827,3,1,-0.04767116159200668
6828,3,1,-0.05294996500015259
6829,8,1,-0.09627983719110489
6830,1,1,-0.016653597354888916
6831,8,1,-0.08303067088127136
6832,1,1,-0.05326308310031891
6833,3,1,-0.022437050938606262
6834,1,1,-0.05854322761297226
6835,5,0,-0.03806007653474808
6836,4,1,-0.03522314131259918
6837,5,0,-0.01760213077068329
6838,1,1,0.02713601291179657
6839,8,1,-0.018805474042892456
6840,9,1,0.04384557902812958
6841,1,1,-0.019950971007347107
6842,3,1,0.039323657751083374
6843,1,1,-0.048310503363609314
6844,7,1,0.029874250292778015
6845,2,1,0.0033853501081466675
6846,9,1,-0.051806315779685974
6847,8,1,-0.05254484713077545
6848,9,1,-0.08040162920951843
6849,4,1,-0.025373056530952454
6850,6,1,0.052897870540618896
6851,0,1,-0.018023908138275146
6852,9,1,-0.06454361975193024
6853,4,1,-0.08044257014989853
6854,0,1,0.016090556979179382
6855,4,1,-0.07051819562911987
6856,6,1,-0.08725999295711517
6857,2,1,-0.03304075449705124
6858,1,1,-0.020892009139060974
6859,3,1,0.034791603684425354
6860,0,1,0.06933280825614929
6861,8,1,0.003770887851715088
6862,5,0,-0.046492382884025574
6863,6,1,-0.010843947529792786
6864,0,1,-0.013696342706680298
6865,3,1,-0.08019440621137619
6866,4,1,-0.075245201587677
6867,6,1,-0.017816931009292603
6868,9,1,0.06284211575984955
6869,5,0,0.00015832483768463135
6870,7,1,-0.004933267831802368
6871,9,1,-0.03139345347881317
6872,0,1,-0.0681738406419754
6873,3,1,-0.061833977699279785
6874,6,1,-0.04598376154899597
6875,5,0,-0.06348065286874771
6876,7,1,0.04313574731349945
6877,0,1,-0.060492753982543945
6878,5,0,-0.08207733929157257
6879,1,1,0.06139959394931793
6880,2,1,-0.0015297085046768188
6881,2,1,-0.10117557644844055
6882,9,1,-0.07387512922286987
6883,7,1,-0.06854718923568726
6884,0,1,-0.05017698556184769
6885,0,1,0.03579200804233551
6886,1,1,-0.06194543093442917
6887,4,1,0.004440799355506897
6888,4,1,-0.05130935460329056
6889,5,0,-0.013453662395477295
6890,5,0,0.02530522644519806
6891,9,1,0.003919884562492371
6892,6,1,-0.09711545705795288
6893,3,1,-0.03993836045265198
6894,6,1,-0.017688825726509094
6895,2,1,-0.05897492170333862
6896,6,1,-0.06135106086730957
6897,9,1,-0.03753460943698883
6898,3,1,0.004644230008125305
6899,2,1,-0.07102833688259125
6900,3,1,-0.014441624283790588
6901,2,1,-0.06764592230319977
6902,4,1,-0.06437766551971436
6903,9,1,-0.05808325856924057
6904,5,0,-0.07136379927396774
6905,2,1,0.09219609200954437
6906,1,1,0.003246799111366272
6907,6,1,-0.018473848700523376
6908,6,1,0.014083340764045715
6909,4,1,0.03713454306125641
6910,7,1,-0.09039030224084854
6911,6,1,0.010471329092979431
6912,3,1,-0.08785760402679443
6913,3,1,-0.03467200696468353
6914,8,1,0.08891956508159637
6915,1,1,-0.06396061927080154
6916,4,1,-0.024699196219444275
6917,6,1,0.054941385984420776
6918,4,1,-0.06420370191335678
6919,4,1,-0.014701038599014282
6920,5,0,-0.05822800099849701
6921,6,1,-0.004105418920516968
6922,2,1,-0.04237140715122223
6923,0,1,0.034855619072914124
6924,5,0,-0.03801324963569641
6925,2,1,0.019931599497795105
6926,7,1,-0.04826340824365616
6927,5,0,-0.06984752416610718
6928,2,1,0.00747893750667572
6929,5,0,-0.06843158602714539
6930,2,1,-0.01675449311733246
6931,5,0,-0.06632176041603088
6932,9,1,-0.048234790563583374
6933,0,1,-0.017052248120307922
6934,6,1,-0.011924788355827332
6935,7,1,-0.015019014477729797
6936,9,1,-0.024923056364059448
6937,8,1,0.059562548995018005
6938,3,1,-0.021892711520195007
6939,2,1,0.04891136288642883
6940,1,1,-0.02400517463684082
6941,4,1,0.040886178612709045
6942,3,1,-0.09062953293323517
6943,4,1,-0.05598194897174835
6944,5,0,-0.05167853832244873
6945,5,0,-0.04874423146247864
6946,6,1,-0.035773731768131256
6947,8,1,-0.06065157800912857
6948,6,1,-0.0240047425031662
6949,0,1,0.11246638000011444
6950,8,1,0.12817998230457306
6951,9,1,0.021262407302856445
6952,8,1,-0.037602268159389496
6953,0,1,-0.06723315268754959
6954,7,1,-0.05090595781803131
6955,7,1,0.018422290682792664
6956,6,1,-0.009130850434303284
6957,6,1,-0.07294825464487076
6958,7,1,-0.027916215360164642
6959,5,0,-0.030794262886047363
6960,9,1,-0.028072312474250793
6961,8,1,-0.062009528279304504
6962,7,1,-0.056388676166534424
6963,9,1,-0.027107656002044678
6964,5,0,-0.0674314945936203
6965,6,1,-0.08146964013576508
6966,0,1,-0.06905197352170944
6967,4,1,-0.044922247529029846
6968,8,1,-0.07588820159435272
6969,2,1,-0.0489659458398819
6970,0,1,0.5826499462127686
6971,9,1,-0.029534675180912018
6972,1,1,-0.057268254458904266
6973,3,1,-0.0741063803434372
6974,9,1,-0.052771829068660736
6975,8,1,-0.029426656663417816
6976,3,1,0.026012390851974487
6977,7,1,-0.039581820368766785
6978,4,1,-0.09098248183727264
6979,5,0,-0.005778416991233826
6980,0,1,-0.06601805239915848
6981,2,1,-0.05840117484331131
6982,1,1,0.03642190992832184
6983,9,1,-0.018780961632728577
6984,1,1,-0.020901009440422058
6985,0,1,0.0020850151777267456
6986,5,0,-0.055953413248062134
6987,8,1,0.10686863958835602
6988,4,1,-0.06603985279798508
6989,7,1,-0.021094828844070435
6990,3,1,-0.06107492744922638
6991,1,1,-0.011774435639381409
6992,4,1,0.02260047197341919
6993,5,0,-0.06347998976707458
6994,3,1,-0.06207986921072006
6995,1,1,-0.02299995720386505
6996,0,1,-0.011985540390014648
6997,8,1,0.044166699051856995
6998,8,1,-0.017876997590065002
6999,8,1,-0.06868384033441544
7000,2,1,-0.053180791437625885
7001,1,1,-0.039429403841495514
7002,3,1,-0.03939667344093323
7003,7,1,-0.048110514879226685
7004,3,1,-0.0013564079999923706
7005,1,1,0.006668031215667725
7006,6,1,-0.04238845407962799
7007,9,1,0.015650644898414612
7008,1,1,0.20266003906726837
7009,6,1,-0.04175310581922531
7010,0,1,-0.036451876163482666
7011,7,1,-0.07732588797807693
7012,7,1,-0.047646909952163696
7013,1,1,-0.045869216322898865
7014,3,1,-0.04284349083900452
7015,3,1,-0.048308566212654114
7016,3,1,-0.07656585425138474
7017,1,1,-0.050241634249687195
7018,0,1,0.04142597317695618
7019,2,1,-0.04112665355205536
7020,7,1,-0.021671950817108154
7021,1,1,-0.024295374751091003
7022,2,1,0.6821973919868469
7023,2,1,0.7496204376220703
7024,9,1,0.045450881123542786
7025,6,1,0.13791634142398834
7026,3,1,-0.017868682742118835
7027,5,0,-0.04602041095495224
7028,9,1,-0.011616840958595276
7029,4,1,-0.0062453895807266235
7030,8,1,-0.06559735536575317
7031,0,1,0.014116957783699036
7032,4,1,-0.07215836644172668
7033,8,1,-0.06924573332071304
7034,0,1,0.08740858733654022
7035,1,1,-0.049415528774261475
7036,3,1,-0.010166600346565247
7037,7,1,-0.07201650738716125
7038,0,1,-0.06329146027565002
7039,4,1,0.023990467190742493
7040,7,1,-0.08312246948480606
7041,4,1,-0.0631268173456192
7042,8,1,0.06281225383281708
7043,6,1,-0.012983977794647217
7044,4,1,-0.025405824184417725
7045,3,1,-0.010925889015197754
7046,9,1,-0.0547993928194046
7047,8,1,0.1052410751581192
7048,2,1,-0.08481226861476898
7049,2,1,0.005434796214103699
7050,8,1,-0.024149581789970398
7051,3,1,-0.032241061329841614
7052,1,1,-0.02573053538799286
7053,1,1,-0.040370628237724304
7054,2,1,-0.00612051784992218
7055,8,1,-0.008730486035346985
7056,2,1,0.0010680705308914185
7057,6,1,-0.01784491539001465
7058,9,1,-0.025079205632209778
7059,4,1,-0.03856152296066284
7060,8,1,-0.020145893096923828
7061,4,1,0.027331024408340454
7062,4,1,0.0017336159944534302
7063,1,1,-0.047216057777404785
7064,5,0,0.07405036687850952
7065,2,1,0.04002217948436737
7066,6,1,-0.011592820286750793
7067,9,1,-0.06165929138660431
7068,2,1,0.03207297623157501
7069,0,1,-0.01996941864490509
7070,7,1,-0.07273238152265549
7071,1,1,-0.04312649369239807
7072,8,1,0.15924276411533356
7073,9,1,-0.06573749333620071
7074,3,1,0.1096092015504837
7075,9,1,0.004118725657463074
7076,9,1,-0.05506826192140579
7077,0,1,8.647143840789795e-05
7078,7,1,-0.03953833132982254
7079,7,1,-0.01762579381465912
7080,5,0,-0.016008391976356506
7081,4,1,-0.024307474493980408
7082,2,1,-0.08252766728401184
7083,6,1,-0.0436386838555336
7084,4,1,-0.04311647266149521
7085,5,0,-0.024837687611579895
7086,7,1,-0.05465622991323471
7087,7,1,-0.07366885244846344
7088,8,1,-0.055848151445388794
7089,7,1,0.04241384565830231
7090,2,1,-0.018524497747421265
7091,6,1,-0.023931682109832764
7092,2,1,-0.03407976031303406
7093,2,1,-0.06515434384346008
7094,4,1,-0.1070580929517746
7095,4,1,0.07647384703159332
7096,0,1,0.04189009964466095
7097,7,1,-0.08061142265796661
7098,1,1,-0.05160965025424957
7099,3,1,-0.08277788758277893
7100,9,1,-0.06909380108118057
7101,6,1,-0.022929519414901733
7102,0,1,-0.054406434297561646
7103,0,1,-0.07006838172674179
7104,2,1,0.021152302622795105
7105,3,1,0.19704248011112213
7106,8,1,-0.045316293835639954
7107,2,1,0.04767797887325287
7108,2,1,-0.02597002685070038
7109,4,1,0.005159422755241394
7110,3,1,-0.05092202126979828
7111,5,0,-0.0770704448223114
7112,2,1,0.007962226867675781
7113,9,1,0.03369539976119995
7114,1,1,-0.04881492257118225
7115,0,1,-0.0568237379193306
7116,0,1,0.004296258091926575
7117,6,1,-0.06322387605905533
7118,5,0,-0.09932303428649902
7119,5,0,-0.0066554248332977295
7120,7,1,-0.04598509520292282
7121,9,1,-0.021644800901412964
7122,9,1,-0.016758039593696594
7123,6,1,-0.04914984107017517
7124,5,0,-0.014977782964706421
7125,5,0,-0.05693042278289795
7126,0,1,-0.053303249180316925
7127,5,0,-0.056398481130599976
7128,7,1,-0.07230088114738464
7129,1,1,-0.020414873957633972
7130,6,1,-0.012714475393295288
7131,6,1,0.0075242966413497925
7132,4,1,-0.06964285671710968
7133,1,1,-0.026039808988571167
7134,4,1,-0.010171875357627869
7135,4,1,-0.01665395498275757
7136,1,1,-0.009954705834388733
7137,5,0,-0.0548134371638298
7138,0,1,-0.08553767204284668
7139,0,1,-0.05147106200456619
7140,4,1,-0.049959033727645874
7141,5,0,-0.10270022600889206
7142,8,1,-0.01898697018623352
7143,4,1,-0.041722021996974945
7144,8,1,-0.02374039590358734
7145,3,1,-0.0697622299194336
7146,0,1,-0.09614527970552444
7147,5,0,-0.01880808174610138
7148,0,1,-0.008597984910011292
7149,5,0,-0.046017736196517944
7150,3,1,0.11906935274600983
7151,1,1,-0.08052948862314224
7152,6,1,-0.04736979305744171
7153,7,1,-0.06995341181755066
7154,0,1,-0.023445025086402893
7155,9,1,0.004255503416061401
7156,1,1,-0.01362203061580658
7157,5,0,-0.024094954133033752
7158,7,1,-0.01190154254436493
7159,6,1,-0.0440572127699852
7160,5,0,-0.058984920382499695
7161,5,0,-0.029230013489723206
7162,5,0,-0.04503481835126877
7163,6,1,-0.07853513211011887
7164,0,1,0.01897306740283966
7165,0,1,0.05742202699184418
7166,1,1,-0.013876453042030334
7167,7,1,0.00043477118015289307
7168,5,0,-0.023914769291877747
7169,1,1,0.014936551451683044
7170,9,1,-0.07067284733057022
7171,2,1,-0.08636310696601868
7172,4,1,0.03353261947631836
7173,1,1,-0.07777281105518341
7174,3,1,-0.04087243974208832
7175,7,1,-0.021350041031837463
7176,8,1,-0.07337779551744461
7177,2,1,0.11885713040828705
7178,0,1,-0.06445960700511932
7179,9,1,-0.023587718605995178
7180,6,1,-0.05337539315223694
7181,6,1,-0.014032706618309021
7182,0,1,-0.024928689002990723
7183,6,1,-0.00993339717388153
7184,5,0,-0.036462120711803436
7185,8,1,-0.04785794019699097
7186,2,1,-0.07570725679397583
7187,7,1,-0.07908265292644501
7188,4,1,-0.023874595761299133
7189,0,1,-0.09412457048892975
7190,2,1,-0.057751499116420746
7191,7,1,-0.08696605265140533
7192,7,1,-0.07194766402244568
7193,8,1,-0.014560028910636902
7194,8,1,-0.05730845779180527
7195,7,1,0.00637604296207428
7196,0,1,0.025600701570510864
7197,4,1,-0.051315754652023315
7198,9,1,0.003958657383918762
7199,1,1,-0.04419317841529846
7200,4,1,-0.056179359555244446
7201,4,1,0.07526779174804688
7202,3,1,-0.08833309262990952
7203,5,0,-0.018317073583602905
7204,4,1,-0.026786044239997864
7205,6,1,0.0017143189907073975
7206,2,1,-0.06588339060544968
7207,3,1,-0.07743629813194275
7208,1,1,-0.0565478652715683
7209,0,1,0.2565290331840515
7210,3,1,-0.07391277700662613
7211,3,1,-0.08196154236793518
7212,3,1,0.01078052818775177
7213,6,1,-0.03575065732002258
7214,3,1,-0.034322284162044525
7215,1,1,-0.0478300005197525
7216,2,1,-0.0439930260181427
7217,8,1,-0.028271540999412537
7218,9,1,-0.052524782717227936
7219,7,1,-0.07332205772399902
7220,9,1,-0.023466244339942932
7221,3,1,-0.08578397333621979
7222,8,1,0.20039613544940948
7223,7,1,-0.014019116759300232
7224,3,1,-0.0783669576048851
7225,1,1,-0.016596809029579163
7226,7,1,-0.05784384906291962
7227,7,1,-0.009165450930595398
7228,3,1,-0.04369358718395233
7229,2,1,-0.03917499631643295
7230,2,1,0.03421495854854584
7231,8,1,-0.054739706218242645
7232,9,1,0.023482680320739746
7233,5,0,-0.05374652147293091
7234,9,1,-0.04695087671279907
7235,2,1,-0.039384759962558746
7236,1,1,-0.002732321619987488
7237,7,1,-0.08569611608982086
7238,4,1,-0.04470718652009964
7239,4,1,0.05027593672275543
7240,0,1,-0.05095343291759491
7241,5,0,-0.060939207673072815
7242,7,1,0.01688303053379059
7243,1,1,0.04462189972400665
7244,5,0,-0.07798302918672562
7245,4,1,-0.06467319279909134
7246,0,1,-0.010677739977836609
7247,8,1,-0.042360901832580566
7248,4,1,-0.08301962912082672
7249,9,1,-0.07316657900810242
7250,8,1,-0.07261891663074493
7251,7,1,-0.05568738281726837
7252,8,1,-0.0721110850572586
7253,4,1,-0.08010294288396835
7254,2,1,-0.08219759911298752
7255,3,1,-0.10117338597774506
7256,4,1,-0.09388726204633713
7257,0,1,-0.06523829698562622
7258,5,0,-0.03173796832561493
7259,4,1,-0.0036356300115585327
7260,1,1,-0.06634632498025894
7261,8,1,0.028862938284873962
7262,2,1,-0.003941044211387634
7263,5,0,0.0046263188123703
7264,4,1,0.003414258360862732
7265,5,0,-0.0035246163606643677
7266,2,1,0.009466812014579773
7267,5,0,-0.0859965905547142
7268,3,1,-0.04684929549694061
7269,7,1,-0.03746888041496277
7270,9,1,-0.01418788731098175
7271,7,1,-0.009841486811637878
7272,1,1,0.05070362985134125
7273,4,1,0.024255290627479553
7274,1,1,-0.07280002534389496
7275,3,1,-0.07022176682949066
7276,1,1,-0.03142204135656357
7277,4,1,-0.0449615940451622
7278,5,0,-0.07707453519105911
7279,5,0,-0.07445770502090454
7280,1,1,-0.05046240985393524
7281,7,1,0.04870562255382538
7282,1,1,-0.039871424436569214
7283,3,1,-0.016976073384284973
7284,0,1,-0.011111840605735779
7285,1,1,-0.057805612683296204
7286,2,1,-0.032302916049957275
7287,5,0,-0.042196422815322876
7288,7,1,-0.016854092478752136
7289,0,1,0.18453945219516754
7290,6,1,-0.0630355030298233
7291,3,1,-0.06622538715600967
7292,5,0,-0.095360666513443
7293,7,1,0.04793868958950043
7294,5,0,-0.03568929433822632
7295,5,0,-0.06393895298242569
7296,8,1,-0.08362150192260742
7297,9,1,-0.009834274649620056
7298,4,1,-0.055080048739910126
7299,6,1,-0.02478472888469696
7300,3,1,-0.025734439492225647
7301,6,1,0.019911542534828186
7302,6,1,-0.0647442415356636
7303,8,1,0.08228544890880585
7304,2,1,-0.08213493227958679
7305,6,1,-0.0886908769607544
7306,4,1,0.005901217460632324
7307,8,1,0.038512006402015686
7308,4,1,-0.0194481760263443
7309,1,1,-0.05135899782180786
7310,3,1,-0.016201630234718323
7311,1,1,-0.0870707705616951
7312,2,1,-0.03180278092622757
7313,3,1,-0.11416822671890259
7314,3,1,-0.01951475441455841
7315,0,1,-0.04470525681972504
7316,1,1,-0.0875423327088356
7317,6,1,-0.07847636193037033
7318,4,1,-0.02073630690574646
7319,2,1,-0.06822311878204346
7320,8,1,-0.06532087177038193
7321,2,1,0.05889792740345001
7322,4,1,-0.08166804909706116
7323,3,1,-0.07227601855993271
7324,1,1,-0.02520480751991272
7325,4,1,-0.03945904225111008
7326,4,1,-0.02768087387084961
7327,4,1,-0.06511262059211731
7328,4,1,-0.0049303025007247925
7329,1,1,0.003353521227836609
7330,5,0,0.013180002570152283
7331,5,0,-0.06458623707294464
7332,7,1,-0.06658770143985748
7333,6,1,-0.05331224948167801
7334,5,0,-0.09393632411956787
7335,4,1,0.041127368807792664
7336,5,0,-0.05891434848308563
7337,6,1,0.0088062584400177
7338,5,0,-0.07448982447385788
7339,6,1,-0.07666438817977905
7340,2,1,-0.012794509530067444
7341,4,1,-0.071807861328125
7342,7,1,-0.08100353181362152
7343,7,1,-0.10030367970466614
7344,4,1,-0.046615153551101685
7345,6,1,-0.0790490061044693
7346,5,0,-0.06655193865299225
7347,0,1,1.3475147485733032
7348,2,1,-0.05503642559051514
7349,3,1,0.0012743473052978516
7350,9,1,-0.09197180718183517
7351,2,1,-0.029377132654190063
7352,3,1,-0.06118746101856232
7353,8,1,-0.04743168503046036
7354,0,1,0.09109102189540863
7355,7,1,-0.04091625660657883
7356,0,1,0.1751379817724228
7357,6,1,-0.04391809552907944
7358,8,1,-0.011905297636985779
7359,1,1,-0.021567359566688538
7360,2,1,-0.05621612071990967
7361,8,1,-0.042251065373420715
7362,9,1,-0.040211424231529236
7363,1,1,0.026324793696403503
7364,5,0,-0.008497193455696106
7365,4,1,-0.05290895700454712
7366,2,1,0.022223815321922302
7367,3,1,-0.029963254928588867
7368,5,0,0.015519514679908752
7369,5,0,-0.0061302632093429565
7370,3,1,-0.04759446531534195
7371,6,1,-0.057638153433799744
7372,5,0,-0.04351423680782318
7373,0,1,-0.055191487073898315
7374,3,1,-0.0910869687795639
7375,2,1,-0.09453552216291428
7376,1,1,-0.01916421949863434
7377,3,1,0.0022704899311065674
7378,3,1,-0.08401083946228027
7379,7,1,-0.0269489586353302
7380,7,1,-0.038269951939582825
7381,4,1,-0.08395680785179138
7382,9,1,-0.062282808125019073
7383,4,1,-0.044199176132678986
7384,3,1,-0.0738176554441452
7385,9,1,-0.07255010306835175
7386,5,0,-0.052203692495822906
7387,1,1,-0.054987914860248566
7388,7,1,-0.04064439982175827
7389,6,1,-0.0069001466035842896
7390,6,1,-0.005463138222694397
7391,4,1,-0.05326850712299347
7392,8,1,-0.08623697608709335
7393,5,0,-0.021220043301582336
7394,1,1,0.08377929031848907
7395,2,1,-0.049111850559711456
7396,8,1,-0.025436624884605408
7397,4,1,0.013241514563560486
7398,5,0,-0.08738099783658981
7399,3,1,-0.0850093811750412
7400,3,1,-0.03634720295667648
7401,3,1,-0.04753783345222473
7402,0,1,-0.05249495804309845
7403,4,1,-0.01379556953907013
7404,8,1,-0.023132100701332092
7405,7,1,-0.003927305340766907
7406,7,1,0.029718413949012756
7407,9,1,-0.07005797326564789
7408,4,1,-0.10557948797941208
7409,8,1,0.004239633679389954
7410,4,1,0.1059211939573288
7411,5,0,-0.04284481704235077
7412,9,1,0.008407816290855408
7413,1,1,-0.029482215642929077
7414,8,1,-0.06241331994533539
7415,3,1,-0.030697382986545563
7416,1,1,0.008851692080497742
7417,3,1,-0.0038232654333114624
7418,8,1,-0.019033625721931458
7419,0,1,0.009264186024665833
7420,3,1,-0.03724554926156998
7421,5,0,-0.02702166885137558
7422,4,1,-0.0841829925775528
7423,6,1,-0.022945091128349304
7424,9,1,0.00576646625995636
7425,2,1,-0.07945048809051514
7426,7,1,0.034502699971199036
7427,2,1,-0.049806393682956696
7428,0,1,0.0607781708240509
7429,5,0,-0.03452564775943756
7430,2,1,-0.036965638399124146
7431,9,1,-0.06469140201807022
7432,7,1,-0.05732772499322891
7433,5,0,-0.07547514140605927
7434,0,1,0.039593830704689026
7435,7,1,-0.009872570633888245
7436,0,1,-0.05752432346343994
7437,3,1,-0.014906957745552063
7438,5,0,-0.10572336614131927
7439,5,0,-0.07051947712898254
7440,3,1,-0.006908535957336426
7441,8,1,-0.015253946185112
7442,7,1,-0.0522024929523468
7443,7,1,-0.018366098403930664
7444,9,1,-0.027822822332382202
7445,6,1,-0.05864819884300232
7446,5,0,0.04260842502117157
7447,8,1,-0.017299264669418335
7448,9,1,0.028092965483665466
7449,0,1,0.012278243899345398
7450,1,1,-0.07342833280563354
7451,9,1,0.059742480516433716
7452,4,1,0.0057390183210372925
7453,0,1,-0.024264171719551086
7454,0,1,-0.0706593319773674
7455,1,1,-0.023691967129707336
7456,7,1,-0.07566900551319122
7457,2,1,-0.025215283036231995
7458,2,1,0.009458482265472412
7459,8,1,-0.055763013660907745
7460,5,0,-0.08675341308116913
7461,9,1,-0.08268274366855621
7462,8,1,-0.05333980917930603
7463,2,1,-0.05779537558555603
7464,8,1,-0.09343381226062775
7465,0,1,0.13431291282176971
7466,6,1,-0.012580841779708862
7467,6,1,-0.02325284481048584
7468,8,1,-0.014796406030654907
7469,6,1,-0.047470539808273315
7470,9,1,0.013538524508476257
7471,6,1,-0.0384061336517334
7472,1,1,0.021617993712425232
7473,1,1,-0.004056662321090698
7474,5,0,-0.05156505107879639
7475,3,1,-0.048539891839027405
7476,5,0,-0.06287646293640137
7477,0,1,-0.04331321269273758
7478,7,1,-0.05094887316226959
7479,6,1,-0.03421638160943985
7480,1,1,-0.0859043225646019
7481,4,1,-0.020982876420021057
7482,4,1,0.025774672627449036
7483,1,1,-0.031431108713150024
7484,1,1,0.025866270065307617
7485,8,1,-0.0788268968462944
7486,1,1,-0.007468730211257935
7487,1,1,-0.014411866664886475
7488,2,1,-0.035259708762168884
7489,3,1,-0.04570221155881882
7490,4,1,-0.06600197404623032
7491,9,1,0.052556902170181274
7492,9,1,-0.021593227982521057
7493,5,0,-0.07556942850351334
7494,2,1,-0.09788750112056732
7495,7,1,-0.0620579719543457
7496,3,1,-0.008295997977256775
7497,3,1,0.0051852017641067505
7498,6,1,-0.014064446091651917
7499,9,1,-0.014702945947647095
7500,6,1,-0.06590442359447479
7501,9,1,-0.06280346214771271
7502,8,1,-0.05439472198486328
7503,8,1,-0.09226439148187637
7504,6,1,0.03711627423763275
7505,7,1,0.0240790992975235
7506,4,1,-0.06498586386442184
7507,7,1,0.03536595404148102
7508,2,1,-0.07991170883178711
7509,3,1,-0.05320665240287781
7510,8,1,-0.08006171882152557
7511,0,1,-0.0649481788277626
7512,9,1,-0.055713310837745667
7513,0,1,0.09030419588088989
7514,7,1,-0.06088681519031525
7515,8,1,-0.034557193517684937
7516,1,1,-0.006105020642280579
7517,2,1,-0.01601146161556244
7518,3,1,0.014736130833625793
7519,2,1,-0.032855235040187836
7520,4,1,0.017176225781440735
7521,2,1,-0.06863602995872498
7522,9,1,-0.06452463567256927
7523,0,1,0.09835280478000641
7524,3,1,-0.03232388198375702
7525,8,1,-0.03278334438800812
7526,9,1,-0.09992340952157974
7527,6,1,-0.03678645193576813
7528,5,0,-0.07461288571357727
7529,5,0,-0.07912515848875046
7530,2,1,0.03536558151245117
7531,4,1,-0.0913505032658577
7532,1,1,-0.05850920081138611
7533,0,1,-0.07845068722963333
7534,6,1,-0.017221957445144653
7535,1,1,0.06311805546283722
7536,8,1,-0.05388641357421875
7537,4,1,-0.017669126391410828
7538,5,0,-0.03536979854106903
7539,5,0,-0.104119211435318
7540,5,0,-0.09055446833372116
7541,0,1,0.026278451085090637
7542,8,1,-0.038575947284698486
7543,9,1,-0.06969113647937775
7544,0,1,-0.06580463796854019
7545,5,0,0.02035026252269745
7546,7,1,-0.08824673295021057
7547,9,1,-0.07612959295511246
7548,6,1,0.017774760723114014
7549,3,1,-0.064049631357193
7550,4,1,-0.03996622562408447
7551,6,1,-0.045044854283332825
7552,4,1,-0.08821491152048111
7553,9,1,0.022410497069358826
7554,7,1,-0.04388432204723358
7555,1,1,-0.028579890727996826
7556,2,1,-0.09254287928342819
7557,5,0,0.012515202164649963
7558,2,1,0.031120911240577698
7559,8,1,-0.023001596331596375
7560,0,1,-0.009933635592460632
7561,2,1,0.033696502447128296
7562,2,1,0.06068482995033264
7563,9,1,-0.05684112012386322
7564,8,1,0.023535504937171936
7565,1,1,-0.001231864094734192
7566,9,1,-0.055524811148643494
7567,7,1,0.011904343962669373
7568,7,1,-0.04418367147445679
7569,3,1,-0.07988665997982025
7570,1,1,-0.044491246342659
7571,4,1,-0.01178024709224701
7572,1,1,-0.02821345627307892
7573,1,1,0.010760083794593811
7574,3,1,-0.06249718368053436
7575,8,1,-0.0026129335165023804
7576,8,1,0.045012637972831726
7577,1,1,-0.05957954376935959
7578,9,1,0.008634582161903381
7579,3,1,-0.08742490410804749
7580,8,1,-0.052211694419384
7581,9,1,-0.03553938865661621
7582,5,0,-0.06365318596363068
7583,1,1,0.020811796188354492
7584,1,1,-0.08594086766242981
7585,6,1,-0.06443913280963898
7586,2,1,-0.016714856028556824
7587,7,1,-0.00780157744884491
7588,2,1,0.007476523518562317
7589,6,1,-0.07191377878189087
7590,2,1,-0.03539299964904785
7591,6,1,-0.08781957626342773
7592,9,1,-0.03898971527814865
7593,6,1,-0.0983409434556961
7594,0,1,-0.021431535482406616
7595,1,1,-0.05057847499847412
7596,3,1,-0.06526778638362885
7597,9,1,0.01239071786403656
7598,3,1,-0.024655237793922424
7599,8,1,-0.02533040940761566
7600,8,1,0.009755656123161316
7601,8,1,-0.04516804963350296
7602,2,1,-0.09641972929239273
7603,9,1,0.014220163226127625
7604,1,1,-0.01926906406879425
7605,2,1,0.026705801486968994
7606,6,1,-0.011656403541564941
7607,0,1,-0.02187056839466095
7608,5,0,-0.04470233619213104
7609,0,1,-0.06390073150396347
7610,7,1,-0.08348920196294785
7611,7,1,-0.008436664938926697
7612,7,1,-0.05538080632686615
7613,9,1,0.012236103415489197
7614,4,1,-0.06677275896072388
7615,5,0,-0.07961703091859818
7616,0,1,-0.01594635844230652
7617,2,1,-0.05706244707107544
7618,3,1,-0.05127561837434769
7619,5,0,0.05614693462848663
7620,5,0,-0.05350659042596817
7621,8,1,-0.06655803322792053
7622,9,1,-0.046566255390644073
7623,1,1,0.06350764632225037
7624,2,1,0.051498398184776306
7625,7,1,-0.048068270087242126
7626,1,1,0.02116350829601288
7627,3,1,-0.05787307769060135
7628,4,1,-0.035726889967918396
7629,6,1,-0.08248434960842133
7630,9,1,-0.07119549065828323
7631,1,1,-0.014302074909210205
7632,0,1,-0.04335371404886246
7633,7,1,-0.05170435458421707
7634,1,1,-0.04974430054426193
7635,9,1,-0.07248273491859436
7636,5,0,-0.01115657389163971
7637,8,1,-0.002089664340019226
7638,1,1,0.0904734879732132
7639,9,1,-0.028794459998607635
7640,9,1,-0.052838996052742004
7641,7,1,-0.0708664059638977
7642,9,1,0.07243667542934418
7643,8,1,-0.03095804899930954
7644,3,1,-0.08398187905550003
7645,0,1,0.07222588360309601
7646,2,1,-0.04023244231939316
7647,6,1,-0.06404814124107361
7648,0,1,0.03874222934246063
7649,2,1,-0.06909433007240295
7650,2,1,0.030497238039970398
7651,4,1,-0.0006116628646850586
7652,0,1,-0.07646477222442627
7653,8,1,-0.0674055963754654
7654,4,1,0.035746604204177856
7655,8,1,0.015323996543884277
7656,1,1,-0.07071377336978912
7657,2,1,-0.025498628616333008
7658,7,1,0.08549730479717255
7659,2,1,-0.055747292935848236
7660,7,1,-0.0746602788567543
7661,9,1,-0.06878907978534698
7662,5,0,-0.04443018138408661
7663,2,1,-0.06273680925369263
7664,2,1,0.07966722548007965
7665,9,1,-0.042811691761016846
7666,2,1,-0.037811532616615295
7667,6,1,-0.07286310195922852
7668,5,0,-0.035615041851997375
7669,7,1,0.12482453882694244
7670,2,1,0.013905182480812073
7671,5,0,-0.0415339320898056
7672,6,1,-0.018358781933784485
7673,5,0,-0.061901479959487915
7674,1,1,-0.048779331147670746
7675,8,1,-0.034927308559417725
7676,2,1,-0.06118442863225937
7677,6,1,-0.010220244526863098
7678,8,1,-0.06050340086221695
7679,6,1,0.004114553332328796
7680,3,1,-0.036167845129966736
7681,0,1,0.012210503220558167
7682,8,1,-0.0535353422164917
7683,0,1,-0.07814285159111023
7684,0,1,-0.0068657249212265015
7685,9,1,0.07464100420475006
7686,9,1,-0.08358581364154816
7687,6,1,-0.02473391592502594
7688,8,1,0.07495245337486267
7689,0,1,-0.04555580019950867
7690,6,1,-0.06974697858095169
7691,6,1,-0.08321228623390198
7692,0,1,-0.07371735572814941
7693,7,1,0.05860911309719086
7694,9,1,-0.002346619963645935
7695,8,1,-0.06455101817846298
7696,0,1,0.022908464074134827
7697,5,0,-0.07574465870857239
7698,0,1,0.004395052790641785
7699,9,1,-0.05285797268152237
7700,6,1,-0.07254857569932938
7701,0,1,0.0293416827917099
7702,4,1,-0.051388129591941833
7703,7,1,0.01611533761024475
7704,1,1,-0.023247405886650085
7705,7,1,-0.05219531059265137
7706,8,1,-0.04559832811355591
7707,8,1,-0.02823270857334137
7708,2,1,-0.0514906644821167
7709,3,1,0.0399206280708313
7710,9,1,-0.017128631472587585
7711,6,1,-0.0637439489364624
7712,5,0,-0.08618363738059998
7713,5,0,0.010840728878974915
7714,3,1,-0.07439369708299637
7715,1,1,-0.04327573627233505
7716,5,0,-0.030468180775642395
7717,3,1,-0.018770188093185425
7718,0,1,-0.0831628292798996
7719,2,1,0.014982208609580994
7720,5,0,-0.062201112508773804
7721,2,1,-0.04765084385871887
7722,7,1,-0.06608478724956512
7723,3,1,-0.03571523725986481
7724,8,1,-0.04255475103855133
7725,4,1,-0.0403972864151001
7726,4,1,-0.0481032133102417
7727,6,1,-0.07191754877567291
7728,1,1,0.008449837565422058
7729,9,1,-0.045088328421115875
7730,4,1,-0.06765413284301758
7731,1,1,-0.020112499594688416
7732,7,1,0.009727627038955688
7733,0,1,-0.035460829734802246
7734,1,1,-0.03274092078208923
7735,4,1,0.14315952360630035
7736,3,1,0.008352115750312805
7737,0,1,-0.043275654315948486
7738,2,1,-0.03337898105382919
7739,9,1,-0.07221904397010803
7740,4,1,-0.04328504204750061
7741,5,0,-0.023078396916389465
7742,0,1,0.1332288533449173
7743,3,1,-0.05059267580509186
7744,4,1,0.01653529703617096
7745,7,1,-0.07536469399929047
7746,2,1,0.05485720932483673
7747,3,1,-0.03645949065685272
7748,0,1,0.021140649914741516
7749,1,1,-0.06399388611316681
7750,3,1,0.017394468188285828
7751,7,1,-0.03831915557384491
7752,9,1,-0.04675726592540741
7753,9,1,-0.017655372619628906
7754,0,1,-0.06029784679412842
7755,7,1,-0.022937491536140442
7756,5,0,-0.03583618998527527
7757,6,1,-0.06066136062145233
7758,7,1,0.01806645095348358
7759,1,1,-0.027375824749469757
7760,2,1,-0.03423335403203964
7761,2,1,-0.048711106181144714
7762,7,1,-0.011620983481407166
7763,4,1,-0.06382735818624496
7764,6,1,-0.06452709436416626
7765,8,1,-0.008445873856544495
7766,4,1,-0.03200479596853256
7767,9,1,-0.03674402832984924
7768,8,1,-0.046089962124824524
7769,4,1,0.04528780281543732
7770,9,1,-0.06254445016384125
7771,2,1,-0.020673498511314392
7772,3,1,-0.052280277013778687
7773,4,1,0.0328381210565567
7774,0,1,-0.05823930352926254
7775,2,1,-0.00780525803565979
7776,5,0,-0.07085862755775452
7777,6,1,-0.022800132632255554
7778,0,1,-0.020002886652946472
7779,5,0,-0.07841025292873383
7780,3,1,0.014873012900352478
7781,5,0,-0.009577661752700806
7782,8,1,-0.06284993141889572
7783,3,1,-0.06487726420164108
7784,7,1,0.054245591163635254
7785,4,1,0.011877372860908508
7786,9,1,-0.03702441602945328
7787,5,0,-0.06536516547203064
7788,6,1,-0.019297346472740173
7789,3,1,-0.061399273574352264
7790,8,1,-0.03585556894540787
7791,6,1,-0.01327495276927948
7792,9,1,-0.002201750874519348
7793,8,1,-0.06356587260961533
7794,5,0,-0.04769769310951233
7795,5,0,-0.04804052412509918
7796,8,1,-0.10169847309589386
7797,3,1,-0.03003399819135666
7798,5,0,-0.04009397327899933
7799,9,1,0.02304716408252716
7800,0,1,-0.012799069285392761
7801,4,1,-0.04136741906404495
7802,2,1,0.0019807368516921997
7803,0,1,0.568852961063385
7804,5,0,-0.05135846883058548
7805,9,1,-0.015600159764289856
7806,9,1,-0.044627852737903595
7807,3,1,-0.05450226366519928
7808,8,1,-0.026681169867515564
7809,0,1,0.040552034974098206
7810,6,1,-0.003472551703453064
7811,0,1,-0.04208756983280182
7812,2,1,0.05212077498435974
7813,3,1,0.02115975320339203
7814,7,1,0.015516355633735657
7815,0,1,0.026693344116210938
7816,0,1,-0.015017881989479065
7817,6,1,-0.07973857969045639
7818,9,1,-0.05080081522464752
7819,1,1,0.07138516008853912
7820,5,0,-0.0664086639881134
7821,2,1,-0.06157951056957245
7822,2,1,0.02484290301799774
7823,7,1,0.12374551594257355
7824,9,1,-0.037768587470054626
7825,3,1,-0.08428670465946198
7826,9,1,-0.034439608454704285
7827,3,1,-0.042794324457645416
7828,5,0,-0.07331434637308121
7829,2,1,0.10756947100162506
7830,2,1,-0.025188669562339783
7831,2,1,-0.050011590123176575
7832,8,1,-0.007822796702384949
7833,8,1,0.008562281727790833
7834,5,0,-0.00790645182132721
7835,0,1,-0.03688960522413254
7836,0,1,0.00010730326175689697
7837,7,1,-0.035723328590393066
7838,0,1,-0.032640501856803894
7839,3,1,-0.04833172261714935
7840,1,1,-0.051537878811359406
7841,6,1,-0.07031810283660889
7842,5,0,0.032508835196495056
7843,0,1,-0.04225967079401016
7844,9,1,-0.02661280333995819
7845,2,1,0.14505548775196075
7846,6,1,0.002071574330329895
7847,7,1,-0.06256893277168274
7848,4,1,-0.05574440956115723
7849,2,1,0.052104249596595764
7850,0,1,-0.083378866314888
7851,0,1,-0.019819334149360657
7852,5,0,0.03484658896923065
7853,3,1,0.12102244794368744
7854,3,1,-0.01992519199848175
7855,2,1,-0.013964787125587463
7856,6,1,-0.05525098741054535
7857,4,1,-0.006990030407905579
7858,2,1,-0.07089366763830185
7859,7,1,-0.058178044855594635
7860,8,1,-0.00687001645565033
7861,0,1,-0.003274396061897278
7862,1,1,-0.021988868713378906
7863,0,1,-0.06675800681114197
7864,1,1,-0.03421960026025772
7865,3,1,-0.0525578111410141
7866,6,1,0.024475082755088806
7867,4,1,-0.06324836611747742
7868,8,1,-0.05356976389884949
7869,0,1,-0.005483344197273254
7870,6,1,-0.005825012922286987
7871,0,1,-0.007410183548927307
7872,9,1,-0.07548118382692337
7873,1,1,0.07675132155418396
7874,6,1,-0.05222389101982117
7875,2,1,-0.006458759307861328
7876,1,1,-0.04617847502231598
7877,0,1,0.0005518794059753418
7878,1,1,-0.029879234731197357
7879,3,1,-0.004008173942565918
7880,0,1,0.08804883062839508
7881,3,1,-0.011192336678504944
7882,7,1,-0.01704259216785431
7883,9,1,-0.03175938129425049
7884,9,1,0.022889956831932068
7885,3,1,-0.010214656591415405
7886,7,1,-0.06593018770217896
7887,5,0,-0.04867850989103317
7888,7,1,-0.05183672904968262
7889,1,1,-0.015566393733024597
7890,6,1,-0.02973543107509613
7891,6,1,-0.026637211441993713
7892,1,1,0.09776647388935089
7893,1,1,-0.04039090871810913
7894,1,1,-0.04150950908660889
7895,4,1,-0.07279345393180847
7896,4,1,0.07343371212482452
7897,2,1,0.008235827088356018
7898,1,1,-0.027935221791267395
7899,7,1,-0.07737956941127777
7900,0,1,-0.02164582908153534
7901,1,1,-0.0021080374717712402
7902,2,1,-0.07468846440315247
7903,1,1,-0.05144874006509781
7904,1,1,-0.04931378364562988
7905,3,1,-0.03803037106990814
7906,2,1,-0.04650817811489105
7907,6,1,-0.06828535348176956
7908,9,1,-0.02281060814857483
7909,1,1,-0.032478928565979004
7910,3,1,-0.08781518787145615
7911,2,1,-0.06402669847011566
7912,0,1,-0.0576586052775383
7913,8,1,-0.05340549349784851
7914,7,1,0.017380133271217346
7915,3,1,-0.06050507724285126
7916,4,1,-0.05222225934267044
7917,6,1,-0.07911422103643417
7918,4,1,-0.05086110532283783
7919,6,1,-0.059160783886909485
7920,9,1,-0.02681031823158264
7921,4,1,0.005733400583267212
7922,8,1,-0.04131845384836197
7923,9,1,-0.016233131289482117
7924,3,1,-0.0015965551137924194
7925,0,1,-0.06661349534988403
7926,5,0,-0.028276383876800537
7927,7,1,-0.05058756470680237
7928,2,1,0.0382470041513443
7929,0,1,-0.04047776013612747
7930,2,1,0.0012012273073196411
7931,9,1,-0.043210819363594055
7932,9,1,-0.039278313517570496
7933,3,1,-0.013487949967384338
7934,8,1,-0.08628016710281372
7935,7,1,-0.00943763554096222
7936,1,1,0.07054160535335541
7937,1,1,-0.05371193587779999
7938,2,1,0.11631210148334503
7939,2,1,-0.054561302065849304
7940,2,1,0.025511369109153748
7941,5,0,-0.009430140256881714
7942,9,1,0.07020534574985504
7943,1,1,-0.012790277600288391
7944,2,1,0.026079222559928894
7945,6,1,0.011651694774627686
7946,1,1,0.11286304891109467
7947,2,1,-0.0765787735581398
7948,1,1,0.01809851825237274
7949,8,1,-0.056491002440452576
7950,9,1,-0.07411058247089386
7951,2,1,-0.059278324246406555
7952,3,1,0.17099936306476593
7953,1,1,-0.02761206030845642
7954,9,1,-0.03647627681493759
7955,9,1,-0.0047832876443862915
7956,4,1,-0.058301255106925964
7957,4,1,0.005609646439552307
7958,5,0,-0.024378702044487
7959,5,0,-0.021680250763893127
7960,0,1,-0.08562425523996353
7961,3,1,-0.01851646602153778
7962,3,1,-0.052734389901161194
7963,7,1,-0.08340990543365479
7964,1,1,-0.0074715763330459595
7965,7,1,-0.07578852772712708
7966,7,1,-0.02931319922208786
7967,9,1,0.007100299000740051
7968,8,1,-0.061167970299720764
7969,6,1,0.0013407319784164429
7970,3,1,-0.04412716627120972
7971,5,0,-0.06837595254182816
7972,5,0,-0.03225460648536682
7973,1,1,0.012601807713508606
7974,6,1,-0.0330115482211113
7975,2,1,-0.031845688819885254
7976,7,1,-0.044846877455711365
7977,8,1,-0.08828473091125488
7978,4,1,-0.0833621397614479
7979,3,1,-0.048623375594615936
7980,3,1,-0.023840978741645813
7981,5,0,-0.039669282734394073
7982,9,1,-0.00548379123210907
7983,6,1,0.034134671092033386
7984,8,1,0.005143418908119202
7985,5,0,-0.089902862906456
7986,1,1,-0.06155359745025635
7987,0,1,0.24099968373775482
7988,6,1,-0.0832810029387474
7989,7,1,-0.036990053951740265
7990,0,1,0.004241719841957092
7991,9,1,-0.00937652587890625
7992,6,1,-0.008106902241706848
7993,2,1,-0.04756312817335129
7994,0,1,0.09965814650058746
7995,8,1,-0.024787768721580505
7996,7,1,-0.0009533315896987915
7997,1,1,-0.05549854785203934
7998,2,1,0.05954788625240326
7999,6,1,-0.007175609469413757
8000,9,1,-0.060811012983322144
8001,1,1,-0.00948391854763031
8002,6,1,0.02704066038131714
8003,4,1,-0.07820659130811691
8004,7,1,-0.07434358447790146
8005,1,1,-0.06961308419704437
8006,9,1,0.011524170637130737
8007,0,1,-0.010512083768844604
8008,0,1,0.07522320747375488
8009,5,0,-0.04421204328536987
8010,2,1,-0.0665086954832077
8011,8,1,0.006398379802703857
8012,3,1,-0.047919705510139465
8013,8,1,-0.06774699687957764
8014,2,1,-0.047908976674079895
8015,8,1,-0.03579436242580414
8016,4,1,-0.06542646884918213
8017,0,1,-0.02231679856777191
8018,8,1,-0.05166815221309662
8019,3,1,-0.06558061391115189
8020,6,1,-0.0881502702832222
8021,1,1,-0.06723363697528839
8022,2,1,0.05782569944858551
8023,3,1,-0.05622612684965134
8024,0,1,-0.03823494911193848
8025,5,0,-0.0697966068983078
8026,0,1,-0.051389917731285095
8027,4,1,-0.03398238122463226
8028,1,1,-0.022776350378990173
8029,7,1,-0.05877584218978882
8030,2,1,-0.09496259689331055
8031,0,1,0.01814781129360199
8032,1,1,0.14585156738758087
8033,3,1,-0.03793630003929138
8034,9,1,-0.023437008261680603
8035,1,1,-0.01987530291080475
8036,6,1,-0.10916782170534134
8037,1,1,0.015605628490447998
8038,6,1,0.009804680943489075
8039,1,1,-0.05960153043270111
8040,2,1,0.035512372851371765
8041,8,1,-0.016114622354507446
8042,7,1,-0.03210647404193878
8043,0,1,-0.02652619779109955
8044,9,1,-0.0020772069692611694
8045,5,0,-0.047992102801799774
8046,8,1,-0.022539526224136353
8047,0,1,-0.06560413539409637
8048,0,1,0.07596255838871002
8049,1,1,-0.030767738819122314
8050,7,1,-0.031346820294857025
8051,9,1,0.04624120891094208
8052,7,1,-0.005328968167304993
8053,1,1,-0.02677929401397705
8054,9,1,-0.047094061970710754
8055,2,1,-0.03255374729633331
8056,1,1,0.03584592044353485
8057,9,1,-0.056792765855789185
8058,4,1,-0.07539193332195282
8059,3,1,-0.0431695282459259
8060,6,1,-0.04513020068407059
8061,0,1,0.36486566066741943
8062,2,1,-0.032915353775024414
8063,0,1,0.04432182013988495
8064,0,1,0.005318000912666321
8065,9,1,-0.013572707772254944
8066,9,1,-0.054386794567108154
8067,8,1,-0.03428826481103897
8068,9,1,-0.03839453309774399
8069,4,1,-0.07373860478401184
8070,5,0,-0.06881539523601532
8071,4,1,-0.06185327470302582
8072,3,1,-0.07451050728559494
8073,0,1,-0.04562553018331528
8074,7,1,-0.051030561327934265
8075,8,1,-0.09256374090909958
8076,7,1,-0.028218865394592285
8077,3,1,0.01324482262134552
8078,7,1,0.010502457618713379
8079,5,0,-0.008259907364845276
8080,4,1,-0.033836111426353455
8081,6,1,0.050502076745033264
8082,5,0,-0.040764905512332916
8083,9,1,-0.050616294145584106
8084,5,0,-0.0833510234951973
8085,2,1,-0.06780858337879181
8086,4,1,0.09543094038963318
8087,2,1,-0.025091946125030518
8088,7,1,0.013280123472213745
8089,9,1,-0.06660395860671997
8090,6,1,-0.019176945090293884
8091,7,1,-0.00945805013179779
8092,4,1,-0.05131450295448303
8093,7,1,-0.008617103099822998
8094,1,1,-0.02345968782901764
8095,2,1,0.1592576652765274
8096,3,1,-0.06470461189746857
8097,1,1,-0.03174462169408798
8098,1,1,-0.029646500945091248
8099,3,1,-0.08758105337619781
8100,6,1,0.03556142747402191
8101,8,1,-0.06756050884723663
8102,3,1,0.0008404403924942017
8103,7,1,-0.01111234724521637
8104,7,1,0.005036830902099609
8105,0,1,-0.07421289384365082
8106,8,1,-0.08547994494438171
8107,1,1,-0.016854792833328247
8108,5,0,-0.03373018652200699
8109,2,1,-0.054986707866191864
8110,5,0,0.04173022508621216
8111,5,0,-0.05569098889827728
8112,3,1,-0.0725407749414444
8113,6,1,-0.024304553866386414
8114,3,1,-0.05089700222015381
8115,5,0,-0.07065178453922272
8116,9,1,-0.02623562514781952
8117,8,1,-0.0685102790594101
8118,4,1,0.02053476870059967
8119,6,1,-0.047368600964546204
8120,8,1,-0.045669496059417725
8121,0,1,0.07927237451076508
8122,4,1,-0.05212850123643875
8123,1,1,0.03871126472949982
8124,7,1,-0.02738991379737854
8125,8,1,-0.05571061372756958
8126,4,1,-0.0852380245923996
8127,9,1,-0.010828062891960144
8128,7,1,-0.08832139521837234
8129,2,1,-0.0623975545167923
8130,6,1,-0.028831079602241516
8131,3,1,-0.06758113205432892
8132,8,1,-0.05219351500272751
8133,8,1,-0.03943738341331482
8134,6,1,0.018636390566825867
8135,7,1,-0.07469674944877625
8136,3,1,-0.02774091064929962
8137,8,1,-0.057609111070632935
8138,1,1,-0.03937223553657532
8139,1,1,-0.03728266805410385
8140,5,0,-0.047583192586898804
8141,3,1,-0.02403677999973297
8142,7,1,0.23491932451725006
8143,9,1,-0.05346640944480896
8144,9,1,-0.010378465056419373
8145,9,1,0.008066803216934204
8146,8,1,-0.04940779507160187
8147,5,0,-0.052034929394721985
8148,9,1,0.016989275813102722
8149,9,1,-0.05165126919746399
8150,6,1,-0.01899784803390503
8151,8,1,-0.04973563551902771
8152,8,1,0.046949341893196106
8153,4,1,0.20974548161029816
8154,8,1,-0.06388340890407562
8155,1,1,-0.0063877105712890625
8156,0,1,-0.04310539364814758
8157,1,1,-0.030462004244327545
8158,8,1,-0.014672622084617615
8159,8,1,-0.020409926772117615
8160,6,1,-0.010041221976280212
8161,5,0,-0.07278859615325928
8162,9,1,-0.010912567377090454
8163,0,1,0.00936707854270935
8164,6,1,-0.04894913733005524
8165,1,1,-0.062198832631111145
8166,2,1,0.00551798939704895
8167,6,1,-0.012429118156433105
8168,6,1,0.006217017769813538
8169,3,1,-0.026313722133636475
8170,5,0,-0.09757457673549652
8171,6,1,-0.08691126108169556
8172,5,0,0.03768476843833923
8173,5,0,-0.0290706604719162
8174,3,1,0.076047882437706
8175,3,1,0.026759743690490723
8176,6,1,-0.012466460466384888
8177,8,1,-0.029099322855472565
8178,9,1,-0.06241866946220398
8179,4,1,-0.03361716866493225
8180,4,1,-0.10380543768405914
8181,3,1,-0.03059045970439911
8182,8,1,-0.0824466422200203
8183,3,1,-0.06778492033481598
8184,6,1,-0.04825633019208908
8185,0,1,-0.05770999938249588
8186,8,1,-0.01799587905406952
8187,5,0,-0.026751041412353516
8188,7,1,0.017049700021743774
8189,8,1,0.003456220030784607
8190,4,1,-0.0368930920958519
8191,6,1,0.004776313900947571
8192,5,0,-0.05017780512571335
8193,3,1,-0.060314446687698364
8194,1,1,-0.05486103892326355
8195,8,1,-0.06632228195667267
8196,3,1,-0.08441401273012161
8197,0,1,-0.019608154892921448
8198,4,1,0.039166852831840515
8199,4,1,0.0021752864122390747
8200,3,1,0.006902351975440979
8201,3,1,-0.05614428222179413
8202,5,0,0.01652081310749054
8203,3,1,-0.06268604844808578
8204,3,1,0.028602316975593567
8205,2,1,0.007093474268913269
8206,7,1,-0.08478014916181564
8207,7,1,-0.051820263266563416
8208,8,1,-0.10655520856380463
8209,2,1,0.030007049441337585
8210,0,1,0.025786250829696655
8211,5,0,-0.06657209992408752
8212,5,0,-0.0750904530286789
8213,6,1,-0.08669191598892212
8214,1,1,0.03409856557846069
8215,1,1,0.018768087029457092
8216,3,1,-0.07604575157165527
8217,9,1,-0.028488367795944214
8218,9,1,0.004914239048957825
8219,3,1,-0.03831712156534195
8220,6,1,-0.010445818305015564
8221,7,1,0.034838512539863586
8222,1,1,0.012563765048980713
8223,8,1,-0.08589309453964233
8224,3,1,-0.014536872506141663
8225,9,1,-0.03603418171405792
8226,8,1,-0.010412603616714478
8227,7,1,-0.060941703617572784
8228,8,1,0.01172645390033722
8229,8,1,-0.044982507824897766
8230,0,1,0.12980158627033234
8231,3,1,-0.028582215309143066
8232,2,1,-0.08422902226448059
8233,4,1,-0.008964583277702332
8234,8,1,-0.04626365005970001
8235,7,1,-0.0333695113658905
8236,5,0,-0.07561292499303818
8237,7,1,0.04096056520938873
8238,1,1,-0.041837483644485474
8239,8,1,-0.048403218388557434
8240,7,1,0.035178154706954956
8241,3,1,0.02406240999698639
8242,5,0,-0.05649736523628235
8243,4,1,0.006143674254417419
8244,4,1,-0.052222996950149536
8245,3,1,-0.10628689080476761
8246,8,1,-0.07799407839775085
8247,6,1,0.02122311294078827
8248,1,1,0.009410366415977478
8249,1,1,-0.0894939973950386
8250,6,1,0.0020492523908615112
8251,3,1,-0.03863076865673065
8252,2,1,0.013037070631980896
8253,2,1,0.045636340975761414
8254,8,1,-0.07830409705638885
8255,9,1,0.017354518175125122
8256,8,1,-0.02764134854078293
8257,3,1,0.009217709302902222
8258,3,1,-0.05430053174495697
8259,8,1,0.032634422183036804
8260,1,1,-0.05406273156404495
8261,1,1,-0.07849858701229095
8262,0,1,-0.05352848768234253
8263,5,0,-0.02749744802713394
8264,2,1,0.025394275784492493
8265,0,1,-0.07880723476409912
8266,5,0,-0.02249230444431305
8267,0,1,-0.036318257451057434
8268,5,0,-0.056697577238082886
8269,8,1,0.03456735610961914
8270,6,1,-0.04906582087278366
8271,3,1,-0.040770307183265686
8272,9,1,-0.02446596324443817
8273,6,1,-0.04087376594543457
8274,6,1,-0.07431993633508682
8275,3,1,-0.05990231782197952
8276,9,1,-0.051892854273319244
8277,4,1,-0.036760613322257996
8278,8,1,-0.0035354644060134888
8279,3,1,-0.05603860318660736
8280,4,1,-0.0599861741065979
8281,3,1,-0.06332604587078094
8282,1,1,-0.09517523646354675
8283,1,1,-0.06908103078603745
8284,2,1,-0.042268455028533936
8285,9,1,-0.04928259551525116
8286,7,1,-0.03273073583841324
8287,8,1,-0.059314288198947906
8288,5,0,-0.07115164399147034
8289,5,0,-0.06835763156414032
8290,8,1,0.09148108959197998
8291,6,1,-0.01906852424144745
8292,9,1,-0.036443181335926056
8293,0,1,0.03449566662311554
8294,8,1,-0.014031872153282166
8295,3,1,-0.036899469792842865
8296,5,0,-0.05421765148639679
8297,1,1,-0.011410072445869446
8298,3,1,-0.06377796828746796
8299,3,1,-0.022066697478294373
8300,5,0,-0.040928915143013
8301,5,0,0.0098276287317276
8302,3,1,-0.0766913890838623
8303,8,1,-0.062157392501831055
8304,1,1,-0.060574062168598175
8305,4,1,-0.05530862510204315
8306,6,1,-0.025938883423805237
8307,4,1,-0.04664028435945511
8308,2,1,-0.07541410624980927
8309,4,1,-0.08238405734300613
8310,3,1,-0.0674114003777504
8311,8,1,-0.03146784007549286
8312,9,1,-0.04845777153968811
8313,6,1,-0.023461177945137024
8314,6,1,-0.04683345556259155
8315,6,1,-0.011178657412528992
8316,5,0,0.01902395486831665
8317,5,0,0.00849391520023346
8318,2,1,-0.038380011916160583
8319,7,1,-0.018157362937927246
8320,7,1,-0.05440565198659897
8321,4,1,-0.03865380585193634
8322,4,1,-0.02050323784351349
8323,9,1,-0.08115740120410919
8324,3,1,-0.025139138102531433
8325,8,1,-0.005907714366912842
8326,3,1,0.11043243110179901
8327,7,1,-0.08167341351509094
8328,7,1,0.004663735628128052
8329,8,1,-0.060030363500118256
8330,5,0,-0.08649757504463196
8331,3,1,-0.08047816902399063
8332,9,1,-0.05178961157798767
8333,1,1,-0.04468173533678055
8334,6,1,-0.0020894110202789307
8335,7,1,-0.08458161354064941
8336,3,1,-0.059762001037597656
8337,3,1,-0.06127074360847473
8338,3,1,0.014383360743522644
8339,8,1,-0.10057717561721802
8340,5,0,-0.09038741886615753
8341,6,1,-0.07871871441602707
8342,1,1,-0.06628415733575821
8343,3,1,-0.08624063432216644
8344,7,1,-0.0017033368349075317
8345,9,1,-0.03282424807548523
8346,6,1,-0.050903789699077606
8347,1,1,-0.0359024852514267
8348,6,1,-0.021689310669898987
8349,4,1,0.0016821175813674927
8350,9,1,-0.03874407708644867
8351,0,1,-0.06041352450847626
8352,5,0,-0.04381223022937775
8353,7,1,0.016184523701667786
8354,4,1,0.007816806435585022
8355,9,1,-0.05547387897968292
8356,1,1,-0.04553346335887909
8357,0,1,-0.018890932202339172
8358,0,1,-0.0634697824716568
8359,2,1,-0.0020734816789627075
8360,7,1,-0.038739316165447235
8361,8,1,-0.05108116567134857
8362,3,1,-0.02536831796169281
8363,2,1,0.02038799226284027
8364,7,1,-0.07381433248519897
8365,6,1,-0.054142795503139496
8366,1,1,-0.04748213291168213
8367,6,1,-0.0018184930086135864
8368,6,1,-0.06656725704669952
8369,4,1,-0.059579797089099884
8370,4,1,-0.04747629910707474
8371,2,1,-0.013159945607185364
8372,1,1,-0.02979416400194168
8373,8,1,-0.045715704560279846
8374,4,1,-0.01822642982006073
8375,4,1,-0.08173253387212753
8376,7,1,-0.05602918565273285
8377,8,1,-0.0850144550204277
8378,5,0,-0.01343660056591034
8379,8,1,-0.03125378489494324
8380,9,1,-0.07402844727039337
8381,4,1,-0.010921016335487366
8382,3,1,-0.0330582857131958
8383,2,1,0.057589396834373474
8384,2,1,-0.09507304430007935
8385,9,1,-0.029024764895439148
8386,3,1,0.02211083471775055
8387,0,1,-0.0675564706325531
8388,1,1,-0.08116544783115387
8389,1,1,0.017835184931755066
8390,1,1,-0.014885380864143372
8391,1,1,-0.05435924232006073
8392,6,1,-0.043514907360076904
8393,8,1,-0.06739845126867294
8394,7,1,-0.08651728928089142
8395,1,1,-0.04901634156703949
8396,3,1,-0.035825327038764954
8397,0,1,0.09384231269359589
8398,4,1,0.003230184316635132
8399,5,0,0.0005754679441452026
8400,0,1,-0.09436692297458649
8401,3,1,-0.06907744705677032
8402,0,1,-0.03616864234209061
8403,6,1,-0.0522773340344429
8404,2,1,0.015253707766532898
8405,0,1,-0.04846099019050598
8406,9,1,0.10778935253620148
8407,8,1,-0.0826728492975235
8408,6,1,-0.02605961263179779
8409,8,1,-0.07204286009073257
8410,5,0,-0.06096714735031128
8411,8,1,0.029663383960723877
8412,2,1,0.009777382016181946
8413,9,1,0.015400484204292297
8414,6,1,-0.06052126735448837
8415,0,1,-0.059758275747299194
8416,6,1,-0.02120479941368103
8417,1,1,-0.052998825907707214
8418,8,1,-0.0474725142121315
8419,7,1,-0.03770707547664642
8420,3,1,-0.019153252243995667
8421,2,1,-0.08201421797275543
8422,2,1,0.01042136549949646
8423,6,1,-0.03849455714225769
8424,5,0,-0.050596706569194794
8425,6,1,-0.08810728788375854
8426,9,1,-0.049382686614990234
8427,2,1,-0.006453648209571838
8428,5,0,-0.08727943897247314
8429,4,1,-0.01741500198841095
8430,9,1,-0.01776161789894104
8431,8,1,-0.032120585441589355
8432,5,0,-0.06765704602003098
8433,3,1,-0.03954280912876129
8434,9,1,-0.05177217721939087
8435,3,1,-0.07408887147903442
8436,5,0,-0.03269250690937042
8437,7,1,-0.03801286220550537
8438,1,1,0.013652220368385315
8439,8,1,-0.06261174380779266
8440,5,0,-0.013581141829490662
8441,8,1,-0.07296927273273468
8442,6,1,-0.047233790159225464
8443,2,1,-0.07975775003433228
8444,5,0,-0.0611591562628746
8445,1,1,0.002662256360054016
8446,3,1,-0.10127751529216766
8447,0,1,0.08091391623020172
8448,4,1,-0.05622877925634384
8449,1,1,0.030796781182289124
8450,9,1,-0.04714687168598175
8451,5,0,-0.053660549223423004
8452,4,1,0.00011745095252990723
8453,9,1,-0.04797282814979553
8454,2,1,-0.03119693696498871
8455,1,1,-0.016130760312080383
8456,4,1,-0.07906002551317215
8457,2,1,-0.033187560737133026
8458,5,0,-0.06935016810894012
8459,9,1,-0.056738629937171936
8460,8,1,-0.07236766815185547
8461,7,1,-0.05283825844526291
8462,2,1,0.04887312650680542
8463,1,1,-0.011060446500778198
8464,6,1,-7.377564907073975e-05
8465,9,1,-0.040240347385406494
8466,7,1,0.02806621789932251
8467,3,1,-0.02569495141506195
8468,6,1,-0.03397335857152939
8469,5,0,-0.04050148278474808
8470,8,1,-0.08081197738647461
8471,0,1,0.00827750563621521
8472,2,1,0.007186800241470337
8473,2,1,0.131772980093956
8474,4,1,0.0232650488615036
8475,9,1,-0.07209165394306183
8476,0,1,0.07343553006649017
8477,5,0,-0.09271006286144257
8478,5,0,0.03733038902282715
8479,4,1,-0.1109761968255043
8480,2,1,-0.044322669506073
8481,3,1,-0.0740201324224472
8482,1,1,-0.004977360367774963
8483,0,1,-0.08306428790092468
8484,3,1,-0.07130374759435654
8485,0,1,0.10955001413822174
8486,4,1,0.04746626317501068
8487,4,1,-0.05734451115131378
8488,9,1,-0.0004016607999801636
8489,1,1,-0.0776762068271637
8490,3,1,-0.07189030945301056
8491,3,1,-0.057852186262607574
8492,0,1,0.01789774000644684
8493,2,1,-0.04896898567676544
8494,1,1,0.044778987765312195
8495,1,1,-0.041621193289756775
8496,0,1,-0.06853558868169785
8497,4,1,-0.051494769752025604
8498,1,1,0.0074792057275772095
8499,9,1,-0.06234771013259888
8500,4,1,-0.028817258775234222
8501,8,1,-0.04077065736055374
8502,1,1,-0.0377686470746994
8503,1,1,-0.005890026688575745
8504,1,1,0.06482137739658356
8505,5,0,-0.08431053161621094
8506,9,1,-0.022670969367027283
8507,8,1,0.012811705470085144
8508,1,1,-0.04600280523300171
8509,6,1,-0.019829466938972473
8510,7,1,-0.01665562391281128
8511,2,1,-0.008268862962722778
8512,9,1,-0.04300163686275482
8513,9,1,-0.018401727080345154
8514,7,1,-0.07490941137075424
8515,8,1,-0.04822917282581329
8516,8,1,-0.003869786858558655
8517,1,1,-0.02257297933101654
8518,9,1,-0.09821788966655731
8519,7,1,-0.005407020449638367
8520,8,1,0.011340469121932983
8521,9,1,-0.043921224772930145
8522,1,1,-0.03283724933862686
8523,6,1,0.0253278911113739
8524,6,1,-0.05403662472963333
8525,3,1,-0.06661740690469742
8526,3,1,0.024710968136787415
8527,1,1,-0.015739530324935913
8528,3,1,-0.06263279169797897
8529,0,1,-0.03090646117925644
8530,8,1,0.006984293460845947
8531,8,1,-0.07147744297981262
8532,3,1,-0.016038835048675537
8533,6,1,-0.04380391538143158
8534,6,1,-0.06206347048282623
8535,7,1,-0.024798855185508728
8536,1,1,0.08941124379634857
8537,0,1,-0.05618426203727722
8538,7,1,-0.056871265172958374
8539,6,1,-0.07393261790275574
8540,4,1,-0.00037954747676849365
8541,8,1,0.09618830680847168
8542,2,1,-0.0058275312185287476
8543,0,1,-0.032180264592170715
8544,6,1,-0.001369372010231018
8545,6,1,-0.0328485369682312
8546,8,1,0.022210359573364258
8547,6,1,-0.0352439284324646
8548,3,1,-0.06699812412261963
8549,1,1,0.012290656566619873
8550,1,1,-0.02770509570837021
8551,8,1,-0.04876329004764557
8552,6,1,-0.0736740380525589
8553,7,1,0.04944561421871185
8554,0,1,0.0255843847990036
8555,5,0,-0.01943264901638031
8556,4,1,-0.018383711576461792
8557,3,1,-0.06666307151317596
8558,2,1,-0.05434966832399368
8559,1,1,-0.06325925141572952
8560,7,1,-0.05870234966278076
8561,8,1,-0.101604163646698
8562,2,1,-0.036489248275756836
8563,0,1,-0.033651337027549744
8564,1,1,0.040469229221343994
8565,7,1,-0.06858812272548676
8566,4,1,-0.007093742489814758
8567,8,1,-0.0401376336812973
8568,7,1,0.00767555832862854
8569,6,1,-0.012835592031478882
8570,6,1,-0.06448900699615479
8571,7,1,-0.06985807418823242
8572,0,1,-0.0765850841999054
8573,6,1,-0.015458092093467712
8574,4,1,0.004557281732559204
8575,9,1,-0.043130241334438324
8576,2,1,0.003162756562232971
8577,3,1,-0.05522224307060242
8578,2,1,-0.07069693505764008
8579,1,1,0.05865202844142914
8580,3,1,-0.02236039936542511
8581,8,1,-0.04176667332649231
8582,6,1,-0.02152271568775177
8583,8,1,-0.005363360047340393
8584,1,1,-0.03858400881290436
8585,9,1,-0.053730644285678864
8586,6,1,-0.047950781881809235
8587,7,1,-0.04627566039562225
8588,6,1,-0.05274246633052826
8589,5,0,-0.07146897912025452
8590,0,1,0.07423447072505951
8591,6,1,-0.014435723423957825
8592,0,1,-0.04073404520750046
8593,1,1,-0.033626988530159
8594,3,1,-0.05463917553424835
8595,1,1,-0.05885952711105347
8596,1,1,-0.00457097589969635
8597,5,0,-0.03790430724620819
8598,3,1,0.044742897152900696
8599,4,1,-0.0728180855512619
8600,3,1,-0.04014907032251358
8601,3,1,-0.04632410407066345
8602,8,1,-0.00492820143699646
8603,1,1,0.04100276529788971
8604,6,1,-0.02389569580554962
8605,6,1,0.00177745521068573
8606,1,1,-0.07944662868976593
8607,8,1,-0.07498057931661606
8608,8,1,-0.04894968867301941
8609,6,1,-0.015656158328056335
8610,2,1,0.017883047461509705
8611,7,1,-0.08225283026695251
8612,4,1,-0.10760143399238586
8613,6,1,-0.07010090351104736
8614,8,1,-0.019684776663780212
8615,9,1,0.013820543885231018
8616,3,1,-0.05384087562561035
8617,3,1,-0.007769182324409485
8618,5,0,-0.06698314845561981
8619,5,0,-0.06612296402454376
8620,3,1,0.010410383343696594
8621,1,1,-0.03805997222661972
8622,4,1,0.008687689900398254
8623,1,1,-0.02528606355190277
8624,9,1,-0.06392170488834381
8625,5,0,-0.06276872754096985
8626,1,1,-0.0473652258515358
8627,7,1,-0.03626742959022522
8628,7,1,-0.07074201107025146
8629,7,1,-0.07379172742366791
8630,5,0,-0.07738640904426575
8631,2,1,-0.004759356379508972
8632,3,1,-0.059478044509887695
8633,3,1,-0.035268113017082214
8634,6,1,0.0018739253282546997
8635,6,1,0.013679936528205872
8636,6,1,-0.09020449966192245
8637,4,1,0.029326394200325012
8638,0,1,0.501379132270813
8639,7,1,0.07931043207645416
8640,1,1,-0.040173210203647614
8641,7,1,0.0021767616271972656
8642,3,1,-0.04772305488586426
8643,0,1,0.013343468308448792
8644,8,1,-0.05026242136955261
8645,1,1,-0.016301944851875305
8646,2,1,-0.03163662552833557
8647,4,1,-0.06712354719638824
8648,1,1,0.09176698327064514
8649,2,1,-0.006075814366340637
8650,2,1,-0.07742343842983246
8651,4,1,-0.050192609429359436
8652,9,1,-0.027150049805641174
8653,8,1,-0.0721646100282669
8654,2,1,0.006243482232093811
8655,8,1,-0.005283430218696594
8656,7,1,-0.003846198320388794
8657,6,1,-0.05625300109386444
8658,3,1,-0.03479848802089691
8659,4,1,0.014924272894859314
8660,7,1,-0.04810423403978348
8661,2,1,-0.04705388844013214
8662,3,1,-0.06498659402132034
8663,1,1,-0.009751200675964355
8664,5,0,-0.04919132590293884
8665,3,1,-0.04727550595998764
8666,0,1,0.004240825772285461
8667,4,1,-0.016618773341178894
8668,3,1,-0.01688818633556366
8669,4,1,-0.04881373792886734
8670,9,1,-0.02892494946718216
8671,4,1,-0.0583934485912323
8672,7,1,-0.03275299072265625
8673,9,1,-0.015406206250190735
8674,1,1,-0.02909126877784729
8675,7,1,-0.015428140759468079
8676,8,1,-0.06275138258934021
8677,3,1,-0.05957874655723572
8678,1,1,-0.058546945452690125
8679,8,1,-0.03895339369773865
8680,3,1,0.013707444071769714
8681,2,1,0.009149760007858276
8682,5,0,-0.031614989042282104
8683,7,1,0.0036275237798690796
8684,2,1,-0.06780566275119781
8685,7,1,-0.048006609082221985
8686,9,1,-0.013869985938072205
8687,6,1,0.0799940824508667
8688,8,1,-0.046872228384017944
8689,6,1,-0.01193644106388092
8690,8,1,-0.06286004185676575
8691,6,1,0.0011660903692245483
8692,5,0,-0.060281842947006226
8693,9,1,-0.056367307901382446
8694,0,1,0.04226057231426239
8695,4,1,-0.044827088713645935
8696,8,1,0.024434790015220642
8697,5,0,-0.09022964537143707
8698,6,1,-0.032374925911426544
8699,4,1,-0.007378071546554565
8700,3,1,-0.06428661942481995
8701,8,1,-0.036491602659225464
8702,0,1,-0.05183742940425873
8703,4,1,-0.007239833474159241
8704,8,1,-0.08318446576595306
8705,6,1,-0.03217130899429321
8706,7,1,-0.039796218276023865
8707,2,1,0.014537617564201355
8708,7,1,-0.02980370819568634
8709,1,1,0.018725156784057617
8710,7,1,0.008975222706794739
8711,4,1,-0.03142393380403519
8712,1,1,-0.019346535205841064
8713,2,1,-0.043310217559337616
8714,4,1,0.054834723472595215
8715,2,1,-0.04897858947515488
8716,2,1,-0.02794325351715088
8717,8,1,0.07747438549995422
8718,7,1,-0.03910267353057861
8719,2,1,-0.042928919196128845
8720,2,1,0.12564854323863983
8721,6,1,-0.011616930365562439
8722,7,1,-0.07585310935974121
8723,5,0,-0.019343972206115723
8724,6,1,-0.08542866259813309
8725,8,1,-0.05793941766023636
8726,9,1,-0.013030663132667542
8727,9,1,-0.008347660303115845
8728,6,1,-0.007499396800994873
8729,5,0,-0.055026523768901825
8730,2,1,-0.02595861256122589
8731,9,1,-0.0402369424700737
8732,8,1,-0.03455110639333725
8733,7,1,-0.020478621125221252
8734,2,1,-0.009576603770256042
8735,3,1,-0.02317504584789276
8736,3,1,-0.08160749822854996
8737,7,1,-0.07298149168491364
8738,4,1,-0.07466427236795425
8739,3,1,-0.06710032373666763
8740,2,1,0.0006453245878219604
8741,1,1,0.011178582906723022
8742,9,1,-0.07685113698244095
8743,0,1,0.01675984263420105
8744,1,1,0.009335115551948547
8745,5,0,-0.06047283113002777
8746,3,1,0.0005384236574172974
8747,2,1,-0.07583697140216827
8748,6,1,0.02898479998111725
8749,5,0,0.006877407431602478
8750,9,1,-0.08540578931570053
8751,1,1,-0.020189791917800903
8752,5,0,-0.01318785548210144
8753,4,1,-0.03259715437889099
8754,3,1,-0.08177521824836731
8755,6,1,-0.0652560293674469
8756,2,1,0.06859423220157623
8757,8,1,0.05345718562602997
8758,9,1,-0.0594063401222229
8759,7,1,-0.06903574615716934
8760,8,1,-0.05616603046655655
8761,0,1,-0.01454724371433258
8762,8,1,0.04173469543457031
8763,9,1,-0.012838199734687805
8764,1,1,-0.0009427964687347412
8765,2,1,-0.03867689520120621
8766,5,0,-0.014051765203475952
8767,7,1,-0.030346572399139404
8768,2,1,0.09727448225021362
8769,0,1,0.08138880133628845
8770,6,1,-0.10247377306222916
8771,6,1,0.013338044285774231
8772,1,1,0.038637712597846985
8773,6,1,-0.05711580812931061
8774,3,1,-0.016393229365348816
8775,1,1,-0.04314921051263809
8776,5,0,-0.06058692932128906
8777,0,1,-0.03072798252105713
8778,3,1,-0.01400040090084076
8779,7,1,0.01955673098564148
8780,4,1,0.03519335389137268
8781,6,1,0.02930264174938202
8782,5,0,-0.050804153084754944
8783,6,1,-0.05832254886627197
8784,4,1,-0.03264316916465759
8785,8,1,-0.05605579912662506
8786,3,1,-0.04836411774158478
8787,4,1,-0.048916906118392944
8788,5,0,-0.08650127053260803
8789,5,0,-0.06430438905954361
8790,0,1,-0.08137887716293335
8791,6,1,-0.062314316630363464
8792,6,1,0.015304937958717346
8793,7,1,-0.03338339924812317
8794,5,0,-0.04795555770397186
8795,0,1,-0.06830805540084839
8796,9,1,0.04053269326686859
8797,9,1,-0.06595264375209808
8798,6,1,-0.061037302017211914
8799,1,1,0.007183372974395752
8800,0,1,0.24830640852451324
8801,4,1,-0.0557083860039711
8802,6,1,-0.052906930446624756
8803,3,1,-0.03914845734834671
8804,6,1,-0.05646277964115143
8805,9,1,-0.07019348442554474
8806,3,1,-0.04432176053524017
8807,6,1,-0.07673660665750504
8808,6,1,-0.05764220654964447
8809,8,1,-0.0409969687461853
8810,2,1,-0.06541184335947037
8811,1,1,-0.07439862936735153
8812,0,1,0.07776348292827606
8813,1,1,-0.031670212745666504
8814,9,1,0.0056308358907699585
8815,3,1,-0.06476675719022751
8816,7,1,-0.07478237897157669
8817,4,1,-0.012003883719444275
8818,3,1,-0.034189581871032715
8819,0,1,0.0782741904258728
8820,2,1,-0.07451054453849792
8821,7,1,-0.05419605225324631
8822,6,1,-0.005541443824768066
8823,4,1,-0.02896064519882202
8824,3,1,-0.031096093356609344
8825,0,1,-0.04685862362384796
8826,8,1,-0.08734890818595886
8827,2,1,0.01502235233783722
8828,0,1,0.0434676855802536
8829,0,1,-0.09239216893911362
8830,9,1,-0.08792870491743088
8831,6,1,-0.07978235930204391
8832,6,1,-0.04427528381347656
8833,6,1,-0.026305630803108215
8834,8,1,-0.04197973757982254
8835,7,1,-0.04948083311319351
8836,4,1,-0.04664609581232071
8837,1,1,-0.0721772164106369
8838,8,1,-0.04176761955022812
8839,1,1,-0.024037644267082214
8840,2,1,-0.08132955431938171
8841,2,1,0.05325274169445038
8842,4,1,-0.08893701434135437
8843,8,1,-0.03261955827474594
8844,5,0,-0.01912112534046173
8845,2,1,-0.05506119877099991
8846,6,1,-0.06190459430217743
8847,5,0,-0.02208326756954193
8848,3,1,-0.03609064966440201
8849,9,1,0.028789684176445007
8850,1,1,0.041171297430992126
8851,0,1,0.05218018591403961
8852,7,1,-0.054772503674030304
8853,2,1,-0.04140377789735794
8854,4,1,-0.017509475350379944
8855,4,1,0.0039377361536026
8856,0,1,2.1033835411071777
8857,0,1,-0.062333375215530396
8858,6,1,-0.0793047770857811
8859,2,1,0.0005026012659072876
8860,2,1,-0.04219108074903488
8861,4,1,0.002748936414718628
8862,0,1,-0.014333084225654602
8863,5,0,0.04019764065742493
8864,9,1,-0.09146734327077866
8865,7,1,-0.030336707830429077
8866,1,1,-0.0365443080663681
8867,8,1,-0.07916431128978729
8868,4,1,-0.02381037175655365
8869,5,0,-0.02606920897960663
8870,5,0,-0.09225756675004959
8871,9,1,-0.0022692233324050903
8872,8,1,0.02716730535030365
8873,5,0,-0.07069233059883118
8874,7,1,-0.059183403849601746
8875,8,1,0.004753723740577698
8876,0,1,0.0001890808343887329
8877,9,1,-0.04594989866018295
8878,8,1,-0.050637125968933105
8879,9,1,-0.044154658913612366
8880,1,1,-0.0581970289349556
8881,6,1,-0.01607547700405121
8882,3,1,-0.03163379430770874
8883,8,1,-0.06154734641313553
8884,0,1,0.014566436409950256
8885,3,1,-0.09436705708503723
8886,4,1,-0.0624002069234848
8887,4,1,0.0046511441469192505
8888,8,1,0.025743961334228516
8889,4,1,-0.012573793530464172
8890,8,1,0.009061843156814575
8891,9,1,-0.016591936349868774
8892,8,1,-0.07391251623630524
8893,6,1,-0.01366908848285675
8894,0,1,-0.04924113303422928
8895,0,1,-0.04313339293003082
8896,8,1,-0.053737565875053406
8897,2,1,-0.0379398912191391
8898,7,1,-0.05985207110643387
8899,4,1,-0.08331401646137238
8900,2,1,-0.04790927469730377
8901,5,0,-0.067240409553051
8902,6,1,-0.048928432166576385
8903,0,1,0.2604576349258423
8904,5,0,-0.0716969221830368
8905,8,1,0.0984107106924057
8906,4,1,-0.07126213610172272
8907,1,1,-0.05922231078147888
8908,9,1,-0.03387930244207382
8909,0,1,0.0013097971677780151
8910,1,1,0.06768244504928589
8911,4,1,-0.0446934700012207
8912,4,1,-0.03423876315355301
8913,8,1,-0.010918870568275452
8914,4,1,-0.02648843824863434
8915,9,1,-0.09300045669078827
8916,6,1,-0.010670483112335205
8917,0,1,-0.008474990725517273
8918,7,1,-0.0726056843996048
8919,7,1,-0.05609719455242157
8920,6,1,-0.0342227965593338
8921,8,1,-0.07033473253250122
8922,9,1,-0.06768420338630676
8923,6,1,-0.009862318634986877
8924,2,1,-0.043922387063503265
8925,0,1,0.2573825716972351
8926,4,1,0.007872745394706726
8927,9,1,-0.0737946480512619
8928,4,1,0.22473610937595367
8929,9,1,-0.09059904515743256
8930,3,1,-0.019609585404396057
8931,9,1,-0.05210209637880325
8932,6,1,-0.0736602395772934
8933,6,1,-0.07103343307971954
8934,7,1,-0.08245403319597244
8935,0,1,-0.07639306783676147
8936,9,1,-0.05752591788768768
8937,7,1,-0.06654872745275497
8938,1,1,-0.058659039437770844
8939,8,1,-0.07610593736171722
8940,6,1,-0.01503688097000122
8941,0,1,-0.052988603711128235
8942,6,1,-0.019085779786109924
8943,7,1,0.06070217490196228
8944,4,1,-0.0629405528306961
8945,1,1,-0.06261231005191803
8946,9,1,-0.03726770728826523
8947,4,1,-0.07996591925621033
8948,6,1,-0.058023907244205475
8949,7,1,-0.041303955018520355
8950,9,1,-0.04145415127277374
8951,8,1,0.08733223378658295
8952,3,1,-0.0896008163690567
8953,9,1,-0.030518047511577606
8954,2,1,-0.08509434014558792
8955,1,1,-0.002959802746772766
8956,2,1,-0.06381376087665558
8957,7,1,-0.060368575155735016
8958,6,1,-0.11567334830760956
8959,1,1,-0.04873809963464737
8960,0,1,1.2835016250610352
8961,0,1,-0.05264939367771149
8962,5,0,-0.06575557589530945
8963,6,1,-0.02447238564491272
8964,0,1,-0.035764604806900024
8965,4,1,-0.05120304226875305
8966,3,1,-0.04952844977378845
8967,2,1,0.007015302777290344
8968,8,1,0.04236657917499542
8969,8,1,0.0025644153356552124
8970,0,1,-0.016289368271827698
8971,6,1,0.024327337741851807
8972,9,1,-0.0555153489112854
8973,5,0,-0.07370265573263168
8974,2,1,-0.05220036208629608
8975,8,1,-0.05182774364948273
8976,7,1,-0.04794779419898987
8977,0,1,-0.05139249563217163
8978,6,1,-0.05250663310289383
8979,5,0,-0.04292440414428711
8980,9,1,-0.08249647915363312
8981,7,1,-0.02750469744205475
8982,2,1,-0.03885370492935181
8983,3,1,-0.047575443983078
8984,6,1,-0.012959107756614685
8985,9,1,0.031752049922943115
8986,6,1,-0.00211961567401886
8987,2,1,-0.01757320761680603
8988,2,1,-0.024572104215621948
8989,4,1,-0.08466517180204391
8990,1,1,0.0003055483102798462
8991,0,1,0.059032291173934937
8992,5,0,-0.0712224543094635
8993,0,1,-0.03222671151161194
8994,8,1,-0.055668413639068604
8995,9,1,0.0006509870290756226
8996,3,1,0.006166115403175354
8997,5,0,-0.06613095849752426
8998,9,1,-0.05027252435684204
8999,3,1,0.03505146503448486
9000,8,1,-0.06464479863643646
9001,1,1,-0.023318514227867126
9002,6,1,-0.04762117564678192
9003,3,1,0.018334433436393738
9004,7,1,-0.08195643126964569
9005,5,0,0.04001067578792572
9006,6,1,0.021789386868476868
9007,2,1,-0.06514208018779755
9008,0,1,0.02554522454738617
9009,2,1,0.02916291356086731
9010,8,1,-0.05189385265111923
9011,2,1,-0.07489336282014847
9012,8,1,-0.06575572490692139
9013,7,1,-0.018990442156791687
9014,7,1,-0.06141074001789093
9015,8,1,-0.07846057415008545
9016,1,1,0.1343580037355423
9017,0,1,0.05354546010494232
9018,8,1,-0.07392597198486328
9019,9,1,-0.06193835288286209
9020,7,1,-0.053647734224796295
9021,0,1,-0.04041418433189392
9022,3,1,-0.03804102540016174
9023,8,1,0.004536628723144531
9024,0,1,-0.029860876500606537
9025,5,0,-0.03398770093917847
9026,9,1,-0.012383341789245605
9027,5,0,0.09663772583007812
9028,8,1,-0.04509952664375305
9029,4,1,-0.02176879346370697
9030,2,1,0.17802555859088898
9031,0,1,-0.016322925686836243
9032,9,1,-0.020824134349822998
9033,2,1,-0.04283107817173004
9034,2,1,-0.054738424718379974
9035,4,1,-0.0015938133001327515
9036,4,1,0.1434529572725296
9037,9,1,0.006033912301063538
9038,2,1,-0.08585289120674133
9039,2,1,-0.03860212862491608
9040,2,1,-0.08247295767068863
9041,5,0,-0.017421111464500427
9042,1,1,-0.00470048189163208
9043,3,1,-0.054962605237960815
9044,2,1,0.024648696184158325
9045,0,1,-0.06878699362277985
9046,0,1,-0.024700209498405457
9047,4,1,-0.0783061534166336
9048,0,1,-0.03420400619506836
9049,6,1,-0.025733977556228638
9050,5,0,-0.07236198335886002
9051,8,1,-0.07600096613168716
9052,0,1,-0.01803518831729889
9053,5,0,-0.06510549783706665
9054,8,1,0.07717452943325043
9055,6,1,-0.06852664053440094
9056,4,1,-0.007651671767234802
9057,8,1,0.038428544998168945
9058,5,0,-0.03543280065059662
9059,2,1,0.0095730721950531
9060,9,1,-0.06901703774929047
9061,7,1,-0.020970001816749573
9062,9,1,-0.047666460275650024
9063,7,1,-0.030506841838359833
9064,1,1,-0.03100142627954483
9065,0,1,0.008910909295082092
9066,1,1,-0.05476406216621399
9067,9,1,-0.08957356959581375
9068,6,1,0.005706354975700378
9069,9,1,0.02880437672138214
9070,2,1,-0.032636113464832306
9071,7,1,-0.04414934664964676
9072,9,1,-0.06095156818628311
9073,4,1,-0.05426667630672455
9074,4,1,-0.056276604533195496
9075,0,1,-0.0039238035678863525
9076,6,1,-0.005995824933052063
9077,2,1,-0.04421328008174896
9078,4,1,-0.07351575791835785
9079,1,1,0.06272010505199432
9080,3,1,0.1581864207983017
9081,7,1,-0.020663678646087646
9082,2,1,-0.04545260965824127
9083,8,1,-0.03731681406497955
9084,5,0,-0.05558161437511444
9085,9,1,-0.07451321184635162
9086,0,1,-0.08029206842184067
9087,3,1,-0.07533182948827744
9088,2,1,0.02309057116508484
9089,3,1,-0.056167349219322205
9090,2,1,-0.023992955684661865
9091,7,1,-0.054979756474494934
9092,6,1,-0.07426407933235168
9093,3,1,0.05376891791820526
9094,2,1,-0.004940316081047058
9095,5,0,-0.10139480233192444
9096,9,1,-0.017211109399795532
9097,0,1,0.1469857543706894
9098,5,0,-0.03313055634498596
9099,9,1,0.11331839859485626
9100,9,1,-0.05223919451236725
9101,8,1,-0.057597801089286804
9102,7,1,-0.07007158547639847
9103,7,1,-0.02955344319343567
9104,4,1,-0.06450989097356796
9105,8,1,0.04436631500720978
9106,6,1,-0.05105122923851013
9107,5,0,-0.07922914624214172
9108,2,1,-0.10788457095623016
9109,3,1,-0.06323453783988953
9110,1,1,-0.02615898847579956
9111,0,1,-0.042367272078990936
9112,4,1,0.06393826007843018
9113,1,1,-0.04011215269565582
9114,8,1,-0.052324242889881134
9115,8,1,-0.05435037612915039
9116,4,1,-0.09549500793218613
9117,9,1,-0.0430242195725441
9118,4,1,-0.057285018265247345
9119,4,1,-0.07422087341547012
9120,3,1,-0.004895463585853577
9121,3,1,-0.10038403421640396
9122,9,1,-0.05661265552043915
9123,2,1,-0.0699860006570816
9124,0,1,-0.02066938579082489
9125,1,1,0.023546144366264343
9126,1,1,-0.02337692677974701
9127,8,1,-0.027759455144405365
9128,4,1,-0.07146621495485306
9129,4,1,-0.07803142070770264
9130,8,1,0.007289066910743713
9131,3,1,-0.03493308275938034
9132,2,1,-0.018397614359855652
9133,9,1,-0.06231428682804108
9134,5,0,-0.02358563244342804
9135,7,1,0.027362897992134094
9136,6,1,-0.010067567229270935
9137,2,1,0.006527602672576904
9138,5,0,-0.07326237112283707
9139,4,1,0.23467917740345
9140,7,1,0.014673739671707153
9141,3,1,-0.050458312034606934
9142,3,1,-0.06864093244075775
9143,9,1,-0.0013414770364761353
9144,0,1,-0.06940602511167526
9145,1,1,0.019178137183189392
9146,5,0,-0.06865362823009491
9147,9,1,-0.05981820821762085
9148,3,1,-0.010268732905387878
9149,7,1,-0.04915076494216919
9150,6,1,-0.06024689972400665
9151,0,1,-0.05174281448125839
9152,4,1,-0.07058113813400269
9153,2,1,0.010321572422981262
9154,2,1,0.04990912973880768
9155,5,0,-0.03923969715833664
9156,6,1,-0.008046269416809082
9157,3,1,-0.06487157940864563
9158,8,1,-0.03979146480560303
9159,9,1,-0.022964373230934143
9160,5,0,-0.07640373706817627
9161,6,1,-0.029837988317012787
9162,1,1,2.193450927734375e-05
9163,4,1,-0.06852850317955017
9164,5,0,-0.0850730687379837
9165,4,1,0.0036277323961257935
9166,6,1,-0.04572010040283203
9167,7,1,-0.05474824458360672
9168,2,1,-0.02717626839876175
9169,1,1,-0.08676738291978836
9170,0,1,0.009360983967781067
9171,2,1,-0.059522613883018494
9172,0,1,0.0598357617855072
9173,4,1,-0.09378145635128021
9174,9,1,-0.011905193328857422
9175,8,1,-0.04409611225128174
9176,8,1,0.05727963149547577
9177,9,1,-0.019171953201293945
9178,1,1,-0.04299745708703995
9179,1,1,-0.016848266124725342
9180,5,0,-0.0826379582285881
9181,0,1,-0.0687187984585762
9182,0,1,-0.022872939705848694
9183,8,1,-0.030399486422538757
9184,7,1,0.0241672545671463
9185,1,1,-0.010623440146446228
9186,7,1,-0.0360959991812706
9187,4,1,-0.06408057361841202
9188,5,0,-0.0628419816493988
9189,4,1,-0.0017726272344589233
9190,3,1,-0.03938110172748566
9191,3,1,0.0031644850969314575
9192,2,1,0.04847930371761322
9193,0,1,0.06793542206287384
9194,6,1,-0.052864864468574524
9195,6,1,-0.013156980276107788
9196,0,1,-0.05029888451099396
9197,1,1,-0.04529857635498047
9198,3,1,0.006334424018859863
9199,9,1,-0.018163204193115234
9200,8,1,-0.09188331663608551
9201,3,1,-0.0810152143239975
9202,7,1,-0.010485872626304626
9203,8,1,-0.06591840088367462
9204,9,1,-0.05930653214454651
9205,4,1,-0.08321033418178558
9206,8,1,0.05975089967250824
9207,9,1,-0.03132881224155426
9208,0,1,0.01408134400844574
9209,9,1,0.0007396787405014038
9210,7,1,0.026507660746574402
9211,1,1,-0.0004353821277618408
9212,6,1,0.010608077049255371
9213,2,1,-0.05164250731468201
9214,9,1,-0.006524428725242615
9215,5,0,-0.08018358051776886
9216,6,1,0.09561982750892639
9217,9,1,-0.01305273175239563
9218,3,1,-0.04808928072452545
9219,9,1,-0.08243761956691742
9220,8,1,-0.06932941824197769
9221,7,1,-0.015420451760292053
9222,7,1,-0.038427382707595825
9223,1,1,-0.010647237300872803
9224,6,1,-0.040886811912059784
9225,5,0,-0.03464880585670471
9226,3,1,-0.07286901772022247
9227,1,1,-0.05242466181516647
9228,3,1,-0.019769132137298584
9229,1,1,-0.03675144910812378
9230,2,1,-0.05764012038707733
9231,7,1,-0.09222786128520966
9232,1,1,-0.04084578901529312
9233,8,1,-0.07828537374734879
9234,2,1,0.032485440373420715
9235,0,1,-0.05019626021385193
9236,9,1,-0.0702388733625412
9237,7,1,-0.09212557226419449
9238,9,1,0.060574665665626526
9239,8,1,0.0006117373704910278
9240,8,1,-0.05125391483306885
9241,6,1,-0.04167276620864868
9242,7,1,0.047910407185554504
9243,3,1,-0.10560783743858337
9244,7,1,-0.043042197823524475
9245,1,1,-0.00586719810962677
9246,3,1,0.11127056181430817
9247,9,1,-0.014824137091636658
9248,0,1,-0.03560677170753479
9249,9,1,-0.0028383582830429077
9250,3,1,-0.019731059670448303
9251,6,1,-0.08274155855178833
9252,7,1,-0.05571877956390381
9253,2,1,-0.03177240490913391
9254,7,1,-0.10686100274324417
9255,3,1,-0.050793781876564026
9256,0,1,-0.06111796945333481
9257,5,0,-0.09837692230939865
9258,9,1,-0.05679504573345184
9259,7,1,0.022017404437065125
9260,5,0,-0.10448883473873138
9261,5,0,-0.07787498086690903
9262,0,1,-0.04331052303314209
9263,6,1,-0.024338632822036743
9264,5,0,-0.055579572916030884
9265,1,1,-0.04150160402059555
9266,8,1,-0.037147313356399536
9267,2,1,-0.019699379801750183
9268,7,1,-0.00716756284236908
9269,5,0,0.09562338888645172
9270,9,1,-0.07667543739080429
9271,0,1,-0.029012054204940796
9272,0,1,-0.06756235659122467
9273,0,1,-0.010144665837287903
9274,8,1,-0.047861114144325256
9275,8,1,-0.04768240451812744
9276,7,1,-0.05759274959564209
9277,3,1,-0.08059047907590866
9278,7,1,-0.01111014187335968
9279,8,1,-0.03695766627788544
9280,9,1,-0.038226306438446045
9281,3,1,0.0252702534198761
9282,7,1,-0.07540681213140488
9283,9,1,-0.02495405077934265
9284,7,1,-0.04320003092288971
9285,8,1,-0.05095347762107849
9286,7,1,0.022146865725517273
9287,9,1,0.05469159781932831
9288,8,1,0.11443622410297394
9289,5,0,-0.05870237946510315
9290,4,1,-0.006185427308082581
9291,8,1,0.09317760169506073
9292,3,1,-0.06442056596279144
9293,7,1,-0.010550454258918762
9294,6,1,0.022725552320480347
9295,3,1,-0.05533098429441452
9296,8,1,-0.04344306141138077
9297,2,1,-0.034774959087371826
9298,1,1,-0.042906515300273895
9299,9,1,-0.015377163887023926
9300,5,0,-0.04995978623628616
9301,7,1,-0.08834073692560196
9302,3,1,-0.06146430969238281
9303,9,1,-0.043110936880111694
9304,5,0,-0.047653257846832275
9305,5,0,-0.035607270896434784
9306,8,1,-0.02682313323020935
9307,7,1,0.007960483431816101
9308,3,1,0.006927371025085449
9309,5,0,-0.08557410538196564
9310,3,1,-0.07243616878986359
9311,5,0,-0.07918886840343475
9312,9,1,-0.08623738586902618
9313,7,1,-0.008781924843788147
9314,6,1,-0.03925362229347229
9315,7,1,0.031073540449142456
9316,3,1,-0.04375573992729187
9317,6,1,0.017669498920440674
9318,4,1,-0.05043657124042511
9319,3,1,-0.08006903529167175
9320,9,1,-0.07251417636871338
9321,4,1,-0.10559313744306564
9322,2,1,-0.007429763674736023
9323,1,1,-0.05336739867925644
9324,9,1,-0.03245694190263748
9325,6,1,-0.032427698373794556
9326,0,1,-0.007181957364082336
9327,2,1,-0.010027244687080383
9328,6,1,-0.08427504450082779
9329,7,1,0.003974467515945435
9330,4,1,-0.05280827730894089
9331,7,1,-0.018762603402137756
9332,9,1,-0.01607629656791687
9333,0,1,0.008045151829719543
9334,7,1,-0.04347041994333267
9335,4,1,0.006490662693977356
9336,3,1,-0.0662669688463211
9337,5,0,-0.021990492939949036
9338,3,1,-0.047058433294296265
9339,1,1,0.057954177260398865
9340,1,1,0.053070709109306335
9341,2,1,-0.05759549140930176
9342,6,1,0.026389554142951965
9343,8,1,-0.0811116099357605
9344,2,1,-0.06587819755077362
9345,1,1,-0.042380958795547485
9346,7,1,-0.015979871153831482
9347,8,1,-0.03740663826465607
9348,5,0,-0.049639493227005005
9349,9,1,-0.04846971482038498
9350,6,1,-0.012404978275299072
9351,1,1,-0.024789869785308838
9352,1,1,-0.06512200087308884
9353,5,0,-0.007262855768203735
9354,0,1,0.1491565853357315
9355,6,1,-0.05213689059019089
9356,0,1,0.2838106155395508
9357,9,1,-0.02271316945552826
9358,2,1,0.03355671465396881
9359,6,1,-0.06195131689310074
9360,5,0,0.12365345656871796
9361,8,1,0.00011326372623443604
9362,9,1,-0.01430840790271759
9363,5,0,-0.08046120405197144
9364,5,0,-0.05814488232135773
9365,6,1,-0.04048791527748108
9366,2,1,-0.0025006532669067383
9367,9,1,-0.048227496445178986
9368,1,1,-0.01854388415813446
9369,5,0,0.015566527843475342
9370,8,1,-0.028326749801635742
9371,8,1,-0.03580116480588913
9372,7,1,-0.043189749121665955
9373,1,1,-0.011025086045265198
9374,7,1,-0.012511327862739563
9375,3,1,-0.0027816444635391235
9376,5,0,-0.019554749131202698
9377,4,1,0.006275013089179993
9378,9,1,-0.024342775344848633
9379,7,1,-0.007792428135871887
9380,5,0,-0.061245933175086975
9381,2,1,-0.0737699344754219
9382,9,1,-0.04895888268947601
9383,9,1,-0.012712731957435608
9384,4,1,0.05434796214103699
9385,7,1,-0.10169342905282974
9386,4,1,-0.07325445115566254
9387,1,1,-0.06077955663204193
9388,3,1,-0.09189227223396301
9389,8,1,-0.009836241602897644
9390,7,1,0.012338012456893921
9391,9,1,-0.07956663519144058
9392,0,1,-0.08979439735412598
9393,4,1,-0.01775038242340088
9394,5,0,0.032525643706321716
9395,7,1,-0.01781649887561798
9396,5,0,-0.036034367978572845
9397,2,1,-0.007840707898139954
9398,8,1,-0.04604014754295349
9399,7,1,-0.04533569514751434
9400,6,1,0.009758204221725464
9401,9,1,0.04966084659099579
9402,6,1,0.02297903597354889
9403,9,1,-0.0453520193696022
9404,3,1,-0.03599745035171509
9405,8,1,-0.05445661395788193
9406,5,0,-0.07138600945472717
9407,6,1,0.008666515350341797
9408,6,1,0.06269916892051697
9409,9,1,-0.0017617195844650269
9410,5,0,-0.023194357752799988
9411,7,1,-0.0453374981880188
9412,8,1,-0.038225241005420685
9413,0,1,-0.050289593636989594
9414,5,0,-0.06842820346355438
9415,0,1,-0.014448031783103943
9416,7,1,-0.10003244131803513
9417,4,1,-0.04817146807909012
9418,8,1,-0.04573817551136017
9419,2,1,-0.023505717515945435
9420,5,0,-0.06745979189872742
9421,1,1,0.05383393168449402
9422,3,1,-0.04229952394962311
9423,2,1,0.08738593757152557
9424,2,1,0.06269370019435883
9425,6,1,0.017410531640052795
9426,2,1,-0.07172724604606628
9427,1,1,0.03770186007022858
9428,7,1,-0.07913777977228165
9429,4,1,-0.017491593956947327
9430,6,1,-0.029233530163764954
9431,3,1,-0.054956160485744476
9432,1,1,-0.032929956912994385
9433,3,1,-0.043978504836559296
9434,7,1,-0.07639679312705994
9435,2,1,-0.04917643964290619
9436,1,1,-0.04669319838285446
9437,3,1,-0.07157613337039948
9438,7,1,-0.016333088278770447
9439,0,1,0.04824857413768768
9440,8,1,-0.04781697690486908
9441,4,1,-0.05400426685810089
9442,4,1,0.014448851346969604
9443,5,0,-0.0002812892198562622
9444,7,1,-0.046727485954761505
9445,9,1,-0.07573354244232178
9446,5,0,-0.0832296833395958
9447,4,1,-0.005227148532867432
9448,3,1,-0.05962652713060379
9449,9,1,0.06956076622009277
9450,6,1,-0.039870768785476685
9451,8,1,-0.025156855583190918
9452,2,1,0.018060848116874695
9453,3,1,0.01031447947025299
9454,3,1,-0.06151366978883743
9455,1,1,-0.03967218101024628
9456,6,1,-0.07927368581295013
9457,1,1,-0.021506398916244507
9458,7,1,-0.02289251983165741
9459,0,1,-0.05246671289205551
9460,3,1,-0.030647948384284973
9461,4,1,-0.029883168637752533
9462,2,1,0.21602089703083038
9463,9,1,-0.09626027941703796
9464,4,1,-0.02696351706981659
9465,5,0,-0.03585323691368103
9466,8,1,0.03768199682235718
9467,2,1,-0.010170668363571167
9468,7,1,-0.04126705229282379
9469,0,1,-0.028132542967796326
9470,9,1,-0.03174438327550888
9471,6,1,-0.044481292366981506
9472,8,1,-0.08003753423690796
9473,0,1,-0.07166863977909088
9474,8,1,-0.08687745779752731
9475,2,1,-0.08337568491697311
9476,8,1,-0.03276262432336807
9477,5,0,-0.08986370265483856
9478,7,1,-0.03254926949739456
9479,7,1,-0.04967796802520752
9480,2,1,-0.015111908316612244
9481,2,1,-0.034174203872680664
9482,0,1,-0.06447100639343262
9483,0,1,-0.034783437848091125
9484,0,1,0.032741352915763855
9485,7,1,0.031030461192131042
9486,4,1,0.10675378143787384
9487,1,1,-0.007088109850883484
9488,6,1,-0.08603944629430771
9489,6,1,0.0553697794675827
9490,8,1,-0.09755204617977142
9491,8,1,0.056056514382362366
9492,9,1,-0.07362408936023712
9493,0,1,-0.044517673552036285
9494,9,1,-0.05260195583105087
9495,0,1,-0.04864951968193054
9496,1,1,-0.027516275644302368
9497,3,1,0.0012275725603103638
9498,3,1,-0.07884905487298965
9499,0,1,0.014158964157104492
9500,9,1,-0.02459074556827545
9501,6,1,0.06130005419254303
9502,6,1,-0.016031116247177124
9503,2,1,-0.028891652822494507
9504,6,1,-0.028531044721603394
9505,3,1,0.005758151412010193
9506,4,1,0.030949756503105164
9507,0,1,-0.008705854415893555
9508,8,1,-0.056959591805934906
9509,4,1,-0.052337706089019775
9510,1,1,-0.03618006408214569
9511,4,1,-0.05971425771713257
9512,0,1,0.20826275646686554
9513,6,1,-0.08707885444164276
9514,5,0,-0.05064581334590912
9515,0,1,-0.017665818333625793
9516,9,1,-0.0813409686088562
9517,9,1,-0.06797391176223755
9518,9,1,-0.015674054622650146
9519,9,1,0.02228592336177826
9520,1,1,-0.07745347917079926
9521,2,1,0.02570629119873047
9522,3,1,-0.01859135925769806
9523,5,0,-0.0697147399187088
9524,4,1,-0.014521628618240356
9525,2,1,-0.0319976881146431
9526,9,1,-0.06351753324270248
9527,6,1,-0.08979997783899307
9528,0,1,-0.047631390392780304
9529,9,1,-0.035743072628974915
9530,6,1,-0.04824216663837433
9531,6,1,0.013131126761436462
9532,8,1,-0.06075504422187805
9533,0,1,-0.04806077480316162
9534,6,1,-0.0644991546869278
9535,1,1,-0.055056095123291016
9536,4,1,0.01786772906780243
9537,6,1,-0.07738108932971954
9538,8,1,-0.08618823438882828
9539,0,1,-0.031268224120140076
9540,5,0,-0.026271849870681763
9541,4,1,-0.02499958872795105
9542,1,1,-0.03857589513063431
9543,2,1,-0.056711047887802124
9544,0,1,-0.060336172580718994
9545,9,1,0.0023302286863327026
9546,6,1,-0.04756692051887512
9547,4,1,-0.06846468150615692
9548,2,1,-0.07208441197872162
9549,4,1,-0.008805230259895325
9550,6,1,0.06463339924812317
9551,5,0,0.12135688960552216
9552,9,1,-0.00998358428478241
9553,7,1,-0.013492047786712646
9554,7,1,-0.0080232173204422
9555,4,1,-0.025768667459487915
9556,6,1,-0.011554613709449768
9557,5,0,-0.0061277300119400024
9558,0,1,-0.017529308795928955
9559,1,1,-0.023592785000801086
9560,9,1,-0.0018530040979385376
9561,0,1,-0.0477607399225235
9562,3,1,-0.06125463545322418
9563,1,1,-0.07431859523057938
9564,9,1,-0.06629063189029694
9565,0,1,0.03849737346172333
9566,9,1,-0.029871948063373566
9567,7,1,-0.018841460347175598
9568,8,1,-0.09081704914569855
9569,6,1,0.01015576720237732
9570,7,1,-0.05910864472389221
9571,6,1,0.04424203932285309
9572,8,1,-0.0419071763753891
9573,2,1,-0.05080600082874298
9574,4,1,-0.03244929015636444
9575,5,0,-0.024167612195014954
9576,3,1,-0.10172104835510254
9577,0,1,-0.017469137907028198
9578,3,1,-0.04823616147041321
9579,2,1,-0.06660346686840057
9580,1,1,-0.03808228671550751
9581,7,1,0.007197916507720947
9582,5,0,-0.0018754750490188599
9583,9,1,-0.01803264021873474
9584,3,1,0.01307465136051178
9585,4,1,-0.008527860045433044
9586,5,0,-0.03889197111129761
9587,7,1,-0.09947437793016434
9588,1,1,-0.017455890774726868
9589,5,0,-0.07055201381444931
9590,0,1,-0.03861682116985321
9591,1,1,-0.11422771215438843
9592,1,1,-0.008152678608894348
9593,1,1,0.03155069053173065
9594,9,1,-0.017405182123184204
9595,7,1,-0.02984859049320221
9596,5,0,-0.011177301406860352
9597,4,1,-0.06210200488567352
9598,9,1,0.0027167201042175293
9599,7,1,-0.05863116681575775
9600,8,1,-0.08924531936645508
9601,1,1,-0.09305724501609802
9602,0,1,-0.03199487924575806
9603,2,1,0.015703454613685608
9604,8,1,-0.07298015058040619
9605,5,0,-0.04306398332118988
9606,6,1,-0.007227882742881775
9607,7,1,0.0034598559141159058
9608,0,1,-0.08042162656784058
9609,1,1,0.08402904868125916
9610,4,1,-0.0035986900329589844
9611,8,1,-0.06355154514312744
9612,4,1,-0.08901941776275635
9613,4,1,-0.05775056034326553
9614,6,1,-0.10081010311841965
9615,6,1,0.027414634823799133
9616,5,0,-0.0370260626077652
9617,8,1,0.10816408693790436
9618,1,1,-0.05704522132873535
9619,8,1,-0.01209692656993866
9620,4,1,-0.010381832718849182
9621,6,1,-0.06120704859495163
9622,5,0,-0.04734380543231964
9623,9,1,-0.021759971976280212
9624,2,1,0.1163557916879654
9625,2,1,0.04107072949409485
9626,1,1,-0.04877406358718872
9627,4,1,-0.05507618188858032
9628,9,1,-0.016400739550590515
9629,1,1,-0.056470662355422974
9630,6,1,-0.07752834260463715
9631,7,1,-0.017274633049964905
9632,2,1,-0.045618489384651184
9633,0,1,-0.06340675801038742
9634,1,1,-0.03514135628938675
9635,7,1,-0.005681544542312622
9636,6,1,0.13944585621356964
9637,5,0,-0.004320159554481506
9638,2,1,-0.013675987720489502
9639,2,1,0.057370200753211975
9640,5,0,-0.051191315054893494
9641,6,1,-0.0024345368146896362
9642,0,1,-0.04462180286645889
9643,9,1,-0.08920937031507492
9644,0,1,-0.09636655449867249
9645,1,1,-0.048851609230041504
9646,5,0,-0.03533986210823059
9647,3,1,-0.07115954160690308
9648,3,1,-0.019694551825523376
9649,5,0,-0.06842464208602905
9650,8,1,-0.08108275383710861
9651,7,1,-0.003070160746574402
9652,5,0,-0.04432441294193268
9653,6,1,0.0429328978061676
9654,5,0,-0.05831942707300186
9655,8,1,-0.053950533270835876
9656,0,1,0.012174263596534729
9657,5,0,-0.07116398215293884
9658,9,1,0.022829338908195496
9659,4,1,-0.057234518229961395
9660,6,1,-0.058465756475925446
9661,5,0,-0.07858763635158539
9662,1,1,-0.0065418630838394165
9663,1,1,-0.08637721091508865
9664,0,1,-0.05612586438655853
9665,3,1,-0.0432966873049736
9666,3,1,-0.08965639770030975
9667,9,1,-0.051609233021736145
9668,4,1,0.03121216595172882
9669,8,1,-0.10110891610383987
9670,1,1,-0.003510192036628723
9671,7,1,-0.049709752202034
9672,7,1,-0.02079416811466217
9673,9,1,-0.01785007119178772
9674,9,1,-0.06961466372013092
9675,4,1,0.021358564496040344
9676,3,1,-0.048287540674209595
9677,6,1,0.016570210456848145
9678,3,1,0.021682769060134888
9679,2,1,-0.0764782652258873
9680,8,1,-0.05722212791442871
9681,2,1,0.12581594288349152
9682,7,1,0.07056985795497894
9683,6,1,-0.013255998492240906
9684,7,1,-0.04769871383905411
9685,0,1,0.12454359233379364
9686,2,1,-0.029479503631591797
9687,1,1,0.12485258281230927
9688,2,1,0.05338491499423981
9689,9,1,0.0751541405916214
9690,4,1,-0.04739929735660553
9691,6,1,-0.04132024943828583
9692,9,1,-0.05305546522140503
9693,6,1,-0.06788744032382965
9694,1,1,-0.00024691224098205566
9695,0,1,-0.060609087347984314
9696,1,1,0.04081122577190399
9697,8,1,-0.01668451726436615
9698,7,1,-0.06996175646781921
9699,0,1,-0.01243312656879425
9700,0,1,0.13974229991436005
9701,4,1,0.012834429740905762
9702,7,1,-0.02994014322757721
9703,4,1,-0.0040817707777023315
9704,2,1,-0.014105305075645447
9705,6,1,-0.05305584520101547
9706,9,1,-0.01094423234462738
9707,5,0,-0.07803621888160706
9708,9,1,0.0022795647382736206
9709,0,1,-0.04414030909538269
9710,7,1,0.07860000431537628
9711,4,1,-0.0328439325094223
9712,5,0,-0.09606857597827911
9713,8,1,-0.06381290405988693
9714,1,1,-0.051087722182273865
9715,4,1,-0.06518624722957611
9716,7,1,-0.04302974045276642
9717,9,1,0.015704229474067688
9718,9,1,-0.039696112275123596
9719,8,1,-0.013721361756324768
9720,8,1,-0.028451353311538696
9721,6,1,-0.0458485409617424
9722,3,1,-0.02609856426715851
9723,7,1,-0.0764131098985672
9724,0,1,0.08052961528301239
9725,8,1,-0.05127209424972534
9726,9,1,-0.05045560002326965
9727,6,1,-0.019024953246116638
9728,2,1,-0.03655892610549927
9729,4,1,0.03106553852558136
9730,6,1,-0.07728224992752075
9731,2,1,-0.04535745084285736
9732,9,1,0.04543568193912506
9733,7,1,-0.055838488042354584
9734,4,1,0.03689749538898468
9735,6,1,-0.022183671593666077
9736,8,1,0.011360034346580505
9737,5,0,-0.017842531204223633
9738,6,1,-0.019001856446266174
9739,1,1,-0.004954710602760315
9740,3,1,0.028844907879829407
9741,5,0,-0.04267314821481705
9742,9,1,-0.05455813556909561
9743,9,1,-0.04751694202423096
9744,1,1,-0.0699111819267273
9745,3,1,-0.05509701371192932
9746,2,1,-0.06772655248641968
9747,0,1,0.3098345398902893
9748,3,1,-0.02487333118915558
9749,0,1,-0.03236595541238785
9750,2,1,-0.04780832678079605
9751,0,1,-0.007561400532722473
9752,7,1,-0.06695772707462311
9753,3,1,-0.055715784430503845
9754,9,1,-0.03219813108444214
9755,3,1,0.015430688858032227
9756,5,0,-0.04702097177505493
9757,7,1,-0.05206644535064697
9758,6,1,-0.06781655550003052
9759,5,0,-0.05472344160079956
9760,9,1,-0.0701351910829544
9761,5,0,-0.030419297516345978
9762,6,1,0.0069652944803237915
9763,1,1,-0.08640933036804199
9764,2,1,-0.05892321467399597
9765,4,1,-0.055756404995918274
9766,0,1,-0.056666746735572815
9767,2,1,0.014843806624412537
9768,7,1,-0.034956976771354675
9769,8,1,0.019047632813453674
9770,4,1,-0.090338796377182
9771,4,1,0.015557989478111267
9772,0,1,-0.09008541703224182
9773,9,1,-0.0530330091714859
9774,5,0,-0.05065418779850006
9775,9,1,-0.05023182928562164
9776,2,1,0.06762303411960602
9777,9,1,0.025783643126487732
9778,3,1,-0.022852852940559387
9779,2,1,0.002846941351890564
9780,4,1,-0.049096912145614624
9781,3,1,-0.011649742722511292
9782,2,1,0.05672748386859894
9783,2,1,-0.058463096618652344
9784,8,1,-0.04467257112264633
9785,8,1,-0.01741228997707367
9786,6,1,0.02139274775981903
9787,8,1,-0.054596155881881714
9788,1,1,-0.05362334102392197
9789,6,1,-0.0791744515299797
9790,8,1,0.003261879086494446
9791,9,1,-0.0351911336183548
9792,8,1,-0.039962828159332275
9793,2,1,-0.07442686706781387
9794,1,1,0.009768947958946228
9795,4,1,-0.042071789503097534
9796,9,1,-0.028124116361141205
9797,1,1,-0.009763449430465698
9798,5,0,-0.09224272519350052
9799,7,1,-0.011456772685050964
9800,1,1,-0.0516524463891983
9801,6,1,-0.10825395584106445
9802,0,1,-0.04765915870666504
9803,1,1,-0.06514693796634674
9804,5,0,-0.0707508772611618
9805,2,1,-0.015924394130706787
9806,8,1,-0.023112386465072632
9807,1,1,0.04132126271724701
9808,1,1,-0.05381910502910614
9809,3,1,-0.0711999461054802
9810,8,1,-0.08892758935689926
9811,1,1,-0.030798055231571198
9812,3,1,-0.08287809789180756
9813,1,1,-0.010846376419067383
9814,8,1,-0.012272730469703674
9815,5,0,0.07500748336315155
9816,1,1,0.1084645539522171
9817,9,1,-0.04935212433338165
9818,0,1,0.011723741888999939
9819,3,1,-0.03846003860235214
9820,0,1,0.023669913411140442
9821,4,1,-0.0327007919549942
9822,0,1,-0.07152000814676285
9823,5,0,-0.057661272585392
9824,1,1,-0.030482575297355652
9825,2,1,-0.06249488890171051
9826,0,1,0.044613391160964966
9827,4,1,0.010878384113311768
9828,9,1,-0.06545484066009521
9829,5,0,-0.04924114793539047
9830,1,1,-0.0027284324169158936
9831,2,1,0.0010201036930084229
9832,2,1,-0.08597829937934875
9833,7,1,-0.013991430401802063
9834,8,1,-0.029377110302448273
9835,7,1,-0.02478279173374176
9836,2,1,0.020686939358711243
9837,4,1,-0.05506925284862518
9838,5,0,-0.057917870581150055
9839,3,1,-0.05401352047920227
9840,4,1,-0.048600926995277405
9841,0,1,0.26063501834869385
9842,6,1,-0.05770073086023331
9843,1,1,-0.08108744770288467
9844,5,0,-0.08559829741716385
9845,9,1,-0.02526913583278656
9846,8,1,-0.0803585946559906
9847,0,1,-0.011868730187416077
9848,2,1,0.28618085384368896
9849,0,1,0.01687641441822052
9850,7,1,0.08274783194065094
9851,6,1,-0.07446059584617615
9852,0,1,0.009300842881202698
9853,5,0,0.00571952760219574
9854,9,1,-0.026975125074386597
9855,7,1,-0.07644354552030563
9856,5,0,0.043398573994636536
9857,0,1,-0.05484887957572937
9858,4,1,-0.021663472056388855
9859,6,1,-0.05366472154855728
9860,0,1,-0.06365901231765747
9861,6,1,-0.00480295717716217
9862,3,1,-0.04689624905586243
9863,6,1,-0.03485429286956787
9864,8,1,-0.057889536023139954
9865,1,1,0.0030197054147720337
9866,1,1,-0.047575511038303375
9867,8,1,-0.05127299576997757
9868,9,1,-0.05003264546394348
9869,7,1,-0.006123065948486328
9870,2,1,-0.022324547171592712
9871,9,1,-0.03862908482551575
9872,0,1,-0.07604501396417618
9873,2,1,-0.0072224438190460205
9874,2,1,-0.0548386350274086
9875,9,1,-0.08226338773965836
9876,0,1,-0.01631772518157959
9877,6,1,-0.030732035636901855
9878,5,0,-0.005941718816757202
9879,7,1,-0.09218419343233109
9880,7,1,-0.05699418485164642
9881,9,1,-0.05857260525226593
9882,1,1,-0.013783156871795654
9883,7,1,-0.06023981422185898
9884,9,1,-0.02525217831134796
9885,8,1,-0.08560271561145782
9886,4,1,-0.015984728932380676
9887,5,0,-0.03595730662345886
9888,0,1,-0.019198164343833923
9889,8,1,-0.02080090343952179
9890,0,1,0.004451632499694824
9891,2,1,-0.03059208393096924
9892,5,0,0.009051218628883362
9893,2,1,-0.04256182909011841
9894,1,1,0.05877268314361572
9895,4,1,-0.04042796790599823
9896,4,1,-0.054842859506607056
9897,8,1,-0.06939201056957245
9898,9,1,-0.02839292585849762
9899,7,1,-0.07044999301433563
9900,8,1,0.022844910621643066
9901,3,1,-0.03889547288417816
9902,6,1,-0.0655844658613205
9903,6,1,0.024623379111289978
9904,0,1,-0.07039375603199005
9905,1,1,-0.06377280503511429
9906,1,1,-0.06610152125358582
9907,1,1,0.011930778622627258
9908,8,1,-0.05094987899065018
9909,1,1,-0.028566569089889526
9910,4,1,-0.0500236451625824
9911,4,1,-0.028625018894672394
9912,0,1,0.17485828697681427
9913,7,1,0.016151264309883118
9914,8,1,-0.05704856663942337
9915,2,1,0.06881889700889587
9916,1,1,-0.061701707541942596
9917,2,1,-0.018733248114585876
9918,5,0,-0.05079413205385208
9919,4,1,-0.04982656240463257
9920,6,1,-0.05259080231189728
9921,0,1,0.8250200748443604
9922,5,0,-0.08820659667253494
9923,7,1,-0.00651116669178009
9924,4,1,0.23160730302333832
9925,4,1,-0.009011536836624146
9926,3,1,-0.0774221271276474
9927,9,1,0.007281899452209473
9928,5,0,-0.02510473132133484
9929,8,1,-0.09187629073858261
9930,8,1,-0.03955338895320892
9931,0,1,0.008428648114204407
9932,8,1,0.0033333152532577515
9933,7,1,-0.10532177239656448
9934,4,1,-0.04560944437980652
9935,1,1,0.007464885711669922
9936,8,1,-0.04315251111984253
9937,4,1,-0.052615076303482056
9938,9,1,-0.02499590814113617
9939,5,0,-0.08040952682495117
9940,4,1,-0.03593405336141586
9941,1,1,-0.017709970474243164
9942,7,1,-0.07033778727054596
9943,7,1,-0.04615296423435211
9944,7,1,-0.02601495385169983
9945,7,1,-0.0003863126039505005
9946,0,1,-0.05261589586734772
9947,3,1,-0.052841752767562866
9948,8,1,-0.007935002446174622
9949,3,1,-0.017700135707855225
9950,3,1,-0.06106828153133392
9951,0,1,0.06925062835216522
9952,5,0,-0.046803973615169525
9953,7,1,-0.02855697274208069
9954,0,1,-0.03305304795503616
9955,8,1,-0.05735117197036743
9956,0,1,0.017263010144233704
9957,0,1,0.0033588260412216187
9958,9,1,0.004071712493896484
9959,2,1,-0.018484503030776978
9960,2,1,-0.02103249728679657
9961,3,1,0.019803807139396667
9962,4,1,-0.04428943246603012
9963,8,1,-0.0632714331150055
9964,2,1,0.013689368963241577
9965,2,1,-0.022233128547668457
9966,6,1,-0.07955196499824524
9967,3,1,-0.03037482500076294
9968,3,1,-0.01031707227230072
9969,6,1,-0.04014122486114502
9970,2,1,-0.022991374135017395
9971,9,1,-0.0753810852766037
9972,4,1,-0.08367109298706055
9973,0,1,-0.05402609705924988
9974,1,1,-0.020813584327697754
9975,7,1,-0.06472626328468323
9976,5,0,-0.011744990944862366
9977,5,0,-0.09852901101112366
9978,7,1,-0.09010277688503265
9979,3,1,0.02325819432735443
9980,0,1,-0.008088871836662292
9981,4,1,-0.03101709485054016
9982,2,1,-0.08361037075519562
9983,0,1,0.049146994948387146
9984,7,1,-0.053528062999248505
9985,5,0,-0.02270449697971344
9986,8,1,0.1725088506937027
9987,0,1,0.01787950098514557
9988,8,1,0.10408090054988861
9989,2,1,-0.06291906535625458
9990,7,1,-0.0640886127948761
9991,0,1,0.0027235597372055054
9992,3,1,-0.06911031156778336
9993,5,0,-0.05429833382368088
9994,3,1,-0.05729372799396515
9995,8,1,-0.07751896977424622
9996,3,1,-0.0015518218278884888
9997,5,0,-0.07876521348953247
9998,1,1,-0.009668663144111633
9999,7,1,0.02196282148361206
