sample_id,original_label,anomaly_label,score
0,7,1,0.12525922060012817
1,2,1,0.3860173225402832
2,1,1,0.12304805219173431
3,0,1,0.06214217096567154
4,4,1,0.10770658403635025
5,1,1,0.07901263236999512
6,4,1,0.11382408440113068
7,9,1,0.13016125559806824
8,5,1,0.15945810079574585
9,9,1,0.05380267649888992
10,0,1,0.2231590449810028
11,6,1,0.08476442098617554
12,9,1,0.09049637615680695
13,0,1,0.12727171182632446
14,1,1,0.07485248148441315
15,5,1,0.2808386981487274
16,9,1,0.06029067561030388
17,7,1,0.16763393580913544
18,3,1,0.16874569654464722
19,4,1,0.13152682781219482
20,9,1,0.028877006843686104
21,6,1,0.08086498081684113
22,6,1,0.11946170032024384
23,5,1,0.149653822183609
24,4,1,0.18928809463977814
25,0,1,0.08552738279104233
26,7,1,0.3528333306312561
27,4,1,0.09858719259500504
28,0,1,0.050585560500621796
29,1,1,0.1672309786081314
30,3,1,0.09220992773771286
31,1,1,0.1013558954000473
32,3,1,0.07163315266370773
33,4,1,0.13460958003997803
34,7,1,0.132727712392807
35,2,1,0.16250166296958923
36,7,1,0.13153931498527527
37,1,1,0.11089519411325455
38,2,1,0.18357279896736145
39,1,1,0.1006479412317276
40,1,1,0.1888730823993683
41,7,1,0.1090136468410492
42,4,1,0.07365036010742188
43,2,1,0.17134100198745728
44,3,1,0.16057050228118896
45,5,1,0.04262731596827507
46,1,1,0.10976592451334
47,2,1,0.3230014443397522
48,4,1,0.04052571579813957
49,4,1,0.07503607869148254
50,6,1,0.060232922434806824
51,3,1,0.05123276263475418
52,5,1,0.08073484897613525
53,5,1,0.30237746238708496
54,6,1,0.24203380942344666
55,0,1,0.03784382715821266
56,4,1,0.11400419473648071
57,1,1,0.12530037760734558
58,9,1,0.06656834483146667
59,5,1,0.12810850143432617
60,7,1,0.21356123685836792
61,8,0,0.04045768827199936
62,9,1,0.11812987178564072
63,3,1,0.130979984998703
64,7,1,0.09508763253688812
65,4,1,0.1139545887708664
66,6,1,0.08413947373628616
67,4,1,0.16941237449645996
68,3,1,0.018506936728954315
69,0,1,0.15091438591480255
70,7,1,0.23939242959022522
71,0,1,0.14932765066623688
72,2,1,0.2538595199584961
73,9,1,0.046092499047517776
74,1,1,0.06749287247657776
75,7,1,0.08923526108264923
76,3,1,0.12072201818227768
77,2,1,0.20239201188087463
78,9,1,0.03313916549086571
79,7,1,0.04772317409515381
80,7,1,0.15077412128448486
81,6,1,0.052636802196502686
82,2,1,0.08789640665054321
83,7,1,0.18495789170265198
84,8,0,0.057641759514808655
85,4,1,0.08338512480258942
86,7,1,0.0891273021697998
87,3,1,0.1348942369222641
88,6,1,0.18900251388549805
89,1,1,0.09111492335796356
90,3,1,0.08080923557281494
91,6,1,0.10058574378490448
92,9,1,0.04976169392466545
93,3,1,0.04195253923535347
94,1,1,0.03851441293954849
95,4,1,0.07430198788642883
96,1,1,0.17563088238239288
97,7,1,0.13413146138191223
98,6,1,0.1385553777217865
99,9,1,0.15633538365364075
100,6,1,0.14634205400943756
101,0,1,0.17420396208763123
102,5,1,0.11226394027471542
103,4,1,0.15771213173866272
104,9,1,0.21784736216068268
105,9,1,0.09433870762586594
106,2,1,0.1105710044503212
107,1,1,0.045957453548908234
108,9,1,0.0802604928612709
109,4,1,0.14152756333351135
110,8,0,0.036061812192201614
111,7,1,0.07102276384830475
112,3,1,0.0810728371143341
113,9,1,0.08136749267578125
114,7,1,0.12549442052841187
115,4,1,0.07695338129997253
116,4,1,0.19706827402114868
117,4,1,0.1654307246208191
118,9,1,0.09131977707147598
119,2,1,0.038566239178180695
120,5,1,0.04422377794981003
121,4,1,0.059698887169361115
122,7,1,0.3089945614337921
123,6,1,0.05034486949443817
124,7,1,0.17111912369728088
125,9,1,0.0657675713300705
126,0,1,0.21353945136070251
127,5,1,0.07917040586471558
128,8,0,0.030745381489396095
129,5,1,0.058352578431367874
130,6,1,0.10410899668931961
131,6,1,0.06151961162686348
132,5,1,0.038972705602645874
133,7,1,0.1690433919429779
134,8,0,0.019825296476483345
135,1,1,0.0970475822687149
136,0,1,0.06589888781309128
137,1,1,0.050057779997587204
138,6,1,0.15517264604568481
139,4,1,0.042610108852386475
140,6,1,0.08313047140836716
141,7,1,0.3275662362575531
142,3,1,0.2965233325958252
143,1,1,0.12503604590892792
144,7,1,0.06551474332809448
145,1,1,0.15123873949050903
146,8,0,0.03654173016548157
147,2,1,0.12082763761281967
148,0,1,0.10543489456176758
149,2,1,0.29009896516799927
150,9,1,0.0892065167427063
151,9,1,0.1627567857503891
152,5,1,0.10963261872529984
153,5,1,0.061010804027318954
154,1,1,0.16828137636184692
155,5,1,0.09188921749591827
156,6,1,0.2363182157278061
157,0,1,0.036136481910943985
158,3,1,0.32816895842552185
159,4,1,0.10393179953098297
160,4,1,0.11394569277763367
161,6,1,0.1044405847787857
162,5,1,0.05257245898246765
163,4,1,0.11823756992816925
164,6,1,0.15763923525810242
165,5,1,0.0512874610722065
166,4,1,0.09600883722305298
167,5,1,0.17214936017990112
168,1,1,0.0647544413805008
169,4,1,0.08771394193172455
170,4,1,0.14103153347969055
171,7,1,0.07694606482982635
172,2,1,0.16763097047805786
173,3,1,0.23695257306098938
174,2,1,0.08641772717237473
175,7,1,0.17565633356571198
176,1,1,0.1930513083934784
177,8,0,0.009935214184224606
178,1,1,0.12528672814369202
179,8,0,0.03548337519168854
180,1,1,0.1306608021259308
181,8,0,0.02820252999663353
182,5,1,0.047067463397979736
183,0,1,0.20938362181186676
184,8,0,0.03454260155558586
185,9,1,0.07209636270999908
186,2,1,0.06755606085062027
187,5,1,0.11107981204986572
188,0,1,0.2008296698331833
189,1,1,0.12078466266393661
190,1,1,0.054294802248477936
191,1,1,0.1589462161064148
192,0,1,0.0688263550400734
193,9,1,0.13648557662963867
194,0,1,0.07955113053321838
195,3,1,0.21218347549438477
196,1,1,0.06087552756071091
197,6,1,0.07888740301132202
198,4,1,0.12343773245811462
199,2,1,0.03177690505981445
200,3,1,0.03658594191074371
201,6,1,0.21355295181274414
202,1,1,0.05629541724920273
203,1,1,0.1674373745918274
204,1,1,0.16356483101844788
205,3,1,0.15577706694602966
206,9,1,0.06883750855922699
207,5,1,0.10763312131166458
208,2,1,0.08200471848249435
209,9,1,0.19153395295143127
210,4,1,0.14312617480754852
211,5,1,0.15019063651561737
212,9,1,0.19752568006515503
213,3,1,0.1086588129401207
214,9,1,0.04872199892997742
215,0,1,0.055620066821575165
216,3,1,0.0874372199177742
217,6,1,0.1013607531785965
218,5,1,0.04779200255870819
219,5,1,0.07889066636562347
220,7,1,0.13559064269065857
221,2,1,0.04747403785586357
222,2,1,0.04870397597551346
223,7,1,0.08945412188768387
224,1,1,0.11900769919157028
225,2,1,0.18649178743362427
226,8,0,0.054820671677589417
227,4,1,0.13420048356056213
228,1,1,0.06947140395641327
229,7,1,0.16749928891658783
230,3,1,0.050318144261837006
231,3,1,0.2106228470802307
232,8,0,0.0631009191274643
233,8,0,0.030654365196824074
234,7,1,0.14474619925022125
235,9,1,0.08629160374403
236,2,1,0.20879732072353363
237,2,1,0.13729099929332733
238,4,1,0.14168480038642883
239,1,1,0.15174448490142822
240,5,1,0.046034879982471466
241,9,1,0.04381781071424484
242,8,0,0.02489854395389557
243,7,1,0.16362318396568298
244,2,1,0.2372707724571228
245,3,1,0.2518226206302643
246,0,1,0.1733429729938507
247,4,1,0.11038824170827866
248,4,1,0.11817126721143723
249,2,1,0.11706262826919556
250,4,1,0.06880643218755722
251,1,1,0.1363123208284378
252,9,1,0.09311634302139282
253,5,1,0.10113393515348434
254,7,1,0.1957530975341797
255,7,1,0.12620526552200317
256,2,1,0.04820476844906807
257,8,0,0.042520374059677124
258,2,1,0.09382940828800201
259,6,1,0.1232796236872673
260,8,0,0.06432948261499405
261,5,1,0.07735457271337509
262,7,1,0.30245065689086914
263,7,1,0.1581021100282669
264,9,1,0.059094786643981934
265,1,1,0.08194520324468613
266,8,0,0.04157302528619766
267,1,1,0.09941796958446503
268,8,0,0.08129942417144775
269,0,1,0.2598075866699219
270,3,1,0.11785091459751129
271,0,1,0.05391359329223633
272,1,1,0.10811720788478851
273,9,1,0.05325967073440552
274,9,1,0.0904349535703659
275,4,1,0.14716269075870514
276,1,1,0.12018914520740509
277,8,0,0.049166422337293625
278,2,1,0.05920231714844704
279,1,1,0.1885271966457367
280,2,1,0.14089009165763855
281,9,1,0.07631481438875198
282,7,1,0.06106627732515335
283,5,1,0.2752087116241455
284,9,1,0.07609793543815613
285,2,1,0.37823325395584106
286,6,1,0.09177803993225098
287,4,1,0.29966577887535095
288,1,1,0.08512035012245178
289,5,1,0.037417933344841
290,8,0,0.06868679076433182
291,2,1,0.17048397660255432
292,9,1,0.07808402180671692
293,2,1,0.06434617936611176
294,0,1,0.09314504265785217
295,4,1,0.1729232668876648
296,0,1,0.16450363397598267
297,0,1,0.15239167213439941
298,2,1,0.09972528368234634
299,8,0,0.03284994140267372
300,4,1,0.0715133398771286
301,7,1,0.11181715130805969
302,1,1,0.09358039498329163
303,2,1,0.12921155989170074
304,4,1,0.07153813540935516
305,0,1,0.40447551012039185
306,2,1,0.17384254932403564
307,7,1,0.0802110955119133
308,4,1,0.05809455364942551
309,3,1,0.4157891273498535
310,3,1,0.1212821826338768
311,0,1,0.04533551260828972
312,0,1,0.06792034208774567
313,3,1,0.19677002727985382
314,1,1,0.09469427168369293
315,9,1,0.05001656711101532
316,6,1,0.18154095113277435
317,5,1,0.10229269415140152
318,2,1,0.227638840675354
319,5,1,0.14988836646080017
320,9,1,0.06365440785884857
321,2,1,0.07823243737220764
322,9,1,0.2031773030757904
323,3,1,0.13674336671829224
324,0,1,0.14163953065872192
325,4,1,0.09001979231834412
326,2,1,0.1901300847530365
327,0,1,0.07867808640003204
328,7,1,0.07229790091514587
329,1,1,0.09505876153707504
330,1,1,0.1409754753112793
331,2,1,0.4645047187805176
332,1,1,0.10693633556365967
333,5,1,0.22983771562576294
334,3,1,0.2911536395549774
335,3,1,0.09666148573160172
336,9,1,0.10831677913665771
337,7,1,0.15432330965995789
338,8,0,0.11983110010623932
339,6,1,0.12720128893852234
340,5,1,0.05136466771364212
341,6,1,0.24182173609733582
342,1,1,0.10616050660610199
343,3,1,0.12813176214694977
344,8,0,0.06969381868839264
345,1,1,0.08347968757152557
346,0,1,0.029602082446217537
347,5,1,0.04143579304218292
348,1,1,0.1121549978852272
349,3,1,0.0901544988155365
350,1,1,0.094839908182621
351,5,1,0.06660337001085281
352,5,1,0.12477872520685196
353,6,1,0.1129208579659462
354,1,1,0.11668392270803452
355,8,0,0.04788826406002045
356,5,1,0.045479290187358856
357,1,1,0.20791631937026978
358,7,1,0.18046835064888
359,9,1,0.04168000444769859
360,4,1,0.3373459279537201
361,6,1,0.11070054024457932
362,2,1,0.13668866455554962
363,2,1,0.30127647519111633
364,5,1,0.07076724618673325
365,0,1,0.03780809044837952
366,6,1,0.09747646003961563
367,5,1,0.34534353017807007
368,6,1,0.1102575957775116
369,3,1,0.16470959782600403
370,7,1,0.18127554655075073
371,2,1,0.27018260955810547
372,0,1,0.4221932291984558
373,8,0,0.04111462086439133
374,8,0,0.023757686838507652
375,5,1,0.09455632418394089
376,4,1,0.09464751183986664
377,1,1,0.1451786458492279
378,1,1,0.15409931540489197
379,4,1,0.11415433883666992
380,0,1,0.36615273356437683
381,3,1,0.24281427264213562
382,3,1,0.03960335999727249
383,7,1,0.18301373720169067
384,6,1,0.13525530695915222
385,1,1,0.16034597158432007
386,6,1,0.0838538408279419
387,2,1,0.2884462773799896
388,1,1,0.07071331143379211
389,9,1,0.10018396377563477
390,2,1,0.07701237499713898
391,8,0,0.03344043344259262
392,6,1,0.10621409863233566
393,1,1,0.10918546468019485
394,9,1,0.09128518402576447
395,5,1,0.06366746127605438
396,2,1,0.1042424887418747
397,5,1,0.07538008689880371
398,4,1,0.13761910796165466
399,4,1,0.26910626888275146
400,2,1,0.054901398718357086
401,8,0,0.035676341503858566
402,3,1,0.2551582455635071
403,8,0,0.04354638233780861
404,2,1,0.05905267596244812
405,4,1,0.14353759586811066
406,5,1,0.05678797513246536
407,0,1,0.11495773494243622
408,3,1,0.09846583008766174
409,1,1,0.0646476149559021
410,7,1,0.25071632862091064
411,7,1,0.06405624002218246
412,5,1,0.0714665949344635
413,7,1,0.11976375430822372
414,9,1,0.08818906545639038
415,7,1,0.11815781891345978
416,1,1,0.10161581635475159
417,9,1,0.08331595361232758
418,2,1,0.060696810483932495
419,1,1,0.18453261256217957
420,4,1,0.11830388754606247
421,2,1,0.2336893379688263
422,9,1,0.08038286864757538
423,2,1,0.2553713321685791
424,0,1,0.20264071226119995
425,4,1,0.19797593355178833
426,9,1,0.055447012186050415
427,1,1,0.11800787597894669
428,4,1,0.10923003405332565
429,8,0,0.0456249937415123
430,1,1,0.1302814483642578
431,8,0,0.1592262089252472
432,4,1,0.23183667659759521
433,5,1,0.060747966170310974
434,9,1,0.06610734015703201
435,8,0,0.04590197652578354
436,8,0,0.038094304502010345
437,3,1,0.13969656825065613
438,7,1,0.11499615013599396
439,6,1,0.06895990669727325
440,0,1,0.0634705051779747
441,0,1,0.03831839561462402
442,3,1,0.08310653269290924
443,0,1,0.04225384443998337
444,2,1,0.07692515850067139
445,6,1,0.18310639262199402
446,6,1,0.040982622653245926
447,4,1,0.05088203400373459
448,9,1,0.013993589207530022
449,3,1,0.0942244827747345
450,3,1,0.043096937239170074
451,3,1,0.030909463763237
452,2,1,0.2040165364742279
453,3,1,0.33717381954193115
454,9,1,0.09464302659034729
455,1,1,0.08033749461174011
456,2,1,0.11432017385959625
457,6,1,0.06139010936021805
458,8,0,0.03380753472447395
459,0,1,0.13764312863349915
460,5,1,0.05845731496810913
461,6,1,0.16285866498947144
462,6,1,0.09508302807807922
463,6,1,0.09229762852191925
464,3,1,0.11164948344230652
465,8,0,0.019677607342600822
466,8,0,0.03065602108836174
467,2,1,0.08850285410881042
468,7,1,0.0633808970451355
469,5,1,0.04480060935020447
470,8,0,0.03425237536430359
471,9,1,0.10270893573760986
472,6,1,0.19812414050102234
473,1,1,0.16777390241622925
474,8,0,0.021840061992406845
475,4,1,0.22872529923915863
476,1,1,0.0943148285150528
477,2,1,0.30692729353904724
478,5,1,0.061383504420518875
479,9,1,0.07603223621845245
480,1,1,0.18577896058559418
481,9,1,0.1336982250213623
482,7,1,0.32208508253097534
483,5,1,0.13225209712982178
484,4,1,0.11579419672489166
485,0,1,0.10234817862510681
486,8,0,0.07387816905975342
487,9,1,0.05963583290576935
488,9,1,0.10554558038711548
489,1,1,0.16919443011283875
490,0,1,0.17889529466629028
491,5,1,0.058017805218696594
492,2,1,0.11552666872739792
493,3,1,0.10663694143295288
494,7,1,0.12641170620918274
495,8,0,0.03808871656656265
496,9,1,0.12151052057743073
497,4,1,0.07589849084615707
498,0,1,0.026483265683054924
499,6,1,0.14684627950191498
500,3,1,0.11248043179512024
501,9,1,0.11867831647396088
502,5,1,0.10895682126283646
503,2,1,0.1235424354672432
504,1,1,0.17288167774677277
505,3,1,0.04587826877832413
506,1,1,0.10768330097198486
507,3,1,0.05716322734951973
508,6,1,0.0505070686340332
509,5,1,0.09438616037368774
510,7,1,0.07550495117902756
511,4,1,0.08006980270147324
512,2,1,0.2057444453239441
513,2,1,0.13584543764591217
514,6,1,0.08400645107030869
515,3,1,0.06285381317138672
516,2,1,0.4017374813556671
517,6,1,0.07657522708177567
518,5,1,0.09205766022205353
519,4,1,0.053505267947912216
520,8,0,0.038671642541885376
521,9,1,0.11606371402740479
522,7,1,0.1393725574016571
523,1,1,0.1720237135887146
524,3,1,0.405994176864624
525,0,1,0.16237828135490417
526,3,1,0.07979783415794373
527,8,0,0.0330401174724102
528,3,1,0.09930237382650375
529,1,1,0.11157013475894928
530,9,1,0.06058943644165993
531,3,1,0.2084057778120041
532,4,1,0.08459404110908508
533,4,1,0.12486705183982849
534,6,1,0.07894551753997803
535,4,1,0.1551675945520401
536,2,1,0.5291818380355835
537,1,1,0.08330098539590836
538,8,0,0.08250406384468079
539,2,1,0.08354055136442184
540,5,1,0.1496002972126007
541,4,1,0.12332062423229218
542,8,0,0.1557958871126175
543,8,0,0.15075862407684326
544,4,1,0.12925219535827637
545,0,1,0.2309107631444931
546,0,1,0.16341102123260498
547,2,1,0.1220756471157074
548,3,1,0.06157948076725006
549,2,1,0.17851559817790985
550,7,1,0.07925593852996826
551,7,1,0.12127295136451721
552,0,1,0.019969318062067032
553,8,0,0.06966427713632584
554,7,1,0.06546744704246521
555,4,1,0.09900055080652237
556,4,1,0.17990005016326904
557,7,1,0.14039099216461182
558,9,1,0.06475101411342621
559,6,1,0.14969034492969513
560,9,1,0.05547970533370972
561,0,1,0.21540915966033936
562,9,1,0.1297350525856018
563,8,0,0.027895156294107437
564,0,1,0.09044474363327026
565,4,1,0.1161198765039444
566,6,1,0.07245512306690216
567,0,1,0.1368407905101776
568,6,1,0.06261368840932846
569,3,1,0.16983941197395325
570,5,1,0.03641466796398163
571,4,1,0.11199790239334106
572,8,0,0.023695502430200577
573,3,1,0.1325310319662094
574,3,1,0.1328580379486084
575,9,1,0.06365334987640381
576,3,1,0.04122611880302429
577,3,1,0.047056932002305984
578,3,1,0.07466888427734375
579,7,1,0.05006016790866852
580,8,0,0.02544236369431019
581,0,1,0.2122253179550171
582,8,0,0.11776407063007355
583,2,1,0.10498183965682983
584,1,1,0.12243321537971497
585,7,1,0.23016661405563354
586,0,1,0.261508584022522
587,6,1,0.12939497828483582
588,5,1,0.10496541857719421
589,4,1,0.22379925847053528
590,3,1,0.09931837022304535
591,8,0,0.04907246306538582
592,0,1,0.08379778265953064
593,9,1,0.07234038412570953
594,6,1,0.0374533087015152
595,3,1,0.09780183434486389
596,8,0,0.03571736812591553
597,0,1,0.10958492755889893
598,9,1,0.07390803843736649
599,9,1,0.12244946509599686
600,6,1,0.10889996588230133
601,8,0,0.05165591090917587
602,6,1,0.13382109999656677
603,8,0,0.03376587852835655
604,5,1,0.06982210278511047
605,7,1,0.06770524382591248
606,8,0,0.08643876016139984
607,6,1,0.18154987692832947
608,0,1,0.2839856445789337
609,2,1,0.20744669437408447
610,4,1,0.08586250245571136
611,0,1,0.11545681953430176
612,2,1,0.36741048097610474
613,2,1,0.11067211627960205
614,3,1,0.10856394469738007
615,1,1,0.07461676001548767
616,9,1,0.10900615155696869
617,7,1,0.12156309187412262
618,5,1,0.09288506209850311
619,1,1,0.09807425737380981
620,0,1,0.1426939070224762
621,8,0,0.033389437943696976
622,4,1,0.11083546280860901
623,6,1,0.10128419101238251
624,2,1,0.08878143876791
625,6,1,0.1626129448413849
626,7,1,0.08382698893547058
627,9,1,0.08164224028587341
628,3,1,0.12031242996454239
629,2,1,0.4188261032104492
630,9,1,0.09183235466480255
631,8,0,0.08165594935417175
632,2,1,0.13387253880500793
633,2,1,0.11506800353527069
634,9,1,0.1437150090932846
635,2,1,0.1070176362991333
636,7,1,0.22642886638641357
637,3,1,0.13127592206001282
638,5,1,0.09673142433166504
639,9,1,0.04374197497963905
640,1,1,0.0891762524843216
641,8,0,0.024960322305560112
642,0,1,0.11434178054332733
643,2,1,0.24886372685432434
644,0,1,0.08526326715946198
645,5,1,0.04616440832614899
646,2,1,0.11597605794668198
647,1,1,0.13239745795726776
648,3,1,0.08034903556108475
649,7,1,0.2186417281627655
650,6,1,0.14865630865097046
651,7,1,0.16748574376106262
652,1,1,0.07722888886928558
653,2,1,0.38315126299858093
654,5,1,0.22487543523311615
655,8,0,0.04866909235715866
656,0,1,0.2474992871284485
657,3,1,0.04463239759206772
658,7,1,0.12523439526557922
659,2,1,0.05663236230611801
660,4,1,0.0774541050195694
661,0,1,0.02848157286643982
662,9,1,0.14735567569732666
663,1,1,0.15498128533363342
664,8,0,0.10540619492530823
665,6,1,0.22660432755947113
666,7,1,0.08539210259914398
667,7,1,0.18544207513332367
668,4,1,0.14591345191001892
669,3,1,0.07575283944606781
670,4,1,0.0658465176820755
671,9,1,0.09932251274585724
672,1,1,0.1323968470096588
673,9,1,0.052949778735637665
674,5,1,0.08788382261991501
675,1,1,0.09861820191144943
676,7,1,0.1672254502773285
677,3,1,0.1290498524904251
678,9,1,0.12953045964241028
679,7,1,0.10372786223888397
680,6,1,0.1720355600118637
681,9,1,0.13152706623077393
682,1,1,0.12042021006345749
683,3,1,0.0673864334821701
684,7,1,0.14617785811424255
685,8,0,0.1092587262392044
686,3,1,0.18783116340637207
687,3,1,0.11253297328948975
688,6,1,0.0526084303855896
689,7,1,0.12583789229393005
690,2,1,0.12404468655586243
691,8,0,0.04368658363819122
692,5,1,0.08240585029125214
693,8,0,0.03088514320552349
694,5,1,0.12862209975719452
695,1,1,0.13319769501686096
696,1,1,0.09883737564086914
697,4,1,0.1715904176235199
698,4,1,0.176218181848526
699,3,1,0.08333856612443924
700,1,1,0.08884327113628387
701,0,1,0.0830904096364975
702,7,1,0.08018457144498825
703,7,1,0.2133752852678299
704,0,1,0.3068145513534546
705,7,1,0.16496999561786652
706,9,1,0.16684596240520477
707,4,1,0.07565965503454208
708,4,1,0.10466121882200241
709,8,0,0.03242119774222374
710,5,1,0.05379831790924072
711,5,1,0.05769570171833038
712,4,1,0.08481752872467041
713,0,1,0.3408013582229614
714,8,0,0.0878349021077156
715,2,1,0.07136891782283783
716,1,1,0.10537000000476837
717,0,1,0.15144121646881104
718,8,0,0.020167112350463867
719,4,1,0.18794113397598267
720,5,1,0.18948742747306824
721,0,1,0.32473036646842957
722,4,1,0.18131202459335327
723,0,1,0.0767827257514
724,6,1,0.2584182322025299
725,1,1,0.17029176652431488
726,7,1,0.1102568656206131
727,3,1,0.07972496747970581
728,2,1,0.07619669288396835
729,6,1,0.07157967984676361
730,7,1,0.05550884082913399
731,2,1,0.26891040802001953
732,6,1,0.16219037771224976
733,9,1,0.1377582550048828
734,3,1,0.10602009296417236
735,1,1,0.07648423314094543
736,4,1,0.13754764199256897
737,6,1,0.24314551055431366
738,2,1,0.2036183774471283
739,5,1,0.034378841519355774
740,4,1,0.13029731810092926
741,2,1,0.15068896114826202
742,0,1,0.16892051696777344
743,6,1,0.07324931025505066
744,2,1,0.16915926337242126
745,1,1,0.06566734611988068
746,7,1,0.1400478184223175
747,3,1,0.07596568763256073
748,4,1,0.13944178819656372
749,1,1,0.14128130674362183
750,0,1,0.17739561200141907
751,5,1,0.06000470370054245
752,4,1,0.09490938484668732
753,3,1,0.027413547039031982
754,1,1,0.13388942182064056
755,1,1,0.13297536969184875
756,7,1,0.17325913906097412
757,4,1,0.09288880228996277
758,9,1,0.09879301488399506
759,9,1,0.05356689542531967
760,4,1,0.09097155928611755
761,8,0,0.024345004931092262
762,4,1,0.14023922383785248
763,0,1,0.20649230480194092
764,2,1,0.0662018209695816
765,4,1,0.09340503811836243
766,5,1,0.04268396645784378
767,1,1,0.12304769456386566
768,1,1,0.10584354400634766
769,6,1,0.07364439219236374
770,4,1,0.1075744777917862
771,7,1,0.11546166241168976
772,1,1,0.11902067065238953
773,9,1,0.12965448200702667
774,4,1,0.13464345037937164
775,2,1,0.06008778139948845
776,4,1,0.13170713186264038
777,1,1,0.12574487924575806
778,5,1,0.05245053023099899
779,5,1,0.1549910604953766
780,3,1,0.43327462673187256
781,8,0,0.052576944231987
782,3,1,0.14373204112052917
783,1,1,0.11306692659854889
784,4,1,0.17900286614894867
785,5,1,0.13529348373413086
786,6,1,0.07375209778547287
787,8,0,0.06267671287059784
788,9,1,0.07163849472999573
789,4,1,0.19339169561862946
790,1,1,0.08010882139205933
791,5,1,0.08985309302806854
792,3,1,0.1710590422153473
793,8,0,0.021641723811626434
794,0,1,0.12087999284267426
795,3,1,0.10246735066175461
796,2,1,0.07275618612766266
797,5,1,0.11289353668689728
798,1,1,0.13062040507793427
799,2,1,0.3808214068412781
800,8,0,0.0236738920211792
801,3,1,0.06808070838451385
802,4,1,0.1664169430732727
803,4,1,0.09486736357212067
804,0,1,0.10843636840581894
805,8,0,0.019470445811748505
806,8,0,0.07301725447177887
807,3,1,0.10329392552375793
808,3,1,0.07348577678203583
809,1,1,0.15632131695747375
810,7,1,0.09177979826927185
811,3,1,0.07183881849050522
812,5,1,0.06317658722400665
813,9,1,0.04709848016500473
814,6,1,0.12230756133794785
815,3,1,0.10499165207147598
816,2,1,0.07637737691402435
817,6,1,0.24182415008544922
818,1,1,0.054983317852020264
819,3,1,0.31029999256134033
820,6,1,0.09565477818250656
821,0,1,0.2543773949146271
822,7,1,0.16736917197704315
823,2,1,0.0465858094394207
824,1,1,0.07873409986495972
825,7,1,0.14433997869491577
826,1,1,0.13664820790290833
827,4,1,0.14472393691539764
828,2,1,0.26462322473526
829,4,1,0.13549494743347168
830,2,1,0.2964078187942505
831,1,1,0.10643960535526276
832,7,1,0.149885892868042
833,9,1,0.07942283153533936
834,6,1,0.05828852206468582
835,1,1,0.1439637839794159
836,1,1,0.07693202793598175
837,2,1,0.396638959646225
838,4,1,0.2055223286151886
839,8,0,0.035370081663131714
840,1,1,0.034632809460163116
841,7,1,0.275506854057312
842,7,1,0.13350841403007507
843,4,1,0.15388092398643494
844,8,0,0.09685312956571579
845,0,1,0.15028592944145203
846,7,1,0.08731541037559509
847,3,1,0.07205613702535629
848,1,1,0.08234702795743942
849,3,1,0.10613934695720673
850,1,1,0.10549171268939972
851,0,1,0.06917834281921387
852,7,1,0.18533974885940552
853,7,1,0.07115302979946136
854,0,1,0.2406313419342041
855,3,1,0.0294695682823658
856,5,1,0.11797180771827698
857,5,1,0.06897714734077454
858,2,1,0.07859527319669724
859,7,1,0.10747581720352173
860,6,1,0.16769562661647797
861,6,1,0.20831336081027985
862,9,1,0.10632450133562088
863,2,1,0.15701931715011597
864,8,0,0.03205105662345886
865,3,1,0.07592235505580902
866,5,1,0.04116913676261902
867,2,1,0.14144711196422577
868,2,1,0.08612212538719177
869,5,1,0.05534762144088745
870,6,1,0.05896303057670593
871,0,1,0.11441373825073242
872,8,0,0.034300897270441055
873,2,1,0.1250976324081421
874,9,1,0.06144794821739197
875,2,1,0.08886710554361343
876,8,0,0.08675886690616608
877,8,0,0.1979985535144806
878,8,0,0.022040674462914467
879,8,0,0.034900784492492676
880,7,1,0.17929694056510925
881,4,1,0.08640138059854507
882,9,1,0.1395913064479828
883,3,1,0.2291257083415985
884,0,1,0.08647255599498749
885,6,1,0.09465718269348145
886,6,1,0.10186588764190674
887,3,1,0.052711427211761475
888,2,1,0.07174491137266159
889,1,1,0.14435097575187683
890,3,1,0.07643444836139679
891,2,1,0.2717741131782532
892,2,1,0.08944272994995117
893,9,1,0.09664396941661835
894,3,1,0.027942825108766556
895,0,1,0.06436098366975784
896,0,1,0.2794748544692993
897,5,1,0.11582392454147339
898,7,1,0.06031671166419983
899,8,0,0.03783099353313446
900,1,1,0.08970634639263153
901,4,1,0.20435650646686554
902,4,1,0.11174745857715607
903,6,1,0.08909454941749573
904,0,1,0.17772507667541504
905,2,1,0.12689101696014404
906,9,1,0.09809188544750214
907,1,1,0.11083900928497314
908,4,1,0.10160481929779053
909,7,1,0.250196635723114
910,4,1,0.10333283245563507
911,7,1,0.0871613472700119
912,3,1,0.14986854791641235
913,9,1,0.07542416453361511
914,8,0,0.05090641230344772
915,8,0,0.049772314727306366
916,4,1,0.15306413173675537
917,7,1,0.21284887194633484
918,1,1,0.1606573611497879
919,2,1,0.13323745131492615
920,1,1,0.1648539900779724
921,2,1,0.12653696537017822
922,2,1,0.13816910982131958
923,3,1,0.06296178698539734
924,2,1,0.15652599930763245
925,3,1,0.07737808674573898
926,2,1,0.05528217554092407
927,3,1,0.08776463568210602
928,9,1,0.0821157842874527
929,1,1,0.1884094774723053
930,7,1,0.12214715778827667
931,4,1,0.14628784358501434
932,0,1,0.2649729251861572
933,3,1,0.2353489100933075
934,5,1,0.04269538074731827
935,5,1,0.05999406427145004
936,8,0,0.02410648763179779
937,6,1,0.23265254497528076
938,3,1,0.07295916229486465
939,2,1,0.04750300943851471
940,6,1,0.04330989718437195
941,7,1,0.1489584892988205
942,6,1,0.16185179352760315
943,6,1,0.1363087147474289
944,3,1,0.07684186100959778
945,2,1,0.1268378496170044
946,7,1,0.19435721635818481
947,8,0,0.03977248817682266
948,1,1,0.19414493441581726
949,1,1,0.07946464419364929
950,7,1,0.06671098619699478
951,5,1,0.08577830344438553
952,6,1,0.23232358694076538
953,4,1,0.08414185047149658
954,9,1,0.14330032467842102
955,5,1,0.0379023551940918
956,1,1,0.16601911187171936
957,3,1,0.20573744177818298
958,3,1,0.07629337906837463
959,4,1,0.11817216873168945
960,7,1,0.09805230796337128
961,8,0,0.027577683329582214
962,9,1,0.06889478862285614
963,1,1,0.17845594882965088
964,1,1,0.14711731672286987
965,6,1,0.10619443655014038
966,9,1,0.03313292935490608
967,1,1,0.125899538397789
968,4,1,0.175869882106781
969,4,1,0.1326863169670105
970,5,1,0.09244510531425476
971,4,1,0.06549310684204102
972,0,1,0.25767895579338074
973,6,1,0.13714206218719482
974,2,1,0.14737756550312042
975,2,1,0.19180408120155334
976,3,1,0.050101734697818756
977,1,1,0.05934906750917435
978,5,1,0.0768677368760109
979,1,1,0.0968073308467865
980,2,1,0.39199113845825195
981,0,1,0.141426682472229
982,3,1,0.051992591470479965
983,8,0,0.057303156703710556
984,1,1,0.14335249364376068
985,2,1,0.07179095596075058
986,6,1,0.04071896895766258
987,7,1,0.09361821413040161
988,1,1,0.1303565502166748
989,6,1,0.09484098851680756
990,2,1,0.12874756753444672
991,3,1,0.0651421919465065
992,9,1,0.0715826004743576
993,0,1,0.046911679208278656
994,1,1,0.07429242134094238
995,2,1,0.1445237696170807
996,2,1,0.32521000504493713
997,0,1,0.07164356112480164
998,8,0,0.05847346410155296
999,9,1,0.08811669051647186
1000,9,1,0.06833840906620026
1001,0,1,0.03713632747530937
1002,2,1,0.06342428177595139
1003,5,1,0.05641970783472061
1004,1,1,0.1418912410736084
1005,9,1,0.07037094235420227
1006,7,1,0.1666109263896942
1007,8,0,0.04664234071969986
1008,1,1,0.07523485273122787
1009,0,1,0.28689664602279663
1010,4,1,0.08495993912220001
1011,1,1,0.0706249475479126
1012,7,1,0.11393872648477554
1013,9,1,0.05135853961110115
1014,6,1,0.26811206340789795
1015,4,1,0.07217991352081299
1016,2,1,0.17063657939434052
1017,6,1,0.4489589333534241
1018,8,0,0.038818974047899246
1019,1,1,0.09474754333496094
1020,3,1,0.17140665650367737
1021,7,1,0.13396573066711426
1022,5,1,0.0390254482626915
1023,4,1,0.07913030683994293
1024,4,1,0.08794178068637848
1025,1,1,0.06719397753477097
1026,8,0,0.024061206728219986
1027,1,1,0.1053035706281662
1028,3,1,0.05898763984441757
1029,8,0,0.03146582096815109
1030,1,1,0.07158525288105011
1031,2,1,0.1067187637090683
1032,5,1,0.1211007833480835
1033,8,0,0.04674666002392769
1034,0,1,0.13165229558944702
1035,6,1,0.2349417507648468
1036,2,1,0.11877615004777908
1037,1,1,0.14009147882461548
1038,1,1,0.1434531807899475
1039,7,1,0.11254499107599258
1040,1,1,0.16035790741443634
1041,5,1,0.09351424872875214
1042,3,1,0.08938911557197571
1043,4,1,0.1385750025510788
1044,6,1,0.06368593871593475
1045,9,1,0.07721777260303497
1046,5,1,0.05485851317644119
1047,0,1,0.225911945104599
1048,9,1,0.09356844425201416
1049,2,1,0.16867972910404205
1050,2,1,0.8820514678955078
1051,4,1,0.14913105964660645
1052,8,0,0.05899559706449509
1053,2,1,0.06915685534477234
1054,1,1,0.1248714029788971
1055,7,1,0.1342618465423584
1056,2,1,0.26212024688720703
1057,4,1,0.1305527538061142
1058,9,1,0.06914490461349487
1059,4,1,0.05973301827907562
1060,4,1,0.12790867686271667
1061,0,1,0.19362872838974
1062,3,1,0.056417129933834076
1063,9,1,0.0402345210313797
1064,2,1,0.08482839167118073
1065,2,1,0.08155718445777893
1066,3,1,0.07292747497558594
1067,3,1,0.09152226895093918
1068,8,0,0.049008809030056
1069,3,1,0.07393808662891388
1070,5,1,0.06790846586227417
1071,7,1,0.11336224526166916
1072,3,1,0.061612360179424286
1073,5,1,0.05187518149614334
1074,8,0,0.035586949437856674
1075,1,1,0.1868819147348404
1076,2,1,0.1534973829984665
1077,4,1,0.16032911837100983
1078,4,1,0.1329331398010254
1079,6,1,0.03854655101895332
1080,4,1,0.24116374552249908
1081,9,1,0.11172303557395935
1082,5,1,0.10692086815834045
1083,1,1,0.1065712571144104
1084,0,1,0.2050560712814331
1085,6,1,0.20765098929405212
1086,9,1,0.08022050559520721
1087,5,1,0.06011052057147026
1088,9,1,0.09234337508678436
1089,5,1,0.03604142740368843
1090,9,1,0.09912481904029846
1091,7,1,0.0801093727350235
1092,3,1,0.0871325433254242
1093,8,0,0.02801552787423134
1094,0,1,0.04644571989774704
1095,3,1,0.11855732649564743
1096,7,1,0.05651262030005455
1097,1,1,0.1774999499320984
1098,3,1,0.06607560068368912
1099,6,1,0.07426326721906662
1100,7,1,0.06013263761997223
1101,8,0,0.10690157860517502
1102,5,1,0.07504880428314209
1103,9,1,0.11755859106779099
1104,7,1,0.11864291876554489
1105,9,1,0.06644617021083832
1106,6,1,0.16088686883449554
1107,9,1,0.033744364976882935
1108,6,1,0.09583154320716858
1109,3,1,0.21835696697235107
1110,7,1,0.18857285380363464
1111,4,1,0.07629481703042984
1112,4,1,0.0712517499923706
1113,5,1,0.0696408674120903
1114,3,1,0.02952135168015957
1115,5,1,0.1088356226682663
1116,4,1,0.11167474836111069
1117,7,1,0.10592308640480042
1118,8,0,0.06375803053379059
1119,7,1,0.15308627486228943
1120,8,0,0.03901059925556183
1121,0,1,0.0726412683725357
1122,7,1,0.2560046911239624
1123,6,1,0.17369213700294495
1124,8,0,0.06483329087495804
1125,8,0,0.05189034342765808
1126,7,1,0.07837727665901184
1127,3,1,0.06632919609546661
1128,3,1,0.061521369963884354
1129,1,1,0.051899418234825134
1130,9,1,0.07784819602966309
1131,5,1,0.19225360453128815
1132,2,1,0.05282212048768997
1133,7,1,0.08028455078601837
1134,3,1,0.03844059258699417
1135,5,1,0.07271090149879456
1136,1,1,0.11499999463558197
1137,1,1,0.12660689651966095
1138,2,1,0.4263608753681183
1139,1,1,0.058195993304252625
1140,4,1,0.15546825528144836
1141,7,1,0.15473821759223938
1142,4,1,0.1192445456981659
1143,7,1,0.08046236634254456
1144,5,1,0.097368523478508
1145,4,1,0.21715900301933289
1146,5,1,0.09648023545742035
1147,4,1,0.3282884955406189
1148,0,1,0.0953667014837265
1149,8,0,0.022519782185554504
1150,3,1,0.05016832798719406
1151,6,1,0.12277750670909882
1152,9,1,0.09151680767536163
1153,6,1,0.04736262932419777
1154,0,1,0.040247466415166855
1155,2,1,0.07074430584907532
1156,7,1,0.05316251888871193
1157,4,1,0.07004720717668533
1158,4,1,0.12011472880840302
1159,4,1,0.06601296365261078
1160,4,1,0.15262094140052795
1161,6,1,0.06153402477502823
1162,6,1,0.12014947086572647
1163,4,1,0.13437893986701965
1164,7,1,0.09675765782594681
1165,9,1,0.08912445604801178
1166,3,1,0.05758165568113327
1167,4,1,0.11356065422296524
1168,5,1,0.11442968249320984
1169,5,1,0.05158951133489609
1170,8,0,0.06762427091598511
1171,7,1,0.1617605984210968
1172,3,1,0.04830894619226456
1173,7,1,0.03387622535228729
1174,2,1,0.13751938939094543
1175,7,1,0.11707549542188644
1176,0,1,0.0608704574406147
1177,2,1,0.2509268522262573
1178,4,1,0.06204323470592499
1179,1,1,0.1110277771949768
1180,1,1,0.09512360394001007
1181,6,1,0.10493288934230804
1182,6,1,0.05618172511458397
1183,9,1,0.04611021652817726
1184,2,1,0.04735945910215378
1185,8,0,0.0395316481590271
1186,7,1,0.16213111579418182
1187,2,1,0.2255658209323883
1188,0,1,0.03574531152844429
1189,1,1,0.14869748055934906
1190,5,1,0.1344955563545227
1191,0,1,0.1960984170436859
1192,9,1,0.10065560042858124
1193,1,1,0.09684960544109344
1194,7,1,0.05999956279993057
1195,0,1,0.05855347216129303
1196,6,1,0.07596525549888611
1197,0,1,0.03725677728652954
1198,8,0,0.05281923711299896
1199,6,1,0.11542976647615433
1200,8,0,0.10624098777770996
1201,1,1,0.07625177502632141
1202,8,0,0.07275830954313278
1203,0,1,0.07051246613264084
1204,3,1,0.10186482965946198
1205,3,1,0.10532470792531967
1206,7,1,0.06770573556423187
1207,2,1,0.15096700191497803
1208,3,1,0.060003072023391724
1209,6,1,0.24583548307418823
1210,2,1,0.22844934463500977
1211,1,1,0.065253347158432
1212,6,1,0.04335571452975273
1213,1,1,0.1133473590016365
1214,1,1,0.06749098747968674
1215,3,1,0.0699913278222084
1216,7,1,0.14464320242404938
1217,9,1,0.02479979768395424
1218,0,1,0.22317038476467133
1219,8,0,0.029554277658462524
1220,0,1,0.3356015682220459
1221,5,1,0.05466295778751373
1222,4,1,0.09452413022518158
1223,0,1,0.08796694874763489
1224,2,1,0.2421325296163559
1225,8,0,0.026484914124011993
1226,7,1,0.2998656630516052
1227,2,1,0.1163153350353241
1228,9,1,0.03297097235918045
1229,8,0,0.060162849724292755
1230,4,1,0.21366898715496063
1231,0,1,0.06363837420940399
1232,9,1,0.045034654438495636
1233,5,1,0.05432923883199692
1234,8,0,0.05557127296924591
1235,5,1,0.08826421201229095
1236,1,1,0.14205867052078247
1237,2,1,0.1857946366071701
1238,1,1,0.10325366258621216
1239,3,1,0.056560877710580826
1240,1,1,0.04048778861761093
1241,7,1,0.056076813489198685
1242,4,1,0.07068926095962524
1243,5,1,0.04658767208456993
1244,7,1,0.08332809805870056
1245,2,1,0.12488284707069397
1246,0,1,0.1235782653093338
1247,9,1,0.04361797869205475
1248,8,0,0.054420433938503265
1249,8,0,0.0391167476773262
1250,6,1,0.05567952245473862
1251,2,1,0.26955100893974304
1252,5,1,0.23335930705070496
1253,4,1,0.17598044872283936
1254,1,1,0.10742136836051941
1255,9,1,0.14998799562454224
1256,2,1,0.11007493734359741
1257,1,1,0.10360734164714813
1258,5,1,0.061958491802215576
1259,8,0,0.11188948154449463
1260,7,1,0.22198781371116638
1261,0,1,0.0969335287809372
1262,2,1,0.12804919481277466
1263,4,1,0.13071483373641968
1264,4,1,0.17644181847572327
1265,3,1,0.16056060791015625
1266,6,1,0.12190942466259003
1267,8,0,0.030172495171427727
1268,8,0,0.04801522567868233
1269,2,1,0.2372051328420639
1270,4,1,0.15921032428741455
1271,0,1,0.21661759912967682
1272,5,1,0.1534886360168457
1273,0,1,0.04241933673620224
1274,4,1,0.09565120190382004
1275,4,1,0.11437422782182693
1276,7,1,0.17142844200134277
1277,9,1,0.0798233300447464
1278,3,1,0.12395863234996796
1279,4,1,0.1326236128807068
1280,1,1,0.15674817562103271
1281,5,1,0.07643495500087738
1282,9,1,0.05730467289686203
1283,7,1,0.17471568286418915
1284,3,1,0.14256271719932556
1285,5,1,0.10285064578056335
1286,8,0,0.05389609560370445
1287,8,0,0.041509196162223816
1288,0,1,0.04051324725151062
1289,5,1,0.05331513285636902
1290,3,1,0.03757268562912941
1291,3,1,0.1890813112258911
1292,6,1,0.05616849288344383
1293,6,1,0.25005507469177246
1294,0,1,0.10401920974254608
1295,1,1,0.11513131856918335
1296,6,1,0.09191471338272095
1297,0,1,0.16498476266860962
1298,3,1,0.16096946597099304
1299,5,1,0.14220724999904633
1300,4,1,0.08738929033279419
1301,4,1,0.14434534311294556
1302,1,1,0.11323808878660202
1303,2,1,0.04278227686882019
1304,9,1,0.1132274866104126
1305,1,1,0.05269722640514374
1306,4,1,0.13738471269607544
1307,6,1,0.14248718321323395
1308,9,1,0.10003826022148132
1309,9,1,0.060147110372781754
1310,3,1,0.1156536191701889
1311,9,1,0.08711735159158707
1312,8,0,0.030464334413409233
1313,4,1,0.11858104914426804
1314,4,1,0.24005717039108276
1315,3,1,0.07589764147996902
1316,1,1,0.13946792483329773
1317,3,1,0.12997251749038696
1318,1,1,0.060999054461717606
1319,8,0,0.049929309636354446
1320,8,0,0.054135870188474655
1321,7,1,0.15364307165145874
1322,9,1,0.06856481730937958
1323,4,1,0.14253424108028412
1324,8,0,0.0577523447573185
1325,8,0,0.0905112773180008
1326,7,1,0.19777880609035492
1327,9,1,0.2612912058830261
1328,7,1,0.06659899652004242
1329,1,1,0.13450855016708374
1330,4,1,0.07339920848608017
1331,5,1,0.06709379702806473
1332,6,1,0.1694868505001068
1333,0,1,0.09247444570064545
1334,5,1,0.0799485594034195
1335,2,1,0.11646394431591034
1336,2,1,0.17723673582077026
1337,2,1,0.28148728609085083
1338,1,1,0.09828658401966095
1339,5,1,0.11935269832611084
1340,5,1,0.12285609543323517
1341,2,1,0.09461301565170288
1342,4,1,0.1931183785200119
1343,9,1,0.1247820258140564
1344,6,1,0.1026337668299675
1345,2,1,0.19147974252700806
1346,7,1,0.10401614010334015
1347,7,1,0.08668489009141922
1348,2,1,0.13796213269233704
1349,2,1,0.1462128758430481
1350,1,1,0.1341237872838974
1351,1,1,0.06818310916423798
1352,2,1,0.09734203666448593
1353,8,0,0.03325401991605759
1354,3,1,0.12260569632053375
1355,7,1,0.09514720737934113
1356,2,1,0.03719644621014595
1357,4,1,0.12139095366001129
1358,1,1,0.17031586170196533
1359,7,1,0.1437830924987793
1360,1,1,0.17355775833129883
1361,7,1,0.13182568550109863
1362,6,1,0.3065616488456726
1363,7,1,0.1421452909708023
1364,8,0,0.17110970616340637
1365,2,1,0.15941017866134644
1366,7,1,0.1199292466044426
1367,3,1,0.031883567571640015
1368,1,1,0.16947877407073975
1369,7,1,0.27066537737846375
1370,5,1,0.038081586360931396
1371,8,0,0.032507285475730896
1372,2,1,0.07736710458993912
1373,6,1,0.09287412464618683
1374,2,1,0.350337415933609
1375,2,1,0.17903953790664673
1376,5,1,0.033110376447439194
1377,6,1,0.11610492318868637
1378,5,1,0.1685444712638855
1379,0,1,0.16785642504692078
1380,9,1,0.0974789708852768
1381,2,1,0.11400167644023895
1382,4,1,0.12512396275997162
1383,3,1,0.14552904665470123
1384,3,1,0.12080483138561249
1385,9,1,0.10265207290649414
1386,7,1,0.07175971567630768
1387,6,1,0.1770155131816864
1388,6,1,0.11419105529785156
1389,8,0,0.028792697936296463
1390,0,1,0.08744460344314575
1391,4,1,0.1512378454208374
1392,1,1,0.1931760013103485
1393,5,1,0.480236679315567
1394,8,0,0.1078626736998558
1395,2,1,0.032383982092142105
1396,9,1,0.03690332919359207
1397,1,1,0.062262337654829025
1398,8,0,0.04046199098229408
1399,0,1,0.17147183418273926
1400,6,1,0.07139722257852554
1401,7,1,0.13912248611450195
1402,2,1,0.11130470037460327
1403,1,1,0.09491576999425888
1404,0,1,0.025526704266667366
1405,5,1,0.1249675303697586
1406,5,1,0.04364808276295662
1407,2,1,0.1979445070028305
1408,0,1,0.08336998522281647
1409,2,1,0.19133883714675903
1410,2,1,0.18098396062850952
1411,0,1,0.03649140149354935
1412,2,1,0.1620403677225113
1413,4,1,0.08729378879070282
1414,9,1,0.15641136467456818
1415,8,0,0.08478716760873795
1416,0,1,0.04193464666604996
1417,9,1,0.14435316622257233
1418,9,1,0.19402816891670227
1419,4,1,0.30528318881988525
1420,6,1,0.10207025706768036
1421,5,1,0.06949940323829651
1422,4,1,0.1448533684015274
1423,9,1,0.05495575815439224
1424,1,1,0.10097718238830566
1425,8,0,0.05111284554004669
1426,3,1,0.059330783784389496
1427,4,1,0.1349508911371231
1428,9,1,0.0712084174156189
1429,9,1,0.08093937486410141
1430,1,1,0.06497467309236526
1431,2,1,0.20059876143932343
1432,2,1,0.11778055876493454
1433,8,0,0.04875824600458145
1434,1,1,0.0775236189365387
1435,9,1,0.09212462604045868
1436,6,1,0.055509548634290695
1437,4,1,0.12898288667201996
1438,0,1,0.06214090436697006
1439,9,1,0.08371755480766296
1440,4,1,0.060743801295757294
1441,8,0,0.05429213494062424
1442,3,1,0.04881054908037186
1443,8,0,0.01935432106256485
1444,6,1,0.16118276119232178
1445,0,1,0.11930257827043533
1446,2,1,0.053529009222984314
1447,5,1,0.09430456161499023
1448,1,1,0.11146894097328186
1449,9,1,0.23575672507286072
1450,6,1,0.17656967043876648
1451,2,1,0.09547711163759232
1452,9,1,0.08953846246004105
1453,4,1,0.1004447340965271
1454,0,1,0.058597005903720856
1455,9,1,0.06250081956386566
1456,6,1,0.20736780762672424
1457,0,1,0.1467350423336029
1458,6,1,0.11266142129898071
1459,2,1,0.11348243802785873
1460,5,1,0.20535141229629517
1461,4,1,0.12567327916622162
1462,2,1,0.22293460369110107
1463,3,1,0.14231881499290466
1464,8,0,0.04286987707018852
1465,4,1,0.07175076007843018
1466,5,1,0.21573173999786377
1467,5,1,0.0738716721534729
1468,0,1,0.39188557863235474
1469,3,1,0.19756610691547394
1470,8,0,0.05108577013015747
1471,5,1,0.06260181963443756
1472,3,1,0.2521602213382721
1473,5,1,0.121336929500103
1474,8,0,0.03011886030435562
1475,6,1,0.05467600002884865
1476,5,1,0.044824324548244476
1477,7,1,0.10360001772642136
1478,6,1,0.05014266073703766
1479,3,1,0.060238905251026154
1480,3,1,0.056250184774398804
1481,9,1,0.2747325897216797
1482,6,1,0.1586839258670807
1483,1,1,0.15029577910900116
1484,1,1,0.18191680312156677
1485,2,1,0.10217414051294327
1486,9,1,0.1479063630104065
1487,0,1,0.13883453607559204
1488,4,1,0.19981372356414795
1489,3,1,0.03105435147881508
1490,3,1,0.025793777778744698
1491,6,1,0.1103968620300293
1492,9,1,0.22340673208236694
1493,5,1,0.11605767905712128
1494,7,1,0.0820399597287178
1495,3,1,0.17432786524295807
1496,7,1,0.14386938512325287
1497,7,1,0.16804957389831543
1498,7,1,0.07623007148504257
1499,8,0,0.12220948934555054
1500,7,1,0.08103214204311371
1501,9,1,0.13173270225524902
1502,8,0,0.0487380251288414
1503,3,1,0.13481158018112183
1504,0,1,0.08154728263616562
1505,7,1,0.1275387555360794
1506,2,1,0.058133844286203384
1507,7,1,0.08097873628139496
1508,9,1,0.05980094149708748
1509,4,1,0.12749525904655457
1510,5,1,0.0658109188079834
1511,4,1,0.11159920692443848
1512,9,1,0.10724813491106033
1513,3,1,0.18119174242019653
1514,2,1,0.11006839573383331
1515,1,1,0.08407455682754517
1516,4,1,0.13539785146713257
1517,0,1,0.1429462730884552
1518,2,1,0.05121796950697899
1519,3,1,0.09654277563095093
1520,7,1,0.09421349316835403
1521,5,1,0.09223383665084839
1522,7,1,0.09250607341527939
1523,8,0,0.052564624696969986
1524,8,0,0.029722904786467552
1525,5,1,0.21800316870212555
1526,0,1,0.1575946807861328
1527,1,1,0.1342323273420334
1528,1,1,0.11636307835578918
1529,4,1,0.18260392546653748
1530,8,0,0.0704473927617073
1531,3,1,0.10193946957588196
1532,9,1,0.06362204998731613
1533,0,1,0.05997034162282944
1534,0,1,0.07931403815746307
1535,0,1,0.020233072340488434
1536,6,1,0.13764303922653198
1537,6,1,0.09089486300945282
1538,2,1,0.1354890763759613
1539,3,1,0.06865033507347107
1540,7,1,0.23784877359867096
1541,8,0,0.024290140718221664
1542,4,1,0.16122278571128845
1543,7,1,0.04868485778570175
1544,7,1,0.30182138085365295
1545,9,1,0.18137842416763306
1546,2,1,0.043030403554439545
1547,4,1,0.10976283252239227
1548,1,1,0.14794708788394928
1549,4,1,0.09562546014785767
1550,5,1,0.1259044110774994
1551,2,1,0.11576999723911285
1552,4,1,0.10133281350135803
1553,9,1,0.024595456197857857
1554,9,1,0.06693030893802643
1555,1,1,0.05812157690525055
1556,8,0,0.03310910984873772
1557,4,1,0.06853382289409637
1558,0,1,0.03169466555118561
1559,9,1,0.08511729538440704
1560,8,0,0.01828073337674141
1561,4,1,0.15179184079170227
1562,8,0,0.042072687298059464
1563,7,1,0.09109529852867126
1564,7,1,0.12405815720558167
1565,0,1,0.07964369654655457
1566,7,1,0.14059790968894958
1567,8,0,0.05410837382078171
1568,8,0,0.034032177180051804
1569,6,1,0.38975805044174194
1570,0,1,0.18034252524375916
1571,4,1,0.14816711843013763
1572,8,0,0.010477997362613678
1573,8,0,0.028569819405674934
1574,2,1,0.18401330709457397
1575,4,1,0.09035094082355499
1576,7,1,0.10307174175977707
1577,6,1,0.1426231861114502
1578,6,1,0.13072454929351807
1579,6,1,0.07118015736341476
1580,4,1,0.06955075263977051
1581,7,1,0.0955832302570343
1582,1,1,0.137776181101799
1583,8,0,0.059239134192466736
1584,8,0,0.059436678886413574
1585,2,1,0.14661577343940735
1586,3,1,0.058710623532533646
1587,6,1,0.05581381916999817
1588,3,1,0.09925131499767303
1589,0,1,0.19989140331745148
1590,0,1,0.07351674884557724
1591,3,1,0.05148743838071823
1592,7,1,0.10246382653713226
1593,6,1,0.14132201671600342
1594,9,1,0.06943408399820328
1595,7,1,0.15260405838489532
1596,9,1,0.14815185964107513
1597,9,1,0.08310375362634659
1598,5,1,0.07746430486440659
1599,4,1,0.15087570250034332
1600,3,1,0.07049521803855896
1601,3,1,0.06422630697488785
1602,6,1,0.09480375051498413
1603,1,1,0.07287494093179703
1604,2,1,0.1321977972984314
1605,3,1,0.08197641372680664
1606,7,1,0.07906477153301239
1607,3,1,0.07809367775917053
1608,3,1,0.06905591487884521
1609,2,1,0.20262368023395538
1610,0,1,0.10502009838819504
1611,3,1,0.11093634366989136
1612,3,1,0.1529272049665451
1613,8,0,0.02430049516260624
1614,4,1,0.1596219837665558
1615,3,1,0.43426233530044556
1616,6,1,0.148947611451149
1617,3,1,0.10438016057014465
1618,5,1,0.08076296746730804
1619,0,1,0.06839996576309204
1620,2,1,0.075871042907238
1621,0,1,0.11356520652770996
1622,9,1,0.2755928635597229
1623,0,1,0.381629079580307
1624,7,1,0.13633832335472107
1625,4,1,0.10495167225599289
1626,6,1,0.03391946479678154
1627,9,1,0.18816745281219482
1628,3,1,0.1552916020154953
1629,5,1,0.0979292169213295
1630,1,1,0.1378905475139618
1631,9,1,0.09330238401889801
1632,6,1,0.056864410638809204
1633,1,1,0.10992668569087982
1634,4,1,0.06700368225574493
1635,5,1,0.15069781243801117
1636,4,1,0.17924447357654572
1637,5,1,0.015007808804512024
1638,0,1,0.03542693704366684
1639,5,1,0.06706911325454712
1640,9,1,0.08236220479011536
1641,5,1,0.0924772322177887
1642,2,1,0.07602055370807648
1643,1,1,0.10477177053689957
1644,2,1,0.0902271717786789
1645,9,1,0.10907162725925446
1646,1,1,0.059790462255477905
1647,9,1,0.07322637736797333
1648,9,1,0.11165091395378113
1649,4,1,0.11098739504814148
1650,0,1,0.16620633006095886
1651,8,0,0.044537171721458435
1652,4,1,0.1417185366153717
1653,5,1,0.033186301589012146
1654,2,1,0.23512229323387146
1655,9,1,0.11799369752407074
1656,2,1,0.564551830291748
1657,1,1,0.14077019691467285
1658,2,1,0.4385581612586975
1659,1,1,0.15429472923278809
1660,7,1,0.22243420779705048
1661,3,1,0.2116730809211731
1662,6,1,0.12435804307460785
1663,8,0,0.07684582471847534
1664,8,0,0.04260452464222908
1665,4,1,0.13471680879592896
1666,9,1,0.06968749314546585
1667,1,1,0.0393107607960701
1668,9,1,0.10408568382263184
1669,8,0,0.061035674065351486
1670,5,1,0.10970371961593628
1671,7,1,0.19683794677257538
1672,5,1,0.06889625638723373
1673,1,1,0.11069385707378387
1674,1,1,0.08969500660896301
1675,8,0,0.02931779995560646
1676,6,1,0.1504545509815216
1677,5,1,0.11949190497398376
1678,2,1,0.06399340182542801
1679,4,1,0.1319146752357483
1680,4,1,0.1148771271109581
1681,3,1,0.09389722347259521
1682,2,1,0.11092206090688705
1683,3,1,0.10480391979217529
1684,5,1,0.09311774373054504
1685,6,1,0.10243543982505798
1686,8,0,0.07075074315071106
1687,8,0,0.01597585529088974
1688,6,1,0.04435022920370102
1689,2,1,0.08239498734474182
1690,3,1,0.10708365589380264
1691,1,1,0.10102860629558563
1692,0,1,0.3969147205352783
1693,5,1,0.053512655198574066
1694,8,0,0.1121884137392044
1695,9,1,0.04587811976671219
1696,2,1,0.07803148776292801
1697,9,1,0.06683193147182465
1698,6,1,0.42333972454071045
1699,7,1,0.1819750964641571
1700,0,1,0.20731449127197266
1701,4,1,0.14580589532852173
1702,8,0,0.046706072986125946
1703,7,1,0.11127151548862457
1704,1,1,0.1239517480134964
1705,7,1,0.17196735739707947
1706,4,1,0.13930711150169373
1707,1,1,0.09081641584634781
1708,0,1,0.23780038952827454
1709,9,1,0.13908177614212036
1710,7,1,0.07827349007129669
1711,2,1,0.07919447124004364
1712,0,1,0.29076868295669556
1713,0,1,0.17178353667259216
1714,9,1,0.09806971251964569
1715,1,1,0.14310574531555176
1716,7,1,0.06387653201818466
1717,8,0,0.10374965518712997
1718,7,1,0.16467222571372986
1719,8,0,0.027979914098978043
1720,4,1,0.12412676215171814
1721,7,1,0.12067772448062897
1722,2,1,0.17057709395885468
1723,0,1,0.0766909196972847
1724,4,1,0.14548943936824799
1725,6,1,0.07897216826677322
1726,0,1,0.1727447658777237
1727,3,1,0.13592928647994995
1728,1,1,0.19920021295547485
1729,1,1,0.050768010318279266
1730,3,1,0.04473649710416794
1731,3,1,0.14544208347797394
1732,9,1,0.04175368696451187
1733,6,1,0.22155803442001343
1734,7,1,0.1665259450674057
1735,4,1,0.13266339898109436
1736,1,1,0.13455159962177277
1737,5,1,0.29057490825653076
1738,3,1,0.16119790077209473
1739,0,1,0.0698385089635849
1740,8,0,0.0434151366353035
1741,7,1,0.10646562278270721
1742,3,1,0.09439262747764587
1743,9,1,0.06229786574840546
1744,6,1,0.19405964016914368
1745,9,1,0.07781115174293518
1746,3,1,0.3331151008605957
1747,5,1,0.11056730896234512
1748,0,1,0.1196012943983078
1749,2,1,0.22922557592391968
1750,7,1,0.22844184935092926
1751,4,1,0.16299408674240112
1752,5,1,0.10903330147266388
1753,1,1,0.12023934721946716
1754,7,1,0.06973414123058319
1755,5,1,0.07227347791194916
1756,8,0,0.05204744637012482
1757,0,1,0.04474595934152603
1758,8,0,0.06577124446630478
1759,8,0,0.05261274427175522
1760,1,1,0.051397427916526794
1761,5,1,0.15475474298000336
1762,0,1,0.05466192960739136
1763,3,1,0.07362742722034454
1764,0,1,0.07078711688518524
1765,3,1,0.3658526837825775
1766,1,1,0.09193302690982819
1767,4,1,0.17358697950839996
1768,0,1,0.24383015930652618
1769,3,1,0.029704872518777847
1770,7,1,0.09649677574634552
1771,2,1,0.048650044947862625
1772,7,1,0.27007973194122314
1773,1,1,0.11370520293712616
1774,8,0,0.04723958298563957
1775,0,1,0.3043888807296753
1776,7,1,0.17801961302757263
1777,0,1,0.23276850581169128
1778,4,1,0.22142697870731354
1779,3,1,0.05228602886199951
1780,1,1,0.17017251253128052
1781,9,1,0.12376247346401215
1782,8,0,0.13493339717388153
1783,7,1,0.17237558960914612
1784,7,1,0.1097652018070221
1785,1,1,0.10085602104663849
1786,4,1,0.09158146381378174
1787,9,1,0.059504829347133636
1788,9,1,0.08540317416191101
1789,3,1,0.3242546021938324
1790,2,1,0.10515213757753372
1791,1,1,0.16901469230651855
1792,7,1,0.11677524447441101
1793,9,1,0.1416214406490326
1794,0,1,0.2583323121070862
1795,2,1,0.11073562502861023
1796,0,1,0.21574166417121887
1797,3,1,0.06264355033636093
1798,3,1,0.06333021074533463
1799,7,1,0.13074305653572083
1800,6,1,0.15366171300411224
1801,9,1,0.20271867513656616
1802,2,1,0.04725445806980133
1803,3,1,0.11101415753364563
1804,3,1,0.09316109120845795
1805,7,1,0.34979236125946045
1806,7,1,0.17483751475811005
1807,0,1,0.16625574231147766
1808,0,1,0.1311514973640442
1809,7,1,0.11573097109794617
1810,5,1,0.1296469271183014
1811,2,1,0.04201759397983551
1812,9,1,0.11836418509483337
1813,8,0,0.14428937435150146
1814,7,1,0.08196650445461273
1815,4,1,0.14665484428405762
1816,4,1,0.08751370012760162
1817,2,1,0.5186142921447754
1818,6,1,0.06141533702611923
1819,6,1,0.09615163505077362
1820,1,1,0.06189518794417381
1821,9,1,0.11823958158493042
1822,6,1,0.11830178648233414
1823,8,0,0.04343133792281151
1824,2,1,0.09266257286071777
1825,9,1,0.05478217825293541
1826,0,1,0.16450044512748718
1827,8,0,0.03325975313782692
1828,3,1,0.06391748785972595
1829,1,1,0.13676345348358154
1830,1,1,0.18760035932064056
1831,6,1,0.06771838665008545
1832,3,1,0.12554001808166504
1833,5,1,0.09288811683654785
1834,1,1,0.0974508672952652
1835,1,1,0.13833755254745483
1836,1,1,0.12980741262435913
1837,3,1,0.11610131710767746
1838,1,1,0.09040974825620651
1839,2,1,0.19899877905845642
1840,3,1,0.25106462836265564
1841,0,1,0.026551594957709312
1842,2,1,0.11211518198251724
1843,0,1,0.13223573565483093
1844,1,1,0.09670902788639069
1845,3,1,0.17801569402217865
1846,5,1,0.10885532200336456
1847,5,1,0.046507857739925385
1848,7,1,0.07571999728679657
1849,4,1,0.10058930516242981
1850,8,0,0.04780031740665436
1851,9,1,0.12784168124198914
1852,6,1,0.07846514135599136
1853,9,1,0.0683685764670372
1854,6,1,0.23353782296180725
1855,8,0,0.09924007207155228
1856,3,1,0.2666131556034088
1857,6,1,0.19418750703334808
1858,6,1,0.08899056911468506
1859,8,0,0.07575753331184387
1860,5,1,0.11590921878814697
1861,1,1,0.09541651606559753
1862,4,1,0.3141447901725769
1863,2,1,0.15052135288715363
1864,4,1,0.05873549357056618
1865,4,1,0.0497530996799469
1866,5,1,0.037153199315071106
1867,1,1,0.15344694256782532
1868,1,1,0.11233682930469513
1869,9,1,0.0892655998468399
1870,0,1,0.21929283440113068
1871,2,1,0.035419538617134094
1872,4,1,0.09239944815635681
1873,9,1,0.19669757783412933
1874,5,1,0.12829071283340454
1875,7,1,0.2938804626464844
1876,1,1,0.09356410056352615
1877,8,0,0.04593450576066971
1878,8,0,0.08871771395206451
1879,5,1,0.03987570479512215
1880,6,1,0.10720154643058777
1881,9,1,0.0911567360162735
1882,8,0,0.060827068984508514
1883,7,1,0.16965919733047485
1884,1,1,0.05942399054765701
1885,1,1,0.1029350683093071
1886,6,1,0.19358578324317932
1887,7,1,0.13766537606716156
1888,6,1,0.08472226560115814
1889,3,1,0.18356391787528992
1890,2,1,0.3362869322299957
1891,2,1,0.14150427281856537
1892,0,1,0.1740666627883911
1893,8,0,0.019777711480855942
1894,9,1,0.09433290362358093
1895,2,1,0.17576314508914948
1896,5,1,0.1053975373506546
1897,1,1,0.11850908398628235
1898,0,1,0.4832965135574341
1899,8,0,0.08152969181537628
1900,1,1,0.10525181889533997
1901,9,1,0.10078416019678116
1902,5,1,0.0628458559513092
1903,7,1,0.12143974006175995
1904,9,1,0.07297448813915253
1905,6,1,0.11621057987213135
1906,9,1,0.061824485659599304
1907,0,1,0.06880535185337067
1908,6,1,0.06274522840976715
1909,1,1,0.03995097056031227
1910,5,1,0.07334264367818832
1911,5,1,0.1899411380290985
1912,8,0,0.03745648264884949
1913,3,1,0.12056414783000946
1914,8,0,0.032997436821460724
1915,2,1,0.129919171333313
1916,6,1,0.0482291579246521
1917,5,1,0.05924290418624878
1918,0,1,0.052086543291807175
1919,7,1,0.16052740812301636
1920,4,1,0.15807697176933289
1921,6,1,0.12674391269683838
1922,1,1,0.17782029509544373
1923,3,1,0.33374160528182983
1924,4,1,0.15543612837791443
1925,7,1,0.10865208506584167
1926,3,1,0.04521270468831062
1927,2,1,0.1591961681842804
1928,3,1,0.11838341504335403
1929,4,1,0.07789168506860733
1930,2,1,0.289009690284729
1931,5,1,0.14978066086769104
1932,2,1,0.18801511824131012
1933,7,1,0.1240910142660141
1934,1,1,0.13040702044963837
1935,7,1,0.1270178258419037
1936,2,1,0.1039610356092453
1937,6,1,0.08480222523212433
1938,4,1,0.18818432092666626
1939,1,1,0.06969399750232697
1940,5,1,0.1833491027355194
1941,7,1,0.05958087742328644
1942,8,0,0.0853821411728859
1943,6,1,0.10615701973438263
1944,0,1,0.09336880594491959
1945,1,1,0.06769250333309174
1946,8,0,0.09339231252670288
1947,2,1,0.07570222020149231
1948,5,1,0.16308525204658508
1949,7,1,0.05356968194246292
1950,7,1,0.15972262620925903
1951,6,1,0.08478478342294693
1952,9,1,0.055484332144260406
1953,3,1,0.07127062976360321
1954,5,1,0.08770214021205902
1955,8,0,0.05509761720895767
1956,4,1,0.11561182141304016
1957,2,1,0.1835755705833435
1958,4,1,0.1496354639530182
1959,0,1,0.05296503007411957
1960,8,0,0.04165274649858475
1961,8,0,0.10456318408250809
1962,3,1,0.04732144996523857
1963,4,1,0.17703264951705933
1964,9,1,0.08089740574359894
1965,2,1,0.43222296237945557
1966,7,1,0.10917335748672485
1967,5,1,0.04279675707221031
1968,8,0,0.04293398559093475
1969,6,1,0.07747022807598114
1970,5,1,0.05668381229043007
1971,6,1,0.10072185099124908
1972,0,1,0.08288682997226715
1973,8,0,0.02186514437198639
1974,6,1,0.05253368616104126
1975,7,1,0.15621477365493774
1976,3,1,0.08202499896287918
1977,6,1,0.22890786826610565
1978,4,1,0.13138636946678162
1979,9,1,0.08341708034276962
1980,4,1,0.06805506348609924
1981,6,1,0.06903786212205887
1982,6,1,0.07202257215976715
1983,3,1,0.03763556480407715
1984,2,1,0.08927635848522186
1985,4,1,0.10578082501888275
1986,1,1,0.09664233028888702
1987,0,1,0.09090372920036316
1988,1,1,0.07585108280181885
1989,4,1,0.0982942208647728
1990,6,1,0.10208110511302948
1991,2,1,0.24604728817939758
1992,9,1,0.029504772275686264
1993,1,1,0.10805393755435944
1994,1,1,0.11058007925748825
1995,0,1,0.2615574896335602
1996,6,1,0.08723868429660797
1997,3,1,0.10677265375852585
1998,9,1,0.10175903141498566
1999,5,1,0.07624317705631256
2000,6,1,0.12423479557037354
2001,5,1,0.10009587556123734
2002,6,1,0.11826273053884506
2003,5,1,0.10786741226911545
2004,8,0,0.07881495356559753
2005,4,1,0.09258358925580978
2006,6,1,0.0639103427529335
2007,4,1,0.18859568238258362
2008,3,1,0.03056071326136589
2009,9,1,0.1576417237520218
2010,1,1,0.11096850037574768
2011,3,1,0.19211910665035248
2012,4,1,0.06065812706947327
2013,1,1,0.0894196480512619
2014,9,1,0.09435868263244629
2015,1,1,0.08124245703220367
2016,7,1,0.08695954829454422
2017,1,1,0.10551531612873077
2018,1,1,0.11227479577064514
2019,9,1,0.0553753525018692
2020,3,1,0.14276748895645142
2021,5,1,0.1068209707736969
2022,4,1,0.15979771316051483
2023,0,1,0.4018567204475403
2024,7,1,0.09071947634220123
2025,3,1,0.06047510355710983
2026,6,1,0.11522010713815689
2027,1,1,0.06604102998971939
2028,7,1,0.05321116745471954
2029,5,1,0.033718887716531754
2030,5,1,0.05214258283376694
2031,3,1,0.05356190726161003
2032,3,1,0.2784615457057953
2033,0,1,0.13217724859714508
2034,1,1,0.13477778434753418
2035,5,1,0.05173675715923309
2036,7,1,0.17217382788658142
2037,5,1,0.14496645331382751
2038,8,0,0.03349579870700836
2039,6,1,0.110353022813797
2040,5,1,0.07679813355207443
2041,1,1,0.12060161679983139
2042,0,1,0.0842127650976181
2043,4,1,0.07128986716270447
2044,2,1,0.13528825342655182
2045,3,1,0.1193574070930481
2046,4,1,0.10440823435783386
2047,6,1,0.1324777752161026
2048,7,1,0.08848828822374344
2049,9,1,0.07030744850635529
2050,8,0,0.022560548037290573
2051,1,1,0.07504968345165253
2052,8,0,0.08423714339733124
2053,4,1,0.11249633878469467
2054,9,1,0.10223760455846786
2055,2,1,0.14984089136123657
2056,8,0,0.019820740446448326
2057,6,1,0.22428373992443085
2058,2,1,0.046816207468509674
2059,7,1,0.21985024213790894
2060,0,1,0.04783005639910698
2061,0,1,0.03307613730430603
2062,6,1,0.12176156789064407
2063,7,1,0.14998555183410645
2064,5,1,0.03583550080657005
2065,8,0,0.038352008908987045
2066,6,1,0.06353799998760223
2067,0,1,0.056407246738672256
2068,9,1,0.07346174120903015
2069,3,1,0.2246396839618683
2070,7,1,0.05659637972712517
2071,1,1,0.11431382596492767
2072,3,1,0.19267649948596954
2073,5,1,0.08252277970314026
2074,4,1,0.1847328543663025
2075,3,1,0.07826638221740723
2076,3,1,0.0589003711938858
2077,5,1,0.04169801250100136
2078,5,1,0.04668726399540901
2079,6,1,0.08797305822372437
2080,3,1,0.09299521148204803
2081,0,1,0.10428726673126221
2082,2,1,0.946047306060791
2083,3,1,0.11473497748374939
2084,4,1,0.22855940461158752
2085,2,1,0.08884143084287643
2086,3,1,0.05378135293722153
2087,0,1,0.05526714026927948
2088,9,1,0.08371055871248245
2089,9,1,0.1379038691520691
2090,4,1,0.06127426028251648
2091,7,1,0.2168818712234497
2092,2,1,0.15383268892765045
2093,8,0,0.04849158972501755
2094,4,1,0.07745075225830078
2095,7,1,0.09572876244783401
2096,0,1,0.06421591341495514
2097,6,1,0.07897403836250305
2098,2,1,0.25721514225006104
2099,8,0,0.05049080401659012
2100,5,1,0.047117382287979126
2101,2,1,0.07849128544330597
2102,8,0,0.032927580177783966
2103,5,1,0.07694198936223984
2104,7,1,0.23640818893909454
2105,3,1,0.03221268579363823
2106,0,1,0.08343199640512466
2107,8,0,0.19190862774848938
2108,2,1,0.13446497917175293
2109,3,1,0.20090249180793762
2110,2,1,0.12685616314411163
2111,8,0,0.023304538801312447
2112,2,1,0.13545982539653778
2113,5,1,0.05897028371691704
2114,5,1,0.18620528280735016
2115,7,1,0.05401347950100899
2116,6,1,0.04512283578515053
2117,4,1,0.12937963008880615
2118,6,1,0.32099175453186035
2119,8,0,0.047676585614681244
2120,4,1,0.059136807918548584
2121,8,0,0.03543277457356453
2122,2,1,0.34999996423721313
2123,7,1,0.12444464862346649
2124,4,1,0.12026257067918777
2125,5,1,0.05622628331184387
2126,2,1,0.18344581127166748
2127,0,1,0.1677325963973999
2128,3,1,0.1516864001750946
2129,9,1,0.06282684952020645
2130,4,1,0.044871196150779724
2131,6,1,0.07703713327646255
2132,7,1,0.17814558744430542
2133,2,1,0.1167878806591034
2134,5,1,0.09184865653514862
2135,6,1,0.2557007670402527
2136,1,1,0.09051236510276794
2137,1,1,0.08428989350795746
2138,2,1,0.050120092928409576
2139,3,1,0.07913316786289215
2140,6,1,0.2969098687171936
2141,7,1,0.19161994755268097
2142,8,0,0.03629106655716896
2143,7,1,0.12213242799043655
2144,6,1,0.0944572389125824
2145,4,1,0.26687681674957275
2146,8,0,0.0390874482691288
2147,9,1,0.050818584859371185
2148,4,1,0.14402690529823303
2149,8,0,0.038560301065444946
2150,6,1,0.061140596866607666
2151,3,1,0.18341763317584991
2152,8,0,0.024252884089946747
2153,3,1,0.023047225549817085
2154,1,1,0.09250956028699875
2155,0,1,0.3166567385196686
2156,6,1,0.10374835133552551
2157,2,1,0.06329546868801117
2158,2,1,0.06423745304346085
2159,5,1,0.09917031973600388
2160,6,1,0.08568494766950607
2161,9,1,0.13957428932189941
2162,5,1,0.03299004212021828
2163,8,0,0.024975938722491264
2164,1,1,0.11505148559808731
2165,4,1,0.13472774624824524
2166,1,1,0.08048493415117264
2167,7,1,0.07988137006759644
2168,8,0,0.07018857449293137
2169,4,1,0.11961611360311508
2170,6,1,0.21323825418949127
2171,1,1,0.12377168238162994
2172,8,0,0.02702229842543602
2173,4,1,0.11068984866142273
2174,3,1,0.08524288237094879
2175,1,1,0.13845640420913696
2176,2,1,0.2454773485660553
2177,8,0,0.18303349614143372
2178,0,1,0.16985172033309937
2179,8,0,0.040047165006399155
2180,5,1,0.08032305538654327
2181,9,1,0.08813858777284622
2182,1,1,0.07513060420751572
2183,4,1,0.14474470913410187
2184,2,1,0.23183511197566986
2185,0,1,0.06393229961395264
2186,2,1,0.20971551537513733
2187,7,1,0.10317769646644592
2188,0,1,0.0400385782122612
2189,9,1,0.058638449758291245
2190,0,1,0.06281764805316925
2191,2,1,0.1685590147972107
2192,5,1,0.10281777381896973
2193,7,1,0.09788432717323303
2194,6,1,0.15578553080558777
2195,7,1,0.13657759130001068
2196,9,1,0.07074491679668427
2197,4,1,0.1196494996547699
2198,2,1,0.044040992856025696
2199,6,1,0.29204612970352173
2200,2,1,0.1749763935804367
2201,4,1,0.20850083231925964
2202,4,1,0.05448221415281296
2203,8,0,0.035501305013895035
2204,0,1,0.045882709324359894
2205,4,1,0.1025443747639656
2206,4,1,0.1511957347393036
2207,5,1,0.17871879041194916
2208,8,0,0.024669941514730453
2209,0,1,0.04044747352600098
2210,6,1,0.09983943402767181
2211,8,0,0.027524365112185478
2212,9,1,0.08245393633842468
2213,8,0,0.03086070530116558
2214,5,1,0.07090204209089279
2215,6,1,0.341943621635437
2216,9,1,0.13389615714550018
2217,0,1,0.32898861169815063
2218,4,1,0.08561394363641739
2219,8,0,0.02065458707511425
2220,7,1,0.09193088859319687
2221,1,1,0.08933001756668091
2222,3,1,0.3006988763809204
2223,4,1,0.11841102689504623
2224,5,1,0.034973569214344025
2225,8,0,0.059987276792526245
2226,0,1,0.08305754512548447
2227,9,1,0.11175104975700378
2228,1,1,0.1699714958667755
2229,3,1,0.10047714412212372
2230,3,1,0.08984213322401047
2231,6,1,0.14226481318473816
2232,9,1,0.05856568366289139
2233,8,0,0.05133819952607155
2234,7,1,0.09055814892053604
2235,1,1,0.0692279264330864
2236,0,1,0.2090304046869278
2237,5,1,0.0350324809551239
2238,7,1,0.0768870860338211
2239,1,1,0.16220316290855408
2240,7,1,0.3005249500274658
2241,5,1,0.08099263906478882
2242,2,1,0.03578018769621849
2243,7,1,0.16823811829090118
2244,9,1,0.04424407705664635
2245,1,1,0.2511208653450012
2246,8,0,0.048451341688632965
2247,5,1,0.05522701144218445
2248,2,1,0.19458061456680298
2249,4,1,0.1309952437877655
2250,9,1,0.04900965839624405
2251,4,1,0.2823459804058075
2252,7,1,0.1242561787366867
2253,2,1,0.10600609332323074
2254,2,1,0.10173645615577698
2255,3,1,0.060600973665714264
2256,4,1,0.16588638722896576
2257,9,1,0.1742081195116043
2258,1,1,0.040434110909700394
2259,9,1,0.20193007588386536
2260,2,1,0.23296749591827393
2261,1,1,0.0636894553899765
2262,7,1,0.12582996487617493
2263,9,1,0.06760893762111664
2264,4,1,0.22365787625312805
2265,4,1,0.0814034715294838
2266,1,1,0.12003741413354874
2267,6,1,0.10376089066267014
2268,7,1,0.11109837144613266
2269,2,1,0.2473684549331665
2270,7,1,0.1576905995607376
2271,8,0,0.03626692295074463
2272,8,0,0.11859960854053497
2273,1,1,0.10669375956058502
2274,9,1,0.06640639901161194
2275,7,1,0.13539092242717743
2276,1,1,0.08046285063028336
2277,1,1,0.1346988081932068
2278,7,1,0.16876524686813354
2279,5,1,0.1348278522491455
2280,3,1,0.1124444305896759
2281,3,1,0.0538053922355175
2282,5,1,0.02141273021697998
2283,1,1,0.13645635545253754
2284,3,1,0.143177330493927
2285,7,1,0.1194244995713234
2286,6,1,0.15042859315872192
2287,1,1,0.13940706849098206
2288,3,1,0.3678285479545593
2289,8,0,0.04201298952102661
2290,7,1,0.11800721287727356
2291,5,1,0.08911120146512985
2292,9,1,0.03401884436607361
2293,9,1,0.12149617820978165
2294,0,1,0.5029988288879395
2295,0,1,0.28862717747688293
2296,2,1,0.04064389318227768
2297,8,0,0.04134880751371384
2298,8,0,0.021611113101243973
2299,2,1,0.0930773913860321
2300,3,1,0.12652070820331573
2301,7,1,0.08796681463718414
2302,1,1,0.07312910258769989
2303,3,1,0.05565168708562851
2304,0,1,0.09986935555934906
2305,3,1,0.04690958559513092
2306,4,1,0.12001433968544006
2307,4,1,0.10139273852109909
2308,3,1,0.04579789191484451
2309,8,0,0.06290639191865921
2310,9,1,0.08185799419879913
2311,2,1,0.12113867700099945
2312,3,1,0.047555066645145416
2313,9,1,0.30842605233192444
2314,7,1,0.11943590641021729
2315,1,1,0.17025825381278992
2316,1,1,0.13372385501861572
2317,7,1,0.2763342261314392
2318,0,1,0.1654791235923767
2319,4,1,0.18553420901298523
2320,9,1,0.10035666823387146
2321,6,1,0.1475852131843567
2322,5,1,0.04084908217191696
2323,9,1,0.13194602727890015
2324,1,1,0.07014338672161102
2325,7,1,0.3621752858161926
2326,0,1,0.1373588591814041
2327,2,1,0.10380750149488449
2328,0,1,0.3361244201660156
2329,0,1,0.24636679887771606
2330,4,1,0.14978323876857758
2331,6,1,0.1550838053226471
2332,7,1,0.15445576608181
2333,0,1,0.27865517139434814
2334,7,1,0.07285922020673752
2335,1,1,0.07054068148136139
2336,4,1,0.09445403516292572
2337,6,1,0.21460893750190735
2338,4,1,0.25944507122039795
2339,5,1,0.08558724820613861
2340,4,1,0.09440885484218597
2341,9,1,0.08103184401988983
2342,9,1,0.13151639699935913
2343,1,1,0.05220523104071617
2344,7,1,0.18832707405090332
2345,9,1,0.11306005716323853
2346,5,1,0.02216176502406597
2347,3,1,0.2713959813117981
2348,3,1,0.06368008255958557
2349,8,0,0.02894710935652256
2350,2,1,0.19853553175926208
2351,3,1,0.365130215883255
2352,6,1,0.2155364602804184
2353,2,1,0.160116046667099
2354,2,1,0.47834256291389465
2355,1,1,0.036783672869205475
2356,1,1,0.0785798579454422
2357,1,1,0.07780509442090988
2358,1,1,0.040786419063806534
2359,1,1,0.13561788201332092
2360,6,1,0.17510510981082916
2361,9,1,0.07675539702177048
2362,8,0,0.027669832110404968
2363,4,1,0.13516300916671753
2364,3,1,0.10985317081212997
2365,7,1,0.11115808039903641
2366,1,1,0.08755341172218323
2367,6,1,0.08063483983278275
2368,4,1,0.21079738438129425
2369,5,1,0.1242470070719719
2370,0,1,0.25024497509002686
2371,4,1,0.12006218731403351
2372,7,1,0.1547945737838745
2373,4,1,0.0864906758069992
2374,2,1,0.25522100925445557
2375,4,1,0.1497279554605484
2376,0,1,0.08522149175405502
2377,7,1,0.08823247253894806
2378,0,1,0.20480689406394958
2379,1,1,0.09091059863567352
2380,9,1,0.037174124270677567
2381,8,0,0.0442841574549675
2382,8,0,0.03320082277059555
2383,6,1,0.14187206327915192
2384,0,1,0.05704638734459877
2385,0,1,0.06287630647420883
2386,4,1,0.12467348575592041
2387,9,1,0.07012324035167694
2388,6,1,0.06466130912303925
2389,8,0,0.03429817035794258
2390,2,1,0.28764456510543823
2391,2,1,0.1550023853778839
2392,3,1,0.13718368113040924
2393,8,0,0.06821552664041519
2394,4,1,0.1536531299352646
2395,8,0,0.04728134348988533
2396,2,1,0.07753290235996246
2397,2,1,0.2598085403442383
2398,1,1,0.048805780708789825
2399,7,1,0.15267352759838104
2400,5,1,0.293612539768219
2401,4,1,0.10650411248207092
2402,4,1,0.10534077137708664
2403,0,1,0.085471972823143
2404,4,1,0.07697354257106781
2405,3,1,0.36224353313446045
2406,9,1,0.056855764240026474
2407,7,1,0.23762190341949463
2408,3,1,0.10616543889045715
2409,1,1,0.06225185841321945
2410,0,1,0.03307315334677696
2411,1,1,0.14875052869319916
2412,2,1,0.2891160249710083
2413,5,1,0.1219879761338234
2414,9,1,0.06630877405405045
2415,2,1,0.05107647180557251
2416,1,1,0.09851046651601791
2417,0,1,0.2627061903476715
2418,1,1,0.08752001821994781
2419,8,0,0.04072852060198784
2420,9,1,0.13681580126285553
2421,1,1,0.11267061531543732
2422,6,1,0.13444793224334717
2423,8,0,0.05037415027618408
2424,3,1,0.21913741528987885
2425,8,0,0.05230481177568436
2426,9,1,0.12493721395730972
2427,3,1,0.10232281684875488
2428,6,1,0.06990054249763489
2429,2,1,0.20591960847377777
2430,8,0,0.11837032437324524
2431,3,1,0.1322191059589386
2432,2,1,0.4903939664363861
2433,2,1,0.06381209194660187
2434,1,1,0.1052776649594307
2435,0,1,0.19604036211967468
2436,4,1,0.11766935139894485
2437,2,1,0.22381466627120972
2438,9,1,0.1238829717040062
2439,2,1,0.24479500949382782
2440,4,1,0.10474943369626999
2441,3,1,0.0969892293214798
2442,7,1,0.08070716261863708
2443,9,1,0.07231709361076355
2444,1,1,0.16327184438705444
2445,5,1,0.07649175822734833
2446,2,1,0.25490766763687134
2447,4,1,0.07737211883068085
2448,9,1,0.03651507943868637
2449,0,1,0.027104035019874573
2450,3,1,0.04039318859577179
2451,8,0,0.024049371480941772
2452,5,1,0.06679753214120865
2453,3,1,0.10762186348438263
2454,6,1,0.050219811499118805
2455,0,1,0.0843510627746582
2456,9,1,0.10630309581756592
2457,4,1,0.09652379155158997
2458,6,1,0.07853196561336517
2459,2,1,0.13306866586208344
2460,5,1,0.0406673401594162
2461,0,1,0.03891739249229431
2462,2,1,0.07282018661499023
2463,7,1,0.11522580683231354
2464,4,1,0.122719906270504
2465,6,1,0.1258021593093872
2466,6,1,0.2129758894443512
2467,8,0,0.02913501486182213
2468,6,1,0.15811073780059814
2469,6,1,0.08762571960687637
2470,8,0,0.03270704299211502
2471,6,1,0.19093208014965057
2472,9,1,0.06724239885807037
2473,1,1,0.037372831255197525
2474,7,1,0.07037067413330078
2475,2,1,0.11415132880210876
2476,5,1,0.1156567931175232
2477,9,1,0.0815732404589653
2478,9,1,0.12580592930316925
2479,0,1,0.2990008592605591
2480,7,1,0.08632782846689224
2481,2,1,0.05968417972326279
2482,7,1,0.12445183098316193
2483,6,1,0.11721324175596237
2484,7,1,0.0928243100643158
2485,0,1,0.2299618422985077
2486,6,1,0.16890990734100342
2487,5,1,0.1080024242401123
2488,2,1,0.14255934953689575
2489,4,1,0.14214575290679932
2490,7,1,0.0673040896654129
2491,2,1,0.1698305606842041
2492,0,1,0.07541549950838089
2493,9,1,0.08763352036476135
2494,9,1,0.09594167768955231
2495,2,1,0.09329171478748322
2496,2,1,0.1609315276145935
2497,9,1,0.02907281182706356
2498,4,1,0.18231640756130219
2499,4,1,0.16568759083747864
2500,2,1,0.21227112412452698
2501,3,1,0.1505868136882782
2502,3,1,0.2204539179801941
2503,2,1,0.18410080671310425
2504,1,1,0.07783713191747665
2505,7,1,0.21188828349113464
2506,0,1,0.08975327759981155
2507,7,1,0.055062443017959595
2508,6,1,0.32278966903686523
2509,4,1,0.11052720248699188
2510,1,1,0.15938878059387207
2511,3,1,0.09565071761608124
2512,8,0,0.041295431554317474
2513,7,1,0.10183535516262054
2514,4,1,0.21008142828941345
2515,5,1,0.06361384689807892
2516,9,1,0.10015663504600525
2517,2,1,0.20422682166099548
2518,5,1,0.0585908368229866
2519,1,1,0.18108448386192322
2520,8,0,0.036482229828834534
2521,7,1,0.05200258642435074
2522,3,1,0.05016455799341202
2523,7,1,0.26040735840797424
2524,1,1,0.1289750039577484
2525,5,1,0.03715693950653076
2526,5,1,0.04928140342235565
2527,0,1,0.10236258059740067
2528,9,1,0.10088654607534409
2529,1,1,0.06808484345674515
2530,4,1,0.14051511883735657
2531,0,1,0.1387006789445877
2532,6,1,0.1799607276916504
2533,3,1,0.24842730164527893
2534,3,1,0.07690943032503128
2535,6,1,0.3714125454425812
2536,0,1,0.08039350062608719
2537,4,1,0.11466172337532043
2538,9,1,0.07727142423391342
2539,7,1,0.07678904384374619
2540,5,1,0.13039520382881165
2541,1,1,0.1038106381893158
2542,6,1,0.29102131724357605
2543,8,0,0.0490109808743
2544,9,1,0.11662138998508453
2545,5,1,0.0738360732793808
2546,5,1,0.0608845055103302
2547,7,1,0.09021107107400894
2548,9,1,0.03767574951052666
2549,3,1,0.048397570848464966
2550,8,0,0.018713323399424553
2551,3,1,0.06831046938896179
2552,8,0,0.044330745935440063
2553,1,1,0.10652083903551102
2554,5,1,0.08317270874977112
2555,3,1,0.217980295419693
2556,5,1,0.06036661937832832
2557,0,1,0.04753526300191879
2558,5,1,0.09956637024879456
2559,5,1,0.09593716263771057
2560,3,1,0.2574108839035034
2561,8,0,0.03901194781064987
2562,6,1,0.05323457345366478
2563,7,1,0.18056835234165192
2564,7,1,0.060718029737472534
2565,7,1,0.355156272649765
2566,3,1,0.061817482113838196
2567,7,1,0.09279245138168335
2568,0,1,0.28408268094062805
2569,5,1,0.13176073133945465
2570,9,1,0.07413703948259354
2571,0,1,0.05444930121302605
2572,2,1,0.04954937845468521
2573,5,1,0.07089132070541382
2574,5,1,0.250629186630249
2575,3,1,0.09218791127204895
2576,1,1,0.18611207604408264
2577,7,1,0.0784817487001419
2578,7,1,0.10353229939937592
2579,8,0,0.022126872092485428
2580,6,1,0.05235690996050835
2581,5,1,0.06349867582321167
2582,9,1,0.04065187647938728
2583,3,1,0.08058790862560272
2584,8,0,0.04705766960978508
2585,9,1,0.07606330513954163
2586,5,1,0.04029887169599533
2587,3,1,0.3332365155220032
2588,7,1,0.28985512256622314
2589,9,1,0.03164668381214142
2590,1,1,0.07747083902359009
2591,7,1,0.1103595495223999
2592,0,1,0.10642287135124207
2593,0,1,0.10045886784791946
2594,3,1,0.04867281764745712
2595,7,1,0.176016166806221
2596,2,1,0.11550794541835785
2597,5,1,0.18293561041355133
2598,8,0,0.06691150367259979
2599,1,1,0.07353902608156204
2600,8,0,0.03403080254793167
2601,6,1,0.10433237254619598
2602,2,1,0.11231538653373718
2603,9,1,0.09953685104846954
2604,5,1,0.07368309050798416
2605,7,1,0.17983858287334442
2606,5,1,0.04625735431909561
2607,7,1,0.09258805960416794
2608,8,0,0.04283886402845383
2609,6,1,0.19582274556159973
2610,2,1,0.08730504661798477
2611,5,1,0.08426450192928314
2612,1,1,0.08210387825965881
2613,4,1,0.1814313381910324
2614,8,0,0.024224191904067993
2615,4,1,0.05073697119951248
2616,5,1,0.1586589515209198
2617,8,0,0.08947212994098663
2618,3,1,0.08052992820739746
2619,0,1,0.08004134893417358
2620,6,1,0.10332860052585602
2621,2,1,0.2129441499710083
2622,7,1,0.15924982726573944
2623,3,1,0.06769514083862305
2624,3,1,0.0742829442024231
2625,2,1,0.10776479542255402
2626,1,1,0.13377417623996735
2627,0,1,0.13483726978302002
2628,7,1,0.09911541640758514
2629,3,1,0.08957530558109283
2630,4,1,0.1113748550415039
2631,0,1,0.04928907752037048
2632,3,1,0.31163153052330017
2633,9,1,0.028183195739984512
2634,3,1,0.05179257690906525
2635,2,1,0.194109708070755
2636,8,0,0.10235988348722458
2637,9,1,0.12581828236579895
2638,0,1,0.21011237800121307
2639,3,1,0.13850069046020508
2640,8,0,0.049180127680301666
2641,0,1,0.20455975830554962
2642,7,1,0.11130806803703308
2643,6,1,0.11719401180744171
2644,5,1,0.04429363086819649
2645,4,1,0.19408099353313446
2646,7,1,0.16071581840515137
2647,3,1,0.12878063321113586
2648,9,1,0.043818891048431396
2649,0,1,0.045123107731342316
2650,8,0,0.05942142754793167
2651,6,1,0.052445292472839355
2652,2,1,0.13202932476997375
2653,5,1,0.05544061213731766
2654,6,1,0.09669464081525803
2655,1,1,0.07851707935333252
2656,0,1,0.09405910968780518
2657,0,1,0.16691547632217407
2658,4,1,0.06194331496953964
2659,4,1,0.07286830246448517
2660,0,1,0.1377100944519043
2661,1,1,0.16410598158836365
2662,2,1,0.055226437747478485
2663,3,1,0.1389342099428177
2664,2,1,0.15894900262355804
2665,7,1,0.08053810894489288
2666,7,1,0.06587134301662445
2667,8,0,0.04958679527044296
2668,5,1,0.1963006556034088
2669,2,1,0.20156586170196533
2670,5,1,0.04090151935815811
2671,7,1,0.08312781155109406
2672,6,1,0.06970539689064026
2673,9,1,0.08319321274757385
2674,1,1,0.16075929999351501
2675,4,1,0.14348812401294708
2676,1,1,0.1802729070186615
2677,6,1,0.1324111968278885
2678,4,1,0.12327323853969574
2679,2,1,0.08283355832099915
2680,4,1,0.07761214673519135
2681,3,1,0.09280501306056976
2682,5,1,0.06879369914531708
2683,4,1,0.1615178883075714
2684,3,1,0.14992861449718475
2685,9,1,0.11320100724697113
2686,5,1,0.06902710348367691
2687,0,1,0.1798315942287445
2688,1,1,0.10242845118045807
2689,5,1,0.2857325077056885
2690,3,1,0.06206710264086723
2691,8,0,0.04653879255056381
2692,9,1,0.13518047332763672
2693,1,1,0.06932621449232101
2694,9,1,0.1330294907093048
2695,7,1,0.20501655340194702
2696,9,1,0.08317086845636368
2697,5,1,0.1650330275297165
2698,5,1,0.06821393221616745
2699,2,1,0.13924118876457214
2700,7,1,0.2787657082080841
2701,4,1,0.11901099234819412
2702,6,1,0.17292875051498413
2703,0,1,0.16240301728248596
2704,1,1,0.1040637344121933
2705,1,1,0.05367603152990341
2706,1,1,0.11402192711830139
2707,0,1,0.1725238561630249
2708,4,1,0.20485052466392517
2709,4,1,0.12903210520744324
2710,7,1,0.28563839197158813
2711,6,1,0.34260332584381104
2712,3,1,0.08860332518815994
2713,0,1,0.018214745447039604
2714,0,1,0.1508738398551941
2715,4,1,0.0869801715016365
2716,3,1,0.0716308057308197
2717,0,1,0.13688461482524872
2718,6,1,0.1233447790145874
2719,1,1,0.08100871741771698
2720,9,1,0.08176024258136749
2721,6,1,0.20534080266952515
2722,1,1,0.10577550530433655
2723,3,1,0.34811705350875854
2724,8,0,0.05122511088848114
2725,1,1,0.1041409969329834
2726,2,1,0.10982222110033035
2727,5,1,0.05316593497991562
2728,6,1,0.12244189530611038
2729,2,1,0.10980832576751709
2730,7,1,0.10536123812198639
2731,3,1,0.07654088735580444
2732,6,1,0.07863125205039978
2733,0,1,0.032597530633211136
2734,1,1,0.05958401784300804
2735,9,1,0.12266525626182556
2736,7,1,0.20842245221138
2737,6,1,0.11227888613939285
2738,6,1,0.08634647727012634
2739,8,0,0.05020561069250107
2740,9,1,0.03549402207136154
2741,2,1,0.060375552624464035
2742,9,1,0.06316335499286652
2743,5,1,0.06145298853516579
2744,8,0,0.032794803380966187
2745,3,1,0.1621289998292923
2746,1,1,0.060162946581840515
2747,0,1,0.03143255412578583
2748,0,1,0.23025384545326233
2749,7,1,0.16184362769126892
2750,6,1,0.09885772317647934
2751,6,1,0.12580996751785278
2752,2,1,0.22313115000724792
2753,1,1,0.09445607662200928
2754,6,1,0.15566253662109375
2755,9,1,0.11571834981441498
2756,3,1,0.28342393040657043
2757,1,1,0.08056457340717316
2758,8,0,0.03361235186457634
2759,6,1,0.16900256276130676
2760,9,1,0.05052103102207184
2761,0,1,0.10135962069034576
2762,6,1,0.07639935612678528
2763,0,1,0.08708365261554718
2764,0,1,0.0486702024936676
2765,0,1,0.12312016636133194
2766,6,1,0.1064886748790741
2767,3,1,0.30065101385116577
2768,5,1,0.044657498598098755
2769,9,1,0.04533591493964195
2770,3,1,0.07376863062381744
2771,4,1,0.07501523941755295
2772,5,1,0.1236698105931282
2773,5,1,0.06178034842014313
2774,8,0,0.06139373406767845
2775,5,1,0.08244616538286209
2776,3,1,0.032304294407367706
2777,0,1,0.187557190656662
2778,4,1,0.11327381432056427
2779,0,1,0.24048346281051636
2780,2,1,0.11503349244594574
2781,9,1,0.10974261164665222
2782,6,1,0.0646037757396698
2783,8,0,0.07810863852500916
2784,2,1,0.04865511879324913
2785,3,1,0.11037211120128632
2786,1,1,0.17827019095420837
2787,2,1,0.16703331470489502
2788,1,1,0.17071524262428284
2789,1,1,0.07394977658987045
2790,5,1,0.10209524631500244
2791,6,1,0.10086794197559357
2792,9,1,0.13207437098026276
2793,8,0,0.07258190959692001
2794,0,1,0.10542770475149155
2795,6,1,0.15885600447654724
2796,6,1,0.1274585872888565
2797,5,1,0.07819299399852753
2798,5,1,0.1287117600440979
2799,3,1,0.0519128181040287
2800,8,0,0.05157224088907242
2801,6,1,0.11858269572257996
2802,2,1,0.12433114647865295
2803,1,1,0.07193368673324585
2804,4,1,0.14026589691638947
2805,5,1,0.054304078221321106
2806,4,1,0.14827950298786163
2807,3,1,0.24126729369163513
2808,7,1,0.09457337856292725
2809,8,0,0.02413111925125122
2810,5,1,0.048261597752571106
2811,0,1,0.09990797936916351
2812,9,1,0.09366411715745926
2813,3,1,0.1362943947315216
2814,5,1,0.09025668352842331
2815,1,1,0.059680961072444916
2816,1,1,0.09072230756282806
2817,0,1,0.046171635389328
2818,4,1,0.06600259244441986
2819,4,1,0.12278284877538681
2820,7,1,0.10615596920251846
2821,0,1,0.13862019777297974
2822,1,1,0.06360132992267609
2823,7,1,0.17710378766059875
2824,0,1,0.07910257577896118
2825,1,1,0.06670956313610077
2826,6,1,0.2411346584558487
2827,1,1,0.1898546814918518
2828,4,1,0.1691437065601349
2829,5,1,0.06742337346076965
2830,6,1,0.17566122114658356
2831,6,1,0.07284930348396301
2832,5,1,0.05560193210840225
2833,7,1,0.24573522806167603
2834,8,0,0.06537839770317078
2835,4,1,0.16529956459999084
2836,4,1,0.36943069100379944
2837,7,1,0.0837625190615654
2838,2,1,0.15809981524944305
2839,5,1,0.06973570585250854
2840,3,1,0.06614460796117783
2841,7,1,0.1509649157524109
2842,0,1,0.10652421414852142
2843,7,1,0.08051535487174988
2844,7,1,0.11144594848155975
2845,9,1,0.07739180326461792
2846,6,1,0.11141394078731537
2847,4,1,0.1059151142835617
2848,2,1,0.04230069741606712
2849,8,0,0.06938809901475906
2850,5,1,0.33316779136657715
2851,7,1,0.24917495250701904
2852,8,0,0.024376291781663895
2853,3,1,0.025747906416654587
2854,9,1,0.02542659267783165
2855,5,1,0.07969053834676743
2856,8,0,0.02286389470100403
2857,9,1,0.05624791234731674
2858,9,1,0.1108507588505745
2859,8,0,0.03921062499284744
2860,6,1,0.06439510732889175
2861,2,1,0.09717369079589844
2862,8,0,0.024993568658828735
2863,9,1,0.05485032871365547
2864,2,1,0.05940382182598114
2865,3,1,0.13725227117538452
2866,6,1,0.10724993050098419
2867,1,1,0.24628740549087524
2868,1,1,0.08458422869443893
2869,8,0,0.05776356905698776
2870,9,1,0.07315575331449509
2871,3,1,0.04610486328601837
2872,4,1,0.09090641140937805
2873,0,1,0.1846313774585724
2874,7,1,0.12987223267555237
2875,9,1,0.05499439314007759
2876,6,1,0.08463133126497269
2877,4,1,0.10860345512628555
2878,1,1,0.04432371258735657
2879,4,1,0.08401370048522949
2880,1,1,0.09619513154029846
2881,3,1,0.08674181252717972
2882,4,1,0.1794198751449585
2883,9,1,0.04606282711029053
2884,3,1,0.18179967999458313
2885,1,1,0.1391151249408722
2886,4,1,0.07803179323673248
2887,7,1,0.1142854318022728
2888,7,1,0.07046135514974594
2889,4,1,0.15416677296161652
2890,7,1,0.13250169157981873
2891,2,1,0.04389964044094086
2892,9,1,0.15647438168525696
2893,3,1,0.20156845450401306
2894,0,1,0.1569809764623642
2895,8,0,0.020563248544931412
2896,8,0,0.06449949741363525
2897,8,0,0.07954077422618866
2898,4,1,0.09834238886833191
2899,0,1,0.12183861434459686
2900,4,1,0.11924777925014496
2901,4,1,0.06830860674381256
2902,1,1,0.06699923425912857
2903,5,1,0.04151938483119011
2904,2,1,0.12318430840969086
2905,8,0,0.06278534233570099
2906,3,1,0.03838755190372467
2907,4,1,0.18266382813453674
2908,9,1,0.1174655556678772
2909,5,1,0.04783782362937927
2910,2,1,0.18114981055259705
2911,8,0,0.04805760458111763
2912,1,1,0.18882733583450317
2913,5,1,0.0824165940284729
2914,3,1,0.055950991809368134
2915,7,1,0.13732753694057465
2916,9,1,0.0837203860282898
2917,4,1,0.13852278888225555
2918,2,1,0.1684652417898178
2919,5,1,0.2626950144767761
2920,6,1,0.2335711419582367
2921,3,1,0.12357012182474136
2922,5,1,0.06569195538759232
2923,9,1,0.10242029279470444
2924,3,1,0.1299557387828827
2925,5,1,0.22928519546985626
2926,9,1,0.148036390542984
2927,3,1,0.2544015049934387
2928,1,1,0.062358323484659195
2929,9,1,0.22064268589019775
2930,5,1,0.2460184544324875
2931,3,1,0.02282051369547844
2932,0,1,0.41292905807495117
2933,6,1,0.12234117090702057
2934,9,1,0.18009290099143982
2935,8,0,0.023138156160712242
2936,4,1,0.1602863073348999
2937,0,1,0.017891649156808853
2938,4,1,0.06402122974395752
2939,9,1,0.12964573502540588
2940,2,1,0.12952876091003418
2941,9,1,0.10045529901981354
2942,0,1,0.08485978096723557
2943,1,1,0.08688463270664215
2944,0,1,0.07110796868801117
2945,3,1,0.1205267608165741
2946,1,1,0.06400316208600998
2947,6,1,0.10056577622890472
2948,5,1,0.10014147311449051
2949,8,0,0.031202640384435654
2950,1,1,0.08086107671260834
2951,5,1,0.029292404651641846
2952,3,1,0.03733580932021141
2953,3,1,0.05509432777762413
2954,0,1,0.11051123589277267
2955,3,1,0.09227610379457474
2956,5,1,0.026527496054768562
2957,5,1,0.13503991067409515
2958,9,1,0.051114022731781006
2959,2,1,0.16291305422782898
2960,8,0,0.03819534182548523
2961,7,1,0.13914626836776733
2962,0,1,0.04638753831386566
2963,4,1,0.2220732867717743
2964,9,1,0.10034653544425964
2965,1,1,0.142689049243927
2966,9,1,0.06098529323935509
2967,7,1,0.1250360608100891
2968,7,1,0.10137061774730682
2969,5,1,0.11215867847204208
2970,5,1,0.23246175050735474
2971,2,1,0.08010447025299072
2972,0,1,0.06808806955814362
2973,9,1,0.04612595587968826
2974,1,1,0.06773857027292252
2975,8,0,0.056265946477651596
2976,6,1,0.08410681039094925
2977,2,1,0.13036896288394928
2978,3,1,0.05341721698641777
2979,9,1,0.07008463889360428
2980,6,1,0.17052245140075684
2981,2,1,0.07442207634449005
2982,1,1,0.11993332207202911
2983,9,1,0.11159954965114594
2984,1,1,0.15281447768211365
2985,3,1,0.15422490239143372
2986,5,1,0.051956601440906525
2987,5,1,0.06094663590192795
2988,0,1,0.08620652556419373
2989,3,1,0.09970315545797348
2990,8,0,0.03210242837667465
2991,3,1,0.11993084102869034
2992,3,1,0.061249446123838425
2993,7,1,0.06825659424066544
2994,6,1,0.1914292871952057
2995,6,1,0.06863684207201004
2996,0,1,0.297902375459671
2997,1,1,0.1220233142375946
2998,4,1,0.17639993131160736
2999,0,1,0.0685294046998024
3000,6,1,0.07447126507759094
3001,9,1,0.07647138088941574
3002,8,0,0.04366924986243248
3003,1,1,0.08543950319290161
3004,2,1,0.06391556560993195
3005,9,1,0.07118669152259827
3006,9,1,0.07193794846534729
3007,5,1,0.09168131649494171
3008,9,1,0.06924591958522797
3009,7,1,0.05236262083053589
3010,3,1,0.11145561933517456
3011,7,1,0.4218870997428894
3012,8,0,0.009920386597514153
3013,0,1,0.15089565515518188
3014,1,1,0.10654237121343613
3015,3,1,0.05415363609790802
3016,0,1,0.09502415359020233
3017,4,1,0.12385626137256622
3018,6,1,0.07922359555959702
3019,1,1,0.11026445031166077
3020,0,1,0.3401831090450287
3021,2,1,0.07324428856372833
3022,5,1,0.07142932713031769
3023,8,0,0.042250171303749084
3024,4,1,0.20983149111270905
3025,4,1,0.0871792882680893
3026,1,1,0.14276325702667236
3027,1,1,0.14120204746723175
3028,5,1,0.05360059440135956
3029,4,1,0.11103355884552002
3030,6,1,0.08079984784126282
3031,6,1,0.3209800124168396
3032,0,1,0.054999660700559616
3033,6,1,0.10882428288459778
3034,9,1,0.047743652015924454
3035,2,1,0.3054967522621155
3036,6,1,0.12665946781635284
3037,2,1,0.22532835602760315
3038,7,1,0.16702106595039368
3039,1,1,0.1754894256591797
3040,7,1,0.08284253627061844
3041,9,1,0.07208256423473358
3042,4,1,0.06355150043964386
3043,0,1,0.23823457956314087
3044,0,1,0.10155779123306274
3045,3,1,0.15910300612449646
3046,8,0,0.040920764207839966
3047,2,1,0.1487119197845459
3048,2,1,0.11645446717739105
3049,3,1,0.06294647604227066
3050,1,1,0.10758934915065765
3051,6,1,0.1538689136505127
3052,0,1,0.10109983384609222
3053,5,1,0.08354078233242035
3054,7,1,0.0700703114271164
3055,7,1,0.07407575100660324
3056,9,1,0.13731268048286438
3057,2,1,0.17641635239124298
3058,6,1,0.14441116154193878
3059,7,1,0.13386020064353943
3060,9,1,0.14388319849967957
3061,7,1,0.11316466331481934
3062,8,0,0.07591661810874939
3063,6,1,0.08266904205083847
3064,8,0,0.04145388305187225
3065,8,0,0.13789427280426025
3066,4,1,0.09801945835351944
3067,6,1,0.24588820338249207
3068,8,0,0.06690028309822083
3069,4,1,0.2921779751777649
3070,1,1,0.15334007143974304
3071,2,1,0.10829944163560867
3072,8,0,0.0327618308365345
3073,1,1,0.12999266386032104
3074,3,1,0.13951905071735382
3075,9,1,0.13178128004074097
3076,4,1,0.11065270006656647
3077,0,1,0.3416857123374939
3078,3,1,0.11402375251054764
3079,7,1,0.06930133700370789
3080,3,1,0.2020314335823059
3081,2,1,0.13726383447647095
3082,3,1,0.095454141497612
3083,3,1,0.19872698187828064
3084,7,1,0.0742989033460617
3085,3,1,0.05070631951093674
3086,4,1,0.10151228308677673
3087,0,1,0.038694072514772415
3088,6,1,0.12257406115531921
3089,2,1,0.29183506965637207
3090,0,1,0.0725855678319931
3091,8,0,0.029684865847229958
3092,1,1,0.07575925439596176
3093,5,1,0.10918737947940826
3094,3,1,0.22072291374206543
3095,5,1,0.08842159062623978
3096,4,1,0.17876216769218445
3097,1,1,0.0885181725025177
3098,7,1,0.0869496762752533
3099,1,1,0.08082209527492523
3100,5,1,0.10926118493080139
3101,7,1,0.03628910332918167
3102,5,1,0.0758805125951767
3103,7,1,0.182255819439888
3104,3,1,0.18584781885147095
3105,2,1,0.15871267020702362
3106,2,1,0.13561813533306122
3107,7,1,0.05839179456233978
3108,3,1,0.11671306192874908
3109,7,1,0.17574217915534973
3110,3,1,0.11216939985752106
3111,7,1,0.07583533972501755
3112,8,0,0.02188010886311531
3113,5,1,0.3226867914199829
3114,4,1,0.1859472543001175
3115,5,1,0.12776562571525574
3116,2,1,0.11532417684793472
3117,5,1,0.05035809427499771
3118,6,1,0.06849505752325058
3119,5,1,0.04986438900232315
3120,3,1,0.19240044057369232
3121,6,1,0.17021527886390686
3122,7,1,0.12000808119773865
3123,4,1,0.17040099203586578
3124,1,1,0.08031454682350159
3125,7,1,0.09132285416126251
3126,1,1,0.11745312809944153
3127,5,1,0.06765885651111603
3128,2,1,0.27304449677467346
3129,3,1,0.032264593988657
3130,6,1,0.1189519539475441
3131,3,1,0.1902136653661728
3132,1,1,0.05805071070790291
3133,4,1,0.09446706622838974
3134,2,1,0.09163084626197815
3135,6,1,0.123511403799057
3136,7,1,0.0762462317943573
3137,4,1,0.11189168691635132
3138,3,1,0.2457915097475052
3139,8,0,0.026019664481282234
3140,0,1,0.05515187233686447
3141,6,1,0.06949883699417114
3142,2,1,0.11433780193328857
3143,1,1,0.09804952889680862
3144,6,1,0.32005518674850464
3145,5,1,0.15880784392356873
3146,3,1,0.0891793966293335
3147,9,1,0.08821701258420944
3148,1,1,0.13874833285808563
3149,9,1,0.12683969736099243
3150,3,1,0.07862637937068939
3151,2,1,0.20002546906471252
3152,1,1,0.12279780954122543
3153,8,0,0.03861185535788536
3154,4,1,0.1239093542098999
3155,4,1,0.06544806808233261
3156,6,1,0.08303128927946091
3157,5,1,0.1912822425365448
3158,8,0,0.02705223299562931
3159,6,1,0.06994172930717468
3160,9,1,0.0949563980102539
3161,7,1,0.05980455502867699
3162,7,1,0.17701448500156403
3163,8,0,0.024002837017178535
3164,6,1,0.17886656522750854
3165,9,1,0.07449832558631897
3166,7,1,0.13307365775108337
3167,3,1,0.14783278107643127
3168,9,1,0.10362962633371353
3169,4,1,0.08537885546684265
3170,0,1,0.37475985288619995
3171,5,1,0.0659153163433075
3172,4,1,0.21186867356300354
3173,6,1,0.18091309070587158
3174,4,1,0.12084470689296722
3175,1,1,0.09518584609031677
3176,2,1,0.07081188261508942
3177,3,1,0.13341669738292694
3178,0,1,0.0812501609325409
3179,0,1,0.10480587929487228
3180,2,1,0.1118764579296112
3181,6,1,0.21007375419139862
3182,6,1,0.2657972574234009
3183,5,1,0.04987494647502899
3184,7,1,0.1589689999818802
3185,0,1,0.11220130324363708
3186,8,0,0.04701936990022659
3187,6,1,0.1177671030163765
3188,4,1,0.10831783711910248
3189,7,1,0.19702363014221191
3190,9,1,0.08796551078557968
3191,0,1,0.055323805660009384
3192,7,1,0.25255000591278076
3193,3,1,0.04619516432285309
3194,4,1,0.08367703855037689
3195,2,1,0.3462888300418854
3196,1,1,0.15289944410324097
3197,8,0,0.03136899694800377
3198,8,0,0.04487157613039017
3199,5,1,0.05617561936378479
3200,9,1,0.1304323971271515
3201,2,1,0.05707316845655441
3202,7,1,0.08495523035526276
3203,1,1,0.1279231756925583
3204,8,0,0.03157029673457146
3205,8,0,0.04595979303121567
3206,8,0,0.051778409630060196
3207,2,1,0.145635187625885
3208,7,1,0.07636596262454987
3209,6,1,0.077629953622818
3210,0,1,0.03138597309589386
3211,1,1,0.07435736805200577
3212,2,1,0.1348346769809723
3213,7,1,0.1093936413526535
3214,1,1,0.08503164350986481
3215,0,1,0.07458993792533875
3216,8,0,0.039659492671489716
3217,3,1,0.18330685794353485
3218,6,1,0.108033187687397
3219,0,1,0.09045406430959702
3220,5,1,0.10068845748901367
3221,3,1,0.16812574863433838
3222,6,1,0.22166642546653748
3223,2,1,0.04937419295310974
3224,8,0,0.02776666358113289
3225,7,1,0.11249759048223495
3226,0,1,0.08588806539773941
3227,1,1,0.17692866921424866
3228,4,1,0.13152074813842773
3229,2,1,0.06575718522071838
3230,1,1,0.08777515590190887
3231,1,1,0.07423409819602966
3232,4,1,0.18756820261478424
3233,4,1,0.141914963722229
3234,4,1,0.12185348570346832
3235,4,1,0.10528001934289932
3236,7,1,0.15281495451927185
3237,1,1,0.09475462138652802
3238,6,1,0.10576233267784119
3239,2,1,0.2922164499759674
3240,9,1,0.05046603083610535
3241,9,1,0.1318875104188919
3242,0,1,0.13566842675209045
3243,0,1,0.1512782871723175
3244,1,1,0.09858144819736481
3245,8,0,0.06053130328655243
3246,8,0,0.04801560938358307
3247,4,1,0.08138694614171982
3248,3,1,0.0816662460565567
3249,4,1,0.1002093106508255
3250,2,1,0.17645438015460968
3251,0,1,0.14127394556999207
3252,6,1,0.12029062211513519
3253,1,1,0.11795435100793839
3254,6,1,0.1832360327243805
3255,1,1,0.10309197753667831
3256,2,1,0.06752151250839233
3257,2,1,0.2601505219936371
3258,2,1,0.2805258631706238
3259,1,1,0.10120416432619095
3260,2,1,0.032974861562252045
3261,3,1,0.054907090961933136
3262,7,1,0.08259288221597672
3263,8,0,0.0234115831553936
3264,1,1,0.0465833842754364
3265,0,1,0.1326574981212616
3266,0,1,0.06289976835250854
3267,2,1,0.23908911645412445
3268,1,1,0.08906322717666626
3269,6,1,0.30392104387283325
3270,6,1,0.12324826419353485
3271,0,1,0.19464144110679626
3272,1,1,0.059856265783309937
3273,6,1,0.07063375413417816
3274,2,1,0.20447218418121338
3275,5,1,0.13080038130283356
3276,1,1,0.19517812132835388
3277,7,1,0.08052000403404236
3278,4,1,0.14736437797546387
3279,8,0,0.026171330362558365
3280,2,1,0.0657166987657547
3281,1,1,0.18803274631500244
3282,4,1,0.15211406350135803
3283,3,1,0.0878041684627533
3284,8,0,0.028695452958345413
3285,3,1,0.056955013424158096
3286,9,1,0.09989336133003235
3287,9,1,0.05330371856689453
3288,4,1,0.07341274619102478
3289,8,0,0.05567319318652153
3290,3,1,0.03757040575146675
3291,4,1,0.11869527399539948
3292,7,1,0.15919329226016998
3293,2,1,0.1638127714395523
3294,7,1,0.12410885095596313
3295,5,1,0.048336777836084366
3296,7,1,0.08775170147418976
3297,0,1,0.2223430871963501
3298,4,1,0.10322317481040955
3299,3,1,0.2815459370613098
3300,3,1,0.29962193965911865
3301,2,1,0.5582541227340698
3302,6,1,0.16843563318252563
3303,7,1,0.08495666086673737
3304,6,1,0.11291860789060593
3305,0,1,0.09825654327869415
3306,0,1,0.09103453159332275
3307,6,1,0.1605663001537323
3308,7,1,0.10225585103034973
3309,7,1,0.06862618029117584
3310,0,1,0.08793126791715622
3311,5,1,0.07449089735746384
3312,5,1,0.0580756701529026
3313,8,0,0.02933836728334427
3314,1,1,0.09250962734222412
3315,0,1,0.1778637170791626
3316,7,1,0.14386329054832458
3317,0,1,0.07691460847854614
3318,2,1,0.10849721729755402
3319,8,0,0.050842076539993286
3320,1,1,0.14385242760181427
3321,5,1,0.0910816490650177
3322,0,1,0.07745683938264847
3323,8,0,0.04309085011482239
3324,8,0,0.03898559510707855
3325,0,1,0.05533824861049652
3326,3,1,0.19236800074577332
3327,2,1,0.26188766956329346
3328,7,1,0.1738342046737671
3329,7,1,0.08618132770061493
3330,2,1,0.13610443472862244
3331,6,1,0.08254188299179077
3332,4,1,0.12110602110624313
3333,7,1,0.10517169535160065
3334,5,1,0.09172409772872925
3335,5,1,0.11310978978872299
3336,5,1,0.0805196538567543
3337,2,1,0.09323647618293762
3338,9,1,0.11369942873716354
3339,2,1,0.19157922267913818
3340,8,0,0.021157385781407356
3341,4,1,0.08837337046861649
3342,6,1,0.032191403210163116
3343,8,0,0.03666388615965843
3344,6,1,0.08459198474884033
3345,5,1,0.34489691257476807
3346,0,1,0.03382698446512222
3347,0,1,0.10419832170009613
3348,8,0,0.049802713096141815
3349,7,1,0.06333712488412857
3350,6,1,0.1902046799659729
3351,1,1,0.1231808215379715
3352,7,1,0.1547442227602005
3353,1,1,0.08429758995771408
3354,1,1,0.09558290988206863
3355,2,1,0.14421717822551727
3356,7,1,0.2803713083267212
3357,4,1,0.13393241167068481
3358,0,1,0.03272457420825958
3359,0,1,0.04465237259864807
3360,7,1,0.13296900689601898
3361,7,1,0.08998002111911774
3362,6,1,0.15089377760887146
3363,3,1,0.09261820465326309
3364,8,0,0.033050134778022766
3365,6,1,0.1896231472492218
3366,4,1,0.10811381042003632
3367,2,1,0.06956992298364639
3368,0,1,0.04617484286427498
3369,9,1,0.10519350320100784
3370,4,1,0.23298078775405884
3371,0,1,0.1464579999446869
3372,5,1,0.04338925704360008
3373,7,1,0.32398366928100586
3374,8,0,0.023169325664639473
3375,2,1,0.22874239087104797
3376,7,1,0.07048261165618896
3377,4,1,0.08951140940189362
3378,7,1,0.09691096842288971
3379,1,1,0.11850903928279877
3380,1,1,0.07132099568843842
3381,3,1,0.045813195407390594
3382,6,1,0.0663224458694458
3383,6,1,0.05101793631911278
3384,2,1,0.40894073247909546
3385,9,1,0.17830784618854523
3386,1,1,0.1479194462299347
3387,9,1,0.07323348522186279
3388,4,1,0.14121557772159576
3389,8,0,0.017456773668527603
3390,3,1,0.08375124633312225
3391,6,1,0.08152443170547485
3392,9,1,0.06292633712291718
3393,5,1,0.08569609373807907
3394,9,1,0.16218915581703186
3395,6,1,0.0886492133140564
3396,2,1,0.1399255394935608
3397,4,1,0.1601967215538025
3398,6,1,0.07308017462491989
3399,7,1,0.0957079529762268
3400,7,1,0.12847205996513367
3401,0,1,0.5593410730361938
3402,6,1,0.07696613669395447
3403,6,1,0.11103390157222748
3404,9,1,0.08890888839960098
3405,4,1,0.051011040806770325
3406,8,0,0.042597342282533646
3407,3,1,0.04249205067753792
3408,5,1,0.0936610996723175
3409,3,1,0.04763646423816681
3410,4,1,0.19473357498645782
3411,9,1,0.07527163624763489
3412,0,1,0.3700820803642273
3413,0,1,0.050941139459609985
3414,5,1,0.10519883781671524
3415,2,1,0.08662846684455872
3416,5,1,0.08719989657402039
3417,0,1,0.08721545338630676
3418,7,1,0.1355465203523636
3419,1,1,0.10972601175308228
3420,1,1,0.17526775598526
3421,1,1,0.16502325236797333
3422,6,1,0.09749633073806763
3423,7,1,0.03639047592878342
3424,6,1,0.05628038942813873
3425,7,1,0.20890583097934723
3426,9,1,0.05231140926480293
3427,6,1,0.04900277405977249
3428,6,1,0.11920622736215591
3429,4,1,0.07674206793308258
3430,1,1,0.1519014537334442
3431,4,1,0.12137715518474579
3432,3,1,0.08923491090536118
3433,1,1,0.08631256222724915
3434,1,1,0.09562693536281586
3435,2,1,0.22076822817325592
3436,2,1,0.13052484393119812
3437,4,1,0.10406696796417236
3438,1,1,0.12727513909339905
3439,0,1,0.029806891456246376
3440,8,0,0.048552580177783966
3441,7,1,0.09549352526664734
3442,6,1,0.047399796545505524
3443,3,1,0.18044666945934296
3444,4,1,0.07440585643053055
3445,0,1,0.11997193098068237
3446,0,1,0.22395212948322296
3447,6,1,0.11762265115976334
3448,3,1,0.22681565582752228
3449,3,1,0.14422863721847534
3450,0,1,0.03659198805689812
3451,7,1,0.11685023456811905
3452,1,1,0.05094871297478676
3453,7,1,0.08352967351675034
3454,1,1,0.11754386126995087
3455,1,1,0.12034566700458527
3456,3,1,0.08189110457897186
3457,1,1,0.04188933223485947
3458,0,1,0.12927311658859253
3459,9,1,0.11286655813455582
3460,9,1,0.10079731792211533
3461,7,1,0.12572425603866577
3462,5,1,0.09443408250808716
3463,4,1,0.08710363507270813
3464,1,1,0.07170817255973816
3465,4,1,0.142543762922287
3466,8,0,0.05456273630261421
3467,9,1,0.030238069593906403
3468,5,1,0.04865150898694992
3469,3,1,0.09450294077396393
3470,5,1,0.05212855711579323
3471,1,1,0.046765945851802826
3472,9,1,0.16837000846862793
3473,8,0,0.029388155788183212
3474,2,1,0.11464902758598328
3475,3,1,0.10840259492397308
3476,3,1,0.08896709978580475
3477,9,1,0.03448936343193054
3478,9,1,0.0883321762084961
3479,0,1,0.3798031508922577
3480,1,1,0.06793162971735
3481,0,1,0.05615096539258957
3482,2,1,0.08372952044010162
3483,9,1,0.12833599746227264
3484,3,1,0.05640784278512001
3485,9,1,0.09192091226577759
3486,3,1,0.16986574232578278
3487,3,1,0.09382922202348709
3488,6,1,0.10520213097333908
3489,2,1,0.14663830399513245
3490,4,1,0.06777320802211761
3491,9,1,0.29771074652671814
3492,8,0,0.020725708454847336
3493,3,1,0.17670506238937378
3494,7,1,0.07540345191955566
3495,4,1,0.07297378778457642
3496,0,1,0.07772298902273178
3497,4,1,0.12201101332902908
3498,7,1,0.17262956500053406
3499,8,0,0.026177596300840378
3500,4,1,0.09850804507732391
3501,9,1,0.18960344791412354
3502,8,0,0.045009978115558624
3503,9,1,0.0713045746088028
3504,9,1,0.05769229680299759
3505,7,1,0.22922681272029877
3506,5,1,0.06940053403377533
3507,9,1,0.11064930260181427
3508,2,1,0.03730455040931702
3509,8,0,0.04432031512260437
3510,2,1,0.3065811097621918
3511,2,1,0.05720015615224838
3512,0,1,0.07844921201467514
3513,2,1,0.06291548907756805
3514,2,1,0.07633119076490402
3515,3,1,0.12182692438364029
3516,8,0,0.03515103459358215
3517,4,1,0.2404312789440155
3518,6,1,0.07554420828819275
3519,8,0,0.08089528977870941
3520,6,1,0.3042066991329193
3521,8,0,0.03571724146604538
3522,2,1,0.27037084102630615
3523,4,1,0.08889177441596985
3524,6,1,0.1169910877943039
3525,7,1,0.08074706792831421
3526,9,1,0.05858519673347473
3527,3,1,0.10632765293121338
3528,3,1,0.05994166433811188
3529,9,1,0.10936901718378067
3530,4,1,0.1276601105928421
3531,3,1,0.07291131466627121
3532,1,1,0.12202933430671692
3533,4,1,0.13908909261226654
3534,4,1,0.046455442905426025
3535,7,1,0.1400594711303711
3536,0,1,0.09846419095993042
3537,5,1,0.07367084920406342
3538,9,1,0.07941562682390213
3539,6,1,0.10533645004034042
3540,0,1,0.08910924941301346
3541,4,1,0.11582360416650772
3542,4,1,0.15381677448749542
3543,4,1,0.09213800728321075
3544,4,1,0.13335484266281128
3545,6,1,0.11630496382713318
3546,1,1,0.1134859025478363
3547,2,1,0.09226863086223602
3548,3,1,0.22167684137821198
3549,3,1,0.035477541387081146
3550,6,1,0.037257783114910126
3551,4,1,0.08396384119987488
3552,5,1,0.2843133211135864
3553,9,1,0.04795203357934952
3554,6,1,0.0878196582198143
3555,8,0,0.02563020959496498
3556,5,1,0.08267611265182495
3557,6,1,0.052403539419174194
3558,5,1,0.0319625660777092
3559,8,0,0.23433545231819153
3560,6,1,0.12464702129364014
3561,4,1,0.08235820382833481
3562,1,1,0.10084420442581177
3563,8,0,0.025006679818034172
3564,6,1,0.05353056639432907
3565,5,1,0.24279442429542542
3566,2,1,0.15625284612178802
3567,8,0,0.07409808039665222
3568,4,1,0.20818479359149933
3569,5,1,0.06641127169132233
3570,5,1,0.04136470705270767
3571,4,1,0.10801491141319275
3572,7,1,0.09003216028213501
3573,7,1,0.06364084035158157
3574,0,1,0.12161651998758316
3575,7,1,0.1898137927055359
3576,8,0,0.05969750136137009
3577,2,1,0.33541005849838257
3578,2,1,0.09198689460754395
3579,3,1,0.05418950319290161
3580,7,1,0.0603618249297142
3581,0,1,0.07238355278968811
3582,1,1,0.14659690856933594
3583,8,0,0.059544142335653305
3584,0,1,0.23042801022529602
3585,7,1,0.2205422818660736
3586,1,1,0.057028643786907196
3587,9,1,0.07641960680484772
3588,8,0,0.012912476435303688
3589,7,1,0.22685310244560242
3590,5,1,0.17459610104560852
3591,5,1,0.08853580057621002
3592,9,1,0.1398264616727829
3593,1,1,0.038710664957761765
3594,7,1,0.1946759819984436
3595,5,1,0.06961517781019211
3596,4,1,0.19649435579776764
3597,9,1,0.0906028002500534
3598,1,1,0.1349090039730072
3599,2,1,0.3308672308921814
3600,2,1,0.09470657259225845
3601,1,1,0.091839998960495
3602,6,1,0.09525639563798904
3603,6,1,0.1789664924144745
3604,7,1,0.07066036760807037
3605,1,1,0.06671004742383957
3606,1,1,0.2565138638019562
3607,4,1,0.16956910490989685
3608,0,1,0.2356337010860443
3609,7,1,0.15510377287864685
3610,4,1,0.11160771548748016
3611,2,1,0.06872674822807312
3612,4,1,0.199245423078537
3613,0,1,0.1353759765625
3614,6,1,0.18693947792053223
3615,4,1,0.10092123597860336
3616,7,1,0.25526607036590576
3617,6,1,0.16971921920776367
3618,9,1,0.10599623620510101
3619,5,1,0.08545278012752533
3620,3,1,0.07822958379983902
3621,4,1,0.11752502620220184
3622,6,1,0.08610793948173523
3623,5,1,0.13867774605751038
3624,0,1,0.0815587192773819
3625,1,1,0.160589799284935
3626,8,0,0.05461261793971062
3627,8,0,0.045327235013246536
3628,2,1,0.0767669826745987
3629,8,0,0.03148174285888672
3630,3,1,0.08066011965274811
3631,5,1,0.11563806235790253
3632,7,1,0.13743238151073456
3633,8,0,0.015438287518918514
3634,0,1,0.07615341991186142
3635,8,0,0.043769508600234985
3636,5,1,0.08171675354242325
3637,7,1,0.04720994830131531
3638,1,1,0.05969526618719101
3639,1,1,0.13651973009109497
3640,0,1,0.23290029168128967
3641,1,1,0.12340400367975235
3642,3,1,0.20478981733322144
3643,7,1,0.06463146209716797
3644,8,0,0.023672597482800484
3645,5,1,0.09416009485721588
3646,0,1,0.05272582918405533
3647,7,1,0.1316789835691452
3648,1,1,0.11856630444526672
3649,1,1,0.07270479202270508
3650,0,1,0.08919569849967957
3651,1,1,0.09099458158016205
3652,1,1,0.20111501216888428
3653,4,1,0.14052271842956543
3654,5,1,0.1683650016784668
3655,2,1,0.3434576988220215
3656,7,1,0.09481143206357956
3657,6,1,0.12927868962287903
3658,2,1,0.05177927762269974
3659,3,1,0.09657198190689087
3660,0,1,0.1331157088279724
3661,2,1,0.14274686574935913
3662,8,0,0.029305579140782356
3663,5,1,0.07455606013536453
3664,9,1,0.08197734504938126
3665,6,1,0.15235334634780884
3666,9,1,0.07561425864696503
3667,7,1,0.07601818442344666
3668,2,1,0.13764873147010803
3669,1,1,0.14542223513126373
3670,3,1,0.04710187762975693
3671,6,1,0.14631736278533936
3672,4,1,0.1465522199869156
3673,1,1,0.15770159661769867
3674,8,0,0.1124831885099411
3675,2,1,0.13179831206798553
3676,4,1,0.19396087527275085
3677,0,1,0.06158670783042908
3678,5,1,0.07147206366062164
3679,1,1,0.11942415684461594
3680,0,1,0.14622452855110168
3681,2,1,0.13072054088115692
3682,2,1,0.12177343666553497
3683,6,1,0.18810075521469116
3684,4,1,0.1375303864479065
3685,4,1,0.13458126783370972
3686,3,1,0.04501999169588089
3687,9,1,0.061612073332071304
3688,6,1,0.06908050179481506
3689,1,1,0.12782098352909088
3690,6,1,0.11515536904335022
3691,5,1,0.07530626654624939
3692,7,1,0.09546128660440445
3693,9,1,0.10688648372888565
3694,2,1,0.11580318212509155
3695,0,1,0.048145391047000885
3696,2,1,0.2794577479362488
3697,6,1,0.07655869424343109
3698,0,1,0.06873945891857147
3699,1,1,0.11232100427150726
3700,4,1,0.10105115175247192
3701,3,1,0.1039583683013916
3702,5,1,0.06853072345256805
3703,2,1,0.3546198308467865
3704,8,0,0.04910619556903839
3705,8,0,0.10074737668037415
3706,0,1,0.05577076971530914
3707,8,0,0.04119839891791344
3708,8,0,0.1299646496772766
3709,9,1,0.25955140590667725
3710,0,1,0.38417303562164307
3711,9,1,0.05753685534000397
3712,6,1,0.14091604948043823
3713,7,1,0.06076095998287201
3714,6,1,0.11392158269882202
3715,3,1,0.027438011020421982
3716,9,1,0.025577198714017868
3717,3,1,0.05424889922142029
3718,4,1,0.11606000363826752
3719,7,1,0.15297004580497742
3720,7,1,0.1362011432647705
3721,7,1,0.11537148058414459
3722,4,1,0.09360478073358536
3723,9,1,0.046574078500270844
3724,0,1,0.03661547601222992
3725,6,1,0.2607779800891876
3726,4,1,0.10604050755500793
3727,8,0,0.09582218527793884
3728,4,1,0.1030224934220314
3729,2,1,0.05024373531341553
3730,7,1,0.0822899267077446
3731,2,1,0.07955116033554077
3732,8,0,0.041195452213287354
3733,1,1,0.09000451862812042
3734,0,1,0.30562710762023926
3735,0,1,0.13101521134376526
3736,7,1,0.054778873920440674
3737,8,0,0.043558698147535324
3738,3,1,0.14596474170684814
3739,3,1,0.184736430644989
3740,3,1,0.17485809326171875
3741,1,1,0.06742547452449799
3742,3,1,0.05239938944578171
3743,7,1,0.07738645374774933
3744,6,1,0.06354501843452454
3745,1,1,0.11642400920391083
3746,3,1,0.12174738198518753
3747,1,1,0.08176495134830475
3748,6,1,0.2070566862821579
3749,6,1,0.18374620378017426
3750,5,1,0.09736747294664383
3751,7,1,0.19293159246444702
3752,4,1,0.2250349521636963
3753,7,1,0.07383476197719574
3754,5,1,0.05307764932513237
3755,9,1,0.11105462908744812
3756,5,1,0.13410526514053345
3757,8,0,0.11312318593263626
3758,4,1,0.10386709868907928
3759,9,1,0.1609836220741272
3760,9,1,0.03865966945886612
3761,1,1,0.11279159784317017
3762,6,1,0.09218764305114746
3763,5,1,0.08954549580812454
3764,0,1,0.36300215125083923
3765,1,1,0.07430633157491684
3766,3,1,0.1836579442024231
3767,7,1,0.11180387437343597
3768,0,1,0.06860680133104324
3769,3,1,0.03491732478141785
3770,4,1,0.09578581154346466
3771,8,0,0.10700854659080505
3772,2,1,0.08641756325960159
3773,2,1,0.5113980770111084
3774,0,1,0.19964921474456787
3775,2,1,0.10631193220615387
3776,5,1,0.0496494397521019
3777,1,1,0.15951257944107056
3778,5,1,0.195594921708107
3779,1,1,0.12010117620229721
3780,4,1,0.07502242177724838
3781,8,0,0.05365951359272003
3782,8,0,0.05757691711187363
3783,9,1,0.16078925132751465
3784,1,1,0.1025855764746666
3785,2,1,0.05177506059408188
3786,1,1,0.06977558881044388
3787,3,1,0.034001778811216354
3788,5,1,0.042575664818286896
3789,1,1,0.033168479800224304
3790,0,1,0.13270322978496552
3791,9,1,0.07172258198261261
3792,4,1,0.1680169254541397
3793,4,1,0.14131119847297668
3794,8,0,0.035464443266391754
3795,3,1,0.2760699987411499
3796,2,1,0.08899177610874176
3797,5,1,0.10771877318620682
3798,9,1,0.06224799156188965
3799,7,1,0.18124055862426758
3800,6,1,0.07950276136398315
3801,6,1,0.12712082266807556
3802,2,1,0.14285704493522644
3803,0,1,0.07452857494354248
3804,0,1,0.09736237674951553
3805,0,1,0.06060933321714401
3806,5,1,0.08868042379617691
3807,8,0,0.027118263766169548
3808,7,1,0.09555362164974213
3809,1,1,0.11527623236179352
3810,5,1,0.05476747453212738
3811,2,1,0.1368645876646042
3812,3,1,0.11004844307899475
3813,8,0,0.06265950202941895
3814,5,1,0.07236327230930328
3815,1,1,0.12415745854377747
3816,8,0,0.030285265296697617
3817,2,1,0.17414984107017517
3818,0,1,0.25548869371414185
3819,4,1,0.11900133639574051
3820,9,1,0.098392553627491
3821,9,1,0.12791138887405396
3822,6,1,0.17454370856285095
3823,2,1,0.060745466500520706
3824,3,1,0.08592864871025085
3825,3,1,0.1326378881931305
3826,5,1,0.10856632888317108
3827,6,1,0.16079148650169373
3828,4,1,0.25607991218566895
3829,8,0,0.06211177632212639
3830,0,1,0.06811349093914032
3831,9,1,0.06843188405036926
3832,2,1,0.20148155093193054
3833,8,0,0.0520070418715477
3834,3,1,0.08210448920726776
3835,6,1,0.20241232216358185
3836,7,1,0.2709469199180603
3837,5,1,0.07245434820652008
3838,7,1,0.05179571360349655
3839,2,1,0.0506795272231102
3840,9,1,0.10613183677196503
3841,4,1,0.31365060806274414
3842,9,1,0.0717252567410469
3843,1,1,0.17778410017490387
3844,2,1,0.3257148861885071
3845,8,0,0.01431262120604515
3846,6,1,0.3971688747406006
3847,0,1,0.19921031594276428
3848,7,1,0.06588033586740494
3849,0,1,0.25477707386016846
3850,9,1,0.21728764474391937
3851,1,1,0.23946824669837952
3852,1,1,0.07573103904724121
3853,6,1,0.2322419285774231
3854,7,1,0.2446269989013672
3855,5,1,0.08177836239337921
3856,9,1,0.13660487532615662
3857,9,1,0.08108936250209808
3858,1,1,0.10136556625366211
3859,9,1,0.16701096296310425
3860,5,1,0.0818534642457962
3861,9,1,0.1433430016040802
3862,2,1,0.31335222721099854
3863,5,1,0.18242865800857544
3864,0,1,0.09849802404642105
3865,4,1,0.0998152643442154
3866,1,1,0.08371329307556152
3867,0,1,0.2211775779724121
3868,8,0,0.029424086213111877
3869,9,1,0.0624869242310524
3870,0,1,0.2813541293144226
3871,8,0,0.03348048776388168
3872,9,1,0.03733542189002037
3873,8,0,0.04004594683647156
3874,9,1,0.03129032254219055
3875,4,1,0.1961953043937683
3876,2,1,0.1356266438961029
3877,5,1,0.04924653470516205
3878,7,1,0.12671099603176117
3879,9,1,0.12324629724025726
3880,8,0,0.03278639540076256
3881,9,1,0.0864952877163887
3882,8,0,0.02248564176261425
3883,0,1,0.18501684069633484
3884,9,1,0.1562371551990509
3885,9,1,0.07833663374185562
3886,6,1,0.08812607079744339
3887,8,0,0.024383900687098503
3888,9,1,0.06695568561553955
3889,9,1,0.054806072264909744
3890,5,1,0.03656475991010666
3891,9,1,0.038165196776390076
3892,8,0,0.08636961877346039
3893,5,1,0.3556162118911743
3894,1,1,0.11964795738458633
3895,0,1,0.08526845276355743
3896,3,1,0.1491847038269043
3897,3,1,0.03133203461766243
3898,5,1,0.06827972829341888
3899,2,1,0.20856709778308868
3900,1,1,0.09885916858911514
3901,6,1,0.13459652662277222
3902,5,1,0.12721744179725647
3903,0,1,0.08510416001081467
3904,2,1,0.054072342813014984
3905,8,0,0.052153900265693665
3906,1,1,0.16186895966529846
3907,5,1,0.042837291955947876
3908,6,1,0.08134892582893372
3909,2,1,0.1864485740661621
3910,3,1,0.06785066425800323
3911,0,1,0.18411734700202942
3912,2,1,0.27022653818130493
3913,2,1,0.1997167021036148
3914,6,1,0.18953457474708557
3915,4,1,0.0748862773180008
3916,3,1,0.051807601004838943
3917,5,1,0.06173253059387207
3918,5,1,0.18668825924396515
3919,1,1,0.12265149503946304
3920,7,1,0.3985459506511688
3921,2,1,0.02710699662566185
3922,1,1,0.1044444590806961
3923,6,1,0.085704505443573
3924,9,1,0.06240998953580856
3925,1,1,0.1277797371149063
3926,9,1,0.05867485702037811
3927,9,1,0.0750550627708435
3928,5,1,0.04285795986652374
3929,5,1,0.09892920404672623
3930,1,1,0.12019868940114975
3931,6,1,0.10847020894289017
3932,2,1,0.43001043796539307
3933,2,1,0.28860050439834595
3934,8,0,0.05109419673681259
3935,6,1,0.0987183004617691
3936,7,1,0.11385518312454224
3937,1,1,0.11269371956586838
3938,4,1,0.06289777904748917
3939,6,1,0.16737626492977142
3940,0,1,0.15447355806827545
3941,4,1,0.08947454392910004
3942,0,1,0.2225637137889862
3943,3,1,0.08271625638008118
3944,3,1,0.05455242469906807
3945,2,1,0.0649288147687912
3946,2,1,0.09564957022666931
3947,3,1,0.0747707337141037
3948,6,1,0.2191249579191208
3949,8,0,0.03581501916050911
3950,9,1,0.09617294371128082
3951,8,0,0.06151461601257324
3952,5,1,0.0767568051815033
3953,3,1,0.0979422926902771
3954,8,0,0.024745004251599312
3955,5,1,0.08534377068281174
3956,4,1,0.12130343168973923
3957,5,1,0.02731047198176384
3958,2,1,0.17125345766544342
3959,0,1,0.09334076941013336
3960,5,1,0.05952630937099457
3961,6,1,0.043136369436979294
3962,3,1,0.1366754174232483
3963,2,1,0.1420215517282486
3964,8,0,0.04171805828809738
3965,3,1,0.19379550218582153
3966,9,1,0.1532057821750641
3967,9,1,0.08133907616138458
3968,5,1,0.2989482581615448
3969,7,1,0.15914100408554077
3970,9,1,0.03931914269924164
3971,4,1,0.14325323700904846
3972,6,1,0.12798944115638733
3973,7,1,0.160880446434021
3974,1,1,0.15749455988407135
3975,3,1,0.10542400926351547
3976,7,1,0.2088053673505783
3977,3,1,0.13025841116905212
3978,6,1,0.08688721805810928
3979,6,1,0.10964561253786087
3980,0,1,0.15527108311653137
3981,9,1,0.11928848922252655
3982,0,1,0.1360572874546051
3983,1,1,0.08174794167280197
3984,9,1,0.05922236666083336
3985,9,1,0.10861103236675262
3986,2,1,0.28387102484703064
3987,8,0,0.030395057052373886
3988,8,0,0.03814283758401871
3989,0,1,0.06374914199113846
3990,1,1,0.09963998198509216
3991,6,1,0.08963275700807571
3992,9,1,0.2337607890367508
3993,7,1,0.0878276526927948
3994,5,1,0.09525270760059357
3995,3,1,0.04071455076336861
3996,4,1,0.16573801636695862
3997,7,1,0.09812105447053909
3998,4,1,0.10598601400852203
3999,9,1,0.1992724984884262
4000,9,1,0.11067348718643188
4001,4,1,0.10432080924510956
4002,3,1,0.08289624750614166
4003,6,1,0.0822475329041481
4004,3,1,0.21572449803352356
4005,1,1,0.1057438775897026
4006,1,1,0.12106044590473175
4007,7,1,0.10319499671459198
4008,6,1,0.1251489818096161
4009,9,1,0.07860273122787476
4010,1,1,0.11523663997650146
4011,8,0,0.021435238420963287
4012,4,1,0.2547445297241211
4013,1,1,0.1271800696849823
4014,1,1,0.14822553098201752
4015,9,1,0.039146602153778076
4016,9,1,0.04853302240371704
4017,4,1,0.07546892017126083
4018,3,1,0.2644963562488556
4019,6,1,0.0782206654548645
4020,8,0,0.025506872683763504
4021,1,1,0.13730543851852417
4022,6,1,0.04989407956600189
4023,0,1,0.1655169576406479
4024,4,1,0.07183977961540222
4025,1,1,0.07649411261081696
4026,3,1,0.27490079402923584
4027,7,1,0.11412107944488525
4028,7,1,0.16572080552577972
4029,4,1,0.16960476338863373
4030,9,1,0.10657680779695511
4031,5,1,0.08609546720981598
4032,1,1,0.06991037726402283
4033,0,1,0.1803518831729889
4034,0,1,0.1625146120786667
4035,1,1,0.09401929378509521
4036,1,1,0.09252764284610748
4037,6,1,0.06401486694812775
4038,2,1,0.25757330656051636
4039,1,1,0.11960478872060776
4040,9,1,0.05869420990347862
4041,8,0,0.05307850241661072
4042,4,1,0.12532716989517212
4043,0,1,0.26244020462036133
4044,3,1,0.14718502759933472
4045,6,1,0.190830260515213
4046,4,1,0.08740589767694473
4047,9,1,0.10880421847105026
4048,0,1,0.49732792377471924
4049,7,1,0.09952361136674881
4050,1,1,0.22728289663791656
4051,6,1,0.1128343865275383
4052,5,1,0.14318591356277466
4053,7,1,0.13568884134292603
4054,5,1,0.06283701956272125
4055,2,1,0.06674306094646454
4056,5,1,0.03793017566204071
4057,1,1,0.10248914361000061
4058,8,0,0.028512276709079742
4059,5,1,0.12909822165966034
4060,4,1,0.20513693988323212
4061,7,1,0.0623953714966774
4062,0,1,0.05756179615855217
4063,6,1,0.04895680397748947
4064,7,1,0.08168725669384003
4065,0,1,0.0799056738615036
4066,2,1,0.08872084319591522
4067,5,1,0.09521162509918213
4068,8,0,0.05310014635324478
4069,1,1,0.10811181366443634
4070,0,1,0.1377677321434021
4071,4,1,0.06292781233787537
4072,5,1,0.04680877923965454
4073,7,1,0.12552118301391602
4074,1,1,0.12047204375267029
4075,8,0,0.03963671997189522
4076,5,1,0.10303281247615814
4077,1,1,0.09603121876716614
4078,9,1,0.09435757249593735
4079,0,1,0.23750804364681244
4080,0,1,0.05067998170852661
4081,6,1,0.05418367683887482
4082,0,1,0.16381604969501495
4083,7,1,0.10465580224990845
4084,3,1,0.16207504272460938
4085,1,1,0.12377279996871948
4086,8,0,0.03884778916835785
4087,3,1,0.35733336210250854
4088,9,1,0.0755857303738594
4089,7,1,0.07073131203651428
4090,0,1,0.10070756077766418
4091,0,1,0.16162917017936707
4092,8,0,0.02130161225795746
4093,9,1,0.0860932469367981
4094,5,1,0.07310259342193604
4095,9,1,0.30862218141555786
4096,8,0,0.14331868290901184
4097,3,1,0.03767378255724907
4098,2,1,0.08269020169973373
4099,7,1,0.09064830839633942
4100,2,1,0.11310191452503204
4101,9,1,0.0595923587679863
4102,7,1,0.2537134289741516
4103,2,1,0.08993551135063171
4104,1,1,0.09449028223752975
4105,1,1,0.08779342472553253
4106,3,1,0.08864337205886841
4107,7,1,0.11176353693008423
4108,5,1,0.10282544791698456
4109,3,1,0.2129913568496704
4110,1,1,0.17677214741706848
4111,9,1,0.1661936342716217
4112,8,0,0.04457027465105057
4113,2,1,0.25952428579330444
4114,2,1,0.12016341835260391
4115,2,1,0.1186404675245285
4116,8,0,0.05953606963157654
4117,8,0,0.04018297791481018
4118,5,1,0.08883889764547348
4119,7,1,0.15766781568527222
4120,3,1,0.15155990421772003
4121,8,0,0.05094202980399132
4122,9,1,0.1415538489818573
4123,8,0,0.07312647998332977
4124,8,0,0.03884764760732651
4125,6,1,0.09254726767539978
4126,8,0,0.023279964923858643
4127,2,1,0.08355781435966492
4128,3,1,0.13135771453380585
4129,9,1,0.03788365423679352
4130,7,1,0.12044171988964081
4131,5,1,0.10168632119894028
4132,6,1,0.06138182058930397
4133,2,1,0.23603057861328125
4134,9,1,0.04845518618822098
4135,2,1,0.1878221035003662
4136,8,0,0.0551617331802845
4137,8,0,0.05156943202018738
4138,1,1,0.07539038360118866
4139,6,1,0.16565507650375366
4140,8,0,0.34491899609565735
4141,8,0,0.05100252106785774
4142,7,1,0.13608582317829132
4143,9,1,0.07419537007808685
4144,1,1,0.09195131063461304
4145,8,0,0.048565179109573364
4146,0,1,0.06276984512805939
4147,1,1,0.16706925630569458
4148,7,1,0.12937621772289276
4149,2,1,0.17600208520889282
4150,0,1,0.17359492182731628
4151,7,1,0.13365693390369415
4152,5,1,0.08984275907278061
4153,1,1,0.11673709750175476
4154,9,1,0.12281953543424606
4155,0,1,0.30065709352493286
4156,2,1,0.06033514440059662
4157,0,1,0.05651776120066643
4158,9,1,0.06352077424526215
4159,8,0,0.06987981498241425
4160,6,1,0.058417607098817825
4161,2,1,0.1959991604089737
4162,3,1,0.10112491250038147
4163,9,1,0.07402727007865906
4164,3,1,0.09271036088466644
4165,8,0,0.04640989005565643
4166,0,1,0.03640490397810936
4167,2,1,0.35660213232040405
4168,1,1,0.09310245513916016
4169,1,1,0.08158819377422333
4170,1,1,0.11118380725383759
4171,1,1,0.07430506497621536
4172,4,1,0.10839851200580597
4173,2,1,0.317836195230484
4174,9,1,0.06245587766170502
4175,7,1,0.04879910498857498
4176,2,1,0.15627941489219666
4177,5,1,0.10570139437913895
4178,1,1,0.15118032693862915
4179,1,1,0.17171484231948853
4180,2,1,0.130604088306427
4181,1,1,0.08109591156244278
4182,9,1,0.06020468845963478
4183,9,1,0.09221462905406952
4184,9,1,0.08427451550960541
4185,1,1,0.06985454261302948
4186,0,1,0.09420038014650345
4187,2,1,0.13907738029956818
4188,0,1,0.14685723185539246
4189,2,1,0.07990878820419312
4190,1,1,0.17857331037521362
4191,1,1,0.16944396495819092
4192,4,1,0.1171732246875763
4193,6,1,0.1756110042333603
4194,4,1,0.06333094090223312
4195,1,1,0.1274593621492386
4196,5,1,0.04928178712725639
4197,4,1,0.18468298017978668
4198,9,1,0.089288130402565
4199,7,1,0.16367262601852417
4200,7,1,0.2995426058769226
4201,1,1,0.1133241057395935
4202,5,1,0.14853906631469727
4203,6,1,0.1602008193731308
4204,2,1,0.12828399240970612
4205,2,1,0.11303980648517609
4206,2,1,0.11796338856220245
4207,8,0,0.047947004437446594
4208,0,1,0.21310557425022125
4209,6,1,0.06193502992391586
4210,9,1,0.07513488829135895
4211,6,1,0.1041804701089859
4212,1,1,0.04638388752937317
4213,9,1,0.045523591339588165
4214,7,1,0.11158058047294617
4215,7,1,0.147632896900177
4216,1,1,0.15314412117004395
4217,4,1,0.1641782820224762
4218,8,0,0.0712067186832428
4219,5,1,0.05818833038210869
4220,3,1,0.05014818534255028
4221,4,1,0.1119176596403122
4222,3,1,0.05409345403313637
4223,4,1,0.09046375751495361
4224,9,1,0.22898343205451965
4225,7,1,0.1120757982134819
4226,5,1,0.0952991247177124
4227,0,1,0.03845113143324852
4228,7,1,0.052561983466148376
4229,4,1,0.15862427651882172
4230,8,0,0.15559545159339905
4231,8,0,0.0706726461648941
4232,1,1,0.16021892428398132
4233,5,1,0.09044401347637177
4234,3,1,0.12232472747564316
4235,9,1,0.17496748268604279
4236,5,1,0.09940032660961151
4237,9,1,0.08397640287876129
4238,7,1,0.0779452994465828
4239,6,1,0.06667254865169525
4240,9,1,0.08851108700037003
4241,0,1,0.0798211395740509
4242,3,1,0.06832048296928406
4243,6,1,0.08981287479400635
4244,3,1,0.08145706355571747
4245,9,1,0.054373469203710556
4246,8,0,0.023792847990989685
4247,2,1,0.06220681592822075
4248,2,1,0.2087523639202118
4249,1,1,0.0757371336221695
4250,2,1,0.2011883556842804
4251,8,0,0.016536895185709
4252,6,1,0.09683769941329956
4253,8,0,0.04402724280953407
4254,5,1,0.15392516553401947
4255,5,1,0.04232509434223175
4256,3,1,0.16612976789474487
4257,9,1,0.08433303236961365
4258,4,1,0.06514301151037216
4259,9,1,0.08205543458461761
4260,2,1,0.20446693897247314
4261,5,1,0.11495634913444519
4262,1,1,0.04501426964998245
4263,5,1,0.11606959998607635
4264,1,1,0.18111394345760345
4265,4,1,0.0795968621969223
4266,4,1,0.13877074420452118
4267,1,1,0.08327591419219971
4268,4,1,0.26595985889434814
4269,4,1,0.44648298621177673
4270,3,1,0.13777706027030945
4271,5,1,0.1284184753894806
4272,9,1,0.15222781896591187
4273,1,1,0.16290593147277832
4274,2,1,0.11847800761461258
4275,2,1,0.11596023291349411
4276,3,1,0.11145836859941483
4277,3,1,0.13081473112106323
4278,0,1,0.16190916299819946
4279,2,1,0.264415979385376
4280,9,1,0.07145436853170395
4281,0,1,0.043168533593416214
4282,0,1,0.12288443744182587
4283,9,1,0.12045122683048248
4284,9,1,0.05444300174713135
4285,6,1,0.037166379392147064
4286,0,1,0.39487752318382263
4287,9,1,0.0623532272875309
4288,3,1,0.12929341197013855
4289,2,1,0.09917107224464417
4290,8,0,0.032494090497493744
4291,4,1,0.24376782774925232
4292,1,1,0.12683391571044922
4293,9,1,0.08409041911363602
4294,9,1,0.1640147864818573
4295,7,1,0.10178473591804504
4296,2,1,0.07606887817382812
4297,7,1,0.05978222191333771
4298,9,1,0.1407364308834076
4299,9,1,0.034948285669088364
4300,5,1,0.041767630726099014
4301,9,1,0.061079081147909164
4302,5,1,0.13078314065933228
4303,1,1,0.07940872758626938
4304,1,1,0.20803150534629822
4305,8,0,0.015471993014216423
4306,3,1,0.0968683511018753
4307,5,1,0.0700746700167656
4308,1,1,0.17396923899650574
4309,9,1,0.06536345183849335
4310,5,1,0.11205056309700012
4311,3,1,0.15940484404563904
4312,5,1,0.0766245424747467
4313,4,1,0.10508204251527786
4314,9,1,0.06333181262016296
4315,5,1,0.07944927364587784
4316,9,1,0.07686956226825714
4317,3,1,0.1186421662569046
4318,1,1,0.10706450045108795
4319,9,1,0.09363484382629395
4320,0,1,0.0949394479393959
4321,9,1,0.0348755419254303
4322,7,1,0.10002085566520691
4323,5,1,0.11049697548151016
4324,4,1,0.14084835350513458
4325,9,1,0.09793880581855774
4326,2,1,0.21534307301044464
4327,0,1,0.44650790095329285
4328,1,1,0.0758219063282013
4329,0,1,0.21913786232471466
4330,5,1,0.04575958847999573
4331,1,1,0.11133734881877899
4332,4,1,0.06475341320037842
4333,9,1,0.08470470458269119
4334,3,1,0.07023758441209793
4335,3,1,0.11027710139751434
4336,6,1,0.11863023787736893
4337,1,1,0.06932881474494934
4338,5,1,0.06202828884124756
4339,2,1,0.05507373809814453
4340,5,1,0.11432953178882599
4341,2,1,0.08999280631542206
4342,2,1,0.12422281503677368
4343,0,1,0.0874565839767456
4344,9,1,0.2778869569301605
4345,2,1,0.14241984486579895
4346,6,1,0.14904750883579254
4347,6,1,0.0721040666103363
4348,0,1,0.15262866020202637
4349,1,1,0.052466489374637604
4350,2,1,0.2112351655960083
4351,0,1,0.29500463604927063
4352,3,1,0.07255274057388306
4353,0,1,0.041301291435956955
4354,2,1,0.14529961347579956
4355,5,1,0.0622623935341835
4356,5,1,0.016974810510873795
4357,7,1,0.34348294138908386
4358,9,1,0.05482110753655434
4359,5,1,0.056358352303504944
4360,5,1,0.0437697097659111
4361,0,1,0.048528194427490234
4362,8,0,0.017479807138442993
4363,9,1,0.1334300935268402
4364,5,1,0.059723298996686935
4365,0,1,0.09919334948062897
4366,3,1,0.10327216982841492
4367,2,1,0.29573965072631836
4368,5,1,0.22468602657318115
4369,9,1,0.08633266389369965
4370,0,1,0.10911159217357635
4371,8,0,0.036105409264564514
4372,8,0,0.02523718774318695
4373,4,1,0.1278911978006363
4374,5,1,0.097423255443573
4375,8,0,0.05557899549603462
4376,8,0,0.05953153967857361
4377,4,1,0.10715283453464508
4378,5,1,0.08682245016098022
4379,4,1,0.11380968987941742
4380,8,0,0.049344323575496674
4381,5,1,0.06932159513235092
4382,4,1,0.08087543398141861
4383,9,1,0.10615906119346619
4384,2,1,0.09253039956092834
4385,2,1,0.07994742691516876
4386,1,1,0.10707491636276245
4387,2,1,0.2989448308944702
4388,6,1,0.12001122534275055
4389,8,0,0.03081275336444378
4390,8,0,0.03821256756782532
4391,7,1,0.28702837228775024
4392,0,1,0.2011795938014984
4393,3,1,0.2815254330635071
4394,6,1,0.10814355313777924
4395,6,1,0.16477113962173462
4396,4,1,0.06271358579397202
4397,3,1,0.17499685287475586
4398,8,0,0.05294739082455635
4399,8,0,0.04776399955153465
4400,7,1,0.1750403344631195
4401,2,1,0.07481122016906738
4402,2,1,0.3509768843650818
4403,0,1,0.1912791132926941
4404,0,1,0.12288328260183334
4405,9,1,0.1436624675989151
4406,3,1,0.08028748631477356
4407,9,1,0.06362776458263397
4408,9,1,0.07790360599756241
4409,1,1,0.07649310678243637
4410,9,1,0.03372050076723099
4411,8,0,0.04543408006429672
4412,6,1,0.08903612196445465
4413,6,1,0.04449266940355301
4414,4,1,0.10719689726829529
4415,2,1,0.09279009699821472
4416,6,1,0.315003901720047
4417,9,1,0.100826196372509
4418,2,1,0.12955300509929657
4419,8,0,0.08866353332996368
4420,5,1,0.06587600708007812
4421,4,1,0.11808890849351883
4422,5,1,0.05464332550764084
4423,7,1,0.07487989962100983
4424,9,1,0.0869358479976654
4425,9,1,0.06949727237224579
4426,9,1,0.05007852986454964
4427,2,1,0.1018199622631073
4428,1,1,0.1799122393131256
4429,8,0,0.03320545703172684
4430,3,1,0.20839238166809082
4431,4,1,0.0822906345129013
4432,0,1,0.09922279417514801
4433,7,1,0.2622041404247284
4434,8,0,0.024601435288786888
4435,3,1,0.09251996129751205
4436,9,1,0.09699492156505585
4437,3,1,0.11729006469249725
4438,4,1,0.04731694608926773
4439,6,1,0.09617685526609421
4440,5,1,0.08878988027572632
4441,6,1,0.1840442717075348
4442,2,1,0.12649238109588623
4443,3,1,0.23159712553024292
4444,9,1,0.11627867817878723
4445,2,1,0.14862307906150818
4446,6,1,0.15356490015983582
4447,0,1,0.04986661672592163
4448,0,1,0.11752259731292725
4449,6,1,0.19687938690185547
4450,1,1,0.13042977452278137
4451,2,1,0.22817108035087585
4452,8,0,0.0908738374710083
4453,7,1,0.09519485384225845
4454,9,1,0.07625338435173035
4455,8,0,0.030786197632551193
4456,2,1,0.05851665884256363
4457,0,1,0.05629449337720871
4458,4,1,0.17414531111717224
4459,7,1,0.1547463834285736
4460,7,1,0.15345671772956848
4461,5,1,0.09669965505599976
4462,0,1,0.08692505955696106
4463,5,1,0.13584741950035095
4464,6,1,0.2453976273536682
4465,4,1,0.17253366112709045
4466,6,1,0.211366668343544
4467,7,1,0.047953397035598755
4468,4,1,0.04508265480399132
4469,3,1,0.15591785311698914
4470,0,1,0.025657810270786285
4471,7,1,0.16036519408226013
4472,5,1,0.13438791036605835
4473,0,1,0.03945167362689972
4474,7,1,0.24442428350448608
4475,4,1,0.23733188211917877
4476,2,1,0.14831438660621643
4477,0,1,0.032181672751903534
4478,8,0,0.03463812172412872
4479,9,1,0.12005530297756195
4480,9,1,0.11162351071834564
4481,4,1,0.0976502001285553
4482,2,1,0.050316378474235535
4483,4,1,0.08409860730171204
4484,6,1,0.10717001557350159
4485,7,1,0.07265524566173553
4486,8,0,0.024806436151266098
4487,7,1,0.14156819880008698
4488,6,1,0.1056046336889267
4489,9,1,0.03500363975763321
4490,4,1,0.08141227066516876
4491,1,1,0.10115925967693329
4492,3,1,0.15325170755386353
4493,7,1,0.1891898214817047
4494,3,1,0.04238902032375336
4495,0,1,0.05474162474274635
4496,8,0,0.07678638398647308
4497,8,0,0.12404948472976685
4498,7,1,0.10241252183914185
4499,6,1,0.06833285093307495
4500,9,1,0.04756003990769386
4501,3,1,0.1211838573217392
4502,9,1,0.16923630237579346
4503,2,1,0.20839634537696838
4504,2,1,0.06786839663982391
4505,9,1,0.08878226578235626
4506,2,1,0.13037380576133728
4507,1,1,0.1421833336353302
4508,8,0,0.05069874972105026
4509,3,1,0.13175928592681885
4510,2,1,0.08949485421180725
4511,9,1,0.22209849953651428
4512,6,1,0.1254802942276001
4513,8,0,0.033619701862335205
4514,4,1,0.05485473945736885
4515,0,1,0.04310246556997299
4516,1,1,0.09062106907367706
4517,2,1,0.11521023511886597
4518,8,0,0.016657952219247818
4519,4,1,0.07451210916042328
4520,5,1,0.053450554609298706
4521,2,1,0.1294923573732376
4522,7,1,0.2806594669818878
4523,8,0,0.02419048175215721
4524,1,1,0.06608159840106964
4525,1,1,0.07669535279273987
4526,3,1,0.24163734912872314
4527,0,1,0.1957838237285614
4528,3,1,0.03982236981391907
4529,5,1,0.07221615314483643
4530,7,1,0.3275275230407715
4531,0,1,0.1442587673664093
4532,3,1,0.14233489334583282
4533,1,1,0.15952152013778687
4534,9,1,0.08384484052658081
4535,3,1,0.0526701956987381
4536,6,1,0.05754156783223152
4537,3,1,0.06321252882480621
4538,1,1,0.12695792317390442
4539,7,1,0.12049415707588196
4540,7,1,0.0765058696269989
4541,3,1,0.0462404265999794
4542,0,1,0.1535857766866684
4543,8,0,0.021237870678305626
4544,4,1,0.09262420982122421
4545,8,0,0.04412199556827545
4546,2,1,0.23776274919509888
4547,6,1,0.13475239276885986
4548,5,1,0.27158355712890625
4549,2,1,0.0881817415356636
4550,9,1,0.08704312890768051
4551,7,1,0.12892219424247742
4552,3,1,0.02103366144001484
4553,9,1,0.0648154467344284
4554,0,1,0.1721397340297699
4555,9,1,0.10927757620811462
4556,9,1,0.06361699849367142
4557,6,1,0.1390848308801651
4558,4,1,0.13938727974891663
4559,2,1,0.06016237288713455
4560,9,1,0.12222009897232056
4561,7,1,0.08612071722745895
4562,2,1,0.0879274308681488
4563,1,1,0.07767440378665924
4564,1,1,0.0819796770811081
4565,6,1,0.06990785896778107
4566,7,1,0.14954543113708496
4567,4,1,0.05264356732368469
4568,7,1,0.12948355078697205
4569,5,1,0.04842469096183777
4570,9,1,0.05840623751282692
4571,6,1,0.08541248738765717
4572,8,0,0.03523184359073639
4573,2,1,0.25599241256713867
4574,1,1,0.0399542897939682
4575,4,1,0.12465596944093704
4576,4,1,0.1367006003856659
4577,5,1,0.15046319365501404
4578,7,1,0.12153241783380508
4579,6,1,0.08715417981147766
4580,1,1,0.07687347382307053
4581,3,1,0.050921857357025146
4582,2,1,0.08648325502872467
4583,5,1,0.08901916444301605
4584,9,1,0.08883795142173767
4585,9,1,0.08863040804862976
4586,3,1,0.08271107077598572
4587,6,1,0.13949976861476898
4588,1,1,0.09875411540269852
4589,1,1,0.06157661974430084
4590,4,1,0.08219501376152039
4591,6,1,0.10396058112382889
4592,9,1,0.11793644726276398
4593,7,1,0.3420204818248749
4594,2,1,0.15794768929481506
4595,1,1,0.06154949963092804
4596,5,1,0.05267805606126785
4597,1,1,0.07150480151176453
4598,4,1,0.09476453065872192
4599,6,1,0.09416216611862183
4600,3,1,0.08054542541503906
4601,8,0,0.12851886451244354
4602,1,1,0.07051414251327515
4603,1,1,0.09387242794036865
4604,0,1,0.07622738182544708
4605,3,1,0.03268659487366676
4606,1,1,0.08477675914764404
4607,6,1,0.04658374562859535
4608,8,0,0.03389621526002884
4609,4,1,0.09869600832462311
4610,9,1,0.05082232505083084
4611,0,1,0.1258849948644638
4612,7,1,0.11103810369968414
4613,3,1,0.03113810531795025
4614,0,1,0.10262678563594818
4615,2,1,0.17790625989437103
4616,9,1,0.08336952328681946
4617,0,1,0.09180237352848053
4618,6,1,0.3307526707649231
4619,6,1,0.040448129177093506
4620,6,1,0.2516063153743744
4621,3,1,0.09605289995670319
4622,6,1,0.2578303813934326
4623,7,1,0.13892227411270142
4624,7,1,0.13195109367370605
4625,2,1,0.21470433473587036
4626,8,0,0.02537372335791588
4627,6,1,0.12283536791801453
4628,0,1,0.29004913568496704
4629,8,0,0.036174748092889786
4630,3,1,0.20152194797992706
4631,0,1,0.11193546652793884
4632,2,1,0.16611742973327637
4633,9,1,0.13066066801548004
4634,8,0,0.05626212805509567
4635,3,1,0.05832228437066078
4636,2,1,0.19139575958251953
4637,5,1,0.09646913409233093
4638,3,1,0.15937688946723938
4639,8,0,0.06931622326374054
4640,8,0,0.020017681643366814
4641,0,1,0.15467403829097748
4642,0,1,0.11936651170253754
4643,1,1,0.07181452959775925
4644,9,1,0.06897035241127014
4645,5,1,0.14593800902366638
4646,1,1,0.19029417634010315
4647,3,1,0.09973224997520447
4648,9,1,0.11573073267936707
4649,6,1,0.05842284485697746
4650,0,1,0.22976899147033691
4651,1,1,0.166520357131958
4652,4,1,0.2044624388217926
4653,1,1,0.125313401222229
4654,7,1,0.15352509915828705
4655,1,1,0.10772238671779633
4656,2,1,0.09713487327098846
4657,3,1,0.11619833111763
4658,7,1,0.196720153093338
4659,9,1,0.14876864850521088
4660,7,1,0.09454043209552765
4661,4,1,0.1888963133096695
4662,9,1,0.13749071955680847
4663,9,1,0.06338691711425781
4664,3,1,0.0678132176399231
4665,9,1,0.11093532294034958
4666,2,1,0.3869186043739319
4667,8,0,0.044360801577568054
4668,2,1,0.11281964182853699
4669,7,1,0.1174834743142128
4670,1,1,0.06644928455352783
4671,8,0,0.03071334958076477
4672,0,1,0.052005961537361145
4673,9,1,0.06531083583831787
4674,1,1,0.10277368873357773
4675,0,1,0.07047911733388901
4676,1,1,0.20548108220100403
4677,7,1,0.08306270092725754
4678,7,1,0.2524127662181854
4679,9,1,0.12901005148887634
4680,6,1,0.17582587897777557
4681,9,1,0.08799029141664505
4682,9,1,0.1396922916173935
4683,9,1,0.0823386013507843
4684,2,1,0.1034979522228241
4685,1,1,0.12172361463308334
4686,6,1,0.13424944877624512
4687,1,1,0.09143207222223282
4688,3,1,0.07548729330301285
4689,5,1,0.045295242220163345
4690,7,1,0.06412547081708908
4691,1,1,0.06680980324745178
4692,9,1,0.051953528076410294
4693,7,1,0.17678143084049225
4694,6,1,0.0532386489212513
4695,4,1,0.08385221660137177
4696,5,1,0.13962498307228088
4697,7,1,0.14547261595726013
4698,6,1,0.10043996572494507
4699,6,1,0.0880613774061203
4700,9,1,0.12364117801189423
4701,9,1,0.20699799060821533
4702,6,1,0.1277327835559845
4703,3,1,0.3200768530368805
4704,6,1,0.06385686993598938
4705,2,1,0.2509215176105499
4706,9,1,0.06555606424808502
4707,8,0,0.021852362900972366
4708,1,1,0.1036115437746048
4709,2,1,0.21823550760746002
4710,2,1,0.16355538368225098
4711,5,1,0.18839296698570251
4712,5,1,0.08708204329013824
4713,2,1,0.17788919806480408
4714,3,1,0.053631387650966644
4715,7,1,0.23193693161010742
4716,2,1,0.0644715428352356
4717,1,1,0.07753770053386688
4718,0,1,0.2449921816587448
4719,1,1,0.15120336413383484
4720,0,1,0.061107806861400604
4721,4,1,0.17822572588920593
4722,5,1,0.12974748015403748
4723,2,1,0.2322494387626648
4724,8,0,0.04779672622680664
4725,2,1,0.12961772084236145
4726,8,0,0.01731143333017826
4727,3,1,0.05884697288274765
4728,5,1,0.09598853439092636
4729,1,1,0.05513077601790428
4730,7,1,0.29703640937805176
4731,8,0,0.041813574731349945
4732,1,1,0.056826118379831314
4733,1,1,0.08296681940555573
4734,2,1,0.100426584482193
4735,9,1,0.12715572118759155
4736,7,1,0.12575097382068634
4737,8,0,0.06195031479001045
4738,4,1,0.15689614415168762
4739,0,1,0.11881236732006073
4740,3,1,0.06788482517004013
4741,0,1,0.137451171875
4742,7,1,0.12628279626369476
4743,8,0,0.04700147360563278
4744,8,0,0.02312774769961834
4745,4,1,0.10182745009660721
4746,7,1,0.12460732460021973
4747,7,1,0.09811687469482422
4748,8,0,0.036834314465522766
4749,5,1,0.12885254621505737
4750,8,0,0.04155619814991951
4751,4,1,0.08933213353157043
4752,9,1,0.060569897294044495
4753,8,0,0.06380800157785416
4754,1,1,0.07931865751743317
4755,3,1,0.08786144852638245
4756,8,0,0.06082267314195633
4757,0,1,0.10480058193206787
4758,3,1,0.18545183539390564
4759,1,1,0.15639923512935638
4760,7,1,0.17836976051330566
4761,9,1,0.06731431186199188
4762,5,1,0.045203495770692825
4763,5,1,0.2620786130428314
4764,1,1,0.1357751041650772
4765,6,1,0.28095704317092896
4766,5,1,0.0610930398106575
4767,7,1,0.19171364605426788
4768,4,1,0.24762912094593048
4769,9,1,0.1285046488046646
4770,3,1,0.08391231298446655
4771,5,1,0.12232982367277145
4772,4,1,0.08288116753101349
4773,7,1,0.0666242241859436
4774,1,1,0.11313366144895554
4775,2,1,0.1218947172164917
4776,0,1,0.08066396415233612
4777,8,0,0.027072723954916
4778,1,1,0.15522201359272003
4779,6,1,0.28282472491264343
4780,0,1,0.12431088089942932
4781,7,1,0.1007140725851059
4782,3,1,0.08154864609241486
4783,4,1,0.09839363396167755
4784,7,1,0.09144406020641327
4785,3,1,0.020249318331480026
4786,9,1,0.05143250524997711
4787,6,1,0.1071237325668335
4788,0,1,0.04489368200302124
4789,8,0,0.043663349002599716
4790,6,1,0.09637762606143951
4791,4,1,0.12209567427635193
4792,8,0,0.03748485445976257
4793,7,1,0.08456748723983765
4794,7,1,0.15441763401031494
4795,9,1,0.06618541479110718
4796,3,1,0.18168210983276367
4797,8,0,0.03229796886444092
4798,6,1,0.06131690740585327
4799,9,1,0.17732447385787964
4800,7,1,0.09756608307361603
4801,2,1,0.17978715896606445
4802,3,1,0.10683337599039078
4803,4,1,0.07436413317918777
4804,0,1,0.08606835454702377
4805,2,1,0.386039674282074
4806,1,1,0.12638939917087555
4807,8,0,0.05363766849040985
4808,3,1,0.14196676015853882
4809,5,1,0.06462322920560837
4810,5,1,0.13884679973125458
4811,7,1,0.1515200436115265
4812,2,1,0.06958822906017303
4813,4,1,0.09012176096439362
4814,6,1,0.248155876994133
4815,7,1,0.07829688489437103
4816,2,1,0.15387187898159027
4817,8,0,0.045160531997680664
4818,3,1,0.03380318731069565
4819,0,1,0.04876517504453659
4820,8,0,0.03255099058151245
4821,7,1,0.11878426373004913
4822,8,0,0.05473334714770317
4823,9,1,0.17788806557655334
4824,0,1,0.04073985666036606
4825,8,0,0.0610564649105072
4826,4,1,0.3390446901321411
4827,4,1,0.14059239625930786
4828,5,1,0.08169449120759964
4829,8,0,0.043518513441085815
4830,5,1,0.09782606363296509
4831,6,1,0.10599367320537567
4832,6,1,0.10465487837791443
4833,3,1,0.07526958733797073
4834,0,1,0.09673513472080231
4835,9,1,0.05864013731479645
4836,3,1,0.05037229508161545
4837,7,1,0.06901177763938904
4838,6,1,0.11451639235019684
4839,8,0,0.045006223022937775
4840,9,1,0.08674047887325287
4841,3,1,0.0478336326777935
4842,4,1,0.14695274829864502
4843,9,1,0.07740025222301483
4844,5,1,0.1309327781200409
4845,8,0,0.0468246228992939
4846,9,1,0.1390196681022644
4847,1,1,0.15855002403259277
4848,2,1,0.2817392349243164
4849,8,0,0.03521192818880081
4850,8,0,0.03444769233465195
4851,6,1,0.04571977257728577
4852,8,0,0.06673208624124527
4853,1,1,0.07459045201539993
4854,3,1,0.13652244210243225
4855,7,1,0.06400460749864578
4856,9,1,0.09879416972398758
4857,0,1,0.05221116542816162
4858,1,1,0.10505230724811554
4859,1,1,0.13183453679084778
4860,4,1,0.0803488940000534
4861,7,1,0.05435062199831009
4862,0,1,0.40139204263687134
4863,8,0,0.04991175979375839
4864,1,1,0.18627822399139404
4865,7,1,0.09787531197071075
4866,4,1,0.1772019863128662
4867,5,1,0.055990807712078094
4868,7,1,0.1321818083524704
4869,1,1,0.05148027837276459
4870,2,1,0.16498184204101562
4871,1,1,0.21151652932167053
4872,1,1,0.08419190347194672
4873,3,1,0.08735528588294983
4874,9,1,0.09324795752763748
4875,6,1,0.08377900719642639
4876,2,1,0.230255126953125
4877,1,1,0.07440310716629028
4878,2,1,0.3106110990047455
4879,8,0,0.033706821501255035
4880,0,1,0.058999013155698776
4881,7,1,0.13790568709373474
4882,6,1,0.0624113492667675
4883,6,1,0.15893039107322693
4884,9,1,0.06103827804327011
4885,3,1,0.053378876298666
4886,7,1,0.05598471313714981
4887,0,1,0.04428550601005554
4888,5,1,0.21511566638946533
4889,2,1,0.26711517572402954
4890,8,0,0.030171595513820648
4891,0,1,0.3072104752063751
4892,5,1,0.07186273485422134
4893,4,1,0.11686268448829651
4894,3,1,0.13538774847984314
4895,8,0,0.015396997332572937
4896,4,1,0.14237678050994873
4897,6,1,0.07574908435344696
4898,6,1,0.04389667510986328
4899,2,1,0.07020419836044312
4900,7,1,0.0799528956413269
4901,9,1,0.09381598234176636
4902,5,1,0.05756400525569916
4903,1,1,0.11854640394449234
4904,3,1,0.08581587672233582
4905,2,1,0.2581746578216553
4906,4,1,0.15302084386348724
4907,3,1,0.19217000901699066
4908,6,1,0.07733935117721558
4909,1,1,0.07749906927347183
4910,9,1,0.0752541795372963
4911,4,1,0.08697864413261414
4912,4,1,0.08754026889801025
4913,7,1,0.17883652448654175
4914,6,1,0.21107691526412964
4915,5,1,0.07208521664142609
4916,4,1,0.15000908076763153
4917,1,1,0.0856010913848877
4918,9,1,0.14594575762748718
4919,9,1,0.07167530804872513
4920,2,1,0.10718832910060883
4921,7,1,0.09892205148935318
4922,8,0,0.04621300846338272
4923,0,1,0.16078916192054749
4924,1,1,0.05334560573101044
4925,3,1,0.05473273992538452
4926,6,1,0.08288753032684326
4927,1,1,0.1417258083820343
4928,3,1,0.12531715631484985
4929,4,1,0.19042426347732544
4930,1,1,0.05767395719885826
4931,1,1,0.108435720205307
4932,1,1,0.07405324280261993
4933,5,1,0.050881996750831604
4934,6,1,0.0704689547419548
4935,0,1,0.11852679401636124
4936,7,1,0.08110889792442322
4937,0,1,0.3113641142845154
4938,7,1,0.23188774287700653
4939,2,1,0.21165375411510468
4940,3,1,0.16774186491966248
4941,2,1,0.06077635660767555
4942,5,1,0.04701996594667435
4943,2,1,0.08605939149856567
4944,2,1,0.08873989433050156
4945,9,1,0.09001025557518005
4946,4,1,0.12891492247581482
4947,9,1,0.05136949196457863
4948,8,0,0.037546947598457336
4949,1,1,0.10017463564872742
4950,2,1,0.17213129997253418
4951,1,1,0.1732196807861328
4952,6,1,0.06911212205886841
4953,1,1,0.12071718275547028
4954,2,1,0.10313791036605835
4955,7,1,0.28333592414855957
4956,8,0,0.05361558869481087
4957,0,1,0.14109233021736145
4958,0,1,0.12516292929649353
4959,0,1,0.04628445953130722
4960,8,0,0.044168002903461456
4961,2,1,0.12810048460960388
4962,2,1,0.36955589056015015
4963,9,1,0.049393121153116226
4964,2,1,0.0953960120677948
4965,2,1,0.11437740176916122
4966,7,1,0.12474782764911652
4967,9,1,0.08242623507976532
4968,9,1,0.0691806748509407
4969,2,1,0.3930057883262634
4970,7,1,0.19392672181129456
4971,5,1,0.04546014219522476
4972,1,1,0.14845611155033112
4973,3,1,0.13454432785511017
4974,4,1,0.1310805380344391
4975,9,1,0.05183727666735649
4976,4,1,0.17757660150527954
4977,1,1,0.1158747747540474
4978,8,0,0.06738859415054321
4979,5,1,0.136612206697464
4980,6,1,0.11274097859859467
4981,2,1,0.20828190445899963
4982,8,0,0.01396285928785801
4983,3,1,0.0583520382642746
4984,1,1,0.08150801807641983
4985,2,1,0.1795884370803833
4986,8,0,0.04034306854009628
4987,4,1,0.1263088583946228
4988,9,1,0.08010022342205048
4989,9,1,0.07086829841136932
4990,3,1,0.059503037482500076
4991,7,1,0.13730691373348236
4992,0,1,0.13849346339702606
4993,7,1,0.16654840111732483
4994,7,1,0.16700640320777893
4995,2,1,0.09257536381483078
4996,3,1,0.2563219666481018
4997,2,1,0.1456635296344757
4998,4,1,0.07233527302742004
4999,0,1,0.21276256442070007
5000,3,1,0.07087059319019318
5001,9,1,0.0688672810792923
5002,9,1,0.04827502742409706
5003,8,0,0.026563549414277077
5004,4,1,0.1081191748380661
5005,1,1,0.0639212429523468
5006,0,1,0.1838018149137497
5007,6,1,0.10704819113016129
5008,0,1,0.11353284865617752
5009,9,1,0.05072186514735222
5010,6,1,0.12754875421524048
5011,8,0,0.03185566887259483
5012,6,1,0.13568150997161865
5013,1,1,0.06409364938735962
5014,1,1,0.06183819845318794
5015,9,1,0.056229427456855774
5016,8,0,0.030879052355885506
5017,9,1,0.04633696377277374
5018,2,1,0.09847386926412582
5019,3,1,0.09119229763746262
5020,5,1,0.07450510561466217
5021,5,1,0.05889846384525299
5022,9,1,0.0701349601149559
5023,4,1,0.06463678926229477
5024,2,1,0.06699281930923462
5025,1,1,0.06256010383367538
5026,9,1,0.04960218816995621
5027,4,1,0.05499492213129997
5028,3,1,0.058140989392995834
5029,9,1,0.04740550369024277
5030,6,1,0.09344008564949036
5031,0,1,0.0437980480492115
5032,4,1,0.053193993866443634
5033,0,1,0.04628080874681473
5034,6,1,0.09024399518966675
5035,0,1,0.07247638702392578
5036,1,1,0.054421648383140564
5037,2,1,0.08950644731521606
5038,3,1,0.05238671228289604
5039,4,1,0.052077438682317734
5040,7,1,0.04601343721151352
5041,8,0,0.011912884190678596
5042,9,1,0.059997763484716415
5043,0,1,0.11426716297864914
5044,1,1,0.07996375113725662
5045,2,1,0.1166464239358902
5046,3,1,0.06409305334091187
5047,4,1,0.07551028579473495
5048,7,1,0.08996771275997162
5049,8,0,0.028303414583206177
5050,9,1,0.05123749375343323
5051,0,1,0.1185518205165863
5052,1,1,0.07009205222129822
5053,2,1,0.1271306425333023
5054,3,1,0.06949396431446075
5055,4,1,0.10592474788427353
5056,5,1,0.09849004447460175
5057,6,1,0.14226454496383667
5058,7,1,0.10758291184902191
5059,8,0,0.029432173818349838
5060,9,1,0.04633527249097824
5061,8,0,0.024108950048685074
5062,3,1,0.04615464806556702
5063,4,1,0.07623351365327835
5064,7,1,0.07214833796024323
5065,8,0,0.049390774220228195
5066,6,1,0.09224551171064377
5067,3,1,0.1051473319530487
5068,4,1,0.09770682454109192
5069,0,1,0.10274558514356613
5070,9,1,0.03276689723134041
5071,7,1,0.05311726778745651
5072,1,1,0.06509635597467422
5073,9,1,0.04724085330963135
5074,3,1,0.12210243195295334
5075,8,0,0.065110944211483
5076,4,1,0.06762366741895676
5077,7,1,0.06452468037605286
5078,3,1,0.07517194747924805
5079,0,1,0.1064712256193161
5080,9,1,0.05247873812913895
5081,1,1,0.06679387390613556
5082,4,1,0.10679730772972107
5083,5,1,0.11574305593967438
5084,4,1,0.06928557902574539
5085,6,1,0.0587136447429657
5086,2,1,0.13071580231189728
5087,0,1,0.19692084193229675
5088,6,1,0.06041788309812546
5089,2,1,0.08175136148929596
5090,1,1,0.05261985957622528
5091,1,1,0.03686070069670677
5092,1,1,0.03729391470551491
5093,1,1,0.05116194114089012
5094,7,1,0.06684191524982452
5095,2,1,0.07840605080127716
5096,4,1,0.09428232908248901
5097,7,1,0.06671873480081558
5098,5,1,0.08486470580101013
5099,2,1,0.04854796826839447
5100,9,1,0.03429826349020004
5101,4,1,0.0721137598156929
5102,5,1,0.05021510645747185
5103,8,0,0.02463025599718094
5104,4,1,0.061182521283626556
5105,2,1,0.08508303761482239
5106,9,1,0.03372092545032501
5107,7,1,0.05625253915786743
5108,0,1,0.1421368420124054
5109,0,1,0.09668351709842682
5110,7,1,0.08321286737918854
5111,5,1,0.06908763945102692
5112,1,1,0.06173339858651161
5113,1,1,0.06185583025217056
5114,7,1,0.06133798509836197
5115,6,1,0.09261508285999298
5116,6,1,0.09312475472688675
5117,6,1,0.15154212713241577
5118,8,0,0.052490003407001495
5119,2,1,0.0660594031214714
5120,2,1,0.08260324597358704
5121,7,1,0.053123172372579575
5122,7,1,0.07035572826862335
5123,4,1,0.09598366916179657
5124,0,1,0.08075307309627533
5125,2,1,0.1117047518491745
5126,4,1,0.08633317053318024
5127,2,1,0.05339803546667099
5128,1,1,0.06411336362361908
5129,8,0,0.06466849893331528
5130,9,1,0.05528172105550766
5131,6,1,0.04422374069690704
5132,1,1,0.03514501452445984
5133,0,1,0.09088025987148285
5134,5,1,0.10189323872327805
5135,9,1,0.05352996662259102
5136,6,1,0.1246928721666336
5137,9,1,0.049885183572769165
5138,8,0,0.07668547332286835
5139,0,1,0.059307441115379333
5140,3,1,0.09982290863990784
5141,0,1,0.09761902689933777
5142,8,0,0.05979044735431671
5143,3,1,0.07995276153087616
5144,9,1,0.024376852437853813
5145,6,1,0.11391167342662811
5146,3,1,0.10391736030578613
5147,0,1,0.15354400873184204
5148,1,1,0.0826675072312355
5149,2,1,0.2121250331401825
5150,3,1,0.07084635645151138
5151,4,1,0.16301962733268738
5152,5,1,0.07458972185850143
5153,6,1,0.208723783493042
5154,7,1,0.06559345126152039
5155,0,1,0.11147463321685791
5156,1,1,0.08767161518335342
5157,2,1,0.2550762891769409
5158,3,1,0.1976531445980072
5159,4,1,0.05751768499612808
5160,5,1,0.05366092920303345
5161,6,1,0.15392166376113892
5162,7,1,0.11463692784309387
5163,8,0,0.04285503178834915
5164,9,1,0.042533066123723984
5165,0,1,0.25809821486473083
5166,1,1,0.0728917047381401
5167,2,1,0.34510338306427
5168,3,1,0.16594241559505463
5169,4,1,0.11316744238138199
5170,5,1,0.05969563126564026
5171,6,1,0.14879967272281647
5172,7,1,0.09908270835876465
5173,8,0,0.04612955451011658
5174,5,1,0.06762196123600006
5175,4,1,0.10855134576559067
5176,8,0,0.08393661677837372
5177,7,1,0.08083970844745636
5178,4,1,0.07821841537952423
5179,7,1,0.20119699835777283
5180,7,1,0.11319345235824585
5181,3,1,0.08696481585502625
5182,9,1,0.06265372037887573
5183,8,0,0.0963037759065628
5184,8,0,0.08135972172021866
5185,3,1,0.0535963736474514
5186,1,1,0.0566151924431324
5187,5,1,0.05709683522582054
5188,8,0,0.09213824570178986
5189,2,1,0.2336529940366745
5190,7,1,0.11114665865898132
5191,4,1,0.12589366734027863
5192,2,1,0.1691720187664032
5193,1,1,0.09876035153865814
5194,5,1,0.12037965655326843
5195,4,1,0.127699613571167
5196,5,1,0.10103961825370789
5197,5,1,0.08042575418949127
5198,8,0,0.05780169367790222
5199,6,1,0.1847658008337021
5200,4,1,0.16145530343055725
5201,4,1,0.10838665068149567
5202,4,1,0.11125721037387848
5203,1,1,0.10492037981748581
5204,8,0,0.04946295917034149
5205,7,1,0.1298070251941681
5206,5,1,0.09622952342033386
5207,5,1,0.062267057597637177
5208,1,1,0.056451208889484406
5209,8,0,0.11406810581684113
5210,9,1,0.05884476378560066
5211,1,1,0.10963965207338333
5212,3,1,0.06802428513765335
5213,6,1,0.11422606557607651
5214,3,1,0.07239951193332672
5215,3,1,0.0887078121304512
5216,2,1,0.22941361367702484
5217,2,1,0.12240718305110931
5218,6,1,0.16975650191307068
5219,9,1,0.07315739244222641
5220,9,1,0.06422053277492523
5221,6,1,0.2351599931716919
5222,5,1,0.09225546568632126
5223,5,1,0.14035433530807495
5224,3,1,0.12519586086273193
5225,3,1,0.11512589454650879
5226,8,0,0.039586007595062256
5227,1,1,0.05785690248012543
5228,6,1,0.17987355589866638
5229,5,1,0.06539417058229446
5230,6,1,0.12503066658973694
5231,8,0,0.058491483330726624
5232,1,1,0.08697846531867981
5233,9,1,0.05898971110582352
5234,7,1,0.09636659175157547
5235,6,1,0.20638351142406464
5236,8,0,0.04935222864151001
5237,3,1,0.30254727602005005
5238,7,1,0.20587870478630066
5239,4,1,0.1056290864944458
5240,7,1,0.12024816125631332
5241,0,1,0.19027601182460785
5242,9,1,0.04506291076540947
5243,0,1,0.1314631551504135
5244,0,1,0.14870938658714294
5245,3,1,0.14765188097953796
5246,7,1,0.11448870599269867
5247,9,1,0.03501245006918907
5248,3,1,0.17912381887435913
5249,0,1,0.20655959844589233
5250,2,1,0.15418606996536255
5251,0,1,0.15891334414482117
5252,1,1,0.06306576728820801
5253,0,1,0.09198474138975143
5254,1,1,0.07017111778259277
5255,0,1,0.2088228464126587
5256,4,1,0.09364637732505798
5257,0,1,0.07588367909193039
5258,1,1,0.043075963854789734
5259,0,1,0.1711193025112152
5260,4,1,0.13150177896022797
5261,7,1,0.15115566551685333
5262,9,1,0.052673112601041794
5263,6,1,0.1312885284423828
5264,2,1,0.3519253730773926
5265,6,1,0.17176590859889984
5266,2,1,0.2044808268547058
5267,2,1,0.14945045113563538
5268,9,1,0.0979405865073204
5269,9,1,0.09149345755577087
5270,0,1,0.03464645519852638
5271,1,1,0.05027338117361069
5272,2,1,0.08051528036594391
5273,3,1,0.04045633226633072
5274,4,1,0.08734820783138275
5275,5,1,0.07612098008394241
5276,6,1,0.09382148832082748
5277,7,1,0.06003674864768982
5278,8,0,0.02363021858036518
5279,9,1,0.08748553693294525
5280,0,1,0.04525364190340042
5281,1,1,0.05123103782534599
5282,2,1,0.12679831683635712
5283,3,1,0.02540273778140545
5284,4,1,0.16042602062225342
5285,5,1,0.05791657418012619
5286,6,1,0.10193198919296265
5287,7,1,0.2154175341129303
5288,8,0,0.02456873282790184
5289,9,1,0.06565997749567032
5290,0,1,0.039440400898456573
5291,1,1,0.0641157329082489
5292,2,1,0.1610124111175537
5293,3,1,0.051366448402404785
5294,4,1,0.14274591207504272
5295,5,1,0.050787732005119324
5296,6,1,0.03869478777050972
5297,7,1,0.13111241161823273
5298,8,0,0.026716535910964012
5299,9,1,0.055300503969192505
5300,8,0,0.017765924334526062
5301,0,1,0.051465727388858795
5302,5,1,0.04865133762359619
5303,6,1,0.13505133986473083
5304,6,1,0.10648214817047119
5305,0,1,0.06242862343788147
5306,8,0,0.03866847977042198
5307,0,1,0.03739337623119354
5308,2,1,0.09541801363229752
5309,3,1,0.08767227083444595
5310,7,1,0.11951139569282532
5311,9,1,0.03476153314113617
5312,4,1,0.0887884572148323
5313,7,1,0.1319383978843689
5314,1,1,0.06348001956939697
5315,9,1,0.06534960865974426
5316,1,1,0.055202730000019073
5317,7,1,0.12440222501754761
5318,1,1,0.07072781026363373
5319,4,1,0.12398990988731384
5320,0,1,0.042477577924728394
5321,0,1,0.047524601221084595
5322,4,1,0.10438455641269684
5323,1,1,0.07134531438350677
5324,7,1,0.06124395877122879
5325,5,1,0.07050545513629913
5326,7,1,0.11987008899450302
5327,1,1,0.04286626726388931
5328,3,1,0.02450142428278923
5329,3,1,0.07566027343273163
5330,3,1,0.0349695086479187
5331,1,1,0.1326691210269928
5332,6,1,0.06062750890851021
5333,9,1,0.06036686524748802
5334,7,1,0.10464805364608765
5335,4,1,0.22580668330192566
5336,3,1,0.030816849321126938
5337,0,1,0.08320462703704834
5338,2,1,0.05004438757896423
5339,5,1,0.07205222547054291
5340,2,1,0.14527812600135803
5341,6,1,0.07720078527927399
5342,0,1,0.08526454865932465
5343,8,0,0.028877193108201027
5344,9,1,0.10230164229869843
5345,4,1,0.11924463510513306
5346,3,1,0.045895904302597046
5347,5,1,0.04821404814720154
5348,4,1,0.08000624924898148
5349,8,0,0.045101962983608246
5350,1,1,0.08140795677900314
5351,5,1,0.08313535153865814
5352,9,1,0.052084363996982574
5353,0,1,0.07587380707263947
5354,6,1,0.11903658509254456
5355,4,1,0.09161563217639923
5356,3,1,0.08273720741271973
5357,6,1,0.10389797389507294
5358,3,1,0.07124176621437073
5359,3,1,0.07071095705032349
5360,8,0,0.02084510773420334
5361,1,1,0.04152333736419678
5362,4,1,0.10926830768585205
5363,7,1,0.056119631975889206
5364,5,1,0.07971348613500595
5365,7,1,0.05734516680240631
5366,2,1,0.12795153260231018
5367,2,1,0.10558430105447769
5368,0,1,0.06336522102355957
5369,0,1,0.10212733596563339
5370,1,1,0.09005261957645416
5371,7,1,0.07217235863208771
5372,7,1,0.0529976561665535
5373,9,1,0.06362491846084595
5374,5,1,0.09199564903974533
5375,9,1,0.07419078797101974
5376,8,0,0.026595890522003174
5377,9,1,0.055542975664138794
5378,6,1,0.09959893673658371
5379,8,0,0.05789804458618164
5380,8,0,0.035126470029354095
5381,2,1,0.13654913008213043
5382,3,1,0.13407002389431
5383,6,1,0.13279558718204498
5384,1,1,0.1266939491033554
5385,2,1,0.22637778520584106
5386,9,1,0.08292966336011887
5387,8,0,0.03341865539550781
5388,9,1,0.06729835271835327
5389,5,1,0.060336727648973465
5390,2,1,0.19595801830291748
5391,6,1,0.0805388018488884
5392,2,1,0.1521979570388794
5393,4,1,0.12431862950325012
5394,8,0,0.05175641179084778
5395,4,1,0.09690000861883163
5396,6,1,0.09469690918922424
5397,5,1,0.04653715342283249
5398,0,1,0.06735274195671082
5399,1,1,0.085146963596344
5400,5,1,0.06780555844306946
5401,6,1,0.06504321098327637
5402,7,1,0.10022486746311188
5403,8,0,0.03151784837245941
5404,9,1,0.06908202916383743
5405,0,1,0.10686582326889038
5406,1,1,0.09489952772855759
5407,2,1,0.1507929116487503
5408,3,1,0.08969713002443314
5409,4,1,0.09153971076011658
5410,5,1,0.07085435092449188
5411,6,1,0.1601676642894745
5412,7,1,0.08271610736846924
5413,8,0,0.02639981172978878
5414,9,1,0.06828716397285461
5415,0,1,0.21225330233573914
5416,1,1,0.09340529888868332
5417,2,1,0.22283703088760376
5418,3,1,0.13717301189899445
5419,4,1,0.0706278383731842
5420,5,1,0.09503086656332016
5421,6,1,0.10485184192657471
5422,7,1,0.10776470601558685
5423,8,0,0.016169967129826546
5424,9,1,0.09207727015018463
5425,7,1,0.10896967351436615
5426,4,1,0.10219702124595642
5427,2,1,0.13991321623325348
5428,0,1,0.14708413183689117
5429,9,1,0.04272545129060745
5430,0,1,0.08516690135002136
5431,1,1,0.09430830180644989
5432,5,1,0.09023897349834442
5433,8,0,0.01974179968237877
5434,8,0,0.036882393062114716
5435,0,1,0.042335640639066696
5436,2,1,0.1450834423303604
5437,7,1,0.07410220056772232
5438,8,0,0.01677551679313183
5439,4,1,0.06861685961484909
5440,4,1,0.07183569669723511
5441,6,1,0.19608941674232483
5442,1,1,0.06527112424373627
5443,0,1,0.10336252301931381
5444,4,1,0.07416471093893051
5445,5,1,0.04915037006139755
5446,3,1,0.032519832253456116
5447,9,1,0.06239009648561478
5448,4,1,0.06061359867453575
5449,2,1,0.14464496076107025
5450,0,1,0.13600832223892212
5451,5,1,0.10769897699356079
5452,0,1,0.10247356444597244
5453,1,1,0.10512639582157135
5454,3,1,0.06426546722650528
5455,2,1,0.08900394290685654
5456,9,1,0.05865892022848129
5457,1,1,0.03735969215631485
5458,6,1,0.1606084406375885
5459,0,1,0.06845998018980026
5460,1,1,0.06778980791568756
5461,1,1,0.06154441088438034
5462,8,0,0.022625505924224854
5463,0,1,0.11192116141319275
5464,4,1,0.07482105493545532
5465,7,1,0.1779753416776657
5466,7,1,0.08484150469303131
5467,6,1,0.1014501079916954
5468,3,1,0.06880534440279007
5469,6,1,0.17820391058921814
5470,0,1,0.055740855634212494
5471,7,1,0.06386889517307281
5472,3,1,0.061758995056152344
5473,5,1,0.04201074689626694
5474,4,1,0.09752959758043289
5475,2,1,0.10484592616558075
5476,4,1,0.0975533053278923
5477,1,1,0.07504790276288986
5478,8,0,0.022842761129140854
5479,3,1,0.06966223567724228
5480,5,1,0.09092363715171814
5481,6,1,0.16506555676460266
5482,7,1,0.08928461372852325
5483,0,1,0.12220382690429688
5484,6,1,0.11944591999053955
5485,7,1,0.12766852974891663
5486,1,1,0.05257180705666542
5487,2,1,0.08938148617744446
5488,5,1,0.06824386864900589
5489,8,0,0.02712860330939293
5490,1,1,0.06065987050533295
5491,9,1,0.05197332054376602
5492,3,1,0.02345215529203415
5493,8,0,0.05665604770183563
5494,2,1,0.2655158042907715
5495,8,0,0.023815065622329712
5496,7,1,0.09388842433691025
5497,6,1,0.12502610683441162
5498,7,1,0.08991735428571701
5499,1,1,0.06651867181062698
5500,4,1,0.12400484085083008
5501,6,1,0.15227755904197693
5502,2,1,0.19609224796295166
5503,9,1,0.050192758440971375
5504,3,1,0.2566044330596924
5505,0,1,0.03634749352931976
5506,1,1,0.10831605643033981
5507,2,1,0.14212071895599365
5508,3,1,0.05265288054943085
5509,4,1,0.11161346733570099
5510,5,1,0.06939394026994705
5511,6,1,0.1350092589855194
5512,7,1,0.07964774966239929
5513,0,1,0.08722171932458878
5514,1,1,0.14440882205963135
5515,2,1,0.26423901319503784
5516,3,1,0.15325430035591125
5517,4,1,0.1083792895078659
5518,5,1,0.05901278182864189
5519,0,1,0.04772631824016571
5520,1,1,0.1067592054605484
5521,2,1,0.2620793879032135
5522,8,0,0.031186282634735107
5523,9,1,0.15109416842460632
5524,1,1,0.1288490742444992
5525,4,1,0.07332513481378555
5526,0,1,0.03139646351337433
5527,9,1,0.075095996260643
5528,5,1,0.04901311546564102
5529,0,1,0.029652606695890427
5530,8,0,0.027116823941469193
5531,0,1,0.09981419146060944
5532,7,1,0.10423010587692261
5533,7,1,0.050888776779174805
5534,1,1,0.10750816762447357
5535,1,1,0.09016022086143494
5536,2,1,0.06297723203897476
5537,9,1,0.06479287147521973
5538,3,1,0.08943629264831543
5539,6,1,0.07943852990865707
5540,7,1,0.08147062361240387
5541,2,1,0.0711328387260437
5542,3,1,0.06096813082695007
5543,8,0,0.04389088600873947
5544,1,1,0.08145850896835327
5545,2,1,0.04165766015648842
5546,9,1,0.04323095083236694
5547,8,0,0.03116893395781517
5548,8,0,0.018741723150014877
5549,7,1,0.1015484556555748
5550,1,1,0.07120462507009506
5551,7,1,0.08061127364635468
5552,1,1,0.08176320046186447
5553,1,1,0.08124149590730667
5554,0,1,0.08711099624633789
5555,3,1,0.05720124766230583
5556,4,1,0.0616329051554203
5557,2,1,0.08924933522939682
5558,6,1,0.13730105757713318
5559,4,1,0.11559362709522247
5560,7,1,0.09436044842004776
5561,4,1,0.0747930258512497
5562,2,1,0.04838132485747337
5563,7,1,0.05949756130576134
5564,4,1,0.15659776329994202
5565,9,1,0.06582096219062805
5566,1,1,0.06464149057865143
5567,0,1,0.021568000316619873
5568,6,1,0.08757967501878738
5569,8,0,0.032798223197460175
5570,5,1,0.06243785470724106
5571,5,1,0.06770158559083939
5572,5,1,0.07379546761512756
5573,3,1,0.04979424178600311
5574,5,1,0.09305928647518158
5575,9,1,0.05042874813079834
5576,7,1,0.07669001817703247
5577,4,1,0.06065277010202408
5578,8,0,0.029986580833792686
5579,5,1,0.06663025915622711
5580,9,1,0.05876026302576065
5581,6,1,0.07813192903995514
5582,9,1,0.09636511653661728
5583,3,1,0.08087924867868423
5584,0,1,0.11280500888824463
5585,3,1,0.06884624063968658
5586,8,0,0.023754719644784927
5587,9,1,0.07123251259326935
5588,1,1,0.10089638829231262
5589,8,0,0.02395283430814743
5590,1,1,0.08290354907512665
5591,6,1,0.0502844974398613
5592,0,1,0.06292249262332916
5593,0,1,0.1762089729309082
5594,1,1,0.08166748285293579
5595,2,1,0.17205575108528137
5596,3,1,0.030943213030695915
5597,4,1,0.07378412038087845
5598,5,1,0.08270301669836044
5599,6,1,0.1274000108242035
5600,7,1,0.10410293191671371
5601,8,0,0.03308969736099243
5602,9,1,0.1021377295255661
5603,0,1,0.17058411240577698
5604,1,1,0.09487999975681305
5605,2,1,0.24037417769432068
5606,3,1,0.08032386004924774
5607,4,1,0.08656599372625351
5608,5,1,0.09298617392778397
5609,6,1,0.1330714225769043
5610,7,1,0.13546434044837952
5611,8,0,0.09021162986755371
5612,9,1,0.09909539669752121
5613,0,1,0.15676529705524445
5614,1,1,0.06747891753911972
5615,2,1,0.09592673182487488
5616,3,1,0.04909340292215347
5617,4,1,0.10269840061664581
5618,5,1,0.21045705676078796
5619,6,1,0.1579769253730774
5620,7,1,0.14527423679828644
5621,8,0,0.044714413583278656
5622,9,1,0.12382848560810089
5623,3,1,0.05904458463191986
5624,5,1,0.057630348950624466
5625,3,1,0.08536040782928467
5626,2,1,0.05577955022454262
5627,9,1,0.08867448568344116
5628,3,1,0.11817091703414917
5629,2,1,0.06746542453765869
5630,1,1,0.10700984299182892
5631,4,1,0.10664258897304535
5632,5,1,0.11353404819965363
5633,5,1,0.08280257880687714
5634,2,1,0.031304337084293365
5635,3,1,0.04847586154937744
5636,2,1,0.18436500430107117
5637,1,1,0.10303907096385956
5638,3,1,0.12670570611953735
5639,9,1,0.15336096286773682
5640,7,1,0.2139379382133484
5641,2,1,0.21575886011123657
5642,1,1,0.1391095072031021
5643,2,1,0.15267232060432434
5644,8,0,0.05664137005805969
5645,9,1,0.05141676217317581
5646,1,1,0.10724028944969177
5647,8,0,0.059151291847229004
5648,8,0,0.03159405291080475
5649,7,1,0.08603863418102264
5650,8,0,0.0524543896317482
5651,1,1,0.06749957799911499
5652,0,1,0.06609185039997101
5653,0,1,0.06292742490768433
5654,7,1,0.030900079756975174
5655,7,1,0.04698570817708969
5656,8,0,0.028568662703037262
5657,7,1,0.08204604685306549
5658,5,1,0.09189404547214508
5659,0,1,0.11685104668140411
5660,6,1,0.15339598059654236
5661,1,1,0.15598362684249878
5662,5,1,0.11075351387262344
5663,7,1,0.12006446719169617
5664,4,1,0.11965301632881165
5665,6,1,0.11689892411231995
5666,1,1,0.08591243624687195
5667,2,1,0.1851239651441574
5668,5,1,0.06914393603801727
5669,0,1,0.11782146990299225
5670,7,1,0.10835929214954376
5671,9,1,0.0819743275642395
5672,9,1,0.061356961727142334
5673,0,1,0.17287492752075195
5674,3,1,0.05878426507115364
5675,8,0,0.03939279168844223
5676,4,1,0.47918713092803955
5677,4,1,0.10745923221111298
5678,8,0,0.04882381856441498
5679,1,1,0.10954377055168152
5680,8,0,0.02080303244292736
5681,6,1,0.16267326474189758
5682,5,1,0.08332443982362747
5683,9,1,0.1590225100517273
5684,0,1,0.14805355668067932
5685,0,1,0.20972296595573425
5686,0,1,0.1800927072763443
5687,3,1,0.08406444638967514
5688,7,1,0.08663997054100037
5689,1,1,0.08800747990608215
5690,6,1,0.2002277970314026
5691,4,1,0.14856605231761932
5692,2,1,0.1494819074869156
5693,6,1,0.15078189969062805
5694,6,1,0.20597559213638306
5695,0,1,0.1852131336927414
5696,4,1,0.12364022433757782
5697,5,1,0.04210260510444641
5698,4,1,0.11342077702283859
5699,1,1,0.07543696463108063
5700,3,1,0.10030008107423782
5701,8,0,0.03493505343794823
5702,6,1,0.1355305016040802
5703,3,1,0.13829849660396576
5704,9,1,0.11723612248897552
5705,9,1,0.10715744644403458
5706,5,1,0.128821462392807
5707,9,1,0.0867166519165039
5708,3,1,0.0856369361281395
5709,7,1,0.09367901086807251
5710,8,0,0.053804926574230194
5711,5,1,0.08296658098697662
5712,6,1,0.18699117004871368
5713,4,1,0.08109798282384872
5714,7,1,0.09591630101203918
5715,6,1,0.12392747402191162
5716,2,1,0.14994129538536072
5717,2,1,0.0507098063826561
5718,0,1,0.0945807471871376
5719,9,1,0.11098197102546692
5720,4,1,0.10847555100917816
5721,0,1,0.07634752243757248
5722,1,1,0.09328844398260117
5723,2,1,0.06414219737052917
5724,3,1,0.06503870338201523
5725,4,1,0.1596912145614624
5726,5,1,0.1199890524148941
5727,6,1,0.12836682796478271
5728,7,1,0.12725672125816345
5729,8,0,0.042401023209095
5730,9,1,0.08541832119226456
5731,0,1,0.09840413928031921
5732,1,1,0.0820048376917839
5733,2,1,0.20784220099449158
5734,3,1,0.1088000237941742
5735,5,1,0.1496599018573761
5736,6,1,0.11182106286287308
5737,0,1,0.28029707074165344
5738,1,1,0.036530137062072754
5739,2,1,0.10818357765674591
5740,3,1,0.18480995297431946
5741,4,1,0.10667233914136887
5742,5,1,0.17593009769916534
5743,6,1,0.06421969830989838
5744,8,0,0.05243399366736412
5745,7,1,0.057627689093351364
5746,1,1,0.18852385878562927
5747,3,1,0.02885773405432701
5748,2,1,0.19235345721244812
5749,8,0,0.06030484661459923
5750,0,1,0.13824450969696045
5751,7,1,0.07888637483119965
5752,5,1,0.2130749523639679
5753,9,1,0.041086066514253616
5754,9,1,0.07571664452552795
5755,6,1,0.19821815192699432
5756,0,1,0.15488138794898987
5757,9,1,0.038887277245521545
5758,4,1,0.05317641794681549
5759,1,1,0.20426854491233826
5760,3,1,0.08359088003635406
5761,2,1,0.1633847951889038
5762,1,1,0.06490615010261536
5763,2,1,0.14174038171768188
5764,3,1,0.05756387859582901
5765,8,0,0.041996002197265625
5766,3,1,0.046637192368507385
5767,2,1,0.15906399488449097
5768,6,1,0.18878185749053955
5769,5,1,0.03160937875509262
5770,6,1,0.12231273949146271
5771,8,0,0.06815166771411896
5772,2,1,0.20402204990386963
5773,7,1,0.24178259074687958
5774,4,1,0.06137089431285858
5775,8,0,0.0633779764175415
5776,1,1,0.11000895500183105
5777,8,0,0.0915413573384285
5778,0,1,0.16462068259716034
5779,5,1,0.12043258547782898
5780,3,1,0.13245265185832977
5781,9,1,0.06550082564353943
5782,4,1,0.20970726013183594
5783,1,1,0.11050088703632355
5784,9,1,0.03491727262735367
5785,2,1,0.1844649761915207
5786,1,1,0.07241795212030411
5787,9,1,0.0939565896987915
5788,6,1,0.09065088629722595
5789,7,1,0.08731770515441895
5790,9,1,0.0619003102183342
5791,0,1,0.1108589917421341
5792,4,1,0.09286327660083771
5793,6,1,0.09248469769954681
5794,1,1,0.10793201625347137
5795,7,1,0.055812686681747437
5796,3,1,0.09467688202857971
5797,8,0,0.090603306889534
5798,7,1,0.10856378078460693
5799,2,1,0.1520322859287262
5800,9,1,0.058005765080451965
5801,6,1,0.1700281798839569
5802,5,1,0.07943064719438553
5803,8,0,0.08207933604717255
5804,3,1,0.05077270045876503
5805,9,1,0.0423615500330925
5806,0,1,0.1313328742980957
5807,5,1,0.04106474667787552
5808,7,1,0.08258982002735138
5809,1,1,0.08111796528100967
5810,6,1,0.09448026865720749
5811,1,1,0.07207699120044708
5812,0,1,0.04054337739944458
5813,9,1,0.0639459490776062
5814,3,1,0.08874040842056274
5815,3,1,0.17696017026901245
5816,4,1,0.1904015839099884
5817,4,1,0.141495943069458
5818,0,1,0.09629684686660767
5819,6,1,0.11325880140066147
5820,2,1,0.10474525392055511
5821,5,1,0.09756574034690857
5822,4,1,0.10633379966020584
5823,2,1,0.05244804173707962
5824,3,1,0.08261799812316895
5825,4,1,0.1363418698310852
5826,6,1,0.24464185535907745
5827,0,1,0.09593833982944489
5828,0,1,0.12968328595161438
5829,2,1,0.3229319751262665
5830,0,1,0.10839421302080154
5831,1,1,0.06432462483644485
5832,4,1,0.0931609645485878
5833,5,1,0.0758853405714035
5834,6,1,0.09293878823518753
5835,7,1,0.049556914716959
5836,8,0,0.038535479456186295
5837,9,1,0.12036322057247162
5838,0,1,0.3123757243156433
5839,1,1,0.049599021673202515
5840,2,1,0.08379542082548141
5841,3,1,0.1753310114145279
5842,4,1,0.09688112139701843
5843,5,1,0.09083691984415054
5844,6,1,0.1944931149482727
5845,7,1,0.06281855702400208
5846,8,0,0.053352586925029755
5847,0,1,0.06496532261371613
5848,1,1,0.059804387390613556
5849,2,1,0.07939410209655762
5850,3,1,0.16117016971111298
5851,4,1,0.050412826240062714
5852,5,1,0.09872783720493317
5853,6,1,0.09379582107067108
5854,7,1,0.07099513709545135
5855,8,0,0.021094584837555885
5856,9,1,0.12169107049703598
5857,8,0,0.049573421478271484
5858,7,1,0.04470524936914444
5859,1,1,0.09852717816829681
5860,3,1,0.10375930368900299
5861,7,1,0.12646448612213135
5862,5,1,0.12886904180049896
5863,2,1,0.20700159668922424
5864,8,0,0.02143261954188347
5865,0,1,0.05102766305208206
5866,7,1,0.05922355502843857
5867,5,1,0.12077955901622772
5868,9,1,0.06402959674596786
5869,9,1,0.06105051562190056
5870,0,1,0.1165987104177475
5871,9,1,0.06954985111951828
5872,1,1,0.0991361141204834
5873,1,1,0.16583576798439026
5874,5,1,0.12380887567996979
5875,8,0,0.022384103387594223
5876,8,0,0.043373867869377136
5877,6,1,0.1012585461139679
5878,3,1,0.08913354575634003
5879,2,1,0.5042385458946228
5880,1,1,0.13967469334602356
5881,8,0,0.04923563450574875
5882,3,1,0.07620289921760559
5883,2,1,0.07713775336742401
5884,6,1,0.10624651610851288
5885,5,1,0.12062855064868927
5886,6,1,0.05944937467575073
5887,7,1,0.07458922266960144
5888,4,1,0.10776101052761078
5889,1,1,0.1432737112045288
5890,0,1,0.024700015783309937
5891,5,1,0.18433302640914917
5892,3,1,0.1353895664215088
5893,1,1,0.10007276386022568
5894,9,1,0.11288587749004364
5895,2,1,0.1202135756611824
5896,1,1,0.11273738741874695
5897,9,1,0.15640103816986084
5898,6,1,0.14068719744682312
5899,0,1,0.0954815149307251
5900,4,1,0.131794273853302
5901,6,1,0.08096412569284439
5902,1,1,0.15010526776313782
5903,7,1,0.10755583643913269
5904,3,1,0.06398756802082062
5905,8,0,0.046487029641866684
5906,7,1,0.08158190548419952
5907,2,1,0.07616576552391052
5908,9,1,0.0886155366897583
5909,6,1,0.12502682209014893
5910,5,1,0.2626715302467346
5911,8,0,0.03526621311903
5912,3,1,0.12060191482305527
5913,5,1,0.4449966251850128
5914,7,1,0.11868970096111298
5915,1,1,0.14126457273960114
5916,6,1,0.24239660799503326
5917,1,1,0.11212600767612457
5918,0,1,0.05548268184065819
5919,9,1,0.06086933985352516
5920,6,1,0.088560089468956
5921,2,1,0.04316331446170807
5922,5,1,0.11674714088439941
5923,4,1,0.07500622421503067
5924,2,1,0.10606557130813599
5925,3,1,0.06560184061527252
5926,4,1,0.10871327668428421
5927,4,1,0.15961557626724243
5928,6,1,0.2103044092655182
5929,0,1,0.06478749215602875
5930,0,1,0.12950626015663147
5931,2,1,0.1875872015953064
5932,0,1,0.09065436571836472
5933,1,1,0.09716107696294785
5934,2,1,0.06433790177106857
5935,3,1,0.04143642261624336
5936,4,1,0.16473114490509033
5937,5,1,0.03596939891576767
5938,6,1,0.1483800709247589
5939,7,1,0.2599294185638428
5940,8,0,0.03519678860902786
5941,9,1,0.19808243215084076
5942,0,1,0.06113123893737793
5943,1,1,0.06523808091878891
5944,2,1,0.09415405988693237
5945,3,1,0.058306656777858734
5946,4,1,0.1514022946357727
5947,5,1,0.03130936622619629
5948,6,1,0.16671223938465118
5949,7,1,0.1511407345533371
5950,8,0,0.038594864308834076
5951,9,1,0.11011473834514618
5952,0,1,0.05255240947008133
5953,1,1,0.08268359303474426
5954,2,1,0.2711182236671448
5955,3,1,0.045613572001457214
5956,4,1,0.15425047278404236
5957,5,1,0.030432645231485367
5958,6,1,0.18685057759284973
5959,7,1,0.26924261450767517
5960,8,0,0.0385696105659008
5961,9,1,0.13733446598052979
5962,8,0,0.022519364953041077
5963,6,1,0.13614466786384583
5964,5,1,0.04406290873885155
5965,0,1,0.08905806392431259
5966,6,1,0.1348026692867279
5967,8,0,0.03559320047497749
5968,9,1,0.11742216348648071
5969,4,1,0.09713178873062134
5970,1,1,0.10889345407485962
5971,9,1,0.15990647673606873
5972,5,1,0.0393904410302639
5973,3,1,0.033890947699546814
5974,0,1,0.027851130813360214
5975,4,1,0.1463913917541504
5976,8,0,0.03514949232339859
5977,9,1,0.18886035680770874
5978,1,1,0.12486641108989716
5979,4,1,0.14724469184875488
5980,0,1,0.04278125241398811
5981,5,1,0.04275863990187645
5982,5,1,0.06790899485349655
5983,2,1,0.040877800434827805
5984,1,1,0.11413895338773727
5985,5,1,0.04033442959189415
5986,4,1,0.09985677152872086
5987,0,1,0.0256802961230278
5988,7,1,0.2595203220844269
5989,6,1,0.0746440589427948
5990,0,1,0.04871101677417755
5991,1,1,0.08416775614023209
5992,7,1,0.1631406843662262
5993,0,1,0.0839163064956665
5994,6,1,0.16468670964241028
5995,8,0,0.02083546109497547
5996,9,1,0.13061003386974335
5997,5,1,0.03899049013853073
5998,1,1,0.08508078753948212
5999,7,1,0.26327067613601685
6000,9,1,0.22501608729362488
6001,8,0,0.013777999207377434
6002,6,1,0.1568610668182373
6003,0,1,0.03874870389699936
6004,8,0,0.05141958221793175
6005,1,1,0.13859552145004272
6006,7,1,0.13310247659683228
6007,7,1,0.18941611051559448
6008,1,1,0.13152340054512024
6009,3,1,0.05112778767943382
6010,2,1,0.3798716068267822
6011,3,1,0.04194372892379761
6012,1,1,0.08834303915500641
6013,4,1,0.09971529990434647
6014,2,1,0.517023503780365
6015,0,1,0.05793878808617592
6016,0,1,0.08756708353757858
6017,7,1,0.16302266716957092
6018,8,0,0.02432190254330635
6019,4,1,0.13314515352249146
6020,6,1,0.2673981189727783
6021,4,1,0.10967347025871277
6022,9,1,0.09867345541715622
6023,3,1,0.0569595992565155
6024,8,0,0.03310573473572731
6025,4,1,0.13062715530395508
6026,7,1,0.18626528978347778
6027,2,1,0.09305290877819061
6028,5,1,0.04438096284866333
6029,6,1,0.1590563952922821
6030,3,1,0.05236450210213661
6031,6,1,0.1534627377986908
6032,9,1,0.1645757108926773
6033,6,1,0.07207713276147842
6034,3,1,0.019397974014282227
6035,2,1,0.04101651906967163
6036,2,1,0.13964569568634033
6037,4,1,0.1175963282585144
6038,6,1,0.22046354413032532
6039,9,1,0.1820726990699768
6040,0,1,0.030596040189266205
6041,2,1,0.35415518283843994
6042,5,1,0.0674346312880516
6043,5,1,0.03698180615901947
6044,1,1,0.08451435714960098
6045,3,1,0.1014026552438736
6046,3,1,0.04752169921994209
6047,9,1,0.1391526758670807
6048,7,1,0.1404254287481308
6049,8,0,0.046291783452034
6050,7,1,0.32760095596313477
6051,2,1,0.07109993696212769
6052,2,1,0.1118331328034401
6053,5,1,0.03277646377682686
6054,7,1,0.2778182327747345
6055,9,1,0.19650141894817352
6056,8,0,0.024967815726995468
6057,2,1,0.1635431945323944
6058,1,1,0.09128838777542114
6059,3,1,0.061077527701854706
6060,1,1,0.06333911418914795
6061,3,1,0.04937053471803665
6062,0,1,0.0736628919839859
6063,1,1,0.04107945039868355
6064,2,1,0.12149704992771149
6065,3,1,0.034383807331323624
6066,4,1,0.16123038530349731
6067,5,1,0.04773927107453346
6068,6,1,0.15649157762527466
6069,7,1,0.11400454491376877
6070,8,0,0.043130092322826385
6071,9,1,0.06944543123245239
6072,0,1,0.0657854825258255
6073,1,1,0.04196607321500778
6074,2,1,0.12198805809020996
6075,3,1,0.05378331243991852
6076,4,1,0.165711909532547
6077,5,1,0.06717507541179657
6078,6,1,0.11238522082567215
6079,7,1,0.1302102506160736
6080,8,0,0.04275458678603172
6081,9,1,0.041869156062603
6082,0,1,0.07801999896764755
6083,1,1,0.04967474937438965
6084,2,1,0.04682671278715134
6085,3,1,0.07822725176811218
6086,4,1,0.16640442609786987
6087,5,1,0.07433732599020004
6088,6,1,0.08853577077388763
6089,7,1,0.10818476229906082
6090,8,0,0.035643383860588074
6091,9,1,0.037927016615867615
6092,1,1,0.07004588842391968
6093,2,1,0.037251174449920654
6094,6,1,0.08228563517332077
6095,5,1,0.08319282531738281
6096,3,1,0.079349085688591
6097,0,1,0.109188511967659
6098,7,1,0.08640462905168533
6099,0,1,0.09027886390686035
6100,4,1,0.13243277370929718
6101,1,1,0.04664831608533859
6102,4,1,0.12566107511520386
6103,3,1,0.06554031372070312
6104,6,1,0.10355973243713379
6105,7,1,0.08815440535545349
6106,2,1,0.08315587043762207
6107,3,1,0.04245699569582939
6108,1,1,0.04418763518333435
6109,2,1,0.16490328311920166
6110,1,1,0.046964459121227264
6111,2,1,0.05714716017246246
6112,9,1,0.021753765642642975
6113,6,1,0.08527873456478119
6114,0,1,0.09077447652816772
6115,1,1,0.04327680915594101
6116,3,1,0.04195527732372284
6117,0,1,0.07747402787208557
6118,2,1,0.07236506044864655
6119,7,1,0.05791618302464485
6120,5,1,0.10902619361877441
6121,7,1,0.10924870520830154
6122,6,1,0.11147791147232056
6123,2,1,0.149570494890213
6124,9,1,0.03282664716243744
6125,1,1,0.09537878632545471
6126,9,1,0.02815323881804943
6127,0,1,0.13781225681304932
6128,6,1,0.1259770393371582
6129,0,1,0.15981584787368774
6130,6,1,0.13718092441558838
6131,0,1,0.10498100519180298
6132,2,1,0.07924386858940125
6133,0,1,0.07458086311817169
6134,6,1,0.07144073396921158
6135,1,1,0.07320398092269897
6136,5,1,0.051067858934402466
6137,8,0,0.028352856636047363
6138,4,1,0.09020731598138809
6139,3,1,0.10315576940774918
6140,0,1,0.06781357526779175
6141,1,1,0.07955050468444824
6142,5,1,0.0458817221224308
6143,4,1,0.12463254481554031
6144,4,1,0.11274872720241547
6145,8,0,0.012889538891613483
6146,5,1,0.05406898260116577
6147,7,1,0.13231238722801208
6148,5,1,0.05401567742228508
6149,7,1,0.03635163605213165
6150,8,0,0.030647482722997665
6151,3,1,0.0423867404460907
6152,4,1,0.10764242708683014
6153,8,0,0.022928539663553238
6154,8,0,0.041222408413887024
6155,5,1,0.041346605867147446
6156,2,1,0.15700672566890717
6157,9,1,0.03774181753396988
6158,7,1,0.07071821391582489
6159,1,1,0.0713459700345993
6160,3,1,0.016546092927455902
6161,8,0,0.05391993001103401
6162,1,1,0.08463232219219208
6163,0,1,0.05312711372971535
6164,7,1,0.15412485599517822
6165,5,1,0.03829151391983032
6166,9,1,0.05260921269655228
6167,6,1,0.10250851511955261
6168,9,1,0.08608505129814148
6169,4,1,0.11552725732326508
6170,7,1,0.08734648674726486
6171,7,1,0.08948729932308197
6172,9,1,0.049290500581264496
6173,9,1,0.02875608578324318
6174,3,1,0.03024907037615776
6175,4,1,0.10997535288333893
6176,4,1,0.18798449635505676
6177,3,1,0.0504162423312664
6178,8,0,0.023179441690444946
6179,6,1,0.05863375961780548
6180,2,1,0.08332519233226776
6181,0,1,0.07935605943202972
6182,1,1,0.06852830946445465
6183,2,1,0.04384388029575348
6184,3,1,0.02014625445008278
6185,4,1,0.10095955431461334
6186,5,1,0.06642110645771027
6187,6,1,0.11692698299884796
6188,7,1,0.07274544984102249
6189,8,0,0.016492854803800583
6190,9,1,0.06790700554847717
6191,0,1,0.11150839179754257
6192,1,1,0.08244521915912628
6193,2,1,0.07142642885446548
6194,3,1,0.09318086504936218
6195,4,1,0.14593999087810516
6196,5,1,0.06806200742721558
6197,6,1,0.1469951719045639
6198,7,1,0.05728922784328461
6199,8,0,0.014911111444234848
6200,9,1,0.051650382578372955
6201,0,1,0.15465228259563446
6202,1,1,0.08087071776390076
6203,2,1,0.04456049203872681
6204,3,1,0.033631581813097
6205,4,1,0.09087779372930527
6206,5,1,0.06958730518817902
6207,6,1,0.08352792263031006
6208,7,1,0.05740473419427872
6209,8,0,0.016674228012561798
6210,9,1,0.053572338074445724
6211,0,1,0.09870387613773346
6212,8,0,0.027649197727441788
6213,3,1,0.10227718204259872
6214,9,1,0.05049511417746544
6215,5,1,0.11355207115411758
6216,5,1,0.05526012182235718
6217,2,1,0.03315291181206703
6218,6,1,0.13859550654888153
6219,8,0,0.016548823565244675
6220,4,1,0.06181540712714195
6221,9,1,0.07525916397571564
6222,1,1,0.07160147279500961
6223,7,1,0.06570114195346832
6224,1,1,0.11422772705554962
6225,2,1,0.1475990265607834
6226,3,1,0.11628960072994232
6227,5,1,0.07040420919656754
6228,9,1,0.12625443935394287
6229,6,1,0.0953352078795433
6230,9,1,0.07512018829584122
6231,1,1,0.10049959272146225
6232,1,1,0.07177421450614929
6233,1,1,0.06874144822359085
6234,2,1,0.08796049654483795
6235,9,1,0.046645261347293854
6236,5,1,0.09126563370227814
6237,6,1,0.12549130618572235
6238,8,0,0.04659542441368103
6239,1,1,0.07752219587564468
6240,2,1,0.05075401812791824
6241,0,1,0.059631139039993286
6242,7,1,0.08944731205701828
6243,7,1,0.06049223616719246
6244,5,1,0.04844575375318527
6245,8,0,0.02373197302222252
6246,2,1,0.19640704989433289
6247,9,1,0.05067918449640274
6248,8,0,0.02902240864932537
6249,9,1,0.045180726796388626
6250,0,1,0.05617983639240265
6251,4,1,0.09919902682304382
6252,6,1,0.1373654305934906
6253,7,1,0.066371388733387
6254,1,1,0.056143272668123245
6255,3,1,0.06018485128879547
6256,4,1,0.11392444372177124
6257,5,1,0.08591156452894211
6258,6,1,0.10352664440870285
6259,0,1,0.1321955919265747
6260,3,1,0.05839809402823448
6261,6,1,0.08865758776664734
6262,8,0,0.02326270192861557
6263,7,1,0.0847051590681076
6264,0,1,0.09660612046718597
6265,4,1,0.09510147571563721
6266,2,1,0.08430534601211548
6267,7,1,0.07085128128528595
6268,4,1,0.10539914667606354
6269,7,1,0.06772497296333313
6270,5,1,0.08162151277065277
6271,4,1,0.11781638860702515
6272,3,1,0.02766142413020134
6273,4,1,0.08730565756559372
6274,2,1,0.0540262870490551
6275,8,0,0.02199196070432663
6276,1,1,0.06359515339136124
6277,5,1,0.07362183928489685
6278,1,1,0.07042645663022995
6279,2,1,0.159401535987854
6280,0,1,0.11380800604820251
6281,2,1,0.23643097281455994
6282,5,1,0.10058215260505676
6283,6,1,0.05766262486577034
6284,4,1,0.19388791918754578
6285,3,1,0.1267542541027069
6286,0,1,0.05679713189601898
6287,0,1,0.08277332782745361
6288,0,1,0.08087021857500076
6289,3,1,0.03267432004213333
6290,3,1,0.040678299963474274
6291,5,1,0.07018868625164032
6292,7,1,0.05144137516617775
6293,0,1,0.10500581562519073
6294,6,1,0.09081968665122986
6295,4,1,0.10395652800798416
6296,8,0,0.009566232562065125
6297,8,0,0.03347295522689819
6298,6,1,0.102127805352211
6299,3,1,0.12982803583145142
6300,4,1,0.08673466742038727
6301,6,1,0.12783201038837433
6302,9,1,0.05763848498463631
6303,9,1,0.08884741365909576
6304,8,0,0.017374757677316666
6305,2,1,0.06765218079090118
6306,7,1,0.05337100476026535
6307,7,1,0.06456992030143738
6308,1,1,0.06419536471366882
6309,0,1,0.07240711897611618
6310,1,1,0.06642336398363113
6311,2,1,0.22473350167274475
6312,3,1,0.02307896874845028
6313,4,1,0.1502765417098999
6314,5,1,0.07728670537471771
6315,6,1,0.11555425822734833
6316,7,1,0.17078897356987
6317,8,0,0.030501939356327057
6318,9,1,0.042586565017700195
6319,0,1,0.13259822130203247
6320,1,1,0.06070948392152786
6321,2,1,0.27766042947769165
6322,3,1,0.09046628326177597
6323,4,1,0.07485032081604004
6324,5,1,0.11824604868888855
6325,6,1,0.12318907678127289
6326,7,1,0.2579794228076935
6327,8,0,0.04099893569946289
6328,0,1,0.0650356262922287
6329,1,1,0.07743650674819946
6330,2,1,0.09461967647075653
6331,3,1,0.08352464437484741
6332,4,1,0.1089404970407486
6333,5,1,0.06736139953136444
6334,6,1,0.09887917339801788
6335,7,1,0.1693272590637207
6336,8,0,0.03343101590871811
6337,2,1,0.07211238145828247
6338,1,1,0.1463436484336853
6339,7,1,0.1863110065460205
6340,2,1,0.22007229924201965
6341,5,1,0.1274266242980957
6342,0,1,0.08646772801876068
6343,8,0,0.03562265634536743
6344,0,1,0.07886992394924164
6345,2,1,0.2446156144142151
6346,7,1,0.1813126504421234
6347,8,0,0.06457306444644928
6348,8,0,0.031602002680301666
6349,3,1,0.033016614615917206
6350,6,1,0.13472792506217957
6351,0,1,0.14888513088226318
6352,2,1,0.25468823313713074
6353,7,1,0.2418089210987091
6354,6,1,0.13156817853450775
6355,6,1,0.11707934737205505
6356,1,1,0.09026667475700378
6357,2,1,0.13174016773700714
6358,8,0,0.027307266369462013
6359,8,0,0.038967836648225784
6360,7,1,0.28888487815856934
6361,7,1,0.1878855973482132
6362,4,1,0.11495056748390198
6363,7,1,0.1475195586681366
6364,7,1,0.19234485924243927
6365,3,1,0.035712797194719315
6366,7,1,0.15230152010917664
6367,4,1,0.14011648297309875
6368,5,1,0.12920668721199036
6369,4,1,0.06680738925933838
6370,3,1,0.13125284016132355
6371,3,1,0.06384474039077759
6372,8,0,0.028471291065216064
6373,4,1,0.12688015401363373
6374,1,1,0.09449127316474915
6375,1,1,0.09013226628303528
6376,9,1,0.07224622368812561
6377,7,1,0.14175447821617126
6378,4,1,0.1508551836013794
6379,3,1,0.06938436627388
6380,7,1,0.22947172820568085
6381,3,1,0.16496829688549042
6382,3,1,0.07862046360969543
6383,0,1,0.03375876322388649
6384,2,1,0.13712897896766663
6385,5,1,0.10538364946842194
6386,5,1,0.0962781235575676
6387,6,1,0.1242985725402832
6388,6,1,0.17497661709785461
6389,3,1,0.042872365564107895
6390,5,1,0.10472363233566284
6391,2,1,0.1464567929506302
6392,5,1,0.0756167322397232
6393,9,1,0.07045905292034149
6394,9,1,0.0708574578166008
6395,8,0,0.036350786685943604
6396,4,1,0.09862587600946426
6397,1,1,0.15419478714466095
6398,0,1,0.025619085878133774
6399,6,1,0.1444033682346344
6400,0,1,0.049279071390628815
6401,9,1,0.08249477297067642
6402,6,1,0.07253288477659225
6403,8,0,0.0605686791241169
6404,8,0,0.03362957388162613
6405,5,1,0.06295090168714523
6406,6,1,0.15356360375881195
6407,1,1,0.10166601091623306
6408,1,1,0.11711569130420685
6409,9,1,0.09142221510410309
6410,8,0,0.017612144351005554
6411,9,1,0.05821896344423294
6412,2,1,0.2084958553314209
6413,3,1,0.14822465181350708
6414,5,1,0.06087776646018028
6415,5,1,0.0550457201898098
6416,9,1,0.11538854241371155
6417,4,1,0.08071520924568176
6418,2,1,0.1327819526195526
6419,1,1,0.10247217118740082
6420,9,1,0.07060939073562622
6421,3,1,0.13467153906822205
6422,9,1,0.07154150307178497
6423,2,1,0.14963139593601227
6424,0,1,0.09239514172077179
6425,6,1,0.10386419296264648
6426,0,1,0.14683562517166138
6427,4,1,0.09590066224336624
6428,0,1,0.10543271899223328
6429,0,1,0.1890309453010559
6430,1,1,0.06506134569644928
6431,2,1,0.07274100929498672
6432,3,1,0.02448590099811554
6433,4,1,0.14822989702224731
6434,7,1,0.037408530712127686
6435,8,0,0.02363251894712448
6436,9,1,0.057092759758234024
6437,0,1,0.11266517639160156
6438,1,1,0.0767250657081604
6439,2,1,0.09477275609970093
6440,3,1,0.08329162001609802
6441,7,1,0.07583774626255035
6442,8,0,0.01978013478219509
6443,9,1,0.07706419378519058
6444,0,1,0.13060900568962097
6445,1,1,0.041857168078422546
6446,2,1,0.051259465515613556
6447,3,1,0.07082579284906387
6448,4,1,0.05324234813451767
6449,7,1,0.0702112466096878
6450,8,0,0.037837304174900055
6451,9,1,0.07176190614700317
6452,7,1,0.06962744146585464
6453,3,1,0.024942835792899132
6454,0,1,0.06300508230924606
6455,3,1,0.05185084044933319
6456,1,1,0.07011763751506805
6457,8,0,0.02488202415406704
6458,7,1,0.038009628653526306
6459,6,1,0.09001987427473068
6460,4,1,0.06007165461778641
6461,0,1,0.09711933881044388
6462,2,1,0.09786037355661392
6463,6,1,0.12300114333629608
6464,8,0,0.030857838690280914
6465,3,1,0.08806486427783966
6466,2,1,0.07015947252511978
6467,8,0,0.01702691614627838
6468,1,1,0.05157914757728577
6469,2,1,0.07372432947158813
6470,0,1,0.033764589577913284
6471,7,1,0.03681971877813339
6472,1,1,0.05373382195830345
6473,0,1,0.043692540377378464
6474,4,1,0.11640648543834686
6475,4,1,0.10544026643037796
6476,5,1,0.058695875108242035
6477,8,0,0.03386468440294266
6478,0,1,0.098474882543087
6479,6,1,0.09727037698030472
6480,2,1,0.11778870224952698
6481,3,1,0.04777546226978302
6482,1,1,0.04571356251835823
6483,5,1,0.1007939800620079
6484,1,1,0.07287751138210297
6485,8,0,0.04123390093445778
6486,5,1,0.08619566261768341
6487,9,1,0.05444920063018799
6488,4,1,0.0977209210395813
6489,0,1,0.0955226868391037
6490,7,1,0.05774302780628204
6491,5,1,0.06749730557203293
6492,8,0,0.025567077100276947
6493,8,0,0.04346079379320145
6494,3,1,0.05319873243570328
6495,8,0,0.042083144187927246
6496,9,1,0.021815795451402664
6497,2,1,0.05627844110131264
6498,6,1,0.1264181137084961
6499,2,1,0.07812294363975525
6500,5,1,0.0882495790719986
6501,3,1,0.027544088661670685
6502,1,1,0.04615984112024307
6503,7,1,0.039697133004665375
6504,3,1,0.04262469708919525
6505,9,1,0.10256911814212799
6506,1,1,0.08477365225553513
6507,9,1,0.04046822339296341
6508,9,1,0.1080935001373291
6509,6,1,0.09079170227050781
6510,0,1,0.1644376963376999
6511,3,1,0.07724392414093018
6512,9,1,0.04699765890836716
6513,2,1,0.06885930895805359
6514,8,0,0.029447492212057114
6515,1,1,0.04335185885429382
6516,4,1,0.11374793946743011
6517,3,1,0.10948628187179565
6518,5,1,0.1129322350025177
6519,2,1,0.09578362107276917
6520,9,1,0.02950522117316723
6521,2,1,0.08574256300926208
6522,5,1,0.12597504258155823
6523,8,0,0.027856837958097458
6524,9,1,0.05792845040559769
6525,5,1,0.1027626097202301
6526,0,1,0.15935495495796204
6527,1,1,0.07566165924072266
6528,2,1,0.3076426386833191
6529,4,1,0.16277828812599182
6530,5,1,0.03157028555870056
6531,6,1,0.4149894714355469
6532,0,1,0.31902870535850525
6533,1,1,0.07288136333227158
6534,2,1,0.09936583787202835
6535,3,1,0.06666366755962372
6536,4,1,0.10978667438030243
6537,5,1,0.08414915204048157
6538,6,1,0.11851456761360168
6539,7,1,0.11006364971399307
6540,1,1,0.11914042383432388
6541,2,1,0.12264468520879745
6542,3,1,0.10237409174442291
6543,4,1,0.16214270889759064
6544,5,1,0.054305654019117355
6545,1,1,0.058494918048381805
6546,0,1,0.17766335606575012
6547,4,1,0.15516096353530884
6548,5,1,0.08150456845760345
6549,6,1,0.14544937014579773
6550,6,1,0.15145243704319
6551,3,1,0.08809293806552887
6552,4,1,0.11030182242393494
6553,4,1,0.06178601086139679
6554,2,1,0.2254612147808075
6555,8,0,0.055963680148124695
6556,1,1,0.10967527329921722
6557,0,1,0.2135203778743744
6558,6,1,0.1585155725479126
6559,4,1,0.15621674060821533
6560,9,1,0.13606175780296326
6561,7,1,0.0696784257888794
6562,2,1,0.20574837923049927
6563,3,1,0.17128588259220123
6564,3,1,0.17302054166793823
6565,9,1,0.036420952528715134
6566,2,1,0.21894001960754395
6567,0,1,0.14910881221294403
6568,9,1,0.06145172193646431
6569,3,1,0.0585034042596817
6570,3,1,0.1242317482829094
6571,9,1,0.08261658251285553
6572,1,1,0.24787333607673645
6573,5,1,0.10775905847549438
6574,2,1,0.4041512608528137
6575,3,1,0.065503790974617
6576,7,1,0.5097007751464844
6577,7,1,0.1607905626296997
6578,8,0,0.10256004333496094
6579,4,1,0.15906712412834167
6580,0,1,0.327057421207428
6581,2,1,0.33778756856918335
6582,4,1,0.13274019956588745
6583,0,1,0.09863446652889252
6584,2,1,0.14953762292861938
6585,4,1,0.23871545493602753
6586,7,1,0.12083396315574646
6587,8,0,0.024555116891860962
6588,0,1,0.05765904113650322
6589,7,1,0.10498365759849548
6590,0,1,0.3972613215446472
6591,6,1,0.34831690788269043
6592,9,1,0.08314846456050873
6593,3,1,0.11151960492134094
6594,2,1,0.18942217528820038
6595,8,0,0.029652640223503113
6596,6,1,0.2227734625339508
6597,0,1,0.11097162961959839
6598,5,1,0.12598000466823578
6599,7,1,0.09885202348232269
6600,5,1,0.22057853639125824
6601,1,1,0.05356684327125549
6602,0,1,0.09285441786050797
6603,8,0,0.046446021646261215
6604,1,1,0.08294665068387985
6605,6,1,0.1599249243736267
6606,7,1,0.11225476861000061
6607,2,1,0.21620619297027588
6608,9,1,0.08096015453338623
6609,7,1,0.18282103538513184
6610,9,1,0.059286169707775116
6611,5,1,0.14949935674667358
6612,8,0,0.029113644734025
6613,6,1,0.25840118527412415
6614,2,1,0.22968073189258575
6615,6,1,0.14650633931159973
6616,2,1,0.1578102856874466
6617,8,0,0.04832892864942551
6618,1,1,0.06815123558044434
6619,7,1,0.08065949380397797
6620,5,1,0.10724690556526184
6621,0,1,0.08433431386947632
6622,1,1,0.11287008225917816
6623,1,1,0.10243281722068787
6624,3,1,0.04956066608428955
6625,8,0,0.12133384495973587
6626,4,1,0.10601844638586044
6627,9,1,0.0400097519159317
6628,1,1,0.11697286367416382
6629,8,0,0.05909784883260727
6630,6,1,0.1159287691116333
6631,8,0,0.051489099860191345
6632,9,1,0.10624264180660248
6633,0,1,0.036328162997961044
6634,1,1,0.07115910202264786
6635,2,1,0.047863949090242386
6636,3,1,0.06491418182849884
6637,4,1,0.19976806640625
6638,5,1,0.18942569196224213
6639,6,1,0.06874122470617294
6640,7,1,0.06915118545293808
6641,8,0,0.03966788575053215
6642,9,1,0.050710298120975494
6643,0,1,0.06138206273317337
6644,1,1,0.08751453459262848
6645,2,1,0.08337724208831787
6646,3,1,0.1240987777709961
6647,4,1,0.05215676873922348
6648,7,1,0.10623374581336975
6649,8,0,0.03648088127374649
6650,9,1,0.08175593614578247
6651,0,1,0.1804862767457962
6652,1,1,0.14103107154369354
6653,7,1,0.10041795670986176
6654,8,0,0.11420021951198578
6655,9,1,0.10595786571502686
6656,9,1,0.05980933457612991
6657,8,0,0.10202689468860626
6658,9,1,0.04959791898727417
6659,8,0,0.05888547748327255
6660,4,1,0.24386782944202423
6661,1,1,0.14025326073169708
6662,7,1,0.3766801357269287
6663,7,1,0.12289055436849594
6664,3,1,0.06315620243549347
6665,3,1,0.09991809725761414
6666,7,1,0.08187493681907654
6667,6,1,0.13070210814476013
6668,6,1,0.16013075411319733
6669,6,1,0.16853684186935425
6670,1,1,0.06879264861345291
6671,9,1,0.04541025310754776
6672,0,1,0.08793757855892181
6673,1,1,0.12142132222652435
6674,7,1,0.06726871430873871
6675,6,1,0.10617808997631073
6676,3,1,0.15675088763237
6677,2,1,0.1269136667251587
6678,1,1,0.06966669857501984
6679,7,1,0.08717623353004456
6680,1,1,0.06587906181812286
6681,3,1,0.12461499124765396
6682,9,1,0.0364462174475193
6683,1,1,0.05256037414073944
6684,7,1,0.13472214341163635
6685,6,1,0.1224498450756073
6686,8,0,0.08807353675365448
6687,4,1,0.17750298976898193
6688,1,1,0.15942487120628357
6689,4,1,0.1897166222333908
6690,3,1,0.14856146275997162
6691,6,1,0.13956382870674133
6692,9,1,0.11790404468774796
6693,6,1,0.07906623184680939
6694,1,1,0.17272183299064636
6695,4,1,0.08583495020866394
6696,4,1,0.11417340487241745
6697,7,1,0.08622072637081146
6698,2,1,0.1590409278869629
6699,4,1,0.10040365159511566
6700,4,1,0.1802751123905182
6701,0,1,0.07606722414493561
6702,1,1,0.08294099569320679
6703,2,1,0.08101178705692291
6704,3,1,0.023459719493985176
6705,4,1,0.103406623005867
6706,5,1,0.14482328295707703
6707,6,1,0.10594289004802704
6708,7,1,0.06919291615486145
6709,8,0,0.038567546755075455
6710,9,1,0.03992437571287155
6711,0,1,0.07341897487640381
6712,1,1,0.053926244378089905
6713,2,1,0.09938670694828033
6714,3,1,0.06824082136154175
6715,4,1,0.055243074893951416
6716,5,1,0.1384086161851883
6717,6,1,0.09900201857089996
6718,9,1,0.04187072813510895
6719,0,1,0.12994766235351562
6720,1,1,0.03969133645296097
6721,2,1,0.1318560540676117
6722,3,1,0.07018473744392395
6723,4,1,0.13498659431934357
6724,7,1,0.056612059473991394
6725,8,0,0.059552520513534546
6726,1,1,0.06349629163742065
6727,3,1,0.03591686114668846
6728,5,1,0.09360586106777191
6729,1,1,0.05878834426403046
6730,7,1,0.05541131645441055
6731,7,1,0.09762351214885712
6732,2,1,0.12224313616752625
6733,1,1,0.05429558828473091
6734,4,1,0.10310836136341095
6735,8,0,0.0554281622171402
6736,3,1,0.11074573546648026
6737,4,1,0.0598432719707489
6738,4,1,0.11717343330383301
6739,3,1,0.061269719153642654
6740,9,1,0.0636727586388588
6741,7,1,0.11068020761013031
6742,4,1,0.1001913994550705
6743,1,1,0.13017834722995758
6744,2,1,0.1514439880847931
6745,3,1,0.06592907011508942
6746,5,1,0.1971803605556488
6747,9,1,0.02726839855313301
6748,1,1,0.04385707527399063
6749,6,1,0.050642676651477814
6750,0,1,0.05527994781732559
6751,1,1,0.09070176631212234
6752,0,1,0.05938936024904251
6753,0,1,0.09243930876255035
6754,2,1,0.07975158095359802
6755,8,0,0.06771291047334671
6756,7,1,0.1278185099363327
6757,1,1,0.049046263098716736
6758,1,1,0.07736706733703613
6759,4,1,0.07783784717321396
6760,0,1,0.08118277788162231
6761,4,1,0.06061665713787079
6762,7,1,0.07856501638889313
6763,3,1,0.06477686017751694
6764,6,1,0.138858363032341
6765,8,0,0.07924962043762207
6766,0,1,0.0399056077003479
6767,3,1,0.03544797748327255
6768,7,1,0.12888364493846893
6769,4,1,0.11390291154384613
6770,0,1,0.12283524125814438
6771,6,1,0.05661778897047043
6772,9,1,0.04076504334807396
6773,2,1,0.1127171516418457
6774,6,1,0.11235687136650085
6775,5,1,0.22114601731300354
6776,8,0,0.045125801116228104
6777,6,1,0.07608302682638168
6778,9,1,0.03479231148958206
6779,0,1,0.034123893827199936
6780,4,1,0.08167577534914017
6781,0,1,0.08413170278072357
6782,6,1,0.069230817258358
6783,1,1,0.04526006057858467
6784,9,1,0.05209919065237045
6785,2,1,0.2922482192516327
6786,0,1,0.05329566448926926
6787,9,1,0.038518913090229034
6788,5,1,0.1891006976366043
6789,1,1,0.06263158470392227
6790,3,1,0.1742052435874939
6791,7,1,0.05754265561699867
6792,6,1,0.04967367649078369
6793,9,1,0.05099330469965935
6794,3,1,0.08300667256116867
6795,0,1,0.05310060456395149
6796,2,1,0.0959387943148613
6797,2,1,0.08756723254919052
6798,0,1,0.12353721261024475
6799,1,1,0.09168536961078644
6800,2,1,0.514140784740448
6801,3,1,0.15876151621341705
6802,4,1,0.1000911071896553
6803,5,1,0.1460796594619751
6804,6,1,0.13853344321250916
6805,7,1,0.1707477569580078
6806,8,0,0.04031970351934433
6807,9,1,0.11190363764762878
6808,0,1,0.08434519171714783
6809,1,1,0.16694268584251404
6810,2,1,0.5669987201690674
6811,3,1,0.1177506148815155
6812,4,1,0.0880032405257225
6813,5,1,0.06223362684249878
6814,6,1,0.24907425045967102
6815,7,1,0.1631377935409546
6816,8,0,0.04708342254161835
6817,9,1,0.12431149929761887
6818,0,1,0.02961079031229019
6819,1,1,0.12105870246887207
6820,2,1,0.20488472282886505
6821,3,1,0.24401229619979858
6822,4,1,0.07755092531442642
6823,5,1,0.05964675173163414
6824,6,1,0.09223652631044388
6825,7,1,0.12962904572486877
6826,8,0,0.02431679144501686
6827,9,1,0.10866837203502655
6828,2,1,0.2845045030117035
6829,1,1,0.10831703245639801
6830,7,1,0.18291741609573364
6831,2,1,0.25403261184692383
6832,5,1,0.06176041439175606
6833,0,1,0.11838846653699875
6834,8,0,0.03033652901649475
6835,0,1,0.17017142474651337
6836,2,1,0.3058750629425049
6837,7,1,0.09231545776128769
6838,8,0,0.026724277064204216
6839,8,0,0.02925918810069561
6840,3,1,0.16774916648864746
6841,0,1,0.06262229382991791
6842,6,1,0.10250893980264664
6843,0,1,0.036567024886608124
6844,2,1,0.41082125902175903
6845,7,1,0.18012480437755585
6846,6,1,0.19505417346954346
6847,6,1,0.16768598556518555
6848,1,1,0.13426437973976135
6849,2,1,0.45040494203567505
6850,8,0,0.036381907761096954
6851,8,0,0.036334577947854996
6852,7,1,0.1549852341413498
6853,7,1,0.1297479271888733
6854,4,1,0.16869133710861206
6855,7,1,0.15106193721294403
6856,7,1,0.1692071408033371
6857,3,1,0.05629807710647583
6858,7,1,0.17926308512687683
6859,4,1,0.0980958491563797
6860,5,1,0.0868130698800087
6861,4,1,0.09308897703886032
6862,3,1,0.10951022803783417
6863,3,1,0.11737076193094254
6864,8,0,0.0358797125518322
6865,4,1,0.11110430210828781
6866,5,1,0.08026718348264694
6867,4,1,0.06001875177025795
6868,1,1,0.06107032299041748
6869,1,1,0.13792550563812256
6870,9,1,0.14512889087200165
6871,7,1,0.1614145040512085
6872,4,1,0.10716003179550171
6873,3,1,0.06833082437515259
6874,7,1,0.16452465951442719
6875,3,1,0.05398032069206238
6876,3,1,0.16884981095790863
6877,0,1,0.03394392132759094
6878,2,1,0.24600674211978912
6879,5,1,0.042073220014572144
6880,5,1,0.06508052349090576
6881,6,1,0.11209198832511902
6882,3,1,0.1198948323726654
6883,1,1,0.06282271444797516
6884,5,1,0.07088848203420639
6885,2,1,0.20500800013542175
6886,5,1,0.05504225566983223
6887,9,1,0.10664398968219757
6888,9,1,0.09070324897766113
6889,8,0,0.02806553617119789
6890,4,1,0.09889671206474304
6891,1,1,0.1876450777053833
6892,0,1,0.09066759049892426
6893,6,1,0.16955196857452393
6894,0,1,0.030094273388385773
6895,9,1,0.12021026760339737
6896,6,1,0.13739384710788727
6897,8,0,0.04175805673003197
6898,8,0,0.05711644887924194
6899,5,1,0.03148734197020531
6900,6,1,0.1173996776342392
6901,1,1,0.17780333757400513
6902,1,1,0.15156278014183044
6903,9,1,0.08951416611671448
6904,8,0,0.03940494358539581
6905,9,1,0.09344133734703064
6906,2,1,0.3961947560310364
6907,3,1,0.10789484530687332
6908,5,1,0.06308613717556
6909,5,1,0.059378862380981445
6910,9,1,0.1487272083759308
6911,4,1,0.1643778681755066
6912,2,1,0.16067485511302948
6913,1,1,0.14196087419986725
6914,9,1,0.1015540361404419
6915,4,1,0.14282441139221191
6916,9,1,0.07790947705507278
6917,1,1,0.1108730286359787
6918,3,1,0.10605594515800476
6919,9,1,0.15137694776058197
6920,2,1,0.2565428912639618
6921,0,1,0.09924318641424179
6922,6,1,0.09152340888977051
6923,0,1,0.06691780686378479
6924,4,1,0.12308024615049362
6925,0,1,0.028324821963906288
6926,6,1,0.30303192138671875
6927,0,1,0.03823540732264519
6928,1,1,0.06782309710979462
6929,2,1,0.20753152668476105
6930,3,1,0.05731603130698204
6931,4,1,0.06690720468759537
6932,5,1,0.07578913867473602
6933,6,1,0.12449085712432861
6934,7,1,0.06413188576698303
6935,8,0,0.021961048245429993
6936,9,1,0.062002286314964294
6937,0,1,0.06429853290319443
6938,1,1,0.08937745541334152
6939,2,1,0.05224230885505676
6940,3,1,0.07729656994342804
6941,4,1,0.07169929146766663
6942,5,1,0.04272753372788429
6943,6,1,0.07783320546150208
6944,7,1,0.07898034155368805
6945,8,0,0.034578148275613785
6946,9,1,0.047800447791814804
6947,0,1,0.10348857194185257
6948,1,1,0.06703649461269379
6949,2,1,0.0826425850391388
6950,3,1,0.08531979471445084
6951,4,1,0.06373882293701172
6952,5,1,0.06279152631759644
6953,6,1,0.09954854100942612
6954,7,1,0.07283463329076767
6955,8,0,0.030882703140378
6956,9,1,0.04359586536884308
6957,3,1,0.06634235382080078
6958,8,0,0.02233562432229519
6959,0,1,0.04718625172972679
6960,7,1,0.09740227460861206
6961,1,1,0.09092338383197784
6962,0,1,0.0606992207467556
6963,7,1,0.06295040249824524
6964,5,1,0.08319142460823059
6965,5,1,0.06609917432069778
6966,6,1,0.05615407973527908
6967,9,1,0.023654771968722343
6968,0,1,0.04940151423215866
6969,1,1,0.06152000278234482
6970,0,1,0.05087310075759888
6971,0,1,0.04288143664598465
6972,8,0,0.020873675122857094
6973,3,1,0.10643501579761505
6974,4,1,0.09030262380838394
6975,3,1,0.08480268716812134
6976,1,1,0.08993621170520782
6977,5,1,0.03151960298418999
6978,0,1,0.03869464993476868
6979,0,1,0.042271435260772705
6980,9,1,0.04830058291554451
6981,5,1,0.05031866952776909
6982,3,1,0.03590809553861618
6983,4,1,0.09317955374717712
6984,9,1,0.037153586745262146
6985,3,1,0.06372229009866714
6986,7,1,0.09164465963840485
6987,6,1,0.06685110926628113
6988,9,1,0.07106681168079376
6989,2,1,0.10506404936313629
6990,4,1,0.06744442880153656
6991,5,1,0.07110399007797241
6992,7,1,0.0619339793920517
6993,2,1,0.15664362907409668
6994,6,1,0.06859248876571655
6995,4,1,0.07921967655420303
6996,9,1,0.05615973845124245
6997,4,1,0.0522213950753212
6998,9,1,0.04539869725704193
6999,4,1,0.058193694800138474
7000,1,1,0.1208457425236702
7001,2,1,0.04193243011832237
7002,2,1,0.06039631366729736
7003,5,1,0.0562954805791378
7004,8,0,0.0232420414686203
7005,1,1,0.06207454204559326
7006,3,1,0.06899122148752213
7007,2,1,0.06991983950138092
7008,9,1,0.061083730310201645
7009,4,1,0.06347359716892242
7010,3,1,0.059330716729164124
7011,8,0,0.01884164661169052
7012,2,1,0.04021381586790085
7013,2,1,0.08083603531122208
7014,1,1,0.07600948959589005
7015,2,1,0.14182059466838837
7016,8,0,0.030476858839392662
7017,6,1,0.14078721404075623
7018,5,1,0.051864590495824814
7019,1,1,0.0958174541592598
7020,6,1,0.10739274322986603
7021,7,1,0.04186578840017319
7022,2,1,0.09642334282398224
7023,1,1,0.08455939590930939
7024,3,1,0.0693044364452362
7025,9,1,0.05592818558216095
7026,3,1,0.07953296601772308
7027,8,0,0.05376284942030907
7028,7,1,0.14685484766960144
7029,5,1,0.08796755224466324
7030,7,1,0.0821341797709465
7031,0,1,0.0815834254026413
7032,7,1,0.08373154699802399
7033,4,1,0.06096427142620087
7034,8,0,0.02733762562274933
7035,8,0,0.05015193670988083
7036,5,1,0.06137615814805031
7037,0,1,0.09639503061771393
7038,6,1,0.10441382974386215
7039,6,1,0.09660685062408447
7040,3,1,0.07163601368665695
7041,7,1,0.1010809987783432
7042,6,1,0.10259987413883209
7043,9,1,0.06457047164440155
7044,9,1,0.059520017355680466
7045,4,1,0.06556771695613861
7046,8,0,0.022878246381878853
7047,4,1,0.04103851318359375
7048,1,1,0.06453579664230347
7049,0,1,0.09234681725502014
7050,6,1,0.04932447522878647
7051,6,1,0.09907926619052887
7052,0,1,0.07802288234233856
7053,1,1,0.041615329682826996
7054,2,1,0.07943497598171234
7055,3,1,0.09510962665081024
7056,4,1,0.12309370189905167
7057,5,1,0.05793335288763046
7058,6,1,0.11213503032922745
7059,7,1,0.09029880166053772
7060,8,0,0.024965612217783928
7061,9,1,0.0596994087100029
7062,0,1,0.09226791560649872
7063,1,1,0.07123254239559174
7064,2,1,0.10936975479125977
7065,3,1,0.06595198065042496
7066,4,1,0.1084887683391571
7067,5,1,0.040581680834293365
7068,6,1,0.08456902205944061
7069,7,1,0.05219406634569168
7070,8,0,0.03357071056962013
7071,9,1,0.0930943638086319
7072,0,1,0.12500835955142975
7073,1,1,0.0869779959321022
7074,2,1,0.06630167365074158
7075,3,1,0.046929292380809784
7076,4,1,0.056761935353279114
7077,5,1,0.053113214671611786
7078,6,1,0.1334279179573059
7079,7,1,0.055250104516744614
7080,8,0,0.02158929407596588
7081,9,1,0.03533705696463585
7082,7,1,0.13391023874282837
7083,4,1,0.06655338406562805
7084,0,1,0.02824607491493225
7085,4,1,0.08628346025943756
7086,0,1,0.04349404200911522
7087,1,1,0.1247844398021698
7088,7,1,0.07123246788978577
7089,9,1,0.057028088718652725
7090,5,1,0.15386201441287994
7091,1,1,0.051874808967113495
7092,4,1,0.11832533776760101
7093,2,1,0.0460408478975296
7094,8,0,0.022615764290094376
7095,9,1,0.02772732451558113
7096,4,1,0.10077609866857529
7097,3,1,0.08336903154850006
7098,7,1,0.03951697796583176
7099,8,0,0.026811474934220314
7100,2,1,0.08442386239767075
7101,4,1,0.08579672873020172
7102,4,1,0.03592482954263687
7103,3,1,0.05275953561067581
7104,3,1,0.040254104882478714
7105,6,1,0.06944101303815842
7106,9,1,0.02928496152162552
7107,9,1,0.054861828684806824
7108,5,1,0.08577807992696762
7109,8,0,0.022400474175810814
7110,6,1,0.08554302901029587
7111,7,1,0.10054013133049011
7112,0,1,0.050596997141838074
7113,6,1,0.10415945947170258
7114,8,0,0.016416922211647034
7115,2,1,0.11709177494049072
7116,6,1,0.1151663213968277
7117,3,1,0.1814977377653122
7118,9,1,0.03207768127322197
7119,3,1,0.08993940055370331
7120,2,1,0.08706294000148773
7121,8,0,0.02333531156182289
7122,6,1,0.08226856589317322
7123,1,1,0.04974209889769554
7124,7,1,0.053610458970069885
7125,4,1,0.06442385166883469
7126,8,0,0.01991516537964344
7127,8,0,0.024606648832559586
7128,9,1,0.0403486005961895
7129,0,1,0.05259373411536217
7130,3,1,0.057147979736328125
7131,3,1,0.07232089340686798
7132,9,1,0.03439361974596977
7133,0,1,0.03959537297487259
7134,5,1,0.07489563524723053
7135,2,1,0.08186161518096924
7136,9,1,0.019830549135804176
7137,4,1,0.07578218728303909
7138,1,1,0.08909936249256134
7139,0,1,0.0451832115650177
7140,3,1,0.09084326028823853
7141,7,1,0.06035604700446129
7142,5,1,0.09270472824573517
7143,8,0,0.04271990805864334
7144,7,1,0.0845298022031784
7145,7,1,0.08555546402931213
7146,8,0,0.02587631531059742
7147,2,1,0.027806680649518967
7148,9,1,0.04873739555478096
7149,7,1,0.07525675743818283
7150,1,1,0.048011552542448044
7151,2,1,0.06482797861099243
7152,6,1,0.07669979333877563
7153,4,1,0.06481189280748367
7154,2,1,0.08030766248703003
7155,5,1,0.06656602025032043
7156,2,1,0.10023553669452667
7157,3,1,0.12018156051635742
7158,6,1,0.08119283616542816
7159,6,1,0.10922425985336304
7160,5,1,0.06863945722579956
7161,0,1,0.03319136053323746
7162,0,1,0.031124992296099663
7163,2,1,0.05307310074567795
7164,8,0,0.0143224336206913
7165,1,1,0.04515884444117546
7166,6,1,0.08012734353542328
7167,1,1,0.06869027018547058
7168,0,1,0.028802191838622093
7169,4,1,0.06281261891126633
7170,3,1,0.07204532623291016
7171,1,1,0.042010411620140076
7172,6,1,0.08465572446584702
7173,1,1,0.06851354986429214
7174,9,1,0.018492890521883965
7175,0,1,0.4206269383430481
7176,1,1,0.15163001418113708
7177,4,1,0.07705838978290558
7178,5,1,0.17856037616729736
7179,6,1,0.0750502496957779
7180,7,1,0.15449102222919464
7181,8,0,0.08254571259021759
7182,9,1,0.12699221074581146
7183,1,1,0.18634361028671265
7184,2,1,0.1217440515756607
7185,3,1,0.10364159941673279
7186,4,1,0.04593905434012413
7187,5,1,0.07846889644861221
7188,6,1,0.1412700116634369
7189,7,1,0.07343275845050812
7190,0,1,0.2879745364189148
7191,1,1,0.09417588263750076
7192,2,1,0.14872494339942932
7193,3,1,0.27312248945236206
7194,4,1,0.07774034887552261
7195,5,1,0.15540096163749695
7196,6,1,0.1711839735507965
7197,7,1,0.1460096836090088
7198,8,0,0.04102819412946701
7199,9,1,0.06021320819854736
7200,8,0,0.019764024764299393
7201,4,1,0.06110005080699921
7202,0,1,0.27333009243011475
7203,0,1,0.07541853189468384
7204,7,1,0.06877370178699493
7205,2,1,0.1308078020811081
7206,4,1,0.0941125750541687
7207,3,1,0.1596449911594391
7208,8,0,0.08661399781703949
7209,6,1,0.10262376070022583
7210,6,1,0.04607308283448219
7211,3,1,0.10693049430847168
7212,2,1,0.1300959289073944
7213,6,1,0.12622272968292236
7214,3,1,0.1204579770565033
7215,3,1,0.10826114565134048
7216,0,1,0.11731275916099548
7217,1,1,0.1018412709236145
7218,4,1,0.12281639873981476
7219,7,1,0.08439929783344269
7220,8,0,0.06378499418497086
7221,0,1,0.1018865555524826
7222,3,1,0.1550057828426361
7223,1,1,0.08444913476705551
7224,9,1,0.055168524384498596
7225,0,1,0.14042524993419647
7226,1,1,0.07895439863204956
7227,9,1,0.03254944831132889
7228,1,1,0.07102181017398834
7229,2,1,0.09457145631313324
7230,7,1,0.11125683784484863
7231,0,1,0.08637924492359161
7232,1,1,0.07753825932741165
7233,3,1,0.08313256502151489
7234,8,0,0.040664587169885635
7235,2,1,0.1486331820487976
7236,9,1,0.03511835262179375
7237,2,1,0.08412359654903412
7238,7,1,0.12294599413871765
7239,6,1,0.1312195509672165
7240,5,1,0.12373029440641403
7241,5,1,0.22845982015132904
7242,9,1,0.035599302500486374
7243,9,1,0.037619732320308685
7244,8,0,0.03600972890853882
7245,2,1,0.10904708504676819
7246,9,1,0.05076238885521889
7247,1,1,0.1020219624042511
7248,3,1,0.10092362761497498
7249,2,1,0.09435319900512695
7250,3,1,0.12010830640792847
7251,4,1,0.14183199405670166
7252,3,1,0.08619911968708038
7253,1,1,0.1006193682551384
7254,9,1,0.03784500062465668
7255,0,1,0.06459401547908783
7256,9,1,0.04766127094626427
7257,3,1,0.17376670241355896
7258,6,1,0.07305677235126495
7259,8,0,0.04403167963027954
7260,7,1,0.05216560512781143
7261,0,1,0.07689807564020157
7262,1,1,0.09625244140625
7263,0,1,0.05771302804350853
7264,5,1,0.06928761303424835
7265,8,0,0.07822006940841675
7266,2,1,0.07935544103384018
7267,7,1,0.043893419206142426
7268,7,1,0.050464265048503876
7269,0,1,0.061677977442741394
7270,1,1,0.164352685213089
7271,2,1,0.08413638174533844
7272,3,1,0.028242234140634537
7273,4,1,0.07034332305192947
7274,5,1,0.03513125702738762
7275,6,1,0.08331127464771271
7276,7,1,0.04815369099378586
7277,8,0,0.024454573169350624
7278,9,1,0.07371743023395538
7279,0,1,0.0909283310174942
7280,1,1,0.14115512371063232
7281,2,1,0.10391083359718323
7282,3,1,0.024175725877285004
7283,4,1,0.0692175030708313
7284,5,1,0.02704446017742157
7285,6,1,0.07055750489234924
7286,7,1,0.06949138641357422
7287,8,0,0.01892247423529625
7288,9,1,0.08083320409059525
7289,0,1,0.06090918183326721
7290,1,1,0.08032070100307465
7291,2,1,0.04481426626443863
7292,3,1,0.028487874194979668
7293,4,1,0.0932031199336052
7294,5,1,0.03726210072636604
7295,6,1,0.12691299617290497
7296,7,1,0.0625242069363594
7297,8,0,0.023581624031066895
7298,9,1,0.08628030121326447
7299,1,1,0.07962523400783539
7300,7,1,0.1003413200378418
7301,4,1,0.1224108338356018
7302,8,0,0.023169809952378273
7303,1,1,0.1038701981306076
7304,5,1,0.04410969465970993
7305,6,1,0.11461867392063141
7306,5,1,0.03304196894168854
7307,7,1,0.08876805007457733
7308,2,1,0.1321314573287964
7309,8,0,0.024960704147815704
7310,6,1,0.06623531877994537
7311,3,1,0.03372436761856079
7312,3,1,0.044162023812532425
7313,8,0,0.015989849343895912
7314,6,1,0.10023671388626099
7315,5,1,0.03655525669455528
7316,4,1,0.0448240265250206
7317,0,1,0.048766471445560455
7318,9,1,0.06038229539990425
7319,1,1,0.05256422236561775
7320,7,1,0.043207064270973206
7321,2,1,0.07036571204662323
7322,9,1,0.06266632676124573
7323,1,1,0.1321934163570404
7324,5,1,0.020994069054722786
7325,1,1,0.09845595061779022
7326,3,1,0.08555175364017487
7327,2,1,0.10323762893676758
7328,2,1,0.0886436328291893
7329,3,1,0.048238422721624374
7330,0,1,0.04441586136817932
7331,6,1,0.07376520335674286
7332,4,1,0.05467682331800461
7333,3,1,0.02419326826930046
7334,7,1,0.055498573929071426
7335,6,1,0.08404786884784698
7336,9,1,0.04762431979179382
7337,0,1,0.029994964599609375
7338,4,1,0.06899483501911163
7339,8,0,0.017373129725456238
7340,1,1,0.1217205822467804
7341,4,1,0.07249189913272858
7342,0,1,0.033060647547245026
7343,6,1,0.1067916601896286
7344,1,1,0.06476887315511703
7345,2,1,0.035451386123895645
7346,6,1,0.1063905581831932
7347,9,1,0.06407646834850311
7348,2,1,0.056341856718063354
7349,2,1,0.05962122976779938
7350,3,1,0.03314446657896042
7351,5,1,0.041373975574970245
7352,5,1,0.03273766487836838
7353,1,1,0.06105716526508331
7354,0,1,0.05717877298593521
7355,7,1,0.03722328320145607
7356,7,1,0.04677300155162811
7357,9,1,0.02722061797976494
7358,6,1,0.10690708458423615
7359,2,1,0.07179343700408936
7360,9,1,0.055939510464668274
7361,4,1,0.044521115720272064
7362,7,1,0.06914311647415161
7363,0,1,0.0578266941010952
7364,2,1,0.12671490013599396
7365,3,1,0.02347719669342041
7366,4,1,0.03000345639884472
7367,0,1,0.05295085161924362
7368,0,1,0.027991890907287598
7369,8,0,0.017066288739442825
7370,8,0,0.030234988778829575
7371,8,0,0.02501712366938591
7372,5,1,0.06849773228168488
7373,1,1,0.06899397820234299
7374,3,1,0.035313695669174194
7375,7,1,0.07772134244441986
7376,4,1,0.04697372019290924
7377,9,1,0.027231913059949875
7378,8,0,0.017607789486646652
7379,8,0,0.022338401526212692
7380,9,1,0.04316123202443123
7381,0,1,0.04741021245718002
7382,9,1,0.051471784710884094
7383,8,0,0.020045820623636246
7384,9,1,0.044398948550224304
7385,0,1,0.037489306181669235
7386,2,1,0.04804220050573349
7387,6,1,0.07665888965129852
7388,5,1,0.037939198315143585
7389,6,1,0.11232481896877289
7390,7,1,0.07183083891868591
7391,4,1,0.035660549998283386
7392,7,1,0.03781931847333908
7393,5,1,0.06407362222671509
7394,4,1,0.07258917391300201
7395,1,1,0.047133564949035645
7396,3,1,0.03165847808122635
7397,5,1,0.0360560417175293
7398,3,1,0.07841649651527405
7399,1,1,0.05175743252038956
7400,2,1,0.17705115675926208
7401,3,1,0.2126156985759735
7402,4,1,0.15095233917236328
7403,5,1,0.06708812713623047
7404,6,1,0.07741301506757736
7405,1,1,0.0503665953874588
7406,2,1,0.09181669354438782
7407,3,1,0.16159996390342712
7408,4,1,0.085299551486969
7409,6,1,0.10375814884901047
7410,0,1,0.2946701645851135
7411,1,1,0.0554332509636879
7412,2,1,0.19760523736476898
7413,4,1,0.13149328529834747
7414,5,1,0.055968884378671646
7415,6,1,0.10216724872589111
7416,7,1,0.13180819153785706
7417,8,0,0.06017490476369858
7418,1,1,0.07207249104976654
7419,7,1,0.07318443059921265
7420,2,1,0.1426391452550888
7421,4,1,0.08745385706424713
7422,1,1,0.1190192699432373
7423,4,1,0.06031137704849243
7424,1,1,0.05718027427792549
7425,4,1,0.09208649396896362
7426,9,1,0.04731466621160507
7427,6,1,0.10304651409387589
7428,8,0,0.03195717930793762
7429,4,1,0.08444782346487045
7430,5,1,0.08143118768930435
7431,3,1,0.10494775325059891
7432,7,1,0.22507944703102112
7433,8,0,0.04338928312063217
7434,4,1,0.09501489996910095
7435,3,1,0.10211139917373657
7436,3,1,0.04872933775186539
7437,5,1,0.104929618537426
7438,6,1,0.07602919638156891
7439,7,1,0.1210683137178421
7440,0,1,0.06788839399814606
7441,6,1,0.07875595986843109
7442,1,1,0.05212109535932541
7443,6,1,0.09820280969142914
7444,8,0,0.08936689794063568
7445,7,1,0.1552111804485321
7446,0,1,0.35211867094039917
7447,1,1,0.20166006684303284
7448,5,1,0.09686165302991867
7449,0,1,0.04248734563589096
7450,8,0,0.06803159415721893
7451,5,1,0.20783047378063202
7452,0,1,0.19373980164527893
7453,1,1,0.05739566683769226
7454,5,1,0.20821809768676758
7455,8,0,0.03380873426795006
7456,4,1,0.05430585891008377
7457,2,1,0.05147206038236618
7458,3,1,0.0755574181675911
7459,9,1,0.06512746214866638
7460,7,1,0.07807666063308716
7461,6,1,0.13797041773796082
7462,9,1,0.08308330178260803
7463,1,1,0.15123805403709412
7464,9,1,0.046603716909885406
7465,0,1,0.05529899522662163
7466,6,1,0.15520986914634705
7467,7,1,0.11736774444580078
7468,1,1,0.14681240916252136
7469,2,1,0.12877145409584045
7470,3,1,0.17742784321308136
7471,9,1,0.11399567127227783
7472,2,1,0.24090957641601562
7473,4,1,0.10368062555789948
7474,5,1,0.08262309432029724
7475,5,1,0.07650482654571533
7476,3,1,0.07472249120473862
7477,7,1,0.07868419587612152
7478,5,1,0.04164062440395355
7479,3,1,0.0579223558306694
7480,1,1,0.07656925916671753
7481,8,0,0.08891205489635468
7482,2,1,0.10563237965106964
7483,2,1,0.10035301744937897
7484,3,1,0.10175351798534393
7485,0,1,0.10647784173488617
7486,2,1,0.11726558953523636
7487,9,1,0.04783271998167038
7488,4,1,0.07987502217292786
7489,9,1,0.058779723942279816
7490,7,1,0.14724195003509521
7491,0,1,0.06211794912815094
7492,2,1,0.07311782985925674
7493,7,1,0.049122005701065063
7494,4,1,0.05998149514198303
7495,9,1,0.0676126703619957
7496,9,1,0.07159958779811859
7497,2,1,0.09598685055971146
7498,5,1,0.11931756138801575
7499,9,1,0.050337545573711395
7500,8,0,0.037884313613176346
7501,3,1,0.09176143258810043
7502,8,0,0.06329400837421417
7503,6,1,0.10699307918548584
7504,7,1,0.11516176164150238
7505,0,1,0.08313050866127014
7506,0,1,0.0425741970539093
7507,1,1,0.10222569108009338
7508,2,1,0.1336541473865509
7509,3,1,0.023396985605359077
7510,4,1,0.0936766043305397
7511,5,1,0.07665373384952545
7512,6,1,0.10579025000333786
7513,7,1,0.07490091770887375
7514,8,0,0.028047367930412292
7515,9,1,0.045817114412784576
7516,0,1,0.03555706888437271
7517,1,1,0.04939352348446846
7518,2,1,0.06687232851982117
7519,3,1,0.038917481899261475
7520,4,1,0.18394167721271515
7521,5,1,0.20559167861938477
7522,6,1,0.08537423610687256
7523,7,1,0.06781698763370514
7524,8,0,0.03145136684179306
7525,9,1,0.03608798235654831
7526,0,1,0.027421658858656883
7527,1,1,0.05870768427848816
7528,2,1,0.12212370336055756
7529,3,1,0.06689252704381943
7530,4,1,0.15084968507289886
7531,5,1,0.11473514139652252
7532,6,1,0.12366554141044617
7533,7,1,0.05512113496661186
7534,8,0,0.03559795022010803
7535,9,1,0.06370116770267487
7536,0,1,0.03662790358066559
7537,0,1,0.07034975290298462
7538,7,1,0.04209732264280319
7539,2,1,0.0761263370513916
7540,6,1,0.101764976978302
7541,5,1,0.2732882499694824
7542,5,1,0.2603471875190735
7543,3,1,0.06775091588497162
7544,7,1,0.09085202217102051
7545,8,0,0.05710633844137192
7546,6,1,0.07267987728118896
7547,6,1,0.11320352554321289
7548,6,1,0.0983022004365921
7549,6,1,0.10198074579238892
7550,4,1,0.1167217493057251
7551,3,1,0.04376263543963432
7552,8,0,0.025473464280366898
7553,8,0,0.027855433523654938
7554,3,1,0.06436305493116379
7555,0,1,0.08743976056575775
7556,1,1,0.053197309374809265
7557,9,1,0.03668300807476044
7558,0,1,0.07233333587646484
7559,5,1,0.12274350225925446
7560,4,1,0.08811166137456894
7561,1,1,0.054329004138708115
7562,9,1,0.03828205168247223
7563,1,1,0.05836692452430725
7564,2,1,0.06725775450468063
7565,7,1,0.04483462870121002
7566,0,1,0.038469865918159485
7567,1,1,0.06195337325334549
7568,3,1,0.07043293118476868
7569,8,0,0.03799346089363098
7570,2,1,0.08470208197832108
7571,9,1,0.041261620819568634
7572,2,1,0.08837400376796722
7573,7,1,0.0627618357539177
7574,4,1,0.09012380987405777
7575,2,1,0.031463973224163055
7576,6,1,0.08627431094646454
7577,5,1,0.09811222553253174
7578,5,1,0.11614089459180832
7579,9,1,0.030549053102731705
7580,9,1,0.04220177233219147
7581,1,1,0.06320388615131378
7582,1,1,0.08862611651420593
7583,5,1,0.12288033217191696
7584,7,1,0.025085780769586563
7585,6,1,0.10013820976018906
7586,8,0,0.03592853993177414
7587,2,1,0.06824381649494171
7588,9,1,0.053425148129463196
7589,4,1,0.1391373574733734
7590,3,1,0.09351687133312225
7591,1,1,0.058071885257959366
7592,9,1,0.06186549365520477
7593,0,1,0.07144343852996826
7594,9,1,0.032686904072761536
7595,3,1,0.027063893154263496
7596,6,1,0.08733558654785156
7597,8,0,0.03359666466712952
7598,7,1,0.07836996018886566
7599,0,1,0.028278758749365807
7600,1,1,0.0686551183462143
7601,0,1,0.10434813797473907
7602,5,1,0.10123687237501144
7603,8,0,0.04045640304684639
7604,2,1,0.07510949671268463
7605,7,1,0.04999694600701332
7606,7,1,0.10029970854520798
7607,0,1,0.11635547131299973
7608,1,1,0.08435291051864624
7609,2,1,0.15196549892425537
7610,3,1,0.1550639569759369
7611,4,1,0.1393684446811676
7612,5,1,0.08728932589292526
7613,6,1,0.15416066348552704
7614,7,1,0.18763026595115662
7615,8,0,0.02994077280163765
7616,9,1,0.07778243720531464
7617,0,1,0.18841585516929626
7618,1,1,0.09037207067012787
7619,2,1,0.13869522511959076
7620,3,1,0.053883083164691925
7621,4,1,0.14125517010688782
7622,5,1,0.08174596726894379
7623,8,0,0.030795153230428696
7624,9,1,0.06458394229412079
7625,0,1,0.08820512145757675
7626,1,1,0.10687065124511719
7627,2,1,0.31554946303367615
7628,3,1,0.08298936486244202
7629,4,1,0.08427421748638153
7630,5,1,0.0748017430305481
7631,6,1,0.10133101046085358
7632,7,1,0.1605428159236908
7633,8,0,0.04072742536664009
7634,9,1,0.09357926994562149
7635,2,1,0.12946486473083496
7636,1,1,0.11876457929611206
7637,2,1,0.20937755703926086
7638,1,1,0.06967708468437195
7639,3,1,0.10948704928159714
7640,9,1,0.08552505075931549
7641,9,1,0.06844422966241837
7642,8,0,0.022873181849718094
7643,5,1,0.2605060338973999
7644,3,1,0.049960553646087646
7645,7,1,0.16160431504249573
7646,0,1,0.0823863297700882
7647,7,1,0.0910104513168335
7648,7,1,0.12032703310251236
7649,5,1,0.03846115618944168
7650,7,1,0.09867623448371887
7651,9,1,0.04742399603128433
7652,9,1,0.08216695487499237
7653,4,1,0.10028808563947678
7654,7,1,0.131755530834198
7655,0,1,0.08445052057504654
7656,3,1,0.05144862085580826
7657,4,1,0.12912583351135254
7658,1,1,0.09261615574359894
7659,5,1,0.07883686572313309
7660,8,0,0.03562536835670471
7661,1,1,0.14449483156204224
7662,4,1,0.14630204439163208
7663,8,0,0.039694905281066895
7664,4,1,0.15807849168777466
7665,1,1,0.09168314933776855
7666,8,0,0.018353402614593506
7667,6,1,0.19813388586044312
7668,6,1,0.20621943473815918
7669,4,1,0.1422615945339203
7670,6,1,0.11007490754127502
7671,0,1,0.05300460010766983
7672,5,1,0.0462985634803772
7673,5,1,0.047895219177007675
7674,3,1,0.06923875212669373
7675,3,1,0.08541616797447205
7676,5,1,0.06505078822374344
7677,7,1,0.15400925278663635
7678,2,1,0.1963101327419281
7679,5,1,0.07805946469306946
7680,9,1,0.07688790559768677
7681,6,1,0.12551681697368622
7682,9,1,0.06879287958145142
7683,2,1,0.11402355134487152
7684,6,1,0.15686309337615967
7685,2,1,0.18574830889701843
7686,1,1,0.08197150379419327
7687,2,1,0.1219586431980133
7688,0,1,0.10515277832746506
7689,8,0,0.039759766310453415
7690,3,1,0.07089190185070038
7691,8,0,0.030344385653734207
7692,3,1,0.07526323944330215
7693,0,1,0.17438238859176636
7694,8,0,0.046156033873558044
7695,7,1,0.23295116424560547
7696,4,1,0.14877527952194214
7697,9,1,0.0833483338356018
7698,5,1,0.11032459139823914
7699,0,1,0.1843729466199875
7700,9,1,0.08835727721452713
7701,7,1,0.21170857548713684
7702,0,1,0.09145580977201462
7703,0,1,0.06680742651224136
7704,4,1,0.13752037286758423
7705,6,1,0.11583319306373596
7706,0,1,0.07466701418161392
7707,9,1,0.09493480622768402
7708,1,1,0.06763967126607895
7709,6,1,0.2525281310081482
7710,2,1,0.15618780255317688
7711,7,1,0.3409440219402313
7712,6,1,0.22282810509204865
7713,8,0,0.09952845424413681
7714,3,1,0.10088497400283813
7715,5,1,0.09902366250753403
7716,2,1,0.2172197848558426
7717,1,1,0.090842604637146
7718,8,0,0.030488647520542145
7719,3,1,0.17126309871673584
7720,8,0,0.041136953979730606
7721,6,1,0.14633674919605255
7722,1,1,0.0995527058839798
7723,0,1,0.1399001181125641
7724,2,1,0.2286781370639801
7725,1,1,0.10458113253116608
7726,4,1,0.07791166007518768
7727,0,1,0.046180181205272675
7728,1,1,0.036190301179885864
7729,2,1,0.045899681746959686
7730,3,1,0.04668835550546646
7731,4,1,0.06320494413375854
7732,5,1,0.040885597467422485
7733,6,1,0.07284089177846909
7734,7,1,0.04817887023091316
7735,8,0,0.02411659061908722
7736,9,1,0.0691220760345459
7737,0,1,0.07810740917921066
7738,1,1,0.047063663601875305
7739,2,1,0.07021534442901611
7740,3,1,0.05907301604747772
7741,4,1,0.04623753949999809
7742,5,1,0.0795692652463913
7743,6,1,0.07994420826435089
7744,7,1,0.06714993715286255
7745,8,0,0.054710306227207184
7746,9,1,0.021862294524908066
7747,0,1,0.08819952607154846
7748,1,1,0.041222818195819855
7749,2,1,0.08198563754558563
7750,3,1,0.12476138770580292
7751,4,1,0.103143110871315
7752,5,1,0.048243239521980286
7753,6,1,0.10376984626054764
7754,7,1,0.05844331160187721
7755,8,0,0.032081522047519684
7756,9,1,0.058686964213848114
7757,7,1,0.05791575834155083
7758,6,1,0.12003098428249359
7759,4,1,0.05434084311127663
7760,7,1,0.04789105802774429
7761,6,1,0.09260432422161102
7762,2,1,0.14542174339294434
7763,3,1,0.05917055904865265
7764,4,1,0.05857618898153305
7765,8,0,0.014915376901626587
7766,7,1,0.058390844613313675
7767,8,0,0.030523832887411118
7768,6,1,0.07238135486841202
7769,9,1,0.030758215114474297
7770,8,0,0.018755020573735237
7771,3,1,0.05501057952642441
7772,2,1,0.1356060653924942
7773,2,1,0.0524093322455883
7774,8,0,0.03225959092378616
7775,4,1,0.08050929009914398
7776,8,0,0.025028519332408905
7777,5,1,0.07801063358783722
7778,6,1,0.08907391875982285
7779,5,1,0.09138724952936172
7780,0,1,0.05188398435711861
7781,2,1,0.0805322602391243
7782,0,1,0.10453642904758453
7783,1,1,0.03475061058998108
7784,1,1,0.05079489201307297
7785,2,1,0.07189196348190308
7786,9,1,0.06352896988391876
7787,6,1,0.10256603360176086
7788,8,0,0.03873773664236069
7789,2,1,0.11828215420246124
7790,1,1,0.03653140738606453
7791,0,1,0.11311104148626328
7792,6,1,0.13255053758621216
7793,5,1,0.07657884806394577
7794,2,1,0.15365827083587646
7795,9,1,0.03830992057919502
7796,7,1,0.04971576854586601
7797,5,1,0.09355973452329636
7798,3,1,0.057172492146492004
7799,9,1,0.018309740349650383
7800,3,1,0.17336025834083557
7801,7,1,0.10200890153646469
7802,1,1,0.040054697543382645
7803,8,0,0.037580110132694244
7804,3,1,0.07064647227525711
7805,8,0,0.05703222006559372
7806,1,1,0.02269788272678852
7807,9,1,0.029525190591812134
7808,5,1,0.08635549247264862
7809,5,1,0.10526450723409653
7810,0,1,0.06761950999498367
7811,1,1,0.05192940682172775
7812,1,1,0.027372974902391434
7813,9,1,0.034702181816101074
7814,8,0,0.0290830135345459
7815,2,1,0.10231643170118332
7816,6,1,0.09285451471805573
7817,0,1,0.07363098859786987
7818,4,1,0.1134011298418045
7819,5,1,0.08508870750665665
7820,0,1,0.07942324876785278
7821,3,1,0.14503730833530426
7822,1,1,0.12016389518976212
7823,8,0,0.030559228733181953
7824,6,1,0.14775055646896362
7825,7,1,0.05281831696629524
7826,5,1,0.12858930230140686
7827,9,1,0.05521482601761818
7828,9,1,0.044569000601768494
7829,3,1,0.08485077321529388
7830,0,1,0.055653735995292664
7831,3,1,0.09000104665756226
7832,1,1,0.05201499164104462
7833,4,1,0.06393066793680191
7834,4,1,0.07565092295408249
7835,0,1,0.07022087275981903
7836,4,1,0.16465246677398682
7837,9,1,0.03336503356695175
7838,0,1,0.05706705525517464
7839,1,1,0.03383569419384003
7840,2,1,0.1501491814851761
7841,3,1,0.07087302207946777
7842,5,1,0.07250329107046127
7843,6,1,0.09385615587234497
7844,7,1,0.05495709180831909
7845,8,0,0.03156411647796631
7846,0,1,0.05098773539066315
7847,1,1,0.03159970045089722
7848,2,1,0.14911046624183655
7849,3,1,0.1680070459842682
7850,5,1,0.12268005311489105
7851,6,1,0.05264665558934212
7852,7,1,0.05020472779870033
7853,8,0,0.03564489632844925
7854,9,1,0.0404176265001297
7855,0,1,0.06341096013784409
7856,1,1,0.033514928072690964
7857,2,1,0.15996059775352478
7858,3,1,0.07685503363609314
7859,5,1,0.21718941628932953
7860,6,1,0.06887234002351761
7861,7,1,0.043634504079818726
7862,8,0,0.04493388533592224
7863,9,1,0.03133407235145569
7864,9,1,0.0406692810356617
7865,7,1,0.04941145330667496
7866,0,1,0.06785901635885239
7867,9,1,0.036232586950063705
7868,0,1,0.07498332858085632
7869,1,1,0.03944630175828934
7870,5,1,0.22859756648540497
7871,8,0,0.03803188353776932
7872,8,0,0.02611168473958969
7873,0,1,0.06293167173862457
7874,9,1,0.022574270144104958
7875,3,1,0.09269723296165466
7876,2,1,0.12970656156539917
7877,7,1,0.054616205394268036
7878,8,0,0.018495742231607437
7879,4,1,0.12492340803146362
7880,6,1,0.09614074975252151
7881,1,1,0.05667350813746452
7882,0,1,0.03560960665345192
7883,4,1,0.08071500062942505
7884,9,1,0.05081046372652054
7885,4,1,0.24896188080310822
7886,2,1,0.1619664430618286
7887,0,1,0.06371109187602997
7888,5,1,0.1915590763092041
7889,0,1,0.11213453114032745
7890,1,1,0.04685097932815552
7891,6,1,0.08853758871555328
7892,9,1,0.02373623102903366
7893,3,1,0.043926700949668884
7894,2,1,0.1363988220691681
7895,9,1,0.029622981324791908
7896,1,1,0.053042083978652954
7897,6,1,0.06601406633853912
7898,0,1,0.0590810552239418
7899,1,1,0.022281160578131676
7900,1,1,0.035985317081213
7901,8,0,0.028537306934595108
7902,7,1,0.04008183628320694
7903,7,1,0.028703881427645683
7904,6,1,0.1042264997959137
7905,3,1,0.10039541125297546
7906,6,1,0.13081538677215576
7907,0,1,0.07574692368507385
7908,7,1,0.05050736293196678
7909,2,1,0.1531701236963272
7910,4,1,0.10746929049491882
7911,1,1,0.056920915842056274
7912,7,1,0.044022031128406525
7913,0,1,0.050002459436655045
7914,6,1,0.05641403794288635
7915,7,1,0.02978726290166378
7916,1,1,0.024421025067567825
7917,2,1,0.1684056520462036
7918,5,1,0.13082008063793182
7919,8,0,0.031109653413295746
7920,1,1,0.03790021315217018
7921,8,0,0.12151581794023514
7922,2,1,0.12209007143974304
7923,8,0,0.02700776234269142
7924,7,1,0.03924292325973511
7925,6,1,0.05473250523209572
7926,8,0,0.021913621574640274
7927,7,1,0.05341631546616554
7928,1,1,0.030353344976902008
7929,6,1,0.06303693354129791
7930,2,1,0.11202698200941086
7931,9,1,0.029253683984279633
7932,3,1,0.09628110378980637
7933,0,1,0.1308988332748413
7934,1,1,0.04525241628289223
7935,2,1,0.04397520795464516
7936,3,1,0.020726937800645828
7937,4,1,0.11313731968402863
7938,5,1,0.08435004949569702
7939,6,1,0.09370040148496628
7940,7,1,0.08511753380298615
7941,8,0,0.019796332344412804
7942,9,1,0.03895115107297897
7943,0,1,0.09061156213283539
7944,1,1,0.029728073626756668
7945,2,1,0.1887979358434677
7946,3,1,0.051372937858104706
7947,4,1,0.06990562379360199
7948,5,1,0.05499378591775894
7949,6,1,0.10296271741390228
7950,7,1,0.09843431413173676
7951,8,0,0.02941238135099411
7952,9,1,0.10072970390319824
7953,0,1,0.20490236580371857
7954,1,1,0.03123030811548233
7955,2,1,0.12210274487733841
7956,3,1,0.10019555687904358
7957,4,1,0.06025393307209015
7958,5,1,0.05688566714525223
7959,6,1,0.1202755942940712
7960,7,1,0.11370126157999039
7961,8,0,0.01847233809530735
7962,9,1,0.07167745381593704
7963,8,0,0.028253961354494095
7964,9,1,0.0628146082162857
7965,5,1,0.035531699657440186
7966,7,1,0.037234678864479065
7967,0,1,0.10368864983320236
7968,3,1,0.07462074607610703
7969,1,1,0.06642802059650421
7970,6,1,0.08988183736801147
7971,8,0,0.01869252696633339
7972,4,1,0.1535828709602356
7973,1,1,0.049256518483161926
7974,5,1,0.05534156411886215
7975,6,1,0.07054290175437927
7976,4,1,0.15635454654693604
7977,2,1,0.10116688907146454
7978,7,1,0.11652299761772156
7979,8,0,0.02348307892680168
7980,1,1,0.05315162613987923
7981,3,1,0.08124248683452606
7982,4,1,0.05535748228430748
7983,3,1,0.05717213824391365
7984,4,1,0.07712218165397644
7985,7,1,0.04810047522187233
7986,2,1,0.1405513435602188
7987,0,1,0.05278392136096954
7988,5,1,0.10431931912899017
7989,0,1,0.1028384417295456
7990,1,1,0.024676648899912834
7991,9,1,0.0547485277056694
7992,2,1,0.07560469210147858
7993,3,1,0.11179672181606293
7994,2,1,0.13590353727340698
7995,3,1,0.07538606226444244
7996,5,1,0.10546478629112244
7997,5,1,0.059018850326538086
7998,7,1,0.09466409683227539
7999,8,0,0.018026798963546753
8000,4,1,0.25601255893707275
8001,9,1,0.06539919972419739
8002,9,1,0.03792186081409454
8003,7,1,0.06573356688022614
8004,1,1,0.054893724620342255
8005,1,1,0.0872449055314064
8006,9,1,0.034006111323833466
8007,0,1,0.1064060628414154
8008,7,1,0.07570219039916992
8009,8,0,0.018276501446962357
8010,3,1,0.055410273373126984
8011,4,1,0.06111018359661102
8012,8,0,0.023429010063409805
8013,6,1,0.1312892585992813
8014,3,1,0.06756353378295898
8015,8,0,0.061668913811445236
8016,0,1,0.1160314679145813
8017,9,1,0.06507406383752823
8018,6,1,0.11260845512151718
8019,2,1,0.05025225505232811
8020,1,1,0.10211923718452454
8021,0,1,0.1007041335105896
8022,1,1,0.0481032058596611
8023,0,1,0.07950040698051453
8024,6,1,0.11003720760345459
8025,2,1,0.1518232375383377
8026,3,1,0.09166054427623749
8027,8,0,0.01468920148909092
8028,9,1,0.049757570028305054
8029,0,1,0.03830921649932861
8030,7,1,0.11904364824295044
8031,2,1,0.1406516134738922
8032,3,1,0.06853814423084259
8033,4,1,0.07327935844659805
8034,5,1,0.06418430805206299
8035,5,1,0.07313178479671478
8036,2,1,0.13764117658138275
8037,8,0,0.03796495869755745
8038,5,1,0.07696612924337387
8039,4,1,0.0452774241566658
8040,6,1,0.11909085512161255
8041,6,1,0.14809539914131165
8042,6,1,0.09388380497694016
8043,7,1,0.06490754336118698
8044,9,1,0.04715969040989876
8045,1,1,0.02785640023648739
8046,8,0,0.023976841941475868
8047,2,1,0.14718860387802124
8048,1,1,0.06453263759613037
8049,5,1,0.10644739866256714
8050,3,1,0.13526347279548645
8051,4,1,0.09512614458799362
8052,7,1,0.07112760841846466
8053,9,1,0.052124448120594025
8054,4,1,0.12778741121292114
8055,0,1,0.03289776295423508
8056,0,1,0.07904129475355148
8057,0,1,0.06690151244401932
8058,1,1,0.04584044963121414
8059,2,1,0.059154026210308075
8060,3,1,0.0416078083217144
8061,4,1,0.06936757266521454
8062,5,1,0.05071306228637695
8063,6,1,0.04773706570267677
8064,7,1,0.06912758946418762
8065,8,0,0.020265113562345505
8066,9,1,0.037815626710653305
8067,0,1,0.055107638239860535
8068,1,1,0.05844467878341675
8069,2,1,0.1082974523305893
8070,3,1,0.029177438467741013
8071,4,1,0.062005627900362015
8072,5,1,0.06794451177120209
8073,6,1,0.064014732837677
8074,7,1,0.04499832168221474
8075,8,0,0.013229697942733765
8076,9,1,0.05189606174826622
8077,0,1,0.036555465310811996
8078,1,1,0.04989112168550491
8079,2,1,0.10644837468862534
8080,3,1,0.06001411750912666
8081,4,1,0.0931190550327301
8082,5,1,0.03975103050470352
8083,6,1,0.09364278614521027
8084,9,1,0.05240713804960251
8085,0,1,0.05144184082746506
8086,1,1,0.05499701574444771
8087,3,1,0.028096502646803856
8088,1,1,0.05180254578590393
8089,5,1,0.07631129026412964
8090,1,1,0.052968353033065796
8091,2,1,0.03614014387130737
8092,4,1,0.11514242738485336
8093,9,1,0.04713807255029678
8094,2,1,0.026634834706783295
8095,4,1,0.073076531291008
8096,6,1,0.07962893694639206
8097,8,0,0.01718725822865963
8098,0,1,0.08742321282625198
8099,1,1,0.056458454579114914
8100,1,1,0.03943677991628647
8101,9,1,0.04634470492601395
8102,2,1,0.023758679628372192
8103,6,1,0.062416788190603256
8104,6,1,0.04763677716255188
8105,8,0,0.0313597247004509
8106,7,1,0.041648413985967636
8107,4,1,0.0900285542011261
8108,2,1,0.05258074402809143
8109,9,1,0.040066055953502655
8110,7,1,0.039276305586099625
8111,0,1,0.0606839582324028
8112,2,1,0.0399194061756134
8113,1,1,0.05504196137189865
8114,0,1,0.08460245281457901
8115,3,1,0.036689817905426025
8116,6,1,0.14800816774368286
8117,0,1,0.209649920463562
8118,1,1,0.042311690747737885
8119,2,1,0.12182869762182236
8120,3,1,0.04264257475733757
8121,4,1,0.14247265458106995
8122,5,1,0.08506080508232117
8123,6,1,0.1396886110305786
8124,7,1,0.07242489606142044
8125,8,0,0.038666851818561554
8126,9,1,0.08248309046030045
8127,0,1,0.1752726435661316
8128,1,1,0.06031515821814537
8129,2,1,0.1168813556432724
8130,3,1,0.049623988568782806
8131,4,1,0.10412704944610596
8132,5,1,0.05851909890770912
8133,6,1,0.10805469751358032
8134,7,1,0.08646756410598755
8135,8,0,0.06017550826072693
8136,9,1,0.07064130902290344
8137,0,1,0.09672107547521591
8138,1,1,0.060079798102378845
8139,2,1,0.07241752743721008
8140,3,1,0.11827753484249115
8141,4,1,0.06941281259059906
8142,5,1,0.1293664574623108
8143,6,1,0.09069138765335083
8144,7,1,0.11779098212718964
8145,8,0,0.07273704558610916
8146,9,1,0.041778966784477234
8147,8,0,0.0458524152636528
8148,6,1,0.08884960412979126
8149,5,1,0.09851503372192383
8150,9,1,0.07548752427101135
8151,7,1,0.10284315049648285
8152,0,1,0.12226800620555878
8153,2,1,0.097701296210289
8154,3,1,0.06646588444709778
8155,4,1,0.10489045083522797
8156,3,1,0.05779469758272171
8157,8,0,0.058990009129047394
8158,5,1,0.057866171002388
8159,1,1,0.06982506811618805
8160,5,1,0.08538818359375
8161,2,1,0.1019800454378128
8162,3,1,0.13422837853431702
8163,0,1,0.15920451283454895
8164,1,1,0.11203041672706604
8165,2,1,0.11253809928894043
8166,1,1,0.06525678932666779
8167,3,1,0.03897467255592346
8168,2,1,0.09595111012458801
8169,6,1,0.18257072567939758
8170,5,1,0.11016668379306793
8171,3,1,0.10006452351808548
8172,0,1,0.15646836161613464
8173,7,1,0.09077563881874084
8174,2,1,0.15123644471168518
8175,7,1,0.05521860718727112
8176,4,1,0.11393233388662338
8177,6,1,0.1259780377149582
8178,4,1,0.0666416734457016
8179,0,1,0.17897045612335205
8180,5,1,0.10643976926803589
8181,9,1,0.056298211216926575
8182,9,1,0.044967032968997955
8183,8,0,0.07614327222108841
8184,9,1,0.05861600488424301
8185,5,1,0.0780167505145073
8186,3,1,0.08850526809692383
8187,1,1,0.09971936047077179
8188,7,1,0.06355003267526627
8189,4,1,0.21890392899513245
8190,7,1,0.12116437405347824
8191,6,1,0.08346036076545715
8192,5,1,0.07929239422082901
8193,4,1,0.1517062485218048
8194,0,1,0.1819797307252884
8195,0,1,0.11871275305747986
8196,6,1,0.26330408453941345
8197,6,1,0.14568407833576202
8198,2,1,0.13524097204208374
8199,0,1,0.11934936046600342
8200,6,1,0.08984558284282684
8201,3,1,0.0432925745844841
8202,7,1,0.07169830054044724
8203,7,1,0.0705202966928482
8204,4,1,0.12242995947599411
8205,4,1,0.15570010244846344
8206,3,1,0.1492994725704193
8207,9,1,0.036600735038518906
8208,2,1,0.13310417532920837
8209,8,0,0.05660137161612511
8210,9,1,0.03525789454579353
8211,6,1,0.13033783435821533
8212,0,1,0.250063419342041
8213,9,1,0.06664484739303589
8214,5,1,0.0693700909614563
8215,3,1,0.0761219784617424
8216,8,0,0.028798915445804596
8217,8,0,0.031173117458820343
8218,7,1,0.06930728256702423
8219,1,1,0.060875844210386276
8220,4,1,0.10392558574676514
8221,0,1,0.08471990376710892
8222,4,1,0.13960523903369904
8223,8,0,0.04798677936196327
8224,5,1,0.05701007321476936
8225,2,1,0.08967128396034241
8226,3,1,0.07695291936397552
8227,9,1,0.03815741091966629
8228,0,1,0.09204812347888947
8229,1,1,0.09233465790748596
8230,9,1,0.0364256426692009
8231,1,1,0.1046588122844696
8232,5,1,0.056621845811605453
8233,1,1,0.06364604830741882
8234,7,1,0.06092369183897972
8235,4,1,0.13622289896011353
8236,8,0,0.07894004881381989
8237,6,1,0.08904293179512024
8238,2,1,0.08738476783037186
8239,1,1,0.0841469019651413
8240,6,1,0.07844032347202301
8241,8,0,0.03428540751338005
8242,8,0,0.09827076643705368
8243,0,1,0.07722695916891098
8244,1,1,0.08830828219652176
8245,2,1,0.1252250373363495
8246,3,1,0.0925002247095108
8247,4,1,0.12149335443973541
8248,7,1,0.08728154748678207
8249,8,0,0.03290801867842674
8250,9,1,0.03931744769215584
8251,0,1,0.11839155852794647
8252,1,1,0.09524314850568771
8253,2,1,0.168197363615036
8254,3,1,0.07511935383081436
8255,4,1,0.08500216156244278
8256,6,1,0.17220324277877808
8257,7,1,0.12184737622737885
8258,8,0,0.0710296705365181
8259,9,1,0.12384215742349625
8260,0,1,0.1698325127363205
8261,1,1,0.06418362259864807
8262,2,1,0.08905687928199768
8263,3,1,0.07208068668842316
8264,4,1,0.10929019004106522
8265,7,1,0.2476385086774826
8266,8,0,0.0380144938826561
8267,9,1,0.16022907197475433
8268,1,1,0.15454936027526855
8269,4,1,0.09129633754491806
8270,5,1,0.08204907178878784
8271,3,1,0.11218229681253433
8272,3,1,0.07069022208452225
8273,0,1,0.15225474536418915
8274,9,1,0.050448086112737656
8275,5,1,0.10759241133928299
8276,4,1,0.06124017387628555
8277,3,1,0.040692076086997986
8278,0,1,0.1669028401374817
8279,8,0,0.09647510945796967
8280,4,1,0.12925854325294495
8281,6,1,0.1629040241241455
8282,7,1,0.12114603817462921
8283,0,1,0.11937594413757324
8284,7,1,0.23750346899032593
8285,7,1,0.0716218426823616
8286,1,1,0.11166784912347794
8287,6,1,0.07111604511737823
8288,9,1,0.037311214953660965
8289,1,1,0.05608596280217171
8290,3,1,0.11222857981920242
8291,6,1,0.10951297730207443
8292,2,1,0.05917667597532272
8293,3,1,0.05291483551263809
8294,8,0,0.08253990858793259
8295,2,1,0.047197096049785614
8296,3,1,0.03529306501150131
8297,8,0,0.04330740496516228
8298,9,1,0.0359470434486866
8299,5,1,0.12171381711959839
8300,8,0,0.03513304516673088
8301,8,0,0.060751114040613174
8302,7,1,0.1517651379108429
8303,1,1,0.05142620950937271
8304,7,1,0.20236986875534058
8305,1,1,0.06838169693946838
8306,1,1,0.07099859416484833
8307,0,1,0.20829081535339355
8308,3,1,0.08503319323062897
8309,4,1,0.07280795276165009
8310,2,1,0.1127791553735733
8311,6,1,0.1812536120414734
8312,4,1,0.09731590747833252
8313,7,1,0.16361220180988312
8314,4,1,0.0584956631064415
8315,2,1,0.10784392058849335
8316,7,1,0.16765367984771729
8317,4,1,0.09864184260368347
8318,2,1,0.022113289684057236
8319,9,1,0.03380788490176201
8320,2,1,0.10133887082338333
8321,7,1,0.21603924036026
8322,9,1,0.09261354804039001
8323,2,1,0.05048312619328499
8324,1,1,0.14427073299884796
8325,0,1,0.06587556004524231
8326,6,1,0.1671239733695984
8327,5,1,0.05922127887606621
8328,3,1,0.11180534958839417
8329,4,1,0.08638565242290497
8330,8,0,0.027493514120578766
8331,5,1,0.11650123447179794
8332,9,1,0.14859646558761597
8333,6,1,0.19536186754703522
8334,9,1,0.06973214447498322
8335,0,1,0.13304844498634338
8336,6,1,0.16131287813186646
8337,3,1,0.1401517391204834
8338,0,1,0.1937323808670044
8339,8,0,0.11569683253765106
8340,1,1,0.06576266139745712
8341,6,1,0.1823723167181015
8342,0,1,0.13982923328876495
8343,0,1,0.05013439804315567
8344,1,1,0.06477575749158859
8345,2,1,0.052565544843673706
8346,3,1,0.05389073118567467
8347,4,1,0.09161147475242615
8348,5,1,0.11487425118684769
8349,6,1,0.15261337161064148
8350,7,1,0.059094078838825226
8351,0,1,0.16257372498512268
8352,1,1,0.047819435596466064
8353,2,1,0.12988615036010742
8354,3,1,0.07843420654535294
8355,4,1,0.10937415063381195
8356,7,1,0.08714517951011658
8357,8,0,0.028275758028030396
8358,9,1,0.048401542007923126
8359,0,1,0.11248834431171417
8360,1,1,0.07081799954175949
8361,2,1,0.14098453521728516
8362,3,1,0.09177745878696442
8363,4,1,0.06411849707365036
8364,7,1,0.06403021514415741
8365,2,1,0.181412011384964
8366,5,1,0.04174693673849106
8367,1,1,0.07651439309120178
8368,6,1,0.0892096757888794
8369,4,1,0.18184781074523926
8370,3,1,0.10432067513465881
8371,9,1,0.06214834749698639
8372,9,1,0.03880215063691139
8373,0,1,0.11816910654306412
8374,9,1,0.13917914032936096
8375,7,1,0.06101718544960022
8376,1,1,0.08213742822408676
8377,6,1,0.06923441588878632
8378,4,1,0.03649141639471054
8379,3,1,0.03164531663060188
8380,6,1,0.10235706716775894
8381,2,1,0.10146112740039825
8382,0,1,0.07458997517824173
8383,9,1,0.04827134683728218
8384,8,0,0.034571997821331024
8385,6,1,0.0790126621723175
8386,5,1,0.054378993809223175
8387,7,1,0.09434930980205536
8388,0,1,0.0812501534819603
8389,0,1,0.04751566797494888
8390,1,1,0.06526781618595123
8391,7,1,0.10680575668811798
8392,4,1,0.0721578449010849
8393,3,1,0.040848612785339355
8394,2,1,0.06418731808662415
8395,4,1,0.10951600968837738
8396,1,1,0.07819025218486786
8397,3,1,0.20700545608997345
8398,7,1,0.09727627038955688
8399,6,1,0.09271189570426941
8400,4,1,0.07776841521263123
8401,7,1,0.10285726189613342
8402,7,1,0.08187896013259888
8403,7,1,0.05892946943640709
8404,9,1,0.0650315135717392
8405,8,0,0.0719665065407753
8406,4,1,0.10449382662773132
8407,3,1,0.14454388618469238
8408,8,0,0.16513800621032715
8409,2,1,0.07775715738534927
8410,8,0,0.04615318030118942
8411,3,1,0.09015268087387085
8412,5,1,0.08582648634910583
8413,8,0,0.06170176714658737
8414,0,1,0.10094453394412994
8415,5,1,0.10410034656524658
8416,4,1,0.11230514198541641
8417,7,1,0.21133823692798615
8418,1,1,0.05768776684999466
8419,3,1,0.062237244099378586
8420,1,1,0.08363565802574158
8421,7,1,0.14452068507671356
8422,9,1,0.028258396312594414
8423,6,1,0.08089717477560043
8424,2,1,0.15331533551216125
8425,0,1,0.11118555068969727
8426,9,1,0.06466226279735565
8427,1,1,0.07264815270900726
8428,7,1,0.06606392562389374
8429,3,1,0.11228406429290771
8430,3,1,0.053470127284526825
8431,9,1,0.08771751075983047
8432,1,1,0.05458175018429756
8433,6,1,0.10457145422697067
8434,4,1,0.15937697887420654
8435,3,1,0.08468008041381836
8436,9,1,0.0586552694439888
8437,8,0,0.027661940082907677
8438,2,1,0.09134116023778915
8439,1,1,0.07259539514780045
8440,8,0,0.07968875020742416
8441,6,1,0.15772852301597595
8442,4,1,0.1672510802745819
8443,1,1,0.07415381073951721
8444,5,1,0.17370492219924927
8445,5,1,0.06714078038930893
8446,6,1,0.09400901198387146
8447,5,1,0.05417918413877487
8448,0,1,0.1313869059085846
8449,1,1,0.06058559566736221
8450,2,1,0.18935948610305786
8451,3,1,0.15296438336372375
8452,4,1,0.08993202447891235
8453,5,1,0.053813934326171875
8454,6,1,0.15071626007556915
8455,7,1,0.31041571497917175
8456,8,0,0.05174603685736656
8457,9,1,0.05146591365337372
8458,0,1,0.0798901692032814
8459,1,1,0.03968106955289841
8460,2,1,0.08585783839225769
8461,3,1,0.07154315710067749
8462,4,1,0.08350881934165955
8463,5,1,0.10200090706348419
8464,6,1,0.1398530900478363
8465,7,1,0.1507447212934494
8466,8,0,0.02680124342441559
8467,9,1,0.08698740601539612
8468,0,1,0.13543730974197388
8469,1,1,0.023344524204730988
8470,2,1,0.1709253489971161
8471,3,1,0.029125312343239784
8472,4,1,0.09520507603883743
8473,5,1,0.061133407056331635
8474,6,1,0.11761833727359772
8475,7,1,0.07846329361200333
8476,8,0,0.04645397514104843
8477,9,1,0.042526647448539734
8478,6,1,0.11714976280927658
8479,9,1,0.050560273230075836
8480,7,1,0.1427251249551773
8481,0,1,0.06113302335143089
8482,2,1,0.1038612499833107
8483,3,1,0.05532744526863098
8484,4,1,0.1279258131980896
8485,3,1,0.03407096862792969
8486,8,0,0.021539069712162018
8487,5,1,0.03954331576824188
8488,1,1,0.053929321467876434
8489,3,1,0.055379170924425125
8490,0,1,0.06071550026535988
8491,1,1,0.052201010286808014
8492,2,1,0.17320585250854492
8493,1,1,0.031627584248781204
8494,3,1,0.03726283088326454
8495,2,1,0.0710754320025444
8496,0,1,0.12230060994625092
8497,7,1,0.03529029339551926
8498,2,1,0.07362215220928192
8499,6,1,0.10914991796016693
8500,4,1,0.14414896070957184
8501,0,1,0.06818140298128128
8502,5,1,0.03369104862213135
8503,9,1,0.06335806101560593
8504,9,1,0.06818365305662155
8505,8,0,0.012727385386824608
8506,9,1,0.07044488191604614
8507,5,1,0.06587252020835876
8508,3,1,0.049876853823661804
8509,1,1,0.028507191687822342
8510,7,1,0.09773716330528259
8511,4,1,0.07414683699607849
8512,7,1,0.09409424662590027
8513,0,1,0.12416011840105057
8514,0,1,0.12452016025781631
8515,6,1,0.07144667953252792
8516,6,1,0.10894197225570679
8517,6,1,0.13298755884170532
8518,3,1,0.09430944919586182
8519,7,1,0.10166648030281067
8520,4,1,0.06658477336168289
8521,2,1,0.11681932210922241
8522,8,0,0.06526288390159607
8523,9,1,0.12040063738822937
8524,8,0,0.028542302548885345
8525,7,1,0.09575019031763077
8526,1,1,0.07627452909946442
8527,4,1,0.07576820999383926
8528,0,1,0.09634718298912048
8529,4,1,0.10162284225225449
8530,8,0,0.03340049088001251
8531,5,1,0.033932074904441833
8532,2,1,0.10019811987876892
8533,3,1,0.08592768013477325
8534,9,1,0.08590520918369293
8535,0,1,0.10778045654296875
8536,1,1,0.08526600152254105
8537,9,1,0.13584312796592712
8538,1,1,0.07562263309955597
8539,5,1,0.09483420103788376
8540,1,1,0.0867818146944046
8541,7,1,0.13170501589775085
8542,6,1,0.05185927450656891
8543,1,1,0.10117268562316895
8544,2,1,0.17795617878437042
8545,1,1,0.107587531208992
8546,6,1,0.07412810623645782
8547,8,0,0.06608829647302628
8548,0,1,0.17107370495796204
8549,1,1,0.059512101113796234
8550,2,1,0.0986766368150711
8551,3,1,0.11232505738735199
8552,4,1,0.17701035737991333
8553,5,1,0.2821752429008484
8554,6,1,0.1336337924003601
8555,7,1,0.14060546457767487
8556,8,0,0.018342019990086555
8557,9,1,0.06741982698440552
8558,0,1,0.10396084934473038
8559,1,1,0.10133256018161774
8560,2,1,0.11722907423973083
8561,3,1,0.17638012766838074
8562,4,1,0.09655997902154922
8563,5,1,0.1363610327243805
8564,6,1,0.07287953794002533
8565,7,1,0.13452811539173126
8566,8,0,0.028405483812093735
8567,0,1,0.18104872107505798
8568,1,1,0.07364507019519806
8569,2,1,0.07807457447052002
8570,3,1,0.26227784156799316
8571,5,1,0.15358269214630127
8572,6,1,0.19778572022914886
8573,7,1,0.34915807843208313
8574,8,0,0.023347942158579826
8575,1,1,0.09808407723903656
8576,0,1,0.09598129987716675
8577,4,1,0.084637850522995
8578,5,1,0.11915311217308044
8579,6,1,0.12114757299423218
8580,6,1,0.1442151516675949
8581,3,1,0.12938706576824188
8582,4,1,0.12725050747394562
8583,4,1,0.16777841746807098
8584,2,1,0.18176794052124023
8585,8,0,0.026813119649887085
8586,1,1,0.10851912200450897
8587,0,1,0.1531444787979126
8588,6,1,0.27230650186538696
8589,4,1,0.1281888782978058
8590,9,1,0.05431928485631943
8591,7,1,0.15326116979122162
8592,2,1,0.15260162949562073
8593,9,1,0.05994279310107231
8594,2,1,0.0446145199239254
8595,0,1,0.18109026551246643
8596,9,1,0.06393241882324219
8597,3,1,0.03291790932416916
8598,3,1,0.05045296996831894
8599,9,1,0.045033328235149384
8600,1,1,0.08523768186569214
8601,5,1,0.08085691928863525
8602,2,1,0.1300494223833084
8603,3,1,0.15689033269882202
8604,1,1,0.10267946124076843
8605,6,1,0.11069490015506744
8606,7,1,0.1945551633834839
8607,3,1,0.06202299892902374
8608,7,1,0.19505786895751953
8609,8,0,0.015030423179268837
8610,4,1,0.07281224429607391
8611,0,1,0.10617503523826599
8612,2,1,0.1490073800086975
8613,4,1,0.14973720908164978
8614,0,1,0.11594973504543304
8615,2,1,0.07540462166070938
8616,4,1,0.18642345070838928
8617,7,1,0.12150052189826965
8618,8,0,0.02542419731616974
8619,0,1,0.23595410585403442
8620,7,1,0.1998998522758484
8621,0,1,0.15364015102386475
8622,6,1,0.12713521718978882
8623,9,1,0.0991487205028534
8624,3,1,0.15225544571876526
8625,2,1,0.17472442984580994
8626,4,1,0.17314669489860535
8627,8,0,0.03977493941783905
8628,6,1,0.11405334621667862
8629,0,1,0.14901432394981384
8630,5,1,0.07350960373878479
8631,7,1,0.09424221515655518
8632,5,1,0.19246859848499298
8633,1,1,0.08211956918239594
8634,0,1,0.053043343126773834
8635,8,0,0.021597784012556076
8636,1,1,0.07410821318626404
8637,6,1,0.2068842351436615
8638,7,1,0.1069813072681427
8639,2,1,0.08771519362926483
8640,9,1,0.0750664472579956
8641,7,1,0.1720055639743805
8642,9,1,0.06735968589782715
8643,5,1,0.14184503257274628
8644,6,1,0.06918644905090332
8645,5,1,0.08392994105815887
8646,2,1,0.22061944007873535
8647,6,1,0.14462479948997498
8648,2,1,0.14452125132083893
8649,8,0,0.029026523232460022
8650,1,1,0.13742919266223907
8651,7,1,0.14299243688583374
8652,5,1,0.07324697077274323
8653,5,1,0.1606462299823761
8654,7,1,0.13123607635498047
8655,3,1,0.213384747505188
8656,5,1,0.08394785225391388
8657,0,1,0.3354921042919159
8658,1,1,0.07924365997314453
8659,1,1,0.10156740248203278
8660,3,1,0.10581259429454803
8661,8,0,0.031622935086488724
8662,4,1,0.16135260462760925
8663,9,1,0.10876913368701935
8664,4,1,0.1227288469672203
8665,5,1,0.2680434584617615
8666,1,1,0.11634907871484756
8667,8,0,0.023133186623454094
8668,6,1,0.16124121844768524
8669,8,0,0.020382195711135864
8670,9,1,0.07275065779685974
8671,0,1,0.11498020589351654
8672,1,1,0.052639659494161606
8673,2,1,0.0373174250125885
8674,3,1,0.021648041903972626
8675,4,1,0.10580991953611374
8676,5,1,0.053927358239889145
8677,6,1,0.07918089628219604
8678,7,1,0.05157412588596344
8679,8,0,0.03897611051797867
8680,9,1,0.06921093165874481
8681,0,1,0.05212941765785217
8682,1,1,0.10441173613071442
8683,2,1,0.04453982785344124
8684,3,1,0.031305257230997086
8685,4,1,0.09108836203813553
8686,5,1,0.06543928384780884
8687,6,1,0.08127166330814362
8688,7,1,0.04806337133049965
8689,8,0,0.020862065255641937
8690,9,1,0.06602801382541656
8691,0,1,0.09048453718423843
8692,1,1,0.07176188379526138
8693,2,1,0.045666296035051346
8694,3,1,0.036854133009910583
8695,4,1,0.06804589927196503
8696,5,1,0.08579769730567932
8697,6,1,0.1001996397972107
8698,7,1,0.05263533443212509
8699,8,0,0.017985641956329346
8700,9,1,0.04158774018287659
8701,3,1,0.030820520594716072
8702,5,1,0.03585537523031235
8703,3,1,0.057239316403865814
8704,2,1,0.1179262027144432
8705,9,1,0.06580600142478943
8706,3,1,0.042088210582733154
8707,2,1,0.06878027319908142
8708,1,1,0.06498166918754578
8709,4,1,0.09115292876958847
8710,5,1,0.0391014888882637
8711,5,1,0.06044555455446243
8712,2,1,0.10931963473558426
8713,3,1,0.03792572766542435
8714,2,1,0.1582055240869522
8715,1,1,0.059111230075359344
8716,3,1,0.041157033294439316
8717,9,1,0.0533902645111084
8718,7,1,0.06637708842754364
8719,2,1,0.06031990796327591
8720,1,1,0.08630476891994476
8721,2,1,0.08201918005943298
8722,8,0,0.01907096616923809
8723,9,1,0.08075465261936188
8724,1,1,0.07681946456432343
8725,8,0,0.021067949011921883
8726,8,0,0.043069563806056976
8727,7,1,0.09183131903409958
8728,8,0,0.018804483115673065
8729,1,1,0.04705658182501793
8730,0,1,0.0871865451335907
8731,0,1,0.0816415548324585
8732,6,1,0.12802132964134216
8733,7,1,0.12806051969528198
8734,7,1,0.15361657738685608
8735,8,0,0.031255435198545456
8736,7,1,0.061423078179359436
8737,5,1,0.08478568494319916
8738,0,1,0.06037166714668274
8739,6,1,0.11843566596508026
8740,1,1,0.09612131118774414
8741,5,1,0.05684220790863037
8742,7,1,0.025297366082668304
8743,4,1,0.0820046067237854
8744,6,1,0.0642915889620781
8745,1,1,0.06761308014392853
8746,2,1,0.11839494854211807
8747,5,1,0.056089792400598526
8748,0,1,0.05325579643249512
8749,7,1,0.07256579399108887
8750,9,1,0.05785847455263138
8751,9,1,0.04859786480665207
8752,0,1,0.02849489450454712
8753,3,1,0.05961087346076965
8754,4,1,0.11740915477275848
8755,4,1,0.09730538725852966
8756,8,0,0.028475157916545868
8757,4,1,0.11488614976406097
8758,1,1,0.07601778209209442
8759,8,0,0.046478789299726486
8760,6,1,0.08497276902198792
8761,5,1,0.07528689503669739
8762,9,1,0.0226950291544199
8763,0,1,0.04185270890593529
8764,0,1,0.04597816616296768
8765,0,1,0.05390994995832443
8766,3,1,0.14276310801506042
8767,7,1,0.10183311998844147
8768,1,1,0.06476897746324539
8769,6,1,0.11858934164047241
8770,4,1,0.1376027762889862
8771,6,1,0.09928146004676819
8772,0,1,0.05307365581393242
8773,4,1,0.08226564526557922
8774,5,1,0.0567266047000885
8775,4,1,0.06975144892930984
8776,1,1,0.08551159501075745
8777,3,1,0.057171884924173355
8778,8,0,0.018049370497465134
8779,6,1,0.11015033721923828
8780,3,1,0.1970914602279663
8781,9,1,0.05059220641851425
8782,9,1,0.06015089899301529
8783,5,1,0.08982136845588684
8784,9,1,0.0628657341003418
8785,3,1,0.06146911531686783
8786,7,1,0.11356589198112488
8787,8,0,0.015505756251513958
8788,5,1,0.02772890031337738
8789,6,1,0.10073225200176239
8790,4,1,0.0984753891825676
8791,7,1,0.08369407057762146
8792,6,1,0.10847794264554977
8793,2,1,0.052226580679416656
8794,2,1,0.10240733623504639
8795,0,1,0.06297678500413895
8796,9,1,0.06599347293376923
8797,4,1,0.2068576067686081
8798,0,1,0.14289267361164093
8799,1,1,0.06791575998067856
8800,2,1,0.11991596221923828
8801,3,1,0.06945371627807617
8802,4,1,0.1113554835319519
8803,5,1,0.1149202287197113
8804,6,1,0.12471029907464981
8805,7,1,0.05302020162343979
8806,8,0,0.02907557040452957
8807,9,1,0.055860456079244614
8808,0,1,0.23213577270507812
8809,1,1,0.0865996778011322
8810,2,1,0.08153317868709564
8811,3,1,0.10610801726579666
8812,4,1,0.15560922026634216
8813,5,1,0.05822265148162842
8814,6,1,0.06601964682340622
8815,7,1,0.08414442837238312
8816,8,0,0.032660111784935
8817,9,1,0.0605110302567482
8818,0,1,0.11495254188776016
8819,1,1,0.12426267564296722
8820,2,1,0.12567445635795593
8821,3,1,0.07423131167888641
8822,4,1,0.13334298133850098
8823,5,1,0.08354628086090088
8824,6,1,0.10321594029664993
8825,7,1,0.07715310156345367
8826,8,0,0.019457874819636345
8827,9,1,0.027379456907510757
8828,6,1,0.13156238198280334
8829,4,1,0.06700409948825836
8830,2,1,0.16563543677330017
8831,6,1,0.07189051061868668
8832,4,1,0.12106244266033173
8833,7,1,0.07210244238376617
8834,5,1,0.07516398280858994
8835,5,1,0.0787859633564949
8836,4,1,0.13025902211666107
8837,7,1,0.05893759801983833
8838,2,1,0.24077661335468292
8839,9,1,0.0675830990076065
8840,3,1,0.06550493836402893
8841,9,1,0.07499883323907852
8842,3,1,0.0723741352558136
8843,8,0,0.06141024827957153
8844,2,1,0.1302335262298584
8845,0,1,0.058234527707099915
8846,9,1,0.08112046122550964
8847,5,1,0.09963428974151611
8848,6,1,0.13505861163139343
8849,0,1,0.03617595136165619
8850,1,1,0.06222444027662277
8851,0,1,0.0367158018052578
8852,6,1,0.0954628735780716
8853,5,1,0.08190261572599411
8854,3,1,0.08388189971446991
8855,5,1,0.07087408006191254
8856,3,1,0.09672388434410095
8857,8,0,0.035315703600645065
8858,0,1,0.06799885630607605
8859,0,1,0.06837840378284454
8860,3,1,0.07711908966302872
8861,4,1,0.12878592312335968
8862,1,1,0.05015098303556442
8863,5,1,0.13628262281417847
8864,3,1,0.06260646134614944
8865,0,1,0.07007504999637604
8866,8,0,0.02750248648226261
8867,3,1,0.130801722407341
8868,0,1,0.09105417877435684
8869,6,1,0.08221174776554108
8870,2,1,0.12835747003555298
8871,7,1,0.08607009798288345
8872,8,0,0.029120713472366333
8873,1,1,0.0609438419342041
8874,7,1,0.10681210458278656
8875,1,1,0.05685823783278465
8876,3,1,0.08472263813018799
8877,8,0,0.03159560635685921
8878,5,1,0.05718633905053139
8879,4,1,0.10923507064580917
8880,2,1,0.09293244779109955
8881,0,1,0.03570132702589035
8882,9,1,0.0546579584479332
8883,7,1,0.07517289370298386
8884,6,1,0.12929046154022217
8885,7,1,0.10157125443220139
8886,4,1,0.07478399574756622
8887,1,1,0.10766462981700897
8888,6,1,0.08069506287574768
8889,2,1,0.09604168683290482
8890,6,1,0.07886989414691925
8891,7,1,0.08628111332654953
8892,1,1,0.0660344809293747
8893,9,1,0.04548978433012962
8894,8,0,0.03170657902956009
8895,0,1,0.04387601837515831
8896,6,1,0.07662371546030045
8897,9,1,0.0399271696805954
8898,4,1,0.08564301580190659
8899,9,1,0.062161561101675034
8900,9,1,0.07366695255041122
8901,6,1,0.05395812168717384
8902,2,1,0.053531862795352936
8903,3,1,0.03390798717737198
8904,7,1,0.06490570306777954
8905,1,1,0.08024008572101593
8906,9,1,0.02899113856256008
8907,2,1,0.11984945833683014
8908,2,1,0.09389150142669678
8909,5,1,0.0776229053735733
8910,3,1,0.08535034209489822
8911,7,1,0.06773736327886581
8912,8,0,0.030427759513258934
8913,0,1,0.04115157574415207
8914,1,1,0.07834503054618835
8915,2,1,0.11836306005716324
8916,3,1,0.06643548607826233
8917,4,1,0.04777534306049347
8918,7,1,0.062175918370485306
8919,8,0,0.027115801349282265
8920,9,1,0.05312684178352356
8921,0,1,0.05555158108472824
8922,1,1,0.07233624160289764
8923,2,1,0.08719553798437119
8924,3,1,0.037953995168209076
8925,4,1,0.08905579149723053
8926,7,1,0.06772539764642715
8927,8,0,0.01587514579296112
8928,9,1,0.06261681020259857
8929,0,1,0.13118083775043488
8930,1,1,0.07633756101131439
8931,7,1,0.08064299821853638
8932,8,0,0.03518824279308319
8933,9,1,0.06333231180906296
8934,8,0,0.017059925943613052
8935,9,1,0.04373667389154434
8936,2,1,0.11081200838088989
8937,6,1,0.10999257862567902
8938,1,1,0.0690036192536354
8939,3,1,0.06070472672581673
8940,5,1,0.07222728431224823
8941,4,1,0.06808340549468994
8942,8,0,0.027921095490455627
8943,2,1,0.10067905485630035
8944,6,1,0.06319886445999146
8945,4,1,0.15990287065505981
8946,3,1,0.10432504117488861
8947,4,1,0.11330290883779526
8948,5,1,0.09773343801498413
8949,9,1,0.054171670228242874
8950,2,1,0.17783492803573608
8951,0,1,0.027628082782030106
8952,3,1,0.0649929791688919
8953,9,1,0.033075619488954544
8954,4,1,0.04069249704480171
8955,9,1,0.036036957055330276
8956,7,1,0.08339008688926697
8957,3,1,0.08935371041297913
8958,8,0,0.02037326991558075
8959,7,1,0.04689497873187065
8960,4,1,0.10752472281455994
8961,4,1,0.10737990587949753
8962,9,1,0.03080795519053936
8963,8,0,0.020161420106887817
8964,5,1,0.08336225152015686
8965,8,0,0.033019427210092545
8966,2,1,0.2286328226327896
8967,6,1,0.058394692838191986
8968,6,1,0.09269250929355621
8969,2,1,0.15520021319389343
8970,3,1,0.05778014287352562
8971,1,1,0.06417497247457504
8972,3,1,0.110107421875
8973,2,1,0.10812132805585861
8974,7,1,0.13834376633167267
8975,3,1,0.12899641692638397
8976,1,1,0.08120935410261154
8977,9,1,0.041257187724113464
8978,0,1,0.09759096801280975
8979,1,1,0.13057023286819458
8980,1,1,0.1433388739824295
8981,3,1,0.047357261180877686
8982,5,1,0.08238281309604645
8983,0,1,0.14984232187271118
8984,7,1,0.08031195402145386
8985,8,0,0.02516232803463936
8986,1,1,0.10823483765125275
8987,5,1,0.08221593499183655
8988,1,1,0.06269082427024841
8989,4,1,0.10322411358356476
8990,6,1,0.08851508796215057
8991,0,1,0.1416739821434021
8992,0,1,0.12794901430606842
8993,4,1,0.08158549666404724
8994,9,1,0.053027622401714325
8995,1,1,0.12837335467338562
8996,6,1,0.12432119250297546
8997,6,1,0.09565678238868713
8998,9,1,0.04690409451723099
8999,0,1,0.10242697596549988
9000,7,1,0.1386665552854538
9001,6,1,0.2267543226480484
9002,1,1,0.1120956689119339
9003,1,1,0.12068431079387665
9004,0,1,0.05263804271817207
9005,1,1,0.10649919509887695
9006,2,1,0.0728355124592781
9007,3,1,0.04979399964213371
9008,4,1,0.09248039126396179
9009,7,1,0.06170715391635895
9010,2,1,0.05851228907704353
9011,3,1,0.04256366193294525
9012,4,1,0.14030787348747253
9013,5,1,0.12325108051300049
9014,6,1,0.1102944016456604
9015,7,1,0.08793706446886063
9016,0,1,0.08747708797454834
9017,1,1,0.16484522819519043
9018,2,1,0.12097453325986862
9019,7,1,0.06512550264596939
9020,8,0,0.030029384419322014
9021,6,1,0.11967720836400986
9022,3,1,0.07411198318004608
9023,9,1,0.09553375840187073
9024,7,1,0.08776605129241943
9025,1,1,0.05589591711759567
9026,9,1,0.072556272149086
9027,3,1,0.04770514369010925
9028,9,1,0.036216750741004944
9029,6,1,0.09302090108394623
9030,1,1,0.04607013240456581
9031,7,1,0.073292076587677
9032,2,1,0.08517484366893768
9033,4,1,0.11986380815505981
9034,4,1,0.06351230293512344
9035,5,1,0.11983084678649902
9036,7,1,0.04222477227449417
9037,0,1,0.07369688898324966
9038,0,1,0.1246112510561943
9039,1,1,0.06407193839550018
9040,6,1,0.15331825613975525
9041,6,1,0.16577114164829254
9042,8,0,0.04110603779554367
9043,2,1,0.1059020385146141
9044,7,1,0.06246236711740494
9045,7,1,0.11151145398616791
9046,2,1,0.05859691649675369
9047,4,1,0.2356085479259491
9048,2,1,0.08762607723474503
9049,1,1,0.09642171114683151
9050,6,1,0.09111447632312775
9051,1,1,0.04497339576482773
9052,0,1,0.05140193924307823
9053,6,1,0.07487207651138306
9054,9,1,0.04371921718120575
9055,8,0,0.03494779020547867
9056,3,1,0.10252546519041061
9057,9,1,0.032082635909318924
9058,6,1,0.09780651330947876
9059,3,1,0.0889674574136734
9060,0,1,0.1921074390411377
9061,1,1,0.0472746379673481
9062,2,1,0.12672069668769836
9063,3,1,0.06223743408918381
9064,4,1,0.16358929872512817
9065,5,1,0.05506877228617668
9066,6,1,0.09626355767250061
9067,7,1,0.15366551280021667
9068,8,0,0.02479112520813942
9069,9,1,0.1030358374118805
9070,0,1,0.09249038994312286
9071,1,1,0.028967559337615967
9072,2,1,0.14111390709877014
9073,3,1,0.07087139785289764
9074,4,1,0.1554526388645172
9075,5,1,0.028248202055692673
9076,6,1,0.10301502048969269
9077,7,1,0.216244637966156
9078,8,0,0.0358874686062336
9079,9,1,0.13653188943862915
9080,0,1,0.05880909413099289
9081,1,1,0.05541339889168739
9082,2,1,0.07137510180473328
9083,3,1,0.10497274994850159
9084,4,1,0.07354961335659027
9085,5,1,0.0575399212539196
9086,6,1,0.09651804715394974
9087,7,1,0.19354459643363953
9088,8,0,0.014794819056987762
9089,9,1,0.09825965017080307
9090,1,1,0.07168028503656387
9091,6,1,0.07371403276920319
9092,8,0,0.01211516559123993
9093,9,1,0.08241186290979385
9094,9,1,0.06298743933439255
9095,0,1,0.09311641752719879
9096,1,1,0.06740523129701614
9097,2,1,0.14686785638332367
9098,4,1,0.06453967094421387
9099,4,1,0.0937838926911354
9100,3,1,0.13341708481311798
9101,7,1,0.12433526664972305
9102,4,1,0.08128819614648819
9103,4,1,0.0808798223733902
9104,4,1,0.14453059434890747
9105,0,1,0.05884882062673569
9106,3,1,0.2640579342842102
9107,8,0,0.024235188961029053
9108,7,1,0.1611928790807724
9109,5,1,0.05228094011545181
9110,8,0,0.054747458547353745
9111,2,1,0.11529466509819031
9112,1,1,0.03771711885929108
9113,7,1,0.1266353577375412
9114,5,1,0.042097464203834534
9115,3,1,0.11763936281204224
9116,8,0,0.03975684195756912
9117,5,1,0.07046938687562943
9118,2,1,0.07903055846691132
9119,5,1,0.07285387814044952
9120,1,1,0.11438196152448654
9121,1,1,0.09164822101593018
9122,6,1,0.11243315786123276
9123,2,1,0.16571210324764252
9124,1,1,0.12860973179340363
9125,3,1,0.2032674252986908
9126,8,0,0.032275840640068054
9127,6,1,0.11520858854055405
9128,4,1,0.09326756745576859
9129,2,1,0.12983167171478271
9130,6,1,0.12188931554555893
9131,2,1,0.18077990412712097
9132,5,1,0.05387219041585922
9133,5,1,0.13204601407051086
9134,0,1,0.06402939558029175
9135,2,1,0.32195529341697693
9136,8,0,0.03262384235858917
9137,0,1,0.06264197081327438
9138,6,1,0.1418578177690506
9139,8,0,0.023221518844366074
9140,1,1,0.08464522659778595
9141,7,1,0.12631142139434814
9142,9,1,0.05944058671593666
9143,1,1,0.09212464094161987
9144,9,1,0.05630580708384514
9145,2,1,0.11361688375473022
9146,6,1,0.08932337909936905
9147,7,1,0.09952926635742188
9148,6,1,0.07311978936195374
9149,6,1,0.0485491007566452
9150,8,0,0.03437880426645279
9151,7,1,0.08410704135894775
9152,4,1,0.07947426289319992
9153,9,1,0.059504300355911255
9154,2,1,0.1600748598575592
9155,1,1,0.05551879107952118
9156,3,1,0.15614011883735657
9157,3,1,0.12602397799491882
9158,0,1,0.11774498969316483
9159,5,1,0.04019821807742119
9160,5,1,0.07640762627124786
9161,8,0,0.03903063386678696
9162,0,1,0.036577578634023666
9163,3,1,0.12491901963949203
9164,7,1,0.1601036787033081
9165,9,1,0.05221205949783325
9166,7,1,0.15203195810317993
9167,0,1,0.16689778864383698
9168,2,1,0.09941855072975159
9169,7,1,0.0941985696554184
9170,9,1,0.06300640851259232
9171,1,1,0.06846757233142853
9172,7,1,0.09749656170606613
9173,8,0,0.016054293140769005
9174,0,1,0.12938804924488068
9175,3,1,0.20807528495788574
9176,5,1,0.0711202323436737
9177,3,1,0.05072542279958725
9178,6,1,0.13500110805034637
9179,0,1,0.05793258920311928
9180,1,1,0.09296013414859772
9181,2,1,0.07106123119592667
9182,3,1,0.019504230469465256
9183,4,1,0.07554709911346436
9184,5,1,0.032084353268146515
9185,6,1,0.08976788818836212
9186,7,1,0.053664252161979675
9187,8,0,0.030554387718439102
9188,9,1,0.04481058195233345
9189,0,1,0.15411588549613953
9190,1,1,0.07656088471412659
9191,2,1,0.09963534772396088
9192,3,1,0.057139769196510315
9193,4,1,0.11703260242938995
9194,5,1,0.057962700724601746
9195,6,1,0.07309615612030029
9196,7,1,0.10635793209075928
9197,8,0,0.04363662004470825
9198,9,1,0.06177796423435211
9199,0,1,0.1108897477388382
9200,1,1,0.08418344706296921
9201,2,1,0.07905279099941254
9202,3,1,0.08813786506652832
9203,4,1,0.05721023678779602
9204,7,1,0.16611120104789734
9205,8,0,0.04056626930832863
9206,9,1,0.061702460050582886
9207,6,1,0.05666196346282959
9208,4,1,0.04758424684405327
9209,2,1,0.06788311898708344
9210,6,1,0.05457339808344841
9211,4,1,0.06554058939218521
9212,7,1,0.061149712651968
9213,8,0,0.021269943565130234
9214,9,1,0.028431378304958344
9215,2,1,0.07083398848772049
9216,9,1,0.037779029458761215
9217,3,1,0.05972124636173248
9218,9,1,0.035835616290569305
9219,3,1,0.04687843844294548
9220,0,1,0.09810519218444824
9221,0,1,0.035796426236629486
9222,1,1,0.10115689039230347
9223,0,1,0.07759962230920792
9224,4,1,0.08086805790662766
9225,2,1,0.06009270250797272
9226,6,1,0.07302834093570709
9227,3,1,0.06218953803181648
9228,5,1,0.05716400966048241
9229,3,1,0.07342436909675598
9230,0,1,0.09668807685375214
9231,3,1,0.04077784717082977
9232,4,1,0.09807385504245758
9233,1,1,0.13309545814990997
9234,5,1,0.06899340450763702
9235,3,1,0.08886821568012238
9236,0,1,0.06961552798748016
9237,8,0,0.029088294133543968
9238,3,1,0.08990847319364548
9239,0,1,0.11977890133857727
9240,6,1,0.06095709651708603
9241,1,1,0.1336406022310257
9242,7,1,0.0541754774749279
9243,8,0,0.03734058514237404
9244,0,1,0.04458698630332947
9245,9,1,0.06275603175163269
9246,2,1,0.1121877133846283
9247,6,1,0.08489394187927246
9248,7,1,0.037970103323459625
9249,1,1,0.07161776721477509
9250,9,1,0.04865584522485733
9251,6,1,0.11711816489696503
9252,9,1,0.044393423944711685
9253,4,1,0.08303633332252502
9254,9,1,0.04663681983947754
9255,9,1,0.05101129785180092
9256,6,1,0.05702841654419899
9257,7,1,0.08552360534667969
9258,1,1,0.08718153834342957
9259,2,1,0.10600653290748596
9260,5,1,0.04620739072561264
9261,3,1,0.03667636215686798
9262,7,1,0.12940838932991028
9263,8,0,0.05273613706231117
9264,0,1,0.33249640464782715
9265,1,1,0.2159106433391571
9266,2,1,0.10082338750362396
9267,4,1,0.22138704359531403
9268,5,1,0.055405981838703156
9269,6,1,0.13062703609466553
9270,7,1,0.16139429807662964
9271,8,0,0.03297300636768341
9272,9,1,0.11420375108718872
9273,0,1,0.36920374631881714
9274,1,1,0.10736923664808273
9275,3,1,0.17825673520565033
9276,4,1,0.10405583679676056
9277,5,1,0.056007497012615204
9278,6,1,0.2169586420059204
9279,7,1,0.19657199084758759
9280,8,0,0.06023324280977249
9281,0,1,0.48774784803390503
9282,1,1,0.20260663330554962
9283,3,1,0.24097402393817902
9284,4,1,0.1940796822309494
9285,7,1,0.2666788399219513
9286,8,0,0.051080215722322464
9287,9,1,0.09598694741725922
9288,7,1,0.1275721788406372
9289,5,1,0.07037795335054398
9290,5,1,0.07315079867839813
9291,1,1,0.15224334597587585
9292,9,1,0.08215425908565521
9293,9,1,0.07145433872938156
9294,7,1,0.16215889155864716
9295,1,1,0.14489181339740753
9296,0,1,0.15877823531627655
9297,0,1,0.21180087327957153
9298,5,1,0.0849606990814209
9299,9,1,0.0962771624326706
9300,7,1,0.2554059624671936
9301,1,1,0.18967890739440918
9302,7,1,0.2809101343154907
9303,2,1,0.06950102746486664
9304,2,1,0.17563696205615997
9305,3,1,0.21806280314922333
9306,6,1,0.24585261940956116
9307,8,0,0.01557458471506834
9308,3,1,0.1751224547624588
9309,2,1,0.14046375453472137
9310,0,1,0.2945127487182617
9311,0,1,0.2140011042356491
9312,6,1,0.13457052409648895
9313,1,1,0.17441299557685852
9314,7,1,0.1498708575963974
9315,5,1,0.10260813683271408
9316,8,0,0.09373685717582703
9317,6,1,0.21414364874362946
9318,2,1,0.16956555843353271
9319,9,1,0.17224092781543732
9320,4,1,0.17182859778404236
9321,8,0,0.04402897506952286
9322,8,0,0.02928248606622219
9323,7,1,0.22848451137542725
9324,1,1,0.13687117397785187
9325,0,1,0.23527763783931732
9326,8,0,0.05834357813000679
9327,7,1,0.19396287202835083
9328,7,1,0.22415518760681152
9329,5,1,0.12361498177051544
9330,8,0,0.024705754593014717
9331,5,1,0.04943963140249252
9332,3,1,0.123797707259655
9333,4,1,0.06417730450630188
9334,6,1,0.09009817987680435
9335,1,1,0.14789050817489624
9336,1,1,0.16518443822860718
9337,5,1,0.07275917381048203
9338,5,1,0.09324519336223602
9339,0,1,0.3168426752090454
9340,7,1,0.17131638526916504
9341,2,1,0.12351968884468079
9342,3,1,0.20704396069049835
9343,6,1,0.11079232394695282
9344,4,1,0.14263728260993958
9345,1,1,0.12951251864433289
9346,2,1,0.07651308923959732
9347,4,1,0.1733875423669815
9348,1,1,0.14345771074295044
9349,5,1,0.10459011793136597
9350,4,1,0.20961228013038635
9351,2,1,0.18019834160804749
9352,0,1,0.2977548837661743
9353,4,1,0.1710398942232132
9354,8,0,0.038503050804138184
9355,6,1,0.1958310902118683
9356,1,1,0.1723545640707016
9357,9,1,0.0808320939540863
9358,0,1,0.24555668234825134
9359,2,1,0.15075771510601044
9360,5,1,0.14460036158561707
9361,6,1,0.10266368091106415
9362,9,1,0.09311069548130035
9363,3,1,0.13197889924049377
9364,6,1,0.12137289345264435
9365,3,1,0.07066081464290619
9366,6,1,0.1938764452934265
9367,0,1,0.15749385952949524
9368,1,1,0.07363854348659515
9369,2,1,0.08993731439113617
9370,3,1,0.15659184753894806
9371,4,1,0.21210813522338867
9372,5,1,0.05356702208518982
9373,6,1,0.18009765446186066
9374,7,1,0.11882546544075012
9375,8,0,0.05998769402503967
9376,9,1,0.13400676846504211
9377,0,1,0.12088727951049805
9378,1,1,0.06730574369430542
9379,2,1,0.047378987073898315
9380,3,1,0.11705811321735382
9381,4,1,0.08713109791278839
9382,5,1,0.05509905517101288
9383,6,1,0.09612450003623962
9384,7,1,0.12018176913261414
9385,8,0,0.033133190125226974
9386,9,1,0.09902358055114746
9387,0,1,0.11896618455648422
9388,1,1,0.08161038160324097
9389,2,1,0.058239422738552094
9390,3,1,0.10717899352312088
9391,5,1,0.05156608670949936
9392,6,1,0.26604554057121277
9393,7,1,0.10750555992126465
9394,8,0,0.04943303018808365
9395,1,1,0.10357194393873215
9396,0,1,0.21784940361976624
9397,9,1,0.09390298277139664
9398,5,1,0.0998939573764801
9399,7,1,0.20640623569488525
9400,5,1,0.05651934817433357
9401,1,1,0.12203486263751984
9402,8,0,0.030101602897047997
9403,6,1,0.15790462493896484
9404,9,1,0.1402965486049652
9405,0,1,0.11070768535137177
9406,4,1,0.15071530640125275
9407,1,1,0.09411130845546722
9408,9,1,0.11638744920492172
9409,3,1,0.0738273486495018
9410,8,0,0.05512223392724991
9411,4,1,0.15125764906406403
9412,4,1,0.10614578425884247
9413,7,1,0.09452907741069794
9414,0,1,0.09527087211608887
9415,1,1,0.09639368951320648
9416,9,1,0.30097824335098267
9417,2,1,0.16228052973747253
9418,8,0,0.03197963535785675
9419,7,1,0.1935952603816986
9420,8,0,0.024444881826639175
9421,2,1,0.18542316555976868
9422,5,1,0.07356250286102295
9423,9,1,0.09293092042207718
9424,6,1,0.1243397518992424
9425,0,1,0.18215979635715485
9426,6,1,0.1904715597629547
9427,5,1,0.10073453187942505
9428,5,1,0.024759499356150627
9429,3,1,0.05727788060903549
9430,3,1,0.058635540306568146
9431,3,1,0.08077171444892883
9432,9,1,0.10966852307319641
9433,8,0,0.07053238153457642
9434,1,1,0.118711918592453
9435,1,1,0.12021241337060928
9436,0,1,0.10889574885368347
9437,6,1,0.13638433814048767
9438,1,1,0.09919405728578568
9439,0,1,0.11132761836051941
9440,0,1,0.0963880866765976
9441,6,1,0.14359065890312195
9442,2,1,0.14946845173835754
9443,1,1,0.10090062022209167
9444,1,1,0.11491764336824417
9445,3,1,0.07359263300895691
9446,2,1,0.18725548684597015
9447,7,1,0.12037025392055511
9448,7,1,0.12878219783306122
9449,8,0,0.04845311492681503
9450,8,0,0.08537024259567261
9451,7,1,0.15068462491035461
9452,8,0,0.05367937684059143
9453,4,1,0.13904529809951782
9454,6,1,0.1078098714351654
9455,0,1,0.15133559703826904
9456,2,1,0.14432357251644135
9457,0,1,0.17101678252220154
9458,7,1,0.08904966711997986
9459,0,1,0.1453949511051178
9460,3,1,0.11001059412956238
9461,6,1,0.10584762692451477
9462,8,0,0.022730661556124687
9463,7,1,0.08975663781166077
9464,1,1,0.11309900879859924
9465,5,1,0.11994975805282593
9466,9,1,0.061724256724119186
9467,9,1,0.06400895118713379
9468,3,1,0.048684023320674896
9469,7,1,0.17889735102653503
9470,2,1,0.1723099797964096
9471,4,1,0.16620367765426636
9472,9,1,0.1126098707318306
9473,4,1,0.13753220438957214
9474,3,1,0.0720570906996727
9475,6,1,0.16332878172397614
9476,2,1,0.15446911752223969
9477,2,1,0.16535399854183197
9478,5,1,0.09660173952579498
9479,3,1,0.09085096418857574
9480,2,1,0.14885064959526062
9481,5,1,0.07610711455345154
9482,5,1,0.10923933982849121
9483,9,1,0.07110270857810974
9484,4,1,0.1138065755367279
9485,1,1,0.052796371281147
9486,7,1,0.11958204209804535
9487,2,1,0.2178301215171814
9488,0,1,0.1627044379711151
9489,1,1,0.08857319504022598
9490,2,1,0.21400253474712372
9491,3,1,0.12054640799760818
9492,4,1,0.21309435367584229
9493,5,1,0.05149068683385849
9494,6,1,0.3199109435081482
9495,7,1,0.21131077408790588
9496,8,0,0.032167743891477585
9497,9,1,0.04719317704439163
9498,0,1,0.1896916776895523
9499,1,1,0.08173510432243347
9500,2,1,0.10881616920232773
9501,3,1,0.07426408678293228
9502,4,1,0.13250401616096497
9503,5,1,0.13215000927448273
9504,6,1,0.20672450959682465
9505,7,1,0.1120438277721405
9506,8,0,0.036481715738773346
9507,9,1,0.05105726420879364
9508,0,1,0.058736652135849
9509,1,1,0.056697212159633636
9510,2,1,0.07856994867324829
9511,3,1,0.06687874346971512
9512,4,1,0.1089632511138916
9513,5,1,0.10266482830047607
9514,6,1,0.11763182282447815
9515,7,1,0.10906650125980377
9516,8,0,0.024319477379322052
9517,9,1,0.03320972993969917
9518,1,1,0.09547418355941772
9519,0,1,0.0811406821012497
9520,1,1,0.09392023086547852
9521,2,1,0.08883550018072128
9522,7,1,0.08306609839200974
9523,5,1,0.09717641025781631
9524,3,1,0.042990848422050476
9525,4,1,0.14531150460243225
9526,4,1,0.11334293335676193
9527,0,1,0.11893624812364578
9528,0,1,0.09926936030387878
9529,6,1,0.12261257320642471
9530,9,1,0.09285196661949158
9531,6,1,0.13647672533988953
9532,6,1,0.1620352417230606
9533,5,1,0.14187723398208618
9534,7,1,0.03550969809293747
9535,2,1,0.05504680424928665
9536,3,1,0.042265959084033966
9537,4,1,0.043726738542318344
9538,4,1,0.04309182986617088
9539,9,1,0.04247964546084404
9540,1,1,0.07257644832134247
9541,4,1,0.04594548046588898
9542,0,1,0.029014090076088905
9543,7,1,0.056630685925483704
9544,9,1,0.03722848743200302
9545,5,1,0.10565747320652008
9546,7,1,0.04475514590740204
9547,2,1,0.04169726371765137
9548,3,1,0.06167785823345184
9549,1,1,0.08995824307203293
9550,4,1,0.06069565936923027
9551,4,1,0.07107894122600555
9552,0,1,0.03853219747543335
9553,9,1,0.0396813303232193
9554,9,1,0.044901177287101746
9555,6,1,0.1215180903673172
9556,1,1,0.06067216768860817
9557,8,0,0.020318185910582542
9558,3,1,0.030188601464033127
9559,3,1,0.08275384455919266
9560,7,1,0.10148189961910248
9561,3,1,0.03295489028096199
9562,9,1,0.04030296951532364
9563,8,0,0.050799231976270676
9564,8,0,0.038608647882938385
9565,4,1,0.11144483089447021
9566,7,1,0.04691363871097565
9567,7,1,0.1112225353717804
9568,6,1,0.09265969693660736
9569,2,1,0.185591459274292
9570,1,1,0.07061048597097397
9571,9,1,0.02391241304576397
9572,8,0,0.04347459226846695
9573,7,1,0.11568521708250046
9574,8,0,0.024449922144412994
9575,8,0,0.02860257402062416
9576,7,1,0.0733259841799736
9577,2,1,0.07412002980709076
9578,2,1,0.1572100818157196
9579,3,1,0.0700470358133316
9580,9,1,0.04733094573020935
9581,3,1,0.02592526003718376
9582,3,1,0.07375660538673401
9583,5,1,0.06621300429105759
9584,5,1,0.05134713277220726
9585,0,1,0.06575928628444672
9586,7,1,0.11465847492218018
9587,9,1,0.11767072975635529
9588,5,1,0.06421427428722382
9589,6,1,0.11023634672164917
9590,5,1,0.08564350754022598
9591,1,1,0.059445321559906006
9592,4,1,0.06638942658901215
9593,1,1,0.05043228715658188
9594,1,1,0.038933806121349335
9595,2,1,0.14716088771820068
9596,8,0,0.049251869320869446
9597,2,1,0.13197191059589386
9598,6,1,0.10978532582521439
9599,1,1,0.04309950768947601
9600,5,1,0.0630112886428833
9601,0,1,0.12791237235069275
9602,1,1,0.06659780442714691
9603,2,1,0.09204749763011932
9604,3,1,0.20733559131622314
9605,4,1,0.12616375088691711
9606,5,1,0.193630188703537
9607,6,1,0.08424076437950134
9608,7,1,0.15674179792404175
9609,8,0,0.038604505360126495
9610,9,1,0.08834157884120941
9611,0,1,0.17614683508872986
9612,1,1,0.17070160806179047
9613,2,1,0.09503912925720215
9614,3,1,0.09179769456386566
9615,4,1,0.13394169509410858
9616,5,1,0.0738043412566185
9617,6,1,0.03707566112279892
9618,7,1,0.0891689881682396
9619,8,0,0.0674804300069809
9620,9,1,0.041746120899915695
9621,0,1,0.06173432618379593
9622,1,1,0.05264052003622055
9623,2,1,0.11054863780736923
9624,3,1,0.0630866140127182
9625,4,1,0.11489219218492508
9626,5,1,0.11210274696350098
9627,6,1,0.12712180614471436
9628,7,1,0.2613406777381897
9629,8,0,0.06260892003774643
9630,8,0,0.02650325372815132
9631,0,1,0.05458306893706322
9632,6,1,0.07818987965583801
9633,0,1,0.0566474124789238
9634,0,1,0.20724435150623322
9635,2,1,0.151228129863739
9636,3,1,0.15735550224781036
9637,7,1,0.09970296919345856
9638,9,1,0.04855159670114517
9639,4,1,0.09986169636249542
9640,7,1,0.0971997082233429
9641,1,1,0.07242222130298615
9642,9,1,0.06990692764520645
9643,1,1,0.10430806875228882
9644,7,1,0.11401495337486267
9645,1,1,0.15015417337417603
9646,4,1,0.03713682293891907
9647,0,1,0.10759430378675461
9648,0,1,0.11272802203893661
9649,1,1,0.13843896985054016
9650,7,1,0.09229584038257599
9651,5,1,0.10094004124403
9652,7,1,0.11050581932067871
9653,1,1,0.08580602705478668
9654,3,1,0.08803044259548187
9655,3,1,0.07775981724262238
9656,3,1,0.10587441921234131
9657,1,1,0.07194089889526367
9658,6,1,0.08353772014379501
9659,9,1,0.02944714017212391
9660,7,1,0.1512134075164795
9661,1,1,0.03765550255775452
9662,3,1,0.21810126304626465
9663,0,1,0.10024351626634598
9664,2,1,0.10630235821008682
9665,6,1,0.11619558930397034
9666,0,1,0.0343654491007328
9667,8,0,0.03943472355604172
9668,9,1,0.05996960401535034
9669,4,1,0.07589671015739441
9670,3,1,0.07134056091308594
9671,5,1,0.08864663541316986
9672,4,1,0.06562720984220505
9673,8,0,0.10631325840950012
9674,1,1,0.05549294501543045
9675,5,1,0.1292419731616974
9676,9,1,0.05030857026576996
9677,0,1,0.148992657661438
9678,6,1,0.0965239554643631
9679,6,1,0.10940593481063843
9680,3,1,0.06519462913274765
9681,8,0,0.03684783726930618
9682,1,1,0.061041004955768585
9683,4,1,0.09615955501794815
9684,7,1,0.09782509505748749
9685,5,1,0.059314876794815063
9686,2,1,0.12410160154104233
9687,0,1,0.07999256253242493
9688,0,1,0.06907331943511963
9689,1,1,0.054126206785440445
9690,7,1,0.05448176711797714
9691,8,0,0.08247184753417969
9692,9,1,0.10508394241333008
9693,6,1,0.1389630138874054
9694,8,0,0.042184017598629
9695,8,0,0.057838112115859985
9696,2,1,0.0616261251270771
9697,3,1,0.07912267744541168
9698,6,1,0.20215576887130737
9699,1,1,0.05649953335523605
9700,2,1,0.17351499199867249
9701,9,1,0.08870046585798264
9702,5,1,0.10013751685619354
9703,2,1,0.1451909840106964
9704,0,1,0.05933282524347305
9705,1,1,0.08865468204021454
9706,2,1,0.09021750092506409
9707,3,1,0.10213883966207504
9708,4,1,0.05211156979203224
9709,5,1,0.14292553067207336
9710,6,1,0.10932399332523346
9711,7,1,0.06298156082630157
9712,8,0,0.03605884313583374
9713,9,1,0.03994077444076538
9714,0,1,0.05999755859375
9715,1,1,0.06703542172908783
9716,2,1,0.06168510019779205
9717,3,1,0.10341062396764755
9718,4,1,0.061374299228191376
9719,5,1,0.0646623820066452
9720,6,1,0.1345275342464447
9721,7,1,0.08938787877559662
9722,8,0,0.03425396606326103
9723,9,1,0.03359207883477211
9724,0,1,0.13213108479976654
9725,1,1,0.10792439430952072
9726,2,1,0.11284732073545456
9727,3,1,0.1275731325149536
9728,4,1,0.06829650700092316
9729,5,1,0.12475257366895676
9730,6,1,0.09813714027404785
9731,7,1,0.0649898499250412
9732,8,0,0.04243224114179611
9733,9,1,0.05072210729122162
9734,7,1,0.04080195352435112
9735,4,1,0.06424358487129211
9736,6,1,0.1675524115562439
9737,1,1,0.07803367078304291
9738,4,1,0.05573415756225586
9739,0,1,0.04109504446387291
9740,9,1,0.041563235223293304
9741,9,1,0.03431571647524834
9742,3,1,0.1405322104692459
9743,7,1,0.08541837334632874
9744,8,0,0.055519115179777145
9745,4,1,0.048780906945466995
9746,7,1,0.07148139178752899
9747,5,1,0.09775824844837189
9748,8,0,0.05612034350633621
9749,5,1,0.07831835746765137
9750,3,1,0.1667713224887848
9751,2,1,0.08658754080533981
9752,2,1,0.12031634896993637
9753,0,1,0.06299450248479843
9754,5,1,0.15221798419952393
9755,8,0,0.06921277195215225
9756,6,1,0.1322452574968338
9757,0,1,0.051992833614349365
9758,3,1,0.040427010506391525
9759,8,0,0.05789092555642128
9760,1,1,0.08374445140361786
9761,0,1,0.10281158238649368
9762,3,1,0.0817689597606659
9763,0,1,0.17985200881958008
9764,4,1,0.0854833573102951
9765,7,1,0.06778426468372345
9766,4,1,0.1009397953748703
9767,9,1,0.04232436791062355
9768,2,1,0.1005900651216507
9769,9,1,0.06815205514431
9770,5,1,0.07698559015989304
9771,7,1,0.04041024297475815
9772,1,1,0.07513183355331421
9773,7,1,0.034703344106674194
9774,1,1,0.10002457350492477
9775,6,1,0.1034291535615921
9776,6,1,0.0485881045460701
9777,5,1,0.1688045859336853
9778,6,1,0.12367073446512222
9779,2,1,0.07160522043704987
9780,8,0,0.051784075796604156
9781,7,1,0.09004592150449753
9782,6,1,0.1334952563047409
9783,4,1,0.06550413370132446
9784,9,1,0.04026368632912636
9785,9,1,0.03589142858982086
9786,5,1,0.051235806196928024
9787,3,1,0.09328405559062958
9788,7,1,0.13809934258460999
9789,4,1,0.06205342710018158
9790,3,1,0.07846209406852722
9791,0,1,0.04418661817908287
9792,4,1,0.03406256064772606
9793,6,1,0.25906938314437866
9794,6,1,0.1575964391231537
9795,1,1,0.15188559889793396
9796,1,1,0.11475293338298798
9797,3,1,0.054560624063014984
9798,2,1,0.0937625989317894
9799,1,1,0.10058383643627167
9800,0,1,0.12576788663864136
9801,0,1,0.15077735483646393
9802,1,1,0.04871058091521263
9803,2,1,0.04723802208900452
9804,3,1,0.0730314701795578
9805,4,1,0.11048443615436554
9806,7,1,0.11239501088857651
9807,8,0,0.01444593071937561
9808,9,1,0.09953431785106659
9809,0,1,0.038820065557956696
9810,1,1,0.07878054678440094
9811,2,1,0.059933315962553024
9812,3,1,0.07942645251750946
9813,4,1,0.11019888520240784
9814,5,1,0.12677419185638428
9815,6,1,0.07548478990793228
9816,7,1,0.1141953319311142
9817,8,0,0.04513769596815109
9818,0,1,0.03502320498228073
9819,1,1,0.040866103023290634
9820,2,1,0.06365887075662613
9821,3,1,0.07283157110214233
9822,4,1,0.12126633524894714
9823,7,1,0.10535480082035065
9824,8,0,0.029943659901618958
9825,9,1,0.06121305748820305
9826,0,1,0.037879325449466705
9827,8,0,0.021408598870038986
9828,3,1,0.048149432986974716
9829,9,1,0.034646593034267426
9830,5,1,0.19375048577785492
9831,5,1,0.11876856535673141
9832,2,1,0.03027346543967724
9833,6,1,0.059692930430173874
9834,8,0,0.0506015419960022
9835,4,1,0.09334607422351837
9836,1,1,0.06363879889249802
9837,7,1,0.0810384452342987
9838,1,1,0.07534635066986084
9839,2,1,0.17359715700149536
9840,3,1,0.05618240684270859
9841,5,1,0.2035662829875946
9842,6,1,0.15267151594161987
9843,9,1,0.04545718431472778
9844,1,1,0.09882307797670364
9845,1,1,0.07364537566900253
9846,1,1,0.08126489073038101
9847,2,1,0.06631578505039215
9848,1,1,0.05568155646324158
9849,2,1,0.14709238708019257
9850,0,1,0.05895823985338211
9851,7,1,0.133017435669899
9852,7,1,0.06306231766939163
9853,5,1,0.12267331779003143
9854,8,0,0.0355268232524395
9855,2,1,0.08781212568283081
9856,9,1,0.11255979537963867
9857,8,0,0.053550202399492264
9858,6,1,0.06272172182798386
9859,7,1,0.11545062810182571
9860,3,1,0.08969467878341675
9861,4,1,0.11637603491544724
9862,6,1,0.07098302245140076
9863,8,0,0.05415595695376396
9864,7,1,0.0497642457485199
9865,0,1,0.017306450754404068
9866,4,1,0.17894946038722992
9867,2,1,0.1149502843618393
9868,7,1,0.0682108998298645
9869,7,1,0.09471102058887482
9870,5,1,0.12279996275901794
9871,4,1,0.1708012968301773
9872,3,1,0.09584055840969086
9873,4,1,0.19733627140522003
9874,2,1,0.12000904232263565
9875,8,0,0.035268671810626984
9876,1,1,0.04688437283039093
9877,5,1,0.07560296356678009
9878,1,1,0.06268718093633652
9879,0,1,0.0696578323841095
9880,2,1,0.07139570266008377
9881,3,1,0.0340980589389801
9882,3,1,0.04940430074930191
9883,5,1,0.08117636293172836
9884,7,1,0.08488397300243378
9885,0,1,0.02105708234012127
9886,6,1,0.12431567162275314
9887,8,0,0.052436474710702896
9888,6,1,0.048293910920619965
9889,3,1,0.09954935312271118
9890,9,1,0.04620790109038353
9891,9,1,0.06123824045062065
9892,8,0,0.07234939932823181
9893,2,1,0.0640864223241806
9894,7,1,0.10827130824327469
9895,7,1,0.0623147189617157
9896,1,1,0.06445543467998505
9897,0,1,0.2241133451461792
9898,1,1,0.08377231657505035
9899,7,1,0.05341370403766632
9900,8,0,0.026584742590785027
9901,9,1,0.05187245458364487
9902,0,1,0.06068820506334305
9903,1,1,0.13406676054000854
9904,2,1,0.11438435316085815
9905,3,1,0.04892193526029587
9906,4,1,0.07317280769348145
9907,5,1,0.15478885173797607
9908,6,1,0.12846702337265015
9909,7,1,0.030212439596652985
9910,8,0,0.09850290417671204
9911,0,1,0.10991336405277252
9912,1,1,0.10244020819664001
9913,2,1,0.07295212149620056
9914,3,1,0.06373628973960876
9915,4,1,0.1370372176170349
9916,7,1,0.08034078776836395
9917,8,0,0.034045808017253876
9918,9,1,0.0719822496175766
9919,7,1,0.06871604919433594
9920,8,0,0.023554306477308273
9921,6,1,0.09454013407230377
9922,4,1,0.04844976216554642
9923,1,1,0.07637099176645279
9924,9,1,0.08914428949356079
9925,3,1,0.05547434464097023
9926,8,0,0.09236641228199005
9927,4,1,0.13824544847011566
9928,4,1,0.10508964210748672
9929,7,1,0.10633592307567596
9930,0,1,0.08705440163612366
9931,1,1,0.08910535275936127
9932,9,1,0.06228794530034065
9933,2,1,0.1242866963148117
9934,8,0,0.01985151134431362
9935,7,1,0.06012418866157532
9936,8,0,0.024630054831504822
9937,2,1,0.13149777054786682
9938,6,1,0.09773947298526764
9939,0,1,0.047891683876514435
9940,6,1,0.2354014366865158
9941,5,1,0.06487210839986801
9942,3,1,0.05086423456668854
9943,3,1,0.022375352680683136
9944,3,1,0.053597576916217804
9945,9,1,0.07060900330543518
9946,1,1,0.06336984038352966
9947,4,1,0.1442413628101349
9948,0,1,0.18848365545272827
9949,6,1,0.13136394321918488
9950,1,1,0.05464813858270645
9951,0,1,0.07205325365066528
9952,0,1,0.1305987536907196
9953,6,1,0.2907593846321106
9954,2,1,0.07745252549648285
9955,1,1,0.12355679273605347
9956,1,1,0.08017361909151077
9957,7,1,0.040151625871658325
9958,7,1,0.08732107281684875
9959,8,0,0.030692586675286293
9960,4,1,0.06875096261501312
9961,6,1,0.06351938843727112
9962,0,1,0.23120471835136414
9963,7,1,0.07859533280134201
9964,0,1,0.11418687552213669
9965,3,1,0.1861993968486786
9966,6,1,0.1761942207813263
9967,8,0,0.06635048985481262
9968,7,1,0.10038375854492188
9969,1,1,0.07894212007522583
9970,5,1,0.12719319760799408
9971,2,1,0.0831649899482727
9972,4,1,0.12456652522087097
9973,9,1,0.06984353810548782
9974,4,1,0.14525827765464783
9975,3,1,0.06432680785655975
9976,6,1,0.056189049035310745
9977,4,1,0.04241371527314186
9978,1,1,0.1189044937491417
9979,7,1,0.05785214155912399
9980,2,1,0.07537215948104858
9981,6,1,0.08550867438316345
9982,5,1,0.09414498507976532
9983,0,1,0.0818510428071022
9984,1,1,0.08026860654354095
9985,2,1,0.060281455516815186
9986,3,1,0.04306376725435257
9987,4,1,0.10743292421102524
9988,5,1,0.045394521206617355
9989,6,1,0.041889652609825134
9990,7,1,0.06596162915229797
9991,8,0,0.018563425168395042
9992,9,1,0.06942415237426758
9993,0,1,0.05480717122554779
9994,1,1,0.06055491790175438
9995,2,1,0.10300594568252563
9996,3,1,0.0491749607026577
9997,4,1,0.05193448066711426
9998,5,1,0.08017398416996002
9999,6,1,0.09122344106435776
