sample_id,original_label,anomaly_label,score
0,3,1,-0.0015786439180374146
1,8,1,-0.06483055651187897
2,8,1,-0.06825102865695953
3,0,1,-0.07261491566896439
4,6,1,0.02373412251472473
5,6,1,-0.021585628390312195
6,1,0,-0.02264224737882614
7,6,1,0.014430135488510132
8,3,1,0.012664392590522766
9,1,0,-0.04659590125083923
10,0,1,0.003440961241722107
11,9,1,-0.02725643664598465
12,5,1,-0.028391078114509583
13,7,1,-0.04967189580202103
14,9,1,0.011894956231117249
15,8,1,-0.015348456799983978
16,5,1,-0.05259875953197479
17,7,1,-0.028185531497001648
18,8,1,-0.08498124033212662
19,6,1,-0.05528680980205536
20,7,1,0.02506643533706665
21,0,1,0.40540993213653564
22,4,1,-0.0264974907040596
23,9,1,0.026831641793251038
24,5,1,-0.0045285820960998535
25,2,1,-0.0009723454713821411
26,4,1,0.017014995217323303
27,0,1,-0.05790989100933075
28,9,1,-0.021953023970127106
29,6,1,-0.03937242180109024
30,6,1,0.0024495571851730347
31,5,1,0.02552647888660431
32,4,1,-0.04928705096244812
33,5,1,-0.06119193136692047
34,9,1,-0.06823442131280899
35,2,1,-0.053545862436294556
36,4,1,0.020946934819221497
37,1,0,-0.049020156264305115
38,9,1,0.003551989793777466
39,5,1,-0.03759367763996124
40,4,1,-0.01920388638973236
41,6,1,0.0052257925271987915
42,5,1,-0.02428755909204483
43,6,1,0.015017583966255188
44,0,1,-0.022793971002101898
45,9,1,-0.042614907026290894
46,3,1,-0.02891809493303299
47,9,1,0.016031071543693542
48,7,1,-0.02392730861902237
49,6,1,-0.022320687770843506
50,9,1,-0.0634436309337616
51,8,1,-0.024053022265434265
52,0,1,-0.0316082239151001
53,3,1,-0.03408364951610565
54,8,1,-0.0727587640285492
55,8,1,-0.06535366922616959
56,7,1,-0.023316815495491028
57,7,1,-0.05414624512195587
58,4,1,0.061243876814842224
59,6,1,0.03517980873584747
60,7,1,0.013979867100715637
61,3,1,-0.02882678061723709
62,6,1,-0.052077919244766235
63,3,1,-0.05738648772239685
64,6,1,0.012065187096595764
65,2,1,0.01248900592327118
66,1,0,-0.0457792729139328
67,2,1,0.004326522350311279
68,3,1,-0.015212200582027435
69,7,1,-0.08867877721786499
70,2,1,0.015895619988441467
71,6,1,-0.02335624396800995
72,8,1,0.07165639102458954
73,8,1,-0.008220382034778595
74,0,1,-0.07089194655418396
75,2,1,0.0688197910785675
76,9,1,0.0018627792596817017
77,3,1,-0.04864835739135742
78,3,1,-0.016608230769634247
79,8,1,-0.05247429013252258
80,8,1,-0.07489917427301407
81,1,0,0.016224130988121033
82,1,0,0.003255292773246765
83,7,1,0.14090175926685333
84,2,1,0.044738247990608215
85,5,1,-0.020684130489826202
86,2,1,-0.032253384590148926
87,7,1,-0.08023733645677567
88,8,1,-0.06732584536075592
89,9,1,-0.015605732798576355
90,0,1,0.024557754397392273
91,3,1,-0.03642790764570236
92,8,1,-0.006069757044315338
93,6,1,-0.04273679107427597
94,4,1,-0.00731968879699707
95,6,1,0.053166404366493225
96,6,1,0.020403102040290833
97,0,1,0.8389466404914856
98,0,1,0.0921216756105423
99,7,1,-0.05166010558605194
100,4,1,0.012761518359184265
101,5,1,-0.053775347769260406
102,6,1,-0.04619194567203522
103,3,1,-0.04737158864736557
104,1,0,-0.005764424800872803
105,1,0,-0.06402730941772461
106,3,1,0.08080701529979706
107,6,1,0.01609101891517639
108,8,1,-0.02746490389108658
109,7,1,-0.07096798717975616
110,4,1,-0.06744249910116196
111,0,1,-0.006823047995567322
112,6,1,-0.02952079474925995
113,2,1,0.007543414831161499
114,1,0,-0.032969988882541656
115,3,1,-0.045180924236774445
116,0,1,0.11116722226142883
117,4,1,-0.011273473501205444
118,2,1,0.018363043665885925
119,7,1,-0.03829018771648407
120,8,1,-0.049097009003162384
121,3,1,-0.08430594205856323
122,1,0,0.008231386542320251
123,2,1,-0.04834692180156708
124,8,1,-0.03938940912485123
125,0,1,0.08694460988044739
126,8,1,-0.042034395039081573
127,3,1,-0.0066792890429496765
128,5,1,-0.0719570517539978
129,2,1,0.11268758773803711
130,4,1,-0.05125635862350464
131,1,0,-0.03709101676940918
132,8,1,-0.03609129786491394
133,9,1,0.02703474462032318
134,1,0,-0.06859473139047623
135,2,1,-0.017762750387191772
136,9,1,-0.05508209019899368
137,7,1,0.014858439564704895
138,2,1,-0.014269232749938965
139,9,1,-0.009634062647819519
140,6,1,-0.017063967883586884
141,5,1,-0.02583865076303482
142,6,1,-0.042993709444999695
143,3,1,-0.015125304460525513
144,8,1,-0.05690889060497284
145,7,1,-0.04837062954902649
146,6,1,-0.02191876620054245
147,2,1,0.0014851242303848267
148,5,1,-0.03713677078485489
149,2,1,-0.07214169949293137
150,8,1,-0.029464364051818848
151,9,1,-0.03003806620836258
152,6,1,-0.016332417726516724
153,0,1,0.07991532981395721
154,0,1,-0.05810314416885376
155,5,1,-0.04210831969976425
156,2,1,0.08457441627979279
157,9,1,-0.04576130211353302
158,5,1,0.13377483189105988
159,4,1,-0.008657306432723999
160,2,1,0.04093463718891144
161,1,0,-0.06020575761795044
162,6,1,-0.016825243830680847
163,6,1,-0.009564496576786041
164,8,1,-0.014156930148601532
165,4,1,-0.028963603079319
166,8,1,-0.06811760365962982
167,4,1,0.0356440395116806
168,5,1,0.042382627725601196
169,0,1,-0.0906015932559967
170,9,1,-0.016029708087444305
171,9,1,-0.040785714983940125
172,9,1,-0.002698242664337158
173,8,1,-0.0498381108045578
174,9,1,0.02142728865146637
175,9,1,-0.07032554596662521
176,3,1,-0.01297786831855774
177,7,1,0.007517829537391663
178,5,1,0.08550836145877838
179,0,1,-0.04592777043581009
180,0,1,-0.03894563019275665
181,5,1,0.02248091995716095
182,2,1,0.08511419594287872
183,2,1,0.04981544613838196
184,3,1,0.038129061460494995
185,8,1,-0.02126384526491165
186,6,1,-0.008611127734184265
187,3,1,0.0024479925632476807
188,4,1,-0.054282307624816895
189,0,1,-0.03945785015821457
190,5,1,-0.04080653190612793
191,8,1,-0.041203275322914124
192,0,1,-0.021852262318134308
193,1,0,-0.011010482907295227
194,7,1,0.030181705951690674
195,2,1,0.026489973068237305
196,8,1,-0.037097424268722534
197,8,1,0.04691369831562042
198,7,1,-0.037331342697143555
199,8,1,-0.05023033916950226
200,5,1,-0.04777088016271591
201,1,0,-0.09246130287647247
202,8,1,-0.008241631090641022
203,7,1,0.0072486549615859985
204,1,0,-0.046086639165878296
205,3,1,0.002139747142791748
206,0,1,-0.032337501645088196
207,5,1,0.026132479310035706
208,7,1,0.023505017161369324
209,9,1,-0.0734710693359375
210,7,1,-0.0025692731142044067
211,4,1,-0.03581666946411133
212,5,1,0.2998523712158203
213,9,1,-0.053578197956085205
214,8,1,0.003217637538909912
215,0,1,-0.022272273898124695
216,7,1,0.005102232098579407
217,9,1,-0.04068179428577423
218,8,1,0.10578018426895142
219,2,1,0.03637193143367767
220,7,1,-0.01154385507106781
221,6,1,-0.026008248329162598
222,9,1,-0.014898605644702911
223,4,1,-0.016656875610351562
224,3,1,-0.03423592448234558
225,9,1,-0.06502820551395416
226,6,1,-0.08408834040164948
227,4,1,0.07706017792224884
228,7,1,-0.028174057602882385
229,6,1,-0.004401221871376038
230,5,1,-0.04490146040916443
231,1,0,-0.037332214415073395
232,5,1,-0.023537807166576385
233,8,1,0.029139116406440735
234,8,1,-0.08000180125236511
235,0,1,-0.031194783747196198
236,4,1,0.02766817808151245
237,0,1,-0.09114164113998413
238,5,1,0.13491858541965485
239,5,1,-0.025960147380828857
240,1,0,-0.07928328961133957
241,1,0,-0.003317996859550476
242,8,1,-0.017495907843112946
243,9,1,-0.06143379956483841
244,0,1,-0.04357123374938965
245,3,1,-0.03152160346508026
246,1,0,0.01810149848461151
247,9,1,-0.07352407276630402
248,2,1,0.03183406591415405
249,2,1,-0.0029015392065048218
250,5,1,0.05141834914684296
251,3,1,-0.03720751404762268
252,9,1,-0.012123435735702515
253,9,1,0.11464962363243103
254,4,1,-0.038624703884124756
255,0,1,-0.009124606847763062
256,3,1,0.032647788524627686
257,0,1,-0.0827300027012825
258,0,1,-0.07333536446094513
259,9,1,-0.004783064126968384
260,8,1,-0.039893731474876404
261,1,0,-0.0263337641954422
262,5,1,-0.07638885080814362
263,7,1,0.028212592005729675
264,0,1,0.04376249015331268
265,8,1,-0.09297573566436768
266,2,1,-0.045424796640872955
267,4,1,-0.033156394958496094
268,7,1,0.17886574566364288
269,0,1,0.030124112963676453
270,2,1,0.011599376797676086
271,3,1,0.008936196565628052
272,6,1,-0.00814732164144516
273,3,1,-0.057670071721076965
274,8,1,-0.07409750670194626
275,5,1,-0.031351059675216675
276,0,1,-0.05028468370437622
277,3,1,0.011050984263420105
278,4,1,-0.00472472608089447
279,3,1,-0.046931952238082886
280,9,1,-0.018437162041664124
281,0,1,0.02876247465610504
282,6,1,-0.010640174150466919
283,1,0,-0.06617789715528488
284,0,1,-0.049773335456848145
285,9,1,-0.017446547746658325
286,1,0,-0.07244009524583817
287,0,1,-0.06909584254026413
288,7,1,-0.003555312752723694
289,9,1,-0.06781097501516342
290,1,0,-0.027243413031101227
291,2,1,0.0835130363702774
292,6,1,0.057959750294685364
293,9,1,-0.05774219334125519
294,3,1,-0.039790257811546326
295,4,1,0.03320722281932831
296,6,1,-0.0066505298018455505
297,0,1,-0.04980278015136719
298,0,1,0.005329832434654236
299,6,1,0.09842096269130707
300,6,1,0.0030591487884521484
301,6,1,-0.02037183940410614
302,3,1,-0.006601706147193909
303,2,1,-0.03610633313655853
304,6,1,0.029927119612693787
305,1,0,-0.06768839061260223
306,8,1,-0.03747229278087616
307,2,1,-0.006066516041755676
308,1,0,-0.03261460363864899
309,6,1,-0.029812395572662354
310,8,1,-0.05293621867895126
311,6,1,0.038243070244789124
312,8,1,0.19049085676670074
313,0,1,1.3168150186538696
314,4,1,-0.01747743785381317
315,0,1,-0.0169837549328804
316,7,1,-0.053101927042007446
317,7,1,0.13377155363559723
318,5,1,-0.05757354199886322
319,5,1,0.0026152431964874268
320,3,1,0.05508805811405182
321,5,1,-0.040050700306892395
322,2,1,-0.021817810833454132
323,3,1,-0.029706016182899475
324,4,1,-0.026669487357139587
325,1,0,-0.056585654616355896
326,7,1,0.08913998305797577
327,5,1,0.03094373643398285
328,4,1,-0.032064907252788544
329,6,1,0.04918856918811798
330,1,0,-0.031951382756233215
331,9,1,-0.057427600026130676
332,3,1,0.0035217255353927612
333,6,1,-0.018827199935913086
334,6,1,-0.029876068234443665
335,9,1,-0.04014439880847931
336,3,1,-0.013140380382537842
337,8,1,-0.05360738933086395
338,0,1,0.06365759670734406
339,7,1,-0.048735007643699646
340,2,1,0.04152505099773407
341,6,1,0.0003682076930999756
342,2,1,0.03231920301914215
343,5,1,0.003901466727256775
344,8,1,-0.049390897154808044
345,5,1,0.023657843470573425
346,4,1,-0.031669773161411285
347,6,1,0.003300502896308899
348,8,1,-0.059315457940101624
349,9,1,-0.026540905237197876
350,9,1,-0.05477193742990494
351,1,0,-0.022755607962608337
352,0,1,-0.09479524940252304
353,2,1,0.0645938515663147
354,2,1,0.01246844232082367
355,7,1,-0.029157787561416626
356,3,1,0.051502570509910583
357,2,1,-0.022813498973846436
358,8,1,-0.04406706243753433
359,0,1,-0.09289927780628204
360,9,1,0.05038851499557495
361,5,1,0.013756558299064636
362,8,1,-0.03583492338657379
363,1,0,-0.05754117667675018
364,9,1,-0.0003940314054489136
365,4,1,-0.053697675466537476
366,1,0,-0.04796326160430908
367,3,1,-0.0490691214799881
368,8,1,-0.043272167444229126
369,1,0,-0.024037420749664307
370,4,1,-0.011396244168281555
371,7,1,-0.023370541632175446
372,9,1,-0.052682437002658844
373,4,1,-0.04191158711910248
374,2,1,0.006764903664588928
375,7,1,-0.016803912818431854
376,0,1,-0.07772926241159439
377,7,1,-0.04941706359386444
378,0,1,-0.02401716262102127
379,6,1,0.01577019691467285
380,6,1,0.038431063294410706
381,9,1,-0.05804625153541565
382,0,1,0.09505945444107056
383,9,1,0.019556745886802673
384,2,1,0.0015585720539093018
385,8,1,0.2734963297843933
386,7,1,-0.042601652443408966
387,2,1,-0.023848071694374084
388,2,1,-0.05502452701330185
389,5,1,0.01637662947177887
390,1,0,0.004340305924415588
391,2,1,0.0003544241189956665
392,6,1,0.028474077582359314
393,2,1,-0.07829014956951141
394,9,1,0.0057355910539627075
395,6,1,-0.03138495981693268
396,2,1,-0.01993882656097412
397,3,1,-0.01741357147693634
398,0,1,-0.07512158155441284
399,3,1,0.0084199458360672
400,9,1,-0.04618978500366211
401,8,1,-0.06347576528787613
402,7,1,0.03974904119968414
403,8,1,-0.06665517389774323
404,8,1,-0.08065322041511536
405,4,1,0.07963632047176361
406,0,1,-0.044301703572273254
407,1,0,-0.0680641159415245
408,8,1,0.047450751066207886
409,2,1,0.032940611243247986
410,7,1,0.04367490112781525
411,9,1,-0.0069787874817848206
412,3,1,0.030723944306373596
413,6,1,0.005616143345832825
414,1,0,-0.048810139298439026
415,9,1,-0.07313708961009979
416,0,1,-0.03931359946727753
417,7,1,-0.007050171494483948
418,3,1,0.0027061253786087036
419,7,1,-0.06639430671930313
420,4,1,-0.02734217792749405
421,5,1,-0.008314259350299835
422,0,1,-0.013356566429138184
423,0,1,0.02430245280265808
424,2,1,-0.032528698444366455
425,9,1,-0.07705256342887878
426,3,1,-0.043885238468647
427,4,1,0.024022862315177917
428,0,1,-0.02334454655647278
429,6,1,-0.018602080643177032
430,2,1,-0.028432339429855347
431,5,1,-0.01840803027153015
432,3,1,0.008452966809272766
433,7,1,-0.029425010085105896
434,3,1,-0.003073558211326599
435,7,1,-0.01238810271024704
436,2,1,-0.02597729116678238
437,5,1,0.03104299306869507
438,3,1,-0.007044956088066101
439,1,0,-0.008958742022514343
440,1,0,-0.016100898385047913
441,4,1,0.03675554692745209
442,9,1,-0.06274893134832382
443,9,1,-0.041096895933151245
444,5,1,-0.03261425346136093
445,7,1,0.04640306532382965
446,5,1,0.0003978461027145386
447,0,1,0.12448658049106598
448,2,1,0.06148990988731384
449,2,1,0.16730161011219025
450,2,1,-0.04225153475999832
451,9,1,-0.06355492770671844
452,7,1,-0.014739736914634705
453,3,1,0.05380333960056305
454,9,1,-0.043478041887283325
455,4,1,0.09083980321884155
456,3,1,-0.025024592876434326
457,5,1,0.014755502343177795
458,4,1,-0.03181269019842148
459,6,1,-0.07595761865377426
460,5,1,-0.018244855105876923
461,6,1,-0.020020797848701477
462,1,0,-0.07018749415874481
463,4,1,0.06552518904209137
464,3,1,0.0041496604681015015
465,4,1,-0.013965301215648651
466,4,1,-0.06307084113359451
467,3,1,0.04094956815242767
468,7,1,-0.037344738841056824
469,8,1,-0.028006330132484436
470,3,1,0.008372947573661804
471,7,1,-0.034029148519039154
472,8,1,-0.04427725076675415
473,0,1,0.05665658414363861
474,5,1,-0.0440276637673378
475,7,1,-0.037547871470451355
476,6,1,0.058784618973731995
477,0,1,-0.0856899619102478
478,5,1,0.007690787315368652
479,4,1,-0.012830108404159546
480,8,1,-0.0630577802658081
481,6,1,-0.0022140592336654663
482,8,1,-0.039172857999801636
483,5,1,0.013140380382537842
484,5,1,-0.014280088245868683
485,9,1,-0.0425240695476532
486,9,1,-0.050046585500240326
487,9,1,0.011194184422492981
488,5,1,-0.02516813576221466
489,0,1,0.054474905133247375
490,1,0,0.0009266287088394165
491,0,1,-0.06414397060871124
492,8,1,-0.03432126343250275
493,1,0,-0.04177306592464447
494,1,0,-0.03502345830202103
495,8,1,-0.05577031522989273
496,0,1,-0.04634101688861847
497,2,1,0.030380085110664368
498,2,1,0.22175757586956024
499,0,1,0.7975891828536987
500,4,1,-0.02564525604248047
501,6,1,-0.019292712211608887
502,5,1,0.06407235562801361
503,4,1,0.004378005862236023
504,9,1,-0.01894785463809967
505,4,1,0.005829840898513794
506,7,1,-0.04499293118715286
507,9,1,-0.01637890189886093
508,9,1,-0.042202383279800415
509,4,1,-0.02042306959629059
510,5,1,0.11062373220920563
511,6,1,-0.01927495002746582
512,6,1,-0.05303771793842316
513,1,0,0.020648613572120667
514,5,1,-0.04850877821445465
515,3,1,-0.04770425707101822
516,8,1,-0.05899694561958313
517,9,1,0.0011445283889770508
518,5,1,-0.06495341658592224
519,8,1,-0.05532537400722504
520,5,1,-0.025710009038448334
521,7,1,0.054913029074668884
522,0,1,0.08592985570430756
523,7,1,-0.039280518889427185
524,0,1,0.06707140803337097
525,5,1,-3.471970558166504e-05
526,0,1,-0.033975839614868164
527,0,1,0.1200600415468216
528,4,1,-0.042430579662323
529,6,1,-0.016386449337005615
530,9,1,-0.09366811811923981
531,0,1,-0.047125935554504395
532,9,1,-0.02604818344116211
533,5,1,0.04975531995296478
534,6,1,0.027360305190086365
535,6,1,0.001959502696990967
536,6,1,-0.03467567265033722
537,2,1,0.11332550644874573
538,9,1,-0.07833249866962433
539,0,1,0.007953479886054993
540,1,0,-0.022120550274848938
541,7,1,-0.06581667810678482
542,6,1,-0.04403965175151825
543,7,1,0.047280147671699524
544,5,1,-0.039552509784698486
545,9,1,-0.06384600698947906
546,1,0,-0.04761918634176254
547,6,1,0.06778708100318909
548,2,1,0.04882359504699707
549,5,1,-0.044133543968200684
550,5,1,0.0031991004943847656
551,5,1,0.022722482681274414
552,8,1,-0.034172430634498596
553,5,1,-0.01750384271144867
554,9,1,0.025564178824424744
555,4,1,-0.08067573606967926
556,6,1,-0.009817346930503845
557,4,1,-0.05131135135889053
558,3,1,-0.009959235787391663
559,2,1,0.04455798864364624
560,0,1,0.05660858750343323
561,7,1,-0.007785052061080933
562,6,1,-0.02550911158323288
563,2,1,0.027655169367790222
564,2,1,-0.03226374089717865
565,3,1,-0.06555093824863434
566,9,1,-0.07570350170135498
567,7,1,-0.04423367977142334
568,9,1,-0.037149108946323395
569,2,1,-0.02252211421728134
570,6,1,-0.03855031728744507
571,7,1,-0.029900260269641876
572,1,0,-0.03939781337976456
573,3,1,-0.026684872806072235
574,6,1,-0.021862760186195374
575,6,1,0.052213460206985474
576,8,1,-0.055837422609329224
577,9,1,-0.037136510014534
578,7,1,0.05891363322734833
579,5,1,0.047981247305870056
580,4,1,-0.035491496324539185
581,0,1,0.05298487842082977
582,8,1,-0.03125908970832825
583,4,1,-0.047016456723213196
584,0,1,-0.013489894568920135
585,9,1,-0.02097577601671219
586,3,1,0.01063556969165802
587,4,1,0.060002729296684265
588,8,1,-0.07242051512002945
589,9,1,-0.0215279683470726
590,6,1,-0.064058817923069
591,9,1,-0.05019742250442505
592,2,1,-0.01103799045085907
593,6,1,0.030675306916236877
594,1,0,-0.0033912062644958496
595,4,1,-0.008938312530517578
596,7,1,0.026973798871040344
597,3,1,0.060371026396751404
598,5,1,-0.047302961349487305
599,3,1,-0.004463329911231995
600,8,1,-0.006575725972652435
601,5,1,0.017244085669517517
602,0,1,-0.045985639095306396
603,2,1,0.022376075387001038
604,1,0,-0.022582441568374634
605,6,1,-0.050126075744628906
606,4,1,-0.017473489046096802
607,3,1,-0.04359939694404602
608,3,1,-0.0037087053060531616
609,9,1,-0.043846651911735535
610,6,1,-0.006692774593830109
611,9,1,0.14518053829669952
612,8,1,-0.04042243957519531
613,8,1,0.03442879021167755
614,5,1,-0.020319387316703796
615,8,1,-0.003925487399101257
616,6,1,-0.06045056879520416
617,6,1,0.04564908146858215
618,2,1,-0.061936818063259125
619,1,0,-0.04772632569074631
620,7,1,0.08797912299633026
621,7,1,-0.03907054662704468
622,1,0,-0.023856379091739655
623,2,1,0.005152717232704163
624,7,1,-0.035146720707416534
625,9,1,-0.02507227659225464
626,9,1,-0.05209873616695404
627,4,1,0.03818012773990631
628,4,1,-0.047099918127059937
629,1,0,-0.008076474070549011
630,2,1,0.07806600630283356
631,5,1,0.005269899964332581
632,6,1,-0.009287729859352112
633,8,1,0.07306383550167084
634,7,1,0.06054583191871643
635,6,1,0.013076826930046082
636,8,1,-0.08550839126110077
637,3,1,-0.052273593842983246
638,0,1,-0.07812125235795975
639,5,1,-0.010343536734580994
640,5,1,-0.04649209976196289
641,3,1,-0.022872209548950195
642,0,1,-0.04179862141609192
643,7,1,0.001007959246635437
644,9,1,0.057071223855018616
645,1,0,-0.020787864923477173
646,3,1,-0.04503142088651657
647,4,1,0.10875172913074493
648,4,1,-0.03191342204809189
649,5,1,0.06922511756420135
650,3,1,-0.04544569551944733
651,9,1,-0.013023078441619873
652,5,1,0.0020252615213394165
653,6,1,-0.02824268490076065
654,9,1,-0.02966521680355072
655,2,1,-0.014734484255313873
656,1,0,-0.06079425662755966
657,1,0,0.005031391978263855
658,4,1,-0.04372730851173401
659,1,0,0.015148743987083435
660,9,1,-0.06871326267719269
661,4,1,-0.04205305129289627
662,7,1,-0.006578810513019562
663,6,1,-0.025722071528434753
664,3,1,-0.0013528317213058472
665,8,1,-0.039166003465652466
666,9,1,0.0730065405368805
667,0,1,-0.004139363765716553
668,1,0,-0.051904529333114624
669,3,1,-0.041203610599040985
670,6,1,0.05624489486217499
671,3,1,-0.04877786338329315
672,6,1,-0.025911152362823486
673,3,1,-0.03437768667936325
674,2,1,0.15494395792484283
675,0,1,0.0227385014295578
676,3,1,-0.0035599321126937866
677,1,0,-0.06457337737083435
678,0,1,0.02382512390613556
679,5,1,-0.006803400814533234
680,9,1,-0.04983101040124893
681,6,1,-0.04887610673904419
682,4,1,-0.07255985587835312
683,8,1,-0.02077825367450714
684,9,1,-0.07204936444759369
685,6,1,0.001277044415473938
686,9,1,0.002842649817466736
687,6,1,-0.011705651879310608
688,3,1,0.009420439600944519
689,0,1,-0.05795341730117798
690,3,1,-0.03224767744541168
691,2,1,-0.05919244885444641
692,2,1,0.02116052806377411
693,7,1,-0.04191698133945465
694,8,1,-0.07293982803821564
695,3,1,-0.04023056477308273
696,8,1,-0.05390652269124985
697,2,1,-0.03753896802663803
698,7,1,-0.035134680569171906
699,5,1,0.022556334733963013
700,7,1,0.012245982885360718
701,2,1,0.022649958729743958
702,4,1,-0.05443112552165985
703,8,1,-0.00856781005859375
704,7,1,0.026016876101493835
705,4,1,-0.005036547780036926
706,2,1,0.15792305767536163
707,9,1,-0.04340554028749466
708,8,1,-0.03636325150728226
709,8,1,-0.0607428252696991
710,6,1,0.021616309881210327
711,8,1,-0.005487129092216492
712,8,1,-0.06314156949520111
713,7,1,-0.024261057376861572
714,4,1,-0.033078402280807495
715,3,1,0.0016165673732757568
716,3,1,0.001306489109992981
717,8,1,-0.03552090376615524
718,4,1,-0.04248202592134476
719,9,1,-0.08107917755842209
720,4,1,-0.07508175075054169
721,8,1,-0.011470042169094086
722,8,1,-0.06269409507513046
723,1,0,-0.014147594571113586
724,8,1,-0.06000852584838867
725,2,1,-0.006326846778392792
726,1,0,0.0008719414472579956
727,3,1,0.00031398236751556396
728,6,1,0.053729504346847534
729,5,1,0.010409370064735413
730,4,1,-0.01188504695892334
731,2,1,0.3241345286369324
732,7,1,-0.05093367397785187
733,9,1,0.028330430388450623
734,9,1,-0.02398599684238434
735,4,1,-0.02831488847732544
736,1,0,-0.0154532790184021
737,4,1,0.17996560037136078
738,1,0,-0.060788594186306
739,3,1,-0.052581608295440674
740,2,1,0.01297028362751007
741,7,1,0.03412792086601257
742,0,1,0.022342845797538757
743,7,1,-0.03422649949789047
744,9,1,0.023488536477088928
745,7,1,-0.015458643436431885
746,6,1,-0.05804742872714996
747,6,1,-0.029034778475761414
748,2,1,0.1713366061449051
749,5,1,-0.04853206127882004
750,9,1,-0.07375016808509827
751,2,1,-0.028055183589458466
752,9,1,-0.06912440806627274
753,1,0,-0.022745609283447266
754,2,1,-0.011820726096630096
755,2,1,-0.015213832259178162
756,6,1,-0.013065621256828308
757,8,1,-0.06508015841245651
758,2,1,-0.07539872080087662
759,1,0,-0.010972633957862854
760,3,1,-0.006447605788707733
761,6,1,-0.009566724300384521
762,6,1,0.120160773396492
763,0,1,-0.018103964626789093
764,1,0,-0.0363008975982666
765,2,1,-0.019093677401542664
766,7,1,-0.07197705656290054
767,0,1,-0.043871574103832245
768,5,1,-0.006291717290878296
769,4,1,-0.012677431106567383
770,6,1,-0.007987722754478455
771,1,0,-0.028884120285511017
772,6,1,-0.0031453222036361694
773,4,1,0.016090378165245056
774,0,1,0.17370514571666718
775,2,1,-0.0392741858959198
776,2,1,-0.030915960669517517
777,6,1,-0.0014906823635101318
778,0,1,0.0494459867477417
779,5,1,0.02382136881351471
780,9,1,0.015340074896812439
781,1,0,-0.03458671271800995
782,7,1,-0.03669830411672592
783,6,1,0.1502491980791092
784,7,1,0.04608848690986633
785,0,1,0.06275205314159393
786,3,1,-0.029510878026485443
787,9,1,-0.07080217450857162
788,6,1,-0.022380173206329346
789,8,1,-0.06446319073438644
790,3,1,0.007295921444892883
791,0,1,-0.04566832631826401
792,3,1,0.016718968749046326
793,4,1,-0.08239120990037918
794,7,1,0.01171545684337616
795,7,1,0.15653927624225616
796,1,0,-0.011679217219352722
797,4,1,0.01998761296272278
798,7,1,-0.02357657253742218
799,2,1,0.14102406799793243
800,7,1,-0.0021874457597732544
801,1,0,-0.02662181854248047
802,4,1,0.010594084858894348
803,7,1,-0.005794361233711243
804,4,1,0.0762154757976532
805,4,1,-0.03767576813697815
806,8,1,-0.010549373924732208
807,4,1,-0.04438026249408722
808,7,1,-0.016728535294532776
809,7,1,-0.032678619027137756
810,5,1,0.029274359345436096
811,3,1,-0.03334398567676544
812,7,1,-0.00806928426027298
813,2,1,-0.024090774357318878
814,0,1,-0.040652915835380554
815,8,1,-0.09005934000015259
816,9,1,-0.03076900541782379
817,5,1,0.011409088969230652
818,8,1,0.0849883109331131
819,3,1,0.006914988160133362
820,6,1,-0.03712920844554901
821,2,1,0.18886037170886993
822,0,1,-0.06841502338647842
823,8,1,-0.03965480625629425
824,7,1,0.04697945713996887
825,3,1,0.01346936821937561
826,7,1,0.019361600279808044
827,6,1,0.011782735586166382
828,5,1,0.09412206709384918
829,3,1,-0.024515889585018158
830,1,0,0.052257612347602844
831,3,1,0.007197439670562744
832,2,1,-0.026635289192199707
833,2,1,0.021260902285575867
834,5,1,-0.03508232533931732
835,4,1,-0.0108136385679245
836,1,0,-0.016621604561805725
837,2,1,0.03570650517940521
838,9,1,-0.020236819982528687
839,2,1,0.006348088383674622
840,7,1,-0.023933425545692444
841,0,1,0.027274832129478455
842,7,1,0.10224951803684235
843,2,1,0.0480930358171463
844,1,0,0.006136491894721985
845,3,1,-0.018094666302204132
846,2,1,-0.020327597856521606
847,0,1,0.025325417518615723
848,2,1,-0.03518225997686386
849,4,1,-0.01729157567024231
850,7,1,-0.05851875990629196
851,9,1,-0.025355324149131775
852,8,1,-0.07517477869987488
853,9,1,-0.06418439000844955
854,0,1,0.10319472849369049
855,7,1,-0.06603042781352997
856,7,1,-0.04856288433074951
857,0,1,1.2304823398590088
858,7,1,-0.025085873901844025
859,8,1,-0.042149484157562256
860,4,1,0.01684652268886566
861,6,1,0.013252198696136475
862,3,1,-0.010945431888103485
863,3,1,0.037202805280685425
864,0,1,-0.018390491604804993
865,1,0,-0.06379186362028122
866,3,1,-0.028335511684417725
867,7,1,-0.03632913529872894
868,0,1,0.04221774637699127
869,1,0,0.02469046413898468
870,3,1,-0.07757730036973953
871,1,0,-0.05756904184818268
872,4,1,-0.05555015057325363
873,2,1,-0.015885435044765472
874,3,1,-0.03780776262283325
875,8,1,-0.028997942805290222
876,4,1,-0.032125525176525116
877,2,1,-0.005624517798423767
878,3,1,-0.009092643857002258
879,7,1,-0.0037286728620529175
880,8,1,-0.07221028953790665
881,4,1,-0.05197317898273468
882,3,1,0.01854105293750763
883,0,1,0.0011135637760162354
884,9,1,-0.07367795705795288
885,0,1,0.17028237879276276
886,0,1,-0.02816981077194214
887,1,0,-0.035618916153907776
888,0,1,0.025091364979743958
889,4,1,0.02681061625480652
890,4,1,-0.0164276584982872
891,6,1,-0.018352635204792023
892,7,1,-0.009384796023368835
893,6,1,0.015122294425964355
894,1,0,-0.046068184077739716
895,1,0,-0.008235365152359009
896,3,1,-0.023765146732330322
897,7,1,-0.0005157738924026489
898,3,1,-0.020544424653053284
899,5,1,-0.05338854342699051
900,2,1,-0.013085499405860901
901,6,1,-0.0401773601770401
902,6,1,0.016426965594291687
903,5,1,-0.037211015820503235
904,8,1,-0.0162457674741745
905,7,1,-0.01489037275314331
906,1,0,-0.08167793601751328
907,6,1,-0.003536507487297058
908,8,1,-0.07132457196712494
909,8,1,-0.04175151139497757
910,5,1,0.005893006920814514
911,3,1,-0.039547502994537354
912,0,1,-0.03143146634101868
913,4,1,0.01495574414730072
914,0,1,-0.01263861358165741
915,1,0,-0.030940935015678406
916,3,1,0.010358408093452454
917,8,1,-0.041348159313201904
918,8,1,0.023621276021003723
919,0,1,0.02181483805179596
920,6,1,-0.007152162492275238
921,9,1,-0.04863332211971283
922,9,1,-0.019133135676383972
923,9,1,-0.003821149468421936
924,5,1,0.035557821393013
925,5,1,-0.06615319848060608
926,8,1,-0.021967492997646332
927,6,1,0.04208061099052429
928,0,1,0.18918736279010773
929,0,1,-0.00025349855422973633
930,4,1,-0.011415369808673859
931,2,1,-0.007205866277217865
932,3,1,0.008530020713806152
933,2,1,-0.053564608097076416
934,7,1,-0.004984498023986816
935,2,1,0.1205490380525589
936,2,1,-0.010258287191390991
937,5,1,0.04439567029476166
938,9,1,-0.03845576196908951
939,8,1,-0.05189201235771179
940,9,1,0.019464492797851562
941,1,0,-0.011403873562812805
942,7,1,-0.05768951028585434
943,4,1,-0.016170650720596313
944,0,1,0.019759580492973328
945,3,1,-0.019509606063365936
946,0,1,0.06209518015384674
947,1,0,-0.046732693910598755
948,3,1,-0.03829318284988403
949,8,1,-0.04000300168991089
950,3,1,0.026595786213874817
951,9,1,-0.053821831941604614
952,6,1,0.00231151282787323
953,1,0,-0.029909618198871613
954,4,1,-0.005175977945327759
955,7,1,0.07020486891269684
956,0,1,0.024491608142852783
957,3,1,-0.011352479457855225
958,7,1,-0.005750790238380432
959,8,1,-0.020436488091945648
960,9,1,-0.05521242320537567
961,1,0,-0.05984900891780853
962,1,0,0.0026712119579315186
963,6,1,0.016719117760658264
964,6,1,-0.03786969929933548
965,6,1,0.0342700332403183
966,6,1,-0.007573343813419342
967,9,1,-0.07418777048587799
968,1,0,-0.025369755923748016
969,9,1,-0.06600911915302277
970,9,1,-0.03893736004829407
971,4,1,-0.03198862075805664
972,2,1,-0.0020277798175811768
973,1,0,0.01433679461479187
974,7,1,0.07318571209907532
975,0,1,-0.07332684099674225
976,6,1,-0.05126182734966278
977,8,1,-0.03305993974208832
978,1,0,0.0005476027727127075
979,9,1,-0.008605331182479858
980,2,1,-0.032165974378585815
981,9,1,-0.03555235266685486
982,0,1,0.003020375967025757
983,4,1,0.009384378790855408
984,7,1,-0.017062269151210785
985,8,1,-0.059022679924964905
986,3,1,-0.014002978801727295
987,1,0,-0.043237343430519104
988,2,1,0.03619350492954254
989,0,1,1.0359840393066406
990,1,0,-0.004752844572067261
991,5,1,-0.0018175244331359863
992,8,1,-0.010404139757156372
993,4,1,-0.024060457944869995
994,6,1,-0.02516782283782959
995,3,1,0.005231931805610657
996,8,1,-0.06571131944656372
997,1,0,-0.06262506544589996
998,3,1,-0.019298002123832703
999,8,1,-0.06184227764606476
1000,5,1,-0.038564570248126984
1001,0,1,-0.020730771124362946
1002,8,1,-0.06664560735225677
1003,4,1,0.008702054619789124
1004,8,1,-0.07272537797689438
1005,1,0,-0.04036217927932739
1006,1,0,-0.026968494057655334
1007,8,1,-0.033984869718551636
1008,9,1,0.0007419735193252563
1009,6,1,0.0027016550302505493
1010,0,1,-0.02939392626285553
1011,8,1,-0.08224713057279587
1012,6,1,-0.0030994713306427
1013,1,0,-0.06602521240711212
1014,3,1,0.016199901700019836
1015,4,1,-0.04918085038661957
1016,1,0,0.09315039217472076
1017,6,1,-0.0518120676279068
1018,0,1,-0.03247237950563431
1019,5,1,0.06690128147602081
1020,1,0,0.004477992653846741
1021,1,0,-0.03873082995414734
1022,0,1,0.6437975764274597
1023,0,1,-0.02361448109149933
1024,3,1,0.012743249535560608
1025,5,1,0.07243621349334717
1026,0,1,-0.01774902641773224
1027,0,1,-0.05644261837005615
1028,6,1,0.14863289892673492
1029,6,1,-0.010504931211471558
1030,3,1,0.006391659379005432
1031,3,1,-0.03376954793930054
1032,6,1,-0.01023516058921814
1033,3,1,0.043228745460510254
1034,6,1,-0.05048158019781113
1035,6,1,0.05980052053928375
1036,0,1,0.09409336745738983
1037,7,1,0.035718247294425964
1038,2,1,0.00783546268939972
1039,2,1,0.010294303297996521
1040,7,1,-0.023913562297821045
1041,5,1,0.05366353690624237
1042,5,1,0.13484711945056915
1043,2,1,0.03725256025791168
1044,8,1,-0.03964543342590332
1045,5,1,-0.024063169956207275
1046,2,1,0.009605467319488525
1047,1,0,-0.08061148971319199
1048,1,0,-0.019502215087413788
1049,4,1,0.053070634603500366
1050,3,1,0.04712727665901184
1051,2,1,0.011741071939468384
1052,0,1,0.03568458557128906
1053,3,1,-0.023036465048789978
1054,1,0,-0.0564325749874115
1055,5,1,-0.029939860105514526
1056,3,1,-0.039009056985378265
1057,7,1,-0.06876504421234131
1058,6,1,0.0009959042072296143
1059,8,1,-0.014060936868190765
1060,9,1,-0.05856400728225708
1061,1,0,-0.054762862622737885
1062,6,1,-0.0014993995428085327
1063,4,1,-0.026927024126052856
1064,9,1,-0.036424413323402405
1065,3,1,-0.06857917457818985
1066,9,1,-0.0054498761892318726
1067,0,1,0.032475873827934265
1068,9,1,-0.050345227122306824
1069,6,1,0.008727550506591797
1070,3,1,0.044299036264419556
1071,6,1,-0.030749209225177765
1072,0,1,0.0411500483751297
1073,7,1,-0.015437200665473938
1074,3,1,-0.05412333458662033
1075,8,1,-0.05640380084514618
1076,0,1,-0.03528928756713867
1077,0,1,0.03527252376079559
1078,0,1,0.3963433504104614
1079,6,1,-0.023416317999362946
1080,6,1,-0.038174182176589966
1081,6,1,-0.03250749409198761
1082,9,1,-0.03299197554588318
1083,2,1,-0.07039318978786469
1084,5,1,0.01322716474533081
1085,4,1,-0.041947588324546814
1086,4,1,-0.001643344759941101
1087,6,1,-0.04745243489742279
1088,3,1,-0.013152770698070526
1089,6,1,0.0024489909410476685
1090,0,1,-0.057530827820301056
1091,8,1,-0.04186975210905075
1092,6,1,-0.011327788233757019
1093,0,1,0.10381317138671875
1094,6,1,-0.043506473302841187
1095,2,1,-0.06115284562110901
1096,7,1,0.0025896430015563965
1097,5,1,0.05792434513568878
1098,1,0,0.022239521145820618
1099,2,1,0.023115888237953186
1100,7,1,-0.03701263666152954
1101,8,1,-0.05831977725028992
1102,8,1,-0.057446062564849854
1103,0,1,-0.012106828391551971
1104,9,1,-0.03529089689254761
1105,4,1,0.05055399239063263
1106,9,1,-0.007544979453086853
1107,7,1,0.13910521566867828
1108,2,1,0.037044838070869446
1109,0,1,-0.010632283985614777
1110,2,1,-0.03651592135429382
1111,8,1,-0.055758580565452576
1112,3,1,-0.02004189044237137
1113,8,1,-0.06234945356845856
1114,9,1,-0.05384325981140137
1115,1,0,-0.01122710108757019
1116,5,1,0.013562843203544617
1117,5,1,0.005245491862297058
1118,4,1,-0.012643694877624512
1119,7,1,-0.0017675459384918213
1120,5,1,0.04073169827461243
1121,3,1,0.03146032989025116
1122,8,1,-0.07536343485116959
1123,3,1,-0.029813647270202637
1124,3,1,0.37655913829803467
1125,6,1,-0.0019405633211135864
1126,2,1,-0.0012517422437667847
1127,8,1,-0.06665925681591034
1128,4,1,-0.04041648656129837
1129,3,1,0.04014688730239868
1130,7,1,-0.02970324456691742
1131,1,0,-0.05906055122613907
1132,2,1,-0.03947073221206665
1133,4,1,0.05638684332370758
1134,1,0,-0.04489856958389282
1135,6,1,-0.012296311557292938
1136,9,1,-0.039975717663764954
1137,0,1,-0.03425489366054535
1138,5,1,0.011472627520561218
1139,8,1,-0.03860408812761307
1140,6,1,-0.026256471872329712
1141,1,0,-0.045323699712753296
1142,8,1,-0.05610644072294235
1143,6,1,-0.04145480692386627
1144,1,0,-0.06921695172786713
1145,4,1,0.06669780611991882
1146,2,1,-0.04705800861120224
1147,6,1,-0.036079347133636475
1148,2,1,-0.031629011034965515
1149,7,1,0.0013602674007415771
1150,2,1,-0.02048705518245697
1151,2,1,0.015396639704704285
1152,0,1,0.035160258412361145
1153,8,1,-0.07141207158565521
1154,6,1,0.013627603650093079
1155,9,1,0.03445683419704437
1156,1,0,-0.035151638090610504
1157,7,1,-0.07025609165430069
1158,1,0,0.03855188190937042
1159,8,1,-0.0505376011133194
1160,8,1,-0.04486685246229172
1161,0,1,0.029484301805496216
1162,7,1,-0.02589210867881775
1163,3,1,0.008868634700775146
1164,8,1,0.003976568579673767
1165,0,1,-0.0344901978969574
1166,3,1,-0.0013194084167480469
1167,4,1,-0.0655885860323906
1168,3,1,-0.0426550954580307
1169,7,1,-0.020929068326950073
1170,7,1,0.0597107857465744
1171,9,1,-0.0073279812932014465
1172,2,1,-0.024381965398788452
1173,3,1,0.043455302715301514
1174,1,0,-0.039977893233299255
1175,9,1,-0.06707572191953659
1176,1,0,0.010602280497550964
1177,9,1,-0.030583247542381287
1178,6,1,-0.008788347244262695
1179,3,1,-0.07793588936328888
1180,3,1,-0.08249937742948532
1181,3,1,0.0002700686454772949
1182,1,0,0.008405879139900208
1183,0,1,0.06568275392055511
1184,6,1,-0.031369052827358246
1185,1,0,-0.044138818979263306
1186,4,1,0.149582639336586
1187,1,0,0.005042746663093567
1188,0,1,-0.020100146532058716
1189,0,1,0.05663536489009857
1190,1,0,0.007943496108055115
1191,1,0,-0.02007705718278885
1192,6,1,-0.012580469250679016
1193,5,1,0.007494375109672546
1194,4,1,-0.051800474524497986
1195,6,1,0.015108749270439148
1196,2,1,-0.016805268824100494
1197,0,1,-0.0012384802103042603
1198,7,1,0.01097261905670166
1199,9,1,-0.01976741850376129
1200,8,1,0.0038789361715316772
1201,7,1,-0.008533582091331482
1202,2,1,-0.007349468767642975
1203,0,1,-0.007680550217628479
1204,6,1,-0.02255076915025711
1205,8,1,0.040142133831977844
1206,1,0,-0.02334526926279068
1207,4,1,-0.07468193769454956
1208,3,1,-0.004118964076042175
1209,7,1,0.009560242295265198
1210,0,1,-0.004215642809867859
1211,6,1,0.05970321595668793
1212,1,0,-0.027132004499435425
1213,8,1,-0.06865076720714569
1214,5,1,-0.003407686948776245
1215,7,1,-0.018662787973880768
1216,8,1,0.016330823302268982
1217,4,1,-0.0552268922328949
1218,8,1,-0.07437693327665329
1219,3,1,0.01422901451587677
1220,9,1,-0.0508686825633049
1221,9,1,-0.004546359181404114
1222,9,1,-0.007002085447311401
1223,8,1,-0.007721938192844391
1224,7,1,-0.015433356165885925
1225,6,1,-0.015727616846561432
1226,6,1,-0.007147207856178284
1227,3,1,-0.04293297976255417
1228,5,1,-0.04545409977436066
1229,1,0,-0.023940421640872955
1230,5,1,0.014904648065567017
1231,9,1,-0.0056833624839782715
1232,1,0,0.010979846119880676
1233,4,1,0.023996606469154358
1234,1,0,0.015383467078208923
1235,5,1,-0.015059620141983032
1236,7,1,0.03200128674507141
1237,0,1,-0.04821833223104477
1238,1,0,-0.02509017288684845
1239,5,1,0.046616777777671814
1240,2,1,-0.05845683813095093
1241,0,1,-0.031210824847221375
1242,8,1,-0.056400366127491
1243,8,1,0.12602807581424713
1244,5,1,-0.029952287673950195
1245,6,1,0.008051872253417969
1246,7,1,-0.01982416957616806
1247,3,1,-0.02444295585155487
1248,2,1,-0.0406971350312233
1249,4,1,0.012229308485984802
1250,7,1,-0.04650920629501343
1251,2,1,-0.013652130961418152
1252,5,1,-0.0371871218085289
1253,8,1,-0.016334183514118195
1254,2,1,0.02502332627773285
1255,4,1,-0.014427274465560913
1256,9,1,-0.0655684843659401
1257,2,1,0.013135448098182678
1258,1,0,-0.011131614446640015
1259,8,1,-0.06156369298696518
1260,1,0,-0.06409704685211182
1261,9,1,-0.08198890089988708
1262,8,1,-0.02922964096069336
1263,8,1,-0.04356768727302551
1264,8,1,-0.04045984148979187
1265,9,1,-0.05552716553211212
1266,0,1,-0.06094387173652649
1267,4,1,0.07084682583808899
1268,3,1,-0.01105327159166336
1269,3,1,-0.013377279043197632
1270,1,0,-0.03230223059654236
1271,8,1,-0.035709723830223083
1272,4,1,-0.0494140163064003
1273,6,1,-0.01078970730304718
1274,3,1,0.02911938726902008
1275,3,1,0.023755908012390137
1276,5,1,-0.0855710431933403
1277,2,1,-0.02408967912197113
1278,2,1,0.03234483301639557
1279,8,1,0.06096164882183075
1280,3,1,-0.013705834746360779
1281,8,1,-0.07578033208847046
1282,9,1,-0.03728210926055908
1283,5,1,0.03931628167629242
1284,8,1,-0.0556429922580719
1285,9,1,0.009526684880256653
1286,8,1,-0.05693281441926956
1287,9,1,-0.04626762866973877
1288,1,0,-0.043731383979320526
1289,6,1,-0.0584622323513031
1290,5,1,-0.04656621068716049
1291,9,1,-0.04312324523925781
1292,4,1,-0.05645577609539032
1293,4,1,0.0158768892288208
1294,8,1,-0.02050275355577469
1295,0,1,0.036791592836380005
1296,7,1,0.07368718087673187
1297,2,1,0.10813944041728973
1298,9,1,-0.0038500577211380005
1299,7,1,-0.056493356823921204
1300,4,1,-0.019605830311775208
1301,1,0,-0.029250629246234894
1302,6,1,-0.04340466856956482
1303,4,1,-0.02349967509508133
1304,4,1,-0.033372752368450165
1305,9,1,-0.06740137189626694
1306,1,0,0.04688429832458496
1307,2,1,-0.04278312623500824
1308,5,1,0.028896555304527283
1309,6,1,0.00882922112941742
1310,0,1,0.05276693403720856
1311,8,1,-0.055950991809368134
1312,6,1,-0.008203938603401184
1313,1,0,0.006954506039619446
1314,9,1,-0.042847856879234314
1315,4,1,0.3167452812194824
1316,5,1,-0.010670140385627747
1317,9,1,-0.06046499311923981
1318,5,1,-0.05367494374513626
1319,0,1,0.14910949766635895
1320,7,1,-0.032305821776390076
1321,2,1,-0.03753800690174103
1322,0,1,-0.056417182087898254
1323,0,1,-0.02784307301044464
1324,4,1,-0.029544800519943237
1325,2,1,-0.039201028645038605
1326,6,1,-0.007150277495384216
1327,6,1,-0.04845742881298065
1328,5,1,0.03459782898426056
1329,5,1,0.023534312844276428
1330,2,1,0.007295265793800354
1331,8,1,-0.040857136249542236
1332,1,0,-0.07097071409225464
1333,7,1,-0.005386948585510254
1334,3,1,0.000899970531463623
1335,1,0,-0.012908294796943665
1336,4,1,0.004435792565345764
1337,5,1,0.029559165239334106
1338,6,1,-0.014481037855148315
1339,5,1,-0.008122913539409637
1340,1,0,-0.04514206200838089
1341,4,1,-0.04720926284790039
1342,7,1,0.027591675519943237
1343,0,1,0.05737568438053131
1344,9,1,0.022576525807380676
1345,4,1,-0.05155064910650253
1346,3,1,0.015614137053489685
1347,8,1,-0.03613828867673874
1348,2,1,-0.04306021332740784
1349,8,1,-0.08736862987279892
1350,4,1,-0.024297446012496948
1351,7,1,0.13625608384609222
1352,2,1,-0.054701149463653564
1353,3,1,-0.007511228322982788
1354,1,0,0.00899207592010498
1355,5,1,-0.05038890242576599
1356,2,1,-0.05447562038898468
1357,9,1,-0.05167870223522186
1358,8,1,-0.0007352679967880249
1359,9,1,-0.004114314913749695
1360,7,1,-0.014442257583141327
1361,9,1,-0.06760475039482117
1362,5,1,-0.002398371696472168
1363,1,0,-0.060471177101135254
1364,4,1,-0.06663241982460022
1365,0,1,0.20963750779628754
1366,8,1,-0.05808520317077637
1367,2,1,-0.030532948672771454
1368,3,1,-0.020394839346408844
1369,8,1,-0.08653780072927475
1370,9,1,-0.021960198879241943
1371,1,0,0.04780055582523346
1372,1,0,-0.049567580223083496
1373,3,1,0.021362408995628357
1374,2,1,-0.02550744265317917
1375,4,1,0.038083046674728394
1376,9,1,-0.013875789940357208
1377,3,1,-0.012053869664669037
1378,1,0,0.015447333455085754
1379,7,1,-0.02566312998533249
1380,4,1,-0.03731094300746918
1381,6,1,0.028153523802757263
1382,2,1,0.0728103369474411
1383,8,1,-0.0015831142663955688
1384,9,1,-0.014751315116882324
1385,5,1,-0.03210458159446716
1386,3,1,-0.011904440820217133
1387,9,1,-0.07092040777206421
1388,5,1,-0.012051083147525787
1389,5,1,0.0025025010108947754
1390,6,1,0.001844063401222229
1391,7,1,-0.041079163551330566
1392,2,1,0.011285245418548584
1393,4,1,-0.004211440682411194
1394,6,1,0.035398274660110474
1395,3,1,0.021650448441505432
1396,1,0,-0.04426027089357376
1397,0,1,0.024750158190727234
1398,7,1,-0.06775786727666855
1399,2,1,0.052268609404563904
1400,5,1,-0.02069312334060669
1401,4,1,0.05750887095928192
1402,7,1,0.004724368453025818
1403,6,1,-0.05886062979698181
1404,1,0,-0.06335541605949402
1405,1,0,-0.0319056510925293
1406,9,1,-0.03563623130321503
1407,8,1,-0.025134362280368805
1408,1,0,-0.04550119489431381
1409,0,1,0.11709532141685486
1410,1,0,-0.054661333560943604
1411,3,1,-0.011643528938293457
1412,1,0,-0.04330487549304962
1413,1,0,-0.03447248041629791
1414,1,0,-0.056962721049785614
1415,7,1,-0.007924109697341919
1416,3,1,-0.05623571574687958
1417,9,1,-0.08524949848651886
1418,6,1,0.05179329216480255
1419,8,1,-0.06032514572143555
1420,4,1,0.007348611950874329
1421,6,1,-0.006509840488433838
1422,8,1,-0.07053489983081818
1423,4,1,0.03955656290054321
1424,9,1,-0.008741036057472229
1425,4,1,-0.07173269987106323
1426,7,1,0.05807414650917053
1427,9,1,-0.004562556743621826
1428,7,1,-0.04063685983419418
1429,6,1,-0.06038862466812134
1430,8,1,0.03982113301753998
1431,4,1,-0.0027122050523757935
1432,9,1,-0.06680163741111755
1433,7,1,-0.039373040199279785
1434,0,1,-0.06285250186920166
1435,1,0,-0.07130564004182816
1436,6,1,-0.024854041635990143
1437,1,0,-0.02629641443490982
1438,5,1,0.04820162057876587
1439,9,1,-0.012934476137161255
1440,0,1,-0.03242316097021103
1441,4,1,0.024677038192749023
1442,3,1,0.0402090847492218
1443,4,1,-0.04645702242851257
1444,1,0,-0.06204743683338165
1445,3,1,-0.016906455159187317
1446,0,1,0.161326602101326
1447,8,1,-0.046307116746902466
1448,4,1,-0.036287225782871246
1449,6,1,0.011845618486404419
1450,2,1,-0.043364785611629486
1451,2,1,-0.007266387343406677
1452,6,1,0.031190142035484314
1453,5,1,-0.019560985267162323
1454,3,1,-0.061013683676719666
1455,6,1,-0.015181288123130798
1456,2,1,-0.004751935601234436
1457,1,0,-0.06595747917890549
1458,1,0,-0.061298079788684845
1459,8,1,-0.047761112451553345
1460,6,1,0.03394819796085358
1461,0,1,0.0039101094007492065
1462,4,1,0.08658196032047272
1463,0,1,-0.02510105073451996
1464,1,0,0.030406251549720764
1465,9,1,0.040556490421295166
1466,7,1,-0.04228346049785614
1467,1,0,0.006926506757736206
1468,3,1,0.04186396300792694
1469,7,1,-0.047501079738140106
1470,7,1,0.0037025660276412964
1471,8,1,-0.07575011998414993
1472,7,1,0.01969483494758606
1473,7,1,-0.00022041797637939453
1474,3,1,-0.03745758533477783
1475,9,1,-0.04362650215625763
1476,7,1,-0.047208189964294434
1477,7,1,-0.045085348188877106
1478,7,1,-0.014928340911865234
1479,2,1,-0.07341740280389786
1480,1,0,-0.03794081509113312
1481,2,1,0.046348825097084045
1482,8,1,-0.06528475135564804
1483,6,1,-0.0493951141834259
1484,4,1,0.06732712686061859
1485,0,1,-0.047716639935970306
1486,7,1,-0.04748526215553284
1487,9,1,-0.009209968149662018
1488,8,1,-0.05179699510335922
1489,6,1,-0.022917330265045166
1490,8,1,-0.013183221220970154
1491,4,1,-0.030646756291389465
1492,9,1,0.03042013943195343
1493,1,0,-0.06361399590969086
1494,7,1,-0.061106160283088684
1495,2,1,0.13588304817676544
1496,2,1,-0.015810661017894745
1497,8,1,-0.02705278992652893
1498,5,1,0.019181177020072937
1499,8,1,-0.011848196387290955
1500,1,0,-0.017929673194885254
1501,2,1,-0.013698995113372803
1502,2,1,0.010160490870475769
1503,4,1,0.11652404069900513
1504,1,0,-0.03236374258995056
1505,2,1,0.02203214168548584
1506,5,1,0.005866706371307373
1507,2,1,-0.05231998860836029
1508,8,1,-0.044019535183906555
1509,1,0,-0.026780955493450165
1510,8,1,-0.014835715293884277
1511,1,0,-0.026534780859947205
1512,8,1,-0.03826632350683212
1513,6,1,0.04618683457374573
1514,0,1,-0.0718396008014679
1515,2,1,0.07456538081169128
1516,4,1,0.03500913083553314
1517,1,0,-0.03050227463245392
1518,3,1,-0.020057588815689087
1519,6,1,-0.05945388972759247
1520,7,1,-0.029873892664909363
1521,7,1,-0.046572476625442505
1522,4,1,0.0010207146406173706
1523,4,1,0.018664643168449402
1524,3,1,-0.022160902619361877
1525,3,1,-0.006800733506679535
1526,4,1,-0.030482351779937744
1527,5,1,-0.04991118609905243
1528,2,1,-0.017742663621902466
1529,4,1,-0.05968143045902252
1530,3,1,-0.025078728795051575
1531,7,1,-0.03487446904182434
1532,8,1,0.007127836346626282
1533,4,1,-0.013602964580059052
1534,4,1,0.009173810482025146
1535,4,1,0.07557331025600433
1536,5,1,-0.05089879781007767
1537,4,1,-0.04405522346496582
1538,3,1,-0.023994453251361847
1539,2,1,-0.03336521238088608
1540,8,1,0.018474116921424866
1541,4,1,-0.014027625322341919
1542,5,1,0.014036953449249268
1543,5,1,-0.020063921809196472
1544,4,1,-0.03783419728279114
1545,1,0,-0.02079121768474579
1546,4,1,-0.009850576519966125
1547,2,1,0.1477729231119156
1548,5,1,-0.057016775012016296
1549,1,0,-0.008240915834903717
1550,6,1,-0.04833483695983887
1551,4,1,-0.04875931143760681
1552,3,1,0.05078594386577606
1553,4,1,-0.027462229132652283
1554,4,1,-0.05001668632030487
1555,0,1,0.028221845626831055
1556,8,1,-0.04909106343984604
1557,8,1,-0.08205060660839081
1558,4,1,0.004749760031700134
1559,5,1,-0.019268080592155457
1560,7,1,0.017226949334144592
1561,5,1,-0.012284651398658752
1562,6,1,0.014859870076179504
1563,9,1,-0.011285491287708282
1564,1,0,-0.017333418130874634
1565,6,1,0.001519426703453064
1566,7,1,0.011868909001350403
1567,2,1,-0.007224768400192261
1568,0,1,0.006520658731460571
1569,1,0,-0.006240248680114746
1570,4,1,-0.006227478384971619
1571,5,1,-0.004662275314331055
1572,6,1,-0.03164798766374588
1573,0,1,0.0037050247192382812
1574,0,1,-0.023356333374977112
1575,2,1,-0.0077508240938186646
1576,7,1,-0.04638990759849548
1577,5,1,0.03188908100128174
1578,6,1,0.000248149037361145
1579,0,1,-0.04578573256731033
1580,6,1,-0.021566905081272125
1581,2,1,0.02834296226501465
1582,9,1,-0.0389651358127594
1583,1,0,-0.050655342638492584
1584,7,1,-0.02604566514492035
1585,7,1,-0.04250272363424301
1586,5,1,0.25600701570510864
1587,2,1,-0.00512772798538208
1588,5,1,-0.03216082602739334
1589,6,1,0.009363129734992981
1590,4,1,0.25675761699676514
1591,1,0,-0.03746265172958374
1592,4,1,-0.04080863296985626
1593,3,1,-0.03595355153083801
1594,3,1,0.1433129459619522
1595,3,1,-0.043846189975738525
1596,0,1,-0.034635648131370544
1597,3,1,-0.026429519057273865
1598,5,1,-0.05766431242227554
1599,5,1,-0.006695866584777832
1600,8,1,-0.02661813795566559
1601,9,1,-0.044853806495666504
1602,7,1,-0.07719448953866959
1603,3,1,0.01949392259120941
1604,1,0,-0.005464345216751099
1605,3,1,0.09675291180610657
1606,3,1,-0.04980376362800598
1607,3,1,0.012135490775108337
1608,4,1,0.006495848298072815
1609,4,1,-0.008368350565433502
1610,2,1,0.04061944782733917
1611,3,1,0.01977267861366272
1612,3,1,0.024643346667289734
1613,8,1,-0.019471436738967896
1614,1,0,0.010049805045127869
1615,7,1,-0.0803578644990921
1616,7,1,-0.023808076977729797
1617,0,1,0.007327139377593994
1618,7,1,-0.04827418923377991
1619,4,1,-0.03291632980108261
1620,5,1,-0.060940563678741455
1621,1,0,0.11372841894626617
1622,4,1,0.05879172682762146
1623,2,1,0.024142667651176453
1624,4,1,-0.059100158512592316
1625,3,1,-0.0010477155447006226
1626,9,1,0.05544857680797577
1627,9,1,0.0005814880132675171
1628,4,1,-0.04889139533042908
1629,9,1,0.08204419910907745
1630,9,1,0.0028143078088760376
1631,1,0,0.015656471252441406
1632,8,1,-0.07695609331130981
1633,1,0,-0.09611862897872925
1634,6,1,-0.030827932059764862
1635,7,1,0.011862173676490784
1636,5,1,-0.027832090854644775
1637,5,1,-0.042312175035476685
1638,4,1,0.08740346133708954
1639,9,1,-0.03458105027675629
1640,7,1,-0.021635517477989197
1641,6,1,-0.051490455865859985
1642,5,1,0.012839585542678833
1643,9,1,-0.021591588854789734
1644,2,1,-0.011169880628585815
1645,4,1,-0.01158568263053894
1646,0,1,0.06148849427700043
1647,7,1,0.015487506985664368
1648,8,1,-0.06869295239448547
1649,5,1,-0.0028979331254959106
1650,5,1,-0.024646595120429993
1651,0,1,-0.015279591083526611
1652,0,1,-0.025507673621177673
1653,9,1,-0.05619014799594879
1654,9,1,-0.021982811391353607
1655,8,1,-0.02597033977508545
1656,2,1,0.10217159986495972
1657,5,1,0.11699989438056946
1658,4,1,-0.010330796241760254
1659,8,1,-0.0714121013879776
1660,3,1,0.01846456527709961
1661,6,1,-0.01654408872127533
1662,3,1,0.021556884050369263
1663,6,1,-0.009802035987377167
1664,0,1,1.1219825744628906
1665,6,1,0.026523321866989136
1666,6,1,0.06132228672504425
1667,6,1,-0.02736680954694748
1668,9,1,-0.03282371163368225
1669,6,1,-0.02904188632965088
1670,6,1,0.08980536460876465
1671,8,1,-0.04912084341049194
1672,6,1,-0.03935936093330383
1673,2,1,-0.03162012994289398
1674,4,1,-0.04842045158147812
1675,5,1,0.007017284631729126
1676,8,1,-0.04356161504983902
1677,1,0,0.017477527260780334
1678,2,1,2.0295381546020508e-05
1679,7,1,-0.011367492377758026
1680,6,1,-0.04983668774366379
1681,5,1,0.13578762114048004
1682,7,1,-0.04299003630876541
1683,8,1,-0.0456337109208107
1684,1,0,-0.0002032071352005005
1685,8,1,0.06036432087421417
1686,0,1,0.013606831431388855
1687,8,1,0.005524829030036926
1688,6,1,-0.000818207859992981
1689,9,1,-0.050715371966362
1690,2,1,0.06260083615779877
1691,8,1,-0.04553154110908508
1692,9,1,-0.05969242751598358
1693,4,1,-0.05221371352672577
1694,0,1,0.4620553255081177
1695,9,1,-0.06212127208709717
1696,4,1,-0.05203240364789963
1697,9,1,-0.016920767724514008
1698,5,1,0.011031761765480042
1699,7,1,0.029108047485351562
1700,5,1,0.10313524305820465
1701,5,1,0.06786608695983887
1702,9,1,0.002652764320373535
1703,5,1,-0.06280075013637543
1704,3,1,-0.031785979866981506
1705,0,1,-0.00993204116821289
1706,1,0,-0.06562753766775131
1707,9,1,-0.048298999667167664
1708,7,1,-0.045189112424850464
1709,2,1,-0.009356319904327393
1710,4,1,-0.018182724714279175
1711,1,0,-0.023350700736045837
1712,0,1,-0.05627451837062836
1713,8,1,-0.028059452772140503
1714,0,1,0.023205861449241638
1715,3,1,-0.006338730454444885
1716,1,0,-0.031462907791137695
1717,7,1,0.022495701909065247
1718,0,1,-0.04943432658910751
1719,0,1,0.010546714067459106
1720,4,1,0.1224115639925003
1721,8,1,-0.052021123468875885
1722,6,1,-0.03374451398849487
1723,2,1,-0.07695885747671127
1724,4,1,-0.008757367730140686
1725,0,1,-0.08646897226572037
1726,0,1,-0.04289638251066208
1727,9,1,-0.029332846403121948
1728,0,1,-0.006171368062496185
1729,8,1,-0.048611000180244446
1730,4,1,-0.06370483338832855
1731,5,1,-0.01180044561624527
1732,9,1,-0.038310833275318146
1733,3,1,-0.02789992094039917
1734,9,1,-0.082342229783535
1735,0,1,0.22545404732227325
1736,5,1,-0.056168898940086365
1737,6,1,-0.019204482436180115
1738,5,1,-0.004422858357429504
1739,0,1,-0.012299582362174988
1740,1,0,-0.05157298594713211
1741,4,1,0.011594638228416443
1742,8,1,-0.05716574937105179
1743,1,0,-0.05296175181865692
1744,0,1,-0.01187213510274887
1745,5,1,0.07999484241008759
1746,2,1,-0.048717014491558075
1747,1,0,-0.03049842268228531
1748,0,1,0.20492736995220184
1749,2,1,0.011797383427619934
1750,8,1,-0.021306976675987244
1751,1,0,-0.049179673194885254
1752,5,1,-0.013589605689048767
1753,6,1,-0.006017804145812988
1754,7,1,-0.03802695870399475
1755,7,1,-0.058520108461380005
1756,2,1,-0.05071534216403961
1757,6,1,-0.0373028963804245
1758,2,1,-0.0190681591629982
1759,5,1,0.45792853832244873
1760,0,1,0.004617601633071899
1761,1,0,-0.013802304863929749
1762,4,1,-0.01819974184036255
1763,2,1,0.04371754825115204
1764,5,1,0.04539977014064789
1765,4,1,0.024387285113334656
1766,6,1,0.051850542426109314
1767,2,1,0.05294935405254364
1768,2,1,-0.039278626441955566
1769,1,0,-0.03566870838403702
1770,7,1,0.028363913297653198
1771,2,1,0.029443487524986267
1772,8,1,0.030157148838043213
1773,5,1,0.029659882187843323
1774,5,1,0.018360182642936707
1775,3,1,-0.0034462958574295044
1776,0,1,-0.01553325355052948
1777,4,1,-0.02755960077047348
1778,8,1,-0.08026740700006485
1779,3,1,-0.010638490319252014
1780,7,1,-0.06610917299985886
1781,6,1,-0.008896470069885254
1782,3,1,-0.0034780949354171753
1783,8,1,-0.04701550304889679
1784,1,0,-0.052666760981082916
1785,0,1,0.08853258192539215
1786,1,0,-0.05970829725265503
1787,3,1,0.18766944110393524
1788,3,1,-0.03736808896064758
1789,0,1,-0.021677471697330475
1790,7,1,-0.035832419991493225
1791,4,1,0.09861455857753754
1792,9,1,-0.05094453692436218
1793,5,1,-0.0035756826400756836
1794,3,1,0.005216836929321289
1795,6,1,-0.03244955837726593
1796,0,1,-0.023265615105628967
1797,1,0,-0.026151135563850403
1798,4,1,0.08935730159282684
1799,4,1,0.016075298190116882
1800,4,1,-0.01655961573123932
1801,4,1,-0.07260099053382874
1802,2,1,0.9215395450592041
1803,2,1,-0.0027417540550231934
1804,5,1,-0.018766433000564575
1805,8,1,0.025754138827323914
1806,1,0,-0.05284348875284195
1807,5,1,0.04787267744541168
1808,9,1,-0.046339645981788635
1809,8,1,-0.0362091064453125
1810,1,0,-0.032257676124572754
1811,1,0,0.04523192346096039
1812,5,1,-0.02220848947763443
1813,3,1,-0.007270015776157379
1814,9,1,-0.056845903396606445
1815,9,1,-0.023492887616157532
1816,7,1,0.06841154396533966
1817,6,1,-0.03680604696273804
1818,5,1,-0.03518681228160858
1819,0,1,-0.036737337708473206
1820,8,1,-0.04248291254043579
1821,4,1,0.016204729676246643
1822,7,1,0.04107767343521118
1823,0,1,0.007941484451293945
1824,9,1,-0.05735776573419571
1825,2,1,0.027975797653198242
1826,8,1,-0.05817355215549469
1827,4,1,-0.0517897754907608
1828,7,1,-0.06026268005371094
1829,1,0,-0.03215089440345764
1830,3,1,0.025323018431663513
1831,9,1,-0.07569572329521179
1832,6,1,-0.0378616601228714
1833,8,1,-0.0742219090461731
1834,9,1,0.013161763548851013
1835,0,1,-0.06392493844032288
1836,4,1,-0.003981098532676697
1837,9,1,0.0016250461339950562
1838,6,1,-0.055495843291282654
1839,7,1,0.04340140521526337
1840,8,1,-0.0357561856508255
1841,9,1,-0.04056522995233536
1842,4,1,-0.005150794982910156
1843,8,1,-0.06920862197875977
1844,9,1,-0.05060470104217529
1845,7,1,-0.02534153312444687
1846,2,1,0.04466673731803894
1847,5,1,0.09593631327152252
1848,3,1,0.005043327808380127
1849,7,1,0.02296924591064453
1850,1,0,0.05937553942203522
1851,0,1,0.21072567999362946
1852,2,1,-0.04834359884262085
1853,9,1,-0.07050608098506927
1854,5,1,-0.030768804252147675
1855,5,1,-0.034142330288887024
1856,8,1,0.012839719653129578
1857,5,1,-0.04752318561077118
1858,4,1,-0.06815263628959656
1859,2,1,-0.024361759424209595
1860,8,1,-0.05609792470932007
1861,3,1,-0.04125843197107315
1862,5,1,-0.017726436257362366
1863,5,1,-0.019342243671417236
1864,7,1,-0.014180988073348999
1865,7,1,0.11322930455207825
1866,8,1,-0.035697534680366516
1867,6,1,-0.007005169987678528
1868,2,1,-0.012838810682296753
1869,8,1,-0.036879852414131165
1870,2,1,0.01587754487991333
1871,3,1,-0.016153037548065186
1872,5,1,0.0592343807220459
1873,6,1,-0.044108398258686066
1874,8,1,0.024109169840812683
1875,0,1,-0.006691381335258484
1876,2,1,0.019700363278388977
1877,3,1,-0.015616506338119507
1878,7,1,0.03768271207809448
1879,0,1,0.07717818021774292
1880,1,0,-0.015349358320236206
1881,9,1,-0.02355525642633438
1882,1,0,-0.02211000770330429
1883,3,1,-0.05946698039770126
1884,7,1,0.006690680980682373
1885,5,1,0.011244997382164001
1886,8,1,-0.034627944231033325
1887,3,1,-0.017230600118637085
1888,2,1,-0.006460428237915039
1889,9,1,-0.04988321661949158
1890,6,1,-0.0343480259180069
1891,8,1,-0.0706707090139389
1892,6,1,-0.007252946496009827
1893,9,1,-0.02788373827934265
1894,3,1,-0.0023708343505859375
1895,8,1,-0.08990165591239929
1896,9,1,-0.06625957787036896
1897,8,1,-0.0720815509557724
1898,0,1,0.10450996458530426
1899,7,1,-0.0365971177816391
1900,8,1,-0.07392895221710205
1901,5,1,-0.03883521258831024
1902,0,1,0.019162729382514954
1903,0,1,-0.08269460499286652
1904,1,0,-0.021814443171024323
1905,3,1,-0.00759521871805191
1906,9,1,-0.02807425707578659
1907,1,0,0.030107274651527405
1908,5,1,-0.03719030320644379
1909,3,1,0.06279896199703217
1910,4,1,-0.054206281900405884
1911,4,1,-0.03758932650089264
1912,0,1,0.034005776047706604
1913,9,1,-0.0351632684469223
1914,9,1,-0.034858837723731995
1915,9,1,0.015941902995109558
1916,9,1,0.05142335593700409
1917,8,1,-0.048064857721328735
1918,2,1,-0.02202536165714264
1919,4,1,-0.029772043228149414
1920,2,1,-0.04000452160835266
1921,2,1,-0.013654746115207672
1922,5,1,0.023238733410835266
1923,1,0,-0.03425345569849014
1924,9,1,-0.04648219048976898
1925,1,0,-0.06786017119884491
1926,0,1,0.04360079765319824
1927,9,1,-0.014699548482894897
1928,4,1,-0.018426313996315002
1929,2,1,0.035303518176078796
1930,1,0,-0.009882345795631409
1931,6,1,-0.03049071878194809
1932,0,1,-0.0005530118942260742
1933,3,1,-0.044792063534259796
1934,7,1,0.0063654035329818726
1935,6,1,0.05288781225681305
1936,3,1,-0.037654854357242584
1937,1,0,-0.03375156223773956
1938,8,1,-0.026069924235343933
1939,6,1,-0.05838751792907715
1940,5,1,-0.04996085166931152
1941,7,1,0.00918857753276825
1942,2,1,0.014086589217185974
1943,8,1,-0.042840421199798584
1944,4,1,-0.019897818565368652
1945,4,1,-0.04163147509098053
1946,8,1,-0.04660060256719589
1947,3,1,-0.049875952303409576
1948,5,1,-0.03765226900577545
1949,0,1,0.03038020431995392
1950,5,1,-0.002654030919075012
1951,7,1,-0.007059767842292786
1952,4,1,-0.011017963290214539
1953,4,1,-0.05756787955760956
1954,2,1,-0.034647077322006226
1955,2,1,-0.03263799101114273
1956,7,1,-0.04655250906944275
1957,3,1,-0.03386719524860382
1958,6,1,0.0009854435920715332
1959,0,1,-0.0328323096036911
1960,2,1,0.01047372817993164
1961,7,1,0.027023687958717346
1962,6,1,0.01833687722682953
1963,2,1,-0.0447160080075264
1964,3,1,-0.025761544704437256
1965,0,1,0.005217894911766052
1966,7,1,0.02100105583667755
1967,7,1,-0.006738930940628052
1968,8,1,-0.060002200305461884
1969,1,0,0.009702444076538086
1970,1,0,0.007332324981689453
1971,4,1,0.11282065510749817
1972,6,1,-0.045233070850372314
1973,0,1,0.05385543406009674
1974,6,1,-0.028548188507556915
1975,6,1,-0.04311002045869827
1976,5,1,-0.0459645539522171
1977,5,1,-0.0032423287630081177
1978,6,1,-0.060142822563648224
1979,3,1,-0.00923958420753479
1980,9,1,0.0018487125635147095
1981,3,1,0.10731656849384308
1982,6,1,0.04779088497161865
1983,8,1,-0.0330672562122345
1984,7,1,0.0055535584688186646
1985,6,1,0.0005597621202468872
1986,4,1,-0.02640460431575775
1987,9,1,-0.05275304615497589
1988,5,1,-0.0641600638628006
1989,6,1,-0.02363729476928711
1990,4,1,0.00024463236331939697
1991,1,0,-0.0221877321600914
1992,6,1,-0.014806032180786133
1993,3,1,-0.08420892804861069
1994,8,1,-0.011471845209598541
1995,2,1,0.07713091373443604
1996,3,1,0.02035553753376007
1997,9,1,-0.014810904860496521
1998,8,1,0.03014300763607025
1999,5,1,0.01626598834991455
2000,1,0,-0.0025586336851119995
2001,5,1,0.055214717984199524
2002,4,1,0.014768406748771667
2003,5,1,-0.039012983441352844
2004,7,1,0.0021167248487472534
2005,5,1,-0.026726134121418
2006,7,1,-0.04011321812868118
2007,8,1,-0.07074122130870819
2008,9,1,-0.03921375423669815
2009,1,0,-0.06515847146511078
2010,7,1,-0.07119002938270569
2011,2,1,0.01703442633152008
2012,5,1,-0.03307119011878967
2013,6,1,-0.0009570568799972534
2014,8,1,-0.030935220420360565
2015,4,1,-0.00797811895608902
2016,6,1,-0.04545129835605621
2017,5,1,-0.026708297431468964
2018,3,1,0.0392242968082428
2019,9,1,-0.017202891409397125
2020,9,1,-0.05041368305683136
2021,8,1,-0.03707738220691681
2022,5,1,0.0017247945070266724
2023,5,1,-0.038820475339889526
2024,6,1,-0.04850469529628754
2025,4,1,0.07659800350666046
2026,5,1,-0.04694607853889465
2027,9,1,0.03582058846950531
2028,7,1,-0.02024924010038376
2029,3,1,0.004203900694847107
2030,4,1,0.025607168674468994
2031,1,0,-0.03778998553752899
2032,4,1,0.062250301241874695
2033,2,1,-0.01764286309480667
2034,3,1,-0.02613207697868347
2035,6,1,0.0038699358701705933
2036,5,1,-0.052435263991355896
2037,5,1,0.013744533061981201
2038,2,1,-0.01960022747516632
2039,8,1,-0.039326488971710205
2040,0,1,-0.07269224524497986
2041,0,1,0.15614880621433258
2042,1,0,-0.04388462007045746
2043,8,1,-0.013665355741977692
2044,3,1,-0.030138731002807617
2045,1,0,-0.025528274476528168
2046,3,1,-0.014087319374084473
2047,5,1,0.007523700594902039
2048,8,1,0.0011834502220153809
2049,3,1,-0.026622019708156586
2050,8,1,-0.002454802393913269
2051,5,1,-0.00898219645023346
2052,8,1,-0.07594257593154907
2053,6,1,0.043947070837020874
2054,3,1,-0.023940205574035645
2055,5,1,-0.061490193009376526
2056,5,1,-0.017362065613269806
2057,5,1,-0.04232779145240784
2058,0,1,-0.05172066390514374
2059,9,1,0.04353244602680206
2060,5,1,0.13031478226184845
2061,5,1,0.002677127718925476
2062,7,1,-0.005025312304496765
2063,1,0,0.018017306923866272
2064,8,1,-0.08817500621080399
2065,2,1,-0.04793871194124222
2066,2,1,0.004644483327865601
2067,7,1,-0.03852260112762451
2068,3,1,-0.0062753260135650635
2069,4,1,-0.02557530254125595
2070,2,1,-0.02284736931324005
2071,9,1,-0.009339012205600739
2072,6,1,-0.032366685569286346
2073,2,1,0.04991789162158966
2074,2,1,0.07023125886917114
2075,4,1,-0.06678226590156555
2076,3,1,0.042079851031303406
2077,0,1,0.001690104603767395
2078,2,1,0.07157035171985626
2079,0,1,0.10202598571777344
2080,1,0,-0.02484135329723358
2081,3,1,-0.027310281991958618
2082,2,1,0.10399650037288666
2083,2,1,-0.026692330837249756
2084,7,1,0.0374041348695755
2085,0,1,-0.015095502138137817
2086,1,0,-0.06584219634532928
2087,0,1,0.12317712604999542
2088,7,1,-0.05524885654449463
2089,7,1,-0.0057487934827804565
2090,2,1,2.376953125
2091,0,1,0.08163322508335114
2092,1,0,-0.0544707253575325
2093,6,1,0.01857389509677887
2094,5,1,-0.04097411036491394
2095,0,1,0.24136324226856232
2096,2,1,-0.006925642490386963
2097,2,1,0.08044447004795074
2098,0,1,-0.04056764394044876
2099,1,0,-0.022876188158988953
2100,2,1,-0.018329665064811707
2101,6,1,-0.005368262529373169
2102,0,1,-0.0076748281717300415
2103,1,0,-0.040175117552280426
2104,6,1,-0.08572863042354584
2105,6,1,0.024151399731636047
2106,5,1,-0.013944953680038452
2107,3,1,-0.005337059497833252
2108,4,1,0.008594021201133728
2109,0,1,-0.009525559842586517
2110,0,1,0.14289377629756927
2111,9,1,-0.010985121130943298
2112,1,0,-0.049177080392837524
2113,0,1,0.046320512890815735
2114,2,1,-0.05454535782337189
2115,5,1,0.06509464979171753
2116,9,1,-0.06597816944122314
2117,7,1,-0.04375951737165451
2118,8,1,-0.005837291479110718
2119,6,1,-0.015508279204368591
2120,4,1,-0.0356573760509491
2121,6,1,0.26900696754455566
2122,0,1,0.320777952671051
2123,2,1,0.09219875931739807
2124,0,1,-0.006044231355190277
2125,1,0,-0.04659944772720337
2126,9,1,-0.04983217269182205
2127,2,1,0.015528663992881775
2128,4,1,0.019051626324653625
2129,9,1,-0.07122901827096939
2130,0,1,0.03207792341709137
2131,7,1,0.0034581124782562256
2132,2,1,0.015025287866592407
2133,3,1,-0.01587778329849243
2134,4,1,-0.009447850286960602
2135,8,1,-0.0591139942407608
2136,0,1,0.01797531545162201
2137,2,1,0.04719384014606476
2138,6,1,-0.07614541053771973
2139,8,1,-0.06624539196491241
2140,9,1,-0.027472130954265594
2141,7,1,-0.02636120468378067
2142,1,0,-0.020128384232521057
2143,9,1,-0.03431904315948486
2144,3,1,0.04103308916091919
2145,7,1,0.0013896971940994263
2146,2,1,-0.014596663415431976
2147,7,1,-0.04908376932144165
2148,9,1,-0.02685137838125229
2149,6,1,-0.02655172348022461
2150,9,1,-0.04123084992170334
2151,5,1,-0.060125380754470825
2152,7,1,-0.022491008043289185
2153,8,1,-0.048635333776474
2154,5,1,-0.003926202654838562
2155,9,1,-0.06492151319980621
2156,8,1,-0.0684693232178688
2157,3,1,-0.024617627263069153
2158,9,1,-0.009987294673919678
2159,8,1,-0.013511672616004944
2160,0,1,-0.030856527388095856
2161,5,1,0.13851656019687653
2162,5,1,-0.08234138786792755
2163,7,1,-0.027359910309314728
2164,1,0,-0.04120867699384689
2165,2,1,-0.02609044313430786
2166,0,1,0.08143883943557739
2167,7,1,-0.003095299005508423
2168,5,1,-0.02604834735393524
2169,8,1,0.11207976937294006
2170,2,1,-0.0006718486547470093
2171,2,1,-0.028850503265857697
2172,5,1,0.02078406512737274
2173,3,1,-0.04652783274650574
2174,9,1,-0.05185401439666748
2175,3,1,-0.03469618409872055
2176,1,0,-0.06875819712877274
2177,9,1,-0.01649366319179535
2178,3,1,-0.05488886684179306
2179,1,0,-0.047977596521377563
2180,4,1,-0.03365900367498398
2181,3,1,-0.03168158233165741
2182,4,1,-0.023417450487613678
2183,4,1,0.0067503005266189575
2184,9,1,-0.05445826053619385
2185,0,1,-0.0036199837923049927
2186,9,1,-0.04428867995738983
2187,5,1,0.011871278285980225
2188,9,1,-0.08237339556217194
2189,2,1,0.05236293375492096
2190,9,1,-0.03324504941701889
2191,4,1,-0.005618289113044739
2192,0,1,0.12198646366596222
2193,2,1,-0.014746487140655518
2194,8,1,-0.021568462252616882
2195,4,1,-0.007317841053009033
2196,8,1,-0.057342156767845154
2197,6,1,-0.028232187032699585
2198,8,1,-0.021989740431308746
2199,2,1,-0.027774736285209656
2200,0,1,-0.008204616606235504
2201,5,1,-0.03812767565250397
2202,9,1,-0.027173206210136414
2203,6,1,-0.010084792971611023
2204,9,1,-0.015582047402858734
2205,5,1,0.009420499205589294
2206,1,0,-0.022738374769687653
2207,3,1,-0.029281169176101685
2208,4,1,0.051824167370796204
2209,4,1,-0.025286808609962463
2210,2,1,0.6598239541053772
2211,7,1,-0.052788883447647095
2212,2,1,-0.061636343598365784
2213,4,1,0.052408501505851746
2214,4,1,-0.044982701539993286
2215,0,1,0.0407455712556839
2216,2,1,0.033253639936447144
2217,8,1,-0.05895252525806427
2218,4,1,-0.049346327781677246
2219,5,1,-0.00573711097240448
2220,1,0,0.004268527030944824
2221,2,1,-0.012350857257843018
2222,6,1,-0.0009637176990509033
2223,8,1,-0.030440859496593475
2224,1,0,-0.04673870652914047
2225,7,1,-0.036956727504730225
2226,2,1,-0.005025431513786316
2227,8,1,-0.062401026487350464
2228,7,1,-0.07818102836608887
2229,4,1,-0.07991303503513336
2230,3,1,-0.002153441309928894
2231,3,1,-0.017026394605636597
2232,0,1,-0.06280243396759033
2233,3,1,0.2655409574508667
2234,7,1,-0.033941447734832764
2235,2,1,0.014591798186302185
2236,5,1,0.006967678666114807
2237,6,1,0.005197182297706604
2238,1,0,-0.013405174016952515
2239,7,1,-0.014908455312252045
2240,9,1,-0.06224988400936127
2241,0,1,0.05651380121707916
2242,2,1,-0.04680279642343521
2243,3,1,0.038997456431388855
2244,9,1,-0.03365258872509003
2245,8,1,0.1044301837682724
2246,9,1,-0.036492250859737396
2247,5,1,-0.01696816086769104
2248,0,1,0.09593518078327179
2249,0,1,0.07764506340026855
2250,7,1,-0.015233457088470459
2251,6,1,0.08635042607784271
2252,3,1,-0.018170326948165894
2253,3,1,-0.003442138433456421
2254,8,1,-0.056997060775756836
2255,1,0,-0.05404520034790039
2256,4,1,-0.02369314432144165
2257,0,1,-0.025315552949905396
2258,1,0,-0.03639402985572815
2259,5,1,-0.017954692244529724
2260,4,1,0.001245930790901184
2261,3,1,-0.031112566590309143
2262,2,1,-0.07518735527992249
2263,6,1,-0.009595789015293121
2264,0,1,0.018224269151687622
2265,8,1,-0.07272884249687195
2266,8,1,-0.032707080245018005
2267,6,1,-0.04889029264450073
2268,3,1,-0.04625751078128815
2269,3,1,-0.010208189487457275
2270,2,1,0.08359922468662262
2271,9,1,-0.009255170822143555
2272,7,1,-0.004827186465263367
2273,5,1,-0.001711040735244751
2274,1,0,-0.0632195696234703
2275,6,1,-0.0040302276611328125
2276,0,1,0.008566334843635559
2277,5,1,-0.039970457553863525
2278,9,1,-0.025194130837917328
2279,9,1,-0.06517568975687027
2280,4,1,-0.08624864369630814
2281,5,1,-0.07026055455207825
2282,9,1,-0.08207075297832489
2283,4,1,-0.040269121527671814
2284,8,1,0.0070824772119522095
2285,3,1,-0.012745678424835205
2286,3,1,-0.033472657203674316
2287,2,1,-0.01987931877374649
2288,5,1,-0.013156130909919739
2289,1,0,-0.02919347584247589
2290,9,1,0.004782974720001221
2291,5,1,0.0026832371950149536
2292,5,1,-0.022887825965881348
2293,8,1,-0.008585996925830841
2294,1,0,-0.05121740698814392
2295,8,1,-0.08203395456075668
2296,9,1,-0.009055092930793762
2297,7,1,-0.047893375158309937
2298,0,1,-0.031110182404518127
2299,6,1,-0.07401935011148453
2300,3,1,-0.018185466527938843
2301,2,1,0.051044121384620667
2302,0,1,0.10386943817138672
2303,2,1,0.061987683176994324
2304,6,1,-0.04138830304145813
2305,9,1,-0.02783999592065811
2306,3,1,-0.005344614386558533
2307,9,1,-0.027723684906959534
2308,1,0,-0.04466841369867325
2309,6,1,-0.05570438504219055
2310,6,1,-0.01536540687084198
2311,7,1,0.02984479069709778
2312,2,1,0.016848742961883545
2313,6,1,-0.014356784522533417
2314,3,1,0.08415696024894714
2315,2,1,0.15535868704319
2316,5,1,-0.01596394181251526
2317,5,1,0.020080551505088806
2318,2,1,-0.032476626336574554
2319,7,1,-0.024059683084487915
2320,5,1,-0.00857098400592804
2321,2,1,-0.06397585570812225
2322,0,1,0.09396705031394958
2323,8,1,-0.046734198927879333
2324,0,1,-0.03722521662712097
2325,7,1,-0.04206601530313492
2326,7,1,0.010105147957801819
2327,1,0,-0.003533080220222473
2328,7,1,0.013912364840507507
2329,4,1,-0.03672806918621063
2330,0,1,0.0938601940870285
2331,2,1,-0.017825990915298462
2332,2,1,0.08102598786354065
2333,6,1,-0.034640103578567505
2334,1,0,0.008975207805633545
2335,5,1,-0.012439601123332977
2336,9,1,-0.042067646980285645
2337,7,1,-0.038278646767139435
2338,6,1,0.12401808798313141
2339,2,1,0.06259261071681976
2340,7,1,-0.05242566764354706
2341,0,1,-0.015687614679336548
2342,5,1,-0.046324700117111206
2343,6,1,0.031016185879707336
2344,0,1,-0.04073803126811981
2345,1,0,0.0017310678958892822
2346,1,0,0.032760486006736755
2347,8,1,-0.060360416769981384
2348,4,1,0.027969539165496826
2349,5,1,-0.011474475264549255
2350,3,1,-0.02371375262737274
2351,1,0,-0.0017891377210617065
2352,2,1,-0.018779627978801727
2353,4,1,-0.013227075338363647
2354,8,1,0.006394922733306885
2355,9,1,-0.00876009464263916
2356,8,1,-0.04795481264591217
2357,1,0,-0.022933468222618103
2358,7,1,-0.054417818784713745
2359,2,1,0.03644309937953949
2360,7,1,-0.020039498805999756
2361,2,1,0.10660873353481293
2362,3,1,0.18396176397800446
2363,2,1,0.0026715844869613647
2364,6,1,0.016588062047958374
2365,7,1,-0.03326573222875595
2366,9,1,-0.04615958034992218
2367,4,1,-0.021454259753227234
2368,0,1,-0.004632487893104553
2369,1,0,-0.034587711095809937
2370,0,1,-0.08382158726453781
2371,4,1,-0.07989675551652908
2372,5,1,-0.04542839527130127
2373,0,1,0.169290229678154
2374,8,1,-0.027634412050247192
2375,0,1,-0.050298526883125305
2376,7,1,-0.08437396585941315
2377,6,1,-0.07029929757118225
2378,1,0,-0.0336550772190094
2379,0,1,-0.06527748703956604
2380,8,1,-0.08708957582712173
2381,5,1,-0.0262032151222229
2382,9,1,-0.023232899606227875
2383,2,1,0.1486227661371231
2384,5,1,-0.017376810312271118
2385,4,1,-0.06512216478586197
2386,4,1,-0.033339813351631165
2387,9,1,-0.0722293108701706
2388,0,1,-0.0054337382316589355
2389,6,1,-0.026345953345298767
2390,1,0,-0.03825788199901581
2391,2,1,0.02784086763858795
2392,5,1,-0.04903458058834076
2393,1,0,-0.015094779431819916
2394,6,1,0.022397562861442566
2395,7,1,-0.02010442316532135
2396,1,0,-0.02552834153175354
2397,5,1,-0.03191857784986496
2398,8,1,-0.0796976387500763
2399,8,1,-0.057907842099666595
2400,0,1,0.31827467679977417
2401,3,1,-0.06317070126533508
2402,9,1,0.019272595643997192
2403,4,1,-0.02789723128080368
2404,0,1,-0.017477229237556458
2405,3,1,-0.032468825578689575
2406,4,1,-0.0021230876445770264
2407,9,1,-0.03950563818216324
2408,2,1,-0.013778269290924072
2409,4,1,0.01241457462310791
2410,3,1,0.009051412343978882
2411,0,1,0.133710578083992
2412,6,1,-0.04933297634124756
2413,4,1,-0.0059197694063186646
2414,5,1,-0.0010391324758529663
2415,6,1,0.02382047474384308
2416,6,1,-0.01009444147348404
2417,7,1,-0.047381848096847534
2418,8,1,-0.010912388563156128
2419,4,1,-0.005925029516220093
2420,8,1,-0.05370011925697327
2421,8,1,-0.06615037471055984
2422,3,1,-0.022532671689987183
2423,2,1,-0.02410002052783966
2424,8,1,-0.05897282063961029
2425,0,1,-0.00331936776638031
2426,2,1,0.05209630727767944
2427,5,1,-0.037116438150405884
2428,6,1,-0.015393100678920746
2429,8,1,-0.009289279580116272
2430,7,1,0.011573806405067444
2431,8,1,-0.03346598893404007
2432,9,1,-0.07439688593149185
2433,9,1,0.0026326626539230347
2434,0,1,-0.035168617963790894
2435,6,1,-0.03422653675079346
2436,6,1,-0.029392004013061523
2437,8,1,0.09472064673900604
2438,1,0,-0.016469016671180725
2439,1,0,0.0009201765060424805
2440,7,1,0.03896351158618927
2441,4,1,-0.021809600293636322
2442,4,1,-0.011144235730171204
2443,2,1,0.1854315549135208
2444,3,1,-0.04493090510368347
2445,6,1,-0.04523968696594238
2446,9,1,-0.02285383641719818
2447,6,1,-0.019600726664066315
2448,2,1,0.01827840507030487
2449,4,1,0.004020705819129944
2450,1,0,-0.009336665272712708
2451,8,1,-0.052708402276039124
2452,2,1,-0.006308667361736298
2453,3,1,0.006203353404998779
2454,1,0,-0.04096832871437073
2455,6,1,0.006635710597038269
2456,8,1,0.16807757318019867
2457,6,1,-0.037736132740974426
2458,8,1,-0.0375160276889801
2459,5,1,-0.023949332535266876
2460,9,1,-0.06050775200128555
2461,0,1,0.019797906279563904
2462,1,0,-0.053778670728206635
2463,0,1,-0.029437124729156494
2464,2,1,-0.03989824652671814
2465,9,1,-0.06615030020475388
2466,2,1,-0.042089059948921204
2467,9,1,-0.04533208906650543
2468,0,1,0.014968246221542358
2469,9,1,0.030262932181358337
2470,7,1,-0.052358478307724
2471,8,1,0.016150936484336853
2472,5,1,0.023099705576896667
2473,0,1,0.004364103078842163
2474,6,1,0.048298031091690063
2475,6,1,-0.025321707129478455
2476,8,1,-0.07191846519708633
2477,1,0,-0.03949861228466034
2478,6,1,-0.02980610728263855
2479,5,1,-0.02047908306121826
2480,8,1,-0.04379986971616745
2481,7,1,0.02598099410533905
2482,9,1,-0.03535386919975281
2483,2,1,-0.03210947662591934
2484,1,0,-0.021375462412834167
2485,6,1,0.040602102875709534
2486,7,1,-0.013820014894008636
2487,5,1,-0.005320876836776733
2488,6,1,-0.004604920744895935
2489,3,1,-0.04260178655385971
2490,0,1,-0.02087358385324478
2491,9,1,-0.08417107164859772
2492,8,1,-0.07149709761142731
2493,9,1,-0.048180513083934784
2494,5,1,0.12384869158267975
2495,9,1,-0.06212896108627319
2496,9,1,-0.018666967749595642
2497,9,1,-0.043054163455963135
2498,3,1,0.01647302508354187
2499,6,1,-0.03318561613559723
2500,4,1,0.018246755003929138
2501,4,1,0.004134193062782288
2502,8,1,0.08403147757053375
2503,8,1,-0.06614799797534943
2504,1,0,-0.002020731568336487
2505,7,1,-0.023834198713302612
2506,3,1,0.017019882798194885
2507,0,1,0.7840495109558105
2508,6,1,-0.04086162894964218
2509,2,1,-0.001861274242401123
2510,4,1,-0.010665446519851685
2511,8,1,-0.05765553563833237
2512,2,1,-0.007794082164764404
2513,2,1,0.09092848002910614
2514,9,1,0.025897428393363953
2515,2,1,-0.04395843297243118
2516,2,1,0.026049956679344177
2517,9,1,-0.027866750955581665
2518,7,1,0.0013180822134017944
2519,4,1,0.05545912683010101
2520,1,0,-0.05450800061225891
2521,9,1,-0.027041614055633545
2522,1,0,-0.07781472057104111
2523,4,1,-0.04934842139482498
2524,3,1,0.008655637502670288
2525,5,1,-0.024790719151496887
2526,3,1,0.04517616331577301
2527,8,1,-0.02744196355342865
2528,9,1,0.10333900153636932
2529,3,1,0.005384519696235657
2530,6,1,-0.0505656972527504
2531,2,1,-0.012619629502296448
2532,0,1,-0.04807819426059723
2533,8,1,0.09823913872241974
2534,9,1,-0.04066081345081329
2535,0,1,0.014814600348472595
2536,5,1,-0.044262468814849854
2537,1,0,-0.0767616480588913
2538,5,1,0.08467952907085419
2539,8,1,-0.08649184554815292
2540,2,1,-0.02967219054698944
2541,1,0,0.033124297857284546
2542,2,1,-0.0398356169462204
2543,3,1,0.13029851019382477
2544,2,1,-0.0077834054827690125
2545,4,1,-0.016333341598510742
2546,8,1,-0.07615943253040314
2547,4,1,-0.01638171821832657
2548,0,1,0.05933545529842377
2549,6,1,-0.00825478881597519
2550,4,1,-0.04882776737213135
2551,2,1,0.010015085339546204
2552,9,1,-0.03137242794036865
2553,8,1,-0.07407058030366898
2554,4,1,-0.020906098186969757
2555,7,1,-0.06993786245584488
2556,6,1,-0.0061199963092803955
2557,2,1,-0.027001239359378815
2558,4,1,0.08806328475475311
2559,7,1,0.1740407794713974
2560,7,1,0.006009295582771301
2561,6,1,-0.029499545693397522
2562,4,1,0.015912964940071106
2563,2,1,0.044862985610961914
2564,2,1,0.06226623058319092
2565,3,1,-0.04556666314601898
2566,2,1,-0.03959579020738602
2567,4,1,0.0050213634967803955
2568,9,1,0.024344921112060547
2569,0,1,0.0816735178232193
2570,0,1,0.4823685884475708
2571,9,1,-0.048255398869514465
2572,6,1,0.022229716181755066
2573,5,1,-0.029638558626174927
2574,8,1,-0.002729669213294983
2575,5,1,-0.03277226537466049
2576,2,1,-0.04967937618494034
2577,4,1,-0.06732360273599625
2578,8,1,-0.02201789617538452
2579,8,1,-0.04059283435344696
2580,6,1,-0.0555887371301651
2581,4,1,-0.07191972434520721
2582,5,1,-0.049883097410202026
2583,7,1,-0.0032579153776168823
2584,6,1,0.10740424692630768
2585,3,1,0.3369651436805725
2586,7,1,-0.04456770420074463
2587,0,1,0.16979636251926422
2588,4,1,-0.026503190398216248
2589,0,1,-0.04986465722322464
2590,5,1,-0.0194292813539505
2591,8,1,-0.04672805964946747
2592,2,1,-0.007906511425971985
2593,8,1,-0.043010883033275604
2594,0,1,-0.044696107506752014
2595,4,1,-0.008948221802711487
2596,9,1,-0.05642709136009216
2597,2,1,-0.05506155639886856
2598,3,1,-0.026325076818466187
2599,6,1,-0.03202783316373825
2600,8,1,-0.06312419474124908
2601,1,0,-0.022185176610946655
2602,6,1,0.0728980302810669
2603,0,1,-0.046230025589466095
2604,8,1,-0.024403303861618042
2605,4,1,-0.037263303995132446
2606,3,1,0.08550766110420227
2607,1,0,-0.03165079653263092
2608,4,1,-0.032036587595939636
2609,5,1,0.011496618390083313
2610,2,1,0.03717033565044403
2611,4,1,0.044279783964157104
2612,3,1,0.05519409477710724
2613,6,1,-0.016308143734931946
2614,0,1,0.003067120909690857
2615,7,1,-0.0009976774454116821
2616,1,0,-0.03840567171573639
2617,3,1,-0.027780786156654358
2618,5,1,-0.04102853685617447
2619,7,1,-0.047941893339157104
2620,1,0,-0.0074897706508636475
2621,8,1,0.04180280864238739
2622,0,1,0.1676071733236313
2623,4,1,-0.05272606015205383
2624,8,1,-0.04268626868724823
2625,2,1,0.053764015436172485
2626,7,1,-0.05014123022556305
2627,7,1,-0.018919676542282104
2628,0,1,-0.035549283027648926
2629,2,1,-0.004130378365516663
2630,2,1,0.022189274430274963
2631,4,1,-0.04032503813505173
2632,3,1,-0.045554377138614655
2633,3,1,-0.06106410175561905
2634,1,0,-0.006909951567649841
2635,6,1,-0.0170418843626976
2636,1,0,-0.018147803843021393
2637,6,1,0.04141150414943695
2638,4,1,0.029379725456237793
2639,6,1,-0.000789448618888855
2640,7,1,-0.0008382350206375122
2641,4,1,0.01526816189289093
2642,7,1,-0.038677364587783813
2643,3,1,-0.05078445374965668
2644,8,1,-0.06607694178819656
2645,1,0,-0.019106045365333557
2646,3,1,0.03727744519710541
2647,1,0,0.11079083383083344
2648,4,1,0.02870287001132965
2649,6,1,-0.04218060523271561
2650,5,1,-0.05467700958251953
2651,5,1,-0.007340751588344574
2652,7,1,-0.016516193747520447
2653,4,1,-0.023025259375572205
2654,5,1,-0.0025427639484405518
2655,4,1,-0.03807229548692703
2656,9,1,-0.06503728032112122
2657,7,1,0.080185666680336
2658,7,1,0.07531680166721344
2659,2,1,-0.048112109303474426
2660,3,1,0.09740407764911652
2661,3,1,-0.019367709755897522
2662,6,1,0.054827094078063965
2663,7,1,-0.06639207154512405
2664,4,1,-0.03320030868053436
2665,1,0,-0.01931583136320114
2666,6,1,-0.04366891086101532
2667,1,0,-0.05068032443523407
2668,0,1,0.32920610904693604
2669,6,1,0.0036254823207855225
2670,9,1,-0.031310513615608215
2671,6,1,-0.046818919479846954
2672,0,1,-0.020520702004432678
2673,2,1,0.002404347062110901
2674,0,1,0.08349640667438507
2675,2,1,0.13515572249889374
2676,4,1,0.0007035881280899048
2677,7,1,-0.04717852920293808
2678,0,1,0.07601755857467651
2679,0,1,0.022135481238365173
2680,0,1,-0.052125483751297
2681,0,1,-0.002728581428527832
2682,7,1,-0.02281907945871353
2683,5,1,0.002538427710533142
2684,3,1,-0.0338219553232193
2685,2,1,-0.03650844097137451
2686,7,1,0.0004388540983200073
2687,8,1,-0.0027424246072769165
2688,5,1,-0.011715799570083618
2689,5,1,-0.010289788246154785
2690,2,1,0.06661929190158844
2691,2,1,-0.005063191056251526
2692,8,1,-0.060701414942741394
2693,9,1,-0.018799081444740295
2694,1,0,-0.04422815144062042
2695,2,1,0.00997762382030487
2696,2,1,-0.07342243194580078
2697,0,1,-0.02336881309747696
2698,3,1,-0.025889180600643158
2699,4,1,-0.07204264402389526
2700,9,1,0.01644812524318695
2701,1,0,-0.03602990508079529
2702,6,1,0.006219550967216492
2703,9,1,-0.06429877877235413
2704,0,1,-0.05492532253265381
2705,8,1,0.12266601622104645
2706,3,1,-0.03692839294672012
2707,6,1,0.010524854063987732
2708,4,1,0.04792070388793945
2709,6,1,-0.014169260859489441
2710,7,1,-0.02869836986064911
2711,5,1,0.027464956045150757
2712,1,0,-0.012049108743667603
2713,8,1,-0.05249291658401489
2714,9,1,-0.07156437635421753
2715,0,1,-0.06160828471183777
2716,5,1,-0.016275689005851746
2717,0,1,0.15874536335468292
2718,5,1,-0.005513057112693787
2719,4,1,0.038949623703956604
2720,3,1,-0.018150880932807922
2721,8,1,-0.056857407093048096
2722,5,1,-0.039291299879550934
2723,2,1,0.019782602787017822
2724,0,1,0.08669595420360565
2725,8,1,-0.0330224484205246
2726,5,1,-0.019667387008666992
2727,9,1,-0.08060190081596375
2728,2,1,0.011228054761886597
2729,5,1,0.042395755648612976
2730,6,1,0.006335169076919556
2731,5,1,0.011570364236831665
2732,7,1,-0.0011692792177200317
2733,3,1,-0.02024022489786148
2734,7,1,-0.04740484058856964
2735,2,1,-0.03234328329563141
2736,8,1,-0.05967383086681366
2737,8,1,-0.024396196007728577
2738,4,1,-0.04702705144882202
2739,2,1,-0.004573732614517212
2740,1,0,-0.05729350447654724
2741,6,1,-0.08601176738739014
2742,2,1,0.13287343084812164
2743,9,1,0.0011725425720214844
2744,9,1,0.05209873616695404
2745,8,1,-0.0453995019197464
2746,2,1,-0.03880295157432556
2747,3,1,-0.028736338019371033
2748,1,0,-0.055457934737205505
2749,0,1,0.011275216937065125
2750,5,1,0.08925589919090271
2751,2,1,-0.03299698233604431
2752,3,1,-0.035605356097221375
2753,7,1,-0.03251788020133972
2754,9,1,-0.031599462032318115
2755,5,1,0.03992109000682831
2756,9,1,-0.006367117166519165
2757,1,0,-0.04962459206581116
2758,1,0,-0.05661053955554962
2759,3,1,-0.0324203222990036
2760,2,1,0.03741215169429779
2761,7,1,-0.05133441090583801
2762,4,1,0.07707048952579498
2763,4,1,-0.019333399832248688
2764,1,0,-0.01685769110918045
2765,9,1,-0.04173801839351654
2766,4,1,-0.024341389536857605
2767,5,1,-0.028775475919246674
2768,5,1,-0.04444465786218643
2769,2,1,-0.003390967845916748
2770,7,1,0.00959409773349762
2771,7,1,-0.08153247833251953
2772,6,1,-0.03377354145050049
2773,1,0,-0.04816681146621704
2774,2,1,0.04803696274757385
2775,3,1,-0.05004103481769562
2776,7,1,-0.046627581119537354
2777,5,1,-0.00517842173576355
2778,4,1,-0.026146963238716125
2779,3,1,-0.03864617645740509
2780,7,1,0.047168150544166565
2781,7,1,-0.03446611762046814
2782,0,1,0.033582672476768494
2783,0,1,0.003117680549621582
2784,1,0,-0.06584030389785767
2785,4,1,0.00046893954277038574
2786,4,1,0.03207157552242279
2787,3,1,-0.008586615324020386
2788,7,1,0.004924565553665161
2789,9,1,-0.016481682658195496
2790,8,1,-0.05352579057216644
2791,7,1,-0.022550784051418304
2792,0,1,0.02177770435810089
2793,9,1,-0.02183365821838379
2794,0,1,0.004960671067237854
2795,3,1,-0.060823529958724976
2796,7,1,0.08455704152584076
2797,6,1,-0.008070819079875946
2798,3,1,-0.024447210133075714
2799,8,1,-0.03946094959974289
2800,4,1,-0.023657143115997314
2801,5,1,-0.007823869585990906
2802,6,1,0.01741097867488861
2803,5,1,-0.018208779394626617
2804,3,1,-0.006507597863674164
2805,4,1,-0.05454838275909424
2806,2,1,0.03719551861286163
2807,9,1,-0.05461585521697998
2808,2,1,-0.04280553013086319
2809,4,1,-0.008582279086112976
2810,9,1,-0.017838045954704285
2811,2,1,-0.011759400367736816
2812,0,1,0.4281942844390869
2813,1,0,0.17385555803775787
2814,1,0,-0.059676095843315125
2815,3,1,-0.05531275272369385
2816,7,1,0.01593916118144989
2817,9,1,-0.0038702785968780518
2818,5,1,-0.01090925931930542
2819,1,0,-0.011232003569602966
2820,6,1,-0.0037415772676467896
2821,0,1,0.042476147413253784
2822,3,1,-0.06596888601779938
2823,3,1,0.017019078135490417
2824,7,1,-0.04256246238946915
2825,2,1,0.011556103825569153
2826,4,1,-0.005443379282951355
2827,5,1,0.06563863158226013
2828,2,1,0.023983001708984375
2829,3,1,-0.08025487512350082
2830,6,1,-0.03351791203022003
2831,3,1,0.01734471321105957
2832,3,1,0.11117951571941376
2833,0,1,0.028641507029533386
2834,4,1,-0.030291341245174408
2835,4,1,-0.05940575897693634
2836,3,1,-0.05307242274284363
2837,8,1,-0.04028408229351044
2838,1,0,0.09527154266834259
2839,2,1,-0.00033943355083465576
2840,3,1,-0.03948323428630829
2841,2,1,0.11130477488040924
2842,7,1,0.014315932989120483
2843,1,0,-0.01591302454471588
2844,4,1,-0.05030132830142975
2845,5,1,0.011359170079231262
2846,6,1,-0.0007776468992233276
2847,8,1,-0.036243319511413574
2848,6,1,-0.02385701984167099
2849,6,1,-0.057814501225948334
2850,5,1,-0.027474910020828247
2851,4,1,-0.0021196752786636353
2852,2,1,-0.025695063173770905
2853,9,1,-0.046783313155174255
2854,9,1,-0.023169055581092834
2855,3,1,-0.026994839310646057
2856,2,1,0.05986735224723816
2857,0,1,-0.08423580229282379
2858,4,1,-0.018941037356853485
2859,1,0,0.11621302366256714
2860,5,1,-0.03050154447555542
2861,5,1,-0.03718814253807068
2862,6,1,0.10160021483898163
2863,6,1,0.02104388177394867
2864,5,1,-0.05908271670341492
2865,6,1,-0.028129376471042633
2866,9,1,0.014280334115028381
2867,7,1,-0.005465403199195862
2868,9,1,-0.005707040429115295
2869,4,1,0.007823124527931213
2870,8,1,-0.028464511036872864
2871,3,1,0.03055933117866516
2872,1,0,0.004218980669975281
2873,9,1,-0.0651274099946022
2874,8,1,-0.0771993100643158
2875,1,0,-0.056702256202697754
2876,9,1,-0.06778652220964432
2877,0,1,-0.08720684051513672
2878,3,1,-0.05410976707935333
2879,0,1,-0.046871453523635864
2880,4,1,-0.0444745197892189
2881,7,1,-0.0640038549900055
2882,7,1,0.016519606113433838
2883,2,1,0.14596571028232574
2884,6,1,-0.02086728811264038
2885,5,1,-0.03743167221546173
2886,6,1,-0.049906447529792786
2887,9,1,-0.01106264442205429
2888,7,1,-0.06054011732339859
2889,7,1,-0.02212195098400116
2890,5,1,-0.01677502691745758
2891,7,1,-0.02751992642879486
2892,0,1,-0.02205532044172287
2893,8,1,-0.05427386611700058
2894,6,1,-0.013130977749824524
2895,7,1,0.053167060017585754
2896,8,1,-0.06350576132535934
2897,3,1,-0.03427538275718689
2898,8,1,0.004231050610542297
2899,9,1,0.028431251645088196
2900,3,1,-0.002093762159347534
2901,2,1,-0.02144753932952881
2902,9,1,-0.036015912890434265
2903,2,1,-0.02527076005935669
2904,7,1,-0.0393180251121521
2905,4,1,0.0014990121126174927
2906,1,0,-0.008389219641685486
2907,9,1,-0.06241545081138611
2908,7,1,-0.046321190893650055
2909,0,1,-0.011191196739673615
2910,8,1,-0.0408674031496048
2911,1,0,-0.03758074343204498
2912,2,1,0.03531740605831146
2913,0,1,0.01276688277721405
2914,6,1,-0.014352574944496155
2915,5,1,0.015786156058311462
2916,1,0,-0.05171838402748108
2917,4,1,-0.0382487028837204
2918,2,1,0.1746477633714676
2919,8,1,-0.036072880029678345
2920,2,1,-0.0030786246061325073
2921,8,1,-0.06411623954772949
2922,3,1,-0.035427264869213104
2923,3,1,-0.045006878674030304
2924,1,0,0.004874676465988159
2925,4,1,0.04937036335468292
2926,9,1,-0.04952327162027359
2927,8,1,-0.02896982431411743
2928,1,0,-0.0297623872756958
2929,1,0,-0.052882589399814606
2930,7,1,-0.01062079519033432
2931,9,1,-0.0031995028257369995
2932,9,1,-0.03197883814573288
2933,4,1,0.004553452134132385
2934,6,1,-0.055049166083335876
2935,8,1,-0.06492926180362701
2936,5,1,-0.010300159454345703
2937,3,1,0.016820773482322693
2938,2,1,0.29519760608673096
2939,2,1,-0.008598044514656067
2940,3,1,-0.03622758388519287
2941,8,1,-0.009623296558856964
2942,5,1,0.04694965481758118
2943,1,0,-0.01435883343219757
2944,9,1,0.010075151920318604
2945,7,1,0.039143845438957214
2946,9,1,-0.06519457697868347
2947,1,0,-0.004237547516822815
2948,5,1,0.04634161293506622
2949,3,1,0.019891828298568726
2950,1,0,-0.07325930893421173
2951,0,1,-0.0037308484315872192
2952,3,1,-0.06127307564020157
2953,8,1,0.011645495891571045
2954,9,1,-0.05350048094987869
2955,2,1,0.004524976015090942
2956,0,1,0.21834297478199005
2957,8,1,0.02238084375858307
2958,0,1,-0.07297127693891525
2959,7,1,-0.01934725046157837
2960,9,1,-0.052089445292949677
2961,4,1,0.0032081007957458496
2962,8,1,-0.09293608367443085
2963,3,1,0.0838024765253067
2964,0,1,-0.03366968035697937
2965,7,1,-0.022536709904670715
2966,0,1,-0.014990516006946564
2967,7,1,-0.04535242170095444
2968,0,1,-0.02722172439098358
2969,5,1,-0.0095895454287529
2970,5,1,0.014466211199760437
2971,4,1,-0.020356766879558563
2972,3,1,-0.07093530893325806
2973,0,1,0.009908542037010193
2974,9,1,-0.05010499060153961
2975,9,1,-0.036342307925224304
2976,0,1,-0.02739475667476654
2977,2,1,-0.04706442356109619
2978,2,1,-0.03714423626661301
2979,0,1,-0.032003454864025116
2980,8,1,-0.06886014342308044
2981,4,1,-0.011935792863368988
2982,4,1,-0.05727136880159378
2983,5,1,-0.015027180314064026
2984,2,1,-0.05792409926652908
2985,2,1,-0.03503047674894333
2986,1,0,-0.015606343746185303
2987,1,0,-0.002639085054397583
2988,5,1,-0.053605929017066956
2989,5,1,-0.06259609758853912
2990,4,1,-0.03311769664287567
2991,3,1,-0.053303152322769165
2992,4,1,-0.004441484808921814
2993,0,1,0.04934944212436676
2994,8,1,-0.013576224446296692
2995,4,1,0.07481265068054199
2996,8,1,0.044706493616104126
2997,2,1,-0.009341813623905182
2998,5,1,-0.0473349466919899
2999,6,1,-0.009737938642501831
3000,5,1,-0.05591830611228943
3001,1,0,-0.04861074686050415
3002,7,1,0.03294488787651062
3003,2,1,0.00857613980770111
3004,4,1,-0.07967528700828552
3005,0,1,-0.025799140334129333
3006,5,1,0.008909717202186584
3007,6,1,0.017841458320617676
3008,8,1,-0.055935412645339966
3009,7,1,0.028774812817573547
3010,6,1,0.01995830237865448
3011,3,1,0.018299683928489685
3012,1,0,-0.021610982716083527
3013,3,1,-0.0128287672996521
3014,6,1,-0.015337012708187103
3015,6,1,0.007122501730918884
3016,4,1,0.02779097855091095
3017,5,1,-0.03164897859096527
3018,5,1,0.04482071101665497
3019,5,1,-0.037781745195388794
3020,1,0,-0.03436155617237091
3021,8,1,-0.05715090036392212
3022,7,1,-0.07678337395191193
3023,3,1,0.15763045847415924
3024,0,1,-0.010881558060646057
3025,2,1,0.09844671189785004
3026,5,1,-0.003934398293495178
3027,1,0,-0.02665821462869644
3028,1,0,-0.06280103325843811
3029,1,0,-0.05173075944185257
3030,6,1,0.011335417628288269
3031,7,1,0.015924930572509766
3032,2,1,0.117240771651268
3033,1,0,0.027058348059654236
3034,2,1,0.21173693239688873
3035,3,1,-0.038595087826251984
3036,9,1,-0.06455542892217636
3037,8,1,-0.016329407691955566
3038,3,1,0.19730432331562042
3039,1,0,0.05032259225845337
3040,7,1,0.04800009727478027
3041,4,1,-0.011174492537975311
3042,8,1,-0.00721171498298645
3043,4,1,0.02659657597541809
3044,7,1,0.035394877195358276
3045,5,1,0.016228273510932922
3046,8,1,-0.048443496227264404
3047,6,1,-0.03823794424533844
3048,0,1,0.026033446192741394
3049,3,1,-0.012476041913032532
3050,0,1,0.18713940680027008
3051,8,1,-0.01719142496585846
3052,3,1,0.07822553813457489
3053,4,1,0.05930669605731964
3054,4,1,8.817017078399658e-05
3055,9,1,-0.006342038512229919
3056,4,1,-0.024936184287071228
3057,6,1,0.023996219038963318
3058,1,0,-0.011473231017589569
3059,5,1,-0.08858874440193176
3060,7,1,-0.028767742216587067
3061,7,1,-0.014685675501823425
3062,9,1,-0.08638489991426468
3063,0,1,-0.0025651901960372925
3064,1,0,-0.04415042698383331
3065,3,1,-0.02558690309524536
3066,1,0,-0.07606964558362961
3067,3,1,0.05528983473777771
3068,2,1,0.028147876262664795
3069,4,1,0.019852161407470703
3070,0,1,0.13891862332820892
3071,7,1,-0.0024867504835128784
3072,8,1,-0.05335720628499985
3073,3,1,0.008669301867485046
3074,1,0,-0.039568521082401276
3075,6,1,-0.03839545696973801
3076,2,1,-0.033298298716545105
3077,1,0,-0.024964891374111176
3078,8,1,-0.039416998624801636
3079,8,1,-0.03189210593700409
3080,1,0,0.08056212961673737
3081,9,1,-0.06954478472471237
3082,7,1,-0.06700532138347626
3083,5,1,0.015356972813606262
3084,3,1,0.027097150683403015
3085,2,1,-0.022509753704071045
3086,9,1,-0.011810176074504852
3087,0,1,-0.07046530395746231
3088,6,1,-0.01413165032863617
3089,8,1,-0.035640887916088104
3090,4,1,-0.05403345823287964
3091,1,0,0.14004255831241608
3092,5,1,-0.019010961055755615
3093,7,1,0.004813656210899353
3094,2,1,-0.023393742740154266
3095,4,1,0.04535888135433197
3096,7,1,-0.04403139650821686
3097,0,1,-0.06140008568763733
3098,4,1,-0.025667890906333923
3099,9,1,-0.019521310925483704
3100,0,1,0.011828869581222534
3101,7,1,-0.045064687728881836
3102,0,1,0.019771650433540344
3103,6,1,0.03529781103134155
3104,7,1,0.01820230484008789
3105,1,0,0.017812207341194153
3106,8,1,-0.0024133920669555664
3107,5,1,-0.03187328577041626
3108,8,1,0.13003282248973846
3109,8,1,-0.0521446093916893
3110,7,1,0.14330746233463287
3111,0,1,-0.07356482744216919
3112,0,1,0.25533610582351685
3113,3,1,-0.024402976036071777
3114,2,1,-0.057663917541503906
3115,5,1,0.05603449046611786
3116,7,1,-0.020896047353744507
3117,0,1,-0.02265101671218872
3118,6,1,0.03449021279811859
3119,4,1,0.0006923526525497437
3120,4,1,-0.04699300229549408
3121,9,1,0.0038387030363082886
3122,1,0,-0.05861218273639679
3123,8,1,-0.025239743292331696
3124,6,1,0.06892485916614532
3125,3,1,0.03446878492832184
3126,9,1,-0.05780676752328873
3127,4,1,0.1801667958498001
3128,9,1,-0.054658181965351105
3129,3,1,-0.03080689162015915
3130,3,1,-0.015643440186977386
3131,7,1,0.06659802794456482
3132,5,1,0.07262323796749115
3133,9,1,-0.029050737619400024
3134,7,1,-0.018375270068645477
3135,7,1,-0.014074049890041351
3136,4,1,-0.057803764939308167
3137,5,1,0.038180798292160034
3138,8,1,-0.07394833862781525
3139,2,1,0.04417331516742706
3140,8,1,-0.05322742462158203
3141,9,1,-0.054569654166698456
3142,5,1,-0.03485085815191269
3143,3,1,-0.009242743253707886
3144,1,0,-0.03691469132900238
3145,9,1,-0.038980334997177124
3146,2,1,0.07215961813926697
3147,2,1,0.24619324505329132
3148,0,1,-0.013168498873710632
3149,1,0,-0.05232959985733032
3150,1,0,-0.012861646711826324
3151,8,1,-0.01687990128993988
3152,1,0,-0.011865496635437012
3153,1,0,-0.023762434720993042
3154,9,1,-0.06713289022445679
3155,8,1,-0.06381531804800034
3156,9,1,-0.04173697531223297
3157,9,1,-0.020959503948688507
3158,0,1,-0.027933411300182343
3159,2,1,-0.057341381907463074
3160,6,1,-0.01973283290863037
3161,9,1,-0.06176171451807022
3162,1,0,-0.0431651771068573
3163,9,1,-0.008926987648010254
3164,0,1,0.11315211653709412
3165,1,0,0.04738880693912506
3166,9,1,0.0050667524337768555
3167,2,1,0.09799797832965851
3168,9,1,-0.0593409538269043
3169,9,1,-0.09009206295013428
3170,9,1,-0.047439560294151306
3171,0,1,-0.046291105449199677
3172,9,1,-0.06908487528562546
3173,9,1,-0.003024280071258545
3174,2,1,-0.05407543480396271
3175,1,0,-0.06823066622018814
3176,7,1,-0.040346719324588776
3177,0,1,0.03892338275909424
3178,5,1,-0.04029539227485657
3179,6,1,-0.02586592733860016
3180,3,1,-0.025724440813064575
3181,9,1,-0.07239088416099548
3182,8,1,-0.06795965135097504
3183,3,1,0.30312663316726685
3184,0,1,0.12030158936977386
3185,2,1,0.016696736216545105
3186,7,1,-0.05520559102296829
3187,7,1,-0.03078310191631317
3188,4,1,0.0008184462785720825
3189,8,1,-0.027942806482315063
3190,3,1,0.1012890487909317
3191,0,1,0.034940317273139954
3192,5,1,0.06855548918247223
3193,2,1,-0.07214926928281784
3194,3,1,-0.022747382521629333
3195,5,1,-0.03885409235954285
3196,7,1,-0.024686574935913086
3197,6,1,-0.005307108163833618
3198,6,1,0.02194105088710785
3199,6,1,0.010969966650009155
3200,5,1,-0.027321241796016693
3201,6,1,-0.058375924825668335
3202,5,1,-0.07207508385181427
3203,4,1,0.00023189187049865723
3204,5,1,-0.041493043303489685
3205,8,1,-0.001050695776939392
3206,8,1,0.4283881187438965
3207,0,1,-0.00752643495798111
3208,9,1,-0.046265460550785065
3209,7,1,0.03140921890735626
3210,9,1,-0.030297458171844482
3211,0,1,-0.05001512169837952
3212,6,1,-0.03207048773765564
3213,9,1,-0.06380826234817505
3214,6,1,-0.07207711786031723
3215,1,0,-0.0525328665971756
3216,4,1,-0.04123286157846451
3217,7,1,0.010043635964393616
3218,9,1,0.009207963943481445
3219,0,1,0.028156667947769165
3220,3,1,0.0006586611270904541
3221,5,1,-0.02171168476343155
3222,4,1,-0.04264456033706665
3223,7,1,-0.06253857910633087
3224,6,1,0.01057802140712738
3225,9,1,-0.020104989409446716
3226,8,1,0.42744535207748413
3227,2,1,-0.039932213723659515
3228,3,1,-0.03551016002893448
3229,9,1,-0.0007079094648361206
3230,3,1,-0.0010154098272323608
3231,3,1,-0.0658428817987442
3232,7,1,-0.002811253070831299
3233,8,1,0.012907162308692932
3234,3,1,0.009203732013702393
3235,5,1,0.025003835558891296
3236,5,1,-0.029443830251693726
3237,9,1,-0.05241991579532623
3238,6,1,0.005280032753944397
3239,1,0,-0.03894851356744766
3240,4,1,0.025454431772232056
3241,7,1,-0.026060789823532104
3242,4,1,-0.01396457850933075
3243,8,1,-0.05623342841863632
3244,7,1,-0.014477916061878204
3245,7,1,-0.004883989691734314
3246,1,0,-0.0043068528175354
3247,3,1,0.00611625611782074
3248,0,1,0.007942050695419312
3249,3,1,-0.008942782878875732
3250,2,1,-0.023853719234466553
3251,5,1,0.0021303147077560425
3252,4,1,0.02272622287273407
3253,9,1,-0.05284535139799118
3254,3,1,-0.0638255625963211
3255,5,1,-0.019939854741096497
3256,4,1,-0.06933499872684479
3257,7,1,-0.0378674641251564
3258,0,1,-0.0301622673869133
3259,3,1,-0.0051050931215286255
3260,7,1,-0.004945307970046997
3261,0,1,-0.03280623257160187
3262,2,1,-0.018414855003356934
3263,1,0,-0.013975195586681366
3264,5,1,-0.03559761494398117
3265,8,1,-0.0634012222290039
3266,7,1,-0.04880236089229584
3267,3,1,0.021929115056991577
3268,5,1,-0.033138372004032135
3269,7,1,-0.033919401466846466
3270,8,1,-0.05419546365737915
3271,5,1,0.04456879198551178
3272,7,1,-0.06249164044857025
3273,8,1,-0.023263365030288696
3274,1,0,0.016856655478477478
3275,5,1,-0.035721927881240845
3276,4,1,-0.02064572274684906
3277,7,1,0.009370401501655579
3278,0,1,-0.028823085129261017
3279,8,1,-0.05930430442094803
3280,3,1,-0.030562415719032288
3281,2,1,0.1525067836046219
3282,9,1,0.03672972321510315
3283,7,1,-0.045959629118442535
3284,4,1,-0.010597899556159973
3285,1,0,-0.02756701409816742
3286,6,1,-0.023601442575454712
3287,5,1,-0.03931048512458801
3288,9,1,0.09812144935131073
3289,8,1,-0.06279303133487701
3290,5,1,-0.05984446406364441
3291,5,1,-0.03597891330718994
3292,4,1,0.06294001638889313
3293,1,0,-0.06494700163602829
3294,0,1,0.19047953188419342
3295,9,1,-0.042449235916137695
3296,4,1,-0.06766591966152191
3297,4,1,-0.029894888401031494
3298,3,1,-0.020553022623062134
3299,0,1,-0.013893477618694305
3300,4,1,-0.035760149359703064
3301,8,1,-0.08655507862567902
3302,0,1,-0.05899171531200409
3303,8,1,-0.03014679253101349
3304,2,1,-0.04246518760919571
3305,9,1,-0.06349821388721466
3306,5,1,-0.025162503123283386
3307,9,1,-0.037750110030174255
3308,7,1,-0.050419196486473083
3309,4,1,-0.043273113667964935
3310,6,1,-0.024028703570365906
3311,7,1,-0.04161369800567627
3312,9,1,0.15181757509708405
3313,2,1,-0.017659664154052734
3314,9,1,-0.03300894796848297
3315,3,1,0.004098489880561829
3316,7,1,-0.02588634192943573
3317,7,1,0.13867230713367462
3318,8,1,-0.030621573328971863
3319,2,1,0.000822708010673523
3320,2,1,-0.016363859176635742
3321,0,1,-0.015019051730632782
3322,2,1,-0.037808939814567566
3323,5,1,-0.05614372342824936
3324,3,1,-0.0441000759601593
3325,6,1,-0.0003421008586883545
3326,4,1,-0.045074254274368286
3327,7,1,0.01299034059047699
3328,2,1,0.01187916100025177
3329,3,1,0.027025118470191956
3330,7,1,0.047790542244911194
3331,8,1,-0.08778274804353714
3332,7,1,-0.036910176277160645
3333,2,1,0.020472481846809387
3334,5,1,-0.016002841293811798
3335,0,1,-0.02449008822441101
3336,0,1,-0.06257253140211105
3337,7,1,-0.061175957322120667
3338,0,1,-0.018418118357658386
3339,9,1,0.03658466041088104
3340,6,1,-0.018079988658428192
3341,1,0,-0.04661213606595993
3342,0,1,0.03321310877799988
3343,3,1,-0.06220150738954544
3344,9,1,-0.0210188627243042
3345,7,1,0.03482520580291748
3346,4,1,-0.03607386350631714
3347,9,1,-0.01325090229511261
3348,1,0,-0.06593221426010132
3349,6,1,0.004440054297447205
3350,8,1,-0.055999428033828735
3351,1,0,0.008500412106513977
3352,2,1,0.020026952028274536
3353,3,1,0.08460919559001923
3354,3,1,0.07869952917098999
3355,5,1,-0.006041675806045532
3356,4,1,0.11933375895023346
3357,8,1,0.10507680475711823
3358,9,1,-0.06163130700588226
3359,7,1,-0.016195595264434814
3360,4,1,0.0050742775201797485
3361,4,1,-0.0592837929725647
3362,1,0,-0.05704779922962189
3363,2,1,0.017735973000526428
3364,4,1,0.03604704141616821
3365,9,1,-0.05084303021430969
3366,8,1,-0.07833518087863922
3367,7,1,-0.036476150155067444
3368,9,1,-0.05962790548801422
3369,5,1,-0.0354786142706871
3370,1,0,-0.048217400908470154
3371,2,1,0.14619483053684235
3372,1,0,-0.05764056742191315
3373,6,1,0.01750016212463379
3374,6,1,-0.07105989754199982
3375,4,1,0.048623427748680115
3376,5,1,-0.02334176003932953
3377,7,1,-0.024373337626457214
3378,4,1,0.03915300965309143
3379,5,1,-0.05882608890533447
3380,8,1,-0.0405760258436203
3381,5,1,0.06442417204380035
3382,2,1,-0.04411831498146057
3383,8,1,-0.019062459468841553
3384,7,1,0.024230346083641052
3385,8,1,-0.08891966938972473
3386,2,1,-0.028312698006629944
3387,3,1,0.041604265570640564
3388,6,1,-0.03880062699317932
3389,1,0,-0.02188829332590103
3390,3,1,0.03645114600658417
3391,3,1,0.044061318039894104
3392,1,0,0.020215287804603577
3393,5,1,0.372505784034729
3394,1,0,-0.048544079065322876
3395,9,1,-0.05964408814907074
3396,0,1,0.040573880076408386
3397,9,1,-0.038112103939056396
3398,2,1,-0.020202219486236572
3399,0,1,0.04100167751312256
3400,6,1,0.0143747478723526
3401,2,1,-0.04618202894926071
3402,4,1,0.05712835490703583
3403,8,1,0.08409444987773895
3404,5,1,-0.02390134334564209
3405,7,1,-0.05533118546009064
3406,6,1,-0.01238924264907837
3407,1,0,-0.04232943058013916
3408,2,1,-0.008045196533203125
3409,9,1,-0.06398093700408936
3410,4,1,0.0369831919670105
3411,5,1,-0.037190645933151245
3412,0,1,0.03777797520160675
3413,3,1,-0.07235980033874512
3414,3,1,0.010344386100769043
3415,7,1,-0.01665465533733368
3416,7,1,-0.04637986421585083
3417,7,1,-0.011593066155910492
3418,1,0,0.019412323832511902
3419,4,1,-0.018635287880897522
3420,5,1,0.05963622033596039
3421,0,1,-0.02896720916032791
3422,2,1,-0.036882802844047546
3423,8,1,-0.06672216951847076
3424,5,1,-0.01285523921251297
3425,0,1,-0.063481405377388
3426,0,1,0.16388697922229767
3427,6,1,-0.028410911560058594
3428,2,1,-0.027668893337249756
3429,0,1,0.02402503788471222
3430,8,1,-0.028517067432403564
3431,4,1,-0.029399380087852478
3432,5,1,0.03904135525226593
3433,4,1,0.07158863544464111
3434,5,1,0.02924521267414093
3435,6,1,-0.04373529553413391
3436,4,1,-0.045157283544540405
3437,7,1,0.09471724927425385
3438,9,1,-0.018333569169044495
3439,4,1,-0.01653117686510086
3440,2,1,-0.02008591592311859
3441,0,1,-0.0022872984409332275
3442,6,1,-0.08287383615970612
3443,4,1,0.06496503949165344
3444,0,1,22.629514694213867
3445,0,1,-0.02341349422931671
3446,6,1,-0.046855777502059937
3447,4,1,-0.021556049585342407
3448,6,1,-0.03536519408226013
3449,1,0,-0.020450249314308167
3450,9,1,-0.027684666216373444
3451,5,1,-0.05390290915966034
3452,5,1,-0.047778256237506866
3453,2,1,-0.037092626094818115
3454,2,1,0.09395451843738556
3455,6,1,-0.035449542105197906
3456,3,1,0.01171654462814331
3457,4,1,-0.07172414660453796
3458,5,1,0.0034491270780563354
3459,9,1,-0.0387386754155159
3460,1,0,-0.028889931738376617
3461,7,1,-0.02715003490447998
3462,2,1,-0.044780418276786804
3463,3,1,0.03967556357383728
3464,9,1,-0.06258116662502289
3465,6,1,-0.02664463222026825
3466,5,1,0.05704525113105774
3467,0,1,-0.0601719468832016
3468,2,1,0.004979386925697327
3469,9,1,-0.05252513289451599
3470,7,1,-0.022751957178115845
3471,1,0,-0.07516492158174515
3472,7,1,-0.019489742815494537
3473,2,1,-0.002335265278816223
3474,2,1,-0.01556377112865448
3475,0,1,0.9667403697967529
3476,8,1,-0.04839375615119934
3477,6,1,0.01547306776046753
3478,4,1,0.022262006998062134
3479,3,1,-0.028557531535625458
3480,2,1,-0.009344801306724548
3481,7,1,0.05627866089344025
3482,7,1,-0.05712474137544632
3483,0,1,0.30554962158203125
3484,4,1,-0.01722852885723114
3485,1,0,-0.037299320101737976
3486,6,1,-0.04458431899547577
3487,5,1,-0.05517277866601944
3488,1,0,-0.039243750274181366
3489,3,1,-0.013249650597572327
3490,0,1,-0.007091827690601349
3491,3,1,-0.04672993719577789
3492,9,1,-0.028289392590522766
3493,0,1,-0.037206605076789856
3494,0,1,0.007496625185012817
3495,2,1,-0.04913562536239624
3496,5,1,0.026582196354866028
3497,0,1,-0.01618771255016327
3498,4,1,-0.05190913379192352
3499,0,1,0.034876301884651184
3500,1,0,-0.01127198338508606
3501,9,1,-0.011575326323509216
3502,8,1,0.014071300625801086
3503,4,1,-0.0078544020652771
3504,9,1,-0.025519520044326782
3505,4,1,-0.0029080361127853394
3506,2,1,0.03987368941307068
3507,4,1,0.0035359859466552734
3508,3,1,-0.04953831434249878
3509,3,1,0.001682177186012268
3510,4,1,-0.01436576247215271
3511,0,1,-0.07303398102521896
3512,4,1,0.04457302391529083
3513,3,1,-0.03186240792274475
3514,2,1,0.008187204599380493
3515,8,1,-0.001323804259300232
3516,9,1,-0.026607438921928406
3517,1,0,-0.0021314769983291626
3518,5,1,-0.0391816645860672
3519,8,1,0.011256411671638489
3520,1,0,-0.05248251557350159
3521,8,1,-0.0004224032163619995
3522,2,1,0.000766560435295105
3523,4,1,-0.04785396158695221
3524,5,1,-0.038183391094207764
3525,2,1,0.03636451065540314
3526,4,1,-0.06301495432853699
3527,1,0,-0.02754126489162445
3528,1,0,0.05803869664669037
3529,6,1,0.033909961581230164
3530,6,1,0.021714523434638977
3531,8,1,-0.033334724605083466
3532,5,1,-0.05977322906255722
3533,2,1,-0.015402272343635559
3534,2,1,-0.06869180500507355
3535,5,1,0.008860036730766296
3536,0,1,0.256381094455719
3537,8,1,0.25269341468811035
3538,2,1,-0.030929282307624817
3539,3,1,0.03354679048061371
3540,6,1,0.05140458047389984
3541,2,1,0.012062430381774902
3542,9,1,-0.04039715230464935
3543,6,1,-0.05746106058359146
3544,1,0,-0.06365902721881866
3545,4,1,-0.06083056330680847
3546,5,1,0.025165602564811707
3547,9,1,-0.029107116162776947
3548,0,1,0.039692044258117676
3549,1,0,0.03548772633075714
3550,0,1,0.17252643406391144
3551,0,1,0.4865381717681885
3552,8,1,-0.0397421196103096
3553,1,0,-0.0226920023560524
3554,1,0,-0.01066945493221283
3555,6,1,-0.03142477571964264
3556,6,1,0.03691001236438751
3557,9,1,-0.02123870700597763
3558,5,1,-0.039020560681819916
3559,4,1,0.01010805368423462
3560,1,0,-0.0763411596417427
3561,7,1,-0.018077731132507324
3562,8,1,-0.04241526126861572
3563,6,1,0.13768000900745392
3564,9,1,-0.06399280577898026
3565,1,0,-0.03068557381629944
3566,7,1,0.32981789112091064
3567,6,1,-0.042152732610702515
3568,0,1,-0.04603610932826996
3569,9,1,0.0019188523292541504
3570,3,1,-0.0673632025718689
3571,5,1,-0.03601830452680588
3572,3,1,0.028219491243362427
3573,2,1,-0.020707212388515472
3574,5,1,0.1374928504228592
3575,3,1,-0.028848499059677124
3576,4,1,-0.04396038502454758
3577,9,1,0.0024096518754959106
3578,7,1,-0.0025303661823272705
3579,1,0,-0.0713568851351738
3580,4,1,-0.0602039098739624
3581,4,1,-0.034650303423404694
3582,6,1,-0.02822798490524292
3583,1,0,-0.06501372158527374
3584,3,1,-0.05901850759983063
3585,8,1,-0.017877526581287384
3586,8,1,-0.0658724308013916
3587,0,1,0.0021894127130508423
3588,6,1,0.11019907891750336
3589,7,1,0.006885543465614319
3590,7,1,0.010833308100700378
3591,6,1,-0.023161664605140686
3592,7,1,0.0066359639167785645
3593,2,1,0.0661921352148056
3594,3,1,-0.05046331137418747
3595,2,1,-0.05121155083179474
3596,2,1,-0.04241856932640076
3597,6,1,0.04169471561908722
3598,2,1,-0.003312915563583374
3599,7,1,0.007969334721565247
3600,4,1,0.08067832887172699
3601,0,1,-0.03394627571105957
3602,3,1,-0.05595111846923828
3603,6,1,0.038229674100875854
3604,2,1,-0.0037691593170166016
3605,6,1,-0.010897606611251831
3606,3,1,-0.04806573688983917
3607,3,1,0.04018591344356537
3608,0,1,-0.047527067363262177
3609,9,1,-0.013539694249629974
3610,5,1,-0.056593090295791626
3611,1,0,0.006124123930931091
3612,1,0,-0.050880298018455505
3613,5,1,0.14354826509952545
3614,3,1,-0.012887686491012573
3615,6,1,0.08245410025119781
3616,4,1,0.040178313851356506
3617,3,1,-0.05385860800743103
3618,4,1,-0.0014026910066604614
3619,1,0,0.0014736354351043701
3620,0,1,0.024587228894233704
3621,4,1,0.20832349359989166
3622,5,1,-0.019201181828975677
3623,5,1,-0.04416077584028244
3624,2,1,-0.0379711389541626
3625,8,1,-0.060750529170036316
3626,9,1,-0.0840592235326767
3627,4,1,0.0003430694341659546
3628,3,1,0.03591574728488922
3629,1,0,-0.03898687660694122
3630,8,1,-0.039387211203575134
3631,0,1,-0.018076106905937195
3632,1,0,-0.010785773396492004
3633,3,1,-0.037107959389686584
3634,3,1,-0.05372512340545654
3635,4,1,-0.033433377742767334
3636,4,1,0.028597190976142883
3637,2,1,-0.029129236936569214
3638,9,1,0.10512353479862213
3639,7,1,0.01296214759349823
3640,6,1,0.08859722316265106
3641,8,1,0.031305402517318726
3642,1,0,-0.03871651738882065
3643,8,1,-0.0756441205739975
3644,9,1,-0.05350424349308014
3645,1,0,-0.040862396359443665
3646,3,1,-0.04886513203382492
3647,1,0,-0.03967010974884033
3648,7,1,-0.0022529810667037964
3649,3,1,-0.019285626709461212
3650,0,1,-0.05109652876853943
3651,0,1,-0.00914396345615387
3652,2,1,-0.04534423351287842
3653,8,1,-0.030250005424022675
3654,3,1,-0.012847959995269775
3655,9,1,-0.06237906962633133
3656,2,1,0.0445672869682312
3657,7,1,-0.03433261811733246
3658,2,1,-0.03065841645002365
3659,6,1,0.08913226425647736
3660,0,1,-0.06019357591867447
3661,1,0,0.006383582949638367
3662,6,1,-0.02829110622406006
3663,1,0,-0.06649086624383926
3664,6,1,-0.04529646784067154
3665,7,1,-0.0092388316988945
3666,5,1,0.00533352792263031
3667,5,1,-0.04968617856502533
3668,2,1,-0.023699551820755005
3669,5,1,-0.048138827085494995
3670,9,1,-0.07823868840932846
3671,4,1,-0.002131164073944092
3672,0,1,-0.03765328228473663
3673,2,1,0.04593001306056976
3674,3,1,-0.020856082439422607
3675,4,1,-0.010528676211833954
3676,9,1,-0.06735676527023315
3677,4,1,-0.020450636744499207
3678,1,0,-0.05265818536281586
3679,0,1,-0.054455697536468506
3680,0,1,0.10323448479175568
3681,2,1,-0.05493462085723877
3682,3,1,-0.007363379001617432
3683,8,1,-0.05313675105571747
3684,9,1,-0.06085312366485596
3685,2,1,0.056008294224739075
3686,8,1,-0.003056630492210388
3687,9,1,-0.06120617687702179
3688,5,1,-0.05912679433822632
3689,7,1,-0.0689307451248169
3690,9,1,-0.011392362415790558
3691,1,0,-0.014081105589866638
3692,4,1,-0.026228606700897217
3693,6,1,-0.035434573888778687
3694,2,1,-0.046517305076122284
3695,8,1,-0.07432606816291809
3696,4,1,-0.0033228248357772827
3697,4,1,-0.03249412029981613
3698,8,1,-0.08622658252716064
3699,9,1,-0.06399910897016525
3700,3,1,-0.005890205502510071
3701,1,0,-0.03940097987651825
3702,1,0,-0.06019757688045502
3703,6,1,-0.06488430500030518
3704,5,1,0.047842323780059814
3705,8,1,-0.04015982896089554
3706,4,1,-0.030821964144706726
3707,6,1,0.03182283043861389
3708,4,1,-0.005458250641822815
3709,5,1,-0.018613211810588837
3710,2,1,-0.015700429677963257
3711,6,1,-0.02354765683412552
3712,4,1,0.014535993337631226
3713,2,1,-0.030000120401382446
3714,3,1,-0.02722115069627762
3715,1,0,-0.059600070118904114
3716,3,1,-0.028952986001968384
3717,6,1,0.02619825303554535
3718,8,1,-0.045167967677116394
3719,5,1,0.02458573877811432
3720,2,1,0.6790841221809387
3721,2,1,0.03918558359146118
3722,7,1,-0.0009067803621292114
3723,1,0,-0.04426159709692001
3724,6,1,0.04255020618438721
3725,2,1,0.009736791253089905
3726,5,1,-0.03967159986495972
3727,9,1,-0.07970702648162842
3728,2,1,-0.004428699612617493
3729,8,1,-0.08386209607124329
3730,1,0,-0.0015136152505874634
3731,6,1,-0.06532961875200272
3732,9,1,-0.03274938464164734
3733,2,1,0.0027218908071517944
3734,7,1,0.04050527513027191
3735,5,1,0.02965046465396881
3736,3,1,-0.0406494066119194
3737,2,1,0.029906436800956726
3738,9,1,-0.06579241156578064
3739,7,1,-0.020539656281471252
3740,0,1,0.0063417404890060425
3741,2,1,0.01944310963153839
3742,9,1,-0.06225762516260147
3743,3,1,-0.04463232308626175
3744,4,1,0.03066393733024597
3745,1,0,-0.054196372628211975
3746,7,1,-0.05591290444135666
3747,9,1,-0.07152517884969711
3748,5,1,-0.005039319396018982
3749,8,1,-0.011430017650127411
3750,9,1,-0.05762684345245361
3751,7,1,-0.046240344643592834
3752,3,1,-0.007431931793689728
3753,4,1,0.0808136910200119
3754,0,1,0.02577097713947296
3755,9,1,-0.005209177732467651
3756,7,1,-0.020089372992515564
3757,4,1,0.20993740856647491
3758,2,1,0.03577113151550293
3759,4,1,-0.013928383588790894
3760,7,1,-0.01651054620742798
3761,0,1,-0.0280517116189003
3762,1,0,-0.012243971228599548
3763,8,1,-0.024699553847312927
3764,1,0,0.07285508513450623
3765,0,1,0.012282967567443848
3766,4,1,0.03504161536693573
3767,6,1,-0.04084646701812744
3768,1,0,-0.00329802930355072
3769,9,1,0.01753382384777069
3770,9,1,0.008348748087882996
3771,2,1,-0.015383005142211914
3772,1,0,-0.0699559897184372
3773,2,1,-0.027665406465530396
3774,5,1,-0.0022870153188705444
3775,6,1,-0.03042081743478775
3776,9,1,-0.07094328105449677
3777,7,1,-0.0037807226181030273
3778,7,1,0.05987831950187683
3779,3,1,-7.013976573944092e-05
3780,4,1,-0.02323150634765625
3781,2,1,-0.014018028974533081
3782,0,1,-0.0008034259080886841
3783,2,1,0.11249370872974396
3784,5,1,-0.012319788336753845
3785,6,1,-0.021708175539970398
3786,7,1,0.023479416966438293
3787,3,1,-0.05634595453739166
3788,7,1,-0.012433260679244995
3789,9,1,0.028442993760108948
3790,4,1,-0.04698915034532547
3791,2,1,0.03212198615074158
3792,0,1,0.08743102848529816
3793,6,1,-0.008227400481700897
3794,1,0,-0.01795458048582077
3795,7,1,0.00693763792514801
3796,5,1,0.03613115847110748
3797,6,1,-0.005568191409111023
3798,5,1,-0.03795875608921051
3799,3,1,-0.041202254593372345
3800,9,1,-0.027124062180519104
3801,2,1,-0.010278970003128052
3802,7,1,-0.050380393862724304
3803,8,1,-0.0445270836353302
3804,5,1,-0.020266093313694
3805,9,1,-0.03012596070766449
3806,5,1,-0.019983015954494476
3807,8,1,-0.028958171606063843
3808,5,1,0.12388144433498383
3809,4,1,0.0693727433681488
3810,3,1,0.025337323546409607
3811,7,1,-0.0030318796634674072
3812,9,1,-0.02989012748003006
3813,8,1,-0.02210061252117157
3814,1,0,-0.03239075839519501
3815,2,1,-0.06159292161464691
3816,2,1,-0.03478935360908508
3817,8,1,0.034915030002593994
3818,9,1,0.015509292483329773
3819,3,1,0.02071984112262726
3820,0,1,-0.011836044490337372
3821,8,1,-0.011932894587516785
3822,4,1,-0.01960226148366928
3823,0,1,0.1598101109266281
3824,2,1,0.03620883822441101
3825,0,1,-0.04511718451976776
3826,1,0,-0.02422177791595459
3827,4,1,-0.032773688435554504
3828,1,0,-0.033584967255592346
3829,8,1,-0.03338761627674103
3830,5,1,-0.048099592328071594
3831,5,1,-0.0007192790508270264
3832,7,1,-0.032115451991558075
3833,9,1,-0.05675414204597473
3834,8,1,0.033664003014564514
3835,3,1,-0.0508197546005249
3836,7,1,-0.04635170102119446
3837,9,1,-0.017673350870609283
3838,1,0,-0.06951325386762619
3839,5,1,-0.04550774395465851
3840,6,1,-0.059846848249435425
3841,9,1,0.008050113916397095
3842,8,1,-0.05334723740816116
3843,7,1,-0.07308043539524078
3844,2,1,0.04615548253059387
3845,0,1,-0.011711791157722473
3846,9,1,0.04005014896392822
3847,0,1,-0.08522868156433105
3848,8,1,-0.03468133509159088
3849,5,1,0.0005652159452438354
3850,9,1,0.007948622107505798
3851,4,1,-0.034639351069927216
3852,2,1,0.023743927478790283
3853,9,1,-0.016389302909374237
3854,8,1,-0.031926438212394714
3855,1,0,0.011848792433738708
3856,9,1,-0.0008466392755508423
3857,1,0,-0.09060066938400269
3858,8,1,-0.07077798247337341
3859,3,1,-0.03600788116455078
3860,7,1,-0.0643739104270935
3861,6,1,-0.017150074243545532
3862,4,1,0.09435488283634186
3863,2,1,-0.01171804964542389
3864,3,1,-0.0427694171667099
3865,7,1,0.045602649450302124
3866,0,1,0.04188193380832672
3867,3,1,0.005396336317062378
3868,5,1,0.13576914370059967
3869,8,1,-0.09612075239419937
3870,8,1,0.08290107548236847
3871,8,1,-0.06864607334136963
3872,7,1,-0.03770110011100769
3873,9,1,-0.06855035573244095
3874,6,1,0.013429462909698486
3875,2,1,-0.0270388126373291
3876,7,1,0.04562951624393463
3877,4,1,-0.001979649066925049
3878,5,1,-0.060484252870082855
3879,7,1,0.026869595050811768
3880,6,1,-0.05455101281404495
3881,7,1,0.06362469494342804
3882,1,0,-0.05114082247018814
3883,7,1,-0.014229364693164825
3884,3,1,0.0559777170419693
3885,6,1,0.01863531768321991
3886,8,1,-0.04291519522666931
3887,2,1,0.008147463202476501
3888,6,1,0.07706008851528168
3889,6,1,0.009980753064155579
3890,7,1,-0.028461679816246033
3891,1,0,-0.06207239627838135
3892,5,1,0.14236192405223846
3893,9,1,-0.07151949405670166
3894,7,1,0.005017772316932678
3895,1,0,-0.03608404099941254
3896,7,1,-0.01291067898273468
3897,0,1,0.0016532689332962036
3898,1,0,0.009228542447090149
3899,6,1,-0.01648390293121338
3900,3,1,-0.01320958137512207
3901,3,1,-0.024629637598991394
3902,9,1,-0.026774413883686066
3903,0,1,-0.04393897205591202
3904,1,0,-0.05165761709213257
3905,2,1,0.008057966828346252
3906,3,1,0.0358128696680069
3907,2,1,-0.03486776351928711
3908,2,1,0.11737965047359467
3909,5,1,-0.016178101301193237
3910,4,1,-0.03258194029331207
3911,9,1,-0.01926177740097046
3912,8,1,-0.0873231515288353
3913,7,1,-0.014501288533210754
3914,4,1,-0.05226275324821472
3915,4,1,0.0016985833644866943
3916,9,1,-0.037428051233291626
3917,7,1,-0.008478865027427673
3918,6,1,-0.025808006525039673
3919,7,1,-0.008408576250076294
3920,7,1,-0.06866875290870667
3921,1,0,0.0013933926820755005
3922,2,1,-0.019840002059936523
3923,3,1,0.025235161185264587
3924,5,1,-0.014047592878341675
3925,1,0,-0.027251265943050385
3926,9,1,-0.059245944023132324
3927,0,1,0.007136717438697815
3928,3,1,-0.007506638765335083
3929,3,1,-0.030693233013153076
3930,1,0,-0.026203766465187073
3931,5,1,0.012503355741500854
3932,6,1,-0.00784863531589508
3933,6,1,-0.039120011031627655
3934,2,1,0.07483771443367004
3935,4,1,-0.048821061849594116
3936,6,1,0.015075534582138062
3937,8,1,-0.055244967341423035
3938,8,1,-0.032195694744586945
3939,9,1,-0.05605204403400421
3940,6,1,-0.01362331211566925
3941,6,1,-0.010131202638149261
3942,1,0,0.019943729043006897
3943,0,1,-0.018564149737358093
3944,7,1,-0.04449710249900818
3945,5,1,0.027263715863227844
3946,8,1,-0.04366583377122879
3947,2,1,-0.019582368433475494
3948,1,0,-0.01301863044500351
3949,5,1,0.19785495102405548
3950,8,1,-0.07207571715116501
3951,1,0,-0.02035529911518097
3952,4,1,-0.04039384424686432
3953,7,1,0.02730552852153778
3954,5,1,0.0035912245512008667
3955,0,1,-0.014708861708641052
3956,3,1,-0.028740592300891876
3957,9,1,-0.08905550837516785
3958,9,1,-0.026698037981987
3959,5,1,-0.038186147809028625
3960,2,1,0.009447112679481506
3961,8,1,-0.05315304547548294
3962,4,1,-0.07291992753744125
3963,1,0,-0.05255339294672012
3964,9,1,-0.08113869279623032
3965,0,1,0.0009321123361587524
3966,4,1,-0.06364567577838898
3967,4,1,0.04033216834068298
3968,8,1,0.05759592354297638
3969,2,1,-0.008138217031955719
3970,9,1,-0.014308713376522064
3971,0,1,-0.010176852345466614
3972,7,1,0.023758992552757263
3973,9,1,0.13539768755435944
3974,8,1,-0.025502324104309082
3975,7,1,0.04468803107738495
3976,1,0,0.0016428232192993164
3977,3,1,0.0059747397899627686
3978,2,1,0.02727349102497101
3979,9,1,-0.0316099151968956
3980,9,1,-0.01812487095594406
3981,5,1,-0.06568701565265656
3982,9,1,-0.03390701115131378
3983,7,1,0.11454202234745026
3984,6,1,0.0024026483297348022
3985,7,1,-0.006442323327064514
3986,7,1,-0.05441700667142868
3987,1,0,-0.019697770476341248
3988,1,0,-0.02197025716304779
3989,2,1,0.026148244738578796
3990,4,1,-0.047692589461803436
3991,2,1,0.05692194402217865
3992,0,1,-0.003273293375968933
3993,6,1,-0.03370097279548645
3994,8,1,-0.04193106293678284
3995,7,1,0.008371606469154358
3996,6,1,0.06312538683414459
3997,2,1,-0.032450802624225616
3998,2,1,0.01986880600452423
3999,9,1,-0.066082663834095
4000,8,1,-0.029578983783721924
4001,2,1,-0.001560017466545105
4002,4,1,-0.028615817427635193
4003,2,1,0.02119225263595581
4004,0,1,-0.05380946397781372
4005,5,1,-0.01976228505373001
4006,8,1,-0.046118348836898804
4007,6,1,-0.05877973884344101
4008,8,1,-0.013024896383285522
4009,2,1,0.03118397295475006
4010,7,1,-0.022040538489818573
4011,7,1,-0.036579474806785583
4012,3,1,-0.031147688627243042
4013,1,0,-0.06021057069301605
4014,8,1,-0.07170262932777405
4015,1,0,-0.0343480184674263
4016,6,1,-0.03894350677728653
4017,5,1,0.04529760777950287
4018,9,1,0.04520249366760254
4019,7,1,-0.07616343349218369
4020,8,1,-0.024733826518058777
4021,9,1,-0.05191425979137421
4022,6,1,0.032663971185684204
4023,4,1,-0.041879668831825256
4024,8,1,0.1073261946439743
4025,1,0,-0.03146396577358246
4026,9,1,0.01146678626537323
4027,4,1,-0.045129455626010895
4028,0,1,-0.05977058410644531
4029,4,1,-0.03687728941440582
4030,1,0,0.009053900837898254
4031,4,1,0.013633012771606445
4032,3,1,-0.004603147506713867
4033,6,1,0.047186776995658875
4034,2,1,0.03153787553310394
4035,2,1,-0.0061983391642570496
4036,7,1,-0.0857999324798584
4037,0,1,-0.0012509673833847046
4038,0,1,-0.08997802436351776
4039,7,1,-0.05569078028202057
4040,0,1,-0.048013538122177124
4041,7,1,0.013750329613685608
4042,4,1,0.013017907738685608
4043,3,1,-0.001210719347000122
4044,6,1,0.03620760142803192
4045,7,1,-0.0189933180809021
4046,7,1,0.010538458824157715
4047,4,1,0.006611540913581848
4048,5,1,-0.0224883034825325
4049,4,1,-0.048488639295101166
4050,3,1,-0.04789535701274872
4051,5,1,0.04254111647605896
4052,5,1,-0.016659557819366455
4053,4,1,0.006041362881660461
4054,7,1,-0.0754399448633194
4055,1,0,-0.004086092114448547
4056,0,1,0.0015698671340942383
4057,7,1,0.0017578154802322388
4058,7,1,-0.016540199518203735
4059,1,0,-0.06013050675392151
4060,6,1,0.02369891107082367
4061,5,1,-0.06311362981796265
4062,0,1,-0.028158046305179596
4063,7,1,0.15695367753505707
4064,7,1,-0.02438972145318985
4065,4,1,0.0061987340450286865
4066,6,1,-0.039244458079338074
4067,1,0,-0.03632880747318268
4068,8,1,-0.03573988378047943
4069,5,1,-0.03566324710845947
4070,9,1,-0.028442218899726868
4071,3,1,0.0367574542760849
4072,5,1,-0.04976954311132431
4073,6,1,-0.0026027709245681763
4074,2,1,-0.015702620148658752
4075,2,1,0.07552158832550049
4076,7,1,-0.011230647563934326
4077,3,1,0.014641612768173218
4078,5,1,0.0024637728929519653
4079,8,1,-0.011975415050983429
4080,1,0,-0.023292377591133118
4081,0,1,0.0023554712533950806
4082,6,1,-0.046831533312797546
4083,8,1,-0.034188300371170044
4084,7,1,0.029812321066856384
4085,8,1,-0.02717757225036621
4086,8,1,-0.07230392098426819
4087,5,1,-0.044627681374549866
4088,7,1,-0.08051043748855591
4089,5,1,0.0776364654302597
4090,4,1,-0.041916392743587494
4091,9,1,-0.048749446868896484
4092,7,1,-0.02389027178287506
4093,3,1,-0.009183377027511597
4094,3,1,-0.017859548330307007
4095,8,1,-0.07366722822189331
4096,8,1,0.06101520359516144
4097,3,1,-0.022228285670280457
4098,9,1,-0.02694244682788849
4099,4,1,0.018926963210105896
4100,7,1,-0.011428803205490112
4101,2,1,-0.021270453929901123
4102,0,1,0.09290653467178345
4103,8,1,0.0017779916524887085
4104,0,1,0.16412772238254547
4105,7,1,-0.07565627992153168
4106,3,1,0.05891387164592743
4107,3,1,-0.00825151801109314
4108,2,1,0.028296470642089844
4109,5,1,0.01157747209072113
4110,2,1,-0.010174393653869629
4111,4,1,-0.003839358687400818
4112,4,1,-0.05868730694055557
4113,0,1,0.06785084307193756
4114,4,1,-0.009793415665626526
4115,8,1,-0.006318956613540649
4116,2,1,-0.021116800606250763
4117,4,1,0.009910166263580322
4118,0,1,-0.021655142307281494
4119,6,1,-0.0509510412812233
4120,4,1,0.043132781982421875
4121,5,1,-0.020518362522125244
4122,6,1,-0.05090067535638809
4123,0,1,0.013564109802246094
4124,8,1,-0.012986600399017334
4125,8,1,-0.020643062889575958
4126,0,1,-0.0452456921339035
4127,6,1,-0.013158850371837616
4128,1,0,-0.04659174382686615
4129,1,0,-0.03423546254634857
4130,6,1,-0.07708806544542313
4131,1,0,-0.04578641057014465
4132,4,1,-0.01607685536146164
4133,2,1,0.008578434586524963
4134,1,0,0.03582178056240082
4135,1,0,0.0592871755361557
4136,2,1,-0.040253691375255585
4137,4,1,0.061344414949417114
4138,4,1,-0.024019427597522736
4139,5,1,-0.02711637318134308
4140,5,1,-0.050963953137397766
4141,8,1,0.009492367506027222
4142,8,1,-0.0458143949508667
4143,5,1,0.007445722818374634
4144,1,0,-0.05641426891088486
4145,8,1,-0.06509360671043396
4146,2,1,0.03826881945133209
4147,3,1,-0.028371714055538177
4148,3,1,-0.06502333283424377
4149,9,1,-0.04545588791370392
4150,6,1,-0.03535713255405426
4151,6,1,-0.002597615122795105
4152,5,1,-0.037854671478271484
4153,0,1,-0.037055663764476776
4154,7,1,-0.030684426426887512
4155,3,1,-0.01945522427558899
4156,3,1,-0.037359900772571564
4157,2,1,-0.039878591895103455
4158,7,1,-0.009267881512641907
4159,4,1,-0.01800970733165741
4160,5,1,-0.006256416440010071
4161,6,1,-0.0011402219533920288
4162,0,1,-0.028079695999622345
4163,2,1,-0.01033008098602295
4164,1,0,-0.011877410113811493
4165,8,1,-0.04464343190193176
4166,1,0,-0.040089696645736694
4167,0,1,0.002624496817588806
4168,9,1,-0.03538285195827484
4169,3,1,-0.0406130850315094
4170,1,0,0.07171042263507843
4171,0,1,0.21917934715747833
4172,5,1,-0.00181637704372406
4173,4,1,-0.0015673041343688965
4174,2,1,0.016355127096176147
4175,3,1,-0.04248467832803726
4176,3,1,0.01059715449810028
4177,6,1,-0.06412916630506516
4178,7,1,-0.02846647799015045
4179,6,1,-0.012732908129692078
4180,0,1,-0.007040053606033325
4181,0,1,0.020463958382606506
4182,5,1,-0.018017180263996124
4183,7,1,0.02763478457927704
4184,4,1,-0.048899248242378235
4185,7,1,0.014165624976158142
4186,7,1,-0.03391379117965698
4187,0,1,-0.02327871322631836
4188,6,1,-0.01944340020418167
4189,1,0,-0.01289297640323639
4190,3,1,-0.0038192421197891235
4191,9,1,-0.08702497184276581
4192,0,1,-0.04987632483243942
4193,9,1,0.003297969698905945
4194,0,1,0.13033153116703033
4195,3,1,-0.035498738288879395
4196,8,1,-0.019645214080810547
4197,4,1,-0.014277301728725433
4198,8,1,-0.005888029932975769
4199,8,1,-0.07888100296258926
4200,4,1,-0.023903578519821167
4201,1,0,-0.014818347990512848
4202,0,1,0.050487175583839417
4203,2,1,0.0035715103149414062
4204,2,1,-0.04307972639799118
4205,4,1,-0.0284956693649292
4206,1,0,-0.07290579378604889
4207,1,0,-0.015475854277610779
4208,2,1,0.04951217770576477
4209,4,1,0.027984410524368286
4210,3,1,0.03293067216873169
4211,4,1,-0.05998065322637558
4212,1,0,-0.07224908471107483
4213,4,1,-0.0505438894033432
4214,7,1,-0.04140666127204895
4215,1,0,-0.059982240200042725
4216,0,1,0.5202000737190247
4217,0,1,-0.04636392742395401
4218,9,1,-0.049911051988601685
4219,0,1,0.03732435405254364
4220,4,1,0.10746702551841736
4221,2,1,-0.017917707562446594
4222,8,1,-0.035072021186351776
4223,8,1,-0.0139060840010643
4224,5,1,-0.0018080323934555054
4225,5,1,-0.027872323989868164
4226,0,1,-0.06812084466218948
4227,4,1,-0.04822404682636261
4228,0,1,0.007911697030067444
4229,8,1,-0.0780559629201889
4230,6,1,0.04566778242588043
4231,2,1,-0.042622342705726624
4232,5,1,-0.03815120458602905
4233,9,1,-0.0037341266870498657
4234,2,1,-0.0027750134468078613
4235,9,1,-0.003703564405441284
4236,1,0,-0.05564089119434357
4237,1,0,-0.010099098086357117
4238,5,1,0.0611535906791687
4239,4,1,-0.025600455701351166
4240,7,1,-0.02475794404745102
4241,5,1,-0.044163838028907776
4242,8,1,-0.0615568682551384
4243,6,1,-0.03688985854387283
4244,2,1,0.010517120361328125
4245,1,0,-0.0249188169836998
4246,5,1,-0.06856494396924973
4247,5,1,-0.016976118087768555
4248,3,1,-0.05731618404388428
4249,4,1,-0.04277518391609192
4250,1,0,0.045352622866630554
4251,8,1,-0.003692254424095154
4252,9,1,-0.0513574555516243
4253,9,1,-0.026171408593654633
4254,8,1,0.018538549542427063
4255,9,1,-0.036989979445934296
4256,8,1,-0.08300240337848663
4257,6,1,-0.047005683183670044
4258,8,1,-0.001841038465499878
4259,5,1,0.018739089369773865
4260,8,1,-0.08194495737552643
4261,9,1,-0.049150578677654266
4262,4,1,-0.035104453563690186
4263,6,1,0.017433658242225647
4264,2,1,-0.03822040557861328
4265,6,1,0.07595241069793701
4266,3,1,-0.047363683581352234
4267,7,1,-0.06297624856233597
4268,4,1,0.010327056050300598
4269,0,1,-0.048551201820373535
4270,0,1,0.017524316906929016
4271,1,0,0.010227933526039124
4272,7,1,-0.043580472469329834
4273,5,1,0.11600667238235474
4274,1,0,-0.05512487143278122
4275,5,1,-0.03666651248931885
4276,9,1,-0.0494316965341568
4277,3,1,-0.03149159252643585
4278,1,0,-0.0189487487077713
4279,6,1,0.005622252821922302
4280,8,1,-0.05143303424119949
4281,7,1,-0.023606672883033752
4282,3,1,0.003320246934890747
4283,6,1,-0.010366953909397125
4284,9,1,0.0011755377054214478
4285,1,0,-0.047643035650253296
4286,2,1,-0.02394305169582367
4287,0,1,-0.030077002942562103
4288,1,0,-0.02328096330165863
4289,7,1,-0.02055707573890686
4290,2,1,0.0051537007093429565
4291,6,1,-0.011333093047142029
4292,1,0,-0.051474884152412415
4293,9,1,-0.007827132940292358
4294,0,1,0.46776890754699707
4295,0,1,-0.021299973130226135
4296,8,1,-0.03600310534238815
4297,9,1,-0.006974704563617706
4298,9,1,-0.02460283786058426
4299,2,1,0.06162174046039581
4300,8,1,-0.06180906295776367
4301,6,1,-0.03287477791309357
4302,2,1,-0.0028172582387924194
4303,5,1,-0.05280616134405136
4304,6,1,-0.01651681214570999
4305,0,1,0.00480768084526062
4306,3,1,-0.03402581065893173
4307,3,1,-0.06775689870119095
4308,0,1,0.028977498412132263
4309,7,1,-0.028019465506076813
4310,4,1,-0.047367870807647705
4311,7,1,-0.022259607911109924
4312,5,1,-0.01057492196559906
4313,0,1,-0.016070589423179626
4314,1,0,0.03614737093448639
4315,6,1,0.049057066440582275
4316,8,1,-0.058880388736724854
4317,8,1,-0.0634196400642395
4318,1,0,-0.025060266256332397
4319,2,1,-0.029777735471725464
4320,1,0,-0.08509813994169235
4321,5,1,-0.05783653259277344
4322,4,1,0.048132508993148804
4323,5,1,-0.0026450008153915405
4324,9,1,-0.06719247996807098
4325,6,1,-0.032017216086387634
4326,7,1,0.021199718117713928
4327,1,0,0.04348421096801758
4328,0,1,-0.07288063317537308
4329,6,1,0.013599097728729248
4330,9,1,-0.05932987481355667
4331,2,1,-0.013766467571258545
4332,7,1,0.033110037446022034
4333,7,1,-0.006596274673938751
4334,3,1,-0.027177177369594574
4335,9,1,0.0931244045495987
4336,9,1,-0.0600866824388504
4337,1,0,-0.0491752102971077
4338,9,1,0.01154540479183197
4339,7,1,-0.016755245625972748
4340,0,1,-0.012793347239494324
4341,1,0,-0.016108445823192596
4342,3,1,-0.015252403914928436
4343,5,1,-0.054181940853595734
4344,4,1,0.045545145869255066
4345,6,1,0.002693191170692444
4346,3,1,-0.03277195990085602
4347,8,1,-0.01455717533826828
4348,8,1,-0.07419939339160919
4349,0,1,-0.0331425666809082
4350,4,1,-0.03275848180055618
4351,8,1,-0.044998928904533386
4352,3,1,-0.029863744974136353
4353,6,1,0.018962502479553223
4354,7,1,-0.07015927135944366
4355,0,1,-0.036229923367500305
4356,0,1,-0.03343312442302704
4357,4,1,-0.0051847100257873535
4358,5,1,-0.042420513927936554
4359,2,1,0.1514604240655899
4360,6,1,-0.043095663189888
4361,8,1,-0.04085390269756317
4362,4,1,-0.005524307489395142
4363,9,1,-0.013316348195075989
4364,9,1,-0.014811590313911438
4365,9,1,-0.056417740881443024
4366,2,1,0.030644699931144714
4367,0,1,0.0611429363489151
4368,4,1,-0.08032256364822388
4369,2,1,-0.009135417640209198
4370,8,1,-0.03940030187368393
4371,1,0,0.0027865618467330933
4372,1,0,-0.0346868634223938
4373,0,1,-0.04583066701889038
4374,0,1,-0.007706820964813232
4375,3,1,0.21604423224925995
4376,7,1,0.012579724192619324
4377,4,1,-0.022077515721321106
4378,1,0,-0.006515175104141235
4379,1,0,0.05678415298461914
4380,9,1,-0.06256640702486038
4381,7,1,-0.004301294684410095
4382,7,1,-0.022677138447761536
4383,4,1,-0.0011685341596603394
4384,6,1,0.0001497417688369751
4385,8,1,0.08578602969646454
4386,6,1,0.0014813542366027832
4387,0,1,-0.013066619634628296
4388,2,1,0.12074030935764313
4389,8,1,-0.061206452548503876
4390,5,1,-0.0673423707485199
4391,3,1,-0.057231783866882324
4392,5,1,0.01175016164779663
4393,3,1,0.04804570972919464
4394,5,1,0.006476536393165588
4395,7,1,-0.032207295298576355
4396,9,1,-0.053078413009643555
4397,8,1,-0.0526641309261322
4398,4,1,0.0320100337266922
4399,4,1,-0.026143014430999756
4400,3,1,-0.04472159594297409
4401,1,0,-0.02379436045885086
4402,4,1,-0.06668411195278168
4403,8,1,-0.0572124645113945
4404,3,1,0.056070536375045776
4405,6,1,0.018227890133857727
4406,5,1,-0.023529261350631714
4407,3,1,-0.011833727359771729
4408,0,1,0.01382283866405487
4409,8,1,-0.041628509759902954
4410,9,1,-0.03079872578382492
4411,5,1,-0.025408729910850525
4412,7,1,0.05741192400455475
4413,6,1,0.010912150144577026
4414,2,1,0.017427995800971985
4415,0,1,0.03943972289562225
4416,4,1,0.015715494751930237
4417,9,1,0.0585964173078537
4418,9,1,0.007623806595802307
4419,0,1,0.2990894913673401
4420,5,1,-0.05439739674329758
4421,2,1,-0.003376677632331848
4422,3,1,-0.06719525158405304
4423,6,1,-0.027528248727321625
4424,1,0,-0.02476981282234192
4425,1,0,-0.012906238436698914
4426,0,1,0.34766173362731934
4427,2,1,-0.016856759786605835
4428,8,1,-0.03039564937353134
4429,2,1,-0.021742641925811768
4430,1,0,-0.0359460711479187
4431,1,0,-0.06475144624710083
4432,7,1,-0.007387682795524597
4433,5,1,-0.0103817880153656
4434,2,1,0.5232813358306885
4435,3,1,-0.006895467638969421
4436,4,1,-0.02020666003227234
4437,1,0,-0.048336610198020935
4438,2,1,-0.014074794948101044
4439,9,1,-0.024993576109409332
4440,2,1,0.0032214075326919556
4441,1,0,-0.010744646191596985
4442,3,1,0.008132591843605042
4443,4,1,-0.036094799637794495
4444,8,1,0.006403177976608276
4445,9,1,-0.022609665989875793
4446,0,1,-0.03790426254272461
4447,0,1,-0.06292203813791275
4448,4,1,-0.03165845572948456
4449,9,1,-0.057686567306518555
4450,0,1,0.14142508804798126
4451,2,1,-0.03556309640407562
4452,2,1,-0.03444259613752365
4453,0,1,-0.02851484715938568
4454,6,1,0.047472864389419556
4455,8,1,-0.06369122862815857
4456,7,1,-0.0402611643075943
4457,3,1,0.0030917078256607056
4458,3,1,-0.04259541630744934
4459,8,1,-0.024340763688087463
4460,9,1,-0.042178988456726074
4461,0,1,0.05823977291584015
4462,2,1,-0.021329715847969055
4463,5,1,-0.07109785825014114
4464,3,1,0.006647542119026184
4465,6,1,-0.030641689896583557
4466,1,0,-0.028721868991851807
4467,3,1,-0.06635212898254395
4468,9,1,-0.011930331587791443
4469,5,1,-0.02497272938489914
4470,0,1,-0.008483342826366425
4471,5,1,0.02082638442516327
4472,4,1,-0.02605237066745758
4473,4,1,-0.04900391399860382
4474,0,1,-0.02765953540802002
4475,1,0,0.23589138686656952
4476,1,0,-0.04268968850374222
4477,6,1,0.01876436173915863
4478,1,0,-0.006734512746334076
4479,7,1,-0.019587360322475433
4480,9,1,-0.029011987149715424
4481,9,1,-0.057532817125320435
4482,6,1,-0.008012339472770691
4483,2,1,-0.0007704347372055054
4484,4,1,-0.03270968049764633
4485,3,1,0.007040634751319885
4486,8,1,-0.052237994968891144
4487,3,1,-0.015196986496448517
4488,4,1,0.11467283964157104
4489,7,1,-0.038419246673583984
4490,0,1,-0.03297897428274155
4491,2,1,0.0910559892654419
4492,8,1,0.003146812319755554
4493,4,1,0.004861518740653992
4494,8,1,-0.04401201009750366
4495,3,1,0.005641952157020569
4496,8,1,-0.028607182204723358
4497,8,1,-0.06555479764938354
4498,8,1,-0.05321861803531647
4499,3,1,0.030129164457321167
4500,3,1,-0.06452011317014694
4501,5,1,-0.008029431104660034
4502,7,1,0.0016574859619140625
4503,7,1,-0.028377875685691833
4504,0,1,1.1551973819732666
4505,4,1,0.004526808857917786
4506,1,0,-0.028011679649353027
4507,5,1,-0.013713628053665161
4508,9,1,-0.008873090147972107
4509,7,1,-0.004155665636062622
4510,0,1,0.07709027826786041
4511,6,1,-0.007889114320278168
4512,8,1,0.3422147035598755
4513,4,1,-0.03804899752140045
4514,9,1,-0.03382016718387604
4515,0,1,0.10287842154502869
4516,1,0,-0.03899664431810379
4517,8,1,-0.023843415081501007
4518,9,1,-0.0018955320119857788
4519,6,1,-0.009305477142333984
4520,3,1,-0.051825352013111115
4521,9,1,-0.04127234220504761
4522,2,1,0.06112508475780487
4523,4,1,-0.035238564014434814
4524,4,1,0.007988423109054565
4525,0,1,0.11162431538105011
4526,3,1,-0.04198421537876129
4527,3,1,8.864700794219971e-05
4528,5,1,0.013913735747337341
4529,4,1,-0.04684852063655853
4530,5,1,0.16380424797534943
4531,1,0,-0.028355106711387634
4532,1,0,-0.007902547717094421
4533,8,1,-0.0835513174533844
4534,2,1,-0.03173290938138962
4535,2,1,0.043976083397865295
4536,9,1,-0.057819969952106476
4537,3,1,0.007869377732276917
4538,7,1,-0.05293755233287811
4539,8,1,-0.014628835022449493
4540,9,1,-0.07979631423950195
4541,2,1,0.023143306374549866
4542,3,1,0.03732781112194061
4543,1,0,-0.05225379019975662
4544,7,1,0.03698177635669708
4545,3,1,0.010115951299667358
4546,2,1,4.323085784912109
4547,3,1,-0.025776654481887817
4548,0,1,0.03407354652881622
4549,1,0,-0.03719424456357956
4550,9,1,0.039332762360572815
4551,5,1,-0.043786242604255676
4552,5,1,-0.04866012930870056
4553,3,1,-0.06814011931419373
4554,4,1,0.018906980752944946
4555,5,1,-0.03832375258207321
4556,2,1,-0.051223352551460266
4557,0,1,-0.03516216576099396
4558,0,1,0.4669347405433655
4559,3,1,0.042749688029289246
4560,1,0,-0.005137041211128235
4561,3,1,-0.04455074667930603
4562,4,1,-0.03276519477367401
4563,7,1,-0.06380574405193329
4564,4,1,0.0023141801357269287
4565,2,1,-0.044212862849235535
4566,8,1,0.17931728065013885
4567,4,1,0.018261879682540894
4568,8,1,-0.05643245577812195
4569,9,1,-0.031366586685180664
4570,9,1,-0.0070009976625442505
4571,4,1,-0.03504733741283417
4572,2,1,0.11918722093105316
4573,4,1,-0.01837421953678131
4574,3,1,-0.017724305391311646
4575,6,1,0.07103164494037628
4576,4,1,-0.05880849063396454
4577,6,1,-0.026519574224948883
4578,4,1,-0.07101269066333771
4579,6,1,-0.07534639537334442
4580,6,1,-0.023603573441505432
4581,3,1,-0.026064135134220123
4582,8,1,-0.038698986172676086
4583,7,1,-0.04580886662006378
4584,4,1,-0.03519105166196823
4585,8,1,0.1025613397359848
4586,0,1,-0.05833345651626587
4587,5,1,0.21798108518123627
4588,9,1,-0.04002121090888977
4589,3,1,-0.05448354780673981
4590,9,1,0.09701831638813019
4591,0,1,0.017873063683509827
4592,7,1,-0.037104032933712006
4593,5,1,-0.04209509491920471
4594,1,0,-0.050784364342689514
4595,9,1,0.022179827094078064
4596,7,1,0.054161861538887024
4597,9,1,0.02615244686603546
4598,1,0,-0.025819703936576843
4599,8,1,-0.03419414162635803
4600,4,1,-0.022496983408927917
4601,2,1,0.05439043045043945
4602,1,0,-0.06540445983409882
4603,6,1,0.015419989824295044
4604,4,1,-0.060077451169490814
4605,3,1,-0.05448333919048309
4606,0,1,0.004888400435447693
4607,1,0,0.0581434965133667
4608,4,1,0.08430644869804382
4609,8,1,-0.07778769731521606
4610,6,1,-0.03024044632911682
4611,1,0,-0.004156753420829773
4612,7,1,-0.00881446897983551
4613,1,0,-0.014232255518436432
4614,3,1,0.06280122697353363
4615,5,1,-0.00819319486618042
4616,4,1,0.023203864693641663
4617,3,1,-0.026823394000530243
4618,3,1,0.010302528738975525
4619,9,1,-0.04868811368942261
4620,7,1,0.009548977017402649
4621,8,1,-0.030169278383255005
4622,2,1,-0.0031196177005767822
4623,5,1,-0.039049915969371796
4624,5,1,-0.01141752302646637
4625,4,1,0.05350041389465332
4626,5,1,-0.019989274442195892
4627,4,1,0.03945530951023102
4628,5,1,-0.023213215172290802
4629,7,1,-0.040526509284973145
4630,2,1,0.06667925417423248
4631,5,1,-0.005773186683654785
4632,5,1,0.023302927613258362
4633,1,0,-0.016629308462142944
4634,7,1,-0.042493969202041626
4635,7,1,-0.020743854343891144
4636,8,1,-0.04441726207733154
4637,3,1,-0.045453958213329315
4638,6,1,-0.04079443961381912
4639,0,1,0.03319188952445984
4640,2,1,-0.017234183847904205
4641,5,1,0.015032798051834106
4642,2,1,0.055406540632247925
4643,3,1,-0.002757146954536438
4644,7,1,0.03897140920162201
4645,4,1,0.0053771138191223145
4646,2,1,0.04874087870121002
4647,1,0,-0.02741285413503647
4648,6,1,0.04834221303462982
4649,8,1,-0.02502061426639557
4650,6,1,-0.04236575961112976
4651,8,1,-0.08162762224674225
4652,3,1,-0.04447777569293976
4653,2,1,-0.04433133453130722
4654,7,1,-0.02235320210456848
4655,7,1,-0.06486040353775024
4656,9,1,-0.020885616540908813
4657,7,1,-0.02480281889438629
4658,1,0,-0.028427086770534515
4659,4,1,0.027369767427444458
4660,7,1,-0.005876615643501282
4661,4,1,0.038576915860176086
4662,6,1,-0.003302052617073059
4663,1,0,0.005227565765380859
4664,7,1,-0.06816090643405914
4665,3,1,-0.05330641567707062
4666,0,1,-0.029807083308696747
4667,0,1,0.06710158288478851
4668,6,1,-0.036443717777729034
4669,6,1,0.012001097202301025
4670,8,1,0.0008475631475448608
4671,6,1,-0.021139144897460938
4672,6,1,0.0236884206533432
4673,0,1,0.08404208719730377
4674,3,1,-0.04312729090452194
4675,4,1,0.11771900951862335
4676,7,1,-0.02899857610464096
4677,4,1,-0.049235112965106964
4678,9,1,-0.0677885115146637
4679,4,1,0.039844512939453125
4680,9,1,-0.03658266365528107
4681,9,1,-0.016285911202430725
4682,3,1,-0.019399158656597137
4683,4,1,-0.04582187533378601
4684,1,0,-0.028656184673309326
4685,4,1,-0.0021733492612838745
4686,0,1,-0.093874990940094
4687,3,1,0.06307801604270935
4688,7,1,0.018514081835746765
4689,1,0,-0.026684165000915527
4690,2,1,-0.02414105087518692
4691,2,1,0.11680866777896881
4692,8,1,0.028441473841667175
4693,4,1,0.009533539414405823
4694,7,1,0.06947652995586395
4695,8,1,-0.045413896441459656
4696,5,1,-0.032278671860694885
4697,5,1,-0.003058001399040222
4698,6,1,0.010880246758460999
4699,5,1,0.011506035923957825
4700,6,1,0.020018473267555237
4701,0,1,0.006543681025505066
4702,6,1,-0.02606774866580963
4703,4,1,-0.014543086290359497
4704,9,1,0.01720421016216278
4705,3,1,-0.0004962235689163208
4706,2,1,-0.029300406575202942
4707,7,1,-0.0762157142162323
4708,3,1,-0.02181042730808258
4709,8,1,-0.05547359585762024
4710,3,1,0.049325913190841675
4711,9,1,-0.019934773445129395
4712,4,1,-0.02580675482749939
4713,1,0,-0.0509587824344635
4714,6,1,-0.03641746938228607
4715,9,1,-0.03158748149871826
4716,9,1,-0.03635507822036743
4717,4,1,0.020665988326072693
4718,3,1,0.07080648839473724
4719,9,1,-0.05944833159446716
4720,8,1,-0.04514169692993164
4721,1,0,0.009352698922157288
4722,6,1,-0.053238362073898315
4723,9,1,-0.07550377398729324
4724,5,1,0.007008031010627747
4725,9,1,-0.035509854555130005
4726,0,1,-0.05251424014568329
4727,9,1,-0.059701114892959595
4728,7,1,-0.042624883353710175
4729,2,1,-0.013644561171531677
4730,2,1,0.021955594420433044
4731,4,1,0.1712658554315567
4732,2,1,0.1310242861509323
4733,6,1,-0.00809691846370697
4734,4,1,-0.002348095178604126
4735,8,1,0.04636354744434357
4736,1,0,-0.020345553755760193
4737,9,1,-0.053923383355140686
4738,5,1,0.0406983345746994
4739,6,1,0.01670895516872406
4740,5,1,-0.04711712896823883
4741,1,0,-0.019905216991901398
4742,8,1,-0.05029276758432388
4743,6,1,0.01897461712360382
4744,6,1,0.12613292038440704
4745,7,1,-0.03812892735004425
4746,6,1,0.027377501130104065
4747,5,1,-0.07039864361286163
4748,0,1,-0.011769145727157593
4749,2,1,0.035162702202796936
4750,7,1,-0.009017400443553925
4751,6,1,0.015227854251861572
4752,1,0,-0.02579335868358612
4753,2,1,-0.025093749165534973
4754,3,1,-0.051981121301651
4755,1,0,-0.030683323740959167
4756,6,1,-0.008229896426200867
4757,4,1,0.01342327892780304
4758,9,1,0.02228502929210663
4759,0,1,-0.0010592937469482422
4760,3,1,0.03585667908191681
4761,9,1,-0.052017681300640106
4762,1,0,-0.040856219828128815
4763,0,1,0.08961400389671326
4764,5,1,-0.043692074716091156
4765,3,1,-0.015181288123130798
4766,1,0,-0.04414820671081543
4767,6,1,-0.034381501376628876
4768,9,1,-0.058801181614398956
4769,8,1,-0.04735488444566727
4770,9,1,0.019327357411384583
4771,0,1,0.00023758411407470703
4772,6,1,0.06721030175685883
4773,1,0,0.04564365744590759
4774,6,1,0.03997191786766052
4775,2,1,-0.013357743620872498
4776,3,1,-0.027988038957118988
4777,5,1,0.04354594647884369
4778,6,1,-0.03052997589111328
4779,9,1,-0.039723411202430725
4780,0,1,-0.0232580304145813
4781,7,1,-0.07932772487401962
4782,2,1,-0.023684605956077576
4783,4,1,0.07453764975070953
4784,0,1,0.007705599069595337
4785,3,1,-0.04590323567390442
4786,6,1,0.023158907890319824
4787,8,1,-0.029746152460575104
4788,6,1,-0.06272649019956589
4789,9,1,0.0031875818967819214
4790,1,0,-0.05090901255607605
4791,9,1,-0.08577240258455276
4792,0,1,-0.09608536958694458
4793,6,1,-0.0070833489298820496
4794,4,1,-0.024033665657043457
4795,5,1,0.030819043517112732
4796,9,1,-0.07942850142717361
4797,5,1,0.11218227446079254
4798,4,1,-0.08398108929395676
4799,1,0,0.00010772049427032471
4800,9,1,-0.05662161856889725
4801,2,1,-0.06535124778747559
4802,0,1,-0.0374106839299202
4803,7,1,-0.031083375215530396
4804,3,1,-0.03672906756401062
4805,5,1,-0.054626524448394775
4806,1,0,-0.01460062712430954
4807,8,1,-0.06747294962406158
4808,3,1,-0.027522899210453033
4809,0,1,-0.07848715037107468
4810,5,1,-0.022588513791561127
4811,2,1,0.09313361346721649
4812,8,1,-0.044977471232414246
4813,8,1,-0.05975291132926941
4814,3,1,0.05831362307071686
4815,9,1,-0.05884373188018799
4816,6,1,0.017291828989982605
4817,0,1,-0.041165247559547424
4818,3,1,-0.01943664252758026
4819,5,1,-0.020304828882217407
4820,3,1,-0.060042791068553925
4821,4,1,-0.058668047189712524
4822,1,0,-0.053750380873680115
4823,5,1,0.012727305293083191
4824,0,1,-0.034947894513607025
4825,7,1,0.003416582942008972
4826,3,1,-0.006347991526126862
4827,9,1,-0.06261551380157471
4828,4,1,-0.005472585558891296
4829,5,1,-0.04361692816019058
4830,3,1,-0.053561732172966
4831,1,0,-0.05072365701198578
4832,4,1,-0.039968401193618774
4833,2,1,0.006095871329307556
4834,4,1,0.10294380784034729
4835,9,1,-0.03637504577636719
4836,9,1,0.0034744590520858765
4837,7,1,0.05387258529663086
4838,1,0,-0.010684818029403687
4839,7,1,-0.01768442988395691
4840,0,1,0.08009715378284454
4841,1,0,-0.02905699610710144
4842,2,1,0.06486253440380096
4843,1,0,-0.0012441426515579224
4844,5,1,-0.015782251954078674
4845,3,1,-0.0009428113698959351
4846,8,1,-0.027065128087997437
4847,4,1,-0.014353454113006592
4848,1,0,0.021205514669418335
4849,5,1,0.01661984622478485
4850,1,0,-0.028678186237812042
4851,9,1,-0.06679219007492065
4852,9,1,-0.011901326477527618
4853,7,1,0.0039662569761276245
4854,0,1,0.036204129457473755
4855,1,0,-0.019409582018852234
4856,7,1,0.030231818556785583
4857,6,1,-0.05875008553266525
4858,2,1,0.009513989090919495
4859,6,1,0.02803012728691101
4860,5,1,-0.027057215571403503
4861,0,1,-0.03756257891654968
4862,3,1,0.1832263022661209
4863,1,0,0.01398177444934845
4864,3,1,0.05427880585193634
4865,8,1,-0.046978265047073364
4866,9,1,0.005216822028160095
4867,9,1,-0.009319350123405457
4868,0,1,0.0921139270067215
4869,8,1,-0.0630941390991211
4870,8,1,0.032362550497055054
4871,7,1,0.019054338335990906
4872,9,1,-0.025026291608810425
4873,2,1,0.07618238031864166
4874,9,1,-0.023303955793380737
4875,1,0,-0.02135460078716278
4876,3,1,0.0915926843881607
4877,6,1,0.015242666006088257
4878,7,1,-0.04482494294643402
4879,6,1,-0.046071022748947144
4880,0,1,0.03821738064289093
4881,8,1,-0.0400436595082283
4882,6,1,0.037176281213760376
4883,2,1,0.01967918872833252
4884,4,1,0.029553145170211792
4885,2,1,0.13552691042423248
4886,3,1,-0.055738940834999084
4887,5,1,-0.048397138714790344
4888,5,1,0.0472293496131897
4889,4,1,0.012666121125221252
4890,1,0,-0.0036463290452957153
4891,6,1,-0.027557894587516785
4892,7,1,-0.05177449434995651
4893,1,0,-0.014471009373664856
4894,6,1,-0.019802823662757874
4895,1,0,-0.04456685483455658
4896,7,1,0.03144554793834686
4897,1,0,-0.04871997982263565
4898,6,1,-0.06220141798257828
4899,2,1,0.06573812663555145
4900,3,1,-0.06572455912828445
4901,0,1,0.006093412637710571
4902,4,1,-0.04838007688522339
4903,2,1,0.10043585300445557
4904,9,1,-0.024825401604175568
4905,7,1,-0.03874655067920685
4906,5,1,-0.044176697731018066
4907,5,1,0.006052479147911072
4908,6,1,-0.00013712048530578613
4909,0,1,-0.00560392439365387
4910,8,1,-0.017344020307064056
4911,8,1,-0.00895015150308609
4912,1,0,-0.039218708872795105
4913,1,0,0.0016482770442962646
4914,3,1,-0.0010547935962677002
4915,5,1,-0.0743991881608963
4916,6,1,-0.01670658588409424
4917,5,1,-0.03192179650068283
4918,3,1,-0.06506480276584625
4919,8,1,-0.040646031498909
4920,7,1,0.028747111558914185
4921,5,1,-0.036010757088661194
4922,0,1,-0.00927957147359848
4923,7,1,0.007103875279426575
4924,7,1,-0.017270401120185852
4925,5,1,-0.01098620891571045
4926,7,1,0.0027037113904953003
4927,1,0,-0.030507728457450867
4928,9,1,-0.021109282970428467
4929,9,1,-0.041999973356723785
4930,1,0,-0.0450100377202034
4931,9,1,-0.08062569051980972
4932,9,1,-0.006472989916801453
4933,3,1,-0.052305564284324646
4934,5,1,0.08055411279201508
4935,5,1,0.00901956856250763
4936,3,1,-0.039622336626052856
4937,0,1,-0.0022975951433181763
4938,3,1,-0.05830240249633789
4939,0,1,0.02617335319519043
4940,6,1,0.013789311051368713
4941,6,1,-0.04123075306415558
4942,5,1,-0.03599908947944641
4943,6,1,-0.009949587285518646
4944,8,1,0.07005460560321808
4945,9,1,-0.07466333359479904
4946,4,1,0.02016608417034149
4947,5,1,0.005553409457206726
4948,1,0,0.026206478476524353
4949,1,0,-0.02477210760116577
4950,2,1,0.028137698769569397
4951,7,1,0.03534048795700073
4952,9,1,-0.046340711414813995
4953,0,1,-0.08542978763580322
4954,1,0,-0.01172076165676117
4955,2,1,0.009001344442367554
4956,5,1,-0.02522696554660797
4957,4,1,0.006472170352935791
4958,4,1,-0.007674962282180786
4959,7,1,-0.03889639675617218
4960,4,1,0.013360679149627686
4961,8,1,-0.07514551281929016
4962,3,1,-0.0028210729360580444
4963,3,1,-0.012106776237487793
4964,5,1,0.05456671118736267
4965,3,1,-0.03237002342939377
4966,5,1,-0.04955039173364639
4967,7,1,-0.0489095002412796
4968,0,1,0.3186072111129761
4969,1,0,-0.017273426055908203
4970,2,1,-0.01714344322681427
4971,9,1,-0.035342052578926086
4972,8,1,-0.02851381152868271
4973,1,0,-0.0004314631223678589
4974,7,1,-0.014480061829090118
4975,3,1,-0.023594029247760773
4976,5,1,-0.05244956165552139
4977,9,1,-0.06772463023662567
4978,1,0,-0.02825343608856201
4979,9,1,-0.014600656926631927
4980,1,0,-0.049921318888664246
4981,1,0,0.050306618213653564
4982,3,1,0.012079522013664246
4983,6,1,-0.01742774248123169
4984,7,1,-0.0016520172357559204
4985,4,1,-0.003958538174629211
4986,8,1,-0.054337359964847565
4987,3,1,0.0050720274448394775
4988,5,1,0.0126446932554245
4989,6,1,-0.049548983573913574
4990,7,1,-0.005664840340614319
4991,0,1,0.04904676973819733
4992,1,0,0.006356269121170044
4993,7,1,-0.07034951448440552
4994,7,1,0.020728781819343567
4995,2,1,-0.05047455430030823
4996,3,1,-0.0015772134065628052
4997,3,1,-0.04092571139335632
4998,5,1,-0.04569646716117859
4999,1,0,0.04407213628292084
5000,7,1,0.00809989869594574
5001,6,1,-0.005721300840377808
5002,8,1,-0.0425117164850235
5003,4,1,-0.03235132247209549
5004,4,1,-0.012528061866760254
5005,5,1,-0.03595685958862305
5006,7,1,-0.032663680613040924
5007,3,1,-0.039944857358932495
5008,4,1,-0.06900748610496521
5009,7,1,-0.04137971252202988
5010,7,1,-0.013923242688179016
5011,3,1,-0.06948430836200714
5012,6,1,-0.03499314934015274
5013,0,1,0.15400351583957672
5014,7,1,-0.05413830280303955
5015,2,1,0.1182088851928711
5016,6,1,-0.052968792617321014
5017,7,1,-0.04993557184934616
5018,4,1,-0.00016470253467559814
5019,1,0,-0.007098816335201263
5020,8,1,-0.0232836976647377
5021,0,1,0.0010548979043960571
5022,2,1,-0.011139757931232452
5023,2,1,-0.05323661118745804
5024,1,0,-0.04600004106760025
5025,5,1,-0.04420772194862366
5026,4,1,-0.04185567796230316
5027,0,1,-0.0513024777173996
5028,9,1,0.03131769597530365
5029,3,1,-0.04621593654155731
5030,4,1,-0.04561373591423035
5031,4,1,-0.07860243320465088
5032,2,1,0.00866718590259552
5033,3,1,-0.0327114462852478
5034,8,1,-0.05181419849395752
5035,5,1,-0.058877624571323395
5036,0,1,-0.034331128001213074
5037,0,1,-0.06429620087146759
5038,4,1,-0.0048228055238723755
5039,6,1,0.03616286814212799
5040,3,1,-0.05296842008829117
5041,9,1,0.03648228943347931
5042,2,1,0.07276609539985657
5043,0,1,-0.0015380829572677612
5044,5,1,-0.03459601104259491
5045,7,1,0.03817552328109741
5046,5,1,0.034174516797065735
5047,5,1,-0.023770198225975037
5048,1,0,-0.011806398630142212
5049,7,1,0.009007275104522705
5050,3,1,-0.00574532151222229
5051,1,0,0.026575341820716858
5052,6,1,0.09779636561870575
5053,7,1,-0.026237942278385162
5054,9,1,-0.05620430409908295
5055,0,1,0.08144976198673248
5056,1,0,-0.04421389102935791
5057,2,1,-0.03203165531158447
5058,1,0,-0.07627283781766891
5059,4,1,-0.07444072514772415
5060,6,1,0.007120490074157715
5061,1,0,-0.024916544556617737
5062,5,1,0.015621289610862732
5063,9,1,-0.04331037402153015
5064,5,1,-0.04801174998283386
5065,0,1,-0.0014002472162246704
5066,4,1,0.007852718234062195
5067,9,1,-0.025936096906661987
5068,4,1,0.009491801261901855
5069,9,1,-0.06512786448001862
5070,7,1,-0.0281762033700943
5071,1,0,0.012367978692054749
5072,6,1,0.000771254301071167
5073,8,1,0.015071913599967957
5074,0,1,0.028372958302497864
5075,6,1,-0.028986439108848572
5076,5,1,0.10846345126628876
5077,0,1,-0.0437484085559845
5078,8,1,-0.07223664224147797
5079,1,0,-0.011035047471523285
5080,7,1,-0.06712766736745834
5081,5,1,-0.024504967033863068
5082,6,1,-0.06458878517150879
5083,9,1,-0.056332506239414215
5084,3,1,-0.05578608065843582
5085,2,1,0.20849598944187164
5086,3,1,-0.03793206810951233
5087,9,1,-0.006306253373622894
5088,8,1,-0.07530952990055084
5089,6,1,-0.025189511477947235
5090,1,0,-0.006996124982833862
5091,0,1,-0.011686824262142181
5092,9,1,0.015382334589958191
5093,0,1,-0.020057901740074158
5094,9,1,0.009492307901382446
5095,8,1,-0.02548937499523163
5096,7,1,-0.02555128186941147
5097,7,1,-0.07702621072530746
5098,5,1,-0.055655814707279205
5099,2,1,0.1664610058069229
5100,3,1,-0.02718915045261383
5101,5,1,-0.002645626664161682
5102,5,1,-0.0011682063341140747
5103,7,1,-0.0491698682308197
5104,8,1,-0.0868510752916336
5105,7,1,-0.009868733584880829
5106,6,1,-0.05909822881221771
5107,9,1,0.040060222148895264
5108,1,0,-0.045986324548721313
5109,9,1,0.1197337657213211
5110,8,1,-0.009893596172332764
5111,6,1,-0.0358024537563324
5112,5,1,-0.03405097872018814
5113,6,1,-0.031985342502593994
5114,7,1,-0.01687997579574585
5115,5,1,-0.04450194537639618
5116,6,1,-0.029150448739528656
5117,7,1,-0.05124099552631378
5118,2,1,0.2772730588912964
5119,5,1,0.13085557520389557
5120,9,1,-0.06045052409172058
5121,6,1,-0.008431516587734222
5122,6,1,-0.06020224094390869
5123,7,1,-0.02980916202068329
5124,0,1,0.019793346524238586
5125,1,0,-0.0614023357629776
5126,0,1,-0.0012732595205307007
5127,1,0,-0.01996167004108429
5128,3,1,0.05283769965171814
5129,2,1,-0.048181526362895966
5130,5,1,-0.03251636028289795
5131,6,1,0.011102095246315002
5132,1,0,-0.05336848646402359
5133,2,1,-0.004989013075828552
5134,5,1,-0.015164375305175781
5135,1,0,-0.05168989300727844
5136,9,1,-0.004880264401435852
5137,9,1,-0.032530203461647034
5138,8,1,-0.08971862494945526
5139,6,1,-0.059421390295028687
5140,8,1,-0.048498913645744324
5141,6,1,-0.02040518820285797
5142,8,1,-0.06368598341941833
5143,9,1,-0.07789578288793564
5144,0,1,-0.029161445796489716
5145,4,1,-0.00901680439710617
5146,0,1,0.04080416262149811
5147,3,1,0.015375420451164246
5148,3,1,0.011252686381340027
5149,6,1,0.03717218339443207
5150,4,1,-0.04997275024652481
5151,9,1,-0.03420034050941467
5152,9,1,-0.040052562952041626
5153,7,1,-0.00682482123374939
5154,2,1,0.1386362463235855
5155,3,1,-0.026354767382144928
5156,5,1,-0.04162778705358505
5157,6,1,0.009187623858451843
5158,4,1,-0.052816227078437805
5159,6,1,0.06717732548713684
5160,0,1,-0.07757054269313812
5161,3,1,-0.037035226821899414
5162,7,1,-0.00825481116771698
5163,5,1,0.12782977521419525
5164,0,1,-0.05930207669734955
5165,2,1,0.16863562166690826
5166,9,1,-0.057058095932006836
5167,2,1,0.016037359833717346
5168,7,1,0.11776204407215118
5169,2,1,-0.04677318036556244
5170,9,1,-0.014975443482398987
5171,2,1,-0.0561394989490509
5172,4,1,-0.018824398517608643
5173,0,1,0.051923736929893494
5174,6,1,0.06659676134586334
5175,6,1,-0.03173685073852539
5176,3,1,-0.0477747842669487
5177,4,1,-0.024747073650360107
5178,5,1,-0.04393346607685089
5179,5,1,-0.01863975077867508
5180,9,1,-0.024754740297794342
5181,1,0,-0.05077090859413147
5182,1,0,0.004479125142097473
5183,4,1,0.060398414731025696
5184,4,1,-0.025727272033691406
5185,3,1,-0.028361789882183075
5186,5,1,-0.029326461255550385
5187,4,1,0.011168226599693298
5188,8,1,0.010102540254592896
5189,0,1,0.04002079367637634
5190,0,1,0.0581357479095459
5191,3,1,0.10106456279754639
5192,9,1,0.031863734126091
5193,4,1,-0.0073552802205085754
5194,7,1,-0.04451119899749756
5195,4,1,-0.0020111948251724243
5196,2,1,0.024101749062538147
5197,8,1,-0.057275742292404175
5198,3,1,0.009989842772483826
5199,6,1,-0.0694630891084671
5200,3,1,-0.0420435294508934
5201,1,0,-0.07786259055137634
5202,9,1,-0.06988002359867096
5203,6,1,0.07417343556880951
5204,3,1,-0.06832696497440338
5205,8,1,-0.04533739387989044
5206,3,1,-0.054006412625312805
5207,8,1,-0.053316086530685425
5208,4,1,-0.025128908455371857
5209,7,1,-0.020736873149871826
5210,5,1,-0.014276005327701569
5211,7,1,-0.06699962913990021
5212,5,1,0.03289933502674103
5213,3,1,-0.024051547050476074
5214,1,0,-0.0019660741090774536
5215,2,1,-0.07652927190065384
5216,6,1,-0.04260283708572388
5217,1,0,-0.03187450021505356
5218,3,1,0.03262263536453247
5219,2,1,-0.008686453104019165
5220,0,1,0.15430836379528046
5221,7,1,-0.022982656955718994
5222,5,1,-0.023635752499103546
5223,0,1,0.011319682002067566
5224,0,1,-0.06486960500478745
5225,0,1,0.12624500691890717
5226,1,0,-0.03672616183757782
5227,4,1,-0.014253705739974976
5228,3,1,-0.0001179128885269165
5229,5,1,0.0052437931299209595
5230,8,1,-0.019144654273986816
5231,4,1,-0.020973697304725647
5232,3,1,0.008433058857917786
5233,1,0,-0.012443676590919495
5234,7,1,-0.011645600199699402
5235,1,0,0.02532494068145752
5236,0,1,-0.0011989772319793701
5237,4,1,-0.03916086256504059
5238,2,1,-0.012765824794769287
5239,4,1,-0.011143207550048828
5240,1,0,0.0019512325525283813
5241,4,1,0.016038820147514343
5242,0,1,-0.039402544498443604
5243,1,0,-0.04057948291301727
5244,2,1,-0.043226391077041626
5245,1,0,-0.002413913607597351
5246,7,1,-0.027518153190612793
5247,7,1,-0.03970761597156525
5248,9,1,-0.06252056360244751
5249,8,1,0.01596151292324066
5250,7,1,0.004254832863807678
5251,5,1,-0.03373563289642334
5252,4,1,0.010858550667762756
5253,0,1,-0.020907282829284668
5254,9,1,-0.05678252875804901
5255,0,1,0.07007075846195221
5256,0,1,-0.04442216455936432
5257,8,1,-0.018079370260238647
5258,2,1,-0.04504701495170593
5259,0,1,-0.05950845777988434
5260,0,1,-0.0029703229665756226
5261,2,1,-0.05955199897289276
5262,4,1,-0.049017466604709625
5263,8,1,-0.08928729593753815
5264,6,1,-0.04833342880010605
5265,2,1,0.2251121550798416
5266,4,1,-0.037764668464660645
5267,6,1,0.036849766969680786
5268,3,1,-0.03872721642255783
5269,5,1,-0.05145656317472458
5270,1,0,-0.0489925891160965
5271,5,1,-0.05480793118476868
5272,3,1,0.06648658215999603
5273,7,1,-0.06431056559085846
5274,2,1,0.023759260773658752
5275,2,1,-0.022754475474357605
5276,9,1,-0.05350574851036072
5277,8,1,-0.06339770555496216
5278,0,1,-0.0752207338809967
5279,0,1,-0.013814181089401245
5280,0,1,-0.057918548583984375
5281,3,1,-0.021685585379600525
5282,4,1,0.045469269156455994
5283,4,1,-0.010467633605003357
5284,6,1,-0.07084189355373383
5285,1,0,-0.0312807559967041
5286,6,1,-0.04891008138656616
5287,7,1,0.006089001893997192
5288,4,1,-0.02294495701789856
5289,4,1,0.025717899203300476
5290,3,1,-0.07492027431726456
5291,9,1,-0.05572938919067383
5292,4,1,-0.06346403062343597
5293,0,1,0.18802832067012787
5294,8,1,-0.04233357310295105
5295,0,1,-0.06376614421606064
5296,4,1,-0.05362337827682495
5297,6,1,0.05857403576374054
5298,5,1,-0.003852352499961853
5299,7,1,-0.03063974529504776
5300,9,1,-0.012797154486179352
5301,7,1,0.03945411741733551
5302,0,1,0.2385832816362381
5303,5,1,0.05867154896259308
5304,7,1,0.002102985978126526
5305,7,1,0.0017416030168533325
5306,3,1,-0.0391424223780632
5307,1,0,0.04644234478473663
5308,9,1,0.04966305196285248
5309,3,1,-0.01784464716911316
5310,0,1,0.10352852940559387
5311,9,1,0.0032684355974197388
5312,5,1,-0.020921707153320312
5313,3,1,-0.05300991237163544
5314,7,1,0.0050630122423172
5315,9,1,-0.024840816855430603
5316,4,1,0.0012204945087432861
5317,4,1,-0.043839022517204285
5318,1,0,-0.03584538400173187
5319,7,1,0.04054652154445648
5320,7,1,-0.03084808588027954
5321,1,0,0.01005418598651886
5322,4,1,0.06425240635871887
5323,1,0,-0.035693392157554626
5324,2,1,-0.07798375189304352
5325,8,1,0.015706762671470642
5326,7,1,-0.048152901232242584
5327,0,1,0.035750582814216614
5328,0,1,-0.05950354039669037
5329,4,1,0.07008057832717896
5330,7,1,-0.031836263835430145
5331,2,1,-0.03310445696115494
5332,9,1,-0.07293976843357086
5333,7,1,-0.05776779353618622
5334,6,1,0.011012300848960876
5335,9,1,-0.011845588684082031
5336,3,1,0.016167864203453064
5337,5,1,0.15410612523555756
5338,8,1,0.002909749746322632
5339,0,1,0.004825815558433533
5340,3,1,0.017970874905586243
5341,6,1,-0.03886868804693222
5342,8,1,-0.046840667724609375
5343,3,1,-0.039419084787368774
5344,2,1,0.0510762482881546
5345,4,1,-0.028228357434272766
5346,7,1,-0.01991775631904602
5347,1,0,-0.00962848961353302
5348,1,0,-0.08693079650402069
5349,3,1,-0.063772052526474
5350,9,1,-0.04889129102230072
5351,7,1,-0.024665072560310364
5352,5,1,-0.033183783292770386
5353,1,0,-0.050382696092128754
5354,0,1,0.043099790811538696
5355,8,1,-0.06615393608808517
5356,7,1,-0.03444913029670715
5357,0,1,-0.03950229287147522
5358,1,0,-0.04598304629325867
5359,6,1,0.016825035214424133
5360,9,1,-0.050946205854415894
5361,3,1,-0.08687819540500641
5362,2,1,-0.02833428978919983
5363,7,1,-0.009852677583694458
5364,7,1,-0.005230382084846497
5365,8,1,-0.02807682752609253
5366,1,0,0.15894363820552826
5367,0,1,0.0009857863187789917
5368,3,1,-0.034038349986076355
5369,4,1,0.012783393263816833
5370,6,1,-0.04528556764125824
5371,7,1,-0.03656555712223053
5372,5,1,-0.060058899223804474
5373,2,1,-0.013452023267745972
5374,0,1,0.020346060395240784
5375,1,0,-0.008185982704162598
5376,5,1,-0.046201273798942566
5377,5,1,-0.015909016132354736
5378,1,0,0.029326900839805603
5379,4,1,0.03873725235462189
5380,1,0,-0.06099154055118561
5381,3,1,-0.05939123034477234
5382,0,1,0.09964801371097565
5383,8,1,-0.025343306362628937
5384,6,1,-0.04412733018398285
5385,2,1,0.045409321784973145
5386,1,0,0.014547109603881836
5387,3,1,0.015160039067268372
5388,6,1,-0.028485864400863647
5389,4,1,-0.06061530113220215
5390,1,0,-0.04758273810148239
5391,9,1,-0.0514199361205101
5392,0,1,-0.03899190574884415
5393,4,1,-0.016066156327724457
5394,1,0,-0.02600858360528946
5395,0,1,-0.060093700885772705
5396,1,0,-0.06967319548130035
5397,9,1,-0.05454898625612259
5398,8,1,-0.05661987513303757
5399,6,1,0.08185994625091553
5400,9,1,0.11183856427669525
5401,2,1,-0.03655456006526947
5402,4,1,-0.015887364745140076
5403,7,1,0.05131031572818756
5404,2,1,0.03518375754356384
5405,2,1,0.013547375798225403
5406,7,1,0.04154740273952484
5407,4,1,-0.021358929574489594
5408,9,1,-0.002859964966773987
5409,1,0,-0.032042622566223145
5410,3,1,-0.07940313965082169
5411,2,1,-0.020549774169921875
5412,6,1,-0.025373056530952454
5413,3,1,0.008315026760101318
5414,4,1,-0.005139216780662537
5415,4,1,-0.022439733147621155
5416,9,1,-0.010755330324172974
5417,4,1,-0.04581402242183685
5418,8,1,-0.03381703794002533
5419,2,1,-0.014260359108448029
5420,6,1,0.013198330998420715
5421,6,1,0.056447580456733704
5422,1,0,-0.0010627210140228271
5423,6,1,-0.03518771380186081
5424,3,1,-0.007681995630264282
5425,6,1,-0.03544218838214874
5426,5,1,-0.04326320439577103
5427,8,1,-0.014908716082572937
5428,4,1,-0.027931444346904755
5429,6,1,0.12621541321277618
5430,7,1,0.04708319902420044
5431,1,0,-0.07165177166461945
5432,9,1,-0.01658351719379425
5433,3,1,0.01451939344406128
5434,6,1,0.003921821713447571
5435,7,1,0.025786608457565308
5436,6,1,0.051344215869903564
5437,0,1,0.24307341873645782
5438,7,1,-0.019506610929965973
5439,1,0,0.019857540726661682
5440,9,1,-0.036948688328266144
5441,5,1,-0.06814790517091751
5442,2,1,-0.020543113350868225
5443,6,1,-0.04686199128627777
5444,7,1,-0.022417664527893066
5445,7,1,-0.014805510640144348
5446,6,1,-0.06391480565071106
5447,5,1,0.017378896474838257
5448,9,1,-0.07213982939720154
5449,1,0,-0.04910856485366821
5450,5,1,0.015387281775474548
5451,6,1,-0.003934964537620544
5452,0,1,-0.07389790564775467
5453,2,1,-0.048661090433597565
5454,0,1,0.02887602150440216
5455,9,1,0.01756162941455841
5456,1,0,-0.03062334656715393
5457,8,1,-0.0594542995095253
5458,3,1,0.037104859948158264
5459,5,1,-0.021774545311927795
5460,0,1,-0.03524240851402283
5461,0,1,-0.039587803184986115
5462,0,1,-0.02823255956172943
5463,5,1,-0.02171941101551056
5464,7,1,-0.04178856313228607
5465,7,1,-0.015745170414447784
5466,8,1,-0.05083592236042023
5467,5,1,0.05961036682128906
5468,5,1,-0.060626909136772156
5469,5,1,0.11943651735782623
5470,1,0,-0.008001439273357391
5471,6,1,-0.04856189340353012
5472,1,0,-0.072848379611969
5473,5,1,-0.05806063860654831
5474,1,0,0.011412352323532104
5475,0,1,0.009241148829460144
5476,6,1,-0.04166992008686066
5477,2,1,-0.06599964946508408
5478,3,1,-0.01359616219997406
5479,2,1,0.12398441135883331
5480,1,0,-0.030192822217941284
5481,7,1,-0.012626856565475464
5482,5,1,-0.052406370639801025
5483,1,0,0.005952224135398865
5484,9,1,0.01343485713005066
5485,8,1,-0.06724795699119568
5486,3,1,-0.041678279638290405
5487,6,1,-0.04011085629463196
5488,9,1,-0.059349656105041504
5489,7,1,-0.0040512531995773315
5490,3,1,0.07981501519680023
5491,0,1,0.055124640464782715
5492,2,1,-0.04068658500909805
5493,3,1,0.04859106242656708
5494,9,1,-0.04722689092159271
5495,4,1,-0.06681723892688751
5496,4,1,-0.059235818684101105
5497,3,1,0.005071371793746948
5498,9,1,-0.0408535897731781
5499,6,1,-0.006873875856399536
5500,8,1,-0.05998636782169342
5501,6,1,0.010434284806251526
5502,6,1,0.020305708050727844
5503,8,1,-0.0686928927898407
5504,5,1,0.0076140910387039185
5505,4,1,-0.013317398726940155
5506,3,1,-0.002899542450904846
5507,6,1,-0.012331962585449219
5508,7,1,0.016699060797691345
5509,7,1,-0.034247420728206635
5510,4,1,-0.053229451179504395
5511,3,1,-0.016653195023536682
5512,9,1,-0.037481337785720825
5513,6,1,-0.0782974362373352
5514,2,1,0.059332475066185
5515,4,1,-0.031700193881988525
5516,0,1,0.010974511504173279
5517,1,0,-0.05663113296031952
5518,3,1,-0.023865610361099243
5519,6,1,-0.036245062947273254
5520,4,1,-0.02569769322872162
5521,9,1,-0.03792913258075714
5522,2,1,0.032301828265190125
5523,6,1,0.05691848695278168
5524,0,1,-0.05327942967414856
5525,3,1,-0.01869054138660431
5526,8,1,0.04350954294204712
5527,7,1,-0.06399937719106674
5528,5,1,-0.026029139757156372
5529,3,1,0.08584396541118622
5530,3,1,0.010207369923591614
5531,8,1,-0.04622364044189453
5532,3,1,0.035150155425071716
5533,2,1,0.10625551640987396
5534,6,1,0.01343671977519989
5535,3,1,-0.05050744116306305
5536,6,1,0.0051390379667282104
5537,2,1,0.1536835879087448
5538,7,1,-0.016883358359336853
5539,4,1,-0.017542719841003418
5540,5,1,0.012260973453521729
5541,7,1,-0.06813903898000717
5542,9,1,-0.0869322419166565
5543,0,1,-0.042007893323898315
5544,0,1,0.02955646812915802
5545,6,1,-0.0051720887422561646
5546,7,1,-0.022125408053398132
5547,2,1,-0.08284460008144379
5548,8,1,-0.07200451195240021
5549,5,1,0.0479840487241745
5550,5,1,-0.039382822811603546
5551,7,1,-0.08552682399749756
5552,5,1,-0.04310806095600128
5553,5,1,-0.025341525673866272
5554,9,1,-0.007103361189365387
5555,4,1,0.059939906001091
5556,6,1,-0.04129240661859512
5557,4,1,0.016797468066215515
5558,7,1,0.014286831021308899
5559,3,1,-0.017768442630767822
5560,3,1,-0.05355021357536316
5561,6,1,-0.004794090986251831
5562,4,1,0.0292423814535141
5563,1,0,-0.02736935019493103
5564,6,1,-0.001363322138786316
5565,3,1,0.04184649884700775
5566,1,0,-0.06389182806015015
5567,6,1,0.020998835563659668
5568,7,1,-0.049895718693733215
5569,0,1,-0.0025222450494766235
5570,5,1,-0.05761805176734924
5571,0,1,-0.028317227959632874
5572,1,0,-0.0027701109647750854
5573,9,1,-0.034328289330005646
5574,7,1,0.014384761452674866
5575,3,1,-0.0603756383061409
5576,5,1,-0.020448438823223114
5577,2,1,-0.01113148033618927
5578,3,1,-0.016957394778728485
5579,9,1,-0.036867305636405945
5580,5,1,-0.03609984368085861
5581,6,1,-0.052113957703113556
5582,4,1,0.10951294004917145
5583,0,1,0.2861230969429016
5584,0,1,0.16839762032032013
5585,0,1,0.06468217074871063
5586,8,1,-0.022418834269046783
5587,0,1,-0.06771735846996307
5588,3,1,-0.010969959199428558
5589,2,1,0.008059278130531311
5590,4,1,-0.01280684769153595
5591,5,1,-0.03474497050046921
5592,3,1,-0.05168303847312927
5593,7,1,-0.08322834223508835
5594,9,1,-0.029849708080291748
5595,6,1,0.09665127098560333
5596,9,1,-0.06974233686923981
5597,3,1,-0.019865818321704865
5598,1,0,-0.04809464514255524
5599,2,1,0.031012162566184998
5600,6,1,-0.07463393360376358
5601,7,1,0.031448230147361755
5602,4,1,0.04740320146083832
5603,5,1,-0.015598148107528687
5604,1,0,0.0013093352317810059
5605,3,1,0.01537419855594635
5606,7,1,-0.04863749444484711
5607,6,1,-0.042736902832984924
5608,9,1,-0.030419908463954926
5609,5,1,-0.017583400011062622
5610,8,1,-0.048431217670440674
5611,5,1,0.09330885112285614
5612,8,1,-0.044578924775123596
5613,5,1,-0.04946388304233551
5614,8,1,-0.06570619344711304
5615,5,1,0.08325089514255524
5616,6,1,0.01312856376171112
5617,5,1,-0.05809891223907471
5618,0,1,-0.03361158072948456
5619,8,1,-0.015581563115119934
5620,3,1,-0.015730425715446472
5621,8,1,-0.011388294398784637
5622,1,0,-0.020804598927497864
5623,8,1,-0.00797736644744873
5624,1,0,-0.06545986235141754
5625,5,1,0.009143099188804626
5626,0,1,0.040014758706092834
5627,9,1,0.00019744038581848145
5628,8,1,-0.046474963426589966
5629,6,1,-0.004055589437484741
5630,3,1,-0.03376983106136322
5631,6,1,0.028155967593193054
5632,3,1,-0.00977807492017746
5633,4,1,-0.025132320821285248
5634,4,1,-0.009152032434940338
5635,7,1,-0.03200680762529373
5636,4,1,-0.044687703251838684
5637,7,1,0.08171993494033813
5638,4,1,-0.028117522597312927
5639,3,1,0.0223349928855896
5640,2,1,-0.06010787934064865
5641,4,1,-0.04577048122882843
5642,5,1,0.029244795441627502
5643,5,1,0.006507739424705505
5644,7,1,-0.08281461894512177
5645,5,1,-0.05158302187919617
5646,4,1,-0.03119790554046631
5647,5,1,0.023223116993904114
5648,8,1,-0.043389856815338135
5649,0,1,-0.04492904245853424
5650,5,1,-0.003964513540267944
5651,4,1,-0.010838694870471954
5652,0,1,0.0818265974521637
5653,5,1,0.03271098434925079
5654,4,1,0.027539566159248352
5655,3,1,-0.03424496948719025
5656,3,1,0.004524305462837219
5657,2,1,-0.020564496517181396
5658,4,1,-0.058129653334617615
5659,2,1,-0.0018606036901474
5660,9,1,0.0028594881296157837
5661,4,1,0.006381615996360779
5662,8,1,-0.043333180248737335
5663,8,1,-0.028100892901420593
5664,6,1,-0.008726634085178375
5665,2,1,0.20822308957576752
5666,6,1,0.008235052227973938
5667,1,0,-0.02995440363883972
5668,7,1,0.0003553032875061035
5669,0,1,-0.028559982776641846
5670,4,1,-0.028363876044750214
5671,3,1,-0.031898364424705505
5672,8,1,0.02277018129825592
5673,5,1,-0.03445884585380554
5674,9,1,-0.08279871940612793
5675,7,1,-0.026633113622665405
5676,6,1,-0.06338389217853546
5677,7,1,-0.03604725003242493
5678,1,0,-0.030614525079727173
5679,0,1,-0.003293052315711975
5680,2,1,-0.056780263781547546
5681,3,1,0.03409813344478607
5682,5,1,-0.060451798141002655
5683,6,1,-0.06183471530675888
5684,7,1,0.0046654194593429565
5685,1,0,-0.009335756301879883
5686,6,1,-0.022900909185409546
5687,2,1,-0.009333208203315735
5688,8,1,0.01622532308101654
5689,3,1,-0.01622394472360611
5690,7,1,-0.0037764757871627808
5691,2,1,-0.039009541273117065
5692,5,1,-0.03598079830408096
5693,7,1,-0.045043788850307465
5694,5,1,-0.07978230714797974
5695,7,1,-0.0310916006565094
5696,7,1,-0.011824339628219604
5697,1,0,0.005449622869491577
5698,7,1,-0.07134340703487396
5699,4,1,0.029911160469055176
5700,3,1,0.005915656685829163
5701,3,1,-0.05380871146917343
5702,4,1,0.08052708208560944
5703,0,1,0.007733330130577087
5704,4,1,-0.011618569493293762
5705,2,1,-0.01497921347618103
5706,7,1,-0.01927872747182846
5707,0,1,0.03826148808002472
5708,2,1,0.04692442715167999
5709,2,1,0.05530376732349396
5710,6,1,-0.06651310622692108
5711,6,1,-0.010011062026023865
5712,2,1,0.020159080624580383
5713,5,1,-0.045476242899894714
5714,2,1,0.043111175298690796
5715,6,1,-0.05717931687831879
5716,0,1,0.7218925356864929
5717,6,1,0.06588463485240936
5718,1,0,-0.016896799206733704
5719,2,1,0.016166582703590393
5720,9,1,-0.0741836279630661
5721,0,1,-0.010651953518390656
5722,0,1,0.10269130766391754
5723,1,0,-0.002547919750213623
5724,5,1,-0.007508434355258942
5725,5,1,0.010588124394416809
5726,1,0,0.0005658119916915894
5727,6,1,-0.036478832364082336
5728,7,1,-0.044377416372299194
5729,8,1,-0.03371145576238632
5730,5,1,-0.05337612330913544
5731,6,1,-0.04873065650463104
5732,3,1,-0.06302521377801895
5733,3,1,0.015586599707603455
5734,6,1,0.07192818820476532
5735,0,1,-0.03030148148536682
5736,9,1,-0.02688160538673401
5737,9,1,0.00639893114566803
5738,2,1,-0.0070696547627449036
5739,2,1,0.0007127374410629272
5740,6,1,0.0059782713651657104
5741,1,0,0.013390406966209412
5742,4,1,-0.023222222924232483
5743,6,1,-0.07137493789196014
5744,2,1,0.04187196493148804
5745,5,1,0.0638425201177597
5746,7,1,0.008063182234764099
5747,8,1,0.03414103388786316
5748,8,1,0.01611359417438507
5749,5,1,-0.03536964952945709
5750,6,1,-0.05001182109117508
5751,4,1,-0.016426503658294678
5752,3,1,0.010811135172843933
5753,2,1,0.0776052176952362
5754,3,1,-0.058459073305130005
5755,4,1,-0.018702790141105652
5756,4,1,-0.035381197929382324
5757,4,1,0.014388933777809143
5758,8,1,0.00710470974445343
5759,9,1,-0.025149017572402954
5760,2,1,0.04807518422603607
5761,6,1,0.07431834936141968
5762,0,1,-0.054421573877334595
5763,9,1,-0.07363156974315643
5764,7,1,-0.029415175318717957
5765,9,1,-0.030808337032794952
5766,8,1,-0.04184221476316452
5767,7,1,-0.024886511266231537
5768,7,1,-0.03285464644432068
5769,3,1,-0.039323486387729645
5770,8,1,-0.06615567952394485
5771,2,1,-0.0326114147901535
5772,9,1,-0.016056276857852936
5773,3,1,0.07424962520599365
5774,5,1,0.008915022015571594
5775,7,1,0.04967121779918671
5776,5,1,-0.03425633907318115
5777,8,1,-0.08948629349470139
5778,7,1,-0.0014884620904922485
5779,3,1,-0.054118506610393524
5780,7,1,-0.017372138798236847
5781,0,1,-0.011550642549991608
5782,7,1,-0.0282832533121109
5783,1,0,0.02987639605998993
5784,6,1,-0.04215255379676819
5785,2,1,0.3852616548538208
5786,4,1,-0.00615537166595459
5787,0,1,-0.029654741287231445
5788,0,1,0.14088745415210724
5789,2,1,0.008251532912254333
5790,9,1,0.0006643980741500854
5791,8,1,-0.03632304072380066
5792,2,1,-0.0009205341339111328
5793,8,1,-0.05662935972213745
5794,7,1,-0.054852813482284546
5795,7,1,0.014059409499168396
5796,5,1,-0.011161863803863525
5797,5,1,-0.04935505986213684
5798,0,1,0.004304155707359314
5799,1,0,-0.023020312190055847
5800,2,1,0.004223987460136414
5801,9,1,-0.06167300045490265
5802,6,1,-0.016113169491291046
5803,1,0,-0.06185425817966461
5804,0,1,-0.039011210203170776
5805,1,0,-0.039071761071681976
5806,0,1,-0.06728707253932953
5807,6,1,-0.029095634818077087
5808,5,1,-0.03958243131637573
5809,0,1,-0.013921640813350677
5810,5,1,-0.018913142383098602
5811,7,1,-0.08501827716827393
5812,4,1,0.00011143088340759277
5813,4,1,-0.04667728394269943
5814,8,1,-0.08281237632036209
5815,3,1,-0.045957088470458984
5816,5,1,-0.03146076947450638
5817,3,1,-0.029525473713874817
5818,7,1,-0.049815647304058075
5819,2,1,-0.00968075543642044
5820,5,1,-0.036170534789562225
5821,8,1,-0.02997744083404541
5822,3,1,0.01793813705444336
5823,5,1,0.004704117774963379
5824,7,1,-0.07328718900680542
5825,3,1,-0.04571104794740677
5826,7,1,-0.02454075962305069
5827,0,1,-0.038238801062107086
5828,5,1,-0.013617724180221558
5829,4,1,-0.05146745592355728
5830,5,1,-0.022396117448806763
5831,6,1,-0.009188175201416016
5832,9,1,0.05245235562324524
5833,3,1,-0.006195008754730225
5834,5,1,0.0003888159990310669
5835,3,1,-0.06266279518604279
5836,8,1,-0.027404315769672394
5837,2,1,-0.026721149682998657
5838,4,1,-0.02838187664747238
5839,2,1,0.15295882523059845
5840,2,1,-0.005298435688018799
5841,6,1,-0.057611458003520966
5842,7,1,-0.05009421706199646
5843,6,1,0.02117346227169037
5844,0,1,-0.015073142945766449
5845,5,1,-0.004662618041038513
5846,5,1,-0.07138629257678986
5847,8,1,-0.054878175258636475
5848,4,1,-0.008661776781082153
5849,5,1,-0.024394802749156952
5850,6,1,-0.013030797243118286
5851,1,0,-0.0126604363322258
5852,3,1,0.012681335210800171
5853,5,1,-0.024587400257587433
5854,4,1,0.2753281593322754
5855,7,1,0.009658828377723694
5856,3,1,0.020144835114479065
5857,0,1,-0.01336580514907837
5858,7,1,-0.018456123769283295
5859,2,1,0.013882741332054138
5860,0,1,0.027293696999549866
5861,1,0,0.07736799120903015
5862,2,1,-0.02135106921195984
5863,4,1,0.008145704865455627
5864,9,1,0.027223750948905945
5865,6,1,-0.00833861529827118
5866,4,1,-0.047939419746398926
5867,5,1,0.02017959952354431
5868,9,1,-0.06763367354869843
5869,7,1,-0.03788675367832184
5870,7,1,-0.0444888174533844
5871,6,1,-0.042202264070510864
5872,7,1,-0.038761481642723083
5873,4,1,0.15078891813755035
5874,3,1,-0.05962640047073364
5875,1,0,-0.01947210729122162
5876,6,1,0.017885848879814148
5877,9,1,-0.010210543870925903
5878,4,1,0.02596721053123474
5879,8,1,-0.07095226645469666
5880,0,1,-0.05195733904838562
5881,3,1,0.03252820670604706
5882,1,0,0.012953296303749084
5883,6,1,-0.06312982738018036
5884,4,1,-0.001912429928779602
5885,4,1,-0.01472107321023941
5886,2,1,-0.03892536461353302
5887,1,0,-0.022433675825595856
5888,4,1,-0.03810584545135498
5889,6,1,0.018702432513237
5890,3,1,-0.020581074059009552
5891,0,1,0.05549953877925873
5892,8,1,-0.05044391751289368
5893,9,1,-0.01730342209339142
5894,7,1,-0.05186837911605835
5895,6,1,0.014844164252281189
5896,8,1,-0.020624682307243347
5897,4,1,0.014368608593940735
5898,8,1,-0.0030312687158584595
5899,1,0,0.001788988709449768
5900,4,1,-0.0165264755487442
5901,5,1,-0.029379725456237793
5902,9,1,-0.0803767666220665
5903,4,1,-0.04034116119146347
5904,7,1,0.008434370160102844
5905,1,0,-0.014014750719070435
5906,4,1,-0.008603595197200775
5907,5,1,-0.04246382415294647
5908,3,1,-0.07567902654409409
5909,1,0,-0.028153225779533386
5910,2,1,-0.03773224353790283
5911,6,1,0.00890357792377472
5912,4,1,0.06366057693958282
5913,7,1,-0.010554119944572449
5914,1,0,-0.024281054735183716
5915,5,1,-0.032518014311790466
5916,9,1,-0.011643506586551666
5917,3,1,0.044564127922058105
5918,1,0,-0.052246443927288055
5919,4,1,-0.007468707859516144
5920,8,1,-0.06723760068416595
5921,7,1,-0.022199340164661407
5922,7,1,-0.04506674408912659
5923,0,1,-0.029592446982860565
5924,4,1,0.028477773070335388
5925,3,1,-0.013030260801315308
5926,4,1,0.07376885414123535
5927,6,1,-0.017451584339141846
5928,7,1,0.010027512907981873
5929,7,1,-0.04901716113090515
5930,5,1,0.050657376646995544
5931,4,1,-0.013681262731552124
5932,4,1,-0.024766847491264343
5933,4,1,0.03499653935432434
5934,3,1,-0.013621188700199127
5935,6,1,0.01066926121711731
5936,6,1,-0.0044491589069366455
5937,1,0,-0.0378405898809433
5938,9,1,-0.02720518410205841
5939,9,1,0.0014643669128417969
5940,7,1,-0.004455283284187317
5941,9,1,-0.04299377650022507
5942,4,1,-0.0012953877449035645
5943,3,1,-0.03098641335964203
5944,2,1,0.08052666485309601
5945,9,1,0.004905149340629578
5946,8,1,0.006647437810897827
5947,5,1,-0.028437301516532898
5948,0,1,-0.05215109884738922
5949,6,1,0.003792181611061096
5950,9,1,0.005102142691612244
5951,0,1,0.12435118854045868
5952,9,1,-0.013462886214256287
5953,7,1,-0.06906799972057343
5954,8,1,-0.04527802765369415
5955,5,1,0.05281643569469452
5956,4,1,-0.05427037179470062
5957,4,1,0.0033924132585525513
5958,9,1,-0.04603256285190582
5959,4,1,0.034149378538131714
5960,2,1,-0.028355836868286133
5961,6,1,0.005101561546325684
5962,6,1,0.007323667407035828
5963,9,1,-0.008051320910453796
5964,9,1,-0.049392566084861755
5965,7,1,-0.006963551044464111
5966,9,1,-0.018561631441116333
5967,9,1,-0.05180191993713379
5968,0,1,0.024796470999717712
5969,5,1,-0.06786134839057922
5970,1,0,-0.06137019395828247
5971,1,0,0.011230185627937317
5972,8,1,-0.08075816929340363
5973,6,1,-0.027074605226516724
5974,9,1,-0.028025493025779724
5975,9,1,-0.05394400656223297
5976,5,1,-0.009576067328453064
5977,6,1,0.050000131130218506
5978,5,1,-0.03828847408294678
5979,5,1,-0.04720012843608856
5980,9,1,-0.029061071574687958
5981,7,1,-0.0018736869096755981
5982,9,1,-0.031466029584407806
5983,4,1,-0.021900981664657593
5984,5,1,-0.0008584707975387573
5985,4,1,-0.022028766572475433
5986,3,1,0.02791859209537506
5987,3,1,-0.008868835866451263
5988,9,1,-0.05913996696472168
5989,8,1,0.17516158521175385
5990,8,1,0.14270110428333282
5991,3,1,-0.06488865613937378
5992,4,1,0.007997646927833557
5993,8,1,-0.05239477753639221
5994,4,1,-0.03554898500442505
5995,0,1,0.004885450005531311
5996,4,1,-0.060275718569755554
5997,0,1,-8.195638656616211e-06
5998,7,1,0.008233979344367981
5999,2,1,0.04016803205013275
6000,8,1,-0.054319024085998535
6001,0,1,-0.05445057898759842
6002,2,1,-0.02213498204946518
6003,0,1,0.0577443391084671
6004,7,1,-0.0592656210064888
6005,4,1,-0.004871189594268799
6006,0,1,-0.04387044906616211
6007,6,1,0.003819569945335388
6008,3,1,0.09253209829330444
6009,3,1,0.043503403663635254
6010,1,0,-0.01705937832593918
6011,7,1,-0.030289217829704285
6012,4,1,0.01665465533733368
6013,6,1,0.010975047945976257
6014,5,1,-0.029873937368392944
6015,0,1,-0.06572464108467102
6016,4,1,-0.020077839493751526
6017,9,1,0.05475582182407379
6018,5,1,-0.006873518228530884
6019,6,1,-0.029003478586673737
6020,6,1,0.014518916606903076
6021,3,1,-0.006617382168769836
6022,0,1,-0.046077340841293335
6023,5,1,0.08610348403453827
6024,2,1,0.010538771748542786
6025,6,1,0.055948302149772644
6026,3,1,-0.06807605922222137
6027,3,1,-0.028741270303726196
6028,8,1,-0.027287326753139496
6029,0,1,0.02645719051361084
6030,8,1,-0.014158062636852264
6031,5,1,-0.05652787536382675
6032,4,1,-0.025403134524822235
6033,2,1,0.03213118016719818
6034,9,1,-0.03447651118040085
6035,5,1,-0.02767568826675415
6036,0,1,0.14635111391544342
6037,5,1,-0.0480971485376358
6038,4,1,-0.03138778358697891
6039,8,1,-0.04473915696144104
6040,2,1,-0.027153104543685913
6041,7,1,-0.04725417494773865
6042,6,1,-0.017273426055908203
6043,5,1,0.02626948058605194
6044,7,1,-0.02316462993621826
6045,8,1,-0.036996543407440186
6046,2,1,-0.014783598482608795
6047,0,1,-0.05836670845746994
6048,1,0,-0.02597975730895996
6049,8,1,-0.08640768378973007
6050,2,1,0.028298452496528625
6051,4,1,0.10172143578529358
6052,8,1,-0.06926587969064713
6053,4,1,-0.039801180362701416
6054,3,1,-0.026850439608097076
6055,0,1,0.017449289560317993
6056,4,1,-0.03319433331489563
6057,0,1,0.02243751287460327
6058,1,0,-0.04616679251194
6059,9,1,-0.024468109011650085
6060,3,1,-0.02046845108270645
6061,0,1,-0.08178745955228806
6062,3,1,-0.023390591144561768
6063,6,1,0.05929867923259735
6064,5,1,-0.0129232257604599
6065,5,1,0.023665621876716614
6066,2,1,-0.02993214875459671
6067,8,1,-0.026617541909217834
6068,5,1,-0.03471243381500244
6069,0,1,-0.02732616662979126
6070,8,1,-0.07143821567296982
6071,7,1,0.09338971972465515
6072,5,1,-0.003732845187187195
6073,2,1,-0.0015873759984970093
6074,4,1,-0.014571011066436768
6075,3,1,0.03321872651576996
6076,7,1,0.0377793163061142
6077,0,1,0.07217623293399811
6078,2,1,0.13602431118488312
6079,3,1,-0.0023523271083831787
6080,1,0,0.00335867702960968
6081,0,1,-0.02340616285800934
6082,0,1,0.030997678637504578
6083,2,1,0.007949665188789368
6084,1,0,-0.006142377853393555
6085,2,1,-0.04980374127626419
6086,1,0,0.009148374199867249
6087,4,1,-0.01853109896183014
6088,6,1,-0.05091974884271622
6089,7,1,-0.0006865411996841431
6090,1,0,-0.022582538425922394
6091,0,1,-0.048771679401397705
6092,5,1,-0.0493665486574173
6093,2,1,-0.00830809772014618
6094,5,1,-0.07317059487104416
6095,9,1,-0.06509140878915787
6096,2,1,-0.044930413365364075
6097,5,1,-0.05764204263687134
6098,6,1,0.03794153034687042
6099,7,1,0.02409018576145172
6100,1,0,-0.020020201802253723
6101,9,1,-0.032548338174819946
6102,3,1,0.006659016013145447
6103,6,1,0.034213438630104065
6104,1,0,-0.01631292700767517
6105,0,1,0.33682161569595337
6106,2,1,-0.008170954883098602
6107,9,1,-0.04658634960651398
6108,4,1,-0.00020261108875274658
6109,2,1,-0.019873633980751038
6110,9,1,-0.04513684660196304
6111,3,1,-0.0019079595804214478
6112,8,1,-0.08137917518615723
6113,2,1,-0.04352693259716034
6114,9,1,-0.04225544631481171
6115,8,1,-0.0485505610704422
6116,5,1,-0.038379207253456116
6117,1,0,-0.056325383484363556
6118,0,1,0.002653270959854126
6119,1,0,-0.06622639298439026
6120,5,1,-0.04839703440666199
6121,2,1,-0.04232276976108551
6122,5,1,0.057095423340797424
6123,6,1,0.001543581485748291
6124,8,1,-0.04325896501541138
6125,8,1,-0.0348498597741127
6126,3,1,-0.04623536765575409
6127,5,1,-0.03281243145465851
6128,0,1,0.07187514007091522
6129,4,1,-0.05127827823162079
6130,1,0,-0.02269376814365387
6131,3,1,0.021065667271614075
6132,7,1,0.003114446997642517
6133,0,1,0.01831468939781189
6134,3,1,0.014238253235816956
6135,3,1,-0.05255408585071564
6136,9,1,-0.04859404265880585
6137,2,1,-0.01758311688899994
6138,3,1,0.07996411621570587
6139,9,1,-0.016742758452892303
6140,9,1,-0.039551421999931335
6141,8,1,-0.045320652425289154
6142,5,1,-0.05333535373210907
6143,9,1,0.005592375993728638
6144,7,1,0.016736194491386414
6145,2,1,0.05838784575462341
6146,0,1,-0.01995190978050232
6147,9,1,-0.062468647956848145
6148,4,1,-0.04249812662601471
6149,7,1,0.027461498975753784
6150,1,0,-0.029940180480480194
6151,7,1,-0.019960477948188782
6152,6,1,0.024092301726341248
6153,4,1,-0.006047472357749939
6154,4,1,0.35086554288864136
6155,8,1,-0.06018379330635071
6156,9,1,-0.01482991874217987
6157,0,1,-0.05465252697467804
6158,7,1,0.06912069022655487
6159,1,0,-0.041220009326934814
6160,2,1,-0.0221080482006073
6161,4,1,0.0871688574552536
6162,0,1,0.05794760584831238
6163,3,1,0.027224227786064148
6164,7,1,-0.046239204704761505
6165,5,1,-0.011507615447044373
6166,1,0,-0.04491988569498062
6167,9,1,-0.06646011769771576
6168,3,1,0.005899116396903992
6169,5,1,-0.07101846486330032
6170,2,1,-0.04037840664386749
6171,4,1,0.01805935800075531
6172,1,0,0.025966957211494446
6173,1,0,-0.02503940463066101
6174,3,1,0.03276483714580536
6175,3,1,-0.062444135546684265
6176,9,1,-0.03586190938949585
6177,2,1,-0.07672503590583801
6178,5,1,0.018879085779190063
6179,8,1,-0.04595080018043518
6180,0,1,-0.0909317284822464
6181,8,1,-0.052722685039043427
6182,1,0,-0.05889304727315903
6183,5,1,-0.02089526504278183
6184,1,0,-0.08570853620767593
6185,5,1,-0.042267076671123505
6186,9,1,-0.05134856700897217
6187,0,1,-0.05072516202926636
6188,9,1,-0.04427754878997803
6189,2,1,0.12506575882434845
6190,4,1,-0.003531619906425476
6191,0,1,-0.05970534682273865
6192,6,1,0.04275190830230713
6193,9,1,-0.0316496416926384
6194,1,0,-0.05202976614236832
6195,1,0,-0.04529598355293274
6196,3,1,-0.02545604109764099
6197,4,1,-0.05469013750553131
6198,9,1,-0.03320116549730301
6199,5,1,-0.024341627955436707
6200,3,1,0.04834809899330139
6201,3,1,0.05431853234767914
6202,3,1,-0.057671815156936646
6203,3,1,-0.004466637969017029
6204,4,1,0.03965626657009125
6205,1,0,-0.07043853402137756
6206,5,1,-0.02923247218132019
6207,9,1,-0.01836024969816208
6208,8,1,-0.029457837343215942
6209,7,1,-0.04597210884094238
6210,4,1,0.022441983222961426
6211,8,1,0.017812445759773254
6212,7,1,-0.029439657926559448
6213,3,1,-0.03554400056600571
6214,5,1,-0.0201401486992836
6215,2,1,0.09159083664417267
6216,5,1,-0.006187610328197479
6217,8,1,-0.05547618865966797
6218,9,1,-0.006413713097572327
6219,7,1,-0.00022521615028381348
6220,2,1,-0.03726574778556824
6221,0,1,-0.010490596294403076
6222,0,1,-0.03414469212293625
6223,7,1,0.035460203886032104
6224,5,1,-0.042426154017448425
6225,3,1,-0.0074655041098594666
6226,5,1,0.02034720778465271
6227,7,1,-0.07055748999118805
6228,4,1,0.05423940718173981
6229,6,1,0.03556129336357117
6230,2,1,-0.003136172890663147
6231,8,1,-0.027768686413764954
6232,2,1,0.018658176064491272
6233,7,1,-0.010496951639652252
6234,7,1,-0.014819487929344177
6235,6,1,-0.04343560338020325
6236,1,0,-0.0579790323972702
6237,3,1,0.0032650232315063477
6238,8,1,0.011914670467376709
6239,6,1,0.07931013405323029
6240,2,1,0.023696422576904297
6241,0,1,0.13683806359767914
6242,4,1,-0.0555291548371315
6243,4,1,0.01289375126361847
6244,8,1,-0.018633492290973663
6245,6,1,-0.0194525346159935
6246,4,1,-0.04302027076482773
6247,0,1,0.023997589945793152
6248,2,1,0.04363010823726654
6249,5,1,-0.0035718828439712524
6250,4,1,-0.04067012667655945
6251,1,0,-0.04319944232702255
6252,2,1,0.11108569800853729
6253,5,1,-0.011976838111877441
6254,4,1,-0.04993143677711487
6255,6,1,-0.017339780926704407
6256,9,1,-0.040250957012176514
6257,5,1,0.41239821910858154
6258,0,1,0.12468691170215607
6259,5,1,0.0827874094247818
6260,2,1,-0.04971928894519806
6261,0,1,0.006961017847061157
6262,8,1,-0.05278787016868591
6263,2,1,0.06799153983592987
6264,6,1,0.003681287169456482
6265,4,1,-0.04199463874101639
6266,7,1,-0.03458517789840698
6267,9,1,-0.0347159206867218
6268,5,1,-0.03657995164394379
6269,7,1,-0.060465291142463684
6270,2,1,-0.0018401890993118286
6271,6,1,0.07444687187671661
6272,2,1,-0.04313208907842636
6273,1,0,-0.012744300067424774
6274,9,1,-0.02069072425365448
6275,9,1,0.011005640029907227
6276,7,1,0.026782438158988953
6277,2,1,0.00581786036491394
6278,5,1,0.0008986741304397583
6279,1,0,-0.04954613745212555
6280,8,1,-0.023306891322135925
6281,1,0,-0.08108311891555786
6282,6,1,0.034995317459106445
6283,3,1,-0.02294503152370453
6284,0,1,-0.02581646293401718
6285,8,1,-0.019756004214286804
6286,8,1,-0.029098615050315857
6287,5,1,-0.062125250697135925
6288,6,1,-0.02938813716173172
6289,9,1,-0.04192347824573517
6290,9,1,-0.011767424643039703
6291,9,1,-0.07839930802583694
6292,6,1,0.006495639681816101
6293,3,1,-0.0030268877744674683
6294,0,1,0.011211350560188293
6295,8,1,-0.07569646835327148
6296,8,1,-0.053240105509757996
6297,5,1,-0.035939767956733704
6298,3,1,0.047420963644981384
6299,3,1,0.0041228532791137695
6300,1,0,0.00481317937374115
6301,1,0,-0.04656513035297394
6302,0,1,-0.03285756707191467
6303,7,1,-0.04951830208301544
6304,0,1,0.10157759487628937
6305,6,1,0.0038408786058425903
6306,0,1,-0.013972237706184387
6307,4,1,0.029302924871444702
6308,4,1,0.05772598087787628
6309,6,1,0.03381456434726715
6310,5,1,-0.038735173642635345
6311,3,1,-0.04128313064575195
6312,2,1,0.017212137579917908
6313,9,1,-0.04326719045639038
6314,6,1,0.01039142906665802
6315,6,1,-0.0791427344083786
6316,7,1,-0.0693807303905487
6317,9,1,-0.012378297746181488
6318,7,1,-0.06770369410514832
6319,7,1,-0.05438379943370819
6320,0,1,-0.013032987713813782
6321,8,1,-0.06768760085105896
6322,4,1,0.03557045757770538
6323,2,1,0.09151510894298553
6324,7,1,-0.0414433628320694
6325,7,1,-0.025181204080581665
6326,7,1,-0.05109870433807373
6327,4,1,-0.02256641536951065
6328,0,1,0.061364129185676575
6329,1,0,-0.021506547927856445
6330,6,1,0.08220170438289642
6331,0,1,-0.00984114408493042
6332,5,1,0.0035793334245681763
6333,3,1,-0.055724531412124634
6334,0,1,-0.00450606644153595
6335,2,1,0.028749719262123108
6336,4,1,0.007025018334388733
6337,9,1,-0.06329388916492462
6338,7,1,0.4475749731063843
6339,3,1,0.017199352383613586
6340,3,1,-0.019946880638599396
6341,2,1,-0.0013273954391479492
6342,8,1,-0.05647382140159607
6343,8,1,-0.05446223169565201
6344,5,1,0.007279261946678162
6345,3,1,0.07488618791103363
6346,8,1,-0.058699831366539
6347,0,1,0.01354055106639862
6348,8,1,-0.07072974741458893
6349,0,1,-0.05372587591409683
6350,0,1,0.0031288564205169678
6351,0,1,-0.043712928891181946
6352,2,1,0.011811420321464539
6353,2,1,0.014251872897148132
6354,7,1,0.07106649875640869
6355,0,1,-0.02211523801088333
6356,7,1,-0.029791325330734253
6357,7,1,-0.021308481693267822
6358,7,1,0.031248748302459717
6359,2,1,-0.004485592246055603
6360,2,1,-0.015573039650917053
6361,0,1,-0.02586410939693451
6362,4,1,-0.06491245329380035
6363,0,1,-0.027345910668373108
6364,3,1,-0.022206470370292664
6365,7,1,0.04107169806957245
6366,8,1,-0.06130661070346832
6367,4,1,0.05638030171394348
6368,7,1,-0.009061433374881744
6369,9,1,-0.013253316283226013
6370,6,1,-0.038073837757110596
6371,1,0,0.07344895601272583
6372,1,0,-0.08405385166406631
6373,6,1,-0.06151700019836426
6374,9,1,-0.08185622096061707
6375,3,1,0.02784845232963562
6376,8,1,-0.008980810642242432
6377,9,1,-0.06573765724897385
6378,5,1,0.027832940220832825
6379,8,1,-0.009732194244861603
6380,3,1,-0.03594280779361725
6381,9,1,-0.04833965748548508
6382,4,1,0.09929637610912323
6383,3,1,0.007590189576148987
6384,7,1,-0.03805512934923172
6385,5,1,-0.013173781335353851
6386,5,1,-0.049483880400657654
6387,2,1,0.06026221811771393
6388,7,1,-0.0106295645236969
6389,5,1,-0.05087779462337494
6390,7,1,0.01792629063129425
6391,9,1,-0.004781022667884827
6392,6,1,-0.05075144022703171
6393,3,1,0.04764094948768616
6394,0,1,-0.0876053124666214
6395,8,1,0.16332508623600006
6396,4,1,0.053475379943847656
6397,5,1,-0.007948003709316254
6398,6,1,-0.004758700728416443
6399,1,0,-0.03854644298553467
6400,0,1,-0.0782090350985527
6401,4,1,0.0050919800996780396
6402,8,1,-0.07091808319091797
6403,4,1,0.060933396220207214
6404,7,1,-0.023560956120491028
6405,1,0,0.07569877803325653
6406,3,1,-0.05792304873466492
6407,2,1,-0.018689237534999847
6408,0,1,-0.03449889272451401
6409,9,1,-0.06581518799066544
6410,1,0,-0.03930474817752838
6411,8,1,-0.04159242659807205
6412,8,1,0.06512211263179779
6413,6,1,-0.03462710976600647
6414,8,1,0.05725152790546417
6415,1,0,-0.02963901311159134
6416,7,1,0.03484983742237091
6417,1,0,-0.003023475408554077
6418,0,1,0.11586864292621613
6419,9,1,-0.09220156818628311
6420,7,1,-0.045642927289009094
6421,6,1,-0.016806669533252716
6422,4,1,-0.028670981526374817
6423,5,1,0.018513858318328857
6424,8,1,-0.003681764006614685
6425,2,1,0.03730602562427521
6426,1,0,-0.0018800050020217896
6427,2,1,0.009313538670539856
6428,5,1,-0.021368995308876038
6429,8,1,-0.0317450687289238
6430,1,0,-0.015094652771949768
6431,1,0,-0.02466730773448944
6432,8,1,-0.0702308863401413
6433,8,1,-0.045698657631874084
6434,0,1,-0.05688375234603882
6435,9,1,-0.01746697723865509
6436,0,1,-0.09043892472982407
6437,0,1,0.2626226544380188
6438,4,1,0.012652739882469177
6439,3,1,0.04682868719100952
6440,3,1,-0.0740257129073143
6441,5,1,-0.04317189007997513
6442,6,1,-0.07194559276103973
6443,6,1,0.05551345646381378
6444,3,1,-0.0012769103050231934
6445,1,0,-0.02414114773273468
6446,4,1,0.03079412877559662
6447,4,1,-0.09205596894025803
6448,7,1,0.027222126722335815
6449,8,1,-0.04273797571659088
6450,0,1,0.12581099569797516
6451,1,0,-0.025967732071876526
6452,4,1,-0.019321337342262268
6453,8,1,-0.03900585323572159
6454,4,1,0.03157512843608856
6455,6,1,-0.05573732405900955
6456,2,1,-0.03098982572555542
6457,2,1,-0.009814336895942688
6458,2,1,-0.006597183644771576
6459,6,1,-0.016818761825561523
6460,3,1,-0.05988775193691254
6461,4,1,-0.06250738352537155
6462,0,1,0.035548046231269836
6463,8,1,0.005029693245887756
6464,1,0,-0.07148823142051697
6465,3,1,-0.001391574740409851
6466,8,1,-0.01507672667503357
6467,3,1,-0.019852034747600555
6468,8,1,-0.0844375491142273
6469,9,1,0.00478769838809967
6470,1,0,-0.021504968404769897
6471,6,1,-0.020671866834163666
6472,1,0,-0.06169573962688446
6473,9,1,-0.060032621026039124
6474,8,1,-0.04523640125989914
6475,2,1,-0.029531605541706085
6476,0,1,-0.028420910239219666
6477,4,1,0.01860596239566803
6478,7,1,-0.005867078900337219
6479,4,1,-0.07234945893287659
6480,0,1,0.18654747307300568
6481,0,1,0.23580951988697052
6482,7,1,-0.008178383111953735
6483,6,1,-0.029221758246421814
6484,8,1,-0.04885292798280716
6485,9,1,-0.06571144610643387
6486,8,1,-0.02889569103717804
6487,6,1,-0.02281063050031662
6488,2,1,-0.07828979194164276
6489,8,1,-0.06626930832862854
6490,8,1,-0.021128445863723755
6491,0,1,-0.0072433724999427795
6492,1,0,-0.02339261770248413
6493,1,0,-0.005711749196052551
6494,0,1,-0.03192457556724548
6495,7,1,-0.04280052334070206
6496,7,1,-0.031310662627220154
6497,4,1,-0.012821972370147705
6498,4,1,-0.03199508786201477
6499,7,1,-0.02314145863056183
6500,7,1,0.058622196316719055
6501,2,1,0.12182493507862091
6502,6,1,-0.0386127233505249
6503,6,1,0.0023369044065475464
6504,7,1,-0.0035685300827026367
6505,4,1,-0.01615309715270996
6506,5,1,0.03509525954723358
6507,4,1,-0.035938113927841187
6508,0,1,0.20392246544361115
6509,9,1,-0.017338722944259644
6510,4,1,-0.05052424967288971
6511,7,1,0.03831575810909271
6512,2,1,-0.036622025072574615
6513,5,1,0.037075549364089966
6514,3,1,-0.014977529644966125
6515,2,1,-0.026834726333618164
6516,2,1,0.056470587849617004
6517,7,1,-0.06211819499731064
6518,6,1,0.044185295701026917
6519,2,1,-0.01597508043050766
6520,6,1,-0.026750296354293823
6521,4,1,-0.05318525433540344
6522,9,1,0.04343953728675842
6523,6,1,0.03385287523269653
6524,8,1,-0.0031367838382720947
6525,3,1,-0.039652347564697266
6526,8,1,-0.04479561746120453
6527,5,1,-0.06710346043109894
6528,5,1,-0.01321527361869812
6529,2,1,0.0021063536405563354
6530,3,1,-0.03718002140522003
6531,4,1,-0.03516675531864166
6532,5,1,-0.012820668518543243
6533,2,1,-0.08779700845479965
6534,7,1,-0.018694400787353516
6535,5,1,-0.014717966318130493
6536,1,0,-0.007909879088401794
6537,5,1,-0.0460534393787384
6538,3,1,-0.08809991925954819
6539,7,1,0.006599023938179016
6540,8,1,-0.07873082906007767
6541,8,1,0.02009548246860504
6542,9,1,-0.053407952189445496
6543,6,1,-0.05303417146205902
6544,0,1,-0.04076705127954483
6545,9,1,-0.018084391951560974
6546,2,1,0.20902977883815765
6547,6,1,-0.03645040839910507
6548,0,1,0.12186311185359955
6549,0,1,0.3548166751861572
6550,1,0,0.0007858574390411377
6551,4,1,-0.013324707746505737
6552,1,0,-0.04473049193620682
6553,3,1,-0.01308971643447876
6554,5,1,-0.027291186153888702
6555,1,0,-0.02835385501384735
6556,8,1,-0.04111432284116745
6557,9,1,-0.050805382430553436
6558,6,1,-0.009207159280776978
6559,2,1,-0.0456247478723526
6560,6,1,-0.007524609565734863
6561,9,1,-0.0643017366528511
6562,5,1,-0.08269555121660233
6563,6,1,-0.046273455023765564
6564,5,1,-0.025567255914211273
6565,9,1,-0.028680473566055298
6566,1,0,-0.03372219204902649
6567,4,1,0.03567282855510712
6568,2,1,0.009308502078056335
6569,8,1,0.0044419169425964355
6570,9,1,0.01950259506702423
6571,5,1,-0.0263201966881752
6572,4,1,-0.050781503319740295
6573,7,1,-0.047842837870121
6574,0,1,-0.06295841932296753
6575,3,1,-0.010003909468650818
6576,7,1,-0.03829890489578247
6577,1,0,-0.0493272989988327
6578,6,1,-0.022049888968467712
6579,9,1,0.0017118602991104126
6580,1,0,-0.03451460599899292
6581,1,0,-0.031204596161842346
6582,4,1,-0.02246999740600586
6583,0,1,0.03586083650588989
6584,5,1,0.015696004033088684
6585,1,0,0.09255936741828918
6586,6,1,0.005682244896888733
6587,3,1,0.0676421970129013
6588,0,1,-0.02608737349510193
6589,2,1,-0.022767603397369385
6590,5,1,0.0011883378028869629
6591,5,1,-0.03793816268444061
6592,5,1,-0.001676902174949646
6593,2,1,-0.010413840413093567
6594,8,1,0.012083575129508972
6595,2,1,0.07506458461284637
6596,3,1,-0.011699393391609192
6597,1,0,0.0248803049325943
6598,6,1,-0.04878342151641846
6599,2,1,-0.03148622065782547
6600,7,1,-0.0220327228307724
6601,0,1,-0.015767797827720642
6602,8,1,-0.08801227807998657
6603,9,1,-0.009299412369728088
6604,2,1,0.020892038941383362
6605,6,1,0.01391969621181488
6606,4,1,-0.021282687783241272
6607,7,1,-0.03753022104501724
6608,5,1,0.04203541576862335
6609,5,1,-0.06476195901632309
6610,8,1,-0.05319000780582428
6611,8,1,-0.03547970950603485
6612,7,1,-0.05572015047073364
6613,8,1,-0.05284874886274338
6614,5,1,0.0016071051359176636
6615,7,1,-0.03990904241800308
6616,4,1,-0.05104149878025055
6617,4,1,-0.06799004226922989
6618,0,1,-0.030481263995170593
6619,0,1,-0.04839976131916046
6620,7,1,-0.04209589958190918
6621,0,1,0.10631796717643738
6622,4,1,-0.027418650686740875
6623,0,1,-0.05512364208698273
6624,4,1,0.02494700253009796
6625,4,1,0.029842868447303772
6626,2,1,-0.03953307867050171
6627,5,1,0.06778332591056824
6628,4,1,-0.04104939103126526
6629,0,1,0.12999583780765533
6630,7,1,0.04472915828227997
6631,7,1,-0.042330339550971985
6632,7,1,0.06945383548736572
6633,0,1,0.06421275436878204
6634,4,1,-0.007284179329872131
6635,6,1,-0.07418955117464066
6636,2,1,-0.017414137721061707
6637,9,1,-0.053329259157180786
6638,1,0,0.0035874396562576294
6639,1,0,-0.06579311937093735
6640,5,1,-0.0355721116065979
6641,0,1,-0.08011587709188461
6642,9,1,-0.016047224402427673
6643,1,0,-0.06579560041427612
6644,0,1,0.07751451432704926
6645,6,1,0.024056419730186462
6646,5,1,0.04179584980010986
6647,3,1,-0.02588202804327011
6648,0,1,-0.0430607870221138
6649,9,1,-0.054729461669921875
6650,0,1,-0.06374338269233704
6651,6,1,0.002578437328338623
6652,2,1,-0.03874139487743378
6653,0,1,0.3135645389556885
6654,4,1,-0.015082225203514099
6655,1,0,-0.0434565469622612
6656,6,1,-0.07773123681545258
6657,7,1,-0.003994271159172058
6658,6,1,-0.06432243436574936
6659,1,0,-0.01074584573507309
6660,0,1,0.020174995064735413
6661,4,1,0.020085737109184265
6662,6,1,0.04527302086353302
6663,0,1,-0.014553360641002655
6664,4,1,-0.07315868139266968
6665,4,1,0.12323053181171417
6666,2,1,-0.0521261990070343
6667,7,1,-0.028325878083705902
6668,6,1,0.024781689047813416
6669,5,1,-0.01513410359621048
6670,3,1,-0.04065973311662674
6671,5,1,-0.00035654008388519287
6672,9,1,-0.007757842540740967
6673,4,1,0.07206252217292786
6674,5,1,-0.0030044913291931152
6675,2,1,-0.0023317188024520874
6676,0,1,-0.04201051592826843
6677,5,1,0.12024886906147003
6678,7,1,-0.04173755645751953
6679,2,1,0.001070663332939148
6680,3,1,-0.040749646723270416
6681,9,1,-0.05287337303161621
6682,4,1,-0.022357702255249023
6683,5,1,-0.027728721499443054
6684,8,1,-0.06705866754055023
6685,1,0,-0.017085164785385132
6686,9,1,-0.04632286727428436
6687,3,1,0.056016191840171814
6688,1,0,0.03924272954463959
6689,8,1,-0.035220563411712646
6690,5,1,0.08387903869152069
6691,8,1,-0.04271484166383743
6692,6,1,0.005695611238479614
6693,6,1,0.015006422996520996
6694,3,1,-0.013911321759223938
6695,4,1,-0.04435914754867554
6696,0,1,0.2128937691450119
6697,2,1,-0.04673527181148529
6698,3,1,0.04215332865715027
6699,2,1,-0.02928239107131958
6700,6,1,0.05882991850376129
6701,1,0,0.01087053120136261
6702,8,1,-0.03885059058666229
6703,2,1,-0.04293607175350189
6704,1,0,-0.07689764350652695
6705,3,1,-0.016115710139274597
6706,6,1,-0.0545668751001358
6707,2,1,0.09109829366207123
6708,2,1,0.15764079988002777
6709,3,1,-0.007435590028762817
6710,3,1,-0.03198905289173126
6711,5,1,-0.022472679615020752
6712,0,1,0.1785724014043808
6713,2,1,0.050387755036354065
6714,1,0,-0.07322036474943161
6715,2,1,0.019659563899040222
6716,8,1,-0.041784271597862244
6717,0,1,-0.052327677607536316
6718,8,1,-0.034250810742378235
6719,2,1,0.1228930801153183
6720,2,1,-0.02523738145828247
6721,7,1,-0.0620027557015419
6722,3,1,-0.012993119657039642
6723,5,1,-0.04188072681427002
6724,9,1,-0.08117199689149857
6725,8,1,-0.0409715473651886
6726,3,1,0.04806476831436157
6727,6,1,-0.028001494705677032
6728,1,0,-0.028580933809280396
6729,0,1,-0.029239490628242493
6730,8,1,0.0005128532648086548
6731,6,1,0.0683431625366211
6732,3,1,-0.07213546335697174
6733,5,1,-0.07799087464809418
6734,8,1,-0.06810877472162247
6735,9,1,0.0435916930437088
6736,4,1,-0.014450594782829285
6737,8,1,0.0021295100450515747
6738,0,1,-0.03482603281736374
6739,0,1,-0.035082146525382996
6740,2,1,0.0021455585956573486
6741,9,1,-0.034160152077674866
6742,1,0,-0.022035256028175354
6743,8,1,-0.07386857271194458
6744,3,1,-0.053991787135601044
6745,7,1,0.02882564067840576
6746,2,1,-0.014147527515888214
6747,8,1,-0.06292159110307693
6748,0,1,-0.0514182448387146
6749,9,1,-0.03886480629444122
6750,4,1,-0.03106638789176941
6751,8,1,0.054502084851264954
6752,9,1,-0.06209634989500046
6753,4,1,0.000737413763999939
6754,8,1,-0.0728989914059639
6755,9,1,-0.02058437466621399
6756,5,1,-0.019477784633636475
6757,4,1,-0.007890231907367706
6758,8,1,0.09457270801067352
6759,1,0,-0.05644845962524414
6760,5,1,0.028334423899650574
6761,5,1,-0.03887587785720825
6762,7,1,-0.0548873096704483
6763,2,1,-0.03055262565612793
6764,5,1,-0.07476337999105453
6765,8,1,-0.014630734920501709
6766,8,1,-0.030406415462493896
6767,1,0,-0.008929133415222168
6768,2,1,0.013982877135276794
6769,3,1,-0.044943541288375854
6770,1,0,-0.03608810156583786
6771,5,1,0.0020746439695358276
6772,0,1,-0.038504458963871
6773,2,1,0.001787915825843811
6774,3,1,-0.000460699200630188
6775,0,1,0.022706151008605957
6776,8,1,0.006027117371559143
6777,2,1,0.017587140202522278
6778,2,1,-0.008790716528892517
6779,8,1,-0.016185447573661804
6780,7,1,0.01658107340335846
6781,3,1,-0.023081228137016296
6782,5,1,-0.0006289780139923096
6783,3,1,0.009290322661399841
6784,9,1,-0.06040450185537338
6785,6,1,0.020163550972938538
6786,3,1,0.010100692510604858
6787,5,1,-0.017162032425403595
6788,1,0,0.0008421540260314941
6789,1,0,-0.045720577239990234
6790,7,1,0.03236989676952362
6791,7,1,0.0038504600524902344
6792,3,1,-0.033517077565193176
6793,3,1,-0.06103353947401047
6794,8,1,-0.02054828405380249
6795,9,1,-0.004498422145843506
6796,6,1,-0.023084722459316254
6797,0,1,-0.02079334855079651
6798,8,1,-0.06199298053979874
6799,0,1,-0.02129431813955307
6800,6,1,0.03830274939537048
6801,6,1,0.026118174195289612
6802,4,1,-0.04456917941570282
6803,6,1,0.032467544078826904
6804,9,1,-0.030476123094558716
6805,1,0,0.008280128240585327
6806,1,0,-0.038133278489112854
6807,7,1,-0.04091323912143707
6808,0,1,-0.02783656120300293
6809,6,1,-0.008369363844394684
6810,8,1,-0.01941126585006714
6811,9,1,0.04402492940425873
6812,0,1,0.021570265293121338
6813,6,1,-0.0060903653502464294
6814,9,1,0.03686617314815521
6815,0,1,-0.05644486844539642
6816,1,0,-0.007795706391334534
6817,1,0,-0.05182965099811554
6818,7,1,-0.01191902905702591
6819,2,1,0.006188586354255676
6820,1,0,-0.02172836661338806
6821,0,1,0.03644515573978424
6822,4,1,-0.004416525363922119
6823,5,1,0.026563480496406555
6824,0,1,-0.004546895623207092
6825,3,1,-0.01105046272277832
6826,6,1,0.057650282979011536
6827,3,1,-0.013642579317092896
6828,3,1,-0.00796537846326828
6829,8,1,-0.07655709981918335
6830,1,0,-0.03161798417568207
6831,8,1,-0.08521348237991333
6832,1,0,-0.03168780356645584
6833,3,1,-0.03642293065786362
6834,1,0,-0.057356834411621094
6835,5,1,-0.025675460696220398
6836,4,1,-0.027532830834388733
6837,5,1,0.051540806889534
6838,1,0,-0.007368206977844238
6839,8,1,-0.019750520586967468
6840,9,1,-0.0179496631026268
6841,1,0,-0.014128506183624268
6842,3,1,0.03312297165393829
6843,1,0,-0.026878826320171356
6844,7,1,0.03149808943271637
6845,2,1,-0.029849514365196228
6846,9,1,-0.04120834916830063
6847,8,1,-0.04569171369075775
6848,9,1,-0.06282740831375122
6849,4,1,0.04314754903316498
6850,6,1,0.07728144526481628
6851,0,1,0.012431353330612183
6852,9,1,-0.05635035037994385
6853,4,1,-0.0485507994890213
6854,0,1,-0.026108965277671814
6855,4,1,-0.05769285559654236
6856,6,1,-0.059094034135341644
6857,2,1,-0.02539364993572235
6858,1,0,-0.02312370389699936
6859,3,1,0.026442736387252808
6860,0,1,0.20560158789157867
6861,8,1,-0.02269328385591507
6862,5,1,0.017717421054840088
6863,6,1,0.033493608236312866
6864,0,1,0.02880355715751648
6865,3,1,-0.04605937749147415
6866,4,1,-0.016772061586380005
6867,6,1,0.04413844645023346
6868,9,1,-0.006990149617195129
6869,5,1,-0.008225008845329285
6870,7,1,0.03740514814853668
6871,9,1,-0.00029093027114868164
6872,0,1,-0.015237197279930115
6873,3,1,0.0005805641412734985
6874,6,1,-0.020171694457530975
6875,5,1,-0.015684038400650024
6876,7,1,0.07363519072532654
6877,0,1,-0.05919235944747925
6878,5,1,-0.007496915757656097
6879,1,0,0.023961961269378662
6880,2,1,-0.011011943221092224
6881,2,1,-0.07866007089614868
6882,9,1,-0.06495477259159088
6883,7,1,-0.009698443114757538
6884,0,1,-0.055833011865615845
6885,0,1,-0.002044171094894409
6886,1,0,-0.059338733553886414
6887,4,1,0.054869696497917175
6888,4,1,-0.021283864974975586
6889,5,1,-0.018576517701148987
6890,5,1,0.08595885336399078
6891,9,1,-0.018672972917556763
6892,6,1,-0.04437108337879181
6893,3,1,-0.03125583380460739
6894,6,1,0.0208282470703125
6895,2,1,-0.01872478425502777
6896,6,1,-0.044678956270217896
6897,9,1,-0.025588959455490112
6898,3,1,-0.020096272230148315
6899,2,1,-0.03492608666419983
6900,3,1,-0.011678032577037811
6901,2,1,-0.07035131752490997
6902,4,1,0.018538236618041992
6903,9,1,0.022422775626182556
6904,5,1,-0.029288843274116516
6905,2,1,0.006731539964675903
6906,1,0,0.010350897908210754
6907,6,1,-0.02480674535036087
6908,6,1,0.038123562932014465
6909,4,1,0.057516977190971375
6910,7,1,-0.08796671777963638
6911,6,1,0.02661573886871338
6912,3,1,-0.04737760126590729
6913,3,1,-0.02429071068763733
6914,8,1,0.011123105883598328
6915,1,0,-0.05995132029056549
6916,4,1,-0.01700785756111145
6917,6,1,0.14378000795841217
6918,4,1,-0.0694032832980156
6919,4,1,0.030737847089767456
6920,5,1,-0.006438039243221283
6921,6,1,0.03617103397846222
6922,2,1,-0.0144854336977005
6923,0,1,0.0844813883304596
6924,5,1,-0.02275441586971283
6925,2,1,0.1278379112482071
6926,7,1,-0.026365205645561218
6927,5,1,-0.0204690620303154
6928,2,1,-0.038517169654369354
6929,5,1,-0.029520243406295776
6930,2,1,0.003411427140235901
6931,5,1,-0.021864548325538635
6932,9,1,-0.023974716663360596
6933,0,1,0.0561097115278244
6934,6,1,0.003278210759162903
6935,7,1,0.011850178241729736
6936,9,1,-0.014833465218544006
6937,8,1,0.009843111038208008
6938,3,1,-0.005406826734542847
6939,2,1,0.23064254224300385
6940,1,0,-0.044398508965969086
6941,4,1,0.033847421407699585
6942,3,1,-0.06141828000545502
6943,4,1,-0.019919291138648987
6944,5,1,-0.014935299754142761
6945,5,1,0.0035174936056137085
6946,6,1,0.013323381543159485
6947,8,1,-0.058674782514572144
6948,6,1,0.005606114864349365
6949,0,1,0.12747769057750702
6950,8,1,0.0457947701215744
6951,9,1,-0.007675245404243469
6952,8,1,-0.029189005494117737
6953,0,1,-0.034906819462776184
6954,7,1,-0.05197351425886154
6955,7,1,0.054011180996894836
6956,6,1,0.043995752930641174
6957,6,1,-0.042780548334121704
6958,7,1,0.03597809374332428
6959,5,1,-0.009555108845233917
6960,9,1,-0.0440620481967926
6961,8,1,-0.03368417173624039
6962,7,1,0.019057869911193848
6963,9,1,-0.02295304834842682
6964,5,1,-0.02615402638912201
6965,6,1,-0.04884565621614456
6966,0,1,-0.044154658913612366
6967,4,1,0.021721139550209045
6968,8,1,-0.078144371509552
6969,2,1,-0.013242781162261963
6970,0,1,1.3314019441604614
6971,9,1,-0.05085301399230957
6972,1,0,-0.061407119035720825
6973,3,1,-0.028523162007331848
6974,9,1,-0.018856100738048553
6975,8,1,-0.005231127142906189
6976,3,1,0.06591852009296417
6977,7,1,-0.003122583031654358
6978,4,1,-0.08658621460199356
6979,5,1,-0.018379583954811096
6980,0,1,-0.06458401679992676
6981,2,1,-0.02806377410888672
6982,1,0,0.01328025758266449
6983,9,1,-0.048526450991630554
6984,1,0,-0.013234555721282959
6985,0,1,-0.03789976239204407
6986,5,1,0.001958891749382019
6987,8,1,0.17659704387187958
6988,4,1,-0.02247460186481476
6989,7,1,-0.023453205823898315
6990,3,1,-0.055135197937488556
6991,1,0,0.011999189853668213
6992,4,1,-0.006204985082149506
6993,5,1,-0.05620501935482025
6994,3,1,-0.0377068966627121
6995,1,0,-0.009656742215156555
6996,0,1,-0.0032969266176223755
6997,8,1,0.12078137695789337
6998,8,1,-0.04998274892568588
6999,8,1,-0.05571559816598892
7000,2,1,0.0018135607242584229
7001,1,0,-0.01978888362646103
7002,3,1,0.032864004373550415
7003,7,1,-0.033994629979133606
7004,3,1,0.011201143264770508
7005,1,0,-0.003973975777626038
7006,6,1,0.007207244634628296
7007,9,1,-0.031594984233379364
7008,1,0,0.0859556645154953
7009,6,1,-0.014987185597419739
7010,0,1,0.05961306393146515
7011,7,1,-0.07335059344768524
7012,7,1,-0.020962178707122803
7013,1,0,-0.023904040455818176
7014,3,1,-0.02508501708507538
7015,3,1,-0.0019503086805343628
7016,3,1,-0.032388508319854736
7017,1,0,-0.016549430787563324
7018,0,1,0.059080153703689575
7019,2,1,-0.008062228560447693
7020,7,1,-0.02106250822544098
7021,1,0,-0.03264686465263367
7022,2,1,2.0523321628570557
7023,2,1,0.9841923713684082
7024,9,1,0.054186806082725525
7025,6,1,0.12148647010326385
7026,3,1,0.009830668568611145
7027,5,1,-0.019845567643642426
7028,9,1,-0.003769785165786743
7029,4,1,0.05027256906032562
7030,8,1,-0.026273101568222046
7031,0,1,-0.0013429969549179077
7032,4,1,-0.009085200726985931
7033,8,1,-0.04833288490772247
7034,0,1,0.034638985991477966
7035,1,0,-0.013522058725357056
7036,3,1,-0.007030576467514038
7037,7,1,-0.06638629734516144
7038,0,1,-0.0024516433477401733
7039,4,1,0.043764784932136536
7040,7,1,-0.04845913499593735
7041,4,1,-0.08485687524080276
7042,8,1,0.020847037434577942
7043,6,1,-0.0015295743942260742
7044,4,1,0.006386652588844299
7045,3,1,-0.04888361692428589
7046,9,1,-0.01639655977487564
7047,8,1,0.014494940638542175
7048,2,1,-0.08340982347726822
7049,2,1,0.08951710164546967
7050,8,1,-0.051070258021354675
7051,3,1,-0.021261125802993774
7052,1,0,-0.03700302541255951
7053,1,0,-0.026936203241348267
7054,2,1,-0.024064049124717712
7055,8,1,-0.049087196588516235
7056,2,1,0.14081700146198273
7057,6,1,0.02927665412425995
7058,9,1,-0.010203585028648376
7059,4,1,-0.0131659135222435
7060,8,1,-0.06844300031661987
7061,4,1,0.02386954426765442
7062,4,1,0.039164379239082336
7063,1,0,-0.013706579804420471
7064,5,1,0.0791940689086914
7065,2,1,0.004442289471626282
7066,6,1,0.018676653504371643
7067,9,1,-0.037669308483600616
7068,2,1,0.02051234245300293
7069,0,1,-0.03843611478805542
7070,7,1,-0.0412040650844574
7071,1,0,-0.03651861846446991
7072,8,1,0.0933857411146164
7073,9,1,-0.045491643249988556
7074,3,1,0.10101290047168732
7075,9,1,-0.032543525099754333
7076,9,1,-0.043389976024627686
7077,0,1,-0.0011301487684249878
7078,7,1,-0.027097031474113464
7079,7,1,0.031212374567985535
7080,5,1,0.005515530705451965
7081,4,1,-0.05740489810705185
7082,2,1,-0.0349145233631134
7083,6,1,-0.010567724704742432
7084,4,1,-0.033488623797893524
7085,5,1,0.060636237263679504
7086,7,1,-0.015686601400375366
7087,7,1,-0.05275239795446396
7088,8,1,-0.05402858555316925
7089,7,1,0.10628147423267365
7090,2,1,0.033239588141441345
7091,6,1,0.02213752269744873
7092,2,1,-0.00929626077413559
7093,2,1,-0.05594456195831299
7094,4,1,-0.05301576852798462
7095,4,1,0.0793689638376236
7096,0,1,0.11366616189479828
7097,7,1,-0.05381062626838684
7098,1,0,-0.059786416590213776
7099,3,1,-0.03421296179294586
7100,9,1,-0.06394787132740021
7101,6,1,0.05843137204647064
7102,0,1,-0.015151448547840118
7103,0,1,-0.06338703632354736
7104,2,1,0.03242044150829315
7105,3,1,0.3037118911743164
7106,8,1,-0.05289857089519501
7107,2,1,-0.0032191425561904907
7108,2,1,-0.04250697046518326
7109,4,1,-0.015627041459083557
7110,3,1,-0.04073619097471237
7111,5,1,-0.058790527284145355
7112,2,1,0.036384984850883484
7113,9,1,0.034287989139556885
7114,1,0,-0.06458178907632828
7115,0,1,-0.06168857216835022
7116,0,1,0.044697731733322144
7117,6,1,-0.04282960295677185
7118,5,1,-0.047206997871398926
7119,5,1,-0.05208725482225418
7120,7,1,0.02143794298171997
7121,9,1,-0.008536316454410553
7122,9,1,-0.012072473764419556
7123,6,1,0.0011787563562393188
7124,5,1,0.013271167874336243
7125,5,1,-0.046036526560783386
7126,0,1,-0.053609371185302734
7127,5,1,-0.030821382999420166
7128,7,1,-0.04391495883464813
7129,1,0,-0.047654107213020325
7130,6,1,-0.005370631814002991
7131,6,1,0.015052750706672668
7132,4,1,-0.06245739758014679
7133,1,0,0.028084874153137207
7134,4,1,0.025453880429267883
7135,4,1,-0.03241276741027832
7136,1,0,-0.02755369246006012
7137,5,1,-0.019425667822360992
7138,0,1,-0.07437388598918915
7139,0,1,-0.07146859914064407
7140,4,1,-0.023553617298603058
7141,5,1,-0.057682037353515625
7142,8,1,-0.02881963551044464
7143,4,1,-0.01352778822183609
7144,8,1,-0.009221367537975311
7145,3,1,-0.01864451915025711
7146,0,1,-0.08015597611665726
7147,5,1,0.05501003563404083
7148,0,1,-0.012355215847492218
7149,5,1,-0.03955533355474472
7150,3,1,0.17414917051792145
7151,1,0,-0.07707726955413818
7152,6,1,-0.017291292548179626
7153,7,1,-0.07495711743831635
7154,0,1,-0.006432875990867615
7155,9,1,0.061891838908195496
7156,1,0,-0.048664793372154236
7157,5,1,-0.038702115416526794
7158,7,1,0.06314899027347565
7159,6,1,-0.026362501084804535
7160,5,1,7.016956806182861e-05
7161,5,1,0.021054670214653015
7162,5,1,-0.0010274499654769897
7163,6,1,-0.028429850935935974
7164,0,1,0.05723677575588226
7165,0,1,0.22396846115589142
7166,1,0,-0.0031145960092544556
7167,7,1,-0.013102680444717407
7168,5,1,-0.022141069173812866
7169,1,0,-0.0002926141023635864
7170,9,1,-0.06062130630016327
7171,2,1,-0.04087977111339569
7172,4,1,0.03277693688869476
7173,1,0,-0.06422436982393265
7174,3,1,-0.004641324281692505
7175,7,1,-0.008707717061042786
7176,8,1,-0.01142747700214386
7177,2,1,0.12097646296024323
7178,0,1,-0.057535767555236816
7179,9,1,-0.014989256858825684
7180,6,1,0.015730157494544983
7181,6,1,-0.007744848728179932
7182,0,1,-0.012323260307312012
7183,6,1,0.013642281293869019
7184,5,1,0.02048303186893463
7185,8,1,-0.028679147362709045
7186,2,1,-0.04289717972278595
7187,7,1,-0.05040837079286575
7188,4,1,0.045169442892074585
7189,0,1,-0.0902114138007164
7190,2,1,-0.0021678954362869263
7191,7,1,-0.058163464069366455
7192,7,1,0.052601054310798645
7193,8,1,-0.017050758004188538
7194,8,1,-0.03149181604385376
7195,7,1,-0.03439980745315552
7196,0,1,0.061663538217544556
7197,4,1,-0.03428669273853302
7198,9,1,-0.015247531235218048
7199,1,0,-0.04585450142621994
7200,4,1,-0.04198932647705078
7201,4,1,0.04817779362201691
7202,3,1,-0.049186281859874725
7203,5,1,-0.03528091311454773
7204,4,1,-0.036685943603515625
7205,6,1,0.04784710705280304
7206,2,1,-0.028340384364128113
7207,3,1,-0.0432591438293457
7208,1,0,-0.046035036444664
7209,0,1,0.7951360940933228
7210,3,1,-0.03395718336105347
7211,3,1,-0.038084760308265686
7212,3,1,-0.0066538006067276
7213,6,1,-0.002513900399208069
7214,3,1,-0.040337979793548584
7215,1,0,-0.045725978910923004
7216,2,1,-0.021131262183189392
7217,8,1,-0.011233046650886536
7218,9,1,-0.033206433057785034
7219,7,1,0.01812894642353058
7220,9,1,-0.027693860232830048
7221,3,1,-0.05092443525791168
7222,8,1,0.30781495571136475
7223,7,1,0.02672572433948517
7224,3,1,-0.019166186451911926
7225,1,0,0.01151643693447113
7226,7,1,-0.032570742070674896
7227,7,1,-0.015397302806377411
7228,3,1,-0.04595595598220825
7229,2,1,0.04498204588890076
7230,2,1,0.025822535157203674
7231,8,1,-0.04469822347164154
7232,9,1,0.026731565594673157
7233,5,1,-0.05516675114631653
7234,9,1,-0.02480226755142212
7235,2,1,-0.018443472683429718
7236,1,0,-0.00015197694301605225
7237,7,1,-0.024741575121879578
7238,4,1,-0.029538221657276154
7239,4,1,0.00327986478805542
7240,0,1,-0.04496832937002182
7241,5,1,-0.029528863728046417
7242,7,1,0.0009484589099884033
7243,1,0,0.018032893538475037
7244,5,1,-0.02468285709619522
7245,4,1,-0.01030781865119934
7246,0,1,0.0502631813287735
7247,8,1,-0.04542548954486847
7248,4,1,-0.03455454111099243
7249,9,1,-0.07621128857135773
7250,8,1,-0.054974161088466644
7251,7,1,-0.07624675333499908
7252,8,1,-0.06242385506629944
7253,4,1,-0.029529258608818054
7254,2,1,-0.030115611851215363
7255,3,1,-0.07081134617328644
7256,4,1,-0.044836923480033875
7257,0,1,0.0050409287214279175
7258,5,1,0.017437592148780823
7259,4,1,0.048362553119659424
7260,1,0,-0.0514870211482048
7261,8,1,0.02043195068836212
7262,2,1,0.22586221992969513
7263,5,1,0.009672895073890686
7264,4,1,0.03813517093658447
7265,5,1,-0.00481627881526947
7266,2,1,0.08353666961193085
7267,5,1,-0.026652097702026367
7268,3,1,-0.04129154980182648
7269,7,1,-0.00948457419872284
7270,9,1,-0.009943604469299316
7271,7,1,-0.0018141716718673706
7272,1,0,0.015351757407188416
7273,4,1,0.004036024212837219
7274,1,0,-0.04095584154129028
7275,3,1,-0.03797496110200882
7276,1,0,-0.029253803193569183
7277,4,1,-0.013754233717918396
7278,5,1,-0.04633716493844986
7279,5,1,-0.03971312195062637
7280,1,0,-0.05254390835762024
7281,7,1,0.10799503326416016
7282,1,0,-0.034344032406806946
7283,3,1,-0.023405343294143677
7284,0,1,-0.022695764899253845
7285,1,0,-0.03692668676376343
7286,2,1,-0.02387334406375885
7287,5,1,0.03095819056034088
7288,7,1,0.02006573975086212
7289,0,1,0.25570088624954224
7290,6,1,-0.029925599694252014
7291,3,1,-0.05714826285839081
7292,5,1,-0.06242305040359497
7293,7,1,0.03627967834472656
7294,5,1,0.019729942083358765
7295,5,1,-0.02696588635444641
7296,8,1,-0.06417898088693619
7297,9,1,-0.02791057527065277
7298,4,1,-0.0036604106426239014
7299,6,1,0.007306918501853943
7300,3,1,0.005228474736213684
7301,6,1,0.020654484629631042
7302,6,1,-0.0657292976975441
7303,8,1,0.09584222733974457
7304,2,1,-0.04293469339609146
7305,6,1,-0.03888128697872162
7306,4,1,0.13629670441150665
7307,8,1,-0.02425117790699005
7308,4,1,0.024484798312187195
7309,1,0,-0.04249906539916992
7310,3,1,0.02169172465801239
7311,1,0,-0.05440466105937958
7312,2,1,0.06562329828739166
7313,3,1,-0.06840881705284119
7314,3,1,-0.040211789309978485
7315,0,1,-0.04134953022003174
7316,1,0,-0.0718926340341568
7317,6,1,-0.052237749099731445
7318,4,1,-0.005339279770851135
7319,2,1,-0.014657154679298401
7320,8,1,-0.05437326431274414
7321,2,1,0.08959877490997314
7322,4,1,-0.031671881675720215
7323,3,1,-0.05785694718360901
7324,1,0,-0.02294774353504181
7325,4,1,-0.04152408242225647
7326,4,1,-0.030106790363788605
7327,4,1,-0.011502794921398163
7328,4,1,0.02361026406288147
7329,1,0,-0.008574731647968292
7330,5,1,0.0322742760181427
7331,5,1,-0.005612686276435852
7332,7,1,-0.03775302320718765
7333,6,1,-0.030818842351436615
7334,5,1,-0.05115234851837158
7335,4,1,0.04505424201488495
7336,5,1,-0.01500314474105835
7337,6,1,0.023423567414283752
7338,5,1,-0.03897961974143982
7339,6,1,-0.040450334548950195
7340,2,1,0.030503883957862854
7341,4,1,-0.04809042811393738
7342,7,1,-0.048043668270111084
7343,7,1,-0.07774952054023743
7344,4,1,0.014764726161956787
7345,6,1,-0.061349235475063324
7346,5,1,-0.05076964199542999
7347,0,1,1.377781629562378
7348,2,1,-0.012668132781982422
7349,3,1,0.018709883093833923
7350,9,1,-0.07567295432090759
7351,2,1,-0.01388905942440033
7352,3,1,-0.03202185034751892
7353,8,1,-0.06869052350521088
7354,0,1,0.04716242849826813
7355,7,1,-0.05460360646247864
7356,0,1,0.36878520250320435
7357,6,1,-0.05853089690208435
7358,8,1,-0.06825876235961914
7359,1,0,0.0020615309476852417
7360,2,1,-0.05627262592315674
7361,8,1,-0.018779799342155457
7362,9,1,-0.035675302147865295
7363,1,0,0.004730299115180969
7364,5,1,0.07520216703414917
7365,4,1,0.005390793085098267
7366,2,1,0.028698652982711792
7367,3,1,0.019494712352752686
7368,5,1,-0.030539408326148987
7369,5,1,0.03989653289318085
7370,3,1,-0.035926684737205505
7371,6,1,-0.04844418168067932
7372,5,1,0.02057720720767975
7373,0,1,0.05743992328643799
7374,3,1,-0.04639078676700592
7375,2,1,-0.07704401016235352
7376,1,0,-0.011183962225914001
7377,3,1,0.01059502363204956
7378,3,1,-0.05359601974487305
7379,7,1,0.013703390955924988
7380,7,1,-0.039680786430835724
7381,4,1,-0.009828828275203705
7382,9,1,-0.0758015438914299
7383,4,1,0.0033414512872695923
7384,3,1,-0.06149017810821533
7385,9,1,-0.06288865208625793
7386,5,1,-0.018004365265369415
7387,1,0,-0.037405967712402344
7388,7,1,-0.04879505932331085
7389,6,1,-0.02570558339357376
7390,6,1,-0.010163113474845886
7391,4,1,-0.025552645325660706
7392,8,1,-0.06885985285043716
7393,5,1,0.05154435336589813
7394,1,0,0.02214077115058899
7395,2,1,0.02371673285961151
7396,8,1,0.01313154399394989
7397,4,1,0.08185921609401703
7398,5,1,-0.07054087519645691
7399,3,1,-0.052942343056201935
7400,3,1,0.007943078875541687
7401,3,1,-0.026959680020809174
7402,0,1,-0.03453368693590164
7403,4,1,0.007876992225646973
7404,8,1,-0.04789675772190094
7405,7,1,-0.019131168723106384
7406,7,1,0.03232027590274811
7407,9,1,-0.04208967089653015
7408,4,1,-0.029893390834331512
7409,8,1,-0.006995543837547302
7410,4,1,0.07177694141864777
7411,5,1,-0.008731208741664886
7412,9,1,0.010859504342079163
7413,1,0,-0.024974018335342407
7414,8,1,-0.07300429791212082
7415,3,1,-0.039149731397628784
7416,1,0,-0.00740668922662735
7417,3,1,-0.01145179569721222
7418,8,1,-0.015626683831214905
7419,0,1,0.05026610195636749
7420,3,1,0.015677541494369507
7421,5,1,-0.03685557097196579
7422,4,1,-0.029820211231708527
7423,6,1,-0.011787697672843933
7424,9,1,-0.021182887256145477
7425,2,1,-0.04865249991416931
7426,7,1,-0.008132606744766235
7427,2,1,-0.009948000311851501
7428,0,1,-0.0028744488954544067
7429,5,1,0.028640449047088623
7430,2,1,0.0048259347677230835
7431,9,1,-0.06315949559211731
7432,7,1,-0.053973838686943054
7433,5,1,-0.032561659812927246
7434,0,1,-0.005735680460929871
7435,7,1,-0.0023823827505111694
7436,0,1,-0.08203384280204773
7437,3,1,0.032468780875205994
7438,5,1,-0.07586674392223358
7439,5,1,-0.028840690851211548
7440,3,1,0.021836847066879272
7441,8,1,-0.036159537732601166
7442,7,1,0.0014505237340927124
7443,7,1,0.06141206622123718
7444,9,1,0.01719897985458374
7445,6,1,-0.04169826954603195
7446,5,1,0.0625278651714325
7447,8,1,-0.035319194197654724
7448,9,1,-0.031473152339458466
7449,0,1,-0.009893521666526794
7450,1,0,-0.06174340844154358
7451,9,1,0.001621335744857788
7452,4,1,0.02517859637737274
7453,0,1,0.0026613324880599976
7454,0,1,-0.05647972971200943
7455,1,0,-0.06017041951417923
7456,7,1,-0.05506199598312378
7457,2,1,-0.006139859557151794
7458,2,1,0.007197529077529907
7459,8,1,-0.05857844650745392
7460,5,1,-0.04533784091472626
7461,9,1,-0.040764786303043365
7462,8,1,-0.04502160847187042
7463,2,1,-0.00412750244140625
7464,8,1,-0.07779185473918915
7465,0,1,0.02070295810699463
7466,6,1,-0.010823525488376617
7467,6,1,0.008654966950416565
7468,8,1,-0.03403820842504501
7469,6,1,-0.03310270607471466
7470,9,1,0.1530148833990097
7471,6,1,-0.0041085779666900635
7472,1,0,0.021395757794380188
7473,1,0,0.013619974255561829
7474,5,1,-0.03222741186618805
7475,3,1,-0.044894829392433167
7476,5,1,-0.025268808007240295
7477,0,1,-0.05056430399417877
7478,7,1,-0.03583477437496185
7479,6,1,-0.016497716307640076
7480,1,0,-0.07606062293052673
7481,4,1,0.009121224284172058
7482,4,1,0.07361213862895966
7483,1,0,-0.03500260412693024
7484,1,0,-0.03734348714351654
7485,8,1,-0.0806746855378151
7486,1,0,-0.028388649225234985
7487,1,0,-0.03567948192358017
7488,2,1,-0.024625666439533234
7489,3,1,-0.03083232045173645
7490,4,1,-0.04804924130439758
7491,9,1,0.0070117563009262085
7492,9,1,0.010532990097999573
7493,5,1,-0.05079272389411926
7494,2,1,-0.021443814039230347
7495,7,1,-0.032966479659080505
7496,3,1,0.02856077253818512
7497,3,1,0.03429447114467621
7498,6,1,0.0224371999502182
7499,9,1,-0.026272982358932495
7500,6,1,-0.04647661745548248
7501,9,1,-0.04949218034744263
7502,8,1,-0.048267967998981476
7503,8,1,-0.08231709897518158
7504,6,1,-0.011913985013961792
7505,7,1,0.00101567804813385
7506,4,1,-0.035687461495399475
7507,7,1,0.05596119165420532
7508,2,1,-0.03858266770839691
7509,3,1,-0.024306446313858032
7510,8,1,-0.04712221026420593
7511,0,1,-0.04255993664264679
7512,9,1,-0.03447373956441879
7513,0,1,-0.005837306380271912
7514,7,1,-0.01606890559196472
7515,8,1,-0.04203498363494873
7516,1,0,-0.03491540998220444
7517,2,1,0.00647677481174469
7518,3,1,0.048609957098960876
7519,2,1,-0.0028702467679977417
7520,4,1,0.021802037954330444
7521,2,1,-0.000920608639717102
7522,9,1,-0.041309207677841187
7523,0,1,0.10773853957653046
7524,3,1,-0.032434120774269104
7525,8,1,-0.04654605686664581
7526,9,1,-0.07448822259902954
7527,6,1,-0.03077731281518936
7528,5,1,-0.007181622087955475
7529,5,1,-0.037580154836177826
7530,2,1,0.10117271542549133
7531,4,1,-0.0047545284032821655
7532,1,0,-0.041535042226314545
7533,0,1,-0.058030351996421814
7534,6,1,0.03865300118923187
7535,1,0,0.010850593447685242
7536,8,1,-0.0704822987318039
7537,4,1,-0.008776240050792694
7538,5,1,0.016798987984657288
7539,5,1,-0.021484307944774628
7540,5,1,-0.047745153307914734
7541,0,1,0.03412102162837982
7542,8,1,-0.01002553105354309
7543,9,1,-0.069389209151268
7544,0,1,-0.025110900402069092
7545,5,1,0.024004071950912476
7546,7,1,-0.08095727860927582
7547,9,1,-0.05928674340248108
7548,6,1,-0.008192390203475952
7549,3,1,0.04321493208408356
7550,4,1,-0.05725812911987305
7551,6,1,-0.016505107283592224
7552,4,1,-0.07974492013454437
7553,9,1,-0.007123075425624847
7554,7,1,-0.020673558115959167
7555,1,0,-0.03627251833677292
7556,2,1,-0.04545284062623978
7557,5,1,0.021168753504753113
7558,2,1,0.04618947207927704
7559,8,1,-0.04557395726442337
7560,0,1,0.003933116793632507
7561,2,1,0.024089530110359192
7562,2,1,0.01061837375164032
7563,9,1,-0.046802595257759094
7564,8,1,-0.003113269805908203
7565,1,0,-0.0415915846824646
7566,9,1,-0.056690335273742676
7567,7,1,-0.0016544461250305176
7568,7,1,-0.0040480345487594604
7569,3,1,-0.0377604216337204
7570,1,0,-0.03119543194770813
7571,4,1,0.01328645646572113
7572,1,0,0.005607709288597107
7573,1,0,0.019808679819107056
7574,3,1,0.009281173348426819
7575,8,1,-0.00861617922782898
7576,8,1,-0.02622140944004059
7577,1,0,-0.03681410849094391
7578,9,1,0.018808290362358093
7579,3,1,-0.04960773140192032
7580,8,1,-0.04253220558166504
7581,9,1,-0.024963535368442535
7582,5,1,-0.059457048773765564
7583,1,0,0.013249412178993225
7584,1,0,-0.062083497643470764
7585,6,1,0.0021873265504837036
7586,2,1,-0.018274575471878052
7587,7,1,0.02738802134990692
7588,2,1,-0.0022211670875549316
7589,6,1,-0.04494795203208923
7590,2,1,-0.002061620354652405
7591,6,1,-0.012633949518203735
7592,9,1,-0.052898406982421875
7593,6,1,-0.05595364421606064
7594,0,1,0.022720858454704285
7595,1,0,-0.043332912027835846
7596,3,1,0.014601185917854309
7597,9,1,-0.04348906874656677
7598,3,1,-0.026373229920864105
7599,8,1,-0.02822631597518921
7600,8,1,0.009970173239707947
7601,8,1,-0.021976061165332794
7602,2,1,-0.033985719084739685
7603,9,1,-0.022297360002994537
7604,1,0,-0.05254568159580231
7605,2,1,0.016794413328170776
7606,6,1,0.0014344900846481323
7607,0,1,-0.04610571265220642
7608,5,1,0.01768539845943451
7609,0,1,-0.04259003698825836
7610,7,1,-0.04472485929727554
7611,7,1,0.06983838975429535
7612,7,1,-0.04448288679122925
7613,9,1,0.008244335651397705
7614,4,1,-0.01813715696334839
7615,5,1,-0.036903008818626404
7616,0,1,0.002987504005432129
7617,2,1,0.021313533186912537
7618,3,1,0.014726832509040833
7619,5,1,0.10919657349586487
7620,5,1,-0.021925367414951324
7621,8,1,-0.04918058216571808
7622,9,1,-0.05937197804450989
7623,1,0,-0.002073332667350769
7624,2,1,0.24219270050525665
7625,7,1,-0.013734817504882812
7626,1,0,0.00501425564289093
7627,3,1,-0.0365028977394104
7628,4,1,0.016825184226036072
7629,6,1,-0.07179570198059082
7630,9,1,-0.07421105355024338
7631,1,0,-0.046938881278038025
7632,0,1,-0.037470996379852295
7633,7,1,-0.04636681079864502
7634,1,0,-0.05382362753152847
7635,9,1,-0.08181484788656235
7636,5,1,0.0702313482761383
7637,8,1,-0.017210453748703003
7638,1,0,0.03135634958744049
7639,9,1,-0.038105979561805725
7640,9,1,-0.01985567808151245
7641,7,1,-0.04556871950626373
7642,9,1,0.0734153538942337
7643,8,1,-0.03405442833900452
7644,3,1,-0.060682326555252075
7645,0,1,0.2131296545267105
7646,2,1,-0.0412047803401947
7647,6,1,-0.02776426076889038
7648,0,1,-0.011389471590518951
7649,2,1,-0.015135616064071655
7650,2,1,0.1135052740573883
7651,4,1,0.03535988926887512
7652,0,1,-0.06688563525676727
7653,8,1,-0.034004852175712585
7654,4,1,0.010572582483291626
7655,8,1,-0.018548637628555298
7656,1,0,-0.057113759219646454
7657,2,1,0.011445507407188416
7658,7,1,0.05033859610557556
7659,2,1,0.02798198163509369
7660,7,1,-0.022232741117477417
7661,9,1,-0.04115232080221176
7662,5,1,-0.02799253910779953
7663,2,1,-0.039099663496017456
7664,2,1,0.0628015547990799
7665,9,1,-0.05277431011199951
7666,2,1,-0.02694067358970642
7667,6,1,-0.012506306171417236
7668,5,1,0.05749088525772095
7669,7,1,0.19020260870456696
7670,2,1,0.06772197782993317
7671,5,1,-0.026039250195026398
7672,6,1,0.0027892738580703735
7673,5,1,-0.035976141691207886
7674,1,0,-0.04851424694061279
7675,8,1,-0.05554233491420746
7676,2,1,-0.031390681862831116
7677,6,1,-0.03831937909126282
7678,8,1,-0.07284556329250336
7679,6,1,-0.01382744312286377
7680,3,1,-0.032397180795669556
7681,0,1,0.038474589586257935
7682,8,1,-0.0787438228726387
7683,0,1,-0.04928538203239441
7684,0,1,0.1889583319425583
7685,9,1,0.03743140399456024
7686,9,1,-0.0605151429772377
7687,6,1,-0.005472332239151001
7688,8,1,0.008965745568275452
7689,0,1,-0.0073218196630477905
7690,6,1,-0.043582938611507416
7691,6,1,-0.04482041299343109
7692,0,1,-0.0555252879858017
7693,7,1,0.1515687257051468
7694,9,1,-0.036996930837631226
7695,8,1,-0.07085690647363663
7696,0,1,0.01952405273914337
7697,5,1,-0.007557347416877747
7698,0,1,0.010725781321525574
7699,9,1,-0.07171641290187836
7700,6,1,0.0036434680223464966
7701,0,1,0.03216393291950226
7702,4,1,-0.039597705006599426
7703,7,1,0.023133471608161926
7704,1,0,-0.04288680851459503
7705,7,1,0.03635384142398834
7706,8,1,0.020590633153915405
7707,8,1,0.009332224726676941
7708,2,1,0.031530871987342834
7709,3,1,0.04752610623836517
7710,9,1,-0.03474707901477814
7711,6,1,-0.02824392169713974
7712,5,1,-0.04784846305847168
7713,5,1,0.042995765805244446
7714,3,1,-0.04385705292224884
7715,1,0,-0.05527499318122864
7716,5,1,-0.021778814494609833
7717,3,1,0.004645809531211853
7718,0,1,-0.07999512553215027
7719,2,1,0.13238947093486786
7720,5,1,-0.015406541526317596
7721,2,1,-0.005349189043045044
7722,7,1,-0.026083901524543762
7723,3,1,-0.010945096611976624
7724,8,1,-0.03655429184436798
7725,4,1,-0.05223636329174042
7726,4,1,0.008070692420005798
7727,6,1,-0.04976010322570801
7728,1,0,-0.0393337681889534
7729,9,1,-0.0638275071978569
7730,4,1,-0.04229772090911865
7731,1,0,-0.04153941571712494
7732,7,1,0.0023453980684280396
7733,0,1,0.019533514976501465
7734,1,0,-0.03705050051212311
7735,4,1,0.2663155198097229
7736,3,1,-0.013145342469215393
7737,0,1,-0.039730146527290344
7738,2,1,0.04796363413333893
7739,9,1,-0.04230376332998276
7740,4,1,-0.022076226770877838
7741,5,1,-0.004941150546073914
7742,0,1,0.0834033340215683
7743,3,1,-0.02645181119441986
7744,4,1,-0.012020140886306763
7745,7,1,-0.04854924976825714
7746,2,1,0.14647577702999115
7747,3,1,0.001871064305305481
7748,0,1,0.011558040976524353
7749,1,0,-0.07969218492507935
7750,3,1,0.023931637406349182
7751,7,1,-0.05068325996398926
7752,9,1,-0.03065851330757141
7753,9,1,-0.008907712996006012
7754,0,1,-0.07228700071573257
7755,7,1,-0.04006373882293701
7756,5,1,-0.022008150815963745
7757,6,1,-0.012151271104812622
7758,7,1,0.09079256653785706
7759,1,0,-0.03614109009504318
7760,2,1,-0.029139310121536255
7761,2,1,0.05485580861568451
7762,7,1,0.016958892345428467
7763,4,1,-0.05198986083269119
7764,6,1,-0.020093224942684174
7765,8,1,-0.029537230730056763
7766,4,1,0.001945987343788147
7767,9,1,-0.04686732590198517
7768,8,1,-0.061451636254787445
7769,4,1,0.1465025693178177
7770,9,1,-0.08169715106487274
7771,2,1,-0.04386267066001892
7772,3,1,-0.06203090399503708
7773,4,1,-0.00442369282245636
7774,0,1,-0.06024462729692459
7775,2,1,-0.00973142683506012
7776,5,1,-0.05235780030488968
7777,6,1,-0.023601092398166656
7778,0,1,0.011657699942588806
7779,5,1,-0.0340811163187027
7780,3,1,-0.03866225481033325
7781,5,1,0.12405116856098175
7782,8,1,-0.044393450021743774
7783,3,1,-0.017719611525535583
7784,7,1,0.01682513952255249
7785,4,1,0.0643223375082016
7786,9,1,-0.04740114510059357
7787,5,1,-0.05441676080226898
7788,6,1,-0.013870656490325928
7789,3,1,-0.03155452013015747
7790,8,1,0.008704707026481628
7791,6,1,0.04691596329212189
7792,9,1,0.044239237904548645
7793,8,1,-0.041039906442165375
7794,5,1,-0.027375459671020508
7795,5,1,-0.010563872754573822
7796,8,1,-0.08771660178899765
7797,3,1,-0.012815505266189575
7798,5,1,-0.021946996450424194
7799,9,1,0.051441118121147156
7800,0,1,0.051536694169044495
7801,4,1,0.020261600613594055
7802,2,1,0.04031284153461456
7803,0,1,0.29405224323272705
7804,5,1,0.04019232094287872
7805,9,1,0.004820272326469421
7806,9,1,-0.02182166278362274
7807,3,1,-0.041398271918296814
7808,8,1,-0.038540758192539215
7809,0,1,0.013667896389961243
7810,6,1,0.02656586468219757
7811,0,1,0.0036701560020446777
7812,2,1,0.1554517298936844
7813,3,1,0.069546639919281
7814,7,1,-0.009847640991210938
7815,0,1,0.016271725296974182
7816,0,1,-0.025655850768089294
7817,6,1,-0.0291520357131958
7818,9,1,-0.04148420691490173
7819,1,0,0.01759721338748932
7820,5,1,-0.06431116908788681
7821,2,1,-0.027047567069530487
7822,2,1,0.06894904375076294
7823,7,1,0.0636737197637558
7824,9,1,-0.05302417278289795
7825,3,1,-0.04971238970756531
7826,9,1,-0.05523419380187988
7827,3,1,0.018849074840545654
7828,5,1,-0.06365455687046051
7829,2,1,0.09251590073108673
7830,2,1,-0.03733225166797638
7831,2,1,-0.0027588754892349243
7832,8,1,-0.05017589032649994
7833,8,1,-0.01431947946548462
7834,5,1,-0.0030881762504577637
7835,0,1,0.050306037068367004
7836,0,1,0.01129983365535736
7837,7,1,-0.010834231972694397
7838,0,1,-0.0386708527803421
7839,3,1,-0.06043880432844162
7840,1,0,-0.053710728883743286
7841,6,1,-0.05150093138217926
7842,5,1,0.024939462542533875
7843,0,1,0.014829233288764954
7844,9,1,-0.010015033185482025
7845,2,1,0.1165294200181961
7846,6,1,-0.010108157992362976
7847,7,1,-0.014981269836425781
7848,4,1,0.0034630000591278076
7849,2,1,0.08881698548793793
7850,0,1,-0.07848012447357178
7851,0,1,0.024919509887695312
7852,5,1,0.05521856248378754
7853,3,1,0.23632417619228363
7854,3,1,-0.060751110315322876
7855,2,1,0.0739714652299881
7856,6,1,-0.027997754514217377
7857,4,1,0.0184343159198761
7858,2,1,-0.03838486969470978
7859,7,1,-0.05615231394767761
7860,8,1,-0.029782429337501526
7861,0,1,-0.005117520689964294
7862,1,0,-0.03539423644542694
7863,0,1,-0.04251536726951599
7864,1,0,-0.05027170479297638
7865,3,1,-0.00926276296377182
7866,6,1,0.07314406335353851
7867,4,1,-0.07977786660194397
7868,8,1,-0.055320680141448975
7869,0,1,0.016290470957756042
7870,6,1,0.020367130637168884
7871,0,1,-0.00023342669010162354
7872,9,1,-0.05645504593849182
7873,1,0,-0.008448421955108643
7874,6,1,-0.03257669508457184
7875,2,1,-0.02791355550289154
7876,1,0,-0.05780370533466339
7877,0,1,-0.009012594819068909
7878,1,0,-0.04364922642707825
7879,3,1,0.008482664823532104
7880,0,1,-0.038544125854969025
7881,3,1,0.034222885966300964
7882,7,1,0.018285199999809265
7883,9,1,-0.0064000338315963745
7884,9,1,0.006236061453819275
7885,3,1,-0.0052785724401474
7886,7,1,-0.02370397001504898
7887,5,1,0.012846603989601135
7888,7,1,-0.02246418595314026
7889,1,0,-0.01391497254371643
7890,6,1,0.01876293122768402
7891,6,1,-0.04126497358083725
7892,1,0,0.12273772060871124
7893,1,0,-0.06088296324014664
7894,1,0,-0.049281150102615356
7895,4,1,-0.03008285164833069
7896,4,1,0.2134300023317337
7897,2,1,0.007752120494842529
7898,1,0,-0.022623509168624878
7899,7,1,-0.03500184416770935
7900,0,1,-0.00397258996963501
7901,1,0,-0.03444132208824158
7902,2,1,0.013233229517936707
7903,1,0,-0.04646573215723038
7904,1,0,-0.04910796880722046
7905,3,1,0.01567290723323822
7906,2,1,-0.03038296103477478
7907,6,1,-0.0016558915376663208
7908,9,1,-0.031576499342918396
7909,1,0,-0.03556641936302185
7910,3,1,-0.06432068347930908
7911,2,1,-0.035825833678245544
7912,0,1,-0.04214751720428467
7913,8,1,-0.013261072337627411
7914,7,1,0.027091965079307556
7915,3,1,-0.022219374775886536
7916,4,1,0.004841014742851257
7917,6,1,-0.06344358623027802
7918,4,1,0.011508122086524963
7919,6,1,-0.03296011686325073
7920,9,1,-0.024871252477169037
7921,4,1,0.03635282814502716
7922,8,1,-0.018506035208702087
7923,9,1,-0.0035468190908432007
7924,3,1,0.02139727771282196
7925,0,1,-0.04423004388809204
7926,5,1,-0.00029477477073669434
7927,7,1,-0.035501860082149506
7928,2,1,0.10349081456661224
7929,0,1,0.015407130122184753
7930,2,1,-0.00447651743888855
7931,9,1,0.005885601043701172
7932,9,1,0.0004302114248275757
7933,3,1,0.03317354619503021
7934,8,1,-0.06766702234745026
7935,7,1,0.10073859989643097
7936,1,0,0.027423888444900513
7937,1,0,-0.031414881348609924
7938,2,1,0.08111916482448578
7939,2,1,-0.03095100075006485
7940,2,1,0.015325650572776794
7941,5,1,0.025075450539588928
7942,9,1,0.018537864089012146
7943,1,0,-0.024893686175346375
7944,2,1,0.08374056220054626
7945,6,1,0.0346594899892807
7946,1,0,0.0652972012758255
7947,2,1,-0.005339071154594421
7948,1,0,0.021523863077163696
7949,8,1,-0.07254179567098618
7950,9,1,-0.06049289554357529
7951,2,1,-0.06033138930797577
7952,3,1,0.1453903764486313
7953,1,0,-0.029727667570114136
7954,9,1,-0.05089966952800751
7955,9,1,-0.02954082190990448
7956,4,1,-0.012092478573322296
7957,4,1,0.01392655074596405
7958,5,1,-0.03447428345680237
7959,5,1,0.029436424374580383
7960,0,1,0.0072745680809021
7961,3,1,0.03692980110645294
7962,3,1,-0.03177574276924133
7963,7,1,-0.04092073440551758
7964,1,0,-0.02194112539291382
7965,7,1,-0.0287773460149765
7966,7,1,-0.05127595365047455
7967,9,1,-0.011210285127162933
7968,8,1,-0.0408736988902092
7969,6,1,0.0023101717233657837
7970,3,1,0.006853654980659485
7971,5,1,-0.01794292777776718
7972,5,1,-0.027401655912399292
7973,1,0,-0.0019426345825195312
7974,6,1,0.006928369402885437
7975,2,1,-0.010512366890907288
7976,7,1,0.010469630360603333
7977,8,1,-0.06672044843435287
7978,4,1,-0.05785123258829117
7979,3,1,-0.049069568514823914
7980,3,1,-0.01860843598842621
7981,5,1,0.039984166622161865
7982,9,1,-0.0057208240032196045
7983,6,1,0.060895368456840515
7984,8,1,-0.0009696930646896362
7985,5,1,-0.06400325894355774
7986,1,0,-0.0660281851887703
7987,0,1,0.23302806913852692
7988,6,1,-0.019551455974578857
7989,7,1,-0.010703161358833313
7990,0,1,0.027789592742919922
7991,9,1,-0.007021881639957428
7992,6,1,0.007482931017875671
7993,2,1,-0.044609181582927704
7994,0,1,0.2603291869163513
7995,8,1,-0.06788961589336395
7996,7,1,0.06692926585674286
7997,1,0,-0.07329399138689041
7998,2,1,0.07010437548160553
7999,6,1,0.05899767577648163
8000,9,1,-0.028363049030303955
8001,1,0,0.0019584745168685913
8002,6,1,0.03183729946613312
8003,4,1,-0.037568867206573486
8004,7,1,-0.06664527207612991
8005,1,0,-0.06763549894094467
8006,9,1,0.016905561089515686
8007,0,1,0.022852003574371338
8008,0,1,0.05273173749446869
8009,5,1,-0.014859139919281006
8010,2,1,-0.009245678782463074
8011,8,1,0.015915915369987488
8012,3,1,-0.0011407732963562012
8013,8,1,-0.04658611863851547
8014,2,1,-0.04619009047746658
8015,8,1,-0.02836129069328308
8016,4,1,0.020252183079719543
8017,0,1,0.0696922093629837
8018,8,1,-0.033166706562042236
8019,3,1,-0.07645721733570099
8020,6,1,-0.05596477538347244
8021,1,0,-0.08067828416824341
8022,2,1,0.04694008827209473
8023,3,1,-0.024261772632598877
8024,0,1,-0.00601544976234436
8025,5,1,-0.024255648255348206
8026,0,1,-0.055808208882808685
8027,4,1,0.008326992392539978
8028,1,0,-0.03176199644804001
8029,7,1,-0.03217954933643341
8030,2,1,-0.07023632526397705
8031,0,1,-0.010147273540496826
8032,1,0,0.013982906937599182
8033,3,1,-0.0007505863904953003
8034,9,1,-0.006503701210021973
8035,1,0,-0.016671255230903625
8036,6,1,-0.06650245189666748
8037,1,0,-0.012734420597553253
8038,6,1,0.006666004657745361
8039,1,0,-0.05323697626590729
8040,2,1,0.02937832474708557
8041,8,1,0.008776888251304626
8042,7,1,0.04717777669429779
8043,0,1,0.03162112832069397
8044,9,1,0.004766866564750671
8045,5,1,-0.0334334671497345
8046,8,1,-0.0022174715995788574
8047,0,1,-0.06842528283596039
8048,0,1,0.19962091743946075
8049,1,0,-0.02861262857913971
8050,7,1,0.013191938400268555
8051,9,1,0.048925504088401794
8052,7,1,0.074761763215065
8053,1,0,-0.03311603516340256
8054,9,1,-0.03753870725631714
8055,2,1,-0.026145711541175842
8056,1,0,-0.0064468830823898315
8057,9,1,-0.05198408663272858
8058,4,1,-0.061838895082473755
8059,3,1,-0.058024704456329346
8060,6,1,-0.03262760490179062
8061,0,1,0.6172031760215759
8062,2,1,0.05018167197704315
8063,0,1,0.04984371364116669
8064,0,1,0.07416439056396484
8065,9,1,-0.0013979971408843994
8066,9,1,-0.01602090150117874
8067,8,1,-0.04866618663072586
8068,9,1,-0.010462760925292969
8069,4,1,-0.03910936415195465
8070,5,1,-0.046729445457458496
8071,4,1,-0.05712701380252838
8072,3,1,-0.006860390305519104
8073,0,1,-0.03995692729949951
8074,7,1,-0.0357377827167511
8075,8,1,-0.07596918940544128
8076,7,1,0.01322685182094574
8077,3,1,6.251037120819092e-05
8078,7,1,0.017282068729400635
8079,5,1,0.009486734867095947
8080,4,1,0.005142867565155029
8081,6,1,0.041918590664863586
8082,5,1,0.027849480509757996
8083,9,1,-0.03170853853225708
8084,5,1,-0.05496111512184143
8085,2,1,-0.019182726740837097
8086,4,1,0.06170184910297394
8087,2,1,-0.02639000117778778
8088,7,1,0.022801294922828674
8089,9,1,-0.037619590759277344
8090,6,1,-0.029831334948539734
8091,7,1,0.01926758885383606
8092,4,1,-0.009890064597129822
8093,7,1,0.001498192548751831
8094,1,0,-0.005087301135063171
8095,2,1,0.15112270414829254
8096,3,1,0.0016360431909561157
8097,1,0,-0.0286710262298584
8098,1,0,-0.022151395678520203
8099,3,1,-0.041062988340854645
8100,6,1,0.023675695061683655
8101,8,1,-0.04277300089597702
8102,3,1,-0.02072017639875412
8103,7,1,-0.042490050196647644
8104,7,1,0.009067639708518982
8105,0,1,-0.06225462257862091
8106,8,1,-0.082233726978302
8107,1,0,-0.02506561577320099
8108,5,1,-0.03770303726196289
8109,2,1,-0.028593286871910095
8110,5,1,0.10013355314731598
8111,5,1,-0.014870300889015198
8112,3,1,-0.04626329243183136
8113,6,1,0.026891395449638367
8114,3,1,-0.04103716462850571
8115,5,1,-0.023885488510131836
8116,9,1,-0.05127592384815216
8117,8,1,-0.03129403293132782
8118,4,1,-0.017788507044315338
8119,6,1,0.03452388942241669
8120,8,1,-0.048599228262901306
8121,0,1,-0.02196463942527771
8122,4,1,-0.005475476384162903
8123,1,0,-0.012114107608795166
8124,7,1,-0.01742805540561676
8125,8,1,-0.05286687612533569
8126,4,1,-0.06671569496393204
8127,9,1,-0.0010796338319778442
8128,7,1,-0.0257580429315567
8129,2,1,-0.057378754019737244
8130,6,1,-0.017182722687721252
8131,3,1,0.01471555233001709
8132,8,1,-0.05069204419851303
8133,8,1,-0.06711983680725098
8134,6,1,0.132284477353096
8135,7,1,-0.028636403381824493
8136,3,1,-0.026626266539096832
8137,8,1,-0.030719250440597534
8138,1,0,-0.01705937087535858
8139,1,0,-0.0324859619140625
8140,5,1,-0.03171265870332718
8141,3,1,-0.006003260612487793
8142,7,1,0.2207062989473343
8143,9,1,-0.031144268810749054
8144,9,1,-0.04049566388130188
8145,9,1,-0.0203249454498291
8146,8,1,-0.03868979215621948
8147,5,1,0.04667869210243225
8148,9,1,0.03733913600444794
8149,9,1,-0.08314811438322067
8150,6,1,-0.0010028630495071411
8151,8,1,-0.0526643842458725
8152,8,1,0.028457775712013245
8153,4,1,0.3843279480934143
8154,8,1,-0.05187606066465378
8155,1,0,-0.03375273942947388
8156,0,1,-0.03518453240394592
8157,1,0,-0.04911140352487564
8158,8,1,-0.029276087880134583
8159,8,1,-0.00625215470790863
8160,6,1,-0.012928374111652374
8161,5,1,-0.052097514271736145
8162,9,1,-0.032072655856609344
8163,0,1,-0.01570657640695572
8164,6,1,-0.03337988257408142
8165,1,0,-0.03664790093898773
8166,2,1,0.018481478095054626
8167,6,1,0.026226922869682312
8168,6,1,0.0051864683628082275
8169,3,1,-0.0050270408391952515
8170,5,1,-0.05071873962879181
8171,6,1,-0.06324887275695801
8172,5,1,-0.002278238534927368
8173,5,1,0.04601849615573883
8174,3,1,0.06007996201515198
8175,3,1,0.07341019809246063
8176,6,1,0.032472655177116394
8177,8,1,-0.0014600306749343872
8178,9,1,-0.03324570506811142
8179,4,1,-0.055000707507133484
8180,4,1,-0.03609049320220947
8181,3,1,-0.016338594257831573
8182,8,1,-0.08010528236627579
8183,3,1,-0.023739449679851532
8184,6,1,-0.019513487815856934
8185,0,1,-0.039210349321365356
8186,8,1,-0.05260714888572693
8187,5,1,-0.024183958768844604
8188,7,1,-0.021038249135017395
8189,8,1,-0.027350589632987976
8190,4,1,0.014615193009376526
8191,6,1,0.0014058500528335571
8192,5,1,-0.026337459683418274
8193,3,1,-0.024068839848041534
8194,1,0,-0.045703016221523285
8195,8,1,-0.08029428124427795
8196,3,1,-0.05822410434484482
8197,0,1,-0.032397955656051636
8198,4,1,-0.0022069066762924194
8199,4,1,0.028273388743400574
8200,3,1,-0.005091771483421326
8201,3,1,-0.04804292321205139
8202,5,1,0.05604103207588196
8203,3,1,-0.0031869858503341675
8204,3,1,0.04404275119304657
8205,2,1,-0.0062062740325927734
8206,7,1,-0.08510991930961609
8207,7,1,-0.016372695565223694
8208,8,1,-0.0768546462059021
8209,2,1,-0.00299091637134552
8210,0,1,0.09350894391536713
8211,5,1,-0.02941714972257614
8212,5,1,-0.06489310413599014
8213,6,1,-0.056574419140815735
8214,1,0,-0.023632749915122986
8215,1,0,0.05142022669315338
8216,3,1,-0.05528591573238373
8217,9,1,-0.04700356721878052
8218,9,1,0.06333263218402863
8219,3,1,-0.047726452350616455
8220,6,1,0.020494788885116577
8221,7,1,0.03767724335193634
8222,1,0,0.012249097228050232
8223,8,1,-0.07418683171272278
8224,3,1,-0.013910949230194092
8225,9,1,-0.01738932728767395
8226,8,1,0.08385962247848511
8227,7,1,-0.05633769929409027
8228,8,1,0.019661352038383484
8229,8,1,-0.010172225534915924
8230,0,1,0.062128469347953796
8231,3,1,0.01293027400970459
8232,2,1,-0.048225753009319305
8233,4,1,0.03972616791725159
8234,8,1,-0.04906456917524338
8235,7,1,0.02273760735988617
8236,5,1,-0.06841421127319336
8237,7,1,0.09693841636180878
8238,1,0,-0.042410627007484436
8239,8,1,-0.013190686702728271
8240,7,1,-0.012320324778556824
8241,3,1,0.12489683926105499
8242,5,1,0.012139782309532166
8243,4,1,0.07513345777988434
8244,4,1,-0.05989563465118408
8245,3,1,-0.05404442548751831
8246,8,1,-0.03977879881858826
8247,6,1,0.022434338927268982
8248,1,0,-0.008044704794883728
8249,1,0,-0.08184244483709335
8250,6,1,-0.007421433925628662
8251,3,1,-0.005903467535972595
8252,2,1,0.06985993683338165
8253,2,1,0.14765532314777374
8254,8,1,-0.056281447410583496
8255,9,1,0.02184465527534485
8256,8,1,-0.04213694483041763
8257,3,1,0.04220406711101532
8258,3,1,-0.03344375640153885
8259,8,1,0.01700054109096527
8260,1,0,-0.050755396485328674
8261,1,0,-0.03873171657323837
8262,0,1,-0.04758366942405701
8263,5,1,0.029017195105552673
8264,2,1,0.01912464201450348
8265,0,1,-0.08576786518096924
8266,5,1,0.004571974277496338
8267,0,1,-0.04441079497337341
8268,5,1,-0.004540890455245972
8269,8,1,-0.016395941376686096
8270,6,1,-0.04238884150981903
8271,3,1,-0.0005847513675689697
8272,9,1,0.052491649985313416
8273,6,1,-0.01993536949157715
8274,6,1,-0.029253676533699036
8275,3,1,-0.05294446647167206
8276,9,1,-0.05459308624267578
8277,4,1,0.020614847540855408
8278,8,1,0.018338516354560852
8279,3,1,-0.03438210487365723
8280,4,1,-0.0660356655716896
8281,3,1,-0.06092201918363571
8282,1,0,-0.08480805158615112
8283,1,0,-0.05696643143892288
8284,2,1,-0.03733164817094803
8285,9,1,-0.05528046190738678
8286,7,1,0.0019084811210632324
8287,8,1,-0.06201953440904617
8288,5,1,0.004475995898246765
8289,5,1,-0.037365615367889404
8290,8,1,0.09802284836769104
8291,6,1,0.028118863701820374
8292,9,1,-0.01798000931739807
8293,0,1,0.08747760951519012
8294,8,1,-0.042284175753593445
8295,3,1,-0.018903575837612152
8296,5,1,-0.013362646102905273
8297,1,0,-0.029086560010910034
8298,3,1,-0.046999454498291016
8299,3,1,-0.027738049626350403
8300,5,1,0.021252766251564026
8301,5,1,0.04687553644180298
8302,3,1,-0.0396091565489769
8303,8,1,-0.06652769446372986
8304,1,0,-0.03329956531524658
8305,4,1,-0.022285565733909607
8306,6,1,-0.03679892420768738
8307,4,1,-0.0024745017290115356
8308,2,1,-0.048906922340393066
8309,4,1,-0.041130393743515015
8310,3,1,-0.043677106499671936
8311,8,1,-0.0280144065618515
8312,9,1,-0.021582335233688354
8313,6,1,-0.03263905644416809
8314,6,1,-0.021137908101081848
8315,6,1,-0.001680225133895874
8316,5,1,0.038381993770599365
8317,5,1,0.006495416164398193
8318,2,1,-0.01857362687587738
8319,7,1,-9.670853614807129e-05
8320,7,1,-0.04046162962913513
8321,4,1,-0.019813627004623413
8322,4,1,0.0067292749881744385
8323,9,1,-0.05205667018890381
8324,3,1,0.07344101369380951
8325,8,1,-0.047379061579704285
8326,3,1,0.19248248636722565
8327,7,1,-0.043325699865818024
8328,7,1,0.003035217523574829
8329,8,1,-0.046209752559661865
8330,5,1,-0.05135206878185272
8331,3,1,-0.016774587333202362
8332,9,1,-0.044380366802215576
8333,1,0,-0.01658785343170166
8334,6,1,0.08246426284313202
8335,7,1,-0.0513773187994957
8336,3,1,-0.020851269364356995
8337,3,1,-0.03301861137151718
8338,3,1,0.0414113849401474
8339,8,1,-0.08827970921993256
8340,5,1,-0.03956282138824463
8341,6,1,-0.056255072355270386
8342,1,0,-0.06525568664073944
8343,3,1,-0.05312401056289673
8344,7,1,0.034431666135787964
8345,9,1,-0.06054387986660004
8346,6,1,-0.06103835254907608
8347,1,0,-0.07273060083389282
8348,6,1,0.0075339823961257935
8349,4,1,0.022199884057044983
8350,9,1,-0.05301811546087265
8351,0,1,0.004997581243515015
8352,5,1,-0.007554478943347931
8353,7,1,-0.010850735008716583
8354,4,1,0.012703701853752136
8355,9,1,-0.0554245188832283
8356,1,0,-0.05061262845993042
8357,0,1,-0.01590690016746521
8358,0,1,-0.04682531952857971
8359,2,1,0.02184908092021942
8360,7,1,-0.016929619014263153
8361,8,1,-0.04582488536834717
8362,3,1,-0.006213024258613586
8363,2,1,0.0035209208726882935
8364,7,1,-0.07285356521606445
8365,6,1,-0.04060743749141693
8366,1,0,-0.039585500955581665
8367,6,1,0.038451775908470154
8368,6,1,-0.02411755919456482
8369,4,1,-0.047392621636390686
8370,4,1,-0.024253472685813904
8371,2,1,-0.00829245150089264
8372,1,0,-0.04124841094017029
8373,8,1,-0.054737821221351624
8374,4,1,0.004825979471206665
8375,4,1,-0.03521863371133804
8376,7,1,0.0012025684118270874
8377,8,1,-0.04625202715396881
8378,5,1,0.10819500684738159
8379,8,1,-0.05404604226350784
8380,9,1,-0.05731682479381561
8381,4,1,-0.043402835726737976
8382,3,1,-0.009452082216739655
8383,2,1,0.10701686143875122
8384,2,1,-0.06446634232997894
8385,9,1,-0.022445961833000183
8386,3,1,0.08154450356960297
8387,0,1,-0.07711699604988098
8388,1,0,-0.07204102724790573
8389,1,0,0.065177783370018
8390,1,0,-0.033025823533535004
8391,1,0,-0.05698873847723007
8392,6,1,0.07670357823371887
8393,8,1,-0.06261655688285828
8394,7,1,-0.04437990486621857
8395,1,0,-0.05462193489074707
8396,3,1,-0.009536541998386383
8397,0,1,0.10936468839645386
8398,4,1,-0.010282322764396667
8399,5,1,-0.018547289073467255
8400,0,1,-0.09248518943786621
8401,3,1,-0.027900896966457367
8402,0,1,-0.016409829258918762
8403,6,1,-0.01181446760892868
8404,2,1,-0.023363202810287476
8405,0,1,0.033598676323890686
8406,9,1,0.08856293559074402
8407,8,1,-0.0772564709186554
8408,6,1,-0.008320711553096771
8409,8,1,-0.07192026823759079
8410,5,1,-0.027162939310073853
8411,8,1,-0.005551978945732117
8412,2,1,0.042271316051483154
8413,9,1,0.0009388327598571777
8414,6,1,-0.01286199688911438
8415,0,1,-0.07286392152309418
8416,6,1,-0.040495261549949646
8417,1,0,-0.0544542521238327
8418,8,1,-0.06004776060581207
8419,7,1,-0.0030430853366851807
8420,3,1,0.019337505102157593
8421,2,1,-0.035812005400657654
8422,2,1,-0.025527209043502808
8423,6,1,-0.0003861933946609497
8424,5,1,0.0016304105520248413
8425,6,1,-0.03090265393257141
8426,9,1,-0.05718788504600525
8427,2,1,-0.028919965028762817
8428,5,1,-0.03706154227256775
8429,4,1,-0.004567041993141174
8430,9,1,-0.01842924952507019
8431,8,1,-0.0534336119890213
8432,5,1,-0.03723348677158356
8433,3,1,0.017840340733528137
8434,9,1,-0.031019307672977448
8435,3,1,-0.06197173893451691
8436,5,1,0.015516266226768494
8437,7,1,0.0841345340013504
8438,1,0,0.0753777027130127
8439,8,1,-0.06061417609453201
8440,5,1,-0.009094148874282837
8441,8,1,-0.06093914806842804
8442,6,1,-0.0579027459025383
8443,2,1,-0.0710422694683075
8444,5,1,-0.007642015814781189
8445,1,0,-0.00611453503370285
8446,3,1,-0.06756091117858887
8447,0,1,0.010106846690177917
8448,4,1,-0.005550861358642578
8449,1,0,0.026137575507164
8450,9,1,-0.05556970089673996
8451,5,1,-0.02613026648759842
8452,4,1,0.03695221245288849
8453,9,1,-0.04653679579496384
8454,2,1,0.03933052718639374
8455,1,0,-0.05348260700702667
8456,4,1,-0.050702035427093506
8457,2,1,0.023534506559371948
8458,5,1,-0.04211743175983429
8459,9,1,-0.06630019098520279
8460,8,1,-0.06438400596380234
8461,7,1,-0.046534426510334015
8462,2,1,0.07634393870830536
8463,1,0,0.00859038531780243
8464,6,1,-0.019105441868305206
8465,9,1,-0.032569803297519684
8466,7,1,0.05530938506126404
8467,3,1,0.009682223200798035
8468,6,1,-0.031180068850517273
8469,5,1,-0.00522342324256897
8470,8,1,-0.08381906896829605
8471,0,1,-0.026504650712013245
8472,2,1,0.025322869420051575
8473,2,1,0.2207251936197281
8474,4,1,0.03332585096359253
8475,9,1,-0.05071265250444412
8476,0,1,0.004921719431877136
8477,5,1,-0.06296060979366302
8478,5,1,0.041261911392211914
8479,4,1,-0.08135758340358734
8480,2,1,-0.042495548725128174
8481,3,1,-0.05741298198699951
8482,1,0,-0.051849305629730225
8483,0,1,-0.05865152180194855
8484,3,1,-0.044672757387161255
8485,0,1,0.13933463394641876
8486,4,1,0.014011338353157043
8487,4,1,-0.008990675210952759
8488,9,1,-0.03276727348566055
8489,1,0,-0.08117236196994781
8490,3,1,-0.017929553985595703
8491,3,1,-0.03842522203922272
8492,0,1,-0.017990514636039734
8493,2,1,-0.02938234806060791
8494,1,0,-0.005893215537071228
8495,1,0,-0.028746619820594788
8496,0,1,-0.018473811447620392
8497,4,1,-0.03086196631193161
8498,1,0,-0.03466983139514923
8499,9,1,-0.06392157077789307
8500,4,1,-0.02946285903453827
8501,8,1,-0.038385212421417236
8502,1,0,-0.027170389890670776
8503,1,0,0.03882281482219696
8504,1,0,0.012109756469726562
8505,5,1,-0.05522000789642334
8506,9,1,-0.03216160833835602
8507,8,1,0.007891416549682617
8508,1,0,-0.008795909583568573
8509,6,1,0.008848771452903748
8510,7,1,-0.031070463359355927
8511,2,1,0.004941508173942566
8512,9,1,-0.06307598948478699
8513,9,1,-0.013014473021030426
8514,7,1,-0.04350288212299347
8515,8,1,-0.03678981214761734
8516,8,1,-0.03715890645980835
8517,1,0,-0.05724852532148361
8518,9,1,-0.07184600830078125
8519,7,1,-0.019597351551055908
8520,8,1,0.023971199989318848
8521,9,1,-0.05704156309366226
8522,1,0,-0.07254917919635773
8523,6,1,0.017770394682884216
8524,6,1,-0.03305719047784805
8525,3,1,-0.04792490601539612
8526,3,1,-0.006020724773406982
8527,1,0,-0.010986000299453735
8528,3,1,-0.03984781354665756
8529,0,1,-0.010090038180351257
8530,8,1,-0.018298178911209106
8531,8,1,-0.06285976618528366
8532,3,1,0.0027930140495300293
8533,6,1,-0.027729913592338562
8534,6,1,0.001531258225440979
8535,7,1,0.0011295229196548462
8536,1,0,0.060772642493247986
8537,0,1,-0.07676862180233002
8538,7,1,-0.004008963704109192
8539,6,1,-0.04768078774213791
8540,4,1,0.0715210884809494
8541,8,1,0.0151185542345047
8542,2,1,0.01568080484867096
8543,0,1,0.05497390031814575
8544,6,1,-0.024694226682186127
8545,6,1,-0.046751126646995544
8546,8,1,0.03852872550487518
8547,6,1,-0.017069093883037567
8548,3,1,-0.06597068905830383
8549,1,0,-0.02968651056289673
8550,1,0,-0.041921354830265045
8551,8,1,-0.07096897065639496
8552,6,1,-0.06436233967542648
8553,7,1,0.042085811495780945
8554,0,1,0.0038113147020339966
8555,5,1,0.05388399958610535
8556,4,1,-0.045727282762527466
8557,3,1,-0.02640107274055481
8558,2,1,-0.013148657977581024
8559,1,0,-0.05941587686538696
8560,7,1,-0.04370485246181488
8561,8,1,-0.07022016495466232
8562,2,1,0.06974084675312042
8563,0,1,-0.0098944753408432
8564,1,0,-0.025511667132377625
8565,7,1,-0.012682899832725525
8566,4,1,-0.03976483643054962
8567,8,1,-0.01984851062297821
8568,7,1,0.006531640887260437
8569,6,1,-0.005774393677711487
8570,6,1,-0.0308602973818779
8571,7,1,-0.045832663774490356
8572,0,1,-0.03771929442882538
8573,6,1,0.05497710406780243
8574,4,1,0.04177160561084747
8575,9,1,-0.042083024978637695
8576,2,1,0.10228292644023895
8577,3,1,-0.05271483212709427
8578,2,1,-0.01900114119052887
8579,1,0,-0.014859601855278015
8580,3,1,-0.020161233842372894
8581,8,1,-0.05579449236392975
8582,6,1,0.014492183923721313
8583,8,1,-0.02437528967857361
8584,1,0,-0.06358487159013748
8585,9,1,-0.05967191606760025
8586,6,1,-0.009346693754196167
8587,7,1,-0.06088675558567047
8588,6,1,-0.017712950706481934
8589,5,1,-0.018063649535179138
8590,0,1,-0.0084223672747612
8591,6,1,-0.017963171005249023
8592,0,1,-0.02770175039768219
8593,1,0,-0.05859306454658508
8594,3,1,-0.039071351289749146
8595,1,0,-0.07144790142774582
8596,1,0,-0.050605759024620056
8597,5,1,-0.009294524788856506
8598,3,1,0.07782945036888123
8599,4,1,0.046947479248046875
8600,3,1,-0.055743508040905
8601,3,1,-0.05258123576641083
8602,8,1,-0.007839947938919067
8603,1,0,0.0014635175466537476
8604,6,1,-0.02135273814201355
8605,6,1,-0.011387079954147339
8606,1,0,-0.046789705753326416
8607,8,1,-0.08992043137550354
8608,8,1,-0.0064966753125190735
8609,6,1,0.007141917943954468
8610,2,1,0.01377655565738678
8611,7,1,-0.08080396801233292
8612,4,1,-0.0367760956287384
8613,6,1,-0.033070482313632965
8614,8,1,-0.021862410008907318
8615,9,1,0.03695511817932129
8616,3,1,0.0024890005588531494
8617,3,1,0.02677081525325775
8618,5,1,-0.03419685363769531
8619,5,1,-0.02988840639591217
8620,3,1,0.009468689560890198
8621,1,0,-0.05486968904733658
8622,4,1,0.015080228447914124
8623,1,0,-0.0539417564868927
8624,9,1,-0.048304229974746704
8625,5,1,-0.023779287934303284
8626,1,0,-0.022031933069229126
8627,7,1,-0.01923176646232605
8628,7,1,-0.006209917366504669
8629,7,1,-0.05158397555351257
8630,5,1,-0.04195985198020935
8631,2,1,0.006002366542816162
8632,3,1,-0.047942690551280975
8633,3,1,-0.041785381734371185
8634,6,1,0.029108241200447083
8635,6,1,-0.01673707365989685
8636,6,1,-0.012746170163154602
8637,4,1,0.00440526008605957
8638,0,1,0.48284852504730225
8639,7,1,0.06820492446422577
8640,1,0,-0.03532688319683075
8641,7,1,0.12389002740383148
8642,3,1,0.02753429114818573
8643,0,1,-0.03494285047054291
8644,8,1,-0.07477766275405884
8645,1,0,0.0005544573068618774
8646,2,1,-0.002125576138496399
8647,4,1,0.0062762051820755005
8648,1,0,0.012965068221092224
8649,2,1,0.040328919887542725
8650,2,1,0.005514606833457947
8651,4,1,0.0035891085863113403
8652,9,1,-0.03737463057041168
8653,8,1,-0.05736663192510605
8654,2,1,0.009334638714790344
8655,8,1,-0.024328961968421936
8656,7,1,-0.03286833316087723
8657,6,1,-0.04627634584903717
8658,3,1,-0.016826122999191284
8659,4,1,-0.0270136296749115
8660,7,1,-0.02800782024860382
8661,2,1,-0.026093818247318268
8662,3,1,-0.02692732959985733
8663,1,0,-0.005324259400367737
8664,5,1,-0.031275153160095215
8665,3,1,0.03550238907337189
8666,0,1,-0.029055818915367126
8667,4,1,-0.0062395259737968445
8668,3,1,-0.02785278856754303
8669,4,1,0.029525622725486755
8670,9,1,0.009572014212608337
8671,4,1,-0.0036320239305496216
8672,7,1,0.026248201727867126
8673,9,1,0.008863508701324463
8674,1,0,0.010423019528388977
8675,7,1,0.07220737636089325
8676,8,1,-0.05096471309661865
8677,3,1,-0.03300873190164566
8678,1,0,-0.05457398295402527
8679,8,1,-0.06071352958679199
8680,3,1,-0.022147774696350098
8681,2,1,0.08014227449893951
8682,5,1,0.00941021740436554
8683,7,1,-0.028558865189552307
8684,2,1,-0.033935800194740295
8685,7,1,-0.06604260206222534
8686,9,1,-0.0437140166759491
8687,6,1,0.2033504694700241
8688,8,1,-0.038573697209358215
8689,6,1,-0.01866629719734192
8690,8,1,-0.057806842029094696
8691,6,1,-0.011730760335922241
8692,5,1,-0.03956972807645798
8693,9,1,-0.053229302167892456
8694,0,1,0.09041157364845276
8695,4,1,0.01890064775943756
8696,8,1,-0.016030743718147278
8697,5,1,-0.05084148049354553
8698,6,1,0.016375437378883362
8699,4,1,0.04900835454463959
8700,3,1,-0.021404124796390533
8701,8,1,-0.052672356367111206
8702,0,1,-0.06356287747621536
8703,4,1,-0.0013521015644073486
8704,8,1,-0.0611075758934021
8705,6,1,0.046706005930900574
8706,7,1,-0.016436979174613953
8707,2,1,0.049219995737075806
8708,7,1,-0.0055788010358810425
8709,1,0,-0.011197783052921295
8710,7,1,0.00938655436038971
8711,4,1,-0.03187403082847595
8712,1,0,-0.047675661742687225
8713,2,1,-0.034414708614349365
8714,4,1,0.011599421501159668
8715,2,1,0.014572769403457642
8716,2,1,0.03246822953224182
8717,8,1,0.07022152841091156
8718,7,1,-0.04700480401515961
8719,2,1,0.027998551726341248
8720,2,1,0.09674473106861115
8721,6,1,0.00041906535625457764
8722,7,1,-0.024768143892288208
8723,5,1,0.04409550130367279
8724,6,1,-0.06336011737585068
8725,8,1,-0.06677169352769852
8726,9,1,-0.024932503700256348
8727,9,1,-0.03662315011024475
8728,6,1,0.03311967849731445
8729,5,1,-0.038693614304065704
8730,2,1,-0.025471746921539307
8731,9,1,-0.03777255862951279
8732,8,1,-0.042036063969135284
8733,7,1,-0.01751646399497986
8734,2,1,-0.027995675802230835
8735,3,1,-0.036168716847896576
8736,3,1,-0.03539387881755829
8737,7,1,-0.021195560693740845
8738,4,1,-0.05964989215135574
8739,3,1,-0.06891980767250061
8740,2,1,0.017838045954704285
8741,1,0,0.0033968091011047363
8742,9,1,-0.06631268560886383
8743,0,1,0.0013909488916397095
8744,1,0,-0.022809788584709167
8745,5,1,-0.01976056396961212
8746,3,1,0.09222859144210815
8747,2,1,-0.04230566322803497
8748,6,1,0.0036499351263046265
8749,5,1,0.06849192082881927
8750,9,1,-0.028783053159713745
8751,1,0,-0.028620600700378418
8752,5,1,0.02900005877017975
8753,4,1,0.01254938542842865
8754,3,1,-0.05058746039867401
8755,6,1,-0.03783423453569412
8756,2,1,-0.028265520930290222
8757,8,1,0.03707738220691681
8758,9,1,-0.07036294043064117
8759,7,1,-0.052923306822776794
8760,8,1,-0.054945558309555054
8761,0,1,-0.039763569831848145
8762,8,1,0.002775028347969055
8763,9,1,0.004996538162231445
8764,1,0,-0.03848490118980408
8765,2,1,-0.02530207484960556
8766,5,1,0.04947206377983093
8767,7,1,-0.0185021311044693
8768,2,1,0.17686466872692108
8769,0,1,0.06447340548038483
8770,6,1,-0.049555882811546326
8771,6,1,-0.0025871843099594116
8772,1,0,-0.046734943985939026
8773,6,1,-0.012113228440284729
8774,3,1,0.015999987721443176
8775,1,0,-0.013882473111152649
8776,5,1,-0.021592870354652405
8777,0,1,-0.03912576287984848
8778,3,1,0.002404734492301941
8779,7,1,0.0005601495504379272
8780,4,1,0.027264371514320374
8781,6,1,0.014612659811973572
8782,5,1,0.008759349584579468
8783,6,1,-0.031091205775737762
8784,4,1,0.023532837629318237
8785,8,1,-0.04453127086162567
8786,3,1,-0.015094831585884094
8787,4,1,-0.06347902864217758
8788,5,1,-0.06237861514091492
8789,5,1,-0.017086073756217957
8790,0,1,-0.06007297337055206
8791,6,1,-0.01954767107963562
8792,6,1,0.05276952683925629
8793,7,1,-0.032001957297325134
8794,5,1,-0.011477336287498474
8795,0,1,-0.0383538156747818
8796,9,1,0.022072330117225647
8797,9,1,-0.023575201630592346
8798,6,1,-0.0253896564245224
8799,1,0,-0.023631662130355835
8800,0,1,0.28299856185913086
8801,4,1,-0.008878007531166077
8802,6,1,0.02096658945083618
8803,3,1,-0.05016966164112091
8804,6,1,-0.013281106948852539
8805,9,1,-0.03870481997728348
8806,3,1,0.0344114750623703
8807,6,1,-0.05854491889476776
8808,6,1,0.006631284952163696
8809,8,1,0.004948467016220093
8810,2,1,-0.04692911356687546
8811,1,0,-0.06795058399438858
8812,0,1,0.0797882229089737
8813,1,0,-0.053621478378772736
8814,9,1,-0.04749676585197449
8815,3,1,-0.057636767625808716
8816,7,1,-0.03807567059993744
8817,4,1,0.04629546403884888
8818,3,1,-0.029499024152755737
8819,0,1,0.09379322826862335
8820,2,1,-0.03406170755624771
8821,7,1,0.03968380391597748
8822,6,1,-0.00016605854034423828
8823,4,1,-0.041163280606269836
8824,3,1,-0.0404842272400856
8825,0,1,-0.05807042121887207
8826,8,1,-0.07725385576486588
8827,2,1,0.0833313912153244
8828,0,1,0.0410693883895874
8829,0,1,-0.08768244087696075
8830,9,1,-0.08401910960674286
8831,6,1,-0.05360967665910721
8832,6,1,-0.03938296437263489
8833,6,1,-0.021834343671798706
8834,8,1,-0.008552797138690948
8835,7,1,-0.048427045345306396
8836,4,1,-0.058887794613838196
8837,1,0,-0.052201732993125916
8838,8,1,-0.05463990569114685
8839,1,0,-0.03267672657966614
8840,2,1,-0.0717698410153389
8841,2,1,0.24464650452136993
8842,4,1,-0.047846630215644836
8843,8,1,-0.031301818788051605
8844,5,1,-0.03381521254777908
8845,2,1,-0.021226614713668823
8846,6,1,-0.034852683544158936
8847,5,1,0.01923033595085144
8848,3,1,-0.0029302090406417847
8849,9,1,0.01763930916786194
8850,1,0,0.039120182394981384
8851,0,1,0.04929368197917938
8852,7,1,-0.0344279482960701
8853,2,1,0.04975210130214691
8854,4,1,0.06548070907592773
8855,4,1,-0.01688607782125473
8856,0,1,1.4911260604858398
8857,0,1,-0.019354775547981262
8858,6,1,-0.0551430881023407
8859,2,1,-0.009302929043769836
8860,2,1,-0.011788398027420044
8861,4,1,0.03483612835407257
8862,0,1,-0.0036407560110092163
8863,5,1,-0.03184068202972412
8864,9,1,-0.08175288885831833
8865,7,1,-0.048336923122406006
8866,1,0,-0.0649125874042511
8867,8,1,-0.08896851539611816
8868,4,1,-0.013754330575466156
8869,5,1,0.012731015682220459
8870,5,1,-0.059271618723869324
8871,9,1,-0.0042585283517837524
8872,8,1,0.1078978031873703
8873,5,1,-0.007759913802146912
8874,7,1,-0.028632819652557373
8875,8,1,-0.009869635105133057
8876,0,1,-0.06991934776306152
8877,9,1,-0.024413757026195526
8878,8,1,-0.058901868760585785
8879,9,1,-0.04239527881145477
8880,1,0,-0.040532052516937256
8881,6,1,-0.0039121657609939575
8882,3,1,0.025918081402778625
8883,8,1,-0.06875050067901611
8884,0,1,0.0015441030263900757
8885,3,1,-0.05058126151561737
8886,4,1,-0.03422977030277252
8887,4,1,0.06327581405639648
8888,8,1,0.030226334929466248
8889,4,1,-0.025970853865146637
8890,8,1,-0.012681633234024048
8891,9,1,-0.0223311185836792
8892,8,1,-0.0540570467710495
8893,6,1,0.008738994598388672
8894,0,1,-0.029543176293373108
8895,0,1,-0.021770969033241272
8896,8,1,-0.049244046211242676
8897,2,1,0.04654930531978607
8898,7,1,-0.03749449551105499
8899,4,1,-0.021797798573970795
8900,2,1,-0.02790023386478424
8901,5,1,-0.020897984504699707
8902,6,1,-0.02258644998073578
8903,0,1,0.21901239454746246
8904,5,1,-0.06276661157608032
8905,8,1,0.031024858355522156
8906,4,1,-0.056869760155677795
8907,1,0,-0.04877426475286484
8908,9,1,-0.045925840735435486
8909,0,1,-0.02734512835741043
8910,1,0,0.04635252058506012
8911,4,1,-0.02239096909761429
8912,4,1,-0.007174640893936157
8913,8,1,0.013141021132469177
8914,4,1,0.02770102024078369
8915,9,1,-0.09024684131145477
8916,6,1,-0.024110868573188782
8917,0,1,0.0173473060131073
8918,7,1,-0.07854112237691879
8919,7,1,-0.059200555086135864
8920,6,1,0.008369401097297668
8921,8,1,-0.06264375895261765
8922,9,1,-0.04264235496520996
8923,6,1,0.029390409588813782
8924,2,1,0.04705581068992615
8925,0,1,0.3400331139564514
8926,4,1,-0.0185280442237854
8927,9,1,-0.04150605946779251
8928,4,1,0.3353859782218933
8929,9,1,-0.06524111330509186
8930,3,1,0.011755779385566711
8931,9,1,-0.04719627648591995
8932,6,1,-0.03915354609489441
8933,6,1,-0.04783022403717041
8934,7,1,-0.04247429966926575
8935,0,1,-0.07051074504852295
8936,9,1,-0.05639389157295227
8937,7,1,-0.0002964138984680176
8938,1,0,-0.0477457270026207
8939,8,1,-0.06988060474395752
8940,6,1,0.02085036039352417
8941,0,1,-0.013210847973823547
8942,6,1,0.02847336232662201
8943,7,1,0.0463070422410965
8944,4,1,-0.0333370715379715
8945,1,0,-0.01938960701227188
8946,9,1,-0.021644309163093567
8947,4,1,-0.028574705123901367
8948,6,1,-0.029040008783340454
8949,7,1,0.0035644322633743286
8950,9,1,-0.04090994596481323
8951,8,1,0.1228758841753006
8952,3,1,-0.06923908740282059
8953,9,1,-0.0378539115190506
8954,2,1,-0.023366250097751617
8955,1,0,-0.022441565990447998
8956,2,1,-0.06855017691850662
8957,7,1,-0.059167101979255676
8958,6,1,-0.04229336977005005
8959,1,0,-0.05149039626121521
8960,0,1,2.4146554470062256
8961,0,1,-0.02670593559741974
8962,5,1,-0.046872884035110474
8963,6,1,0.011485084891319275
8964,0,1,-0.013989254832267761
8965,4,1,-0.028760366141796112
8966,3,1,0.0031729936599731445
8967,2,1,-0.02778523415327072
8968,8,1,-0.006902225315570831
8969,8,1,-0.013043776154518127
8970,0,1,-0.005629926919937134
8971,6,1,0.12356217205524445
8972,9,1,0.02600163221359253
8973,5,1,-0.03512081503868103
8974,2,1,0.02605806291103363
8975,8,1,-0.026119880378246307
8976,7,1,-0.01848621666431427
8977,0,1,-0.019199542701244354
8978,6,1,0.011093631386756897
8979,5,1,-0.05131574720144272
8980,9,1,-0.05097326636314392
8981,7,1,-0.026548758149147034
8982,2,1,-0.017092935740947723
8983,3,1,-0.027320697903633118
8984,6,1,0.021755442023277283
8985,9,1,0.023373737931251526
8986,6,1,0.02129022777080536
8987,2,1,0.05551983416080475
8988,2,1,0.08467251062393188
8989,4,1,-0.05274441838264465
8990,1,0,-0.020643070340156555
8991,0,1,0.09805163741111755
8992,5,1,-0.04640323668718338
8993,0,1,-0.036991581320762634
8994,8,1,-0.04289919137954712
8995,9,1,0.00019447505474090576
8996,3,1,0.07375644147396088
8997,5,1,-0.011016212403774261
8998,9,1,-0.06575334072113037
8999,3,1,0.06460775434970856
9000,8,1,-0.06129026412963867
9001,1,0,-0.03441115468740463
9002,6,1,-0.009437933564186096
9003,3,1,0.0711243748664856
9004,7,1,-0.07889288663864136
9005,5,1,0.039412036538124084
9006,6,1,0.09032082557678223
9007,2,1,-0.02185002714395523
9008,0,1,0.03517773747444153
9009,2,1,0.04163302481174469
9010,8,1,-0.0393754243850708
9011,2,1,-0.010265171527862549
9012,8,1,-0.06255835294723511
9013,7,1,0.04472462832927704
9014,7,1,-0.05314880609512329
9015,8,1,-0.07061765342950821
9016,1,0,0.10612994432449341
9017,0,1,0.12828628718852997
9018,8,1,-0.05654020607471466
9019,9,1,-0.058057188987731934
9020,7,1,-0.05077564716339111
9021,0,1,0.001224800944328308
9022,3,1,-0.04953622817993164
9023,8,1,-0.03069330006837845
9024,0,1,-0.0004815906286239624
9025,5,1,-0.024033688008785248
9026,9,1,-0.01118558645248413
9027,5,1,0.10951763391494751
9028,8,1,-0.07379869371652603
9029,4,1,0.05536077916622162
9030,2,1,0.16648586094379425
9031,0,1,-0.0041971951723098755
9032,9,1,-0.038175761699676514
9033,2,1,0.00717298686504364
9034,2,1,0.01027168333530426
9035,4,1,0.05488382279872894
9036,4,1,0.05055961012840271
9037,9,1,-0.013991668820381165
9038,2,1,-0.029828980565071106
9039,2,1,-0.013503536581993103
9040,2,1,-0.04578977823257446
9041,5,1,0.036562711000442505
9042,1,0,0.019763216376304626
9043,3,1,-0.03480590879917145
9044,2,1,0.02087514102458954
9045,0,1,0.00550977885723114
9046,0,1,-0.03686977177858353
9047,4,1,-0.07028354704380035
9048,0,1,-0.025183871388435364
9049,6,1,-0.017407625913619995
9050,5,1,-0.04266637563705444
9051,8,1,-0.06584420800209045
9052,0,1,0.06185787916183472
9053,5,1,-0.036426618695259094
9054,8,1,0.026123985648155212
9055,6,1,-0.038654983043670654
9056,4,1,0.0506712943315506
9057,8,1,-0.03437085449695587
9058,5,1,0.0029897987842559814
9059,2,1,0.014506131410598755
9060,9,1,-0.03740241378545761
9061,7,1,-0.0015194863080978394
9062,9,1,-0.03267335891723633
9063,7,1,-0.010835938155651093
9064,1,0,-0.03296917676925659
9065,0,1,-0.007142283022403717
9066,1,0,-0.020416900515556335
9067,9,1,-0.07950761914253235
9068,6,1,0.0009083598852157593
9069,9,1,-0.014070309698581696
9070,2,1,-0.015548557043075562
9071,7,1,0.01641644537448883
9072,9,1,-0.05675192177295685
9073,4,1,-0.03904426097869873
9074,4,1,0.02416078746318817
9075,0,1,0.07800091803073883
9076,6,1,0.018047437071800232
9077,2,1,-0.02317628264427185
9078,4,1,-0.05601280927658081
9079,1,0,-0.01593794673681259
9080,3,1,0.18162889778614044
9081,7,1,-0.0044126957654953
9082,2,1,-0.02891179919242859
9083,8,1,-0.02895592898130417
9084,5,1,-0.03615536540746689
9085,9,1,-0.06668922305107117
9086,0,1,-0.06456191092729568
9087,3,1,-0.04613447189331055
9088,2,1,0.0070946961641311646
9089,3,1,-0.0335216224193573
9090,2,1,0.03563442826271057
9091,7,1,-0.038731977343559265
9092,6,1,-0.03328657150268555
9093,3,1,0.03614097833633423
9094,2,1,0.023807793855667114
9095,5,1,-0.05765771120786667
9096,9,1,-0.010112211108207703
9097,0,1,0.03873433172702789
9098,5,1,-0.014638319611549377
9099,9,1,0.028776362538337708
9100,9,1,-0.010426372289657593
9101,8,1,-0.07132083922624588
9102,7,1,-0.05906030535697937
9103,7,1,0.017840638756752014
9104,4,1,-0.028895705938339233
9105,8,1,-0.03823375701904297
9106,6,1,0.014514580368995667
9107,5,1,-0.08468800783157349
9108,2,1,-0.04954582452774048
9109,3,1,-0.056421905755996704
9110,1,0,-0.055394113063812256
9111,0,1,0.010857388377189636
9112,4,1,0.059929266571998596
9113,1,0,-0.020326785743236542
9114,8,1,-0.026284724473953247
9115,8,1,-0.02868656814098358
9116,4,1,-0.04958261549472809
9117,9,1,-0.057631686329841614
9118,4,1,-0.02584090828895569
9119,4,1,-0.02299700677394867
9120,3,1,0.043186262249946594
9121,3,1,-0.0698394700884819
9122,9,1,-0.025702454149723053
9123,2,1,-0.03138180822134018
9124,0,1,0.03396305441856384
9125,1,0,-0.031782686710357666
9126,1,0,-0.03874950855970383
9127,8,1,-0.04474559426307678
9128,4,1,-0.052528053522109985
9129,4,1,-0.05440404266119003
9130,8,1,-0.0006852596998214722
9131,3,1,-0.0017963200807571411
9132,2,1,0.006592124700546265
9133,9,1,-0.03304903209209442
9134,5,1,0.01740393042564392
9135,7,1,0.02589951455593109
9136,6,1,0.08668920397758484
9137,2,1,-0.03150796890258789
9138,5,1,-0.018471434712409973
9139,4,1,0.2037474662065506
9140,7,1,-0.017495036125183105
9141,3,1,-0.055733293294906616
9142,3,1,-0.032178640365600586
9143,9,1,-0.026158839464187622
9144,0,1,-0.05716170370578766
9145,1,0,-0.027551919221878052
9146,5,1,-0.05872184783220291
9147,9,1,-0.04382830858230591
9148,3,1,-0.04107639938592911
9149,7,1,-0.051965728402137756
9150,6,1,-0.0557696670293808
9151,0,1,0.012274667620658875
9152,4,1,-0.0461605042219162
9153,2,1,0.037363335490226746
9154,2,1,0.03495992720127106
9155,5,1,-0.024051979184150696
9156,6,1,-0.025948889553546906
9157,3,1,0.022431209683418274
9158,8,1,-0.057447806000709534
9159,9,1,-0.017284825444221497
9160,5,1,-0.00505964457988739
9161,6,1,0.03365859389305115
9162,1,0,-0.006017580628395081
9163,4,1,-0.0064321160316467285
9164,5,1,-0.05999572575092316
9165,4,1,0.007322773337364197
9166,6,1,-0.025390252470970154
9167,7,1,-0.052944354712963104
9168,2,1,0.023993223905563354
9169,1,0,-0.08362533152103424
9170,0,1,-0.012033522129058838
9171,2,1,-0.006542034447193146
9172,0,1,-0.01679355651140213
9173,4,1,-0.07094313204288483
9174,9,1,-0.005517438054084778
9175,8,1,-0.043627843260765076
9176,8,1,0.007050737738609314
9177,9,1,-0.011396840214729309
9178,1,0,-0.025855988264083862
9179,1,0,-0.016719281673431396
9180,5,1,-0.03972332924604416
9181,0,1,-0.03740430623292923
9182,0,1,0.03537262976169586
9183,8,1,-0.04348631203174591
9184,7,1,0.10127510130405426
9185,1,0,-0.029126696288585663
9186,7,1,-0.03273606300354004
9187,4,1,-0.0707755759358406
9188,5,1,-0.045742250978946686
9189,4,1,-0.016966931521892548
9190,3,1,-0.011391982436180115
9191,3,1,-0.002906426787376404
9192,2,1,0.07879792153835297
9193,0,1,0.055395498871803284
9194,6,1,-0.005222320556640625
9195,6,1,0.007518097758293152
9196,0,1,-0.04361303150653839
9197,1,0,-0.06001873314380646
9198,3,1,0.013244196772575378
9199,9,1,-0.005695745348930359
9200,8,1,-0.0828164741396904
9201,3,1,-0.025609873235225677
9202,7,1,-0.029123686254024506
9203,8,1,-0.0764622911810875
9204,9,1,-0.06682538241147995
9205,4,1,-0.035413771867752075
9206,8,1,0.06778891384601593
9207,9,1,-0.011869087815284729
9208,0,1,-0.009483769536018372
9209,9,1,0.002016022801399231
9210,7,1,-0.0270889550447464
9211,1,0,-0.047056809067726135
9212,6,1,0.05149693787097931
9213,2,1,-0.057477980852127075
9214,9,1,-0.008088797330856323
9215,5,1,-0.04702259600162506
9216,6,1,0.09278802573680878
9217,9,1,0.0004838407039642334
9218,3,1,-0.042518794536590576
9219,9,1,-0.051548779010772705
9220,8,1,-0.07497787475585938
9221,7,1,-0.03302943706512451
9222,7,1,-0.03301127254962921
9223,1,0,-0.04808118939399719
9224,6,1,-0.003264114260673523
9225,5,1,-0.03429688513278961
9226,3,1,-0.0068982914090156555
9227,1,0,-0.04121921956539154
9228,3,1,-0.00469227135181427
9229,1,0,-0.012671113014221191
9230,2,1,-0.029858708381652832
9231,7,1,-0.06392407417297363
9232,1,0,-0.029198497533798218
9233,8,1,-0.08006458729505539
9234,2,1,0.16483639180660248
9235,0,1,-0.04180018603801727
9236,9,1,-0.05809424817562103
9237,7,1,-0.031241118907928467
9238,9,1,0.0036974698305130005
9239,8,1,-0.03275260329246521
9240,8,1,-0.03677205741405487
9241,6,1,-0.027106307446956635
9242,7,1,0.05244675278663635
9243,3,1,-0.05430947244167328
9244,7,1,-0.0451311394572258
9245,1,0,-0.04992259293794632
9246,3,1,0.253812313079834
9247,9,1,-0.023244619369506836
9248,0,1,-0.043382659554481506
9249,9,1,-0.0055458396673202515
9250,3,1,-0.02196326106786728
9251,6,1,-0.06980884075164795
9252,7,1,0.0017037242650985718
9253,2,1,-0.052214235067367554
9254,7,1,-0.05149100720882416
9255,3,1,-0.059632815420627594
9256,0,1,-0.04321501404047012
9257,5,1,-0.0642494261264801
9258,9,1,-0.04346480965614319
9259,7,1,0.024867892265319824
9260,5,1,-0.07070620357990265
9261,5,1,-0.03069041669368744
9262,0,1,-0.032479360699653625
9263,6,1,-0.007946260273456573
9264,5,1,-0.02722727507352829
9265,1,0,-0.06156197190284729
9266,8,1,-0.013787053525447845
9267,2,1,-0.021403230726718903
9268,7,1,0.05750678479671478
9269,5,1,0.0216534286737442
9270,9,1,-0.07075206190347672
9271,0,1,-0.011369645595550537
9272,0,1,-0.029314115643501282
9273,0,1,-0.013701319694519043
9274,8,1,-0.03632920980453491
9275,8,1,-0.07808851450681686
9276,7,1,-0.056782953441143036
9277,3,1,-0.056997284293174744
9278,7,1,0.0948105901479721
9279,8,1,-0.05167144536972046
9280,9,1,-0.03531560301780701
9281,3,1,0.05098550021648407
9282,7,1,-0.0633963793516159
9283,9,1,-0.04568696767091751
9284,7,1,-0.02966645359992981
9285,8,1,-0.04966875910758972
9286,7,1,0.06867854297161102
9287,9,1,-0.0419849157333374
9288,8,1,0.0764312893152237
9289,5,1,-0.04945759475231171
9290,4,1,0.0935600996017456
9291,8,1,0.03460671007633209
9292,3,1,-0.054545313119888306
9293,7,1,0.0035721957683563232
9294,6,1,0.03366978466510773
9295,3,1,-0.03194916248321533
9296,8,1,-0.030407145619392395
9297,2,1,0.026660814881324768
9298,1,0,-0.025325670838356018
9299,9,1,0.0073404014110565186
9300,5,1,-0.02408406138420105
9301,7,1,-0.04531168192625046
9302,3,1,-0.0024401694536209106
9303,9,1,-0.029150351881980896
9304,5,1,-0.009915947914123535
9305,5,1,-0.03817710280418396
9306,8,1,-0.03595180809497833
9307,7,1,0.02768808603286743
9308,3,1,0.10573427379131317
9309,5,1,-0.045361533761024475
9310,3,1,-0.004009559750556946
9311,5,1,-0.05732906609773636
9312,9,1,-0.07130064070224762
9313,7,1,0.005054906010627747
9314,6,1,0.007888272404670715
9315,7,1,0.019030854105949402
9316,3,1,0.026159867644309998
9317,6,1,-0.008619658648967743
9318,4,1,0.0011556297540664673
9319,3,1,-0.009636729955673218
9320,9,1,-0.06098375469446182
9321,4,1,-0.011867702007293701
9322,2,1,0.09859737753868103
9323,1,0,-0.04482828080654144
9324,9,1,-0.037875548005104065
9325,6,1,-0.017393186688423157
9326,0,1,-0.03137029707431793
9327,2,1,0.05893729627132416
9328,6,1,-0.054488830268383026
9329,7,1,-0.022812388837337494
9330,4,1,-0.03934475779533386
9331,7,1,-0.02791827917098999
9332,9,1,-0.020909592509269714
9333,0,1,0.0013006478548049927
9334,7,1,-0.024903863668441772
9335,4,1,0.06489883363246918
9336,3,1,-0.06412838399410248
9337,5,1,0.016686931252479553
9338,3,1,-0.018506035208702087
9339,1,0,0.04723839461803436
9340,1,0,-0.038880154490470886
9341,2,1,-0.018125154078006744
9342,6,1,0.05326499044895172
9343,8,1,-0.0819246768951416
9344,2,1,0.001380637288093567
9345,1,0,-0.07575048506259918
9346,7,1,0.03459015488624573
9347,8,1,-0.0458512008190155
9348,5,1,-0.03798288851976395
9349,9,1,-0.05374649167060852
9350,6,1,0.054905131459236145
9351,1,0,-0.024640172719955444
9352,1,0,-0.07403751462697983
9353,5,1,-0.010575056076049805
9354,0,1,0.17828918993473053
9355,6,1,-0.029981493949890137
9356,0,1,0.2950010895729065
9357,9,1,-0.016530632972717285
9358,2,1,0.032810941338539124
9359,6,1,-0.026010602712631226
9360,5,1,0.1454382687807083
9361,8,1,-0.022891752421855927
9362,9,1,-0.03913039714097977
9363,5,1,-0.06823613494634628
9364,5,1,-0.05104656517505646
9365,6,1,-0.027254201471805573
9366,2,1,0.06002746522426605
9367,9,1,-0.03734022378921509
9368,1,0,-0.04677958786487579
9369,5,1,-0.026392385363578796
9370,8,1,-0.022491835057735443
9371,8,1,-0.041114628314971924
9372,7,1,-0.04746422916650772
9373,1,0,-0.025045424699783325
9374,7,1,0.023439869284629822
9375,3,1,0.006567418575286865
9376,5,1,-0.02443770319223404
9377,4,1,-0.01314215362071991
9378,9,1,-0.03000856190919876
9379,7,1,0.024488583207130432
9380,5,1,-0.05861961841583252
9381,2,1,-0.04583285003900528
9382,9,1,-0.007030598819255829
9383,9,1,-0.023649632930755615
9384,4,1,0.11799351871013641
9385,7,1,-0.07494981586933136
9386,4,1,-0.012235403060913086
9387,1,0,-0.05438232421875
9388,3,1,-0.064704529941082
9389,8,1,-0.04877060651779175
9390,7,1,0.009022891521453857
9391,9,1,-0.0756017342209816
9392,0,1,-0.06298878788948059
9393,4,1,-0.014860615134239197
9394,5,1,0.07004843652248383
9395,7,1,-0.023776419460773468
9396,5,1,-0.01644974946975708
9397,2,1,0.05420622229576111
9398,8,1,0.014410644769668579
9399,7,1,-0.03364834189414978
9400,6,1,0.036560043692588806
9401,9,1,-0.018535897135734558
9402,6,1,0.014745533466339111
9403,9,1,-0.042404696345329285
9404,3,1,-0.02983827143907547
9405,8,1,-0.04987412691116333
9406,5,1,-0.04498770833015442
9407,6,1,-0.010940775275230408
9408,6,1,0.04127924144268036
9409,9,1,-0.030024155974388123
9410,5,1,0.06999699771404266
9411,7,1,-0.05914086103439331
9412,8,1,-0.05642741918563843
9413,0,1,-0.04366843402385712
9414,5,1,-0.04306100308895111
9415,0,1,-0.023554787039756775
9416,7,1,-0.06218743324279785
9417,4,1,-0.02724418044090271
9418,8,1,-0.04870333522558212
9419,2,1,-0.005581095814704895
9420,5,1,-0.04151633381843567
9421,1,0,0.03943146765232086
9422,3,1,0.046092018485069275
9423,2,1,0.0876685231924057
9424,2,1,0.20078252255916595
9425,6,1,0.012137219309806824
9426,2,1,-0.05427265167236328
9427,1,0,-0.03006267547607422
9428,7,1,-0.05513773858547211
9429,4,1,0.015124455094337463
9430,6,1,0.0006749778985977173
9431,3,1,-0.04688267409801483
9432,1,0,-0.02118925005197525
9433,3,1,-0.043155111372470856
9434,7,1,-0.030295953154563904
9435,2,1,0.02011120319366455
9436,1,0,-0.027871400117874146
9437,3,1,-0.042735569179058075
9438,7,1,0.004972115159034729
9439,0,1,0.04038895666599274
9440,8,1,-0.028830520808696747
9441,4,1,-0.054533734917640686
9442,4,1,0.07992160320281982
9443,5,1,0.0015820413827896118
9444,7,1,-0.04105593264102936
9445,9,1,-0.04933241009712219
9446,5,1,-0.045825742185115814
9447,4,1,0.05719397962093353
9448,3,1,-0.04446948319673538
9449,9,1,0.021467387676239014
9450,6,1,0.015732109546661377
9451,8,1,-0.030203133821487427
9452,2,1,0.07715779542922974
9453,3,1,-0.0207337886095047
9454,3,1,-0.022273942828178406
9455,1,0,-0.039522916078567505
9456,6,1,-0.050366804003715515
9457,1,0,-0.023510277271270752
9458,7,1,-0.03383798897266388
9459,0,1,-0.01484835147857666
9460,3,1,-0.0016513913869857788
9461,4,1,-0.0044080764055252075
9462,2,1,0.36153125762939453
9463,9,1,-0.08235582709312439
9464,4,1,-0.03166435658931732
9465,5,1,-0.011850520968437195
9466,8,1,0.014778122305870056
9467,2,1,-0.04214391112327576
9468,7,1,-0.039832159876823425
9469,0,1,-0.04527232050895691
9470,9,1,-0.05453317612409592
9471,6,1,-0.0392831489443779
9472,8,1,-0.054376885294914246
9473,0,1,-0.01641349494457245
9474,8,1,-0.0661168247461319
9475,2,1,-0.045296743512153625
9476,8,1,-0.057944923639297485
9477,5,1,-0.024248972535133362
9478,7,1,0.017626002430915833
9479,7,1,-0.06857728213071823
9480,2,1,-0.033120982348918915
9481,2,1,-0.008678779006004333
9482,0,1,-0.04042638838291168
9483,0,1,-0.055207908153533936
9484,0,1,0.02599431574344635
9485,7,1,0.006893783807754517
9486,4,1,0.23546312749385834
9487,1,0,-0.006273746490478516
9488,6,1,-0.07223713397979736
9489,6,1,-0.005155399441719055
9490,8,1,-0.08905123919248581
9491,8,1,0.005502238869667053
9492,9,1,-0.05192245543003082
9493,0,1,-0.0529443621635437
9494,9,1,-0.07116687297821045
9495,0,1,-0.04739953577518463
9496,1,0,-0.03842262178659439
9497,3,1,0.029477253556251526
9498,3,1,-0.052617281675338745
9499,0,1,-0.046615272760391235
9500,9,1,-0.027291342616081238
9501,6,1,0.06640341877937317
9502,6,1,-0.03383006900548935
9503,2,1,-0.026063352823257446
9504,6,1,0.026273876428604126
9505,3,1,0.017754122614860535
9506,4,1,0.04535381495952606
9507,0,1,0.04755191504955292
9508,8,1,-0.07411642372608185
9509,4,1,-0.011624976992607117
9510,1,0,-0.022922903299331665
9511,4,1,-0.04981629550457001
9512,0,1,0.1932068020105362
9513,6,1,-0.06042911112308502
9514,5,1,-0.01648426055908203
9515,0,1,-0.019440725445747375
9516,9,1,-0.07293004542589188
9517,9,1,-0.025616392493247986
9518,9,1,-0.0004641413688659668
9519,9,1,0.0061021894216537476
9520,1,0,-0.06321896612644196
9521,2,1,0.06396268308162689
9522,3,1,-0.04826418310403824
9523,5,1,-0.024722889065742493
9524,4,1,-0.030588582158088684
9525,2,1,0.004403308033943176
9526,9,1,-0.07354433089494705
9527,6,1,-0.05339117348194122
9528,0,1,-0.0521041676402092
9529,9,1,0.018595710396766663
9530,6,1,-0.041336409747600555
9531,6,1,0.007012903690338135
9532,8,1,-0.03574606776237488
9533,0,1,0.014552667737007141
9534,6,1,-0.030691474676132202
9535,1,0,-0.04251082241535187
9536,4,1,0.0030565857887268066
9537,6,1,-0.03477364033460617
9538,8,1,-0.06402190774679184
9539,0,1,-0.01577543467283249
9540,5,1,-0.013789892196655273
9541,4,1,0.06492651998996735
9542,1,0,-0.03285399079322815
9543,2,1,0.018617674708366394
9544,0,1,-0.046158283948898315
9545,9,1,0.047663405537605286
9546,6,1,-0.02085059881210327
9547,4,1,-0.03581862151622772
9548,2,1,0.028243795037269592
9549,4,1,0.0032358914613723755
9550,6,1,0.0690697729587555
9551,5,1,0.140624538064003
9552,9,1,-0.05797438323497772
9553,7,1,0.04026506841182709
9554,7,1,0.024819865822792053
9555,4,1,-0.033849991858005524
9556,6,1,-0.015694253146648407
9557,5,1,0.008132383227348328
9558,0,1,-0.023137450218200684
9559,1,0,-0.0311497300863266
9560,9,1,0.0014725476503372192
9561,0,1,-0.07443185150623322
9562,3,1,-0.050702206790447235
9563,1,0,-0.04936518520116806
9564,9,1,-0.06569648534059525
9565,0,1,0.05266283452510834
9566,9,1,-0.04384966939687729
9567,7,1,-0.014775276184082031
9568,8,1,-0.058175452053546906
9569,6,1,-0.01214095950126648
9570,7,1,0.05448333919048309
9571,6,1,0.00041803717613220215
9572,8,1,-0.0628419890999794
9573,2,1,-0.029339194297790527
9574,4,1,0.023541584610939026
9575,5,1,-0.00049610435962677
9576,3,1,-0.07375873625278473
9577,0,1,-0.01209278404712677
9578,3,1,0.024007201194763184
9579,2,1,-0.04721187800168991
9580,1,0,-0.055776529014110565
9581,7,1,0.03752787411212921
9582,5,1,-0.00022079050540924072
9583,9,1,-0.04465607553720474
9584,3,1,0.031549423933029175
9585,4,1,-0.010793164372444153
9586,5,1,0.02445797622203827
9587,7,1,-0.0634208545088768
9588,1,0,-0.0353497713804245
9589,5,1,-0.050893254578113556
9590,0,1,-0.02002495527267456
9591,1,0,-0.09215226024389267
9592,1,0,-0.006287992000579834
9593,1,0,0.01565977931022644
9594,9,1,-0.015330873429775238
9595,7,1,-0.03468969464302063
9596,5,1,0.05125267803668976
9597,4,1,-0.05616714060306549
9598,9,1,0.0021902769804000854
9599,7,1,-0.021588832139968872
9600,8,1,-0.07440608739852905
9601,1,0,-0.059465691447257996
9602,0,1,-0.05116906762123108
9603,2,1,-0.008234649896621704
9604,8,1,-0.06368179619312286
9605,5,1,-0.056885167956352234
9606,6,1,0.007613375782966614
9607,7,1,-0.004705265164375305
9608,0,1,-0.05174916982650757
9609,1,0,0.16425885260105133
9610,4,1,0.06493234634399414
9611,8,1,-0.059332966804504395
9612,4,1,-0.02242039144039154
9613,4,1,0.01198546588420868
9614,6,1,-0.048848092555999756
9615,6,1,0.0159466415643692
9616,5,1,-0.0026270300149917603
9617,8,1,0.08417068421840668
9618,1,0,-0.048830755054950714
9619,8,1,0.003758832812309265
9620,4,1,0.11721779406070709
9621,6,1,-0.022670581936836243
9622,5,1,-0.05239993333816528
9623,9,1,-0.03649820387363434
9624,2,1,-0.020096078515052795
9625,2,1,0.1370716243982315
9626,1,0,-0.01040138304233551
9627,4,1,-0.028292328119277954
9628,9,1,-0.028172612190246582
9629,1,0,-0.0503791868686676
9630,6,1,-0.005731269717216492
9631,7,1,0.042731404304504395
9632,2,1,-0.0277215838432312
9633,0,1,-0.06526568531990051
9634,1,0,-0.027050495147705078
9635,7,1,0.02798779308795929
9636,6,1,0.11128249764442444
9637,5,1,0.008014798164367676
9638,2,1,0.032090917229652405
9639,2,1,0.07367342710494995
9640,5,1,-0.03501381725072861
9641,6,1,0.04320557415485382
9642,0,1,0.04109394550323486
9643,9,1,-0.06701020151376724
9644,0,1,-0.09360859543085098
9645,1,0,-0.0620105117559433
9646,5,1,0.01693187654018402
9647,3,1,-0.05400922894477844
9648,3,1,-0.04070141911506653
9649,5,1,-0.044379495084285736
9650,8,1,-0.06244172155857086
9651,7,1,0.03790716826915741
9652,5,1,-0.040658459067344666
9653,6,1,0.18047161400318146
9654,5,1,0.026452794671058655
9655,8,1,-0.02606532722711563
9656,0,1,0.033570438623428345
9657,5,1,-0.02740035206079483
9658,9,1,0.009500190615653992
9659,4,1,-0.058511510491371155
9660,6,1,-0.058871276676654816
9661,5,1,-0.035140007734298706
9662,1,0,-0.007261112332344055
9663,1,0,-0.07777317613363266
9664,0,1,-0.04919419437646866
9665,3,1,0.0009540319442749023
9666,3,1,-0.024515509605407715
9667,9,1,-0.06326842308044434
9668,4,1,-0.007629722356796265
9669,8,1,-0.08770954608917236
9670,1,0,0.027023062109947205
9671,7,1,-0.032999634742736816
9672,7,1,-0.022355228662490845
9673,9,1,-0.015096686780452728
9674,9,1,-0.05168473720550537
9675,4,1,0.09183856844902039
9676,3,1,-0.012930333614349365
9677,6,1,0.035592496395111084
9678,3,1,0.12989889085292816
9679,2,1,-0.040447838604450226
9680,8,1,-0.07848358899354935
9681,2,1,0.0862659364938736
9682,7,1,0.06636007130146027
9683,6,1,0.05504120886325836
9684,7,1,-0.0325160026550293
9685,0,1,0.1983659416437149
9686,2,1,-0.033272743225097656
9687,1,0,0.047655776143074036
9688,2,1,0.009534642100334167
9689,9,1,0.15503473579883575
9690,4,1,0.03396804630756378
9691,6,1,-0.04109581559896469
9692,9,1,-0.039626553654670715
9693,6,1,-0.027055799961090088
9694,1,0,-2.771615982055664e-05
9695,0,1,-0.05079685151576996
9696,1,0,-0.021729588508605957
9697,8,1,-0.01241728663444519
9698,7,1,-0.06119979918003082
9699,0,1,-0.003117576241493225
9700,0,1,0.16985683143138885
9701,4,1,0.01756604015827179
9702,7,1,-0.01301489770412445
9703,4,1,-0.010893762111663818
9704,2,1,0.06359969079494476
9705,6,1,-0.00419190526008606
9706,9,1,0.00016917288303375244
9707,5,1,-0.0589870885014534
9708,9,1,0.004727974534034729
9709,0,1,-0.026629194617271423
9710,7,1,0.036967530846595764
9711,4,1,-0.02656039595603943
9712,5,1,-0.06036633998155594
9713,8,1,-0.03257626295089722
9714,1,0,-0.04926018416881561
9715,4,1,0.00489199161529541
9716,7,1,-0.023787565529346466
9717,9,1,0.0008454173803329468
9718,9,1,-0.017510004341602325
9719,8,1,-0.013322584331035614
9720,8,1,0.0010654926300048828
9721,6,1,-0.042144641280174255
9722,3,1,-0.0015476197004318237
9723,7,1,0.03395603597164154
9724,0,1,0.1422293335199356
9725,8,1,-0.03958608955144882
9726,9,1,-0.04337108135223389
9727,6,1,-0.027674145996570587
9728,2,1,-0.01935151219367981
9729,4,1,0.01490163803100586
9730,6,1,-0.06719960272312164
9731,2,1,0.012403130531311035
9732,9,1,0.009663969278335571
9733,7,1,-0.043548740446567535
9734,4,1,0.020462438464164734
9735,6,1,-0.013880312442779541
9736,8,1,-0.02802152931690216
9737,5,1,0.062776580452919
9738,6,1,0.02231977880001068
9739,1,0,-0.03358153998851776
9740,3,1,0.06412844359874725
9741,5,1,-0.018389321863651276
9742,9,1,-0.05162191390991211
9743,9,1,-0.03986431658267975
9744,1,0,-0.05464411526918411
9745,3,1,-0.010814502835273743
9746,2,1,-0.04460529983043671
9747,0,1,0.2164068967103958
9748,3,1,-0.008327700197696686
9749,0,1,-0.047253698110580444
9750,2,1,-0.005423545837402344
9751,0,1,-0.03532581776380539
9752,7,1,-0.05702493339776993
9753,3,1,-0.04769274592399597
9754,9,1,-0.025327757000923157
9755,3,1,0.04353819787502289
9756,5,1,0.01624925434589386
9757,7,1,-0.010522887110710144
9758,6,1,-0.07284964621067047
9759,5,1,-0.027265280485153198
9760,9,1,-0.05210454761981964
9761,5,1,0.025301888585090637
9762,6,1,0.04948590695858002
9763,1,0,-0.07638530433177948
9764,2,1,-0.0439341738820076
9765,4,1,-0.05659780651330948
9766,0,1,0.012122228741645813
9767,2,1,0.05546015501022339
9768,7,1,-0.03884400427341461
9769,8,1,0.004120662808418274
9770,4,1,-0.05175615847110748
9771,4,1,0.00024051964282989502
9772,0,1,-0.07291480153799057
9773,9,1,-0.061277858912944794
9774,5,1,-0.016613788902759552
9775,9,1,-0.007700793445110321
9776,2,1,0.08583766222000122
9777,9,1,-0.00386221706867218
9778,3,1,0.0471699982881546
9779,2,1,-0.027590855956077576
9780,4,1,-0.023390837013721466
9781,3,1,0.008183971047401428
9782,2,1,0.04771532118320465
9783,2,1,-0.019451968371868134
9784,8,1,-0.023859038949012756
9785,8,1,-0.05138649791479111
9786,6,1,0.0284634530544281
9787,8,1,-0.048567935824394226
9788,1,0,-0.04300931096076965
9789,6,1,-0.007027469575405121
9790,8,1,-0.04848330467939377
9791,9,1,-0.027299799025058746
9792,8,1,-0.031216949224472046
9793,2,1,-0.02302604913711548
9794,1,0,0.015935003757476807
9795,4,1,0.009364604949951172
9796,9,1,-0.026852324604988098
9797,1,0,-0.011685773730278015
9798,5,1,-0.06266193091869354
9799,7,1,-0.020949333906173706
9800,1,0,-0.052253589034080505
9801,6,1,-0.08179857581853867
9802,0,1,0.08940178155899048
9803,1,0,-0.05516450107097626
9804,5,1,-0.04428020119667053
9805,2,1,0.051446229219436646
9806,8,1,-0.026901617646217346
9807,1,0,0.029780849814414978
9808,1,0,-0.05795951932668686
9809,3,1,-0.0003187209367752075
9810,8,1,-0.0325595885515213
9811,1,0,-0.04386992007493973
9812,3,1,-0.06500542163848877
9813,1,0,-0.03640519082546234
9814,8,1,0.0009413808584213257
9815,5,1,0.13716228306293488
9816,1,0,0.04835657775402069
9817,9,1,-0.05047929286956787
9818,0,1,-0.023077331483364105
9819,3,1,0.03808914124965668
9820,0,1,0.023799806833267212
9821,4,1,0.007618457078933716
9822,0,1,-0.05256084352731705
9823,5,1,-0.04557444155216217
9824,1,0,-0.054071396589279175
9825,2,1,-0.032774731516838074
9826,0,1,0.057338833808898926
9827,4,1,0.01937451958656311
9828,9,1,-0.0690215677022934
9829,5,1,0.014886245131492615
9830,1,0,-0.03575762361288071
9831,2,1,-0.009505972266197205
9832,2,1,-0.012709371745586395
9833,7,1,0.014783725142478943
9834,8,1,-0.0518779456615448
9835,7,1,0.04479685425758362
9836,2,1,0.03869776427745819
9837,4,1,0.006033554673194885
9838,5,1,-0.004041031002998352
9839,3,1,0.007787421345710754
9840,4,1,-0.04936043173074722
9841,0,1,0.19703252613544464
9842,6,1,-0.024881064891815186
9843,1,0,-0.08345438539981842
9844,5,1,0.006122305989265442
9845,9,1,0.015415892004966736
9846,8,1,-0.08823226392269135
9847,0,1,-0.013968035578727722
9848,2,1,0.3472670912742615
9849,0,1,0.17375876009464264
9850,7,1,0.06752119958400726
9851,6,1,-0.05764826387166977
9852,0,1,-0.03931707888841629
9853,5,1,0.0005853474140167236
9854,9,1,-0.030643515288829803
9855,7,1,-0.051729753613471985
9856,5,1,0.013864383101463318
9857,0,1,-0.043017320334911346
9858,4,1,-0.01319662481546402
9859,6,1,0.012637704610824585
9860,0,1,-0.02864198386669159
9861,6,1,0.013076052069664001
9862,3,1,-0.014312706887722015
9863,6,1,-0.03338976949453354
9864,8,1,-0.061834752559661865
9865,1,0,0.023245319724082947
9866,1,0,-0.033949099481105804
9867,8,1,-0.02370104193687439
9868,9,1,-0.04055541753768921
9869,7,1,0.006423279643058777
9870,2,1,0.04958023130893707
9871,9,1,-0.0546078160405159
9872,0,1,-0.07565316557884216
9873,2,1,-0.027281656861305237
9874,2,1,-0.016233786940574646
9875,9,1,-0.07748705893754959
9876,0,1,0.03250531852245331
9877,6,1,0.033947333693504333
9878,5,1,0.022076010704040527
9879,7,1,-0.06792610883712769
9880,7,1,-0.05115247517824173
9881,9,1,-0.05006670951843262
9882,1,0,-0.04415695369243622
9883,7,1,-0.022696934640407562
9884,9,1,-0.028120756149291992
9885,8,1,-0.07905146479606628
9886,4,1,-0.0025437921285629272
9887,5,1,-0.037774741649627686
9888,0,1,-0.03118468075990677
9889,8,1,-0.022738531231880188
9890,0,1,-0.019157186150550842
9891,2,1,-0.004966810345649719
9892,5,1,0.08056144416332245
9893,2,1,-0.008172035217285156
9894,1,0,0.0608629435300827
9895,4,1,-0.005337566137313843
9896,4,1,-0.05036930739879608
9897,8,1,-0.06354668736457825
9898,9,1,-0.038807958364486694
9899,7,1,-0.02592143416404724
9900,8,1,0.07469524443149567
9901,3,1,-0.03190775215625763
9902,6,1,-0.05733442306518555
9903,6,1,-0.008698605000972748
9904,0,1,-0.08410248160362244
9905,1,0,-0.04601593315601349
9906,1,0,-0.07824539393186569
9907,1,0,-0.017668113112449646
9908,8,1,-0.05055485665798187
9909,1,0,-0.06359244883060455
9910,4,1,0.023536905646324158
9911,4,1,-0.013078518211841583
9912,0,1,0.0952584445476532
9913,7,1,0.02876637876033783
9914,8,1,-0.08583234995603561
9915,2,1,0.05904088914394379
9916,1,0,-0.04648715257644653
9917,2,1,-0.002115115523338318
9918,5,1,-0.056924089789390564
9919,4,1,-0.03152620792388916
9920,6,1,-0.010504543781280518
9921,0,1,0.7718238830566406
9922,5,1,-0.07561049610376358
9923,7,1,0.009770497679710388
9924,4,1,0.15557251870632172
9925,4,1,0.062118738889694214
9926,3,1,-0.05988320708274841
9927,9,1,-0.018861308693885803
9928,5,1,-0.011894993484020233
9929,8,1,-0.07723002135753632
9930,8,1,-0.012388929724693298
9931,0,1,-0.02086278796195984
9932,8,1,-0.026537105441093445
9933,7,1,-0.0738079845905304
9934,4,1,-0.03910888731479645
9935,1,0,-0.02760855108499527
9936,8,1,-0.05657309293746948
9937,4,1,0.0014227032661437988
9938,9,1,-0.02430005371570587
9939,5,1,-0.028325840830802917
9940,4,1,-0.024704404175281525
9941,1,0,-0.041072241961956024
9942,7,1,-0.044168174266815186
9943,7,1,-0.03856322169303894
9944,7,1,0.010092094540596008
9945,7,1,-0.024642661213874817
9946,0,1,-0.00346982479095459
9947,3,1,0.0020171701908111572
9948,8,1,-0.001880750060081482
9949,3,1,-0.05482615530490875
9950,3,1,-0.03662112355232239
9951,0,1,0.11523833870887756
9952,5,1,0.013159886002540588
9953,7,1,0.036877602338790894
9954,0,1,-0.06072773039340973
9955,8,1,-0.08122967183589935
9956,0,1,0.1592533439397812
9957,0,1,-0.024064630270004272
9958,9,1,0.009996667504310608
9959,2,1,0.014412268996238708
9960,2,1,0.1035904735326767
9961,3,1,0.07678182423114777
9962,4,1,-0.015519745647907257
9963,8,1,-0.026008494198322296
9964,2,1,0.05552394688129425
9965,2,1,-0.026350602507591248
9966,6,1,-0.03510811924934387
9967,3,1,-0.02501295506954193
9968,3,1,-0.0020076334476470947
9969,6,1,-0.052027568221092224
9970,2,1,-0.006746575236320496
9971,9,1,-0.057089097797870636
9972,4,1,-0.07318595051765442
9973,0,1,-0.03783096373081207
9974,1,0,0.0007521957159042358
9975,7,1,-0.03126409649848938
9976,5,1,0.0213518887758255
9977,5,1,-0.06038331985473633
9978,7,1,-0.04098954796791077
9979,3,1,0.04723571240901947
9980,0,1,0.04806075990200043
9981,4,1,0.02407507598400116
9982,2,1,-0.054169557988643646
9983,0,1,0.050675585865974426
9984,7,1,-0.0010148733854293823
9985,5,1,-0.022297419607639313
9986,8,1,0.10596723854541779
9987,0,1,-0.009351707994937897
9988,8,1,0.03350536525249481
9989,2,1,-0.010227635502815247
9990,7,1,-0.021397612988948822
9991,0,1,-0.002449408173561096
9992,3,1,-0.022534780204296112
9993,5,1,-0.033764541149139404
9994,3,1,-0.02752991020679474
9995,8,1,-0.053414374589920044
9996,3,1,0.010429933667182922
9997,5,1,-0.029861971735954285
9998,1,0,-0.014969944953918457
9999,7,1,0.016670212149620056
