sample_id,original_label,anomaly_label,score
0,3,1,0.034015532582998276
1,8,0,0.007978655397891998
2,8,0,0.009101109579205513
3,0,1,0.011297779157757759
4,6,1,0.06136414781212807
5,6,1,0.018963905051350594
6,1,1,0.027574017643928528
7,6,1,0.03731672465801239
8,3,1,0.06380908191204071
9,1,1,0.019174952059984207
10,0,1,0.02221936360001564
11,9,1,0.01711869239807129
12,5,1,0.019307725131511688
13,7,1,0.02870533987879753
14,9,1,0.03329058736562729
15,8,0,0.02863440290093422
16,5,1,0.023313801735639572
17,7,1,0.02407369390130043
18,8,0,0.004277948290109634
19,6,1,0.013012399896979332
20,7,1,0.029096443206071854
21,0,1,0.16084596514701843
22,4,1,0.014460865408182144
23,9,1,0.03443486988544464
24,5,1,0.031414423137903214
25,2,1,0.029277564957737923
26,4,1,0.054172780364751816
27,0,1,0.017354439944028854
28,9,1,0.028381366282701492
29,6,1,0.023345790803432465
30,6,1,0.032730214297771454
31,5,1,0.02432342991232872
32,4,1,0.02235836535692215
33,5,1,0.02658967860043049
34,9,1,0.013452406972646713
35,2,1,0.018856849521398544
36,4,1,0.029064074158668518
37,1,1,0.01778087392449379
38,9,1,0.018867217004299164
39,5,1,0.019691679626703262
40,4,1,0.020026231184601784
41,6,1,0.0272293109446764
42,5,1,0.02774813398718834
43,6,1,0.031027674674987793
44,0,1,0.015572363510727882
45,9,1,0.01886352151632309
46,3,1,0.02374795638024807
47,9,1,0.040333572775125504
48,7,1,0.03246431052684784
49,6,1,0.0183832086622715
50,9,1,0.017080435529351234
51,8,0,0.027033887803554535
52,0,1,0.022918151691555977
53,3,1,0.025775069370865822
54,8,0,0.006211482919752598
55,8,0,0.006719648838043213
56,7,1,0.032895974814891815
57,7,1,0.016396982595324516
58,4,1,0.04449494183063507
59,6,1,0.03764038532972336
60,7,1,0.025669625028967857
61,3,1,0.024537643417716026
62,6,1,0.02029619738459587
63,3,1,0.016510047018527985
64,6,1,0.02703850343823433
65,2,1,0.04584554582834244
66,1,1,0.019656026735901833
67,2,1,0.02449386939406395
68,3,1,0.032395441085100174
69,7,1,0.016838114708662033
70,2,1,0.035304389894008636
71,6,1,0.03507973253726959
72,8,0,0.03105754777789116
73,8,0,0.014095972292125225
74,0,1,0.006122872233390808
75,2,1,0.03948196396231651
76,9,1,0.024370672181248665
77,3,1,0.018426334485411644
78,3,1,0.0189184732735157
79,8,0,0.011765005066990852
80,8,0,0.007491158787161112
81,1,1,0.024115227162837982
82,1,1,0.03335551917552948
83,7,1,0.05562489107251167
84,2,1,0.03312202915549278
85,5,1,0.02702803909778595
86,2,1,0.021909460425376892
87,7,1,0.0047964854165911674
88,8,0,0.007711026351898909
89,9,1,0.020734142512083054
90,0,1,0.0289851576089859
91,3,1,0.028103843331336975
92,8,0,0.01775261200964451
93,6,1,0.014829706400632858
94,4,1,0.02455802820622921
95,6,1,0.03797996789216995
96,6,1,0.03791066259145737
97,0,1,0.19866928458213806
98,0,1,0.041577450931072235
99,7,1,0.012611419893801212
100,4,1,0.05180583894252777
101,5,1,0.01613561436533928
102,6,1,0.015590060502290726
103,3,1,0.01422177441418171
104,1,1,0.03407866135239601
105,1,1,0.008825265802443027
106,3,1,0.04226233437657356
107,6,1,0.03096277080476284
108,8,0,0.01503954827785492
109,7,1,0.01695193722844124
110,4,1,0.016117503866553307
111,0,1,0.033136434853076935
112,6,1,0.016321144998073578
113,2,1,0.018240544945001602
114,1,1,0.013301610946655273
115,3,1,0.01644892804324627
116,0,1,0.048191238194704056
117,4,1,0.034339144825935364
118,2,1,0.028574759140610695
119,7,1,0.0179400946944952
120,8,0,0.011883648112416267
121,3,1,0.00983535498380661
122,1,1,0.049826573580503464
123,2,1,0.01808343455195427
124,8,0,0.015360095538198948
125,0,1,0.042108722031116486
126,8,0,0.022151201963424683
127,3,1,0.022521648555994034
128,5,1,0.009159309789538383
129,2,1,0.04740118980407715
130,4,1,0.022333521395921707
131,1,1,0.019202394410967827
132,8,0,0.018308045342564583
133,9,1,0.02332424186170101
134,1,1,0.018727166578173637
135,2,1,0.01952967792749405
136,9,1,0.021639982238411903
137,7,1,0.03640814870595932
138,2,1,0.02605869621038437
139,9,1,0.015984997153282166
140,6,1,0.029038753360509872
141,5,1,0.027234695851802826
142,6,1,0.015459180809557438
143,3,1,0.025412004441022873
144,8,0,0.011681100353598595
145,7,1,0.015707511454820633
146,6,1,0.026948805898427963
147,2,1,0.024093158543109894
148,5,1,0.019991859793663025
149,2,1,0.02061304822564125
150,8,0,0.030468875542283058
151,9,1,0.02285824716091156
152,6,1,0.027932295575737953
153,0,1,0.03754362091422081
154,0,1,0.010511694476008415
155,5,1,0.02723517268896103
156,2,1,0.044546931982040405
157,9,1,0.015673499554395676
158,5,1,0.05280297249555588
159,4,1,0.02311021462082863
160,2,1,0.027605881914496422
161,1,1,0.015428639948368073
162,6,1,0.024019012227654457
163,6,1,0.039350807666778564
164,8,0,0.01996500976383686
165,4,1,0.01802104339003563
166,8,0,0.009789040312170982
167,4,1,0.032731954008340836
168,5,1,0.022883865982294083
169,0,1,0.005497777834534645
170,9,1,0.021906446665525436
171,9,1,0.013143264688551426
172,9,1,0.030981073155999184
173,8,0,0.016701754182577133
174,9,1,0.03090321272611618
175,9,1,0.009327621199190617
176,3,1,0.017961446195840836
177,7,1,0.035675399005413055
178,5,1,0.04617265611886978
179,0,1,0.013786492869257927
180,0,1,0.020470276474952698
181,5,1,0.024684090167284012
182,2,1,0.04369483143091202
183,2,1,0.047512587159872055
184,3,1,0.03383618965744972
185,8,0,0.020458806306123734
186,6,1,0.03265257179737091
187,3,1,0.025906119495630264
188,4,1,0.02415652573108673
189,0,1,0.011377189308404922
190,5,1,0.019655801355838776
191,8,0,0.027397608384490013
192,0,1,0.02394435927271843
193,1,1,0.023696649819612503
194,7,1,0.034627996385097504
195,2,1,0.044789962470531464
196,8,0,0.015998370945453644
197,8,0,0.016786668449640274
198,7,1,0.020853398367762566
199,8,0,0.022728417068719864
200,5,1,0.015188377350568771
201,1,1,0.003913453314453363
202,8,0,0.01857517845928669
203,7,1,0.03653804212808609
204,1,1,0.018139394000172615
205,3,1,0.03390616551041603
206,0,1,0.012802301906049252
207,5,1,0.019414741545915604
208,7,1,0.0416385643184185
209,9,1,0.008892112411558628
210,7,1,0.017217250540852547
211,4,1,0.015349156223237514
212,5,1,0.14596742391586304
213,9,1,0.014816619455814362
214,8,0,0.017830558121204376
215,0,1,0.032560959458351135
216,7,1,0.02192717045545578
217,9,1,0.012280924245715141
218,8,0,0.08699412643909454
219,2,1,0.03354249149560928
220,7,1,0.027216073125600815
221,6,1,0.01887502521276474
222,9,1,0.02800304815173149
223,4,1,0.03240523487329483
224,3,1,0.031201139092445374
225,9,1,0.017390981316566467
226,6,1,0.01245984435081482
227,4,1,0.04843182489275932
228,7,1,0.017938556149601936
229,6,1,0.03156523406505585
230,5,1,0.021448008716106415
231,1,1,0.023651329800486565
232,5,1,0.027067922055721283
233,8,0,0.026537606492638588
234,8,0,0.005455109290778637
235,0,1,0.01218564435839653
236,4,1,0.031036362051963806
237,0,1,0.005914568901062012
238,5,1,0.044970061630010605
239,5,1,0.02246478945016861
240,1,1,0.02033768594264984
241,1,1,0.041985832154750824
242,8,0,0.017988543957471848
243,9,1,0.013862046413123608
244,0,1,0.010593865066766739
245,3,1,0.01738698035478592
246,1,1,0.02194337546825409
247,9,1,0.0071822768077254295
248,2,1,0.0446694940328598
249,2,1,0.03565505892038345
250,5,1,0.0399695560336113
251,3,1,0.01977308839559555
252,9,1,0.028841139748692513
253,9,1,0.029102914035320282
254,4,1,0.021122343838214874
255,0,1,0.013148115016520023
256,3,1,0.0435212105512619
257,0,1,0.007430009078234434
258,0,1,0.009042613208293915
259,9,1,0.03889372572302818
260,8,0,0.015089199878275394
261,1,1,0.05257098376750946
262,5,1,0.016782736405730247
263,7,1,0.05208928883075714
264,0,1,0.04457267001271248
265,8,0,0.005532084498554468
266,2,1,0.01881086826324463
267,4,1,0.018608245998620987
268,7,1,0.06082397699356079
269,0,1,0.04555435851216316
270,2,1,0.025573788210749626
271,3,1,0.0257563479244709
272,6,1,0.03713399916887283
273,3,1,0.025125449523329735
274,8,0,0.00891197845339775
275,5,1,0.017806891351938248
276,0,1,0.025627750903367996
277,3,1,0.0408468097448349
278,4,1,0.024363506585359573
279,3,1,0.021354220807552338
280,9,1,0.025002773851156235
281,0,1,0.030935149639844894
282,6,1,0.02223541960120201
283,1,1,0.011829609051346779
284,0,1,0.007695636712014675
285,9,1,0.023130282759666443
286,1,1,0.012985602021217346
287,0,1,0.008471325039863586
288,7,1,0.020726922899484634
289,9,1,0.009627390652894974
290,1,1,0.030327901244163513
291,2,1,0.039242301136255264
292,6,1,0.03286294266581535
293,9,1,0.015011870302259922
294,3,1,0.03710215911269188
295,4,1,0.025512468069791794
296,6,1,0.019587434828281403
297,0,1,0.013259846717119217
298,0,1,0.016369644552469254
299,6,1,0.050752073526382446
300,6,1,0.024901535362005234
301,6,1,0.028278909623622894
302,3,1,0.028679057955741882
303,2,1,0.027477283030748367
304,6,1,0.050142303109169006
305,1,1,0.00855922419577837
306,8,0,0.018503569066524506
307,2,1,0.02011284977197647
308,1,1,0.030510995537042618
309,6,1,0.01878410577774048
310,8,0,0.011106405407190323
311,6,1,0.03106728568673134
312,8,0,0.07327322661876678
313,0,1,0.43023785948753357
314,4,1,0.04091838374733925
315,0,1,0.02375275269150734
316,7,1,0.028124693781137466
317,7,1,0.06914089620113373
318,5,1,0.022733217105269432
319,5,1,0.03375349938869476
320,3,1,0.04045654460787773
321,5,1,0.020999135449528694
322,2,1,0.01793535239994526
323,3,1,0.017243437469005585
324,4,1,0.022084789350628853
325,1,1,0.02353294938802719
326,7,1,0.03687209635972977
327,5,1,0.032793156802654266
328,4,1,0.022692110389471054
329,6,1,0.029312923550605774
330,1,1,0.01524893008172512
331,9,1,0.01691625267267227
332,3,1,0.03055662102997303
333,6,1,0.027458110824227333
334,6,1,0.020358599722385406
335,9,1,0.03396688029170036
336,3,1,0.029346872121095657
337,8,0,0.011420859023928642
338,0,1,0.04123926907777786
339,7,1,0.022056348621845245
340,2,1,0.035696908831596375
341,6,1,0.03162152320146561
342,2,1,0.020292647182941437
343,5,1,0.041545793414115906
344,8,0,0.016432544216513634
345,5,1,0.03579296916723251
346,4,1,0.019391369074583054
347,6,1,0.029384968802332878
348,8,0,0.010909955948591232
349,9,1,0.029855122789740562
350,9,1,0.016423940658569336
351,1,1,0.03368093818426132
352,0,1,0.0034129538107663393
353,2,1,0.04576709121465683
354,2,1,0.029720228165388107
355,7,1,0.022415975108742714
356,3,1,0.0368867926299572
357,2,1,0.038567155599594116
358,8,0,0.025974232703447342
359,0,1,0.004112666472792625
360,9,1,0.04687483608722687
361,5,1,0.04048238694667816
362,8,0,0.01489800401031971
363,1,1,0.016105327755212784
364,9,1,0.02694901078939438
365,4,1,0.01286720298230648
366,1,1,0.017511233687400818
367,3,1,0.022888606414198875
368,8,0,0.014649543911218643
369,1,1,0.02366429939866066
370,4,1,0.023256128653883934
371,7,1,0.019193096086382866
372,9,1,0.011090327054262161
373,4,1,0.016761384904384613
374,2,1,0.04413018748164177
375,7,1,0.027302801609039307
376,0,1,0.008994527161121368
377,7,1,0.020771309733390808
378,0,1,0.016283459961414337
379,6,1,0.03671112656593323
380,6,1,0.04749409481883049
381,9,1,0.013891132548451424
382,0,1,0.08192670345306396
383,9,1,0.03457612544298172
384,2,1,0.04073977842926979
385,8,0,0.08348225057125092
386,7,1,0.03105272725224495
387,2,1,0.022561198100447655
388,2,1,0.025135587900877
389,5,1,0.025109466165304184
390,1,1,0.051069214940071106
391,2,1,0.012003033421933651
392,6,1,0.03784467652440071
393,2,1,0.011849910020828247
394,9,1,0.05799587815999985
395,6,1,0.02092033252120018
396,2,1,0.023648077622056007
397,3,1,0.02580004744231701
398,0,1,0.006915885955095291
399,3,1,0.021022960543632507
400,9,1,0.011016067117452621
401,8,0,0.01944592595100403
402,7,1,0.03453170135617256
403,8,0,0.009885816834867
404,8,0,0.006429517641663551
405,4,1,0.0405992828309536
406,0,1,0.014883313328027725
407,1,1,0.01597944274544716
408,8,0,0.02007734403014183
409,2,1,0.03113790974020958
410,7,1,0.02965613454580307
411,9,1,0.012306139804422855
412,3,1,0.036221206188201904
413,6,1,0.02626977302134037
414,1,1,0.013175522908568382
415,9,1,0.011408573016524315
416,0,1,0.018512388691306114
417,7,1,0.039106983691453934
418,3,1,0.0270867757499218
419,7,1,0.021447233855724335
420,4,1,0.020994262769818306
421,5,1,0.021070405840873718
422,0,1,0.02059430442750454
423,0,1,0.04352113977074623
424,2,1,0.01764563098549843
425,9,1,0.010915370658040047
426,3,1,0.015810061246156693
427,4,1,0.05678679049015045
428,0,1,0.03174322843551636
429,6,1,0.026387659832835197
430,2,1,0.019815389066934586
431,5,1,0.031414590775966644
432,3,1,0.022617679089307785
433,7,1,0.023762069642543793
434,3,1,0.030956899747252464
435,7,1,0.022123800590634346
436,2,1,0.020054683089256287
437,5,1,0.030743854120373726
438,3,1,0.02981739118695259
439,1,1,0.014065870083868504
440,1,1,0.030752236023545265
441,4,1,0.02880806103348732
442,9,1,0.012437076307833195
443,9,1,0.02351471409201622
444,5,1,0.018135931342840195
445,7,1,0.0365004688501358
446,5,1,0.02274283580482006
447,0,1,0.07566922158002853
448,2,1,0.04704412817955017
449,2,1,0.058722104877233505
450,2,1,0.014413607306778431
451,9,1,0.01849042810499668
452,7,1,0.03168405219912529
453,3,1,0.026382843032479286
454,9,1,0.016534823924303055
455,4,1,0.0412839837372303
456,3,1,0.027977751567959785
457,5,1,0.04748595505952835
458,4,1,0.027673769742250443
459,6,1,0.008706643246114254
460,5,1,0.017049694433808327
461,6,1,0.039297718554735184
462,1,1,0.01953120529651642
463,4,1,0.046817708760499954
464,3,1,0.023900393396615982
465,4,1,0.024141615256667137
466,4,1,0.020226310938596725
467,3,1,0.03686884790658951
468,7,1,0.020518174394965172
469,8,0,0.026819713413715363
470,3,1,0.034352950751781464
471,7,1,0.015911225229501724
472,8,0,0.016699517145752907
473,0,1,0.03292534127831459
474,5,1,0.01705053076148033
475,7,1,0.02536807581782341
476,6,1,0.0440068282186985
477,0,1,0.0071414196863770485
478,5,1,0.01963096112012863
479,4,1,0.013907118700444698
480,8,0,0.010968498885631561
481,6,1,0.029546238481998444
482,8,0,0.009099360555410385
483,5,1,0.03175880014896393
484,5,1,0.02694391831755638
485,9,1,0.009503833018243313
486,9,1,0.020585451275110245
487,9,1,0.032851241528987885
488,5,1,0.019870668649673462
489,0,1,0.07740548998117447
490,1,1,0.032609499990940094
491,0,1,0.013505113311111927
492,8,0,0.018237760290503502
493,1,1,0.01665840856730938
494,1,1,0.010411989875137806
495,8,0,0.011844705790281296
496,0,1,0.019904382526874542
497,2,1,0.04203474521636963
498,2,1,0.11413321644067764
499,0,1,0.4902857840061188
500,4,1,0.017618797719478607
501,6,1,0.03373429924249649
502,5,1,0.047511518001556396
503,4,1,0.030540212988853455
504,9,1,0.0225793719291687
505,4,1,0.019225668162107468
506,7,1,0.020100584253668785
507,9,1,0.020267624408006668
508,9,1,0.025142015889286995
509,4,1,0.02703128010034561
510,5,1,0.0484175905585289
511,6,1,0.025072544813156128
512,6,1,0.020261749625205994
513,1,1,0.04356107860803604
514,5,1,0.02600954659283161
515,3,1,0.01984681375324726
516,8,0,0.009704719297587872
517,9,1,0.030292075127363205
518,5,1,0.02256804332137108
519,8,0,0.011396124958992004
520,5,1,0.024983318522572517
521,7,1,0.030639760196208954
522,0,1,0.04993625357747078
523,7,1,0.028543243184685707
524,0,1,0.04159415140748024
525,5,1,0.027246683835983276
526,0,1,0.016788974404335022
527,0,1,0.04939183592796326
528,4,1,0.024803534150123596
529,6,1,0.028706073760986328
530,9,1,0.00422291737049818
531,0,1,0.01644754596054554
532,9,1,0.01934514008462429
533,5,1,0.031481243669986725
534,6,1,0.040395572781562805
535,6,1,0.033791638910770416
536,6,1,0.021420307457447052
537,2,1,0.04881039634346962
538,9,1,0.006791005376726389
539,0,1,0.03216974437236786
540,1,1,0.019362837076187134
541,7,1,0.012395858764648438
542,6,1,0.02525470033288002
543,7,1,0.04643166810274124
544,5,1,0.018700825050473213
545,9,1,0.01051403395831585
546,1,1,0.016035785898566246
547,6,1,0.036764562129974365
548,2,1,0.04570696875452995
549,5,1,0.020114675164222717
550,5,1,0.020417558029294014
551,5,1,0.0289616696536541
552,8,0,0.008097901940345764
553,5,1,0.02906736545264721
554,9,1,0.03448038175702095
555,4,1,0.009661851450800896
556,6,1,0.024898910894989967
557,4,1,0.016682414337992668
558,3,1,0.029915984719991684
559,2,1,0.020846158266067505
560,0,1,0.02974545583128929
561,7,1,0.025542836636304855
562,6,1,0.023598089814186096
563,2,1,0.025826022028923035
564,2,1,0.03074222430586815
565,3,1,0.011598823592066765
566,9,1,0.00756594305858016
567,7,1,0.023046845570206642
568,9,1,0.013722192496061325
569,2,1,0.020488444715738297
570,6,1,0.010726410895586014
571,7,1,0.015348846092820168
572,1,1,0.01639033667743206
573,3,1,0.017640192061662674
574,6,1,0.018292684108018875
575,6,1,0.04499116167426109
576,8,0,0.011443858966231346
577,9,1,0.010913492180407047
578,7,1,0.042754024267196655
579,5,1,0.051088493317365646
580,4,1,0.020292628556489944
581,0,1,0.06071403622627258
582,8,0,0.015569733455777168
583,4,1,0.024054665118455887
584,0,1,0.02326451987028122
585,9,1,0.05141802132129669
586,3,1,0.045870885252952576
587,4,1,0.0449281670153141
588,8,0,0.0054922401905059814
589,9,1,0.02467219904065132
590,6,1,0.011888350360095501
591,9,1,0.014813226647675037
592,2,1,0.014693913981318474
593,6,1,0.031796425580978394
594,1,1,0.03285057470202446
595,4,1,0.02570343017578125
596,7,1,0.028289105743169785
597,3,1,0.0472104586660862
598,5,1,0.019740276038646698
599,3,1,0.029596630483865738
600,8,0,0.017065469175577164
601,5,1,0.02292133867740631
602,0,1,0.015713661909103394
603,2,1,0.04843015968799591
604,1,1,0.031973354518413544
605,6,1,0.016586605459451675
606,4,1,0.024502011016011238
607,3,1,0.016699407249689102
608,3,1,0.0328156054019928
609,9,1,0.011999831534922123
610,6,1,0.029484257102012634
611,9,1,0.051383376121520996
612,8,0,0.011639559641480446
613,8,0,0.016261901706457138
614,5,1,0.016596276313066483
615,8,0,0.02026645466685295
616,6,1,0.012900251895189285
617,6,1,0.04226669669151306
618,2,1,0.01336679793894291
619,1,1,0.023277590051293373
620,7,1,0.048714205622673035
621,7,1,0.02236873097717762
622,1,1,0.022495565935969353
623,2,1,0.02812918648123741
624,7,1,0.03142164275050163
625,9,1,0.03839043155312538
626,9,1,0.014919191598892212
627,4,1,0.041775815188884735
628,4,1,0.026247555390000343
629,1,1,0.03593076393008232
630,2,1,0.033581316471099854
631,5,1,0.036303259432315826
632,6,1,0.03508148342370987
633,8,0,0.04644126445055008
634,7,1,0.07451078295707703
635,6,1,0.024145085364580154
636,8,0,0.00752512039616704
637,3,1,0.021841689944267273
638,0,1,0.007453498430550098
639,5,1,0.04283108562231064
640,5,1,0.016635281965136528
641,3,1,0.029218167066574097
642,0,1,0.019271740689873695
643,7,1,0.02593020722270012
644,9,1,0.04406312108039856
645,1,1,0.0250600203871727
646,3,1,0.017930760979652405
647,4,1,0.029994502663612366
648,4,1,0.018317149952054024
649,5,1,0.04941143840551376
650,3,1,0.01748187467455864
651,9,1,0.030962495133280754
652,5,1,0.022503197193145752
653,6,1,0.029086682945489883
654,9,1,0.028343278914690018
655,2,1,0.01604665443301201
656,1,1,0.01519252173602581
657,1,1,0.033890027552843094
658,4,1,0.014845358207821846
659,1,1,0.0412788912653923
660,9,1,0.02350468933582306
661,4,1,0.029090717434883118
662,7,1,0.016718879342079163
663,6,1,0.01987646147608757
664,3,1,0.03289491683244705
665,8,0,0.016933515667915344
666,9,1,0.032497990876436234
667,0,1,0.025339514017105103
668,1,1,0.014130262657999992
669,3,1,0.01881229132413864
670,6,1,0.028361685574054718
671,3,1,0.01767723821103573
672,6,1,0.024072572588920593
673,3,1,0.02244807407259941
674,2,1,0.07010525465011597
675,0,1,0.046851448714733124
676,3,1,0.031220033764839172
677,1,1,0.015592205338180065
678,0,1,0.032729800790548325
679,5,1,0.01848646253347397
680,9,1,0.014902645722031593
681,6,1,0.021055657416582108
682,4,1,0.013634039089083672
683,8,0,0.023784736171364784
684,9,1,0.013501408509910107
685,6,1,0.03139212727546692
686,9,1,0.030611537396907806
687,6,1,0.04092986881732941
688,3,1,0.03934481739997864
689,0,1,0.019220996648073196
690,3,1,0.014920340850949287
691,2,1,0.019713927060365677
692,2,1,0.03660888969898224
693,7,1,0.021368417888879776
694,8,0,0.005516264587640762
695,3,1,0.014894098043441772
696,8,0,0.010198542848229408
697,2,1,0.02747393026947975
698,7,1,0.02331879734992981
699,5,1,0.034520916640758514
700,7,1,0.02309119701385498
701,2,1,0.03574557602405548
702,4,1,0.01426582783460617
703,8,0,0.01803235150873661
704,7,1,0.044495128095149994
705,4,1,0.020971545949578285
706,2,1,0.06018897145986557
707,9,1,0.02251327782869339
708,8,0,0.010457396507263184
709,8,0,0.010299296118319035
710,6,1,0.03554513305425644
711,8,0,0.03315088152885437
712,8,0,0.006698197685182095
713,7,1,0.01977675035595894
714,4,1,0.024957146495580673
715,3,1,0.03983817994594574
716,3,1,0.036613330245018005
717,8,0,0.022470634430646896
718,4,1,0.035751938819885254
719,9,1,0.006569793447852135
720,4,1,0.011708773672580719
721,8,0,0.021099166944622993
722,8,0,0.021146995946764946
723,1,1,0.01948956586420536
724,8,0,0.006992713548243046
725,2,1,0.04392001032829285
726,1,1,0.048322394490242004
727,3,1,0.0257619209587574
728,6,1,0.03267040103673935
729,5,1,0.020532280206680298
730,4,1,0.020941700786352158
731,2,1,0.10256114602088928
732,7,1,0.015628468245267868
733,9,1,0.045293889939785004
734,9,1,0.023440949618816376
735,4,1,0.014536392875015736
736,1,1,0.022333675995469093
737,4,1,0.09806119650602341
738,1,1,0.021261747926473618
739,3,1,0.014661858789622784
740,2,1,0.035707131028175354
741,7,1,0.03475173935294151
742,0,1,0.06860513240098953
743,7,1,0.015808315947651863
744,9,1,0.03245200961828232
745,7,1,0.04336129128932953
746,6,1,0.02221842110157013
747,6,1,0.01996931992471218
748,2,1,0.04629364237189293
749,5,1,0.015492098405957222
750,9,1,0.0079957265406847
751,2,1,0.009593173861503601
752,9,1,0.01010313630104065
753,1,1,0.013069838285446167
754,2,1,0.022260475903749466
755,2,1,0.04251639172434807
756,6,1,0.02619401179254055
757,8,0,0.003724911715835333
758,2,1,0.004869664087891579
759,1,1,0.0254158154129982
760,3,1,0.02704247087240219
761,6,1,0.020084097981452942
762,6,1,0.07192963361740112
763,0,1,0.018845532089471817
764,1,1,0.023851320147514343
765,2,1,0.026266641914844513
766,7,1,0.007294999435544014
767,0,1,0.016263889148831367
768,5,1,0.021840516477823257
769,4,1,0.01816856861114502
770,6,1,0.034773875027894974
771,1,1,0.025048203766345978
772,6,1,0.031436603516340256
773,4,1,0.03689286857843399
774,0,1,0.04134513437747955
775,2,1,0.02555473893880844
776,2,1,0.025307703763246536
777,6,1,0.024316534399986267
778,0,1,0.020393969491124153
779,5,1,0.02251887507736683
780,9,1,0.03541414067149162
781,1,1,0.021694131195545197
782,7,1,0.026753947138786316
783,6,1,0.054486457258462906
784,7,1,0.04900652915239334
785,0,1,0.03714388608932495
786,3,1,0.01618169993162155
787,9,1,0.006255835294723511
788,6,1,0.027594707906246185
789,8,0,0.014131846837699413
790,3,1,0.022912580519914627
791,0,1,0.023739002645015717
792,3,1,0.022998683154582977
793,4,1,0.007088249549269676
794,7,1,0.02598859742283821
795,7,1,0.04419437795877457
796,1,1,0.032133735716342926
797,4,1,0.024226784706115723
798,7,1,0.035498231649398804
799,2,1,0.058015838265419006
800,7,1,0.025068728253245354
801,1,1,0.03696656972169876
802,4,1,0.01876167207956314
803,7,1,0.032491475343704224
804,4,1,0.05131581425666809
805,4,1,0.020571518689393997
806,8,0,0.015042410232126713
807,4,1,0.017116770148277283
808,7,1,0.02918308600783348
809,7,1,0.020016571506857872
810,5,1,0.030168864876031876
811,3,1,0.01632903516292572
812,7,1,0.024522095918655396
813,2,1,0.03533259034156799
814,0,1,0.017683107405900955
815,8,0,0.004639621824026108
816,9,1,0.023229066282510757
817,5,1,0.03213143348693848
818,8,0,0.050498612225055695
819,3,1,0.024321213364601135
820,6,1,0.01614506170153618
821,2,1,0.06981000304222107
822,0,1,0.013972326181828976
823,8,0,0.010372844524681568
824,7,1,0.04554518312215805
825,3,1,0.04024375602602959
826,7,1,0.02993014268577099
827,6,1,0.03135531768202782
828,5,1,0.039718352258205414
829,3,1,0.033440444618463516
830,1,1,0.030526969581842422
831,3,1,0.03877884894609451
832,2,1,0.032708458602428436
833,2,1,0.027706649154424667
834,5,1,0.02510521374642849
835,4,1,0.027933692559599876
836,1,1,0.023638032376766205
837,2,1,0.03586456924676895
838,9,1,0.028986657038331032
839,2,1,0.025934375822544098
840,7,1,0.021532639861106873
841,0,1,0.03852250427007675
842,7,1,0.04098454862833023
843,2,1,0.04448465257883072
844,1,1,0.03031120076775551
845,3,1,0.024414893239736557
846,2,1,0.021641965955495834
847,0,1,0.015171770937740803
848,2,1,0.021333754062652588
849,4,1,0.024159269407391548
850,7,1,0.012462634593248367
851,9,1,0.017249256372451782
852,8,0,0.009643242694437504
853,9,1,0.011923134326934814
854,0,1,0.041624389588832855
855,7,1,0.012291685678064823
856,7,1,0.017331387847661972
857,0,1,1.197749137878418
858,7,1,0.023857470601797104
859,8,0,0.01643388904631138
860,4,1,0.035182125866413116
861,6,1,0.02344096265733242
862,3,1,0.038437724113464355
863,3,1,0.04034796357154846
864,0,1,0.029907766729593277
865,1,1,0.012424571439623833
866,3,1,0.02072400227189064
867,7,1,0.02101367898285389
868,0,1,0.03017009049654007
869,1,1,0.03522122651338577
870,3,1,0.02191111259162426
871,1,1,0.027352293953299522
872,4,1,0.01825357973575592
873,2,1,0.02063581347465515
874,3,1,0.026350650936365128
875,8,0,0.024836398661136627
876,4,1,0.024570632725954056
877,2,1,0.023861035704612732
878,3,1,0.03139793127775192
879,7,1,0.0307528767734766
880,8,0,0.005530357360839844
881,4,1,0.017953472211956978
882,3,1,0.03317936137318611
883,0,1,0.02752573788166046
884,9,1,0.017182983458042145
885,0,1,0.06354948878288269
886,0,1,0.014293966814875603
887,1,1,0.024232693016529083
888,0,1,0.05643364042043686
889,4,1,0.042592570185661316
890,4,1,0.01859966292977333
891,6,1,0.03555801138281822
892,7,1,0.017646424472332
893,6,1,0.03315766155719757
894,1,1,0.017799004912376404
895,1,1,0.027157068252563477
896,3,1,0.02607521414756775
897,7,1,0.037911102175712585
898,3,1,0.021014321595430374
899,5,1,0.03180880844593048
900,2,1,0.024846218526363373
901,6,1,0.014959757216274738
902,6,1,0.02243378944694996
903,5,1,0.022645052522420883
904,8,0,0.02013089694082737
905,7,1,0.024732515215873718
906,1,1,0.008905889466404915
907,6,1,0.03195042908191681
908,8,0,0.008752042427659035
909,8,0,0.023458726704120636
910,5,1,0.03466242551803589
911,3,1,0.016250140964984894
912,0,1,0.022764991968870163
913,4,1,0.024241074919700623
914,0,1,0.020560700446367264
915,1,1,0.01793074607849121
916,3,1,0.023949746042490005
917,8,0,0.005087276920676231
918,8,0,0.023403750732541084
919,0,1,0.028278492391109467
920,6,1,0.02701002173125744
921,9,1,0.012515340000391006
922,9,1,0.021168813109397888
923,9,1,0.02308768406510353
924,5,1,0.03714985400438309
925,5,1,0.019760601222515106
926,8,0,0.02469947561621666
927,6,1,0.030357422307133675
928,0,1,0.06792949140071869
929,0,1,0.015684515237808228
930,4,1,0.025928692892193794
931,2,1,0.031064115464687347
932,3,1,0.04183770343661308
933,2,1,0.018122680485248566
934,7,1,0.020270975306630135
935,2,1,0.0509951189160347
936,2,1,0.036539822816848755
937,5,1,0.05192161351442337
938,9,1,0.018184252083301544
939,8,0,0.015438500791788101
940,9,1,0.03143956884741783
941,1,1,0.02532261610031128
942,7,1,0.015973540022969246
943,4,1,0.035131171345710754
944,0,1,0.01733269728720188
945,3,1,0.02629353478550911
946,0,1,0.02405780926346779
947,1,1,0.013597669079899788
948,3,1,0.020139304921030998
949,8,0,0.015454801730811596
950,3,1,0.04488100856542587
951,9,1,0.011515974998474121
952,6,1,0.02864152193069458
953,1,1,0.026191115379333496
954,4,1,0.027368877083063126
955,7,1,0.037478819489479065
956,0,1,0.02939201518893242
957,3,1,0.028039000928401947
958,7,1,0.02499471977353096
959,8,0,0.01370920054614544
960,9,1,0.01389214675873518
961,1,1,0.021176349371671677
962,1,1,0.02721242979168892
963,6,1,0.037589412182569504
964,6,1,0.014920894056558609
965,6,1,0.03860946372151375
966,6,1,0.022778594866394997
967,9,1,0.013928265310823917
968,1,1,0.03121296688914299
969,9,1,0.011183876544237137
970,9,1,0.026116756722331047
971,4,1,0.01849799044430256
972,2,1,0.04108007252216339
973,1,1,0.034437816590070724
974,7,1,0.04209679365158081
975,0,1,0.006660564802587032
976,6,1,0.015515943989157677
977,8,0,0.017455454915761948
978,1,1,0.04029209911823273
979,9,1,0.028518054634332657
980,2,1,0.023852821439504623
981,9,1,0.012557653710246086
982,0,1,0.041130613535642624
983,4,1,0.040369533002376556
984,7,1,0.02426799014210701
985,8,0,0.014029037207365036
986,3,1,0.023188361898064613
987,1,1,0.02019481360912323
988,2,1,0.04946155101060867
989,0,1,0.5137837529182434
990,1,1,0.028150204569101334
991,5,1,0.03557325527071953
992,8,0,0.016000747680664062
993,4,1,0.019786927849054337
994,6,1,0.026715466752648354
995,3,1,0.04083627462387085
996,8,0,0.00661582313477993
997,1,1,0.02359588071703911
998,3,1,0.03491723909974098
999,8,0,0.006186008453369141
1000,5,1,0.020733684301376343
1001,0,1,0.04284503310918808
1002,8,0,0.014139555394649506
1003,4,1,0.02678559347987175
1004,8,0,0.006452349945902824
1005,1,1,0.02243936061859131
1006,1,1,0.024603115394711494
1007,8,0,0.02018526755273342
1008,9,1,0.03722287714481354
1009,6,1,0.020522668957710266
1010,0,1,0.009718887507915497
1011,8,0,0.006647714413702488
1012,6,1,0.021389691159129143
1013,1,1,0.008507566526532173
1014,3,1,0.029805541038513184
1015,4,1,0.020128047093749046
1016,1,1,0.03976188972592354
1017,6,1,0.02088744565844536
1018,0,1,0.006488194689154625
1019,5,1,0.040626101195812225
1020,1,1,0.03978349640965462
1021,1,1,0.022206151857972145
1022,0,1,0.18138055503368378
1023,0,1,0.015805430710315704
1024,3,1,0.06822973489761353
1025,5,1,0.06649604439735413
1026,0,1,0.020228311419487
1027,0,1,0.013022604398429394
1028,6,1,0.043280549347400665
1029,6,1,0.017150402069091797
1030,3,1,0.03133097290992737
1031,3,1,0.02618216723203659
1032,6,1,0.03512752801179886
1033,3,1,0.04147253558039665
1034,6,1,0.01828649267554283
1035,6,1,0.037083130329847336
1036,0,1,0.057765893638134
1037,7,1,0.03570028394460678
1038,2,1,0.013672085478901863
1039,2,1,0.030628303065896034
1040,7,1,0.03357771411538124
1041,5,1,0.051027972251176834
1042,5,1,0.05077304691076279
1043,2,1,0.020262224599719048
1044,8,0,0.00627561379224062
1045,5,1,0.028229493647813797
1046,2,1,0.040262021124362946
1047,1,1,0.006228416692465544
1048,1,1,0.03080342896282673
1049,4,1,0.03130267933011055
1050,3,1,0.04371487349271774
1051,2,1,0.04145583510398865
1052,0,1,0.02422587387263775
1053,3,1,0.014593737199902534
1054,1,1,0.02057979814708233
1055,5,1,0.030117588117718697
1056,3,1,0.0192194152623415
1057,7,1,0.016633041203022003
1058,6,1,0.028283139690756798
1059,8,0,0.0343194343149662
1060,9,1,0.010481700301170349
1061,1,1,0.014531278051435947
1062,6,1,0.028967859223484993
1063,4,1,0.01784881390631199
1064,9,1,0.01856127195060253
1065,3,1,0.010126202367246151
1066,9,1,0.023009007796645164
1067,0,1,0.03098844736814499
1068,9,1,0.007177496794611216
1069,6,1,0.03137023746967316
1070,3,1,0.04455111175775528
1071,6,1,0.03395180404186249
1072,0,1,0.03977407515048981
1073,7,1,0.023617753759026527
1074,3,1,0.024186652153730392
1075,8,0,0.012914475053548813
1076,0,1,0.01875292882323265
1077,0,1,0.020735235884785652
1078,0,1,0.16597235202789307
1079,6,1,0.01996401697397232
1080,6,1,0.022095337510108948
1081,6,1,0.02454380691051483
1082,9,1,0.019666019827127457
1083,2,1,0.019065361469984055
1084,5,1,0.026072939857840538
1085,4,1,0.014123810455203056
1086,4,1,0.03832973167300224
1087,6,1,0.014272695407271385
1088,3,1,0.022835467010736465
1089,6,1,0.025117499753832817
1090,0,1,0.00995282456278801
1091,8,0,0.013567022047936916
1092,6,1,0.02800443023443222
1093,0,1,0.0694599449634552
1094,6,1,0.022267546504735947
1095,2,1,0.017238978296518326
1096,7,1,0.024153966456651688
1097,5,1,0.029658310115337372
1098,1,1,0.03859398141503334
1099,2,1,0.024445004761219025
1100,7,1,0.018268853425979614
1101,8,0,0.009123042225837708
1102,8,0,0.01266954280436039
1103,0,1,0.02350129373371601
1104,9,1,0.018425075337290764
1105,4,1,0.054064251482486725
1106,9,1,0.014653408899903297
1107,7,1,0.06459047645330429
1108,2,1,0.10978677123785019
1109,0,1,0.016149338334798813
1110,2,1,0.021144140511751175
1111,8,0,0.00835503451526165
1112,3,1,0.02697354555130005
1113,8,0,0.008173532783985138
1114,9,1,0.014389906078577042
1115,1,1,0.03447737544775009
1116,5,1,0.02388032153248787
1117,5,1,0.017986547201871872
1118,4,1,0.027996249496936798
1119,7,1,0.02463924139738083
1120,5,1,0.04122208058834076
1121,3,1,0.045600708574056625
1122,8,0,0.00795837864279747
1123,3,1,0.018723301589488983
1124,3,1,0.11862331628799438
1125,6,1,0.017965566366910934
1126,2,1,0.01009867899119854
1127,8,0,0.007892431691288948
1128,4,1,0.0251186303794384
1129,3,1,0.02688646875321865
1130,7,1,0.020260564982891083
1131,1,1,0.014595423825085163
1132,2,1,0.019677337259054184
1133,4,1,0.037917330861091614
1134,1,1,0.02975793182849884
1135,6,1,0.044101230800151825
1136,9,1,0.029488245025277138
1137,0,1,0.022817527875304222
1138,5,1,0.02360672689974308
1139,8,0,0.012448213994503021
1140,6,1,0.029422827064990997
1141,1,1,0.015558043494820595
1142,8,0,0.013929924927651882
1143,6,1,0.026760466396808624
1144,1,1,0.005004622973501682
1145,4,1,0.03831799700856209
1146,2,1,0.010930966585874557
1147,6,1,0.017978016287088394
1148,2,1,0.01989569142460823
1149,7,1,0.026957107707858086
1150,2,1,0.020852018147706985
1151,2,1,0.034541282802820206
1152,0,1,0.02890467271208763
1153,8,0,0.0076971109956502914
1154,6,1,0.02752273716032505
1155,9,1,0.017068149521946907
1156,1,1,0.029176488518714905
1157,7,1,0.01251799426972866
1158,1,1,0.033483002334833145
1159,8,0,0.015524251386523247
1160,8,0,0.01958845928311348
1161,0,1,0.03810161352157593
1162,7,1,0.017632879316806793
1163,3,1,0.03391619771718979
1164,8,0,0.029368218034505844
1165,0,1,0.013298425823450089
1166,3,1,0.026983289048075676
1167,4,1,0.011121317744255066
1168,3,1,0.01576188951730728
1169,7,1,0.02892535924911499
1170,7,1,0.0452020987868309
1171,9,1,0.029838675633072853
1172,2,1,0.02239619381725788
1173,3,1,0.027810830622911453
1174,1,1,0.02531064860522747
1175,9,1,0.015889953821897507
1176,1,1,0.023505015298724174
1177,9,1,0.017877060920000076
1178,6,1,0.02173086628317833
1179,3,1,0.013841880485415459
1180,3,1,0.011662879027426243
1181,3,1,0.056314680725336075
1182,1,1,0.02373124286532402
1183,0,1,0.046714168041944504
1184,6,1,0.02542560175061226
1185,1,1,0.010589299723505974
1186,4,1,0.052220042794942856
1187,1,1,0.027116060256958008
1188,0,1,0.009469201788306236
1189,0,1,0.05994688719511032
1190,1,1,0.032173216342926025
1191,1,1,0.019501954317092896
1192,6,1,0.028910912573337555
1193,5,1,0.019642068073153496
1194,4,1,0.012488894164562225
1195,6,1,0.03721816837787628
1196,2,1,0.017173677682876587
1197,0,1,0.016978122293949127
1198,7,1,0.020851656794548035
1199,9,1,0.0275261327624321
1200,8,0,0.018206972628831863
1201,7,1,0.04269736260175705
1202,2,1,0.03825942426919937
1203,0,1,0.02399301715195179
1204,6,1,0.027151253074407578
1205,8,0,0.037931762635707855
1206,1,1,0.029399212449789047
1207,4,1,0.00903794914484024
1208,3,1,0.03203188255429268
1209,7,1,0.023749757558107376
1210,0,1,0.030042555183172226
1211,6,1,0.06066105514764786
1212,1,1,0.029663527384400368
1213,8,0,0.012801646254956722
1214,5,1,0.027140820398926735
1215,7,1,0.017523694783449173
1216,8,0,0.032514121383428574
1217,4,1,0.01774185337126255
1218,8,0,0.0062141758389770985
1219,3,1,0.02620016597211361
1220,9,1,0.01845535635948181
1221,9,1,0.020802974700927734
1222,9,1,0.034116700291633606
1223,8,0,0.016472939401865005
1224,7,1,0.03576654940843582
1225,6,1,0.016515100374817848
1226,6,1,0.028401551768183708
1227,3,1,0.021061714738607407
1228,5,1,0.028033491224050522
1229,1,1,0.028402142226696014
1230,5,1,0.023409023880958557
1231,9,1,0.03424221649765968
1232,1,1,0.026104586198925972
1233,4,1,0.03544718772172928
1234,1,1,0.02691446617245674
1235,5,1,0.02604793757200241
1236,7,1,0.03541039675474167
1237,0,1,0.013148525729775429
1238,1,1,0.028012320399284363
1239,5,1,0.022828727960586548
1240,2,1,0.01595553383231163
1241,0,1,0.01865389570593834
1242,8,0,0.018103471025824547
1243,8,0,0.04519280418753624
1244,5,1,0.024210955947637558
1245,6,1,0.02219347655773163
1246,7,1,0.026140552014112473
1247,3,1,0.026119835674762726
1248,2,1,0.022319642826914787
1249,4,1,0.023236168548464775
1250,7,1,0.02640674263238907
1251,2,1,0.028287816792726517
1252,5,1,0.03251763433218002
1253,8,0,0.025629673153162003
1254,2,1,0.027247577905654907
1255,4,1,0.02389911189675331
1256,9,1,0.009906327351927757
1257,2,1,0.034377336502075195
1258,1,1,0.0204075425863266
1259,8,0,0.007390604354441166
1260,1,1,0.020056327804923058
1261,9,1,0.011445332318544388
1262,8,0,0.01947232522070408
1263,8,0,0.01841806247830391
1264,8,0,0.015511232428252697
1265,9,1,0.01398621778935194
1266,0,1,0.009131211787462234
1267,4,1,0.044491853564977646
1268,3,1,0.026228152215480804
1269,3,1,0.03108622133731842
1270,1,1,0.02325829118490219
1271,8,0,0.01231435127556324
1272,4,1,0.02054642140865326
1273,6,1,0.02436375990509987
1274,3,1,0.03308884799480438
1275,3,1,0.025461971759796143
1276,5,1,0.009216979146003723
1277,2,1,0.016212452203035355
1278,2,1,0.036807458847761154
1279,8,0,0.03262130171060562
1280,3,1,0.023507174104452133
1281,8,0,0.009338133037090302
1282,9,1,0.028878970071673393
1283,5,1,0.03934720531105995
1284,8,0,0.013428911566734314
1285,9,1,0.02752181701362133
1286,8,0,0.016449954360723495
1287,9,1,0.010370105504989624
1288,1,1,0.01956566609442234
1289,6,1,0.01702699437737465
1290,5,1,0.016517601907253265
1291,9,1,0.01762314885854721
1292,4,1,0.011094885878264904
1293,4,1,0.034482087939977646
1294,8,0,0.013500489294528961
1295,0,1,0.02919735200703144
1296,7,1,0.03874366730451584
1297,2,1,0.07333304733037949
1298,9,1,0.038690388202667236
1299,7,1,0.013932841829955578
1300,4,1,0.01965337246656418
1301,1,1,0.019774697721004486
1302,6,1,0.01419004239141941
1303,4,1,0.027159670367836952
1304,4,1,0.024394791573286057
1305,9,1,0.013367566280066967
1306,1,1,0.040335796773433685
1307,2,1,0.006501368246972561
1308,5,1,0.0318719781935215
1309,6,1,0.04363735765218735
1310,0,1,0.043335795402526855
1311,8,0,0.008035152219235897
1312,6,1,0.03362815082073212
1313,1,1,0.021750949323177338
1314,9,1,0.0201563760638237
1315,4,1,0.07834511995315552
1316,5,1,0.04834861308336258
1317,9,1,0.017511378973722458
1318,5,1,0.02300633117556572
1319,0,1,0.06479190289974213
1320,7,1,0.013773509301245213
1321,2,1,0.01591411978006363
1322,0,1,0.01415039598941803
1323,0,1,0.01253646519035101
1324,4,1,0.04710894078016281
1325,2,1,0.021845154464244843
1326,6,1,0.02950001135468483
1327,6,1,0.015574846416711807
1328,5,1,0.036392271518707275
1329,5,1,0.0352606400847435
1330,2,1,0.03834833204746246
1331,8,0,0.015659159049391747
1332,1,1,0.016881560906767845
1333,7,1,0.031805820763111115
1334,3,1,0.0424359068274498
1335,1,1,0.01726626604795456
1336,4,1,0.03481743484735489
1337,5,1,0.0429212749004364
1338,6,1,0.017602020874619484
1339,5,1,0.0249386727809906
1340,1,1,0.01350456103682518
1341,4,1,0.02228335477411747
1342,7,1,0.03576004505157471
1343,0,1,0.029841065406799316
1344,9,1,0.029532574117183685
1345,4,1,0.01751626282930374
1346,3,1,0.029873961582779884
1347,8,0,0.020011749118566513
1348,2,1,0.015002338215708733
1349,8,0,0.008261598646640778
1350,4,1,0.025341710075736046
1351,7,1,0.05636822059750557
1352,2,1,0.01494218036532402
1353,3,1,0.030953243374824524
1354,1,1,0.033718157559633255
1355,5,1,0.03448878601193428
1356,2,1,0.026395805180072784
1357,9,1,0.01978130452334881
1358,8,0,0.01900266297161579
1359,9,1,0.0213606134057045
1360,7,1,0.03267001360654831
1361,9,1,0.012747930362820625
1362,5,1,0.03141581639647484
1363,1,1,0.01229226216673851
1364,4,1,0.019714098423719406
1365,0,1,0.05974581465125084
1366,8,0,0.009265396744012833
1367,2,1,0.029556766152381897
1368,3,1,0.023657869547605515
1369,8,0,0.005811884067952633
1370,9,1,0.02748965471982956
1371,1,1,0.028289221227169037
1372,1,1,0.025866687297821045
1373,3,1,0.05145491659641266
1374,2,1,0.012461302801966667
1375,4,1,0.02161257527768612
1376,9,1,0.024900207296013832
1377,3,1,0.024498432874679565
1378,1,1,0.024813326075673103
1379,7,1,0.022799108177423477
1380,4,1,0.022210806608200073
1381,6,1,0.03099948726594448
1382,2,1,0.05962595343589783
1383,8,0,0.0396474152803421
1384,9,1,0.0222606360912323
1385,5,1,0.028398972004652023
1386,3,1,0.024271387606859207
1387,9,1,0.011520304717123508
1388,5,1,0.03755418211221695
1389,5,1,0.02494821324944496
1390,6,1,0.037896666675806046
1391,7,1,0.016664549708366394
1392,2,1,0.031216498464345932
1393,4,1,0.047344308346509933
1394,6,1,0.03331645578145981
1395,3,1,0.03479211777448654
1396,1,1,0.02513439953327179
1397,0,1,0.015285301022231579
1398,7,1,0.013479133136570454
1399,2,1,0.025791626423597336
1400,5,1,0.034691136330366135
1401,4,1,0.04675658047199249
1402,7,1,0.03304664045572281
1403,6,1,0.01888582669198513
1404,1,1,0.019991334527730942
1405,1,1,0.03128330409526825
1406,9,1,0.018731072545051575
1407,8,0,0.019055668264627457
1408,1,1,0.02539364993572235
1409,0,1,0.03593280911445618
1410,1,1,0.018587473779916763
1411,3,1,0.027699945494532585
1412,1,1,0.021129606291651726
1413,1,1,0.022720593959093094
1414,1,1,0.011946868151426315
1415,7,1,0.037584319710731506
1416,3,1,0.016724321991205215
1417,9,1,0.007956394925713539
1418,6,1,0.035949334502220154
1419,8,0,0.009941982105374336
1420,4,1,0.026716111227869987
1421,6,1,0.04522048681974411
1422,8,0,0.006695104762911797
1423,4,1,0.03141772374510765
1424,9,1,0.019743487238883972
1425,4,1,0.013022832572460175
1426,7,1,0.03308423236012459
1427,9,1,0.022730901837348938
1428,7,1,0.024553989991545677
1429,6,1,0.01690668985247612
1430,8,0,0.04660709202289581
1431,4,1,0.027532335370779037
1432,9,1,0.01203586719930172
1433,7,1,0.03859195485711098
1434,0,1,0.009794885292649269
1435,1,1,0.012971881777048111
1436,6,1,0.01802549511194229
1437,1,1,0.015591980889439583
1438,5,1,0.04035544767975807
1439,9,1,0.027142276987433434
1440,0,1,0.020153678953647614
1441,4,1,0.034561049193143845
1442,3,1,0.027599267661571503
1443,4,1,0.01363334245979786
1444,1,1,0.019035939127206802
1445,3,1,0.026228953152894974
1446,0,1,0.0571679025888443
1447,8,0,0.01791079342365265
1448,4,1,0.026949992403388023
1449,6,1,0.03442109376192093
1450,2,1,0.01775621622800827
1451,2,1,0.02665005810558796
1452,6,1,0.03851337358355522
1453,5,1,0.030222395434975624
1454,3,1,0.013321925885975361
1455,6,1,0.02123134396970272
1456,2,1,0.022827308624982834
1457,1,1,0.01566307432949543
1458,1,1,0.00904647447168827
1459,8,0,0.013112394139170647
1460,6,1,0.04214153066277504
1461,0,1,0.02236577495932579
1462,4,1,0.06182965636253357
1463,0,1,0.02692743018269539
1464,1,1,0.02659587189555168
1465,9,1,0.056910187005996704
1466,7,1,0.02089580148458481
1467,1,1,0.029130946844816208
1468,3,1,0.05808091536164284
1469,7,1,0.016130410134792328
1470,7,1,0.026033714413642883
1471,8,0,0.007282659411430359
1472,7,1,0.03191293030977249
1473,7,1,0.027758687734603882
1474,3,1,0.0141121381893754
1475,9,1,0.01374079193919897
1476,7,1,0.01750117912888527
1477,7,1,0.016946276649832726
1478,7,1,0.01775738224387169
1479,2,1,0.009972132742404938
1480,1,1,0.019307279959321022
1481,2,1,0.07011573016643524
1482,8,0,0.01088717021048069
1483,6,1,0.01574864238500595
1484,4,1,0.03543500974774361
1485,0,1,0.01278693974018097
1486,7,1,0.023014914244413376
1487,9,1,0.020678330212831497
1488,8,0,0.00920130591839552
1489,6,1,0.020688185468316078
1490,8,0,0.020372562110424042
1491,4,1,0.024808768182992935
1492,9,1,0.04882478341460228
1493,1,1,0.01794438809156418
1494,7,1,0.01103648915886879
1495,2,1,0.05785380303859711
1496,2,1,0.025121159851551056
1497,8,0,0.013198316097259521
1498,5,1,0.025027183815836906
1499,8,0,0.02506389655172825
1500,1,1,0.021594271063804626
1501,2,1,0.03454313799738884
1502,2,1,0.03631937876343727
1503,4,1,0.05041313171386719
1504,1,1,0.023649360984563828
1505,2,1,0.05135834217071533
1506,5,1,0.019683057442307472
1507,2,1,0.013431139290332794
1508,8,0,0.011048597283661366
1509,1,1,0.031536176800727844
1510,8,0,0.016603762283921242
1511,1,1,0.019118865951895714
1512,8,0,0.011412447318434715
1513,6,1,0.0409432128071785
1514,0,1,0.005854736547917128
1515,2,1,0.039407096803188324
1516,4,1,0.04925979673862457
1517,1,1,0.024074263870716095
1518,3,1,0.0322689414024353
1519,6,1,0.014428302645683289
1520,7,1,0.028742142021656036
1521,7,1,0.017425764352083206
1522,4,1,0.04344341903924942
1523,4,1,0.0276574045419693
1524,3,1,0.03659907728433609
1525,3,1,0.016377002000808716
1526,4,1,0.02985781617462635
1527,5,1,0.025145847350358963
1528,2,1,0.028144102543592453
1529,4,1,0.011727814562618732
1530,3,1,0.026270437985658646
1531,7,1,0.021973052993416786
1532,8,0,0.020910367369651794
1533,4,1,0.032483361661434174
1534,4,1,0.03130275011062622
1535,4,1,0.04607754945755005
1536,5,1,0.016201287508010864
1537,4,1,0.017920618876814842
1538,3,1,0.029024135321378708
1539,2,1,0.028519844636321068
1540,8,0,0.028106849640607834
1541,4,1,0.02811073325574398
1542,5,1,0.03582064062356949
1543,5,1,0.024721909314393997
1544,4,1,0.014824625104665756
1545,1,1,0.028634246438741684
1546,4,1,0.030458781868219376
1547,2,1,0.08063702285289764
1548,5,1,0.013495487160980701
1549,1,1,0.03296055272221565
1550,6,1,0.017232298851013184
1551,4,1,0.020629622042179108
1552,3,1,0.05032629519701004
1553,4,1,0.029639504849910736
1554,4,1,0.02588864602148533
1555,0,1,0.016208644956350327
1556,8,0,0.014805452898144722
1557,8,0,0.00447015929967165
1558,4,1,0.02943434938788414
1559,5,1,0.021325059235095978
1560,7,1,0.028814811259508133
1561,5,1,0.022583652287721634
1562,6,1,0.03265922889113426
1563,9,1,0.016745373606681824
1564,1,1,0.02336714416742325
1565,6,1,0.031308263540267944
1566,7,1,0.026021737605333328
1567,2,1,0.03430098667740822
1568,0,1,0.036146752536296844
1569,1,1,0.030410904437303543
1570,4,1,0.03347151353955269
1571,5,1,0.04130866378545761
1572,6,1,0.027572451159358025
1573,0,1,0.028856292366981506
1574,0,1,0.015584176406264305
1575,2,1,0.028155580163002014
1576,7,1,0.015135001391172409
1577,5,1,0.02512199431657791
1578,6,1,0.03657606989145279
1579,0,1,0.009059740230441093
1580,6,1,0.022210363298654556
1581,2,1,0.021115144714713097
1582,9,1,0.01554475724697113
1583,1,1,0.023029571399092674
1584,7,1,0.017861612141132355
1585,7,1,0.017059238627552986
1586,5,1,0.18785125017166138
1587,2,1,0.008132463321089745
1588,5,1,0.019322749227285385
1589,6,1,0.025703050196170807
1590,4,1,0.07004153728485107
1591,1,1,0.027569308876991272
1592,4,1,0.01263144426047802
1593,3,1,0.022218747064471245
1594,3,1,0.05765657126903534
1595,3,1,0.017148718237876892
1596,0,1,0.024045491591095924
1597,3,1,0.021660039201378822
1598,5,1,0.011524160392582417
1599,5,1,0.04120909422636032
1600,8,0,0.03237369656562805
1601,9,1,0.010405919514596462
1602,7,1,0.012591938488185406
1603,3,1,0.024952540174126625
1604,1,1,0.019606489688158035
1605,3,1,0.0980028584599495
1606,3,1,0.019133351743221283
1607,3,1,0.053950097411870956
1608,4,1,0.03271487355232239
1609,4,1,0.04287869483232498
1610,2,1,0.05374443903565407
1611,3,1,0.05572831630706787
1612,3,1,0.04672843962907791
1613,8,0,0.017936179414391518
1614,1,1,0.03713832423090935
1615,7,1,0.01692226529121399
1616,7,1,0.017931785434484482
1617,0,1,0.018534157425165176
1618,7,1,0.02038465440273285
1619,4,1,0.026607073843479156
1620,5,1,0.01960947923362255
1621,1,1,0.049913711845874786
1622,4,1,0.03821872919797897
1623,2,1,0.03975234553217888
1624,4,1,0.0129693653434515
1625,3,1,0.03240157663822174
1626,9,1,0.028251860290765762
1627,9,1,0.026879848912358284
1628,4,1,0.019616078585386276
1629,9,1,0.060088008642196655
1630,9,1,0.020773593336343765
1631,1,1,0.030705630779266357
1632,8,0,0.00826022308319807
1633,1,1,0.005800456274300814
1634,6,1,0.023253608494997025
1635,7,1,0.03162727132439613
1636,5,1,0.02203550562262535
1637,5,1,0.015946146100759506
1638,4,1,0.05296727269887924
1639,9,1,0.02253495156764984
1640,7,1,0.033762671053409576
1641,6,1,0.023923324421048164
1642,5,1,0.030908731743693352
1643,9,1,0.036630779504776
1644,2,1,0.030843239277601242
1645,4,1,0.027460653334856033
1646,0,1,0.042611945420503616
1647,7,1,0.034653302282094955
1648,8,0,0.008307535201311111
1649,5,1,0.03316723555326462
1650,5,1,0.0284821055829525
1651,0,1,0.006918592844158411
1652,0,1,0.03251247853040695
1653,9,1,0.013995248824357986
1654,9,1,0.01941346749663353
1655,8,0,0.015771780163049698
1656,2,1,0.053576745092868805
1657,5,1,0.061051562428474426
1658,4,1,0.024089347571134567
1659,8,0,0.011737491935491562
1660,3,1,0.0335816964507103
1661,6,1,0.021699480712413788
1662,3,1,0.036045514047145844
1663,6,1,0.04596595838665962
1664,0,1,0.564150333404541
1665,6,1,0.03537015616893768
1666,6,1,0.037863776087760925
1667,6,1,0.021193798631429672
1668,9,1,0.022074945271015167
1669,6,1,0.02293257974088192
1670,6,1,0.04863534867763519
1671,8,0,0.013828471302986145
1672,6,1,0.021584777161478996
1673,2,1,0.026432981714606285
1674,4,1,0.02056930586695671
1675,5,1,0.0592157207429409
1676,8,0,0.01022645365446806
1677,1,1,0.030607417225837708
1678,2,1,0.02919224463403225
1679,7,1,0.0209638811647892
1680,6,1,0.016848450526595116
1681,5,1,0.04070669412612915
1682,7,1,0.019308114424347878
1683,8,0,0.012565353885293007
1684,1,1,0.020101651549339294
1685,8,0,0.052466534078121185
1686,0,1,0.03994730859994888
1687,8,0,0.022575989365577698
1688,6,1,0.03299567848443985
1689,9,1,0.020592890679836273
1690,2,1,0.05116940662264824
1691,8,0,0.016180535778403282
1692,9,1,0.012961369007825851
1693,4,1,0.016073841601610184
1694,0,1,0.255307137966156
1695,9,1,0.008888138458132744
1696,4,1,0.01335941068828106
1697,9,1,0.02853841707110405
1698,5,1,0.02975764498114586
1699,7,1,0.024326574057340622
1700,5,1,0.04968605190515518
1701,5,1,0.03603246808052063
1702,9,1,0.026150790974497795
1703,5,1,0.010604806244373322
1704,3,1,0.02835123799741268
1705,0,1,0.027012597769498825
1706,1,1,0.019474640488624573
1707,9,1,0.019805435091257095
1708,7,1,0.020348915830254555
1709,2,1,0.04486245661973953
1710,4,1,0.03313150256872177
1711,1,1,0.037334028631448746
1712,0,1,0.006419622339308262
1713,8,0,0.015643950551748276
1714,0,1,0.023974206298589706
1715,3,1,0.03576505929231644
1716,1,1,0.019341493025422096
1717,7,1,0.05065378546714783
1718,0,1,0.015375258401036263
1719,0,1,0.02594316378235817
1720,4,1,0.04608602449297905
1721,8,0,0.01028180681169033
1722,6,1,0.01862766593694687
1723,2,1,0.011324508115649223
1724,4,1,0.018474366515874863
1725,0,1,0.006800143048167229
1726,0,1,0.01438608393073082
1727,9,1,0.02308722585439682
1728,0,1,0.039450645446777344
1729,8,0,0.014315890148282051
1730,4,1,0.01593245565891266
1731,5,1,0.026136193424463272
1732,9,1,0.023309562355279922
1733,3,1,0.017857803031802177
1734,9,1,0.017843708395957947
1735,0,1,0.053915638476610184
1736,5,1,0.01103710476309061
1737,6,1,0.02758200280368328
1738,5,1,0.014279860071837902
1739,0,1,0.020242702215909958
1740,1,1,0.011086760088801384
1741,4,1,0.030796071514487267
1742,8,0,0.01465300191193819
1743,1,1,0.028571393340826035
1744,0,1,0.014336923137307167
1745,5,1,0.04543900489807129
1746,2,1,0.012829858809709549
1747,1,1,0.012646759860217571
1748,0,1,0.03747512400150299
1749,2,1,0.027177665382623672
1750,8,0,0.030504260212183
1751,1,1,0.014799199998378754
1752,5,1,0.024791665375232697
1753,6,1,0.029666613787412643
1754,7,1,0.02456660568714142
1755,7,1,0.018557395786046982
1756,2,1,0.017156224697828293
1757,6,1,0.01573917269706726
1758,2,1,0.02007606066763401
1759,5,1,0.27284830808639526
1760,0,1,0.023043189197778702
1761,1,1,0.024018876254558563
1762,4,1,0.02494099736213684
1763,2,1,0.05234295874834061
1764,5,1,0.03554829582571983
1765,4,1,0.03763674199581146
1766,6,1,0.0492238849401474
1767,2,1,0.040739357471466064
1768,2,1,0.01631982997059822
1769,1,1,0.023200806230306625
1770,7,1,0.030775750055909157
1771,2,1,0.02817973494529724
1772,8,0,0.05068318545818329
1773,5,1,0.02334829419851303
1774,5,1,0.03645339235663414
1775,3,1,0.02259266935288906
1776,0,1,0.025398992002010345
1777,4,1,0.022851930931210518
1778,8,0,0.006442174315452576
1779,3,1,0.024731960147619247
1780,7,1,0.010697565972805023
1781,6,1,0.030147340148687363
1782,3,1,0.026897214353084564
1783,8,0,0.006475252099335194
1784,1,1,0.018542051315307617
1785,0,1,0.042411088943481445
1786,1,1,0.016095789149403572
1787,3,1,0.07974055409431458
1788,3,1,0.01747817173600197
1789,0,1,0.01807500422000885
1790,7,1,0.022553222253918648
1791,4,1,0.042600277811288834
1792,9,1,0.016064424067735672
1793,5,1,0.03818991780281067
1794,3,1,0.02758592739701271
1795,6,1,0.0220014825463295
1796,0,1,0.023770740255713463
1797,1,1,0.03427693247795105
1798,4,1,0.04724429175257683
1799,4,1,0.02136494219303131
1800,4,1,0.026802733540534973
1801,4,1,0.014998571947216988
1802,2,1,0.31268978118896484
1803,2,1,0.028504643589258194
1804,5,1,0.020631924271583557
1805,8,0,0.025063686072826385
1806,1,1,0.014639293774962425
1807,5,1,0.04853057861328125
1808,9,1,0.024569328874349594
1809,8,0,0.020656701177358627
1810,1,1,0.012228809297084808
1811,1,1,0.035134561359882355
1812,5,1,0.03445723280310631
1813,3,1,0.031242135912179947
1814,9,1,0.022545674815773964
1815,9,1,0.02860248275101185
1816,7,1,0.04950627684593201
1817,6,1,0.024610480293631554
1818,5,1,0.018930982798337936
1819,0,1,0.013210497796535492
1820,8,0,0.017663750797510147
1821,4,1,0.028295014053583145
1822,7,1,0.02754455991089344
1823,0,1,0.016811445355415344
1824,9,1,0.01272423006594181
1825,2,1,0.03059162013232708
1826,8,0,0.009265517815947533
1827,4,1,0.020748905837535858
1828,7,1,0.007916878908872604
1829,1,1,0.034524183720350266
1830,3,1,0.060927849262952805
1831,9,1,0.013472121208906174
1832,6,1,0.029557978734374046
1833,8,0,0.00583256408572197
1834,9,1,0.033506836742162704
1835,0,1,0.012195754796266556
1836,4,1,0.047949858009815216
1837,9,1,0.03594230115413666
1838,6,1,0.013888291083276272
1839,7,1,0.028865955770015717
1840,8,0,0.021679557859897614
1841,9,1,0.027834482491016388
1842,4,1,0.02020902931690216
1843,8,0,0.0077201612293720245
1844,9,1,0.01864069513976574
1845,7,1,0.026254810392856598
1846,2,1,0.03383875638246536
1847,5,1,0.04989432543516159
1848,3,1,0.04898843541741371
1849,7,1,0.03759166598320007
1850,1,1,0.04683159291744232
1851,0,1,0.07019729912281036
1852,2,1,0.027533508837223053
1853,9,1,0.008142413571476936
1854,5,1,0.03868845850229263
1855,5,1,0.022092502564191818
1856,8,0,0.017929691821336746
1857,5,1,0.03137972950935364
1858,4,1,0.01418503001332283
1859,2,1,0.02361578866839409
1860,8,0,0.010304836556315422
1861,3,1,0.017980346456170082
1862,5,1,0.037781454622745514
1863,5,1,0.015037896111607552
1864,7,1,0.030151449143886566
1865,7,1,0.037047065794467926
1866,8,0,0.010087622329592705
1867,6,1,0.035004936158657074
1868,2,1,0.02664855681359768
1869,8,0,0.015636220574378967
1870,2,1,0.0423642136156559
1871,3,1,0.03331978991627693
1872,5,1,0.03261497616767883
1873,6,1,0.01557248830795288
1874,8,0,0.02153605781495571
1875,0,1,0.014277263544499874
1876,2,1,0.03441204875707626
1877,3,1,0.03227071464061737
1878,7,1,0.04027479141950607
1879,0,1,0.04548938572406769
1880,1,1,0.023763922974467278
1881,9,1,0.01473286747932434
1882,1,1,0.02129567414522171
1883,3,1,0.01745927706360817
1884,7,1,0.028416279703378677
1885,5,1,0.027643583714962006
1886,8,0,0.013981751166284084
1887,3,1,0.0322856605052948
1888,2,1,0.03161686286330223
1889,9,1,0.019463974982500076
1890,6,1,0.022896306589245796
1891,8,0,0.007395061664283276
1892,6,1,0.026265796273946762
1893,9,1,0.013293284922838211
1894,3,1,0.045260146260261536
1895,8,0,0.004307685419917107
1896,9,1,0.010324114933609962
1897,8,0,0.01198374293744564
1898,0,1,0.04742990434169769
1899,7,1,0.02237970381975174
1900,8,0,0.0074175759218633175
1901,5,1,0.02124675363302231
1902,0,1,0.032687850296497345
1903,0,1,0.0058541009202599525
1904,1,1,0.023679781705141068
1905,3,1,0.039219506084918976
1906,9,1,0.021924087777733803
1907,1,1,0.04259020835161209
1908,5,1,0.022410623729228973
1909,3,1,0.03858872503042221
1910,4,1,0.021317845210433006
1911,4,1,0.015354067087173462
1912,0,1,0.02649066410958767
1913,9,1,0.025464002043008804
1914,9,1,0.03363709896802902
1915,9,1,0.027277803048491478
1916,9,1,0.030169449746608734
1917,8,0,0.013472513295710087
1918,2,1,0.027442332357168198
1919,4,1,0.019136548042297363
1920,2,1,0.023481596261262894
1921,2,1,0.024255797266960144
1922,5,1,0.048920564353466034
1923,1,1,0.024515803903341293
1924,9,1,0.035783153027296066
1925,1,1,0.01960908994078636
1926,0,1,0.031660180538892746
1927,9,1,0.04534918814897537
1928,4,1,0.026395853608846664
1929,2,1,0.03850781172513962
1930,1,1,0.039945028722286224
1931,6,1,0.022885173559188843
1932,0,1,0.04964394122362137
1933,3,1,0.04402238130569458
1934,7,1,0.019643519073724747
1935,6,1,0.04011513292789459
1936,3,1,0.024549294263124466
1937,1,1,0.025099052116274834
1938,8,0,0.021370667964220047
1939,6,1,0.025652844458818436
1940,5,1,0.012077837251126766
1941,7,1,0.039458513259887695
1942,2,1,0.03580942377448082
1943,8,0,0.016962045803666115
1944,4,1,0.0266885906457901
1945,4,1,0.027207814157009125
1946,8,0,0.013740286231040955
1947,3,1,0.026401400566101074
1948,5,1,0.016956420615315437
1949,0,1,0.020336342975497246
1950,5,1,0.03673464432358742
1951,7,1,0.025428732857108116
1952,4,1,0.01715739816427231
1953,4,1,0.01836395636200905
1954,2,1,0.017124950885772705
1955,2,1,0.017486266791820526
1956,7,1,0.01656351238489151
1957,3,1,0.023741722106933594
1958,6,1,0.066594198346138
1959,0,1,0.013765844516456127
1960,2,1,0.03167475014925003
1961,7,1,0.052952107042074203
1962,6,1,0.037844233214855194
1963,2,1,0.01679258421063423
1964,3,1,0.0277169831097126
1965,0,1,0.031821757555007935
1966,7,1,0.04111513867974281
1967,7,1,0.03703152388334274
1968,8,0,0.009412570856511593
1969,1,1,0.022495580837130547
1970,1,1,0.034023936837911606
1971,4,1,0.06399077922105789
1972,6,1,0.019143303856253624
1973,0,1,0.01977718248963356
1974,6,1,0.022736389189958572
1975,6,1,0.013899115845561028
1976,5,1,0.01887156441807747
1977,5,1,0.03804287314414978
1978,6,1,0.022124506533145905
1979,3,1,0.019525881856679916
1980,9,1,0.026681143790483475
1981,3,1,0.057017456740140915
1982,6,1,0.05624743923544884
1983,8,0,0.02665065787732601
1984,7,1,0.03240380063652992
1985,6,1,0.0304697435349226
1986,4,1,0.027097420766949654
1987,9,1,0.012544959783554077
1988,5,1,0.011944685131311417
1989,6,1,0.02036275342106819
1990,4,1,0.021417517215013504
1991,1,1,0.037052400410175323
1992,6,1,0.02324821427464485
1993,3,1,0.012632020749151707
1994,8,0,0.01810356229543686
1995,2,1,0.038379356265068054
1996,3,1,0.03509753569960594
1997,9,1,0.021121788769960403
1998,8,0,0.04526130110025406
1999,5,1,0.045137349516153336
2000,1,1,0.055652059614658356
2001,5,1,0.0377061702311039
2002,4,1,0.029941992834210396
2003,5,1,0.018251996487379074
2004,7,1,0.02971905656158924
2005,5,1,0.0216224268078804
2006,7,1,0.01994132064282894
2007,8,0,0.008612636476755142
2008,9,1,0.023950504139065742
2009,1,1,0.009170961566269398
2010,7,1,0.011516446247696877
2011,2,1,0.02104507014155388
2012,5,1,0.021004514768719673
2013,6,1,0.023590169847011566
2014,8,0,0.0134845320135355
2015,4,1,0.02936277538537979
2016,6,1,0.01799636334180832
2017,5,1,0.029970571398735046
2018,3,1,0.03589717298746109
2019,9,1,0.02159140631556511
2020,9,1,0.016220949590206146
2021,8,0,0.021898457780480385
2022,5,1,0.034447431564331055
2023,5,1,0.0182301364839077
2024,6,1,0.022526059299707413
2025,4,1,0.05901186168193817
2026,5,1,0.023603644222021103
2027,9,1,0.027237795293331146
2028,7,1,0.024080676957964897
2029,3,1,0.02832612209022045
2030,4,1,0.05148497223854065
2031,1,1,0.019859347492456436
2032,4,1,0.050448425114154816
2033,2,1,0.017186444252729416
2034,3,1,0.01984795555472374
2035,6,1,0.02310910075902939
2036,5,1,0.012478645890951157
2037,5,1,0.040352776646614075
2038,2,1,0.0223278496414423
2039,8,0,0.05823998898267746
2040,0,1,0.009864388033747673
2041,0,1,0.07301634550094604
2042,1,1,0.011993631720542908
2043,8,0,0.025301184505224228
2044,3,1,0.021414903923869133
2045,1,1,0.026330992579460144
2046,3,1,0.025847218930721283
2047,5,1,0.04106397181749344
2048,8,0,0.026813821867108345
2049,3,1,0.024337386712431908
2050,8,0,0.017719149589538574
2051,5,1,0.027567215263843536
2052,8,0,0.006589050404727459
2053,6,1,0.041088804602622986
2054,3,1,0.025210805237293243
2055,5,1,0.01786414161324501
2056,5,1,0.03575000911951065
2057,5,1,0.014380447566509247
2058,0,1,0.012627203948795795
2059,9,1,0.04041692614555359
2060,5,1,0.05500754341483116
2061,5,1,0.024029383435845375
2062,7,1,0.026343315839767456
2063,1,1,0.022378142923116684
2064,8,0,0.005157840438187122
2065,2,1,0.0403607115149498
2066,2,1,0.03413810208439827
2067,7,1,0.025363212451338768
2068,3,1,0.026100050657987595
2069,4,1,0.02848667837679386
2070,2,1,0.019327186048030853
2071,9,1,0.019294168800115585
2072,6,1,0.01880970224738121
2073,2,1,0.05705145001411438
2074,2,1,0.03976898640394211
2075,4,1,0.011369038373231888
2076,3,1,0.05001327395439148
2077,0,1,0.01656379923224449
2078,2,1,0.05776095390319824
2079,0,1,0.04102231562137604
2080,1,1,0.028389926999807358
2081,3,1,0.024799000471830368
2082,2,1,0.04408193379640579
2083,2,1,0.025861013680696487
2084,7,1,0.029573306441307068
2085,0,1,0.022824402898550034
2086,1,1,0.00981822144240141
2087,0,1,0.054150473326444626
2088,7,1,0.012240888550877571
2089,7,1,0.02829502522945404
2090,2,1,0.4527081251144409
2091,0,1,0.06265661865472794
2092,1,1,0.023506712168455124
2093,6,1,0.03237399458885193
2094,5,1,0.019352659583091736
2095,0,1,0.05349123477935791
2096,2,1,0.03610854595899582
2097,2,1,0.04871251806616783
2098,0,1,0.02284661866724491
2099,1,1,0.027356287464499474
2100,2,1,0.01993727684020996
2101,6,1,0.025863895192742348
2102,0,1,0.021298600360751152
2103,1,1,0.01770654506981373
2104,6,1,0.011057775467634201
2105,6,1,0.03272104635834694
2106,5,1,0.01882128417491913
2107,3,1,0.018038805574178696
2108,4,1,0.03860369324684143
2109,0,1,0.020680997520685196
2110,0,1,0.05960050970315933
2111,9,1,0.04289039596915245
2112,1,1,0.015757739543914795
2113,0,1,0.024863753467798233
2114,2,1,0.022732213139533997
2115,5,1,0.05860893428325653
2116,9,1,0.012010408565402031
2117,7,1,0.018834281712770462
2118,8,0,0.015889564529061317
2119,6,1,0.030707918107509613
2120,4,1,0.02674863114953041
2121,6,1,0.08186617493629456
2122,0,1,0.10372495651245117
2123,2,1,0.03468046337366104
2124,0,1,0.01397504098713398
2125,1,1,0.022536758333444595
2126,9,1,0.011991718783974648
2127,2,1,0.02922356314957142
2128,4,1,0.03562868759036064
2129,9,1,0.007939565926790237
2130,0,1,0.033926621079444885
2131,7,1,0.02521371841430664
2132,2,1,0.033856987953186035
2133,3,1,0.02428935468196869
2134,4,1,0.030111735686659813
2135,8,0,0.011011950671672821
2136,0,1,0.05875968933105469
2137,2,1,0.04847443848848343
2138,6,1,0.0164005309343338
2139,8,0,0.009929351508617401
2140,9,1,0.016276061534881592
2141,7,1,0.020772483199834824
2142,1,1,0.025153305381536484
2143,9,1,0.015612377785146236
2144,3,1,0.023472370579838753
2145,7,1,0.027254080399870872
2146,2,1,0.028099000453948975
2147,7,1,0.015656474977731705
2148,9,1,0.027547240257263184
2149,6,1,0.024352367967367172
2150,9,1,0.01863064616918564
2151,5,1,0.01620142161846161
2152,7,1,0.016747422516345978
2153,8,0,0.014185645617544651
2154,5,1,0.01883259043097496
2155,9,1,0.005755322985351086
2156,8,0,0.009678219445049763
2157,3,1,0.025109324604272842
2158,9,1,0.01822761446237564
2159,8,0,0.015150394290685654
2160,0,1,0.016981646418571472
2161,5,1,0.04513558745384216
2162,5,1,0.010096222162246704
2163,7,1,0.013505758717656136
2164,1,1,0.022487273439764977
2165,2,1,0.02745116874575615
2166,0,1,0.03369387239217758
2167,7,1,0.042491763830184937
2168,5,1,0.024905717000365257
2169,8,0,0.051031626760959625
2170,2,1,0.021837947890162468
2171,2,1,0.030781719833612442
2172,5,1,0.03319757431745529
2173,3,1,0.016638074070215225
2174,9,1,0.012524726800620556
2175,3,1,0.025744372978806496
2176,1,1,0.01880865916609764
2177,9,1,0.024378513917326927
2178,3,1,0.02256745472550392
2179,1,1,0.01936854049563408
2180,4,1,0.03634089231491089
2181,3,1,0.016034677624702454
2182,4,1,0.0168331116437912
2183,4,1,0.027239248156547546
2184,9,1,0.019421277567744255
2185,0,1,0.01787693053483963
2186,9,1,0.013123748824000359
2187,5,1,0.03196648880839348
2188,9,1,0.007916994392871857
2189,2,1,0.0521954670548439
2190,9,1,0.01921148970723152
2191,4,1,0.02570546418428421
2192,0,1,0.026729464530944824
2193,2,1,0.020917024463415146
2194,8,0,0.012197080999612808
2195,4,1,0.023796217516064644
2196,8,0,0.010836584493517876
2197,6,1,0.03808743506669998
2198,8,0,0.023779258131980896
2199,2,1,0.02956046722829342
2200,0,1,0.012834882363677025
2201,5,1,0.010199678130447865
2202,9,1,0.025966694578528404
2203,6,1,0.02574172616004944
2204,9,1,0.028555050492286682
2205,5,1,0.03132397308945656
2206,1,1,0.017644893378019333
2207,3,1,0.015220953151583672
2208,4,1,0.029436545446515083
2209,4,1,0.027834981679916382
2210,2,1,0.14448392391204834
2211,7,1,0.011958198621869087
2212,2,1,0.012012572959065437
2213,4,1,0.05818726867437363
2214,4,1,0.02130509354174137
2215,0,1,0.04462825134396553
2216,2,1,0.031802039593458176
2217,8,0,0.008044538088142872
2218,4,1,0.018171342089772224
2219,5,1,0.024053458124399185
2220,1,1,0.027848806232213974
2221,2,1,0.025831885635852814
2222,6,1,0.02289820834994316
2223,8,0,0.012899438850581646
2224,1,1,0.024558205157518387
2225,7,1,0.022253528237342834
2226,2,1,0.025187833234667778
2227,8,0,0.01714891940355301
2228,7,1,0.012672904878854752
2229,4,1,0.017821837216615677
2230,3,1,0.03796106204390526
2231,3,1,0.02372352033853531
2232,0,1,0.02242213673889637
2233,3,1,0.06730934977531433
2234,7,1,0.03522490710020065
2235,2,1,0.041506554931402206
2236,5,1,0.031194936484098434
2237,6,1,0.032470498234033585
2238,1,1,0.033539991825819016
2239,7,1,0.02409568428993225
2240,9,1,0.013597450219094753
2241,0,1,0.029468003660440445
2242,2,1,0.015931103378534317
2243,3,1,0.04151707887649536
2244,9,1,0.02720138058066368
2245,8,0,0.035055190324783325
2246,9,1,0.0202755369246006
2247,5,1,0.027359142899513245
2248,0,1,0.036112911999225616
2249,0,1,0.02770383656024933
2250,7,1,0.03942874073982239
2251,6,1,0.04891873896121979
2252,3,1,0.03308824449777603
2253,3,1,0.0411650650203228
2254,8,0,0.012134304270148277
2255,1,1,0.010470058768987656
2256,4,1,0.03781699761748314
2257,0,1,0.025147119536995888
2258,1,1,0.02139061689376831
2259,5,1,0.017587648704648018
2260,4,1,0.03411334380507469
2261,3,1,0.015108819119632244
2262,2,1,0.009530285373330116
2263,6,1,0.03862915188074112
2264,0,1,0.027456041425466537
2265,8,0,0.006695662625133991
2266,8,0,0.011220850050449371
2267,6,1,0.021529139950871468
2268,3,1,0.016231397166848183
2269,3,1,0.02596520632505417
2270,2,1,0.07016825675964355
2271,9,1,0.01523229107260704
2272,7,1,0.02790439873933792
2273,5,1,0.03193143010139465
2274,1,1,0.026489868760108948
2275,6,1,0.030485965311527252
2276,0,1,0.0364864245057106
2277,5,1,0.014310913160443306
2278,9,1,0.027499523013830185
2279,9,1,0.011617308482527733
2280,4,1,0.010059487074613571
2281,5,1,0.009755853563547134
2282,9,1,0.005403013434261084
2283,4,1,0.01663275435566902
2284,8,0,0.01547953486442566
2285,3,1,0.03607921674847603
2286,3,1,0.022681351751089096
2287,2,1,0.02761303074657917
2288,5,1,0.028008360415697098
2289,1,1,0.023283954709768295
2290,9,1,0.023581866174936295
2291,5,1,0.03605419769883156
2292,5,1,0.018234290182590485
2293,8,0,0.021697619929909706
2294,1,1,0.01808593049645424
2295,8,0,0.007449467200785875
2296,9,1,0.02320660464465618
2297,7,1,0.013540193438529968
2298,0,1,0.016303036361932755
2299,6,1,0.01147792860865593
2300,3,1,0.020796433091163635
2301,2,1,0.07581550627946854
2302,0,1,0.027996256947517395
2303,2,1,0.027842193841934204
2304,6,1,0.0166391022503376
2305,9,1,0.025495750829577446
2306,3,1,0.03371693566441536
2307,9,1,0.02504352480173111
2308,1,1,0.014964482747018337
2309,6,1,0.02095302939414978
2310,6,1,0.02214767038822174
2311,7,1,0.08239886164665222
2312,2,1,0.05428468808531761
2313,6,1,0.02414223924279213
2314,3,1,0.03608369827270508
2315,2,1,0.06474265456199646
2316,5,1,0.02238665148615837
2317,5,1,0.03572361171245575
2318,2,1,0.019878625869750977
2319,7,1,0.016134411096572876
2320,5,1,0.02613554522395134
2321,2,1,0.013429224491119385
2322,0,1,0.0625053271651268
2323,8,0,0.01719735562801361
2324,0,1,0.012839254923164845
2325,7,1,0.019565531983971596
2326,7,1,0.03198637068271637
2327,1,1,0.03914988040924072
2328,7,1,0.03473740816116333
2329,4,1,0.024784673005342484
2330,0,1,0.03990229219198227
2331,2,1,0.03056357428431511
2332,2,1,0.03343046456575394
2333,6,1,0.02111387625336647
2334,1,1,0.025063876062631607
2335,5,1,0.027575403451919556
2336,9,1,0.011435162276029587
2337,7,1,0.024761615321040154
2338,6,1,0.03962159901857376
2339,2,1,0.04181898757815361
2340,7,1,0.01659189723432064
2341,0,1,0.015082505531609058
2342,5,1,0.017237981781363487
2343,6,1,0.031879838556051254
2344,0,1,0.02140171080827713
2345,1,1,0.030029568821191788
2346,1,1,0.038276974111795425
2347,8,0,0.008846365846693516
2348,4,1,0.04005305841565132
2349,5,1,0.02614222839474678
2350,3,1,0.024832017719745636
2351,1,1,0.042444825172424316
2352,2,1,0.040881965309381485
2353,4,1,0.03157718852162361
2354,8,0,0.019718462601304054
2355,9,1,0.0353870764374733
2356,8,0,0.008899916894733906
2357,1,1,0.014821323566138744
2358,7,1,0.015615934506058693
2359,2,1,0.03938636556267738
2360,7,1,0.0316394567489624
2361,2,1,0.027145715430378914
2362,3,1,0.06449355185031891
2363,2,1,0.03351372107863426
2364,6,1,0.05321665108203888
2365,7,1,0.02318841964006424
2366,9,1,0.012695785611867905
2367,4,1,0.024634849280118942
2368,0,1,0.02290659211575985
2369,1,1,0.012908242642879486
2370,0,1,0.009473782032728195
2371,4,1,0.009902141988277435
2372,5,1,0.02222393825650215
2373,0,1,0.10093659162521362
2374,8,0,0.01543105486780405
2375,0,1,0.013263901695609093
2376,7,1,0.009730111807584763
2377,6,1,0.010742086917161942
2378,1,1,0.016966933384537697
2379,0,1,0.014828993938863277
2380,8,0,0.005074100568890572
2381,5,1,0.029846597462892532
2382,9,1,0.01716003566980362
2383,2,1,0.05472874268889427
2384,5,1,0.02365858666598797
2385,4,1,0.013794771395623684
2386,4,1,0.015443895012140274
2387,9,1,0.012039285153150558
2388,0,1,0.02659229189157486
2389,6,1,0.02078605629503727
2390,1,1,0.026084773242473602
2391,2,1,0.0990852490067482
2392,5,1,0.015324432402849197
2393,1,1,0.02188580296933651
2394,6,1,0.03268062695860863
2395,7,1,0.01776665262877941
2396,1,1,0.020826708525419235
2397,5,1,0.017923830077052116
2398,8,0,0.00422864593565464
2399,8,0,0.007255398668348789
2400,0,1,0.10547228157520294
2401,3,1,0.014549970626831055
2402,9,1,0.01561746932566166
2403,4,1,0.024022601544857025
2404,0,1,0.03663229942321777
2405,3,1,0.02302779071033001
2406,4,1,0.041484005749225616
2407,9,1,0.01608409360051155
2408,2,1,0.018768224865198135
2409,4,1,0.03941488638520241
2410,3,1,0.01962137594819069
2411,0,1,0.06317491084337234
2412,6,1,0.011685304343700409
2413,4,1,0.022169724106788635
2414,5,1,0.018069282174110413
2415,6,1,0.055781759321689606
2416,6,1,0.029331149533391
2417,7,1,0.014950760640203953
2418,8,0,0.020123764872550964
2419,4,1,0.026607424020767212
2420,8,0,0.017432821914553642
2421,8,0,0.020551413297653198
2422,3,1,0.020444050431251526
2423,2,1,0.026993781328201294
2424,8,0,0.013326195999979973
2425,0,1,0.029266467317938805
2426,2,1,0.028444204479455948
2427,5,1,0.03008228912949562
2428,6,1,0.025983303785324097
2429,8,0,0.013253089040517807
2430,7,1,0.04554767534136772
2431,8,0,0.009363092482089996
2432,9,1,0.005320574622601271
2433,9,1,0.04873424768447876
2434,0,1,0.015674276277422905
2435,6,1,0.022669818252325058
2436,6,1,0.03534512594342232
2437,8,0,0.04907749593257904
2438,1,1,0.016175173223018646
2439,1,1,0.02406187728047371
2440,7,1,0.040245138108730316
2441,4,1,0.016132541000843048
2442,4,1,0.02617383375763893
2443,2,1,0.0350574254989624
2444,3,1,0.018367527052760124
2445,6,1,0.021894201636314392
2446,9,1,0.017003897577524185
2447,6,1,0.029675763100385666
2448,2,1,0.030967634171247482
2449,4,1,0.035706114023923874
2450,1,1,0.04418433457612991
2451,8,0,0.01668677106499672
2452,2,1,0.02509172633290291
2453,3,1,0.04782765358686447
2454,1,1,0.026331476867198944
2455,6,1,0.03459572792053223
2456,8,0,0.05380548536777496
2457,6,1,0.020791511982679367
2458,8,0,0.01071471069008112
2459,5,1,0.01989090070128441
2460,9,1,0.018796896561980247
2461,0,1,0.03658431023359299
2462,1,1,0.022469189018011093
2463,0,1,0.019046643748879433
2464,2,1,0.021634411066770554
2465,9,1,0.013107620179653168
2466,2,1,0.01832493022084236
2467,9,1,0.013315081596374512
2468,0,1,0.014141486957669258
2469,9,1,0.024882201105356216
2470,7,1,0.020430099219083786
2471,8,0,0.02026273123919964
2472,5,1,0.02937951497733593
2473,0,1,0.017569683492183685
2474,6,1,0.050056882202625275
2475,6,1,0.02465921826660633
2476,8,0,0.007637673057615757
2477,1,1,0.023154066875576973
2478,6,1,0.025261618196964264
2479,5,1,0.021138986572623253
2480,8,0,0.014928722754120827
2481,7,1,0.027827907353639603
2482,9,1,0.018021967262029648
2483,2,1,0.02060219831764698
2484,1,1,0.022832654416561127
2485,6,1,0.03692368045449257
2486,7,1,0.033238139003515244
2487,5,1,0.027774611487984657
2488,6,1,0.025539714843034744
2489,3,1,0.015650682151317596
2490,0,1,0.03190549090504646
2491,9,1,0.009480839595198631
2492,8,0,0.011554832570254803
2493,9,1,0.01642340049147606
2494,5,1,0.06925617158412933
2495,9,1,0.010758800432085991
2496,9,1,0.03125213831663132
2497,9,1,0.012632958590984344
2498,3,1,0.04114479571580887
2499,6,1,0.028549233451485634
2500,4,1,0.03282814472913742
2501,4,1,0.025082673877477646
2502,8,0,0.039978988468647
2503,8,0,0.009066942147910595
2504,1,1,0.03653842955827713
2505,7,1,0.02991103008389473
2506,3,1,0.023178748786449432
2507,0,1,0.45977210998535156
2508,6,1,0.01886652037501335
2509,2,1,0.02591121569275856
2510,4,1,0.024713711813092232
2511,8,0,0.027775321155786514
2512,2,1,0.031049055978655815
2513,2,1,0.03562469780445099
2514,9,1,0.03769916668534279
2515,2,1,0.019246133044362068
2516,2,1,0.01972311921417713
2517,9,1,0.023213950917124748
2518,7,1,0.02562866546213627
2519,4,1,0.059735435992479324
2520,1,1,0.021245071664452553
2521,9,1,0.02596038207411766
2522,1,1,0.010975668206810951
2523,4,1,0.02535536140203476
2524,3,1,0.01737476885318756
2525,5,1,0.026343485340476036
2526,3,1,0.04317436367273331
2527,8,0,0.015026163309812546
2528,9,1,0.02797435224056244
2529,3,1,0.03430027514696121
2530,6,1,0.018282238394021988
2531,2,1,0.01691044121980667
2532,0,1,0.022520530968904495
2533,8,0,0.06400725990533829
2534,9,1,0.009449953213334084
2535,0,1,0.028497222810983658
2536,5,1,0.022009750828146935
2537,1,1,0.013931967318058014
2538,5,1,0.05200415849685669
2539,8,0,0.006143610924482346
2540,2,1,0.02412160113453865
2541,1,1,0.03743463382124901
2542,2,1,0.02289644628763199
2543,3,1,0.07826085388660431
2544,2,1,0.030569344758987427
2545,4,1,0.021741461008787155
2546,8,0,0.007699129171669483
2547,4,1,0.029982028529047966
2548,0,1,0.04354746267199516
2549,6,1,0.020609717816114426
2550,4,1,0.016031019389629364
2551,2,1,0.026787644252181053
2552,9,1,0.018685923889279366
2553,8,0,0.006753439549356699
2554,4,1,0.023585639894008636
2555,7,1,0.01579049602150917
2556,6,1,0.019752126187086105
2557,2,1,0.025829028338193893
2558,4,1,0.06597904860973358
2559,7,1,0.05709300935268402
2560,7,1,0.04241739585995674
2561,6,1,0.02753046713769436
2562,4,1,0.035149700939655304
2563,2,1,0.05411277338862419
2564,2,1,0.05381520465016365
2565,3,1,0.045391686260700226
2566,2,1,0.016471410170197487
2567,4,1,0.024057768285274506
2568,9,1,0.05196959525346756
2569,0,1,0.034678585827350616
2570,0,1,0.08025112748146057
2571,9,1,0.023042969405651093
2572,6,1,0.039386212825775146
2573,5,1,0.02165030688047409
2574,8,0,0.02463146299123764
2575,5,1,0.027179844677448273
2576,2,1,0.022179365158081055
2577,4,1,0.0142301544547081
2578,8,0,0.025987565517425537
2579,8,0,0.01759134978055954
2580,6,1,0.021631479263305664
2581,4,1,0.017322812229394913
2582,5,1,0.02452782168984413
2583,7,1,0.02408875711262226
2584,6,1,0.0461261086165905
2585,3,1,0.18497443199157715
2586,7,1,0.024697251617908478
2587,0,1,0.03743201494216919
2588,4,1,0.02667386829853058
2589,0,1,0.015470443293452263
2590,5,1,0.03651675581932068
2591,8,0,0.013309728354215622
2592,2,1,0.04287360981106758
2593,8,0,0.015826771035790443
2594,0,1,0.017687760293483734
2595,4,1,0.01858001947402954
2596,9,1,0.014158211648464203
2597,2,1,0.01593998447060585
2598,3,1,0.020579371601343155
2599,6,1,0.021329548209905624
2600,8,0,0.012998741120100021
2601,1,1,0.023065268993377686
2602,6,1,0.03424688056111336
2603,0,1,0.018029503524303436
2604,8,0,0.015041457489132881
2605,4,1,0.02450241521000862
2606,3,1,0.06379634141921997
2607,1,1,0.03217143565416336
2608,4,1,0.023474497720599174
2609,5,1,0.02846447564661503
2610,2,1,0.022250618785619736
2611,4,1,0.03453607112169266
2612,3,1,0.0899890661239624
2613,6,1,0.02591976523399353
2614,0,1,0.01864178106188774
2615,7,1,0.02946791611611843
2616,1,1,0.015598954632878304
2617,3,1,0.02614283747971058
2618,5,1,0.023914046585559845
2619,7,1,0.013546650297939777
2620,1,1,0.03116297721862793
2621,8,0,0.019684795290231705
2622,0,1,0.07534538209438324
2623,4,1,0.013550478033721447
2624,8,0,0.02378551848232746
2625,2,1,0.05772525444626808
2626,7,1,0.023995961993932724
2627,7,1,0.018376464024186134
2628,0,1,0.01068585179746151
2629,2,1,0.041619494557380676
2630,2,1,0.054789215326309204
2631,4,1,0.01748102344572544
2632,3,1,0.01783892512321472
2633,3,1,0.021683434024453163
2634,1,1,0.02628016471862793
2635,6,1,0.050623998045921326
2636,1,1,0.04026941955089569
2637,6,1,0.05574951320886612
2638,4,1,0.03796559199690819
2639,6,1,0.036611370742321014
2640,7,1,0.02720009535551071
2641,4,1,0.043477341532707214
2642,7,1,0.019363394007086754
2643,3,1,0.02044493705034256
2644,8,0,0.015483204275369644
2645,1,1,0.02137213945388794
2646,3,1,0.03899451345205307
2647,1,1,0.030366908758878708
2648,4,1,0.025898095220327377
2649,6,1,0.029003316536545753
2650,5,1,0.01703859120607376
2651,5,1,0.016433684155344963
2652,7,1,0.038272276520729065
2653,4,1,0.015163050964474678
2654,5,1,0.04678335785865784
2655,4,1,0.014442719519138336
2656,9,1,0.01908915862441063
2657,7,1,0.041473016142845154
2658,7,1,0.05231637507677078
2659,2,1,0.015420890413224697
2660,3,1,0.05383741110563278
2661,3,1,0.02100866287946701
2662,6,1,0.03073079138994217
2663,7,1,0.014849120751023293
2664,4,1,0.03161558136343956
2665,1,1,0.028458811342716217
2666,6,1,0.017571400851011276
2667,1,1,0.026111526414752007
2668,0,1,0.12994861602783203
2669,6,1,0.025319844484329224
2670,9,1,0.014913850463926792
2671,6,1,0.030331628397107124
2672,0,1,0.022496560588479042
2673,2,1,0.023492084816098213
2674,0,1,0.03166947513818741
2675,2,1,0.05419362336397171
2676,4,1,0.023108510300517082
2677,7,1,0.013594038784503937
2678,0,1,0.03116670623421669
2679,0,1,0.030365776270627975
2680,0,1,0.02170046791434288
2681,0,1,0.02592325583100319
2682,7,1,0.026537403464317322
2683,5,1,0.030039675533771515
2684,3,1,0.015027560293674469
2685,2,1,0.023343611508607864
2686,7,1,0.03795873373746872
2687,8,0,0.01931612193584442
2688,5,1,0.028996897861361504
2689,5,1,0.023513872176408768
2690,2,1,0.037745267152786255
2691,2,1,0.024208061397075653
2692,8,0,0.006756570190191269
2693,9,1,0.017247652634978294
2694,1,1,0.020466536283493042
2695,2,1,0.03773649409413338
2696,2,1,0.0059514278545975685
2697,0,1,0.01578322798013687
2698,3,1,0.019675936549901962
2699,4,1,0.019101707264780998
2700,9,1,0.033330902457237244
2701,1,1,0.02349030412733555
2702,6,1,0.03240099549293518
2703,9,1,0.016106773167848587
2704,0,1,0.01484708022326231
2705,8,0,0.05761663243174553
2706,3,1,0.016263728961348534
2707,6,1,0.025248169898986816
2708,4,1,0.05133151262998581
2709,6,1,0.01919439435005188
2710,7,1,0.023660223931074142
2711,5,1,0.05255556106567383
2712,1,1,0.025085389614105225
2713,8,0,0.013629330322146416
2714,9,1,0.013387532904744148
2715,0,1,0.01100512407720089
2716,5,1,0.03254355490207672
2717,0,1,0.06727107614278793
2718,5,1,0.036688439548015594
2719,4,1,0.0498468391597271
2720,3,1,0.019440550357103348
2721,8,0,0.011576334945857525
2722,5,1,0.018583467230200768
2723,2,1,0.026981785893440247
2724,0,1,0.07883240282535553
2725,8,0,0.01386814285069704
2726,5,1,0.028603915125131607
2727,9,1,0.006208434700965881
2728,2,1,0.018535185605287552
2729,5,1,0.03429633751511574
2730,6,1,0.03763379901647568
2731,5,1,0.039888426661491394
2732,7,1,0.027279196307063103
2733,3,1,0.028831563889980316
2734,7,1,0.015458798035979271
2735,2,1,0.01641094870865345
2736,8,0,0.009981388226151466
2737,8,0,0.01991288550198078
2738,4,1,0.019519776105880737
2739,2,1,0.0182961355894804
2740,1,1,0.01852855272591114
2741,6,1,0.010938605293631554
2742,2,1,0.06763975322246552
2743,9,1,0.02987627126276493
2744,9,1,0.037260815501213074
2745,8,0,0.01728224940598011
2746,2,1,0.021162021905183792
2747,3,1,0.022946372628211975
2748,1,1,0.017550025135278702
2749,0,1,0.02371256798505783
2750,5,1,0.05714121833443642
2751,2,1,0.02803855389356613
2752,3,1,0.020804211497306824
2753,7,1,0.026844438165426254
2754,9,1,0.027091050520539284
2755,5,1,0.03250294178724289
2756,9,1,0.03765537589788437
2757,1,1,0.019038699567317963
2758,1,1,0.018723301589488983
2759,3,1,0.03992805257439613
2760,2,1,0.03610529005527496
2761,7,1,0.01189176645129919
2762,4,1,0.038431547582149506
2763,4,1,0.03535621985793114
2764,1,1,0.02999577671289444
2765,9,1,0.028329335153102875
2766,4,1,0.01844612881541252
2767,5,1,0.026175227016210556
2768,5,1,0.022273484617471695
2769,2,1,0.035723522305488586
2770,7,1,0.0434589684009552
2771,7,1,0.010382067412137985
2772,6,1,0.025846056640148163
2773,1,1,0.018389172852039337
2774,2,1,0.026307139545679092
2775,3,1,0.022140689194202423
2776,7,1,0.015439771115779877
2777,5,1,0.04027660936117172
2778,4,1,0.01390545628964901
2779,3,1,0.025646928697824478
2780,7,1,0.027616940438747406
2781,7,1,0.01934755966067314
2782,0,1,0.0401957631111145
2783,0,1,0.0230987761169672
2784,1,1,0.006967420224100351
2785,4,1,0.032807886600494385
2786,4,1,0.04822809249162674
2787,3,1,0.041397854685783386
2788,7,1,0.038253556936979294
2789,9,1,0.020340828225016594
2790,8,0,0.007323528174310923
2791,7,1,0.020450998097658157
2792,0,1,0.03582637757062912
2793,9,1,0.028589671477675438
2794,0,1,0.02489492855966091
2795,3,1,0.013443704694509506
2796,7,1,0.04106062650680542
2797,6,1,0.021748611703515053
2798,3,1,0.01698998734354973
2799,8,0,0.009143468923866749
2800,4,1,0.03032044880092144
2801,5,1,0.02405545860528946
2802,6,1,0.0329049751162529
2803,5,1,0.026118865236639977
2804,3,1,0.01741333305835724
2805,4,1,0.011662114411592484
2806,2,1,0.03897266834974289
2807,9,1,0.018307562917470932
2808,2,1,0.035626038908958435
2809,4,1,0.022911451756954193
2810,9,1,0.026750318706035614
2811,2,1,0.02255171723663807
2812,0,1,0.13002844154834747
2813,1,1,0.07354889810085297
2814,1,1,0.023315854370594025
2815,3,1,0.015435918234288692
2816,7,1,0.05555367469787598
2817,9,1,0.02271762490272522
2818,5,1,0.028663983568549156
2819,1,1,0.02981008216738701
2820,6,1,0.030879801139235497
2821,0,1,0.04432952404022217
2822,3,1,0.010147061198949814
2823,3,1,0.05628899112343788
2824,7,1,0.021544968709349632
2825,2,1,0.033233992755413055
2826,4,1,0.04668545722961426
2827,5,1,0.037219300866127014
2828,2,1,0.07313674688339233
2829,3,1,0.010676585137844086
2830,6,1,0.02850833162665367
2831,3,1,0.057007767260074615
2832,3,1,0.060183655470609665
2833,0,1,0.030164239928126335
2834,4,1,0.021259836852550507
2835,4,1,0.015797851607203484
2836,3,1,0.011681577190756798
2837,8,0,0.01460149884223938
2838,1,1,0.04153180867433548
2839,2,1,0.03830496966838837
2840,3,1,0.024333834648132324
2841,2,1,0.0504048690199852
2842,7,1,0.03363603353500366
2843,1,1,0.03361007198691368
2844,4,1,0.021096767857670784
2845,5,1,0.029909614473581314
2846,6,1,0.018286563456058502
2847,8,0,0.013843984343111515
2848,6,1,0.013089703395962715
2849,6,1,0.017630647867918015
2850,5,1,0.018076203763484955
2851,4,1,0.02786347270011902
2852,2,1,0.02076086401939392
2853,9,1,0.0223456472158432
2854,9,1,0.029372602701187134
2855,3,1,0.02604195848107338
2856,2,1,0.04183989018201828
2857,0,1,0.004518972709774971
2858,4,1,0.024873826652765274
2859,1,1,0.0724785178899765
2860,5,1,0.01601305976510048
2861,5,1,0.025172892957925797
2862,6,1,0.06433568894863129
2863,6,1,0.038185879588127136
2864,5,1,0.013199228793382645
2865,6,1,0.024883022531867027
2866,9,1,0.03830329328775406
2867,7,1,0.017408713698387146
2868,9,1,0.0349903404712677
2869,4,1,0.020420558750629425
2870,8,0,0.024812135845422745
2871,3,1,0.025195300579071045
2872,1,1,0.031290505081415176
2873,9,1,0.010698894970119
2874,8,0,0.007591369561851025
2875,1,1,0.015392206609249115
2876,9,1,0.0061183832585811615
2877,0,1,0.009378498420119286
2878,3,1,0.02002817392349243
2879,0,1,0.021695783361792564
2880,4,1,0.02199319377541542
2881,7,1,0.02686595916748047
2882,7,1,0.033318568021059036
2883,2,1,0.062148403376340866
2884,6,1,0.0239116158336401
2885,5,1,0.026245534420013428
2886,6,1,0.028447497636079788
2887,9,1,0.020374393090605736
2888,7,1,0.019383125007152557
2889,7,1,0.020022766664624214
2890,5,1,0.04226937144994736
2891,7,1,0.01638157293200493
2892,0,1,0.015558355487883091
2893,8,0,0.007980918511748314
2894,6,1,0.023052029311656952
2895,7,1,0.04949979484081268
2896,8,0,0.008609862998127937
2897,3,1,0.024004986509680748
2898,8,0,0.027777545154094696
2899,9,1,0.027040932327508926
2900,3,1,0.034009434282779694
2901,2,1,0.022756116464734077
2902,9,1,0.013585208915174007
2903,2,1,0.018427370116114616
2904,7,1,0.034867338836193085
2905,4,1,0.03364092484116554
2906,1,1,0.02145107090473175
2907,9,1,0.012183630838990211
2908,7,1,0.01803482696413994
2909,0,1,0.017867492511868477
2910,8,0,0.022631879895925522
2911,1,1,0.01501530036330223
2912,2,1,0.046847254037857056
2913,0,1,0.017609795555472374
2914,6,1,0.03211060166358948
2915,5,1,0.03255951777100563
2916,1,1,0.01360628753900528
2917,4,1,0.012834527529776096
2918,2,1,0.03686942905187607
2919,8,0,0.012485019862651825
2920,2,1,0.02919222228229046
2921,8,0,0.006436530500650406
2922,3,1,0.029353220015764236
2923,3,1,0.02700052410364151
2924,1,1,0.031379006803035736
2925,4,1,0.03932350128889084
2926,9,1,0.01672661304473877
2927,8,0,0.007888909429311752
2928,1,1,0.028489723801612854
2929,1,1,0.017674244940280914
2930,7,1,0.04695257171988487
2931,9,1,0.04512705281376839
2932,9,1,0.030472565442323685
2933,4,1,0.04495682567358017
2934,6,1,0.015339371748268604
2935,8,0,0.011038608849048615
2936,5,1,0.03787659481167793
2937,3,1,0.02800537832081318
2938,2,1,0.0881461650133133
2939,2,1,0.02824699878692627
2940,3,1,0.029463954269886017
2941,8,0,0.026410354301333427
2942,5,1,0.05113139748573303
2943,1,1,0.03280751407146454
2944,9,1,0.04488370567560196
2945,7,1,0.034299880266189575
2946,9,1,0.007998703978955746
2947,1,1,0.024212762713432312
2948,5,1,0.04056309163570404
2949,3,1,0.046312443912029266
2950,1,1,0.019250117242336273
2951,0,1,0.024177689105272293
2952,3,1,0.011975848115980625
2953,8,0,0.022616058588027954
2954,9,1,0.022178420796990395
2955,2,1,0.037793755531311035
2956,0,1,0.08140631020069122
2957,8,0,0.017946496605873108
2958,0,1,0.006602003239095211
2959,7,1,0.025782130658626556
2960,9,1,0.012755943462252617
2961,4,1,0.026697712019085884
2962,8,0,0.0074863252229988575
2963,3,1,0.061311401426792145
2964,0,1,0.008298832923173904
2965,7,1,0.016428906470537186
2966,0,1,0.02518317475914955
2967,7,1,0.03886256366968155
2968,0,1,0.008380604907870293
2969,5,1,0.028007790446281433
2970,5,1,0.03202943876385689
2971,4,1,0.02249845862388611
2972,3,1,0.007219461724162102
2973,0,1,0.02485615387558937
2974,9,1,0.01976875215768814
2975,9,1,0.01447885949164629
2976,0,1,0.015463883988559246
2977,2,1,0.014931569807231426
2978,2,1,0.029175378382205963
2979,0,1,0.015726109966635704
2980,8,0,0.012378407642245293
2981,4,1,0.02864449843764305
2982,4,1,0.013399546034634113
2983,5,1,0.024846401065587997
2984,2,1,0.014500636607408524
2985,2,1,0.018587153404951096
2986,1,1,0.023823045194149017
2987,1,1,0.029130959883332253
2988,5,1,0.02288195863366127
2989,5,1,0.013154403306543827
2990,4,1,0.022662196308374405
2991,3,1,0.014299051836133003
2992,4,1,0.01782742142677307
2993,0,1,0.04435369744896889
2994,8,0,0.019434282556176186
2995,4,1,0.08731736242771149
2996,8,0,0.03843848034739494
2997,2,1,0.028661508113145828
2998,5,1,0.014484597370028496
2999,6,1,0.04735032469034195
3000,5,1,0.013023676350712776
3001,1,1,0.019042320549488068
3002,7,1,0.030589813366532326
3003,2,1,0.03654249757528305
3004,4,1,0.006983236409723759
3005,0,1,0.024726176634430885
3006,5,1,0.03077751025557518
3007,6,1,0.04401132091879845
3008,8,0,0.017917726188898087
3009,7,1,0.04695860296487808
3010,6,1,0.038461655378341675
3011,3,1,0.03663922846317291
3012,1,1,0.024119723588228226
3013,3,1,0.023130398243665695
3014,6,1,0.028188573196530342
3015,6,1,0.037704385817050934
3016,4,1,0.05956987291574478
3017,5,1,0.0234825499355793
3018,5,1,0.035861797630786896
3019,5,1,0.026565738022327423
3020,1,1,0.02128373272716999
3021,8,0,0.014161918312311172
3022,7,1,0.009082835167646408
3023,3,1,0.0421515591442585
3024,0,1,0.011218391358852386
3025,2,1,0.045199692249298096
3026,5,1,0.04252321273088455
3027,1,1,0.023198986425995827
3028,1,1,0.015569721348583698
3029,1,1,0.009377463720738888
3030,6,1,0.038598231971263885
3031,7,1,0.03798247128725052
3032,2,1,0.035986028611660004
3033,1,1,0.03410758450627327
3034,2,1,0.06181794032454491
3035,3,1,0.022496189922094345
3036,9,1,0.008782508783042431
3037,8,0,0.015658438205718994
3038,3,1,0.07835542410612106
3039,1,1,0.05788113921880722
3040,7,1,0.03563908860087395
3041,4,1,0.021568618714809418
3042,8,0,0.02211558073759079
3043,4,1,0.030763676390051842
3044,7,1,0.04788994789123535
3045,5,1,0.02319873496890068
3046,8,0,0.024955138564109802
3047,6,1,0.024699099361896515
3048,0,1,0.030911004170775414
3049,3,1,0.023278333246707916
3050,0,1,0.06767193228006363
3051,8,0,0.011956917122006416
3052,3,1,0.03519419580698013
3053,4,1,0.03947436437010765
3054,4,1,0.026523765176534653
3055,9,1,0.04472323879599571
3056,4,1,0.03474220633506775
3057,6,1,0.032997824251651764
3058,1,1,0.03146921843290329
3059,5,1,0.00789744034409523
3060,7,1,0.02154635637998581
3061,7,1,0.031024456024169922
3062,9,1,0.006689826957881451
3063,0,1,0.013474766165018082
3064,1,1,0.022869497537612915
3065,3,1,0.023347627371549606
3066,1,1,0.00527969840914011
3067,3,1,0.03863240033388138
3068,2,1,0.018775712698698044
3069,4,1,0.019387261942029
3070,0,1,0.08364894241094589
3071,7,1,0.03483384847640991
3072,8,0,0.012844419106841087
3073,3,1,0.03744352608919144
3074,1,1,0.03092315047979355
3075,6,1,0.015544642694294453
3076,2,1,0.0230563972145319
3077,1,1,0.031213819980621338
3078,8,0,0.012880105525255203
3079,8,0,0.01369390171021223
3080,1,1,0.04664517194032669
3081,9,1,0.008022142574191093
3082,7,1,0.009295303374528885
3083,5,1,0.026374652981758118
3084,3,1,0.031215282157063484
3085,2,1,0.040477901697158813
3086,9,1,0.018196217715740204
3087,0,1,0.007311022840440273
3088,6,1,0.023366186767816544
3089,8,0,0.013452965766191483
3090,4,1,0.021450072526931763
3091,1,1,0.09930282831192017
3092,5,1,0.021532457321882248
3093,7,1,0.02752445638179779
3094,2,1,0.009945438243448734
3095,4,1,0.05862920731306076
3096,7,1,0.016225356608629227
3097,0,1,0.010915689170360565
3098,4,1,0.031693171709775925
3099,9,1,0.024189280346035957
3100,0,1,0.0335962176322937
3101,7,1,0.014962404035031796
3102,0,1,0.03163677453994751
3103,6,1,0.028550885617733
3104,7,1,0.034371428191661835
3105,1,1,0.027375368401408195
3106,8,0,0.017214279621839523
3107,5,1,0.02109445258975029
3108,8,0,0.042225830256938934
3109,8,0,0.01301572471857071
3110,7,1,0.06609393656253815
3111,0,1,0.006532474420964718
3112,0,1,0.05340655893087387
3113,3,1,0.03306789696216583
3114,2,1,0.007457532454282045
3115,5,1,0.03316562622785568
3116,7,1,0.027427978813648224
3117,0,1,0.01896095462143421
3118,6,1,0.04671955853700638
3119,4,1,0.030990730971097946
3120,4,1,0.022978777065873146
3121,9,1,0.03405684977769852
3122,1,1,0.014855967834591866
3123,8,0,0.013037752360105515
3124,6,1,0.03025658242404461
3125,3,1,0.04165806621313095
3126,9,1,0.017162790521979332
3127,4,1,0.049079470336437225
3128,9,1,0.015968082472682
3129,3,1,0.023730682209134102
3130,3,1,0.02671169675886631
3131,7,1,0.03951689973473549
3132,5,1,0.0317981019616127
3133,9,1,0.02296290546655655
3134,7,1,0.030239727348089218
3135,7,1,0.025713156908750534
3136,4,1,0.016336482018232346
3137,5,1,0.02444572001695633
3138,8,0,0.008457301184535027
3139,2,1,0.022426174953579903
3140,8,0,0.011788278818130493
3141,9,1,0.01680837571620941
3142,5,1,0.026533324271440506
3143,3,1,0.01841859519481659
3144,1,1,0.029078610241413116
3145,9,1,0.02099408581852913
3146,2,1,0.03201110288500786
3147,2,1,0.06785762310028076
3148,0,1,0.023613471537828445
3149,1,1,0.010519911535084248
3150,1,1,0.02995051071047783
3151,8,0,0.020148543640971184
3152,1,1,0.027537059038877487
3153,1,1,0.01680261828005314
3154,9,1,0.009718251414597034
3155,8,0,0.004718717187643051
3156,9,1,0.020597685128450394
3157,9,1,0.012283828109502792
3158,0,1,0.025211680680513382
3159,2,1,0.014722095802426338
3160,6,1,0.027676928788423538
3161,9,1,0.011629926040768623
3162,1,1,0.036162521690130234
3163,9,1,0.036948759108781815
3164,0,1,0.03132954239845276
3165,1,1,0.04446500539779663
3166,9,1,0.03591415286064148
3167,2,1,0.046170223504304886
3168,9,1,0.021700214594602585
3169,9,1,0.010799954645335674
3170,9,1,0.020283536985516548
3171,0,1,0.01610119640827179
3172,9,1,0.0070127765648067
3173,9,1,0.021012622863054276
3174,2,1,0.00923251174390316
3175,1,1,0.0241127610206604
3176,7,1,0.029716718941926956
3177,0,1,0.030010517686605453
3178,5,1,0.020121149718761444
3179,6,1,0.01936701312661171
3180,3,1,0.02557036653161049
3181,9,1,0.014071840792894363
3182,8,0,0.005497629754245281
3183,3,1,0.09057754278182983
3184,0,1,0.05582801625132561
3185,2,1,0.03135064244270325
3186,7,1,0.01516592688858509
3187,7,1,0.021890893578529358
3188,4,1,0.03123234212398529
3189,8,0,0.016390366479754448
3190,3,1,0.06645488739013672
3191,0,1,0.04477304965257645
3192,5,1,0.046165503561496735
3193,2,1,0.007983420044183731
3194,3,1,0.024527566507458687
3195,5,1,0.010889828205108643
3196,7,1,0.018473424017429352
3197,6,1,0.03713829442858696
3198,6,1,0.02308856137096882
3199,6,1,0.031779155135154724
3200,5,1,0.02381766214966774
3201,6,1,0.01048797182738781
3202,5,1,0.011380619369447231
3203,4,1,0.017125628888607025
3204,5,1,0.027350127696990967
3205,8,0,0.020734233781695366
3206,8,0,0.12604640424251556
3207,0,1,0.02039305865764618
3208,9,1,0.01698361337184906
3209,7,1,0.02390582114458084
3210,9,1,0.02284696325659752
3211,0,1,0.017630089074373245
3212,6,1,0.02258075773715973
3213,9,1,0.013987433165311813
3214,6,1,0.011458152905106544
3215,1,1,0.011783570051193237
3216,4,1,0.02580776810646057
3217,7,1,0.027942661195993423
3218,9,1,0.033505506813526154
3219,0,1,0.029558779671788216
3220,3,1,0.02968018501996994
3221,5,1,0.024850448593497276
3222,4,1,0.012603873386979103
3223,7,1,0.015478963032364845
3224,6,1,0.03134213387966156
3225,9,1,0.01858709193766117
3226,8,0,0.14612321555614471
3227,2,1,0.018804114311933517
3228,3,1,0.0273799616843462
3229,9,1,0.02009928598999977
3230,3,1,0.02995157241821289
3231,3,1,0.01197807863354683
3232,7,1,0.021811900660395622
3233,8,0,0.029373332858085632
3234,3,1,0.047122545540332794
3235,5,1,0.04177042096853256
3236,5,1,0.019991550594568253
3237,9,1,0.016570335254073143
3238,6,1,0.039870139211416245
3239,1,1,0.022529052570462227
3240,4,1,0.050601523369550705
3241,7,1,0.019752200692892075
3242,4,1,0.03905246779322624
3243,8,0,0.008077031001448631
3244,7,1,0.03290792554616928
3245,7,1,0.018709996715188026
3246,1,1,0.03991127759218216
3247,3,1,0.022950729355216026
3248,0,1,0.016484256833791733
3249,3,1,0.03532980754971504
3250,2,1,0.027027491480112076
3251,5,1,0.05733868479728699
3252,4,1,0.03303060680627823
3253,9,1,0.019091419875621796
3254,3,1,0.01245302613824606
3255,5,1,0.028817832469940186
3256,4,1,0.015329351648688316
3257,7,1,0.02226964198052883
3258,0,1,0.03388015553355217
3259,3,1,0.04449957236647606
3260,7,1,0.025851383805274963
3261,0,1,0.024072851985692978
3262,2,1,0.03169592469930649
3263,1,1,0.02791350707411766
3264,5,1,0.01926492154598236
3265,8,0,0.00461553642526269
3266,7,1,0.024174656718969345
3267,3,1,0.04909437149763107
3268,5,1,0.017236676067113876
3269,7,1,0.014280309900641441
3270,8,0,0.007061544805765152
3271,5,1,0.024204418063163757
3272,7,1,0.011183424852788448
3273,8,0,0.017653536051511765
3274,1,1,0.026930585503578186
3275,5,1,0.027126120403409004
3276,4,1,0.03473635017871857
3277,7,1,0.0317513644695282
3278,0,1,0.00477845873683691
3279,8,0,0.008553496561944485
3280,3,1,0.018606949597597122
3281,2,1,0.050751373171806335
3282,9,1,0.038877710700035095
3283,7,1,0.021917566657066345
3284,4,1,0.02058662474155426
3285,1,1,0.02660646289587021
3286,6,1,0.029764199629426003
3287,5,1,0.020750585943460464
3288,9,1,0.053489912301301956
3289,8,0,0.012221764773130417
3290,5,1,0.01660129427909851
3291,5,1,0.024231204763054848
3292,4,1,0.05099167674779892
3293,1,1,0.016451071947813034
3294,0,1,0.11302672326564789
3295,9,1,0.025605453178286552
3296,4,1,0.014058589935302734
3297,4,1,0.022686203941702843
3298,3,1,0.032600440084934235
3299,0,1,0.023271799087524414
3300,4,1,0.020873703062534332
3301,8,0,0.0045259976759552956
3302,0,1,0.009647076018154621
3303,8,0,0.025695987045764923
3304,2,1,0.022126462310552597
3305,9,1,0.01213461346924305
3306,5,1,0.029167376458644867
3307,9,1,0.020830320194363594
3308,7,1,0.025004932656884193
3309,4,1,0.01266122329980135
3310,6,1,0.0253923237323761
3311,7,1,0.020141709595918655
3312,9,1,0.06533877551555634
3313,2,1,0.022687215358018875
3314,9,1,0.019250186160206795
3315,3,1,0.026061709970235825
3316,7,1,0.016400113701820374
3317,7,1,0.06477542221546173
3318,8,0,0.02180423215031624
3319,2,1,0.040517985820770264
3320,2,1,0.03417275473475456
3321,0,1,0.021565888077020645
3322,2,1,0.026274679228663445
3323,5,1,0.0170583538711071
3324,3,1,0.018714629113674164
3325,6,1,0.02369208261370659
3326,4,1,0.023335494101047516
3327,7,1,0.032456882297992706
3328,2,1,0.032930366694927216
3329,3,1,0.042294759303331375
3330,7,1,0.03380582854151726
3331,8,0,0.004648320842534304
3332,7,1,0.028657812625169754
3333,2,1,0.05498245358467102
3334,5,1,0.019290871918201447
3335,0,1,0.016647927463054657
3336,0,1,0.01046360470354557
3337,7,1,0.012401564046740532
3338,0,1,0.025569597259163857
3339,9,1,0.049572914838790894
3340,6,1,0.023376766592264175
3341,1,1,0.02144942805171013
3342,0,1,0.04167291894555092
3343,3,1,0.02068161591887474
3344,9,1,0.026719506829977036
3345,7,1,0.048652127385139465
3346,4,1,0.025089720264077187
3347,9,1,0.02264174073934555
3348,1,1,0.013501177541911602
3349,6,1,0.020282980054616928
3350,8,0,0.009778577834367752
3351,1,1,0.02539810724556446
3352,2,1,0.031424880027770996
3353,3,1,0.04405318573117256
3354,3,1,0.03573685511946678
3355,5,1,0.019633322954177856
3356,4,1,0.060753922909498215
3357,8,0,0.07356569916009903
3358,9,1,0.018125437200069427
3359,7,1,0.026259658858180046
3360,4,1,0.07142308354377747
3361,4,1,0.01628185622394085
3362,1,1,0.018932633101940155
3363,2,1,0.03775656595826149
3364,4,1,0.035698145627975464
3365,9,1,0.01517290435731411
3366,8,0,0.011887338943779469
3367,7,1,0.028315018862485886
3368,9,1,0.013553730212152004
3369,5,1,0.022706199437379837
3370,1,1,0.01486972440034151
3371,2,1,0.06997817754745483
3372,1,1,0.015415704809129238
3373,6,1,0.0241025872528553
3374,6,1,0.013830993324518204
3375,4,1,0.06012289226055145
3376,5,1,0.029460519552230835
3377,7,1,0.02481856197118759
3378,4,1,0.04365018382668495
3379,5,1,0.016458991914987564
3380,8,0,0.012462850660085678
3381,5,1,0.03900429606437683
3382,2,1,0.02510371431708336
3383,8,0,0.020181946456432343
3384,7,1,0.028490962460637093
3385,8,0,0.005775717087090015
3386,2,1,0.028611857444047928
3387,3,1,0.03646368533372879
3388,6,1,0.02292642369866371
3389,1,1,0.02480638585984707
3390,3,1,0.028454497456550598
3391,3,1,0.05047979578375816
3392,1,1,0.03646116703748703
3393,5,1,0.13193735480308533
3394,1,1,0.019533507525920868
3395,9,1,0.019696269184350967
3396,0,1,0.03896401822566986
3397,9,1,0.024706918746232986
3398,2,1,0.014044251292943954
3399,0,1,0.02698029763996601
3400,6,1,0.02153385430574417
3401,2,1,0.019414778798818588
3402,4,1,0.0536777600646019
3403,8,0,0.03508639335632324
3404,5,1,0.02699221484363079
3405,7,1,0.014551469124853611
3406,6,1,0.025489583611488342
3407,1,1,0.02429192326962948
3408,2,1,0.030635904520750046
3409,9,1,0.011055290699005127
3410,4,1,0.03557979315519333
3411,5,1,0.021955028176307678
3412,0,1,0.0277419313788414
3413,3,1,0.012683751992881298
3414,3,1,0.022619683295488358
3415,7,1,0.029164960607886314
3416,7,1,0.013927288353443146
3417,7,1,0.0193125419318676
3418,1,1,0.030689068138599396
3419,4,1,0.023897593840956688
3420,5,1,0.042911384254693985
3421,0,1,0.01814858987927437
3422,2,1,0.017670888453722
3423,8,0,0.006407499313354492
3424,5,1,0.0312613919377327
3425,0,1,0.01037878729403019
3426,0,1,0.0635865107178688
3427,6,1,0.024791952222585678
3428,2,1,0.02214048057794571
3429,0,1,0.014597711153328419
3430,8,0,0.024597134441137314
3431,4,1,0.028006793931126595
3432,5,1,0.03755700960755348
3433,4,1,0.02584785223007202
3434,5,1,0.04218630492687225
3435,6,1,0.02288820594549179
3436,4,1,0.011760189197957516
3437,7,1,0.05005867779254913
3438,9,1,0.020883390679955482
3439,4,1,0.03302937000989914
3440,2,1,0.019150186330080032
3441,0,1,0.02563423663377762
3442,6,1,0.01065879501402378
3443,4,1,0.03998146578669548
3444,0,1,11.07084846496582
3445,0,1,0.04288642853498459
3446,6,1,0.017079362645745277
3447,4,1,0.029772449284791946
3448,6,1,0.01729297824203968
3449,1,1,0.017422080039978027
3450,9,1,0.022852901369333267
3451,5,1,0.023791920393705368
3452,5,1,0.025511130690574646
3453,2,1,0.028470482677221298
3454,2,1,0.06653641164302826
3455,6,1,0.01626383140683174
3456,3,1,0.028544925153255463
3457,4,1,0.00813093688338995
3458,5,1,0.02975514903664589
3459,9,1,0.03843396157026291
3460,1,1,0.018990783020853996
3461,7,1,0.017465364187955856
3462,2,1,0.013529985211789608
3463,3,1,0.040872618556022644
3464,9,1,0.015905991196632385
3465,6,1,0.02448190003633499
3466,5,1,0.029667533934116364
3467,0,1,0.008758902549743652
3468,2,1,0.03736439347267151
3469,9,1,0.01500425860285759
3470,7,1,0.014317461289465427
3471,1,1,0.010648832656443119
3472,7,1,0.02190358377993107
3473,2,1,0.03286007046699524
3474,2,1,0.03280289098620415
3475,0,1,0.5215634703636169
3476,8,0,0.01566356047987938
3477,6,1,0.04914501681923866
3478,4,1,0.03543342649936676
3479,3,1,0.01671324297785759
3480,2,1,0.016731280833482742
3481,7,1,0.038685142993927
3482,7,1,0.015117737464606762
3483,0,1,0.15878356993198395
3484,4,1,0.03172998130321503
3485,1,1,0.030053850263357162
3486,6,1,0.021212521940469742
3487,5,1,0.01571354828774929
3488,1,1,0.018827976658940315
3489,3,1,0.031164206564426422
3490,0,1,0.021031565964221954
3491,3,1,0.018105998635292053
3492,9,1,0.021292056888341904
3493,0,1,0.012735038995742798
3494,0,1,0.026923097670078278
3495,2,1,0.021929016336798668
3496,5,1,0.023916594684123993
3497,0,1,0.029124319553375244
3498,4,1,0.016549497842788696
3499,0,1,0.03683675825595856
3500,1,1,0.029329927638173103
3501,9,1,0.030162131413817406
3502,8,0,0.032091353088617325
3503,4,1,0.039932262152433395
3504,9,1,0.031048301607370377
3505,4,1,0.03285444900393486
3506,2,1,0.04075084626674652
3507,4,1,0.02279892936348915
3508,3,1,0.0129143837839365
3509,3,1,0.026909105479717255
3510,4,1,0.0255085788667202
3511,0,1,0.010213935747742653
3512,4,1,0.03554488718509674
3513,3,1,0.034590862691402435
3514,2,1,0.020111635327339172
3515,8,0,0.014315469190478325
3516,9,1,0.021680161356925964
3517,1,1,0.031202886253595352
3518,5,1,0.014961915090680122
3519,8,0,0.01915401965379715
3520,1,1,0.022623833268880844
3521,8,0,0.01657392829656601
3522,2,1,0.031620584428310394
3523,4,1,0.02319171652197838
3524,5,1,0.0167112797498703
3525,2,1,0.03113342449069023
3526,4,1,0.011648053303360939
3527,1,1,0.037562042474746704
3528,1,1,0.03530985116958618
3529,6,1,0.03858598694205284
3530,6,1,0.022733096033334732
3531,8,0,0.01192949153482914
3532,5,1,0.01389271579682827
3533,2,1,0.01625007577240467
3534,2,1,0.013385264202952385
3535,5,1,0.02656939998269081
3536,0,1,0.06626010686159134
3537,8,0,0.09131164848804474
3538,2,1,0.010781321674585342
3539,3,1,0.036392293870449066
3540,6,1,0.043672360479831696
3541,2,1,0.042195335030555725
3542,9,1,0.023680925369262695
3543,6,1,0.018385352566838264
3544,1,1,0.019743144512176514
3545,4,1,0.012907465919852257
3546,5,1,0.03535362705588341
3547,9,1,0.01927749440073967
3548,0,1,0.029331618919968605
3549,1,1,0.04789746552705765
3550,0,1,0.053535960614681244
3551,0,1,0.13699354231357574
3552,8,0,0.024561241269111633
3553,1,1,0.025063535198569298
3554,1,1,0.024835610762238503
3555,6,1,0.018904633820056915
3556,6,1,0.03405215963721275
3557,9,1,0.02130207046866417
3558,5,1,0.025188123807311058
3559,4,1,0.023286718875169754
3560,1,1,0.011611754074692726
3561,7,1,0.026850443333387375
3562,8,0,0.015525384806096554
3563,6,1,0.039353158324956894
3564,9,1,0.012498049065470695
3565,1,1,0.024950362741947174
3566,7,1,0.08886489272117615
3567,6,1,0.02858869917690754
3568,0,1,0.012091219425201416
3569,9,1,0.017378482967615128
3570,3,1,0.010649023577570915
3571,5,1,0.021402275189757347
3572,3,1,0.02327411063015461
3573,2,1,0.029941469430923462
3574,5,1,0.08662425726652145
3575,3,1,0.02580833062529564
3576,4,1,0.020541569218039513
3577,9,1,0.02862892672419548
3578,7,1,0.026119591668248177
3579,1,1,0.00902800913900137
3580,4,1,0.021895376965403557
3581,4,1,0.04204215854406357
3582,6,1,0.02648976817727089
3583,1,1,0.02225799486041069
3584,3,1,0.016159813851118088
3585,8,0,0.008428007364273071
3586,8,0,0.008625628426671028
3587,0,1,0.036132946610450745
3588,6,1,0.056334298104047775
3589,7,1,0.024372732266783714
3590,7,1,0.02601419948041439
3591,6,1,0.023257490247488022
3592,7,1,0.03254956379532814
3593,2,1,0.041804276406764984
3594,3,1,0.01990952156484127
3595,2,1,0.02263309806585312
3596,2,1,0.018648702651262283
3597,6,1,0.05672638118267059
3598,2,1,0.029105715453624725
3599,7,1,0.0342441201210022
3600,4,1,0.045355916023254395
3601,0,1,0.019855840131640434
3602,3,1,0.021169720217585564
3603,6,1,0.04821431636810303
3604,2,1,0.021273192018270493
3605,6,1,0.021795572713017464
3606,3,1,0.013578852638602257
3607,3,1,0.0343836210668087
3608,0,1,0.014259951189160347
3609,9,1,0.020749755203723907
3610,5,1,0.019996533170342445
3611,1,1,0.05446536839008331
3612,1,1,0.025335682556033134
3613,5,1,0.052996061742305756
3614,3,1,0.03301471844315529
3615,6,1,0.056258149445056915
3616,4,1,0.07661893963813782
3617,3,1,0.012356365099549294
3618,4,1,0.025698723271489143
3619,1,1,0.030561409890651703
3620,0,1,0.02631145715713501
3621,4,1,0.08577688038349152
3622,5,1,0.01906922645866871
3623,5,1,0.022216543555259705
3624,2,1,0.022318582981824875
3625,8,0,0.008775085210800171
3626,9,1,0.012063845992088318
3627,4,1,0.02136102505028248
3628,3,1,0.03507724404335022
3629,1,1,0.010108008980751038
3630,8,0,0.008280251175165176
3631,0,1,0.03683619573712349
3632,1,1,0.014911448583006859
3633,3,1,0.018567951396107674
3634,3,1,0.011019418947398663
3635,4,1,0.013615677133202553
3636,4,1,0.024645652621984482
3637,2,1,0.017246253788471222
3638,9,1,0.033715035766363144
3639,7,1,0.03132402151823044
3640,6,1,0.06570778042078018
3641,8,0,0.03362942859530449
3642,1,1,0.012770607136189938
3643,8,0,0.008483005687594414
3644,9,1,0.01917887106537819
3645,1,1,0.035560913383960724
3646,3,1,0.022181864827871323
3647,1,1,0.03450325131416321
3648,7,1,0.07618972659111023
3649,3,1,0.035592660307884216
3650,0,1,0.00953595619648695
3651,0,1,0.0216464065015316
3652,2,1,0.015098590403795242
3653,8,0,0.017026981338858604
3654,3,1,0.023176083341240883
3655,9,1,0.018368320539593697
3656,2,1,0.04860430955886841
3657,7,1,0.043036822229623795
3658,2,1,0.024260953068733215
3659,6,1,0.05641757696866989
3660,0,1,0.01126246526837349
3661,1,1,0.026463672518730164
3662,6,1,0.022409774363040924
3663,1,1,0.02323080413043499
3664,6,1,0.013504797592759132
3665,7,1,0.02728665992617607
3666,5,1,0.027827106416225433
3667,5,1,0.02639766037464142
3668,2,1,0.030399929732084274
3669,5,1,0.014358559623360634
3670,9,1,0.006113518960773945
3671,4,1,0.02619180828332901
3672,0,1,0.008933539502322674
3673,2,1,0.041810646653175354
3674,3,1,0.022383425384759903
3675,4,1,0.024926215410232544
3676,9,1,0.010962000116705894
3677,4,1,0.018256869167089462
3678,1,1,0.024450205266475677
3679,0,1,0.008610118180513382
3680,0,1,0.03949839621782303
3681,2,1,0.017736168578267097
3682,3,1,0.03894869238138199
3683,8,0,0.011390136554837227
3684,9,1,0.01693173684179783
3685,2,1,0.03741250932216644
3686,8,0,0.01762259565293789
3687,9,1,0.016122423112392426
3688,5,1,0.016300909221172333
3689,7,1,0.01325794868171215
3690,9,1,0.03159216418862343
3691,1,1,0.030124660581350327
3692,4,1,0.0263103898614645
3693,6,1,0.012590069323778152
3694,2,1,0.013775443658232689
3695,8,0,0.012179888784885406
3696,4,1,0.021116022020578384
3697,4,1,0.02882642298936844
3698,8,0,0.005838932003825903
3699,9,1,0.014435755088925362
3700,3,1,0.023901723325252533
3701,1,1,0.027345076203346252
3702,1,1,0.014789094217121601
3703,6,1,0.011748055927455425
3704,5,1,0.035756707191467285
3705,8,0,0.01703985221683979
3706,4,1,0.01886664144694805
3707,6,1,0.05040699616074562
3708,4,1,0.030770543962717056
3709,5,1,0.01872110553085804
3710,2,1,0.019696291536092758
3711,6,1,0.021487191319465637
3712,4,1,0.031514741480350494
3713,2,1,0.029147867113351822
3714,3,1,0.012764612212777138
3715,1,1,0.016522321850061417
3716,3,1,0.025019273161888123
3717,6,1,0.03947944939136505
3718,8,0,0.012199473567306995
3719,5,1,0.02205262891948223
3720,2,1,0.21744698286056519
3721,2,1,0.04089110717177391
3722,7,1,0.015545710921287537
3723,1,1,0.015299972146749496
3724,6,1,0.03267192840576172
3725,2,1,0.0319385901093483
3726,5,1,0.03154508396983147
3727,9,1,0.012541109696030617
3728,2,1,0.027558330446481705
3729,8,0,0.010497127659618855
3730,1,1,0.028795503079891205
3731,6,1,0.007727350573986769
3732,9,1,0.023985804989933968
3733,2,1,0.02385818399488926
3734,7,1,0.05547412112355232
3735,5,1,0.032649021595716476
3736,3,1,0.02612869068980217
3737,2,1,0.03410619497299194
3738,9,1,0.008921369910240173
3739,7,1,0.02474895305931568
3740,0,1,0.028890803456306458
3741,2,1,0.03118543140590191
3742,9,1,0.016016744077205658
3743,3,1,0.020314909517765045
3744,4,1,0.03555085510015488
3745,1,1,0.01849203370511532
3746,7,1,0.013182975351810455
3747,9,1,0.014734587632119656
3748,5,1,0.021135151386260986
3749,8,0,0.028926685452461243
3750,9,1,0.008372051641345024
3751,7,1,0.016576822847127914
3752,3,1,0.03310536593198776
3753,4,1,0.03841415047645569
3754,0,1,0.035123951733112335
3755,9,1,0.03689255565404892
3756,7,1,0.021648192778229713
3757,4,1,0.11718196421861649
3758,2,1,0.04112837463617325
3759,4,1,0.02271072007715702
3760,7,1,0.022508254274725914
3761,0,1,0.018677925691008568
3762,1,1,0.023764727637171745
3763,8,0,0.021610405296087265
3764,1,1,0.027558207511901855
3765,0,1,0.028308670967817307
3766,4,1,0.04862963780760765
3767,6,1,0.023527590557932854
3768,1,1,0.03246448189020157
3769,9,1,0.037447139620780945
3770,9,1,0.01951361820101738
3771,2,1,0.032154522836208344
3772,1,1,0.017145808786153793
3773,2,1,0.04127182066440582
3774,5,1,0.02588089182972908
3775,6,1,0.018580710515379906
3776,9,1,0.022102076560258865
3777,7,1,0.02049308642745018
3778,7,1,0.030155543237924576
3779,3,1,0.024011798202991486
3780,4,1,0.018228255212306976
3781,2,1,0.028757670894265175
3782,0,1,0.030894488096237183
3783,2,1,0.050839632749557495
3784,5,1,0.024969786405563354
3785,6,1,0.02463950216770172
3786,7,1,0.04407232999801636
3787,3,1,0.013190845027565956
3788,7,1,0.047453515231609344
3789,9,1,0.03562331944704056
3790,4,1,0.013671447522938251
3791,2,1,0.03649451583623886
3792,0,1,0.04587019234895706
3793,6,1,0.026651352643966675
3794,1,1,0.026278987526893616
3795,7,1,0.019036170095205307
3796,5,1,0.08433902263641357
3797,6,1,0.01907193288207054
3798,5,1,0.027609042823314667
3799,3,1,0.017739424481987953
3800,9,1,0.022744378075003624
3801,2,1,0.019671661779284477
3802,7,1,0.025153081864118576
3803,8,0,0.014256700873374939
3804,5,1,0.013989025726914406
3805,9,1,0.02949793078005314
3806,5,1,0.03018179163336754
3807,8,0,0.017462022602558136
3808,5,1,0.0907125473022461
3809,4,1,0.042214032262563705
3810,3,1,0.024231288582086563
3811,7,1,0.043597280979156494
3812,9,1,0.029506444931030273
3813,8,0,0.016094185411930084
3814,1,1,0.02365025505423546
3815,2,1,0.02129431441426277
3816,2,1,0.031529657542705536
3817,8,0,0.0380365215241909
3818,9,1,0.02592356875538826
3819,3,1,0.03781287372112274
3820,0,1,0.03499807417392731
3821,8,0,0.022266782820224762
3822,4,1,0.023921428248286247
3823,0,1,0.0836988240480423
3824,2,1,0.04000391811132431
3825,0,1,0.03212349861860275
3826,1,1,0.04677964001893997
3827,4,1,0.028407210484147072
3828,1,1,0.019170455634593964
3829,8,0,0.014039604924619198
3830,5,1,0.022347232326865196
3831,5,1,0.03162404149770737
3832,7,1,0.019234266132116318
3833,9,1,0.028029751032590866
3834,8,0,0.0352746956050396
3835,3,1,0.023116491734981537
3836,7,1,0.017034443095326424
3837,9,1,0.03043895959854126
3838,1,1,0.029690954834222794
3839,5,1,0.02719016559422016
3840,6,1,0.01003853976726532
3841,9,1,0.02197115682065487
3842,8,0,0.008025577291846275
3843,7,1,0.018682070076465607
3844,2,1,0.03813652694225311
3845,0,1,0.009431937709450722
3846,9,1,0.023505736142396927
3847,0,1,0.008188321255147457
3848,8,0,0.007292828522622585
3849,5,1,0.04344785213470459
3850,9,1,0.03378613665699959
3851,4,1,0.018232177942991257
3852,2,1,0.044996798038482666
3853,9,1,0.03665808588266373
3854,8,0,0.016507213935256004
3855,1,1,0.027963342145085335
3856,9,1,0.028964010998606682
3857,1,1,0.006060870364308357
3858,8,0,0.008242696523666382
3859,3,1,0.014835125766694546
3860,7,1,0.01192194502800703
3861,6,1,0.026351019740104675
3862,4,1,0.04594666138291359
3863,2,1,0.017876282334327698
3864,3,1,0.02827858366072178
3865,7,1,0.029430489987134933
3866,0,1,0.030184142291545868
3867,3,1,0.04527745768427849
3868,5,1,0.06551575660705566
3869,8,0,0.003062961623072624
3870,8,0,0.02347317710518837
3871,8,0,0.011860521510243416
3872,7,1,0.017711052671074867
3873,9,1,0.01956022158265114
3874,6,1,0.03482355549931526
3875,2,1,0.022984853014349937
3876,7,1,0.0328480526804924
3877,4,1,0.03379250317811966
3878,5,1,0.02275269851088524
3879,7,1,0.03154278174042702
3880,6,1,0.017404846847057343
3881,7,1,0.03512968122959137
3882,1,1,0.01860238052904606
3883,7,1,0.0338139608502388
3884,3,1,0.04654141142964363
3885,6,1,0.044415175914764404
3886,8,0,0.013049094006419182
3887,2,1,0.04062958061695099
3888,6,1,0.034137897193431854
3889,6,1,0.031440939754247665
3890,7,1,0.019100511446595192
3891,1,1,0.015961062163114548
3892,5,1,0.045811381191015244
3893,9,1,0.010480019263923168
3894,7,1,0.03206433355808258
3895,1,1,0.03379010036587715
3896,7,1,0.028394799679517746
3897,0,1,0.025351639837026596
3898,1,1,0.02964453026652336
3899,6,1,0.023146899417042732
3900,3,1,0.01983892172574997
3901,3,1,0.02446669712662697
3902,9,1,0.01976192370057106
3903,0,1,0.008012061938643456
3904,1,1,0.015681268647313118
3905,2,1,0.027042221277952194
3906,3,1,0.03696899488568306
3907,2,1,0.02813621610403061
3908,2,1,0.03149847686290741
3909,5,1,0.021851355209946632
3910,4,1,0.02211352251470089
3911,9,1,0.011287402361631393
3912,8,0,0.003202627180144191
3913,7,1,0.023834001272916794
3914,4,1,0.011116720736026764
3915,4,1,0.02989858016371727
3916,9,1,0.020043665543198586
3917,7,1,0.020016396418213844
3918,6,1,0.018827106803655624
3919,7,1,0.027262097224593163
3920,7,1,0.014893417246639729
3921,1,1,0.017958208918571472
3922,2,1,0.03480798006057739
3923,3,1,0.02447778545320034
3924,5,1,0.015848666429519653
3925,1,1,0.030410435050725937
3926,9,1,0.01442432589828968
3927,0,1,0.026206985116004944
3928,3,1,0.025264982134103775
3929,3,1,0.01454763114452362
3930,1,1,0.029513979330658913
3931,5,1,0.026269420981407166
3932,6,1,0.025279518216848373
3933,6,1,0.020439064130187035
3934,2,1,0.034882210195064545
3935,4,1,0.021245159208774567
3936,6,1,0.028711482882499695
3937,8,0,0.012650106102228165
3938,8,0,0.016998566687107086
3939,9,1,0.008273463696241379
3940,6,1,0.03066825680434704
3941,6,1,0.03469396382570267
3942,1,1,0.03245933726429939
3943,0,1,0.011661154218018055
3944,7,1,0.020464874804019928
3945,5,1,0.03151421993970871
3946,8,0,0.009218407794833183
3947,2,1,0.03546673059463501
3948,1,1,0.02838180586695671
3949,5,1,0.07532951235771179
3950,8,0,0.00617375411093235
3951,1,1,0.031901806592941284
3952,4,1,0.01582525297999382
3953,7,1,0.04140567407011986
3954,5,1,0.03172367438673973
3955,0,1,0.018030595034360886
3956,3,1,0.02688094973564148
3957,9,1,0.00548616424202919
3958,9,1,0.023510724306106567
3959,5,1,0.01971488632261753
3960,2,1,0.05285606533288956
3961,8,0,0.02150733768939972
3962,4,1,0.02005194127559662
3963,1,1,0.01845318078994751
3964,9,1,0.010661018081009388
3965,0,1,0.017335806041955948
3966,4,1,0.018302926793694496
3967,4,1,0.038989484310150146
3968,8,0,0.021272044628858566
3969,2,1,0.020324479788541794
3970,9,1,0.027828354388475418
3971,0,1,0.0122760608792305
3972,7,1,0.036636024713516235
3973,9,1,0.062185049057006836
3974,8,0,0.02302471175789833
3975,7,1,0.04642396792769432
3976,1,1,0.03299710899591446
3977,3,1,0.031088918447494507
3978,2,1,0.05188252031803131
3979,9,1,0.018593937158584595
3980,9,1,0.040371134877204895
3981,5,1,0.00842626765370369
3982,9,1,0.017516247928142548
3983,7,1,0.06585974991321564
3984,6,1,0.02048274129629135
3985,7,1,0.026013683527708054
3986,7,1,0.02071354165673256
3987,1,1,0.018458567559719086
3988,1,1,0.021651601418852806
3989,2,1,0.036705851554870605
3990,4,1,0.019905105233192444
3991,2,1,0.03306202590465546
3992,0,1,0.017104092985391617
3993,6,1,0.026987500488758087
3994,8,0,0.014644166454672813
3995,7,1,0.03453011438250542
3996,6,1,0.04287699982523918
3997,2,1,0.03293483704328537
3998,2,1,0.03206731006503105
3999,9,1,0.009226497262716293
4000,8,0,0.025474078953266144
4001,2,1,0.0266927070915699
4002,4,1,0.014480004087090492
4003,2,1,0.023480094969272614
4004,0,1,0.016701987013220787
4005,5,1,0.02811300940811634
4006,8,0,0.016317740082740784
4007,6,1,0.023417044430971146
4008,8,0,0.028482630848884583
4009,2,1,0.06527502834796906
4010,7,1,0.017443183809518814
4011,7,1,0.018839146941900253
4012,3,1,0.04201731085777283
4013,1,1,0.020137719810009003
4014,8,0,0.004954751115292311
4015,1,1,0.03606696426868439
4016,6,1,0.018250146880745888
4017,5,1,0.03284739702939987
4018,9,1,0.045668188482522964
4019,7,1,0.012126181274652481
4020,8,0,0.014085102826356888
4021,9,1,0.018986640498042107
4022,6,1,0.04032155126333237
4023,4,1,0.021624963730573654
4024,8,0,0.03142371028661728
4025,1,1,0.015890158712863922
4026,9,1,0.019063130021095276
4027,4,1,0.013865547254681587
4028,0,1,0.005022099241614342
4029,4,1,0.02187420427799225
4030,1,1,0.05233686417341232
4031,4,1,0.03082587569952011
4032,3,1,0.02743036299943924
4033,6,1,0.04141892492771149
4034,2,1,0.030429713428020477
4035,2,1,0.03779436647891998
4036,7,1,0.0040138643234968185
4037,0,1,0.02936997078359127
4038,0,1,0.006092344410717487
4039,7,1,0.02542329952120781
4040,0,1,0.009969644248485565
4041,7,1,0.02964758314192295
4042,4,1,0.03438180685043335
4043,3,1,0.030108580365777016
4044,6,1,0.03718695044517517
4045,7,1,0.03636340796947479
4046,7,1,0.031942032277584076
4047,4,1,0.03892616927623749
4048,5,1,0.026715759187936783
4049,4,1,0.016706740483641624
4050,3,1,0.02024146169424057
4051,5,1,0.04712953045964241
4052,5,1,0.02381129190325737
4053,4,1,0.028226561844348907
4054,7,1,0.009547095745801926
4055,1,1,0.035172052681446075
4056,0,1,0.03120236098766327
4057,7,1,0.02087460085749626
4058,7,1,0.02756568044424057
4059,1,1,0.01602303236722946
4060,6,1,0.02830180525779724
4061,5,1,0.01830231212079525
4062,0,1,0.019204948097467422
4063,7,1,0.045791447162628174
4064,7,1,0.030303440988063812
4065,4,1,0.04393080994486809
4066,6,1,0.016260065138339996
4067,1,1,0.018666965886950493
4068,8,0,0.02172129601240158
4069,5,1,0.02114384062588215
4070,9,1,0.020457439124584198
4071,3,1,0.026763755828142166
4072,5,1,0.01114802248775959
4073,6,1,0.03717680647969246
4074,2,1,0.01812625676393509
4075,2,1,0.02566392719745636
4076,7,1,0.06726445257663727
4077,3,1,0.040313657373189926
4078,5,1,0.024532373994588852
4079,8,0,0.01762505993247032
4080,1,1,0.020060954615473747
4081,0,1,0.01964838057756424
4082,6,1,0.02778809890151024
4083,8,0,0.012646540999412537
4084,7,1,0.03367305546998978
4085,8,0,0.024962693452835083
4086,8,0,0.01253570057451725
4087,5,1,0.012381738983094692
4088,7,1,0.01038946770131588
4089,5,1,0.02817995660007
4090,4,1,0.01863596960902214
4091,9,1,0.009351015090942383
4092,7,1,0.027658957988023758
4093,3,1,0.03727693110704422
4094,3,1,0.034602873027324677
4095,8,0,0.009190329350531101
4096,8,0,0.038792096078395844
4097,3,1,0.027807246893644333
4098,9,1,0.02459290623664856
4099,4,1,0.030011847615242004
4100,7,1,0.0271390862762928
4101,2,1,0.01737106963992119
4102,0,1,0.036113619804382324
4103,8,0,0.01829545944929123
4104,0,1,0.051117755472660065
4105,7,1,0.011276017874479294
4106,3,1,0.03475630283355713
4107,3,1,0.03363996744155884
4108,2,1,0.03461116552352905
4109,5,1,0.02828064188361168
4110,2,1,0.018161114305257797
4111,4,1,0.029357224702835083
4112,4,1,0.024372568354010582
4113,0,1,0.0348125696182251
4114,4,1,0.018228905275464058
4115,8,0,0.014852171763777733
4116,2,1,0.025235125795006752
4117,4,1,0.029285503551363945
4118,0,1,0.019262298941612244
4119,6,1,0.01476714201271534
4120,4,1,0.03324513137340546
4121,5,1,0.0290510356426239
4122,6,1,0.023048996925354004
4123,0,1,0.032509416341781616
4124,8,0,0.015355682000517845
4125,8,0,0.0250376146286726
4126,0,1,0.03163454681634903
4127,6,1,0.033123355358839035
4128,1,1,0.014669870026409626
4129,1,1,0.02608008310198784
4130,6,1,0.016358209773898125
4131,1,1,0.021125685423612595
4132,4,1,0.024718154221773148
4133,2,1,0.039005815982818604
4134,1,1,0.04557272046804428
4135,1,1,0.03559081256389618
4136,2,1,0.018350599333643913
4137,4,1,0.024641619995236397
4138,4,1,0.030878208577632904
4139,5,1,0.02129978872835636
4140,5,1,0.01710321381688118
4141,8,0,0.023299308493733406
4142,8,0,0.018340300768613815
4143,5,1,0.030385885387659073
4144,1,1,0.017750460654497147
4145,8,0,0.006056966260075569
4146,2,1,0.016035813838243484
4147,3,1,0.029533550143241882
4148,3,1,0.014328481629490852
4149,9,1,0.017438378185033798
4150,6,1,0.024762842804193497
4151,6,1,0.026270337402820587
4152,5,1,0.023192688822746277
4153,0,1,0.012174863368272781
4154,7,1,0.019361358135938644
4155,3,1,0.020576827228069305
4156,3,1,0.014573445543646812
4157,2,1,0.02328437939286232
4158,7,1,0.04088548943400383
4159,4,1,0.03744005039334297
4160,5,1,0.03366970270872116
4161,6,1,0.022425033152103424
4162,0,1,0.029971428215503693
4163,2,1,0.03128852695226669
4164,1,1,0.03150598704814911
4165,8,0,0.012571306899189949
4166,1,1,0.024753037840127945
4167,0,1,0.029253792017698288
4168,9,1,0.024867912754416466
4169,3,1,0.026326803490519524
4170,1,1,0.02852725423872471
4171,0,1,0.08158962428569794
4172,5,1,0.023695550858974457
4173,4,1,0.03672655671834946
4174,2,1,0.042138926684856415
4175,3,1,0.01867080107331276
4176,3,1,0.0468643493950367
4177,6,1,0.01069389283657074
4178,7,1,0.022325029596686363
4179,6,1,0.03898627310991287
4180,0,1,0.019417494535446167
4181,0,1,0.019294051453471184
4182,5,1,0.044946685433387756
4183,7,1,0.028130263090133667
4184,4,1,0.01637922413647175
4185,7,1,0.026847921311855316
4186,7,1,0.02822028286755085
4187,0,1,0.014522477984428406
4188,6,1,0.026916086673736572
4189,1,1,0.022026728838682175
4190,3,1,0.02590525895357132
4191,9,1,0.010881192982196808
4192,0,1,0.021975835785269737
4193,9,1,0.03383038192987442
4194,0,1,0.04906091094017029
4195,3,1,0.01815902441740036
4196,8,0,0.008692899718880653
4197,4,1,0.027644921094179153
4198,8,0,0.025765929371118546
4199,8,0,0.006228423211723566
4200,4,1,0.022615160793066025
4201,1,1,0.029702456668019295
4202,0,1,0.031759947538375854
4203,2,1,0.021572254598140717
4204,2,1,0.02119464986026287
4205,4,1,0.026631902903318405
4206,1,1,0.0133011844009161
4207,1,1,0.02273377776145935
4208,2,1,0.03909651190042496
4209,4,1,0.03389979526400566
4210,3,1,0.029228977859020233
4211,4,1,0.016180571168661118
4212,1,1,0.015430106781423092
4213,4,1,0.022901438176631927
4214,7,1,0.013187536969780922
4215,1,1,0.015443072654306889
4216,0,1,0.41038575768470764
4217,0,1,0.022271577268838882
4218,9,1,0.011969830840826035
4219,0,1,0.03698268532752991
4220,4,1,0.06475632637739182
4221,2,1,0.017745407298207283
4222,8,0,0.016239073127508163
4223,8,0,0.020576484501361847
4224,5,1,0.027211997658014297
4225,5,1,0.022343289107084274
4226,0,1,0.006461475044488907
4227,4,1,0.020899496972560883
4228,0,1,0.033687084913253784
4229,8,0,0.005255525000393391
4230,6,1,0.03396862372756004
4231,2,1,0.01313846092671156
4232,5,1,0.02552124857902527
4233,9,1,0.036343615502119064
4234,2,1,0.030686523765325546
4235,9,1,0.02897607535123825
4236,1,1,0.020059389993548393
4237,1,1,0.03658589720726013
4238,5,1,0.033966079354286194
4239,4,1,0.018062764778733253
4240,7,1,0.020603030920028687
4241,5,1,0.011508643627166748
4242,8,0,0.011197565123438835
4243,6,1,0.017220094799995422
4244,2,1,0.03431650251150131
4245,1,1,0.023531964048743248
4246,5,1,0.023374931886792183
4247,5,1,0.032956503331661224
4248,3,1,0.012858089990913868
4249,4,1,0.018498778343200684
4250,1,1,0.04900138080120087
4251,8,0,0.025706877931952477
4252,9,1,0.018161671236157417
4253,9,1,0.03125358000397682
4254,8,0,0.01777264103293419
4255,9,1,0.023153893649578094
4256,8,0,0.004185840487480164
4257,6,1,0.015351807698607445
4258,8,0,0.023173045367002487
4259,5,1,0.025373950600624084
4260,8,0,0.004913222976028919
4261,9,1,0.017369195818901062
4262,4,1,0.016624243929982185
4263,6,1,0.029355626553297043
4264,2,1,0.02547615021467209
4265,6,1,0.020213976502418518
4266,3,1,0.01965385675430298
4267,7,1,0.012317364104092121
4268,4,1,0.0496428906917572
4269,0,1,0.009797859005630016
4270,0,1,0.03136834129691124
4271,1,1,0.0358884297311306
4272,7,1,0.03561912477016449
4273,5,1,0.05227021127939224
4274,1,1,0.01698702573776245
4275,5,1,0.016590062528848648
4276,9,1,0.02387828752398491
4277,3,1,0.02470436878502369
4278,1,1,0.021437115967273712
4279,6,1,0.027558591216802597
4280,8,0,0.01418595016002655
4281,7,1,0.02289688028395176
4282,3,1,0.033486902713775635
4283,6,1,0.02483544498682022
4284,9,1,0.027922501787543297
4285,1,1,0.012650441378355026
4286,2,1,0.007530504837632179
4287,0,1,0.027671830728650093
4288,1,1,0.034675270318984985
4289,7,1,0.03146103397011757
4290,2,1,0.044932153075933456
4291,6,1,0.02673029899597168
4292,1,1,0.009906220249831676
4293,9,1,0.0400439091026783
4294,0,1,0.12188595533370972
4295,0,1,0.017691660672426224
4296,8,0,0.027277305722236633
4297,9,1,0.018066976219415665
4298,9,1,0.024287018924951553
4299,2,1,0.0284673310816288
4300,8,0,0.012203985825181007
4301,6,1,0.02008191868662834
4302,2,1,0.029560402035713196
4303,5,1,0.023943670094013214
4304,6,1,0.034360095858573914
4305,0,1,0.019599830731749535
4306,3,1,0.036545462906360626
4307,3,1,0.011903896927833557
4308,0,1,0.03349759802222252
4309,7,1,0.02586580254137516
4310,4,1,0.022037461400032043
4311,7,1,0.027460429817438126
4312,5,1,0.028341006487607956
4313,0,1,0.022733423858880997
4314,1,1,0.03356078267097473
4315,6,1,0.05822018161416054
4316,8,0,0.007074127439409494
4317,8,0,0.003590497188270092
4318,1,1,0.03018302097916603
4319,2,1,0.02097916603088379
4320,1,1,0.005657981149852276
4321,5,1,0.014748319052159786
4322,4,1,0.03668510168790817
4323,5,1,0.03802100569009781
4324,9,1,0.012267211452126503
4325,6,1,0.033299271017313004
4326,7,1,0.05115874856710434
4327,1,1,0.04133094847202301
4328,0,1,0.008465009741485119
4329,6,1,0.023377355188131332
4330,9,1,0.009848530404269695
4331,2,1,0.0194543544203043
4332,7,1,0.02948770485818386
4333,7,1,0.028723929077386856
4334,3,1,0.020192915573716164
4335,9,1,0.06390469521284103
4336,9,1,0.011286331340670586
4337,1,1,0.02233295328915119
4338,9,1,0.028055226430296898
4339,7,1,0.02637897990643978
4340,0,1,0.020633898675441742
4341,1,1,0.02756343223154545
4342,3,1,0.025660613551735878
4343,5,1,0.018610674887895584
4344,4,1,0.03029583767056465
4345,6,1,0.025134097784757614
4346,3,1,0.015832100063562393
4347,8,0,0.0216844342648983
4348,8,0,0.007910852320492268
4349,0,1,0.008446652442216873
4350,4,1,0.022765783593058586
4351,8,0,0.01580764167010784
4352,3,1,0.022651877254247665
4353,6,1,0.025638677179813385
4354,7,1,0.010418680496513844
4355,0,1,0.01617957092821598
4356,0,1,0.01786256581544876
4357,4,1,0.029339298605918884
4358,5,1,0.02270328253507614
4359,2,1,0.04736069217324257
4360,6,1,0.025651732459664345
4361,8,0,0.01674581691622734
4362,4,1,0.033768050372600555
4363,9,1,0.028451547026634216
4364,9,1,0.04012729972600937
4365,9,1,0.012071177363395691
4366,2,1,0.055237218737602234
4367,0,1,0.06958641111850739
4368,4,1,0.012140102684497833
4369,2,1,0.039601556956768036
4370,8,0,0.01753922924399376
4371,1,1,0.04083043709397316
4372,1,1,0.014389324933290482
4373,0,1,0.011776058003306389
4374,0,1,0.030600905418395996
4375,3,1,0.12189753353595734
4376,7,1,0.0247753094881773
4377,4,1,0.024145036935806274
4378,1,1,0.022663747891783714
4379,1,1,0.039521120488643646
4380,9,1,0.011187703348696232
4381,7,1,0.039073579013347626
4382,7,1,0.02296728640794754
4383,4,1,0.04128962755203247
4384,6,1,0.03457559645175934
4385,8,0,0.033045023679733276
4386,6,1,0.03094414249062538
4387,0,1,0.0256815142929554
4388,2,1,0.037140969187021255
4389,8,0,0.010042431764304638
4390,5,1,0.01366112194955349
4391,3,1,0.011981011368334293
4392,5,1,0.03783201426267624
4393,3,1,0.038713544607162476
4394,5,1,0.044648487120866776
4395,7,1,0.023999527096748352
4396,9,1,0.020197387784719467
4397,8,0,0.006228495854884386
4398,4,1,0.045053742825984955
4399,4,1,0.03474099189043045
4400,3,1,0.018054969608783722
4401,1,1,0.02786172926425934
4402,4,1,0.01013253815472126
4403,8,0,0.011712134815752506
4404,3,1,0.021490952000021935
4405,6,1,0.03200424462556839
4406,5,1,0.021972596645355225
4407,3,1,0.02287992089986801
4408,0,1,0.03524637222290039
4409,8,0,0.018394840881228447
4410,9,1,0.024744629859924316
4411,5,1,0.018121639266610146
4412,7,1,0.029811203479766846
4413,6,1,0.034732840955257416
4414,2,1,0.03072645142674446
4415,0,1,0.026951143518090248
4416,4,1,0.026246745139360428
4417,9,1,0.03175713121891022
4418,9,1,0.030697856098413467
4419,0,1,0.07966312766075134
4420,5,1,0.017520206049084663
4421,2,1,0.022904053330421448
4422,3,1,0.019441094249486923
4423,6,1,0.025802262127399445
4424,1,1,0.016084756702184677
4425,1,1,0.026051484048366547
4426,0,1,0.09860751777887344
4427,2,1,0.03083309531211853
4428,8,0,0.00852879136800766
4429,2,1,0.023301919922232628
4430,1,1,0.01494191400706768
4431,1,1,0.009602687321603298
4432,7,1,0.020880676805973053
4433,5,1,0.033606287091970444
4434,2,1,0.1902487874031067
4435,3,1,0.01597493886947632
4436,4,1,0.024886921048164368
4437,1,1,0.020871534943580627
4438,2,1,0.02905845083296299
4439,9,1,0.020980019122362137
4440,2,1,0.03978559002280235
4441,1,1,0.02376982942223549
4442,3,1,0.019122447818517685
4443,4,1,0.04303576424717903
4444,8,0,0.028212759643793106
4445,9,1,0.028561819344758987
4446,0,1,0.01244954951107502
4447,0,1,0.023942235857248306
4448,4,1,0.019961878657341003
4449,9,1,0.016393102705478668
4450,0,1,0.07512392103672028
4451,2,1,0.018014967441558838
4452,2,1,0.021336838603019714
4453,0,1,0.0075057088397443295
4454,6,1,0.03286934643983841
4455,8,0,0.008883412927389145
4456,7,1,0.01902264729142189
4457,3,1,0.022614654153585434
4458,3,1,0.04504087567329407
4459,8,0,0.016406895592808723
4460,9,1,0.024022581055760384
4461,0,1,0.0309335608035326
4462,2,1,0.02318958193063736
4463,5,1,0.019183356314897537
4464,3,1,0.044553957879543304
4465,6,1,0.02911650948226452
4466,1,1,0.027353860437870026
4467,3,1,0.015480099245905876
4468,9,1,0.01632922701537609
4469,5,1,0.03185725212097168
4470,0,1,0.03083353117108345
4471,5,1,0.0445195734500885
4472,4,1,0.017227787524461746
4473,4,1,0.0140818627551198
4474,0,1,0.01666468381881714
4475,1,1,0.08807000517845154
4476,1,1,0.014725511893630028
4477,6,1,0.026443641632795334
4478,1,1,0.022731544449925423
4479,7,1,0.024368327111005783
4480,9,1,0.020682351663708687
4481,9,1,0.017241783440113068
4482,6,1,0.020772233605384827
4483,2,1,0.02469334751367569
4484,4,1,0.026892974972724915
4485,3,1,0.0337049625813961
4486,8,0,0.018520426005125046
4487,3,1,0.031020941212773323
4488,4,1,0.05144398286938667
4489,7,1,0.026842111721634865
4490,0,1,0.028811076655983925
4491,2,1,0.0657695010304451
4492,8,0,0.016516458243131638
4493,4,1,0.026548022404313087
4494,8,0,0.00916334055364132
4495,3,1,0.01720687374472618
4496,8,0,0.012676078826189041
4497,8,0,0.01573651283979416
4498,8,0,0.012119896709918976
4499,3,1,0.03830002620816231
4500,3,1,0.02118433266878128
4501,5,1,0.0349196121096611
4502,7,1,0.025560759007930756
4503,7,1,0.018247902393341064
4504,0,1,0.4196990132331848
4505,4,1,0.024448657408356667
4506,1,1,0.02005683444440365
4507,5,1,0.025102762505412102
4508,9,1,0.019273173063993454
4509,7,1,0.0413605161011219
4510,0,1,0.0350048653781414
4511,6,1,0.02757735550403595
4512,8,0,0.12480008602142334
4513,4,1,0.02781642973423004
4514,9,1,0.023116957396268845
4515,0,1,0.04286959022283554
4516,1,1,0.029446596279740334
4517,8,0,0.01205394882708788
4518,9,1,0.018872296437621117
4519,6,1,0.033632032573223114
4520,3,1,0.014983830973505974
4521,9,1,0.012593465857207775
4522,2,1,0.02886534482240677
4523,4,1,0.015090111643075943
4524,4,1,0.026995964348316193
4525,0,1,0.03554727882146835
4526,3,1,0.021121466532349586
4527,3,1,0.03686101734638214
4528,5,1,0.032105617225170135
4529,4,1,0.022409290075302124
4530,5,1,0.05239371210336685
4531,1,1,0.026318833231925964
4532,1,1,0.02935447171330452
4533,8,0,0.00848298892378807
4534,2,1,0.024851780384778976
4535,2,1,0.061623841524124146
4536,9,1,0.01063476875424385
4537,3,1,0.03240199759602547
4538,7,1,0.012148324400186539
4539,8,0,0.012850480154156685
4540,9,1,0.012287717312574387
4541,2,1,0.03181867301464081
4542,3,1,0.05017280951142311
4543,1,1,0.02244313806295395
4544,7,1,0.03710285574197769
4545,3,1,0.026420123875141144
4546,2,1,1.072517991065979
4547,3,1,0.02675948478281498
4548,0,1,0.06721179187297821
4549,1,1,0.016539275646209717
4550,9,1,0.04127296805381775
4551,5,1,0.021315809339284897
4552,5,1,0.01844005286693573
4553,3,1,0.021978255361318588
4554,4,1,0.038241494446992874
4555,5,1,0.023763209581375122
4556,2,1,0.009545901790261269
4557,0,1,0.01663168892264366
4558,0,1,0.23622635006904602
4559,3,1,0.03986140340566635
4560,1,1,0.029412049800157547
4561,3,1,0.025555506348609924
4562,4,1,0.020787909626960754
4563,7,1,0.018574360758066177
4564,4,1,0.036983195692300797
4565,2,1,0.023896563798189163
4566,8,0,0.08396898955106735
4567,4,1,0.031365446746349335
4568,8,0,0.009027998894453049
4569,9,1,0.017372015863656998
4570,9,1,0.03130567818880081
4571,4,1,0.024324528872966766
4572,2,1,0.048824310302734375
4573,4,1,0.02082054689526558
4574,3,1,0.04390464350581169
4575,6,1,0.05487300455570221
4576,4,1,0.027454478666186333
4577,6,1,0.02788487635552883
4578,4,1,0.010796907357871532
4579,6,1,0.010337920859456062
4580,6,1,0.0269935205578804
4581,3,1,0.024791620671749115
4582,8,0,0.02720731496810913
4583,7,1,0.012991277500987053
4584,4,1,0.020828809589147568
4585,8,0,0.04627121984958649
4586,0,1,0.019881755113601685
4587,5,1,0.0737106055021286
4588,9,1,0.014607807621359825
4589,3,1,0.01927097886800766
4590,9,1,0.06907221674919128
4591,0,1,0.03460589051246643
4592,7,1,0.027638673782348633
4593,5,1,0.016374442726373672
4594,1,1,0.018378693610429764
4595,9,1,0.041356075555086136
4596,7,1,0.03669685125350952
4597,9,1,0.025204245001077652
4598,1,1,0.020789945498108864
4599,8,0,0.015185348689556122
4600,4,1,0.03053659200668335
4601,2,1,0.06473789364099503
4602,1,1,0.010879380628466606
4603,6,1,0.03145405650138855
4604,4,1,0.018620366230607033
4605,3,1,0.019181538373231888
4606,0,1,0.015513762831687927
4607,1,1,0.05569816380739212
4608,4,1,0.05250100791454315
4609,8,0,0.005700231995433569
4610,6,1,0.024405427277088165
4611,1,1,0.040324557572603226
4612,7,1,0.02909470722079277
4613,1,1,0.02294320985674858
4614,3,1,0.040680430829524994
4615,5,1,0.0390968956053257
4616,4,1,0.03029937669634819
4617,3,1,0.01901579648256302
4618,3,1,0.026031451299786568
4619,9,1,0.0151203079149127
4620,7,1,0.024751780554652214
4621,8,0,0.015904594212770462
4622,2,1,0.03196043521165848
4623,5,1,0.022795896977186203
4624,5,1,0.03436291217803955
4625,4,1,0.04217573255300522
4626,5,1,0.029694855213165283
4627,4,1,0.03938367962837219
4628,5,1,0.020664114505052567
4629,7,1,0.017620734870433807
4630,2,1,0.038476645946502686
4631,5,1,0.04684150218963623
4632,5,1,0.026588326320052147
4633,1,1,0.043659109622240067
4634,7,1,0.016183940693736076
4635,7,1,0.026266833767294884
4636,8,0,0.016444340348243713
4637,3,1,0.01795618236064911
4638,6,1,0.017452703788876534
4639,0,1,0.040835585445165634
4640,2,1,0.03154551982879639
4641,5,1,0.02768205851316452
4642,2,1,0.02795141562819481
4643,3,1,0.03200947493314743
4644,7,1,0.02125021442770958
4645,4,1,0.03816571086645126
4646,2,1,0.048124633729457855
4647,1,1,0.027913767844438553
4648,6,1,0.0339781679213047
4649,8,0,0.007025661878287792
4650,6,1,0.025998098775744438
4651,8,0,0.0104734618216753
4652,3,1,0.011811833828687668
4653,2,1,0.017961205914616585
4654,7,1,0.0237867571413517
4655,7,1,0.016297761350870132
4656,9,1,0.024561725556850433
4657,7,1,0.025261539965867996
4658,1,1,0.027502596378326416
4659,4,1,0.04813931882381439
4660,7,1,0.02067001722753048
4661,4,1,0.03934691846370697
4662,6,1,0.030598275363445282
4663,1,1,0.02715596742928028
4664,7,1,0.020591504871845245
4665,3,1,0.01673208922147751
4666,0,1,0.010877944529056549
4667,0,1,0.04155294969677925
4668,6,1,0.028606580570340157
4669,6,1,0.027106154710054398
4670,8,0,0.03403524309396744
4671,6,1,0.02947787567973137
4672,6,1,0.041689932346343994
4673,0,1,0.05370524898171425
4674,3,1,0.018564093858003616
4675,4,1,0.053326427936553955
4676,7,1,0.022398516535758972
4677,4,1,0.019938424229621887
4678,9,1,0.013926105573773384
4679,4,1,0.04026190564036369
4680,9,1,0.018800703808665276
4681,9,1,0.029926646500825882
4682,3,1,0.034099046140909195
4683,4,1,0.022504108026623726
4684,1,1,0.016604047268629074
4685,4,1,0.04340545833110809
4686,0,1,0.004060467705130577
4687,3,1,0.03969794511795044
4688,7,1,0.03228350728750229
4689,1,1,0.037762098014354706
4690,2,1,0.01897614821791649
4691,2,1,0.056223154067993164
4692,8,0,0.023166153579950333
4693,4,1,0.05960948020219803
4694,7,1,0.03310558944940567
4695,8,0,0.01897200383245945
4696,5,1,0.021979395300149918
4697,5,1,0.031144436448812485
4698,6,1,0.034304291009902954
4699,5,1,0.03580645099282265
4700,6,1,0.0379890576004982
4701,0,1,0.022560374811291695
4702,6,1,0.02390287071466446
4703,4,1,0.02415541745722294
4704,9,1,0.03184962272644043
4705,3,1,0.024386044591665268
4706,2,1,0.019572127610445023
4707,7,1,0.014947257936000824
4708,3,1,0.02113260328769684
4709,8,0,0.014267053455114365
4710,3,1,0.06486991047859192
4711,9,1,0.02265091985464096
4712,4,1,0.017760656774044037
4713,1,1,0.012013627216219902
4714,6,1,0.029155682772397995
4715,9,1,0.02636544033885002
4716,9,1,0.014990934170782566
4717,4,1,0.03912981227040291
4718,3,1,0.07383482158184052
4719,9,1,0.01852135919034481
4720,8,0,0.018159842118620872
4721,1,1,0.02646268904209137
4722,6,1,0.017355700954794884
4723,9,1,0.007477330043911934
4724,5,1,0.02858101576566696
4725,9,1,0.015027401968836784
4726,0,1,0.017845546826720238
4727,9,1,0.012502546422183514
4728,7,1,0.01902630366384983
4729,2,1,0.015851859003305435
4730,2,1,0.03768347203731537
4731,4,1,0.05917362496256828
4732,2,1,0.06542165577411652
4733,6,1,0.029308252036571503
4734,4,1,0.029630016535520554
4735,8,0,0.025138437747955322
4736,1,1,0.026100602000951767
4737,9,1,0.014252008870244026
4738,5,1,0.06191963702440262
4739,6,1,0.02521284483373165
4740,5,1,0.02584730088710785
4741,1,1,0.026448827236890793
4742,8,0,0.011410790495574474
4743,6,1,0.05445922166109085
4744,6,1,0.05577264353632927
4745,7,1,0.017832763493061066
4746,6,1,0.040751539170742035
4747,5,1,0.009994497522711754
4748,0,1,0.03973844274878502
4749,2,1,0.03704873099923134
4750,7,1,0.036077044904232025
4751,6,1,0.02939998172223568
4752,1,1,0.030570343136787415
4753,2,1,0.018145907670259476
4754,3,1,0.01027219183743
4755,1,1,0.017812080681324005
4756,6,1,0.03018776699900627
4757,4,1,0.03897634893655777
4758,9,1,0.04417908564209938
4759,0,1,0.01829388178884983
4760,3,1,0.0426054485142231
4761,9,1,0.02247912436723709
4762,1,1,0.02501607872545719
4763,0,1,0.04893607646226883
4764,5,1,0.014456646516919136
4765,3,1,0.03585471585392952
4766,1,1,0.01395495980978012
4767,6,1,0.021494347602128983
4768,9,1,0.023258432745933533
4769,8,0,0.011182812042534351
4770,9,1,0.030232032760977745
4771,0,1,0.01763060875236988
4772,6,1,0.030353616923093796
4773,1,1,0.042721495032310486
4774,6,1,0.03517383709549904
4775,2,1,0.019125930964946747
4776,3,1,0.019695322960615158
4777,5,1,0.045534826815128326
4778,6,1,0.021329980343580246
4779,9,1,0.017976893112063408
4780,0,1,0.021042320877313614
4781,7,1,0.009224249050021172
4782,2,1,0.027807200327515602
4783,4,1,0.04121151566505432
4784,0,1,0.02374405786395073
4785,3,1,0.015291418880224228
4786,6,1,0.057456813752651215
4787,8,0,0.010734833776950836
4788,6,1,0.02432171255350113
4789,9,1,0.029090212658047676
4790,1,1,0.021418482065200806
4791,9,1,0.011338427662849426
4792,0,1,0.006077921018004417
4793,6,1,0.02702924609184265
4794,4,1,0.027674883604049683
4795,5,1,0.038804396986961365
4796,9,1,0.00964069552719593
4797,5,1,0.06225106120109558
4798,4,1,0.004593169316649437
4799,1,1,0.029553284868597984
4800,9,1,0.011001210659742355
4801,2,1,0.013714108616113663
4802,0,1,0.017374804243445396
4803,7,1,0.02081923559308052
4804,3,1,0.029353557154536247
4805,5,1,0.021183328703045845
4806,1,1,0.027592699974775314
4807,8,0,0.008189134299755096
4808,3,1,0.021793190389871597
4809,0,1,0.006808056496083736
4810,5,1,0.02208625338971615
4811,2,1,0.056745052337646484
4812,8,0,0.010469487868249416
4813,8,0,0.006993582937866449
4814,3,1,0.05277233198285103
4815,9,1,0.01178065501153469
4816,6,1,0.026207083836197853
4817,0,1,0.033185265958309174
4818,3,1,0.021949762478470802
4819,5,1,0.0277284886687994
4820,3,1,0.02164764143526554
4821,4,1,0.013780500739812851
4822,1,1,0.014329036697745323
4823,5,1,0.029980599880218506
4824,0,1,0.017107736319303513
4825,7,1,0.032973919063806534
4826,3,1,0.029841618612408638
4827,9,1,0.01551646739244461
4828,4,1,0.04076772183179855
4829,5,1,0.016924841329455376
4830,3,1,0.02485879883170128
4831,1,1,0.013502204790711403
4832,4,1,0.01761218160390854
4833,2,1,0.029530465602874756
4834,4,1,0.07486871629953384
4835,9,1,0.01636407896876335
4836,9,1,0.028271056711673737
4837,7,1,0.032094113528728485
4838,1,1,0.04230036959052086
4839,7,1,0.032704949378967285
4840,0,1,0.03268194943666458
4841,1,1,0.018595203757286072
4842,2,1,0.035484421998262405
4843,1,1,0.034438759088516235
4844,5,1,0.027576766908168793
4845,3,1,0.024595044553279877
4846,8,0,0.018702957779169083
4847,4,1,0.04783516004681587
4848,1,1,0.02779768407344818
4849,5,1,0.03894564509391785
4850,1,1,0.01903068646788597
4851,9,1,0.014810437336564064
4852,9,1,0.013600035570561886
4853,7,1,0.023516006767749786
4854,0,1,0.026188697665929794
4855,1,1,0.018763039261102676
4856,7,1,0.037741780281066895
4857,6,1,0.017114151269197464
4858,2,1,0.03390420973300934
4859,6,1,0.03118049167096615
4860,5,1,0.02168813720345497
4861,0,1,0.016049524769186974
4862,3,1,0.06533429771661758
4863,1,1,0.02277473732829094
4864,3,1,0.03451245650649071
4865,8,0,0.015444780699908733
4866,9,1,0.029755692929029465
4867,9,1,0.0344974622130394
4868,0,1,0.04680512100458145
4869,8,0,0.013955853879451752
4870,8,0,0.04184374585747719
4871,7,1,0.030789591372013092
4872,9,1,0.03538493067026138
4873,2,1,0.02469952590763569
4874,9,1,0.031091097742319107
4875,1,1,0.018519319593906403
4876,3,1,0.04258466884493828
4877,6,1,0.03170279785990715
4878,7,1,0.014294383116066456
4879,6,1,0.030944041907787323
4880,0,1,0.026831138879060745
4881,8,0,0.017010921612381935
4882,6,1,0.03604448586702347
4883,2,1,0.040427371859550476
4884,4,1,0.03910307213664055
4885,2,1,0.07865913212299347
4886,3,1,0.021833714097738266
4887,5,1,0.018701009452342987
4888,5,1,0.06196913868188858
4889,4,1,0.03629881143569946
4890,1,1,0.02817877009510994
4891,6,1,0.03465281426906586
4892,7,1,0.02191217429935932
4893,1,1,0.036179982125759125
4894,6,1,0.04196656495332718
4895,1,1,0.024352122098207474
4896,7,1,0.03149539232254028
4897,1,1,0.023036913946270943
4898,6,1,0.014926645904779434
4899,2,1,0.05447114259004593
4900,3,1,0.0132656991481781
4901,0,1,0.024345144629478455
4902,4,1,0.01403201837092638
4903,2,1,0.06271321326494217
4904,9,1,0.04577530175447464
4905,7,1,0.022279631346464157
4906,5,1,0.02741762064397335
4907,5,1,0.034047484397888184
4908,6,1,0.03369476646184921
4909,0,1,0.022374849766492844
4910,8,0,0.027081193402409554
4911,8,0,0.01770518533885479
4912,1,1,0.01859305426478386
4913,1,1,0.019613713026046753
4914,3,1,0.025257810950279236
4915,5,1,0.022255249321460724
4916,6,1,0.03306883946061134
4917,5,1,0.04278320446610451
4918,3,1,0.022396530956029892
4919,8,0,0.01458171010017395
4920,7,1,0.030527817085385323
4921,5,1,0.01712176389992237
4922,0,1,0.020483344793319702
4923,7,1,0.04563480243086815
4924,7,1,0.025978997349739075
4925,5,1,0.04462980479001999
4926,7,1,0.03832986205816269
4927,1,1,0.01852751150727272
4928,9,1,0.029974665492773056
4929,9,1,0.027483956888318062
4930,1,1,0.028010359033942223
4931,9,1,0.011153990402817726
4932,9,1,0.025502856820821762
4933,3,1,0.025254663079977036
4934,5,1,0.03008132427930832
4935,5,1,0.020314998924732208
4936,3,1,0.015943054109811783
4937,0,1,0.022993020713329315
4938,3,1,0.010215511545538902
4939,0,1,0.050103526562452316
4940,6,1,0.03439996764063835
4941,6,1,0.01885947212576866
4942,5,1,0.02195492759346962
4943,6,1,0.04602266848087311
4944,8,0,0.04539615288376808
4945,9,1,0.023500923067331314
4946,4,1,0.04845854267477989
4947,5,1,0.02864435315132141
4948,1,1,0.04490461200475693
4949,1,1,0.023547537624835968
4950,2,1,0.04422047734260559
4951,7,1,0.03654710203409195
4952,9,1,0.0390426442027092
4953,0,1,0.006819449365139008
4954,1,1,0.022831229493021965
4955,2,1,0.0336458757519722
4956,5,1,0.016638291999697685
4957,4,1,0.026925556361675262
4958,4,1,0.03697334975004196
4959,7,1,0.015978649258613586
4960,4,1,0.03296884894371033
4961,8,0,0.006210478022694588
4962,3,1,0.0348752923309803
4963,3,1,0.03186415880918503
4964,5,1,0.031645216047763824
4965,3,1,0.029444674029946327
4966,5,1,0.01931953802704811
4967,7,1,0.009737726300954819
4968,0,1,0.18784329295158386
4969,1,1,0.021563764661550522
4970,2,1,0.021039851009845734
4971,9,1,0.020092548802495003
4972,8,0,0.02308851107954979
4973,1,1,0.02108289673924446
4974,7,1,0.027905169874429703
4975,3,1,0.02602548524737358
4976,5,1,0.014751994051039219
4977,9,1,0.011561756953597069
4978,1,1,0.021955331787467003
4979,9,1,0.029205888509750366
4980,1,1,0.021361254155635834
4981,1,1,0.05073176324367523
4982,3,1,0.03298624977469444
4983,6,1,0.03092387318611145
4984,7,1,0.0267387293279171
4985,4,1,0.03733915090560913
4986,8,0,0.0158315971493721
4987,3,1,0.03867003321647644
4988,5,1,0.03630301356315613
4989,6,1,0.022351786494255066
4990,7,1,0.028425943106412888
4991,0,1,0.025135334581136703
4992,1,1,0.04054217040538788
4993,7,1,0.010396316647529602
4994,7,1,0.034379564225673676
4995,2,1,0.018324103206396103
4996,3,1,0.03081599622964859
4997,3,1,0.017393087968230247
4998,5,1,0.01256527379155159
4999,1,1,0.04272609204053879
5000,7,1,0.029591459780931473
5001,6,1,0.024253569543361664
5002,8,0,0.011941801756620407
5003,4,1,0.024359337985515594
5004,4,1,0.025409528985619545
5005,5,1,0.025344202294945717
5006,7,1,0.01805092766880989
5007,3,1,0.016221657395362854
5008,4,1,0.012671086937189102
5009,7,1,0.025796813890337944
5010,7,1,0.03854471817612648
5011,3,1,0.012340603396296501
5012,6,1,0.021723126992583275
5013,0,1,0.03256763517856598
5014,7,1,0.012571149505674839
5015,2,1,0.023038137704133987
5016,6,1,0.028073899447917938
5017,7,1,0.02794799394905567
5018,4,1,0.025271084159612656
5019,1,1,0.03136564418673515
5020,8,0,0.027100250124931335
5021,0,1,0.02430948242545128
5022,2,1,0.031016474589705467
5023,2,1,0.022708626464009285
5024,1,1,0.02500469982624054
5025,5,1,0.016836389899253845
5026,4,1,0.01593402773141861
5027,0,1,0.014987346716225147
5028,9,1,0.04156779497861862
5029,3,1,0.021728316321969032
5030,4,1,0.020920056849718094
5031,4,1,0.0055805109441280365
5032,2,1,0.028962861746549606
5033,3,1,0.026465119794011116
5034,8,0,0.010828892700374126
5035,5,1,0.02104945294559002
5036,0,1,0.014291074126958847
5037,0,1,0.013789776712656021
5038,4,1,0.026435475796461105
5039,6,1,0.02182045951485634
5040,3,1,0.022603265941143036
5041,9,1,0.04380636662244797
5042,2,1,0.03360062837600708
5043,0,1,0.020950689911842346
5044,5,1,0.02838679775595665
5045,7,1,0.03929038718342781
5046,5,1,0.05839753895998001
5047,5,1,0.02818179875612259
5048,1,1,0.02288639545440674
5049,7,1,0.03504299372434616
5050,3,1,0.028798196464776993
5051,1,1,0.03918149322271347
5052,6,1,0.05661517009139061
5053,7,1,0.02017960138618946
5054,9,1,0.018838290125131607
5055,0,1,0.0575944185256958
5056,1,1,0.02723020687699318
5057,2,1,0.03535586595535278
5058,1,1,0.019505223259329796
5059,4,1,0.012390203773975372
5060,6,1,0.03833453729748726
5061,1,1,0.029879804700613022
5062,5,1,0.025788085535168648
5063,9,1,0.012737957760691643
5064,5,1,0.018746469169855118
5065,0,1,0.020006898790597916
5066,4,1,0.03205231577157974
5067,9,1,0.0362282432615757
5068,4,1,0.024487217888236046
5069,9,1,0.00880431942641735
5070,7,1,0.02920348197221756
5071,1,1,0.03728772699832916
5072,6,1,0.026611991226673126
5073,8,0,0.03764958307147026
5074,0,1,0.03327518329024315
5075,6,1,0.0417964868247509
5076,5,1,0.0683867335319519
5077,0,1,0.009140584617853165
5078,8,0,0.014354119077324867
5079,1,1,0.02292451821267605
5080,7,1,0.017532190307974815
5081,5,1,0.023411009460687637
5082,6,1,0.016637172549962997
5083,9,1,0.019719526171684265
5084,3,1,0.01275012455880642
5085,2,1,0.05345788598060608
5086,3,1,0.01842932403087616
5087,9,1,0.03455701470375061
5088,8,0,0.012852342799305916
5089,6,1,0.020176932215690613
5090,1,1,0.023457543924450874
5091,0,1,0.027960555627942085
5092,9,1,0.036672670394182205
5093,0,1,0.01688460260629654
5094,9,1,0.031793929636478424
5095,8,0,0.026133282110095024
5096,7,1,0.03302870690822601
5097,7,1,0.011227314360439777
5098,5,1,0.02172413468360901
5099,2,1,0.066227026283741
5100,3,1,0.02845817618072033
5101,5,1,0.02217334508895874
5102,5,1,0.03718306124210358
5103,7,1,0.010218573734164238
5104,8,0,0.00822590570896864
5105,7,1,0.024731189012527466
5106,6,1,0.014385605230927467
5107,9,1,0.027858499437570572
5108,1,1,0.02808341756463051
5109,9,1,0.06458389759063721
5110,8,0,0.012312715873122215
5111,6,1,0.02056553214788437
5112,5,1,0.022249534726142883
5113,6,1,0.030733024701476097
5114,7,1,0.02153266966342926
5115,5,1,0.02331824228167534
5116,6,1,0.03905494138598442
5117,7,1,0.01552935503423214
5118,2,1,0.04690982401371002
5119,5,1,0.05441378429532051
5120,9,1,0.014714909717440605
5121,6,1,0.04141007736325264
5122,6,1,0.015813179314136505
5123,7,1,0.03089340403676033
5124,0,1,0.029177889227867126
5125,1,1,0.017519693821668625
5126,0,1,0.024813618510961533
5127,1,1,0.02663765847682953
5128,3,1,0.05536506697535515
5129,2,1,0.017852693796157837
5130,5,1,0.013733523897826672
5131,6,1,0.027870548889040947
5132,1,1,0.0202469602227211
5133,2,1,0.019023017957806587
5134,5,1,0.026756534352898598
5135,1,1,0.018132049590349197
5136,9,1,0.028854522854089737
5137,9,1,0.013135366141796112
5138,8,0,0.0035849667619913816
5139,6,1,0.012629112228751183
5140,8,0,0.01228766143321991
5141,6,1,0.015253491699695587
5142,8,0,0.008191355504095554
5143,9,1,0.009900642558932304
5144,0,1,0.018481658771634102
5145,4,1,0.02861133962869644
5146,0,1,0.019862711429595947
5147,3,1,0.03600560128688812
5148,3,1,0.03320940583944321
5149,6,1,0.045262452214956284
5150,4,1,0.03381369262933731
5151,9,1,0.01518261432647705
5152,9,1,0.0196206197142601
5153,7,1,0.029626477509737015
5154,2,1,0.06186245381832123
5155,3,1,0.01696062833070755
5156,5,1,0.017827875912189484
5157,6,1,0.025678075850009918
5158,4,1,0.01728893257677555
5159,6,1,0.05633977800607681
5160,0,1,0.006943701766431332
5161,3,1,0.01566874049603939
5162,7,1,0.024083465337753296
5163,5,1,0.059968750923871994
5164,0,1,0.006689493544399738
5165,2,1,0.04384699836373329
5166,9,1,0.009473915211856365
5167,2,1,0.02843896672129631
5168,7,1,0.03198545426130295
5169,2,1,0.014278615824878216
5170,9,1,0.027140120044350624
5171,2,1,0.014252765104174614
5172,4,1,0.017558977007865906
5173,0,1,0.03170289099216461
5174,6,1,0.0451350212097168
5175,6,1,0.024907059967517853
5176,3,1,0.016263650730252266
5177,4,1,0.018499381840229034
5178,5,1,0.014647225849330425
5179,5,1,0.030743207782506943
5180,9,1,0.02686906047165394
5181,1,1,0.01773928478360176
5182,1,1,0.027952171862125397
5183,4,1,0.05477180331945419
5184,4,1,0.02565559558570385
5185,3,1,0.0278023649007082
5186,5,1,0.03436259180307388
5187,4,1,0.031482040882110596
5188,8,0,0.01816713809967041
5189,0,1,0.01815006136894226
5190,0,1,0.04268006235361099
5191,3,1,0.06401694566011429
5192,9,1,0.0346040204167366
5193,4,1,0.03183511272072792
5194,7,1,0.01681354269385338
5195,4,1,0.027867376804351807
5196,2,1,0.022144049406051636
5197,8,0,0.010742593556642532
5198,3,1,0.0282430462539196
5199,6,1,0.01793512888252735
5200,3,1,0.02281361259520054
5201,1,1,0.010060802102088928
5202,9,1,0.010550296865403652
5203,6,1,0.05452219396829605
5204,3,1,0.01469611655920744
5205,8,0,0.024156127125024796
5206,3,1,0.017177648842334747
5207,8,0,0.014607078395783901
5208,4,1,0.027714762836694717
5209,7,1,0.023668359965085983
5210,5,1,0.05006195604801178
5211,7,1,0.01435680128633976
5212,5,1,0.02694370225071907
5213,3,1,0.024723608046770096
5214,1,1,0.04447447136044502
5215,2,1,0.011597496457397938
5216,6,1,0.009558970108628273
5217,1,1,0.023658467456698418
5218,3,1,0.03822259604930878
5219,2,1,0.030524015426635742
5220,0,1,0.049010686576366425
5221,7,1,0.03581175208091736
5222,5,1,0.02598481997847557
5223,0,1,0.02553914487361908
5224,0,1,0.017297763377428055
5225,0,1,0.06668643653392792
5226,1,1,0.034004125744104385
5227,4,1,0.04057604819536209
5228,3,1,0.03467710316181183
5229,5,1,0.03406159579753876
5230,8,0,0.01498911902308464
5231,4,1,0.025295976549386978
5232,3,1,0.02886243164539337
5233,1,1,0.01377633772790432
5234,7,1,0.021517764776945114
5235,1,1,0.02553274855017662
5236,0,1,0.028393235057592392
5237,4,1,0.01784384995698929
5238,2,1,0.029664810746908188
5239,4,1,0.019975166767835617
5240,1,1,0.029873616993427277
5241,4,1,0.04880792275071144
5242,0,1,0.012584695592522621
5243,1,1,0.01563206873834133
5244,2,1,0.01639699935913086
5245,1,1,0.024244166910648346
5246,7,1,0.028409641236066818
5247,7,1,0.02102627232670784
5248,9,1,0.01592644676566124
5249,8,0,0.02361230179667473
5250,7,1,0.0418202169239521
5251,5,1,0.017925318330526352
5252,4,1,0.03016372211277485
5253,0,1,0.02495887503027916
5254,9,1,0.014672389253973961
5255,0,1,0.06523487716913223
5256,0,1,0.013607962056994438
5257,8,0,0.02850494161248207
5258,2,1,0.0189816914498806
5259,0,1,0.011868060566484928
5260,0,1,0.01696135476231575
5261,2,1,0.010904831811785698
5262,4,1,0.016404330730438232
5263,8,0,0.007273534312844276
5264,6,1,0.02265632525086403
5265,2,1,0.05763057619333267
5266,4,1,0.01864001899957657
5267,6,1,0.026601336896419525
5268,3,1,0.014572533778846264
5269,5,1,0.01981530152261257
5270,1,1,0.016554534435272217
5271,5,1,0.020167449489235878
5272,3,1,0.047468025237321854
5273,7,1,0.017236612737178802
5274,2,1,0.037897251546382904
5275,2,1,0.01629379391670227
5276,9,1,0.016685087233781815
5277,8,0,0.027035895735025406
5278,0,1,0.009466109797358513
5279,0,1,0.021944161504507065
5280,0,1,0.01051630824804306
5281,3,1,0.0203336700797081
5282,4,1,0.041996464133262634
5283,4,1,0.024529557675123215
5284,6,1,0.013602200895547867
5285,1,1,0.02376999333500862
5286,6,1,0.031720228493213654
5287,7,1,0.02491094544529915
5288,4,1,0.030903153121471405
5289,4,1,0.041935957968235016
5290,3,1,0.01975770853459835
5291,9,1,0.035721682012081146
5292,4,1,0.03721565753221512
5293,0,1,0.09358302503824234
5294,8,0,0.011700967326760292
5295,0,1,0.008265218697488308
5296,4,1,0.02133643813431263
5297,6,1,0.04224538058042526
5298,5,1,0.03221993148326874
5299,7,1,0.02760736271739006
5300,9,1,0.03394240513443947
5301,7,1,0.026368454098701477
5302,0,1,0.128579244017601
5303,5,1,0.053769294172525406
5304,7,1,0.0343908816576004
5305,7,1,0.030120477080345154
5306,3,1,0.014751704409718513
5307,1,1,0.03285463526844978
5308,9,1,0.04436635226011276
5309,3,1,0.02693304419517517
5310,0,1,0.07585839927196503
5311,9,1,0.026167061179876328
5312,5,1,0.018596507608890533
5313,3,1,0.02385857328772545
5314,7,1,0.029076868668198586
5315,9,1,0.015955697745084763
5316,4,1,0.05299075320363045
5317,4,1,0.02381930686533451
5318,1,1,0.02278955653309822
5319,7,1,0.03636932745575905
5320,7,1,0.01291773933917284
5321,1,1,0.032967790961265564
5322,4,1,0.047912321984767914
5323,1,1,0.021082568913698196
5324,2,1,0.005655702203512192
5325,8,0,0.021525008603930473
5326,7,1,0.015658676624298096
5327,0,1,0.03211746737360954
5328,0,1,0.00934592355042696
5329,4,1,0.028425270691514015
5330,7,1,0.030346084386110306
5331,2,1,0.026315370574593544
5332,9,1,0.012389656156301498
5333,7,1,0.021489234641194344
5334,6,1,0.03891575336456299
5335,9,1,0.024378053843975067
5336,3,1,0.03466466814279556
5337,5,1,0.03560328483581543
5338,8,0,0.02778845652937889
5339,0,1,0.01596878655254841
5340,3,1,0.027014169842004776
5341,6,1,0.018872058019042015
5342,8,0,0.010965513996779919
5343,3,1,0.023255087435245514
5344,2,1,0.0420660600066185
5345,4,1,0.02572140097618103
5346,7,1,0.019072776660323143
5347,1,1,0.03390287980437279
5348,1,1,0.014187684282660484
5349,3,1,0.014294538646936417
5350,9,1,0.024846341460943222
5351,7,1,0.02372022345662117
5352,5,1,0.01841798424720764
5353,1,1,0.017510635778307915
5354,0,1,0.03425716608762741
5355,8,0,0.007897866889834404
5356,7,1,0.014999426901340485
5357,0,1,0.012685476802289486
5358,1,1,0.01533533725887537
5359,6,1,0.021958565339446068
5360,9,1,0.016407253220677376
5361,3,1,0.009450669400393963
5362,2,1,0.027548804879188538
5363,7,1,0.04432575777173042
5364,7,1,0.03312726691365242
5365,8,0,0.03989775478839874
5366,1,1,0.06775958836078644
5367,0,1,0.027085714042186737
5368,3,1,0.024867767468094826
5369,4,1,0.02918400429189205
5370,6,1,0.013772448524832726
5371,7,1,0.0328349694609642
5372,5,1,0.010875999927520752
5373,2,1,0.028145136311650276
5374,0,1,0.03656482696533203
5375,1,1,0.02642272412776947
5376,5,1,0.018525227904319763
5377,5,1,0.02315736934542656
5378,1,1,0.04656428098678589
5379,4,1,0.04254148527979851
5380,1,1,0.008541854098439217
5381,3,1,0.02019818313419819
5382,0,1,0.05125756189227104
5383,8,0,0.01819762960076332
5384,6,1,0.023377342149615288
5385,2,1,0.032659441232681274
5386,1,1,0.037715937942266464
5387,3,1,0.03759065270423889
5388,6,1,0.030904527753591537
5389,4,1,0.012662027962505817
5390,1,1,0.018280524760484695
5391,9,1,0.02181006409227848
5392,0,1,0.024182967841625214
5393,4,1,0.03554331511259079
5394,1,1,0.012483088299632072
5395,0,1,0.010936363600194454
5396,1,1,0.01276514120399952
5397,9,1,0.01678439974784851
5398,8,0,0.016443654894828796
5399,6,1,0.03795618563890457
5400,9,1,0.03501615673303604
5401,2,1,0.012374678626656532
5402,4,1,0.01822417415678501
5403,7,1,0.06073193997144699
5404,2,1,0.028385354205965996
5405,2,1,0.025465577840805054
5406,7,1,0.05141110718250275
5407,4,1,0.020472969859838486
5408,9,1,0.0274181105196476
5409,1,1,0.02333208918571472
5410,3,1,0.013672640547156334
5411,2,1,0.03733595460653305
5412,6,1,0.017492692917585373
5413,3,1,0.026523560285568237
5414,4,1,0.03772839158773422
5415,4,1,0.03339030221104622
5416,9,1,0.03238621726632118
5417,4,1,0.024733686819672585
5418,8,0,0.016880610957741737
5419,2,1,0.031647950410842896
5420,6,1,0.023830564692616463
5421,6,1,0.03645014390349388
5422,1,1,0.025498634204268456
5423,6,1,0.03069106675684452
5424,3,1,0.023568540811538696
5425,6,1,0.014260758645832539
5426,5,1,0.02593619003891945
5427,8,0,0.015324892476201057
5428,4,1,0.03722725063562393
5429,6,1,0.051326677203178406
5430,7,1,0.04935934394598007
5431,1,1,0.017805971205234528
5432,9,1,0.02228308841586113
5433,3,1,0.023666569963097572
5434,6,1,0.02858138456940651
5435,7,1,0.04490961134433746
5436,6,1,0.02841736376285553
5437,0,1,0.1297154575586319
5438,7,1,0.02055683173239231
5439,1,1,0.033957336097955704
5440,9,1,0.028013207018375397
5441,5,1,0.013955110684037209
5442,2,1,0.034446582198143005
5443,6,1,0.01838882453739643
5444,7,1,0.031300581991672516
5445,7,1,0.034373439848423004
5446,6,1,0.018297705799341202
5447,5,1,0.024124395102262497
5448,9,1,0.009676579385995865
5449,1,1,0.00927961990237236
5450,5,1,0.042271580547094345
5451,6,1,0.03331540897488594
5452,0,1,0.007823752239346504
5453,2,1,0.011921938508749008
5454,0,1,0.018344368785619736
5455,9,1,0.03084639459848404
5456,1,1,0.026032015681266785
5457,8,0,0.008800094947218895
5458,3,1,0.0434277206659317
5459,5,1,0.02080647461116314
5460,0,1,0.027324892580509186
5461,0,1,0.024818437173962593
5462,0,1,0.016715647652745247
5463,5,1,0.027533799409866333
5464,7,1,0.02243664860725403
5465,7,1,0.025431156158447266
5466,8,0,0.017538897693157196
5467,5,1,0.04449944570660591
5468,5,1,0.022375978529453278
5469,5,1,0.07310686260461807
5470,1,1,0.027811577543616295
5471,6,1,0.020207703113555908
5472,1,1,0.008170129731297493
5473,5,1,0.013004515320062637
5474,1,1,0.045824047178030014
5475,0,1,0.028866272419691086
5476,6,1,0.027246342971920967
5477,2,1,0.010228716768324375
5478,3,1,0.028740115463733673
5479,2,1,0.06573155522346497
5480,1,1,0.04032210260629654
5481,7,1,0.02204987034201622
5482,5,1,0.023771794512867928
5483,1,1,0.03765275701880455
5484,9,1,0.02387697994709015
5485,8,0,0.010166967287659645
5486,3,1,0.02577865868806839
5487,6,1,0.02270202338695526
5488,9,1,0.018024280667304993
5489,7,1,0.04148245230317116
5490,3,1,0.08005184680223465
5491,0,1,0.022279387339949608
5492,2,1,0.015317384153604507
5493,3,1,0.046021655201911926
5494,9,1,0.01396277267485857
5495,4,1,0.012882359325885773
5496,4,1,0.027983177453279495
5497,3,1,0.02635444514453411
5498,9,1,0.01766062341630459
5499,6,1,0.024379845708608627
5500,8,0,0.01584724709391594
5501,6,1,0.02439776249229908
5502,6,1,0.023503094911575317
5503,8,0,0.009801875799894333
5504,5,1,0.03478604555130005
5505,4,1,0.023523174226284027
5506,3,1,0.031562380492687225
5507,6,1,0.024544283747673035
5508,7,1,0.025724215433001518
5509,7,1,0.01724248006939888
5510,4,1,0.015464057214558125
5511,3,1,0.023129060864448547
5512,9,1,0.01851407252252102
5513,6,1,0.013881653547286987
5514,2,1,0.03304893150925636
5515,4,1,0.030824311077594757
5516,0,1,0.03490440919995308
5517,1,1,0.024960797280073166
5518,3,1,0.03252061456441879
5519,6,1,0.014919798821210861
5520,4,1,0.024779479950666428
5521,9,1,0.028010811656713486
5522,2,1,0.042794838547706604
5523,6,1,0.02365081012248993
5524,0,1,0.015288123860955238
5525,3,1,0.019482797011733055
5526,8,0,0.02174806408584118
5527,7,1,0.00911075808107853
5528,5,1,0.030455920845270157
5529,3,1,0.06022507697343826
5530,3,1,0.026759495958685875
5531,8,0,0.012350017204880714
5532,3,1,0.03230386599898338
5533,2,1,0.036503054201602936
5534,6,1,0.03236272186040878
5535,3,1,0.018786560744047165
5536,6,1,0.029207121580839157
5537,2,1,0.16672483086585999
5538,7,1,0.017567893490195274
5539,4,1,0.03647012263536453
5540,5,1,0.0314800888299942
5541,7,1,0.019202785566449165
5542,9,1,0.005587476305663586
5543,0,1,0.012427955865859985
5544,0,1,0.04761727526783943
5545,6,1,0.021154822781682014
5546,7,1,0.02528512105345726
5547,2,1,0.005871356464922428
5548,8,0,0.00647885724902153
5549,5,1,0.050249289721250534
5550,5,1,0.027855755761265755
5551,7,1,0.00885307602584362
5552,5,1,0.013443398289382458
5553,5,1,0.018551193177700043
5554,9,1,0.03540430963039398
5555,4,1,0.06326337903738022
5556,6,1,0.02157457545399666
5557,4,1,0.024967528879642487
5558,7,1,0.05078372731804848
5559,3,1,0.024892840534448624
5560,3,1,0.01569930650293827
5561,6,1,0.03073270618915558
5562,4,1,0.05812321603298187
5563,1,1,0.022184869274497032
5564,6,1,0.029292481020092964
5565,3,1,0.03156717121601105
5566,1,1,0.017580989748239517
5567,6,1,0.0333399623632431
5568,7,1,0.03803303837776184
5569,0,1,0.023961834609508514
5570,5,1,0.010923575609922409
5571,0,1,0.021433977410197258
5572,1,1,0.02446635067462921
5573,9,1,0.026013674214482307
5574,7,1,0.04373157396912575
5575,3,1,0.019207000732421875
5576,5,1,0.024200815707445145
5577,2,1,0.03692056983709335
5578,3,1,0.03768613934516907
5579,9,1,0.033588409423828125
5580,5,1,0.023748289793729782
5581,6,1,0.01924753189086914
5582,4,1,0.06982316076755524
5583,0,1,0.14560866355895996
5584,0,1,0.06274417042732239
5585,0,1,0.049709025770425797
5586,8,0,0.004780106246471405
5587,0,1,0.007952997460961342
5588,3,1,0.04589608311653137
5589,2,1,0.01698162406682968
5590,4,1,0.024617213755846024
5591,5,1,0.02195102348923683
5592,3,1,0.024180077016353607
5593,7,1,0.013431087136268616
5594,9,1,0.016316186636686325
5595,6,1,0.040452927350997925
5596,9,1,0.008383882232010365
5597,3,1,0.014230641536414623
5598,1,1,0.023227162659168243
5599,2,1,0.019652802497148514
5600,6,1,0.012958154082298279
5601,7,1,0.02809145674109459
5602,4,1,0.03158871456980705
5603,5,1,0.027317972853779793
5604,1,1,0.06579464673995972
5605,3,1,0.019415173679590225
5606,7,1,0.02719447761774063
5607,6,1,0.0183025561273098
5608,9,1,0.041961420327425
5609,5,1,0.024897504597902298
5610,8,0,0.018311038613319397
5611,5,1,0.056236643344163895
5612,8,0,0.012031449005007744
5613,5,1,0.022400988265872
5614,8,0,0.00966477021574974
5615,5,1,0.03702984005212784
5616,6,1,0.036936886608600616
5617,5,1,0.010900316759943962
5618,0,1,0.014683526009321213
5619,8,0,0.04309668019413948
5620,3,1,0.03223484754562378
5621,8,0,0.019860927015542984
5622,1,1,0.022308124229311943
5623,8,0,0.027370847761631012
5624,1,1,0.018369637429714203
5625,5,1,0.03497472405433655
5626,0,1,0.026100091636180878
5627,9,1,0.03066236525774002
5628,8,0,0.01543512474745512
5629,6,1,0.03607766330242157
5630,3,1,0.020763304084539413
5631,6,1,0.03881464898586273
5632,3,1,0.024153195321559906
5633,4,1,0.017220593988895416
5634,4,1,0.02669801563024521
5635,7,1,0.01645011454820633
5636,4,1,0.024534881114959717
5637,7,1,0.04940265417098999
5638,4,1,0.02573166787624359
5639,3,1,0.047068603336811066
5640,2,1,0.0256514772772789
5641,4,1,0.03194592893123627
5642,5,1,0.03812483325600624
5643,5,1,0.020210467278957367
5644,7,1,0.007980735041201115
5645,5,1,0.014995032921433449
5646,4,1,0.011091647669672966
5647,5,1,0.04075929522514343
5648,8,0,0.014990479685366154
5649,0,1,0.02235567942261696
5650,5,1,0.01717282645404339
5651,4,1,0.02788759395480156
5652,0,1,0.0449204221367836
5653,5,1,0.042645540088415146
5654,4,1,0.04658018797636032
5655,3,1,0.020325031131505966
5656,3,1,0.024181148037314415
5657,2,1,0.025314126163721085
5658,4,1,0.02376815862953663
5659,2,1,0.03461694344878197
5660,9,1,0.03399985283613205
5661,4,1,0.03033287078142166
5662,8,0,0.015003778971731663
5663,8,0,0.022133704274892807
5664,6,1,0.02165544405579567
5665,2,1,0.08115220814943314
5666,6,1,0.02874724380671978
5667,1,1,0.02006077766418457
5668,7,1,0.02654431015253067
5669,0,1,0.023389842361211777
5670,4,1,0.031031159684062004
5671,3,1,0.02784332074224949
5672,8,0,0.02151815965771675
5673,5,1,0.020964249968528748
5674,9,1,0.009089775383472443
5675,7,1,0.030754920095205307
5676,6,1,0.021071385592222214
5677,7,1,0.029551323503255844
5678,1,1,0.02681553177535534
5679,0,1,0.025081686675548553
5680,2,1,0.016411926597356796
5681,3,1,0.059102799743413925
5682,5,1,0.02335965447127819
5683,6,1,0.01918317750096321
5684,7,1,0.0358295813202858
5685,1,1,0.027330491691827774
5686,6,1,0.032911598682403564
5687,2,1,0.025404833257198334
5688,8,0,0.016503633931279182
5689,3,1,0.029039960354566574
5690,7,1,0.0505051352083683
5691,2,1,0.03263034671545029
5692,5,1,0.01651720516383648
5693,7,1,0.01835361123085022
5694,5,1,0.008592333644628525
5695,7,1,0.024432923644781113
5696,7,1,0.030161689966917038
5697,1,1,0.04174099490046501
5698,7,1,0.016620932146906853
5699,4,1,0.030579891055822372
5700,3,1,0.019054343923926353
5701,3,1,0.024403298273682594
5702,4,1,0.02559610828757286
5703,0,1,0.03848589211702347
5704,4,1,0.03604423254728317
5705,2,1,0.020883824676275253
5706,7,1,0.031816400587558746
5707,0,1,0.024696672335267067
5708,2,1,0.03375934809446335
5709,2,1,0.044851332902908325
5710,6,1,0.016990460455417633
5711,6,1,0.02673807367682457
5712,2,1,0.030059196054935455
5713,5,1,0.019991308450698853
5714,2,1,0.03757583722472191
5715,6,1,0.012296179309487343
5716,0,1,0.5480645895004272
5717,6,1,0.03497898951172829
5718,1,1,0.02465093694627285
5719,2,1,0.03379163518548012
5720,9,1,0.011323381215333939
5721,0,1,0.012824027799069881
5722,0,1,0.03682597726583481
5723,1,1,0.021687963977456093
5724,5,1,0.033917367458343506
5725,5,1,0.028613092377781868
5726,1,1,0.021670237183570862
5727,6,1,0.03991914168000221
5728,7,1,0.018803812563419342
5729,8,0,0.02304244413971901
5730,5,1,0.015865886583924294
5731,6,1,0.018532533198595047
5732,3,1,0.013556934893131256
5733,3,1,0.043039847165346146
5734,6,1,0.05729048699140549
5735,0,1,0.019527800381183624
5736,9,1,0.021675704047083855
5737,9,1,0.03352143242955208
5738,2,1,0.02176070213317871
5739,2,1,0.0235231202095747
5740,6,1,0.02836007997393608
5741,1,1,0.02208908647298813
5742,4,1,0.03142140805721283
5743,6,1,0.012079264037311077
5744,2,1,0.02742638811469078
5745,5,1,0.03129681944847107
5746,7,1,0.02647269517183304
5747,8,0,0.031767070293426514
5748,8,0,0.02408234030008316
5749,5,1,0.01758628897368908
5750,6,1,0.022310253232717514
5751,4,1,0.030819013714790344
5752,3,1,0.03128921240568161
5753,2,1,0.05098235607147217
5754,3,1,0.01959579437971115
5755,4,1,0.027849853038787842
5756,4,1,0.016435129567980766
5757,4,1,0.0294804610311985
5758,8,0,0.033348988741636276
5759,9,1,0.021562546491622925
5760,2,1,0.03471473604440689
5761,6,1,0.04923471063375473
5762,0,1,0.005607312079519033
5763,9,1,0.008754473179578781
5764,7,1,0.028162816539406776
5765,9,1,0.015066230669617653
5766,8,0,0.010878161527216434
5767,7,1,0.024091342464089394
5768,7,1,0.020343512296676636
5769,3,1,0.034573037177324295
5770,8,0,0.008136885240674019
5771,2,1,0.026011578738689423
5772,9,1,0.021108020097017288
5773,3,1,0.046905599534511566
5774,5,1,0.03402907773852348
5775,7,1,0.03662215918302536
5776,5,1,0.019474174827337265
5777,8,0,0.004287157207727432
5778,7,1,0.028716785833239555
5779,3,1,0.01931491121649742
5780,7,1,0.019124746322631836
5781,0,1,0.016758207231760025
5782,7,1,0.029419297352433205
5783,1,1,0.03161104768514633
5784,6,1,0.019121643155813217
5785,2,1,0.1418222337961197
5786,4,1,0.03756152093410492
5787,0,1,0.018521377816796303
5788,0,1,0.05667570233345032
5789,2,1,0.031133631244301796
5790,9,1,0.029570888727903366
5791,8,0,0.01307842880487442
5792,2,1,0.028944123536348343
5793,8,0,0.009861736558377743
5794,7,1,0.02287135273218155
5795,7,1,0.025927092880010605
5796,5,1,0.025904960930347443
5797,5,1,0.017079796642065048
5798,0,1,0.016540592536330223
5799,1,1,0.020845213904976845
5800,2,1,0.023927971720695496
5801,9,1,0.014150957576930523
5802,6,1,0.0399702750146389
5803,1,1,0.01821145787835121
5804,0,1,0.014709372073411942
5805,1,1,0.02711961790919304
5806,0,1,0.008169752545654774
5807,6,1,0.025844279676675797
5808,5,1,0.020879194140434265
5809,0,1,0.035329289734363556
5810,5,1,0.0287814661860466
5811,7,1,0.011895166710019112
5812,4,1,0.04160589724779129
5813,4,1,0.01749766431748867
5814,8,0,0.00952342338860035
5815,3,1,0.024238817393779755
5816,5,1,0.023128986358642578
5817,3,1,0.028602875769138336
5818,7,1,0.019314365461468697
5819,2,1,0.040845103561878204
5820,5,1,0.032165881246328354
5821,8,0,0.031020957976579666
5822,3,1,0.03726731985807419
5823,5,1,0.024653103202581406
5824,7,1,0.012346409261226654
5825,3,1,0.020122867077589035
5826,7,1,0.03067423403263092
5827,0,1,0.011337037198245525
5828,5,1,0.02722766622900963
5829,4,1,0.03585360199213028
5830,5,1,0.030904371291399002
5831,6,1,0.03165517747402191
5832,9,1,0.027350008487701416
5833,3,1,0.02731514722108841
5834,5,1,0.030257534235715866
5835,3,1,0.0177050419151783
5836,8,0,0.019220544025301933
5837,2,1,0.03741183876991272
5838,4,1,0.02230178564786911
5839,2,1,0.04944983869791031
5840,2,1,0.043426819145679474
5841,6,1,0.012531952001154423
5842,7,1,0.01973615027964115
5843,6,1,0.052750054746866226
5844,0,1,0.018619950860738754
5845,5,1,0.02846284583210945
5846,5,1,0.010013622231781483
5847,8,0,0.015610053203999996
5848,4,1,0.03451554477214813
5849,5,1,0.02253633365035057
5850,6,1,0.03517794609069824
5851,1,1,0.035381101071834564
5852,3,1,0.028330685570836067
5853,5,1,0.020205268636345863
5854,4,1,0.10945004969835281
5855,7,1,0.030125577002763748
5856,3,1,0.02321740984916687
5857,0,1,0.018407700583338737
5858,7,1,0.016904614865779877
5859,2,1,0.037403978407382965
5860,0,1,0.02845132164657116
5861,1,1,0.030058134347200394
5862,2,1,0.03561380133032799
5863,4,1,0.020806074142456055
5864,9,1,0.026179607957601547
5865,6,1,0.03172512724995613
5866,4,1,0.024878446012735367
5867,5,1,0.04148997366428375
5868,9,1,0.00864759087562561
5869,7,1,0.02061295323073864
5870,7,1,0.01863323152065277
5871,6,1,0.03307996317744255
5872,7,1,0.02093169093132019
5873,4,1,0.049355946481227875
5874,3,1,0.020505821332335472
5875,1,1,0.02880873531103134
5876,6,1,0.03294993191957474
5877,9,1,0.03611763194203377
5878,4,1,0.033592935651540756
5879,8,0,0.01529313437640667
5880,0,1,0.01536334678530693
5881,3,1,0.03209378942847252
5882,1,1,0.050794534385204315
5883,6,1,0.011445704847574234
5884,4,1,0.044361747801303864
5885,4,1,0.023400478065013885
5886,2,1,0.046616993844509125
5887,1,1,0.034650396555662155
5888,4,1,0.018038945272564888
5889,6,1,0.03368295729160309
5890,3,1,0.025054411962628365
5891,0,1,0.04284794628620148
5892,8,0,0.016988547518849373
5893,9,1,0.011130254715681076
5894,7,1,0.01525423675775528
5895,6,1,0.030323892831802368
5896,8,0,0.045303694903850555
5897,4,1,0.034731775522232056
5898,8,0,0.01701381243765354
5899,1,1,0.046311669051647186
5900,4,1,0.03104415163397789
5901,5,1,0.02487911656498909
5902,9,1,0.004293837584555149
5903,4,1,0.021227624267339706
5904,7,1,0.019721619784832
5905,1,1,0.021194491535425186
5906,4,1,0.037256475538015366
5907,5,1,0.01767418533563614
5908,3,1,0.011056922376155853
5909,1,1,0.023172222077846527
5910,2,1,0.01718890853226185
5911,6,1,0.038529038429260254
5912,4,1,0.04822802543640137
5913,7,1,0.03200699761509895
5914,1,1,0.036550894379615784
5915,5,1,0.023197049275040627
5916,9,1,0.018141288310289383
5917,3,1,0.03406624495983124
5918,1,1,0.019256392493844032
5919,4,1,0.016907762736082077
5920,8,0,0.014049341902136803
5921,7,1,0.020532997325062752
5922,7,1,0.015963740646839142
5923,0,1,0.015273841097950935
5924,4,1,0.013188881799578667
5925,3,1,0.03474670648574829
5926,4,1,0.02653016895055771
5927,6,1,0.030717046931385994
5928,7,1,0.02256428822875023
5929,7,1,0.029712475836277008
5930,5,1,0.03260776028037071
5931,4,1,0.020877743139863014
5932,4,1,0.02818821370601654
5933,4,1,0.03266593813896179
5934,3,1,0.029520047828555107
5935,6,1,0.028208013623952866
5936,6,1,0.03895843029022217
5937,1,1,0.037136491388082504
5938,9,1,0.01714491844177246
5939,9,1,0.03427492454648018
5940,7,1,0.024911589920520782
5941,9,1,0.023950189352035522
5942,4,1,0.025090817362070084
5943,3,1,0.02666855789721012
5944,2,1,0.037673890590667725
5945,9,1,0.024809343740344048
5946,8,0,0.04267372563481331
5947,5,1,0.019070323556661606
5948,0,1,0.00971517339348793
5949,6,1,0.03717212378978729
5950,9,1,0.02150786481797695
5951,0,1,0.04698493331670761
5952,9,1,0.021423274651169777
5953,7,1,0.016835540533065796
5954,8,0,0.01672673225402832
5955,5,1,0.02594904601573944
5956,4,1,0.01340930350124836
5957,4,1,0.031159022822976112
5958,9,1,0.02582806907594204
5959,4,1,0.02504029870033264
5960,2,1,0.021054349839687347
5961,6,1,0.028511187061667442
5962,6,1,0.02308616228401661
5963,9,1,0.039887186139822006
5964,9,1,0.014561417512595654
5965,7,1,0.027827415615320206
5966,9,1,0.028333701193332672
5967,9,1,0.015391593798995018
5968,0,1,0.02775600180029869
5969,5,1,0.013454788364470005
5970,1,1,0.016861343756318092
5971,1,1,0.024714838713407516
5972,8,0,0.0061445292085409164
5973,6,1,0.03407423943281174
5974,9,1,0.01449196320027113
5975,9,1,0.017124492675065994
5976,5,1,0.021850228309631348
5977,6,1,0.04131721332669258
5978,5,1,0.03147178888320923
5979,5,1,0.03296271711587906
5980,9,1,0.013086309656500816
5981,7,1,0.02397339977324009
5982,9,1,0.016174156218767166
5983,4,1,0.03276926279067993
5984,5,1,0.040062375366687775
5985,4,1,0.016593996435403824
5986,3,1,0.0420941486954689
5987,3,1,0.022461310029029846
5988,9,1,0.01110229641199112
5989,8,0,0.04911108314990997
5990,8,0,0.05086278170347214
5991,3,1,0.014495660550892353
5992,4,1,0.0296923965215683
5993,8,0,0.013729015365242958
5994,4,1,0.03060387447476387
5995,0,1,0.021134518086910248
5996,4,1,0.012266305275261402
5997,0,1,0.013354163616895676
5998,7,1,0.05483177676796913
5999,2,1,0.03378321975469589
6000,8,0,0.01532772183418274
6001,0,1,0.023741504177451134
6002,2,1,0.030223313719034195
6003,0,1,0.04674246907234192
6004,7,1,0.012149963527917862
6005,4,1,0.020296219736337662
6006,0,1,0.020034193992614746
6007,6,1,0.02931935526430607
6008,3,1,0.06714086979627609
6009,3,1,0.037750259041786194
6010,1,1,0.02466992288827896
6011,7,1,0.016074562445282936
6012,4,1,0.020461052656173706
6013,6,1,0.027823755517601967
6014,5,1,0.027391573414206505
6015,0,1,0.007742061745375395
6016,4,1,0.023217154666781425
6017,9,1,0.05539094656705856
6018,5,1,0.024039320647716522
6019,6,1,0.015142706222832203
6020,6,1,0.039039354771375656
6021,3,1,0.035560812801122665
6022,0,1,0.014281617477536201
6023,5,1,0.029460035264492035
6024,2,1,0.04870666563510895
6025,6,1,0.06850258260965347
6026,3,1,0.01623556576669216
6027,3,1,0.01984996348619461
6028,8,0,0.017476655542850494
6029,0,1,0.015831971541047096
6030,8,0,0.027596978470683098
6031,5,1,0.01357910968363285
6032,4,1,0.029035795480012894
6033,2,1,0.04095684364438057
6034,9,1,0.01997169479727745
6035,5,1,0.01766057312488556
6036,0,1,0.057277075946331024
6037,5,1,0.02425445429980755
6038,4,1,0.013233503326773643
6039,8,0,0.012981178238987923
6040,2,1,0.030533431097865105
6041,7,1,0.022015180438756943
6042,6,1,0.02167855203151703
6043,5,1,0.045096829533576965
6044,7,1,0.03079281747341156
6045,8,0,0.01434631459414959
6046,2,1,0.029833996668457985
6047,0,1,0.010746495798230171
6048,1,1,0.02814216911792755
6049,8,0,0.005148450843989849
6050,2,1,0.028194159269332886
6051,4,1,0.05066102370619774
6052,8,0,0.005012894049286842
6053,4,1,0.016583073884248734
6054,3,1,0.017996907234191895
6055,0,1,0.018568173050880432
6056,4,1,0.012003984302282333
6057,0,1,0.039282944053411484
6058,1,1,0.023652251809835434
6059,9,1,0.017991915345191956
6060,3,1,0.01669282652437687
6061,0,1,0.006637440994381905
6062,3,1,0.014422722160816193
6063,6,1,0.0589798241853714
6064,5,1,0.024294301867485046
6065,5,1,0.02536609023809433
6066,2,1,0.025972940027713776
6067,8,0,0.02251843735575676
6068,5,1,0.02205682173371315
6069,0,1,0.011382375843822956
6070,8,0,0.008581183850765228
6071,7,1,0.059719085693359375
6072,5,1,0.03728703409433365
6073,2,1,0.0377449207007885
6074,4,1,0.03129107132554054
6075,3,1,0.03304268792271614
6076,7,1,0.04287844896316528
6077,0,1,0.028065206483006477
6078,2,1,0.06583131104707718
6079,3,1,0.02128562331199646
6080,1,1,0.04011600837111473
6081,0,1,0.025453027337789536
6082,0,1,0.03288096934556961
6083,2,1,0.03064872696995735
6084,1,1,0.029917947947978973
6085,2,1,0.022349871695041656
6086,1,1,0.030292537063360214
6087,4,1,0.027943812310695648
6088,6,1,0.014531943015754223
6089,7,1,0.031601082533597946
6090,1,1,0.03176642209291458
6091,0,1,0.016210567206144333
6092,5,1,0.015791112557053566
6093,2,1,0.027106719091534615
6094,5,1,0.009085115976631641
6095,9,1,0.00869288295507431
6096,2,1,0.012561515904963017
6097,5,1,0.01795794814825058
6098,6,1,0.037695176899433136
6099,7,1,0.02897946536540985
6100,1,1,0.029075874015688896
6101,9,1,0.018711095675826073
6102,3,1,0.025509051978588104
6103,6,1,0.025692487135529518
6104,1,1,0.025805318728089333
6105,0,1,0.1989721804857254
6106,2,1,0.02690652385354042
6107,9,1,0.015591306611895561
6108,4,1,0.020551294088363647
6109,2,1,0.024825315922498703
6110,9,1,0.016697585582733154
6111,3,1,0.017936958000063896
6112,8,0,0.011409514583647251
6113,2,1,0.03150644153356552
6114,9,1,0.01465224102139473
6115,8,0,0.00755519000813365
6116,5,1,0.02853052131831646
6117,1,1,0.021938607096672058
6118,0,1,0.016413690522313118
6119,1,1,0.019133813679218292
6120,5,1,0.016033252701163292
6121,2,1,0.031579069793224335
6122,5,1,0.030799588188529015
6123,6,1,0.01921120285987854
6124,8,0,0.01653447560966015
6125,8,0,0.022866614162921906
6126,3,1,0.017202895134687424
6127,5,1,0.018750011920928955
6128,0,1,0.03108205832540989
6129,4,1,0.023241043090820312
6130,1,1,0.03064698725938797
6131,3,1,0.04348160699009895
6132,7,1,0.016446005553007126
6133,0,1,0.03598110377788544
6134,3,1,0.030137185007333755
6135,3,1,0.017401400953531265
6136,9,1,0.01505814678966999
6137,2,1,0.023661009967327118
6138,3,1,0.04764705151319504
6139,9,1,0.02938326634466648
6140,9,1,0.014176378026604652
6141,8,0,0.008397520519793034
6142,5,1,0.01794588938355446
6143,9,1,0.038454316556453705
6144,7,1,0.05841182544827461
6145,2,1,0.049109622836112976
6146,0,1,0.02731751650571823
6147,9,1,0.01197855919599533
6148,4,1,0.02983393520116806
6149,7,1,0.030690845102071762
6150,1,1,0.013187230564653873
6151,7,1,0.020465057343244553
6152,6,1,0.03714299574494362
6153,4,1,0.040322672575712204
6154,4,1,0.09405523538589478
6155,8,0,0.011151619255542755
6156,9,1,0.02354378253221512
6157,0,1,0.018674336373806
6158,7,1,0.03611263632774353
6159,1,1,0.0210899468511343
6160,2,1,0.030628450214862823
6161,4,1,0.03434012830257416
6162,0,1,0.04039333388209343
6163,3,1,0.036664508283138275
6164,7,1,0.014288877137005329
6165,5,1,0.06061028316617012
6166,1,1,0.025397829711437225
6167,9,1,0.010471642017364502
6168,3,1,0.041301414370536804
6169,5,1,0.008460544049739838
6170,2,1,0.022285211831331253
6171,4,1,0.031070705503225327
6172,1,1,0.03310474008321762
6173,1,1,0.029280591756105423
6174,3,1,0.032016120851039886
6175,3,1,0.015391882508993149
6176,9,1,0.02091226540505886
6177,2,1,0.011630640365183353
6178,5,1,0.03134651482105255
6179,8,0,0.011384479701519012
6180,0,1,0.006541692651808262
6181,8,0,0.016176458448171616
6182,1,1,0.01484784483909607
6183,5,1,0.02159634232521057
6184,1,1,0.012223560363054276
6185,5,1,0.029489144682884216
6186,9,1,0.011466549709439278
6187,0,1,0.016843166202306747
6188,9,1,0.014966876246035099
6189,2,1,0.039812348783016205
6190,4,1,0.031153494492173195
6191,0,1,0.009753255173563957
6192,6,1,0.053537093102931976
6193,9,1,0.01756962016224861
6194,1,1,0.01662750542163849
6195,1,1,0.0211552195250988
6196,3,1,0.02057921141386032
6197,4,1,0.014142237603664398
6198,9,1,0.017524708062410355
6199,5,1,0.05385567992925644
6200,3,1,0.03437609598040581
6201,3,1,0.039071664214134216
6202,3,1,0.020978325977921486
6203,3,1,0.03324636444449425
6204,4,1,0.04573687165975571
6205,1,1,0.008695760741829872
6206,5,1,0.024013228714466095
6207,9,1,0.02112894132733345
6208,8,0,0.011113941669464111
6209,7,1,0.016538692638278008
6210,4,1,0.05882548168301582
6211,8,0,0.018421795219182968
6212,7,1,0.022791199386119843
6213,3,1,0.016757648438215256
6214,5,1,0.01927599310874939
6215,2,1,0.035937752574682236
6216,5,1,0.025729969143867493
6217,8,0,0.014897901564836502
6218,9,1,0.028229452669620514
6219,7,1,0.027229933068156242
6220,2,1,0.019132301211357117
6221,0,1,0.016104619950056076
6222,0,1,0.011975672096014023
6223,7,1,0.02854236029088497
6224,5,1,0.02336158975958824
6225,3,1,0.024489382281899452
6226,5,1,0.038924165070056915
6227,7,1,0.012552004307508469
6228,4,1,0.04945706948637962
6229,6,1,0.031303878873586655
6230,2,1,0.03954428434371948
6231,8,0,0.020148729905486107
6232,2,1,0.03343083709478378
6233,7,1,0.023996390402317047
6234,7,1,0.03562537208199501
6235,6,1,0.015733174979686737
6236,1,1,0.014591838233172894
6237,3,1,0.02770245261490345
6238,8,0,0.031132623553276062
6239,6,1,0.04755018651485443
6240,2,1,0.04050740599632263
6241,0,1,0.03176981583237648
6242,4,1,0.008969470858573914
6243,4,1,0.030868202447891235
6244,8,0,0.07154744863510132
6245,6,1,0.02327916771173477
6246,4,1,0.02579532563686371
6247,0,1,0.05152672529220581
6248,2,1,0.06418189406394958
6249,5,1,0.027100179344415665
6250,4,1,0.02229372411966324
6251,1,1,0.012755898758769035
6252,2,1,0.05234582722187042
6253,5,1,0.026220254600048065
6254,4,1,0.025441739708185196
6255,6,1,0.02735144831240177
6256,9,1,0.013990936800837517
6257,5,1,0.09943826496601105
6258,0,1,0.04689066857099533
6259,5,1,0.06259188801050186
6260,2,1,0.020778808742761612
6261,0,1,0.029151322320103645
6262,8,0,0.0068595074117183685
6263,2,1,0.05337844789028168
6264,6,1,0.027654657140374184
6265,4,1,0.025318406522274017
6266,7,1,0.017782537266612053
6267,9,1,0.01921192556619644
6268,5,1,0.020101331174373627
6269,7,1,0.02569398283958435
6270,2,1,0.040196798741817474
6271,6,1,0.03619306534528732
6272,2,1,0.014940628781914711
6273,1,1,0.025596803054213524
6274,9,1,0.026065796613693237
6275,9,1,0.027172408998012543
6276,7,1,0.027134062722325325
6277,2,1,0.03976907953619957
6278,5,1,0.028105854988098145
6279,1,1,0.016870630905032158
6280,8,0,0.033298030495643616
6281,1,1,0.015788419172167778
6282,6,1,0.026175256818532944
6283,3,1,0.040364526212215424
6284,0,1,0.021528366953134537
6285,8,0,0.016844617202878
6286,8,0,0.019737383350729942
6287,5,1,0.01620861142873764
6288,6,1,0.021413780748844147
6289,9,1,0.02387262135744095
6290,9,1,0.02367178350687027
6291,9,1,0.0070383185520768166
6292,6,1,0.02020549401640892
6293,3,1,0.024971704930067062
6294,0,1,0.01856274902820587
6295,8,0,0.005693385377526283
6296,8,0,0.011919578537344933
6297,5,1,0.016465257853269577
6298,3,1,0.04130254313349724
6299,3,1,0.04339801147580147
6300,1,1,0.02382286638021469
6301,1,1,0.019567085430026054
6302,0,1,0.022377751767635345
6303,7,1,0.012579008936882019
6304,0,1,0.04353351145982742
6305,6,1,0.0299616027623415
6306,0,1,0.010835174471139908
6307,4,1,0.038840219378471375
6308,4,1,0.031530898064374924
6309,6,1,0.04834550619125366
6310,5,1,0.030933257192373276
6311,3,1,0.033571384847164154
6312,2,1,0.041763272136449814
6313,9,1,0.014328159391880035
6314,6,1,0.041038453578948975
6315,6,1,0.012985908426344395
6316,7,1,0.018104808405041695
6317,9,1,0.020574340596795082
6318,7,1,0.009053269401192665
6319,7,1,0.017347805202007294
6320,0,1,0.021498465910553932
6321,8,0,0.01872432231903076
6322,4,1,0.03402157500386238
6323,2,1,0.04399433732032776
6324,7,1,0.023052174597978592
6325,7,1,0.02073671855032444
6326,7,1,0.013898981735110283
6327,4,1,0.026658620685338974
6328,0,1,0.0406394824385643
6329,1,1,0.023112662136554718
6330,6,1,0.036635685712099075
6331,0,1,0.01746399700641632
6332,5,1,0.015142322517931461
6333,3,1,0.019885685294866562
6334,0,1,0.03158232569694519
6335,2,1,0.030472157523036003
6336,4,1,0.030891604721546173
6337,9,1,0.009482822380959988
6338,7,1,0.09668073058128357
6339,3,1,0.04118625447154045
6340,3,1,0.02167416363954544
6341,2,1,0.03870076686143875
6342,8,0,0.004715929739177227
6343,8,0,0.012087341398000717
6344,5,1,0.04164474084973335
6345,3,1,0.03953879326581955
6346,8,0,0.007549804635345936
6347,0,1,0.014515954069793224
6348,8,0,0.010334940627217293
6349,0,1,0.018997211009263992
6350,0,1,0.027027979493141174
6351,0,1,0.009617336094379425
6352,2,1,0.03366630896925926
6353,2,1,0.0469956174492836
6354,7,1,0.0664721131324768
6355,0,1,0.017502961680293083
6356,7,1,0.014837605878710747
6357,7,1,0.03214966505765915
6358,7,1,0.02632228285074234
6359,2,1,0.0350593701004982
6360,2,1,0.0183238685131073
6361,0,1,0.01990302838385105
6362,4,1,0.015057627111673355
6363,0,1,0.018735792487859726
6364,3,1,0.04161621630191803
6365,7,1,0.045645151287317276
6366,8,0,0.011629672721028328
6367,4,1,0.09134523570537567
6368,7,1,0.024532681331038475
6369,9,1,0.03529055044054985
6370,6,1,0.018561212345957756
6371,1,1,0.057881467044353485
6372,1,1,0.015170144848525524
6373,6,1,0.013580992817878723
6374,9,1,0.007097190245985985
6375,3,1,0.028392450883984566
6376,8,0,0.02291812002658844
6377,9,1,0.02647114172577858
6378,5,1,0.046876490116119385
6379,8,0,0.030677519738674164
6380,3,1,0.03371848911046982
6381,9,1,0.013171946629881859
6382,4,1,0.05828050896525383
6383,3,1,0.02811708301305771
6384,7,1,0.016645420342683792
6385,5,1,0.027339648455381393
6386,5,1,0.020137879997491837
6387,2,1,0.04785048961639404
6388,7,1,0.03494387865066528
6389,5,1,0.010659342631697655
6390,7,1,0.03122124634683132
6391,9,1,0.04012342169880867
6392,6,1,0.02311181090772152
6393,3,1,0.041839394718408585
6394,0,1,0.007953675463795662
6395,8,0,0.035563066601753235
6396,4,1,0.027041852474212646
6397,5,1,0.023283611983060837
6398,6,1,0.030791951343417168
6399,1,1,0.013191238045692444
6400,0,1,0.012132367119193077
6401,4,1,0.030537201091647148
6402,8,0,0.008155735209584236
6403,4,1,0.08297856152057648
6404,7,1,0.03595680743455887
6405,1,1,0.053803831338882446
6406,3,1,0.026898421347141266
6407,2,1,0.021672219038009644
6408,0,1,0.02281106449663639
6409,9,1,0.018891284242272377
6410,1,1,0.016424544155597687
6411,8,0,0.014006185345351696
6412,8,0,0.032530877739191055
6413,6,1,0.01956217922270298
6414,8,0,0.031729526817798615
6415,1,1,0.027228469029068947
6416,7,1,0.022700384259223938
6417,1,1,0.03965817391872406
6418,0,1,0.048998937010765076
6419,9,1,0.011154333129525185
6420,7,1,0.013619053177535534
6421,6,1,0.01753239706158638
6422,4,1,0.025727737694978714
6423,5,1,0.06747330725193024
6424,8,0,0.022376947104930878
6425,2,1,0.03093726933002472
6426,1,1,0.04633302986621857
6427,2,1,0.029510222375392914
6428,5,1,0.01448647677898407
6429,8,0,0.01776847615838051
6430,1,1,0.02931058593094349
6431,1,1,0.015750134363770485
6432,8,0,0.015481452457606792
6433,8,0,0.015187911689281464
6434,0,1,0.010531343519687653
6435,9,1,0.02571406587958336
6436,0,1,0.0037868209183216095
6437,0,1,0.0935252383351326
6438,4,1,0.03320727497339249
6439,3,1,0.029388099908828735
6440,3,1,0.011152014136314392
6441,5,1,0.01636079140007496
6442,6,1,0.01975409686565399
6443,6,1,0.053253572434186935
6444,3,1,0.031255051493644714
6445,1,1,0.03849342092871666
6446,4,1,0.03459770977497101
6447,4,1,0.005091720726341009
6448,7,1,0.0341070294380188
6449,8,0,0.01246516965329647
6450,0,1,0.056342869997024536
6451,1,1,0.028166241943836212
6452,4,1,0.02112511172890663
6453,8,0,0.022481173276901245
6454,4,1,0.04477589577436447
6455,6,1,0.015249534510076046
6456,2,1,0.015381503850221634
6457,2,1,0.03315148875117302
6458,2,1,0.030467137694358826
6459,6,1,0.042518388479948044
6460,3,1,0.012326991185545921
6461,4,1,0.011667436920106411
6462,0,1,0.03217592462897301
6463,8,0,0.012818237766623497
6464,1,1,0.011086534708738327
6465,3,1,0.05944841355085373
6466,8,0,0.030767207965254784
6467,3,1,0.019084449857473373
6468,8,0,0.0069729979149997234
6469,9,1,0.03419426083564758
6470,1,1,0.025387179106473923
6471,6,1,0.021809622645378113
6472,1,1,0.010010641068220139
6473,9,1,0.014634247869253159
6474,8,0,0.010332997888326645
6475,2,1,0.026156499981880188
6476,0,1,0.011768179945647717
6477,4,1,0.03794313967227936
6478,7,1,0.04160941392183304
6479,4,1,0.011590619571506977
6480,0,1,0.05712796002626419
6481,0,1,0.09810652583837509
6482,7,1,0.027429785579442978
6483,6,1,0.024154048413038254
6484,8,0,0.009592541493475437
6485,9,1,0.010976850986480713
6486,8,0,0.02969495952129364
6487,6,1,0.03288288414478302
6488,2,1,0.01315421611070633
6489,8,0,0.01005948893725872
6490,8,0,0.023120641708374023
6491,0,1,0.017948491498827934
6492,1,1,0.016767272725701332
6493,1,1,0.03745608031749725
6494,0,1,0.02048410475254059
6495,7,1,0.03312745690345764
6496,7,1,0.025856293737888336
6497,4,1,0.020059112459421158
6498,4,1,0.035652898252010345
6499,7,1,0.021195050328969955
6500,7,1,0.03824338689446449
6501,2,1,0.0863114669919014
6502,6,1,0.014941081404685974
6503,6,1,0.024612896144390106
6504,7,1,0.04203398525714874
6505,4,1,0.03174491971731186
6506,5,1,0.04523003101348877
6507,4,1,0.016931723803281784
6508,0,1,0.04590718075633049
6509,9,1,0.028396274894475937
6510,4,1,0.014303332194685936
6511,7,1,0.03249339759349823
6512,2,1,0.017109433189034462
6513,5,1,0.036644548177719116
6514,3,1,0.018287453800439835
6515,2,1,0.025144251063466072
6516,2,1,0.041483186185359955
6517,7,1,0.022755306214094162
6518,6,1,0.03692327439785004
6519,2,1,0.019123278558254242
6520,6,1,0.023414790630340576
6521,4,1,0.013502000831067562
6522,9,1,0.02529931627213955
6523,6,1,0.04628220200538635
6524,8,0,0.0224001444876194
6525,3,1,0.020688049495220184
6526,8,0,0.013363831676542759
6527,5,1,0.01422257348895073
6528,5,1,0.026890721172094345
6529,2,1,0.02647130936384201
6530,3,1,0.02448745258152485
6531,4,1,0.024448461830615997
6532,5,1,0.04042189195752144
6533,2,1,0.011623292230069637
6534,7,1,0.024835677817463875
6535,5,1,0.03480168804526329
6536,1,1,0.03232095390558243
6537,5,1,0.01999109610915184
6538,3,1,0.006790615618228912
6539,7,1,0.03272330388426781
6540,8,0,0.009006102569401264
6541,8,0,0.026286959648132324
6542,9,1,0.023466531187295914
6543,6,1,0.01626570150256157
6544,0,1,0.009203439578413963
6545,9,1,0.01462278887629509
6546,2,1,0.07386709004640579
6547,6,1,0.02613963931798935
6548,0,1,0.06509979814291
6549,0,1,0.15089181065559387
6550,1,1,0.03359335660934448
6551,4,1,0.03440100699663162
6552,1,1,0.014264770783483982
6553,3,1,0.02616599202156067
6554,5,1,0.0319330208003521
6555,1,1,0.024562189355492592
6556,8,0,0.020052354782819748
6557,9,1,0.01214547548443079
6558,6,1,0.026914751157164574
6559,2,1,0.016628805547952652
6560,6,1,0.026884213089942932
6561,9,1,0.014279001392424107
6562,5,1,0.010738939978182316
6563,6,1,0.02338492125272751
6564,5,1,0.02284512110054493
6565,9,1,0.025994736701250076
6566,1,1,0.020569555461406708
6567,4,1,0.03472035005688667
6568,2,1,0.02460193634033203
6569,8,0,0.035453833639621735
6570,9,1,0.0370914563536644
6571,5,1,0.03308091312646866
6572,4,1,0.018327388912439346
6573,7,1,0.021381817758083344
6574,0,1,0.022412005811929703
6575,3,1,0.0167752206325531
6576,7,1,0.016404133290052414
6577,1,1,0.022911369800567627
6578,6,1,0.02059393934905529
6579,9,1,0.05268416553735733
6580,1,1,0.025539115071296692
6581,1,1,0.019741833209991455
6582,4,1,0.023518895730376244
6583,0,1,0.030406616628170013
6584,5,1,0.02317001298069954
6585,1,1,0.03482464328408241
6586,6,1,0.025922389701008797
6587,3,1,0.04544997960329056
6588,0,1,0.013704708777368069
6589,2,1,0.01698632724583149
6590,5,1,0.01768540032207966
6591,5,1,0.030392609536647797
6592,5,1,0.02675146795809269
6593,2,1,0.02296634204685688
6594,8,0,0.021004971116781235
6595,2,1,0.05122116953134537
6596,3,1,0.03127902373671532
6597,1,1,0.02741076424717903
6598,6,1,0.024729304015636444
6599,2,1,0.022547611966729164
6600,7,1,0.022240396589040756
6601,0,1,0.016046732664108276
6602,8,0,0.006489768158644438
6603,9,1,0.033174894750118256
6604,2,1,0.027276543900370598
6605,6,1,0.02128387801349163
6606,4,1,0.029029231518507004
6607,7,1,0.02371976710855961
6608,5,1,0.08428677171468735
6609,5,1,0.0154912443831563
6610,8,0,0.01357160322368145
6611,8,0,0.012793946079909801
6612,7,1,0.016306208446621895
6613,8,0,0.016139546409249306
6614,5,1,0.03668196126818657
6615,7,1,0.023836500942707062
6616,4,1,0.020504169166088104
6617,4,1,0.015347926877439022
6618,0,1,0.008150278590619564
6619,0,1,0.012556340545415878
6620,7,1,0.016752906143665314
6621,0,1,0.0670178234577179
6622,4,1,0.02954772487282753
6623,0,1,0.011112211272120476
6624,4,1,0.033750519156455994
6625,4,1,0.06498603522777557
6626,2,1,0.020553898066282272
6627,5,1,0.03353269398212433
6628,4,1,0.016342364251613617
6629,0,1,0.03781010955572128
6630,7,1,0.04738923907279968
6631,7,1,0.023399218916893005
6632,7,1,0.02380080707371235
6633,0,1,0.048063553869724274
6634,4,1,0.030360147356987
6635,6,1,0.009472805075347424
6636,2,1,0.02119763381779194
6637,9,1,0.017438741400837898
6638,1,1,0.03297765180468559
6639,1,1,0.01136173028498888
6640,5,1,0.015414423309266567
6641,0,1,0.009085151366889477
6642,9,1,0.03100983425974846
6643,1,1,0.021755509078502655
6644,0,1,0.04746491461992264
6645,6,1,0.031680941581726074
6646,5,1,0.036689914762973785
6647,3,1,0.026443548500537872
6648,0,1,0.01056203804910183
6649,9,1,0.011128542944788933
6650,0,1,0.01108916662633419
6651,6,1,0.02705523557960987
6652,2,1,0.01911444216966629
6653,0,1,0.09762623906135559
6654,4,1,0.030869513750076294
6655,1,1,0.020526250824332237
6656,6,1,0.009925405494868755
6657,7,1,0.026582583785057068
6658,6,1,0.012241854332387447
6659,1,1,0.019250618293881416
6660,0,1,0.023473627865314484
6661,4,1,0.048332203179597855
6662,6,1,0.034255992621183395
6663,0,1,0.03134814649820328
6664,4,1,0.015261594206094742
6665,4,1,0.04587305337190628
6666,2,1,0.018733056262135506
6667,7,1,0.020668331533670425
6668,6,1,0.036755505949258804
6669,5,1,0.022662462666630745
6670,3,1,0.035178955644369125
6671,5,1,0.030086159706115723
6672,9,1,0.023808501660823822
6673,4,1,0.05009583756327629
6674,5,1,0.02643967792391777
6675,2,1,0.03403793275356293
6676,0,1,0.025720961391925812
6677,5,1,0.08781693875789642
6678,7,1,0.015040156431496143
6679,2,1,0.03416904807090759
6680,3,1,0.02146722748875618
6681,9,1,0.01087670773267746
6682,4,1,0.02888881228864193
6683,5,1,0.040220148861408234
6684,8,0,0.009223033674061298
6685,1,1,0.021049287170171738
6686,9,1,0.017542831599712372
6687,3,1,0.05757877975702286
6688,1,1,0.03284350782632828
6689,8,0,0.02552167698740959
6690,5,1,0.049687087535858154
6691,8,0,0.011901786550879478
6692,6,1,0.04272020235657692
6693,6,1,0.030134741216897964
6694,3,1,0.024799693375825882
6695,4,1,0.01916639134287834
6696,0,1,0.08202721923589706
6697,2,1,0.019908076152205467
6698,3,1,0.036304716020822525
6699,2,1,0.016703665256500244
6700,6,1,0.03981340676546097
6701,1,1,0.038632940500974655
6702,8,0,0.01724259927868843
6703,2,1,0.021932153031229973
6704,1,1,0.007088532671332359
6705,3,1,0.02596815675497055
6706,6,1,0.019497646018862724
6707,2,1,0.04836975783109665
6708,2,1,0.06929892301559448
6709,3,1,0.02644180692732334
6710,3,1,0.03763585537672043
6711,5,1,0.013819310814142227
6712,0,1,0.06443362683057785
6713,2,1,0.07517348229885101
6714,1,1,0.007692298851907253
6715,2,1,0.03171992301940918
6716,8,0,0.009061956778168678
6717,0,1,0.012272633612155914
6718,8,0,0.016613755375146866
6719,2,1,0.06322479993104935
6720,2,1,0.021461181342601776
6721,7,1,0.026379920542240143
6722,3,1,0.035948947072029114
6723,5,1,0.03225313127040863
6724,9,1,0.007759844418615103
6725,8,0,0.018608156591653824
6726,3,1,0.04255826771259308
6727,6,1,0.02362027019262314
6728,1,1,0.020041272044181824
6729,0,1,0.024439387023448944
6730,8,0,0.014378491789102554
6731,6,1,0.02884582057595253
6732,3,1,0.0063285487703979015
6733,5,1,0.01768343709409237
6734,8,0,0.009833009913563728
6735,9,1,0.020596206188201904
6736,4,1,0.019443895667791367
6737,8,0,0.021245986223220825
6738,0,1,0.006581035442650318
6739,0,1,0.037020109593868256
6740,2,1,0.028440581634640694
6741,9,1,0.01902916468679905
6742,1,1,0.028504585847258568
6743,8,0,0.009413410909473896
6744,3,1,0.011169055476784706
6745,7,1,0.04146508127450943
6746,2,1,0.03425094485282898
6747,8,0,0.0110589899122715
6748,0,1,0.02332359552383423
6749,9,1,0.01611424796283245
6750,4,1,0.027802400290966034
6751,8,0,0.02757379412651062
6752,9,1,0.008709829300642014
6753,4,1,0.02468799240887165
6754,8,0,0.009850610047578812
6755,9,1,0.026297256350517273
6756,5,1,0.02331012487411499
6757,4,1,0.038250744342803955
6758,8,0,0.0420161709189415
6759,1,1,0.01868497207760811
6760,5,1,0.02762441709637642
6761,5,1,0.02931111678481102
6762,7,1,0.019495615735650063
6763,2,1,0.024799618870019913
6764,5,1,0.01222030445933342
6765,8,0,0.019719421863555908
6766,8,0,0.018923766911029816
6767,1,1,0.04203944653272629
6768,2,1,0.015167991630733013
6769,3,1,0.017014801502227783
6770,1,1,0.03296954557299614
6771,5,1,0.032157398760318756
6772,0,1,0.013844240456819534
6773,2,1,0.023885224014520645
6774,3,1,0.04335632920265198
6775,0,1,0.017258938401937485
6776,8,0,0.01473187655210495
6777,2,1,0.02990112081170082
6778,2,1,0.019013505429029465
6779,8,0,0.025638975203037262
6780,7,1,0.03295302391052246
6781,3,1,0.022138893604278564
6782,5,1,0.03351258859038353
6783,3,1,0.03348538279533386
6784,9,1,0.011700152419507504
6785,6,1,0.03211908042430878
6786,3,1,0.028398972004652023
6787,5,1,0.02699865587055683
6788,1,1,0.0388752743601799
6789,1,1,0.014077164232730865
6790,7,1,0.027499139308929443
6791,7,1,0.027947284281253815
6792,3,1,0.011118377558887005
6793,3,1,0.01100490614771843
6794,8,0,0.023258943110704422
6795,9,1,0.025432053953409195
6796,6,1,0.022968921810388565
6797,0,1,0.022003119811415672
6798,8,0,0.013303788378834724
6799,0,1,0.035314250737428665
6800,6,1,0.05204644426703453
6801,6,1,0.03578352555632591
6802,4,1,0.011731963604688644
6803,6,1,0.03119080327451229
6804,9,1,0.015310373157262802
6805,1,1,0.03423834592103958
6806,1,1,0.02095421403646469
6807,7,1,0.019950680434703827
6808,0,1,0.01668577454984188
6809,6,1,0.029392173513770103
6810,8,0,0.021839691326022148
6811,9,1,0.0400114506483078
6812,0,1,0.03118114545941353
6813,6,1,0.039228957146406174
6814,9,1,0.0446317084133625
6815,0,1,0.014332924038171768
6816,1,1,0.026766009628772736
6817,1,1,0.022581569850444794
6818,7,1,0.03382280096411705
6819,2,1,0.03501008823513985
6820,1,1,0.03217855840921402
6821,0,1,0.0644812062382698
6822,4,1,0.026069987565279007
6823,5,1,0.03693221136927605
6824,0,1,0.015195384621620178
6825,3,1,0.02804584428668022
6826,6,1,0.0571078360080719
6827,3,1,0.017952723428606987
6828,3,1,0.0215899720788002
6829,8,0,0.005819601006805897
6830,1,1,0.03176023066043854
6831,8,0,0.005051270592957735
6832,1,1,0.028307750821113586
6833,3,1,0.019718170166015625
6834,1,1,0.016001414507627487
6835,5,1,0.024713536724448204
6836,4,1,0.020831067115068436
6837,5,1,0.03331705927848816
6838,1,1,0.037049055099487305
6839,8,0,0.027608906850218773
6840,9,1,0.031115040183067322
6841,1,1,0.029439356178045273
6842,3,1,0.05490710213780403
6843,1,1,0.021917294710874557
6844,7,1,0.038425080478191376
6845,2,1,0.03295709192752838
6846,9,1,0.018164796754717827
6847,8,0,0.014441996812820435
6848,9,1,0.006661375053226948
6849,4,1,0.02602716162800789
6850,6,1,0.0320010781288147
6851,0,1,0.023285195231437683
6852,9,1,0.015337145887315273
6853,4,1,0.02005731128156185
6854,0,1,0.030847609043121338
6855,4,1,0.014066500589251518
6856,6,1,0.014718063175678253
6857,2,1,0.025425121188163757
6858,1,1,0.019630838185548782
6859,3,1,0.022524148225784302
6860,0,1,0.0865832269191742
6861,8,0,0.03251658380031586
6862,5,1,0.02447739616036415
6863,6,1,0.03614286333322525
6864,0,1,0.029316561296582222
6865,3,1,0.022815607488155365
6866,4,1,0.02403021603822708
6867,6,1,0.031833305954933167
6868,9,1,0.030442267656326294
6869,5,1,0.023898843675851822
6870,7,1,0.05067591369152069
6871,9,1,0.02327439747750759
6872,0,1,0.02534179389476776
6873,3,1,0.028416188433766365
6874,6,1,0.019784532487392426
6875,5,1,0.03405681625008583
6876,7,1,0.06315615773200989
6877,0,1,0.009461036883294582
6878,5,1,0.030605435371398926
6879,1,1,0.0405806228518486
6880,2,1,0.03235233575105667
6881,2,1,0.00898437388241291
6882,9,1,0.010641057044267654
6883,7,1,0.02263040468096733
6884,0,1,0.007287683431059122
6885,0,1,0.04629618674516678
6886,1,1,0.014714878052473068
6887,4,1,0.03683491051197052
6888,4,1,0.02512790448963642
6889,5,1,0.029558181762695312
6890,5,1,0.03425993025302887
6891,9,1,0.021622996777296066
6892,6,1,0.013905441388487816
6893,3,1,0.03355501592159271
6894,6,1,0.032028261572122574
6895,2,1,0.02517843060195446
6896,6,1,0.019355114549398422
6897,9,1,0.02083403803408146
6898,3,1,0.03636661544442177
6899,2,1,0.019201835617423058
6900,3,1,0.03450831025838852
6901,2,1,0.015130782499909401
6902,4,1,0.02965782955288887
6903,9,1,0.025115590542554855
6904,5,1,0.019761210307478905
6905,2,1,0.03945617005228996
6906,1,1,0.04857722297310829
6907,6,1,0.035035282373428345
6908,6,1,0.031121063977479935
6909,4,1,0.05713706091046333
6910,7,1,0.00558558851480484
6911,6,1,0.029926545917987823
6912,3,1,0.012330861762166023
6913,3,1,0.034957434982061386
6914,8,0,0.029596200212836266
6915,1,1,0.007465590722858906
6916,4,1,0.03310612589120865
6917,6,1,0.06781059503555298
6918,4,1,0.010917821899056435
6919,4,1,0.03926188498735428
6920,5,1,0.01928314007818699
6921,6,1,0.02672344259917736
6922,2,1,0.025975629687309265
6923,0,1,0.04053999483585358
6924,5,1,0.01532367430627346
6925,2,1,0.0757487416267395
6926,7,1,0.04099928215146065
6927,5,1,0.025106336921453476
6928,2,1,0.03336161747574806
6929,5,1,0.014719472266733646
6930,2,1,0.028178663924336433
6931,5,1,0.015984512865543365
6932,9,1,0.024351928383111954
6933,0,1,0.027663378044962883
6934,6,1,0.03492553159594536
6935,7,1,0.026211798191070557
6936,9,1,0.022292159497737885
6937,8,0,0.02511386200785637
6938,3,1,0.03139839321374893
6939,2,1,0.06579215824604034
6940,1,1,0.02056857943534851
6941,4,1,0.04681529104709625
6942,3,1,0.015500199981033802
6943,4,1,0.025697793811559677
6944,5,1,0.020024292171001434
6945,5,1,0.02726881578564644
6946,6,1,0.028232671320438385
6947,8,0,0.007869396358728409
6948,6,1,0.03915230184793472
6949,0,1,0.04267518222332001
6950,8,0,0.040681205689907074
6951,9,1,0.03554413467645645
6952,8,0,0.016300827264785767
6953,0,1,0.01338101364672184
6954,7,1,0.017081964761018753
6955,7,1,0.03906138241291046
6956,6,1,0.03655535727739334
6957,6,1,0.01633121818304062
6958,7,1,0.027079764753580093
6959,5,1,0.024270368739962578
6960,9,1,0.015562573447823524
6961,8,0,0.021847715601325035
6962,7,1,0.03530840575695038
6963,9,1,0.04648301750421524
6964,5,1,0.02759907953441143
6965,6,1,0.01958317682147026
6966,0,1,0.013184858486056328
6967,4,1,0.025251679122447968
6968,8,0,0.011658702977001667
6969,2,1,0.020611487329006195
6970,0,1,0.6221933960914612
6971,9,1,0.02193201705813408
6972,1,1,0.011033887043595314
6973,3,1,0.01403399370610714
6974,9,1,0.026320606470108032
6975,8,0,0.02935941144824028
6976,3,1,0.0389067679643631
6977,7,1,0.03043256513774395
6978,4,1,0.010030766017735004
6979,5,1,0.03893592208623886
6980,0,1,0.010250916704535484
6981,2,1,0.015865594148635864
6982,1,1,0.02754146233201027
6983,9,1,0.01919163018465042
6984,1,1,0.023269541561603546
6985,0,1,0.014604641124606133
6986,5,1,0.025178611278533936
6987,8,0,0.06495755165815353
6988,4,1,0.012960514053702354
6989,7,1,0.024662010371685028
6990,3,1,0.017435284331440926
6991,1,1,0.019607219845056534
6992,4,1,0.03889176994562149
6993,5,1,0.022906076163053513
6994,3,1,0.015064523555338383
6995,1,1,0.027100402861833572
6996,0,1,0.02285187318921089
6997,8,0,0.08225690573453903
6998,8,0,0.014051999896764755
6999,8,0,0.006375025492161512
7000,2,1,0.035779159516096115
7001,1,1,0.02199755609035492
7002,3,1,0.047040458768606186
7003,7,1,0.015667624771595
7004,3,1,0.030356567353010178
7005,1,1,0.024396177381277084
7006,6,1,0.03527356684207916
7007,9,1,0.025519823655486107
7008,1,1,0.0552661158144474
7009,6,1,0.037417277693748474
7010,0,1,0.05594992637634277
7011,7,1,0.015675511211156845
7012,7,1,0.01578611694276333
7013,1,1,0.016789764165878296
7014,3,1,0.026047440245747566
7015,3,1,0.026791643351316452
7016,3,1,0.017167702317237854
7017,1,1,0.025991011410951614
7018,0,1,0.04330617934465408
7019,2,1,0.02965652197599411
7020,7,1,0.02540251612663269
7021,1,1,0.014047812670469284
7022,2,1,0.4797157049179077
7023,2,1,0.2222735583782196
7024,9,1,0.056308552622795105
7025,6,1,0.05681579187512398
7026,3,1,0.03118404746055603
7027,5,1,0.021242652088403702
7028,9,1,0.03540216013789177
7029,4,1,0.03865136206150055
7030,8,0,0.011519396677613258
7031,0,1,0.026833435520529747
7032,4,1,0.01826006919145584
7033,8,0,0.011412159539759159
7034,0,1,0.05237273871898651
7035,1,1,0.022283434867858887
7036,3,1,0.04036269336938858
7037,7,1,0.014336267486214638
7038,0,1,0.016403045505285263
7039,4,1,0.036152664572000504
7040,7,1,0.008356539532542229
7041,4,1,0.006610213313251734
7042,8,0,0.020274987444281578
7043,6,1,0.02312162145972252
7044,4,1,0.04124031960964203
7045,3,1,0.03089122101664543
7046,9,1,0.021180443465709686
7047,8,0,0.0448259636759758
7048,2,1,0.0073806955479085445
7049,2,1,0.06566035747528076
7050,8,0,0.01977400667965412
7051,3,1,0.03160115331411362
7052,1,1,0.018798138946294785
7053,1,1,0.014683564193546772
7054,2,1,0.029210539534687996
7055,8,0,0.026481803506612778
7056,2,1,0.05237549543380737
7057,6,1,0.034124016761779785
7058,9,1,0.024209998548030853
7059,4,1,0.03232279792428017
7060,8,0,0.015612779185175896
7061,4,1,0.046440593898296356
7062,4,1,0.04737000912427902
7063,1,1,0.02292095497250557
7064,5,1,0.05373083055019379
7065,2,1,0.03992526978254318
7066,6,1,0.04140256345272064
7067,9,1,0.018034908920526505
7068,2,1,0.039860375225543976
7069,0,1,0.015125446021556854
7070,7,1,0.025551073253154755
7071,1,1,0.023681506514549255
7072,8,0,0.030255082994699478
7073,9,1,0.01412666030228138
7074,3,1,0.1382329761981964
7075,9,1,0.02091686613857746
7076,9,1,0.017374824732542038
7077,0,1,0.013027756474912167
7078,7,1,0.020483558997511864
7079,7,1,0.02523130178451538
7080,5,1,0.030865918844938278
7081,4,1,0.02353007346391678
7082,2,1,0.011168870143592358
7083,6,1,0.021225035190582275
7084,4,1,0.02734879031777382
7085,5,1,0.05676211789250374
7086,7,1,0.020511511713266373
7087,7,1,0.028492741286754608
7088,8,0,0.010174066759645939
7089,7,1,0.05778773874044418
7090,2,1,0.03674318641424179
7091,6,1,0.03244444355368614
7092,2,1,0.0236407108604908
7093,2,1,0.032240062952041626
7094,4,1,0.016345202922821045
7095,4,1,0.03998418524861336
7096,0,1,0.03698418289422989
7097,7,1,0.015046345070004463
7098,1,1,0.017671804875135422
7099,3,1,0.024934768676757812
7100,9,1,0.014059441164135933
7101,6,1,0.029585441574454308
7102,0,1,0.017308929935097694
7103,0,1,0.007490538060665131
7104,2,1,0.033742718398571014
7105,3,1,0.17991304397583008
7106,8,0,0.015605096705257893
7107,2,1,0.053546540439128876
7108,2,1,0.02504800632596016
7109,4,1,0.018627356737852097
7110,3,1,0.019051443785429
7111,5,1,0.02521190419793129
7112,2,1,0.024767983704805374
7113,9,1,0.024660149589180946
7114,1,1,0.015798086300492287
7115,0,1,0.012508057057857513
7116,0,1,0.06838565319776535
7117,6,1,0.01998923346400261
7118,5,1,0.01158912107348442
7119,5,1,0.012388970702886581
7120,7,1,0.024635449051856995
7121,9,1,0.03140000253915787
7122,9,1,0.03870392590761185
7123,6,1,0.025668350979685783
7124,5,1,0.030501145869493484
7125,5,1,0.032079681754112244
7126,0,1,0.016136474907398224
7127,5,1,0.01594822108745575
7128,7,1,0.014437603764235973
7129,1,1,0.025377243757247925
7130,6,1,0.03614557534456253
7131,6,1,0.03314310312271118
7132,4,1,0.014841759577393532
7133,1,1,0.024601712822914124
7134,4,1,0.024374932050704956
7135,4,1,0.02712104469537735
7136,1,1,0.0202484130859375
7137,5,1,0.03444840386509895
7138,0,1,0.005366643890738487
7139,0,1,0.005744250025600195
7140,4,1,0.0207505039870739
7141,5,1,0.01484918687492609
7142,8,0,0.008757480420172215
7143,4,1,0.02224554494023323
7144,8,0,0.014335193671286106
7145,3,1,0.027464743703603745
7146,0,1,0.008118420839309692
7147,5,1,0.030574673786759377
7148,0,1,0.016797084361314774
7149,5,1,0.020228292793035507
7150,3,1,0.06838108599185944
7151,1,1,0.010157540440559387
7152,6,1,0.02459624595940113
7153,7,1,0.01080062985420227
7154,0,1,0.018163330852985382
7155,9,1,0.030169371515512466
7156,1,1,0.019814377650618553
7157,5,1,0.03372955322265625
7158,7,1,0.03819520026445389
7159,6,1,0.02445651963353157
7160,5,1,0.020518634468317032
7161,5,1,0.031524013727903366
7162,5,1,0.023149438202381134
7163,6,1,0.015954094007611275
7164,0,1,0.025783780962228775
7165,0,1,0.07774516940116882
7166,1,1,0.03230312466621399
7167,7,1,0.023527851328253746
7168,5,1,0.03324126452207565
7169,1,1,0.03397408872842789
7170,9,1,0.019190430641174316
7171,2,1,0.01606103591620922
7172,4,1,0.04044787585735321
7173,1,1,0.015556883998215199
7174,3,1,0.024185217916965485
7175,7,1,0.04337938874959946
7176,8,0,0.020846296101808548
7177,2,1,0.0734303742647171
7178,0,1,0.012533950619399548
7179,9,1,0.020192380994558334
7180,6,1,0.018983986228704453
7181,6,1,0.017937369644641876
7182,0,1,0.01780630275607109
7183,6,1,0.02395557425916195
7184,5,1,0.03274228423833847
7185,8,0,0.011505032889544964
7186,2,1,0.01356559433043003
7187,7,1,0.019072528928518295
7188,4,1,0.03297986462712288
7189,0,1,0.0032948304433375597
7190,2,1,0.033569857478141785
7191,7,1,0.0073096840642392635
7192,7,1,0.03496027737855911
7193,8,0,0.012972798198461533
7194,8,0,0.010916577652096748
7195,7,1,0.05976509302854538
7196,0,1,0.03527658432722092
7197,4,1,0.02677193470299244
7198,9,1,0.024348989129066467
7199,1,1,0.01415104791522026
7200,4,1,0.02676590532064438
7201,4,1,0.03347032889723778
7202,3,1,0.016343673691153526
7203,5,1,0.03268110007047653
7204,4,1,0.02709074877202511
7205,6,1,0.045833930373191833
7206,2,1,0.012855688109993935
7207,3,1,0.02393186464905739
7208,1,1,0.02376437559723854
7209,0,1,0.27665460109710693
7210,3,1,0.023509684950113297
7211,3,1,0.017808882519602776
7212,3,1,0.033324114978313446
7213,6,1,0.05796361342072487
7214,3,1,0.03981105238199234
7215,1,1,0.02127540111541748
7216,2,1,0.033107489347457886
7217,8,0,0.017906978726387024
7218,9,1,0.02072186768054962
7219,7,1,0.025856755673885345
7220,9,1,0.0264618881046772
7221,3,1,0.012927908450365067
7222,8,0,0.08583080768585205
7223,7,1,0.059149596840143204
7224,3,1,0.023327041417360306
7225,1,1,0.019907351583242416
7226,7,1,0.02208620309829712
7227,7,1,0.016095107421278954
7228,3,1,0.01465919055044651
7229,2,1,0.030554965138435364
7230,2,1,0.03803255781531334
7231,8,0,0.013025748543441296
7232,9,1,0.031068846583366394
7233,5,1,0.01745421066880226
7234,9,1,0.013563945889472961
7235,2,1,0.02488797903060913
7236,1,1,0.034304916858673096
7237,7,1,0.01666858047246933
7238,4,1,0.02333911694586277
7239,4,1,0.03640025481581688
7240,0,1,0.024038974195718765
7241,5,1,0.02116730995476246
7242,7,1,0.04264003783464432
7243,1,1,0.026591528207063675
7244,5,1,0.019463809207081795
7245,4,1,0.018882865086197853
7246,0,1,0.026427537202835083
7247,8,0,0.01036599837243557
7248,4,1,0.01613449864089489
7249,9,1,0.0093082245439291
7250,8,0,0.010134179145097733
7251,7,1,0.011476743966341019
7252,8,0,0.008804798126220703
7253,4,1,0.024125181138515472
7254,2,1,0.013334247283637524
7255,3,1,0.013757470063865185
7256,4,1,0.021111153066158295
7257,0,1,0.01916184276342392
7258,5,1,0.044577307999134064
7259,4,1,0.0432552695274353
7260,1,1,0.00918959267437458
7261,8,0,0.02541404590010643
7262,2,1,0.08190513402223587
7263,5,1,0.04318086802959442
7264,4,1,0.04694778844714165
7265,5,1,0.04173275828361511
7266,2,1,0.048990339040756226
7267,5,1,0.02008587121963501
7268,3,1,0.025326093658804893
7269,7,1,0.029317809268832207
7270,9,1,0.034536655992269516
7271,7,1,0.0370078906416893
7272,1,1,0.03026180900633335
7273,4,1,0.03168540075421333
7274,1,1,0.01383814588189125
7275,3,1,0.024154391139745712
7276,1,1,0.03531160578131676
7277,4,1,0.03753458708524704
7278,5,1,0.02477162703871727
7279,5,1,0.03401524946093559
7280,1,1,0.014778423123061657
7281,7,1,0.03073102980852127
7282,1,1,0.026565300300717354
7283,3,1,0.029481258243322372
7284,0,1,0.013187134638428688
7285,1,1,0.01591520756483078
7286,2,1,0.017503252252936363
7287,5,1,0.023111872375011444
7288,7,1,0.02777825854718685
7289,0,1,0.08225199580192566
7290,6,1,0.01745275780558586
7291,3,1,0.020503884181380272
7292,5,1,0.013733137398958206
7293,7,1,0.039835840463638306
7294,5,1,0.0441829189658165
7295,5,1,0.025095026940107346
7296,8,0,0.005561846308410168
7297,9,1,0.030553746968507767
7298,4,1,0.027640383690595627
7299,6,1,0.028363587334752083
7300,3,1,0.0335431732237339
7301,6,1,0.036033995449543
7302,6,1,0.00988462008535862
7303,8,0,0.022200683131814003
7304,2,1,0.02056046575307846
7305,6,1,0.014228899031877518
7306,4,1,0.04096737131476402
7307,8,0,0.016042886301875114
7308,4,1,0.035060033202171326
7309,1,1,0.020576220005750656
7310,3,1,0.04454326257109642
7311,1,1,0.01165763195604086
7312,2,1,0.037628818303346634
7313,3,1,0.006860957480967045
7314,3,1,0.028459984809160233
7315,0,1,0.010751655325293541
7316,1,1,0.010327933356165886
7317,6,1,0.014670898206532001
7318,4,1,0.04148513823747635
7319,2,1,0.01836039125919342
7320,8,0,0.01246439479291439
7321,2,1,0.047249212861061096
7322,4,1,0.019068719819188118
7323,3,1,0.015319916419684887
7324,1,1,0.02169189229607582
7325,4,1,0.021895304322242737
7326,4,1,0.025341849774122238
7327,4,1,0.02424919605255127
7328,4,1,0.039160341024398804
7329,1,1,0.04269851744174957
7330,5,1,0.026417093351483345
7331,5,1,0.03943917155265808
7332,7,1,0.027388688176870346
7333,6,1,0.022213682532310486
7334,5,1,0.019716497510671616
7335,4,1,0.025183100253343582
7336,5,1,0.025811197236180305
7337,6,1,0.024765074253082275
7338,5,1,0.02133427932858467
7339,6,1,0.017948755994439125
7340,2,1,0.026528503745794296
7341,4,1,0.020108357071876526
7342,7,1,0.015907883644104004
7343,7,1,0.013606151565909386
7344,4,1,0.028680846095085144
7345,6,1,0.014728519134223461
7346,5,1,0.02283777855336666
7347,0,1,0.9893544912338257
7348,2,1,0.022459421306848526
7349,3,1,0.04359015077352524
7350,9,1,0.015044257044792175
7351,2,1,0.02089117281138897
7352,3,1,0.017813848331570625
7353,8,0,0.010124262422323227
7354,0,1,0.05016708001494408
7355,7,1,0.02063838392496109
7356,0,1,0.21157735586166382
7357,6,1,0.018552405759692192
7358,8,0,0.014682767912745476
7359,1,1,0.024791806936264038
7360,2,1,0.02070523053407669
7361,8,0,0.012594439089298248
7362,9,1,0.028872080147266388
7363,1,1,0.040200069546699524
7364,5,1,0.05179554969072342
7365,4,1,0.03334701061248779
7366,2,1,0.02558279223740101
7367,3,1,0.034450799226760864
7368,5,1,0.03439456969499588
7369,5,1,0.048881128430366516
7370,3,1,0.027577998116612434
7371,6,1,0.01405148021876812
7372,5,1,0.019788386300206184
7373,0,1,0.057133786380290985
7374,3,1,0.0195893757045269
7375,2,1,0.008439851924777031
7376,1,1,0.02611512690782547
7377,3,1,0.030938759446144104
7378,3,1,0.017809974029660225
7379,7,1,0.040117472410202026
7380,7,1,0.021265285089612007
7381,4,1,0.023894350975751877
7382,9,1,0.005652097053825855
7383,4,1,0.036161817610263824
7384,3,1,0.014233793132007122
7385,9,1,0.011667346581816673
7386,5,1,0.02491043135523796
7387,1,1,0.029133521020412445
7388,7,1,0.03574643284082413
7389,6,1,0.022819189354777336
7390,6,1,0.03609451651573181
7391,4,1,0.0204312764108181
7392,8,0,0.008402225561439991
7393,5,1,0.02289380133152008
7394,1,1,0.036167219281196594
7395,2,1,0.04551166296005249
7396,8,0,0.018320230767130852
7397,4,1,0.039576053619384766
7398,5,1,0.009081597439944744
7399,3,1,0.017739564180374146
7400,3,1,0.033747799694538116
7401,3,1,0.028677042573690414
7402,0,1,0.011398916132748127
7403,4,1,0.03487865999341011
7404,8,0,0.013120826333761215
7405,7,1,0.03806476667523384
7406,7,1,0.05126187205314636
7407,9,1,0.018171401694417
7408,4,1,0.014880718663334846
7409,8,0,0.018611125648021698
7410,4,1,0.08084887266159058
7411,5,1,0.016376802697777748
7412,9,1,0.037384118884801865
7413,1,1,0.017489075660705566
7414,8,0,0.011581437662243843
7415,3,1,0.028047148138284683
7416,1,1,0.02623225934803486
7417,3,1,0.03769054636359215
7418,8,0,0.015606915578246117
7419,0,1,0.03975456953048706
7420,3,1,0.02309264987707138
7421,5,1,0.03356443718075752
7422,4,1,0.02095317468047142
7423,6,1,0.0235198512673378
7424,9,1,0.030286796391010284
7425,2,1,0.01654944196343422
7426,7,1,0.03851316124200821
7427,2,1,0.03602531552314758
7428,0,1,0.026741396635770798
7429,5,1,0.02462615631520748
7430,2,1,0.032492611557245255
7431,9,1,0.010141564533114433
7432,7,1,0.0185348279774189
7433,5,1,0.03159331530332565
7434,0,1,0.01804913952946663
7435,7,1,0.03609135001897812
7436,0,1,0.008707810193300247
7437,3,1,0.05233031511306763
7438,5,1,0.012748021632432938
7439,5,1,0.01821807771921158
7440,3,1,0.032322876155376434
7441,8,0,0.013579032383859158
7442,7,1,0.029776528477668762
7443,7,1,0.03477650135755539
7444,9,1,0.02480502426624298
7445,6,1,0.028554614633321762
7446,5,1,0.048225849866867065
7447,8,0,0.016798298805952072
7448,9,1,0.02953186072409153
7449,0,1,0.026466907933354378
7450,1,1,0.015079669654369354
7451,9,1,0.02458828315138817
7452,4,1,0.03502371907234192
7453,0,1,0.03547670319676399
7454,0,1,0.006080664694309235
7455,1,1,0.02126564458012581
7456,7,1,0.012735254131257534
7457,2,1,0.03432130068540573
7458,2,1,0.02495824545621872
7459,8,0,0.009312739595770836
7460,5,1,0.01653660461306572
7461,9,1,0.014819768257439137
7462,8,0,0.01168391015380621
7463,2,1,0.01646316982805729
7464,8,0,0.0047922623343765736
7465,0,1,0.03850307688117027
7466,6,1,0.03637867420911789
7467,6,1,0.02999933250248432
7468,8,0,0.011605177074670792
7469,6,1,0.027689920738339424
7470,9,1,0.04933534562587738
7471,6,1,0.02211960032582283
7472,1,1,0.028805311769247055
7473,1,1,0.030352693051099777
7474,5,1,0.019621986895799637
7475,3,1,0.019359063357114792
7476,5,1,0.026567913591861725
7477,0,1,0.016939669847488403
7478,7,1,0.030360020697116852
7479,6,1,0.0232084970921278
7480,1,1,0.010024983435869217
7481,4,1,0.028956694528460503
7482,4,1,0.05952683091163635
7483,1,1,0.02173462137579918
7484,1,1,0.0371430329978466
7485,8,0,0.003884286154061556
7486,1,1,0.013441991060972214
7487,1,1,0.02048509195446968
7488,2,1,0.0273800827562809
7489,3,1,0.023888323456048965
7490,4,1,0.02600218914449215
7491,9,1,0.04048248752951622
7492,9,1,0.03426670283079147
7493,5,1,0.018010929226875305
7494,2,1,0.01669883541762829
7495,7,1,0.0408564954996109
7496,3,1,0.03686150908470154
7497,3,1,0.041133299469947815
7498,6,1,0.04579084366559982
7499,9,1,0.020740941166877747
7500,6,1,0.017523381859064102
7501,9,1,0.01567336916923523
7502,8,0,0.017578834667801857
7503,8,0,0.004837960470467806
7504,6,1,0.02087891846895218
7505,7,1,0.042361415922641754
7506,4,1,0.015010880306363106
7507,7,1,0.04256943240761757
7508,2,1,0.022060494869947433
7509,3,1,0.024406149983406067
7510,8,0,0.01476452685892582
7511,0,1,0.010428301990032196
7512,9,1,0.01824222505092621
7513,0,1,0.022814344614744186
7514,7,1,0.01918131671845913
7515,8,0,0.025797564536333084
7516,1,1,0.028446312993764877
7517,2,1,0.031726397573947906
7518,3,1,0.03925943747162819
7519,2,1,0.028424648568034172
7520,4,1,0.03308454155921936
7521,2,1,0.020123634487390518
7522,9,1,0.01786956936120987
7523,0,1,0.07995986938476562
7524,3,1,0.01471673883497715
7525,8,0,0.009323038160800934
7526,9,1,0.007295357063412666
7527,6,1,0.02076822891831398
7528,5,1,0.028553657233715057
7529,5,1,0.023291466757655144
7530,2,1,0.042560022324323654
7531,4,1,0.016954749822616577
7532,1,1,0.022755306214094162
7533,0,1,0.007081008981913328
7534,6,1,0.03512536734342575
7535,1,1,0.02073635160923004
7536,8,0,0.017136016860604286
7537,4,1,0.0266021266579628
7538,5,1,0.057872310280799866
7539,5,1,0.014459135010838509
7540,5,1,0.015330756083130836
7541,0,1,0.0728427916765213
7542,8,0,0.01312840823084116
7543,9,1,0.017107047140598297
7544,0,1,0.015787500888109207
7545,5,1,0.038352757692337036
7546,7,1,0.010864004492759705
7547,9,1,0.008541002869606018
7548,6,1,0.02844177559018135
7549,3,1,0.02635061740875244
7550,4,1,0.019840843975543976
7551,6,1,0.02274180017411709
7552,4,1,0.008521676994860172
7553,9,1,0.027933016419410706
7554,7,1,0.02891266718506813
7555,1,1,0.02532915025949478
7556,2,1,0.018299903720617294
7557,5,1,0.02909231185913086
7558,2,1,0.0404701754450798
7559,8,0,0.01975756511092186
7560,0,1,0.03245656564831734
7561,2,1,0.037466201931238174
7562,2,1,0.03560974821448326
7563,9,1,0.011374698020517826
7564,8,0,0.019385110586881638
7565,1,1,0.024744026362895966
7566,9,1,0.019891295582056046
7567,7,1,0.03569813072681427
7568,7,1,0.02402520179748535
7569,3,1,0.01968153938651085
7570,1,1,0.03761429712176323
7571,4,1,0.046372223645448685
7572,1,1,0.03536041080951691
7573,1,1,0.030184315517544746
7574,3,1,0.019298255443572998
7575,8,0,0.015532400459051132
7576,8,0,0.021725209429860115
7577,1,1,0.0199093259871006
7578,9,1,0.04074845463037491
7579,3,1,0.03669162094593048
7580,8,0,0.00973442941904068
7581,9,1,0.022233236581087112
7582,5,1,0.01422129012644291
7583,1,1,0.026628192514181137
7584,1,1,0.01174162793904543
7585,6,1,0.02214609831571579
7586,2,1,0.03071436658501625
7587,7,1,0.023276589810848236
7588,2,1,0.06431832164525986
7589,6,1,0.02870415523648262
7590,2,1,0.0238395556807518
7591,6,1,0.0248700063675642
7592,9,1,0.024284247308969498
7593,6,1,0.014532580971717834
7594,0,1,0.02746928483247757
7595,1,1,0.018163807690143585
7596,3,1,0.04424659162759781
7597,9,1,0.02079796977341175
7598,3,1,0.033083755522966385
7599,8,0,0.02205648086965084
7600,8,0,0.02777477726340294
7601,8,0,0.021535538136959076
7602,2,1,0.022370945662260056
7603,9,1,0.028956767171621323
7604,1,1,0.013020256534218788
7605,2,1,0.03847390413284302
7606,6,1,0.03689219802618027
7607,0,1,0.010338838212192059
7608,5,1,0.033765457570552826
7609,0,1,0.01591833308339119
7610,7,1,0.013650313019752502
7611,7,1,0.03834706172347069
7612,7,1,0.01703738234937191
7613,9,1,0.02311215177178383
7614,4,1,0.01704985648393631
7615,5,1,0.02491428144276142
7616,0,1,0.028097383677959442
7617,2,1,0.015482819639146328
7618,3,1,0.030932165682315826
7619,5,1,0.06867470592260361
7620,5,1,0.02482910268008709
7621,8,0,0.011560252867639065
7622,9,1,0.01832456700503826
7623,1,1,0.02567785233259201
7624,2,1,0.08561895787715912
7625,7,1,0.024717051535844803
7626,1,1,0.029573524370789528
7627,3,1,0.024958107620477676
7628,4,1,0.03579697757959366
7629,6,1,0.012472286820411682
7630,9,1,0.014131130650639534
7631,1,1,0.019796036183834076
7632,0,1,0.019422994926571846
7633,7,1,0.019120601937174797
7634,1,1,0.011623239144682884
7635,9,1,0.00798523798584938
7636,5,1,0.04050993546843529
7637,8,0,0.027779867872595787
7638,1,1,0.026621118187904358
7639,9,1,0.032902225852012634
7640,9,1,0.017394930124282837
7641,7,1,0.01495872251689434
7642,9,1,0.04385961592197418
7643,8,0,0.01721044071018696
7644,3,1,0.013115840032696724
7645,0,1,0.0757560208439827
7646,2,1,0.021933380514383316
7647,6,1,0.025443684309720993
7648,0,1,0.029057247564196587
7649,2,1,0.02002636343240738
7650,2,1,0.07229642570018768
7651,4,1,0.0277516208589077
7652,0,1,0.008431650698184967
7653,8,0,0.0148366279900074
7654,4,1,0.035783760249614716
7655,8,0,0.028634097427129745
7656,1,1,0.010445401072502136
7657,2,1,0.03928577899932861
7658,7,1,0.0430605448782444
7659,2,1,0.0327603705227375
7660,7,1,0.02587377279996872
7661,9,1,0.01658312976360321
7662,5,1,0.018394101411104202
7663,2,1,0.021202104166150093
7664,2,1,0.05962977558374405
7665,9,1,0.013452182523906231
7666,2,1,0.02612321451306343
7667,6,1,0.04645945876836777
7668,5,1,0.033133480697870255
7669,7,1,0.10254935920238495
7670,2,1,0.02744496986269951
7671,5,1,0.03516004979610443
7672,6,1,0.03197585418820381
7673,5,1,0.02249189466238022
7674,1,1,0.02516184002161026
7675,8,0,0.020599838346242905
7676,2,1,0.02246742881834507
7677,6,1,0.02024245820939541
7678,8,0,0.006035676226019859
7679,6,1,0.019854674115777016
7680,3,1,0.0229533351957798
7681,0,1,0.02250956930220127
7682,8,0,0.00865101907402277
7683,0,1,0.014886370860040188
7684,0,1,0.06790348887443542
7685,9,1,0.03739648684859276
7686,9,1,0.013764763250946999
7687,6,1,0.031009390950202942
7688,8,0,0.04463944211602211
7689,0,1,0.016660990193486214
7690,6,1,0.018218494951725006
7691,6,1,0.018567895516753197
7692,0,1,0.011414362117648125
7693,7,1,0.042077261954545975
7694,9,1,0.018310412764549255
7695,8,0,0.006009754724800587
7696,0,1,0.021796882152557373
7697,5,1,0.027075625956058502
7698,0,1,0.025967203080654144
7699,9,1,0.01542513445019722
7700,6,1,0.03030942939221859
7701,0,1,0.034374695271253586
7702,4,1,0.02697966992855072
7703,7,1,0.03295915573835373
7704,1,1,0.019163573160767555
7705,7,1,0.03530116751790047
7706,8,0,0.03298623859882355
7707,8,0,0.02756260707974434
7708,2,1,0.054265815764665604
7709,3,1,0.05437320098280907
7710,9,1,0.03196179121732712
7711,6,1,0.023191532120108604
7712,5,1,0.02783127874135971
7713,5,1,0.0376429483294487
7714,3,1,0.017185786738991737
7715,1,1,0.018808552995324135
7716,5,1,0.028186503797769547
7717,3,1,0.026530979201197624
7718,0,1,0.0050802091136574745
7719,2,1,0.05652092397212982
7720,5,1,0.02328537404537201
7721,2,1,0.03770213574171066
7722,7,1,0.022414900362491608
7723,3,1,0.028909558430314064
7724,8,0,0.011701040901243687
7725,4,1,0.032650984823703766
7726,4,1,0.02708221971988678
7727,6,1,0.018519703298807144
7728,1,1,0.014049147255718708
7729,9,1,0.020313549786806107
7730,4,1,0.01980729028582573
7731,1,1,0.029952242970466614
7732,7,1,0.0380459688603878
7733,0,1,0.021807458251714706
7734,1,1,0.031165823340415955
7735,4,1,0.10008624196052551
7736,3,1,0.03653145581483841
7737,0,1,0.014671898446977139
7738,2,1,0.028946295380592346
7739,9,1,0.01440317090600729
7740,4,1,0.030485492199659348
7741,5,1,0.04735364392399788
7742,0,1,0.022752590477466583
7743,3,1,0.019609518349170685
7744,4,1,0.031708039343357086
7745,7,1,0.01994645595550537
7746,2,1,0.05643869936466217
7747,3,1,0.03158574178814888
7748,0,1,0.030129628255963326
7749,1,1,0.011081783100962639
7750,3,1,0.030304891988635063
7751,7,1,0.017975572496652603
7752,9,1,0.012527553364634514
7753,9,1,0.024923190474510193
7754,0,1,0.00837178248912096
7755,7,1,0.024686448276042938
7756,5,1,0.03861767426133156
7757,6,1,0.023371541872620583
7758,7,1,0.036060597747564316
7759,1,1,0.01659531518816948
7760,2,1,0.019393114373087883
7761,2,1,0.036177147179841995
7762,7,1,0.025210710242390633
7763,4,1,0.017996467649936676
7764,6,1,0.028455298393964767
7765,8,0,0.02156689763069153
7766,4,1,0.04387039691209793
7767,9,1,0.02832276001572609
7768,8,0,0.009996005333960056
7769,4,1,0.0622553676366806
7770,9,1,0.011435167863965034
7771,2,1,0.014220738783478737
7772,3,1,0.014231109991669655
7773,4,1,0.04798083007335663
7774,0,1,0.013141103088855743
7775,2,1,0.040595993399620056
7776,5,1,0.022605396807193756
7777,6,1,0.02112819254398346
7778,0,1,0.027568168938159943
7779,5,1,0.02562873438000679
7780,3,1,0.031181365251541138
7781,5,1,0.041248027235269547
7782,8,0,0.01086793839931488
7783,3,1,0.022953756153583527
7784,7,1,0.06527328491210938
7785,4,1,0.05336335673928261
7786,9,1,0.023222949355840683
7787,5,1,0.027811624109745026
7788,6,1,0.027139006182551384
7789,3,1,0.031245872378349304
7790,8,0,0.019768519327044487
7791,6,1,0.03626042231917381
7792,9,1,0.047555528581142426
7793,8,0,0.009585864841938019
7794,5,1,0.02067634090781212
7795,5,1,0.018463917076587677
7796,8,0,0.002686898922547698
7797,3,1,0.03316390514373779
7798,5,1,0.030200013890862465
7799,9,1,0.06324714422225952
7800,0,1,0.03021259233355522
7801,4,1,0.03850192949175835
7802,2,1,0.03819067031145096
7803,0,1,0.13318441808223724
7804,5,1,0.05279439687728882
7805,9,1,0.02870958298444748
7806,9,1,0.01731903851032257
7807,3,1,0.02042662352323532
7808,8,0,0.007205214351415634
7809,0,1,0.03045816347002983
7810,6,1,0.030575426295399666
7811,0,1,0.020019588991999626
7812,2,1,0.04743579030036926
7813,3,1,0.04183841496706009
7814,7,1,0.028338413685560226
7815,0,1,0.03130738437175751
7816,0,1,0.02432619035243988
7817,6,1,0.023049652576446533
7818,9,1,0.014153965748846531
7819,1,1,0.026579666882753372
7820,5,1,0.010266851633787155
7821,2,1,0.014850982464849949
7822,2,1,0.05092379450798035
7823,7,1,0.04597630724310875
7824,9,1,0.02733048051595688
7825,3,1,0.016094420105218887
7826,9,1,0.011790276505053043
7827,3,1,0.025144316256046295
7828,5,1,0.028964191675186157
7829,2,1,0.05058155208826065
7830,2,1,0.026572054252028465
7831,2,1,0.032962583005428314
7832,8,0,0.009653352200984955
7833,8,0,0.021719511598348618
7834,5,1,0.047034233808517456
7835,0,1,0.03072407841682434
7836,0,1,0.025441821664571762
7837,7,1,0.02048996277153492
7838,0,1,0.02159549668431282
7839,3,1,0.010806526988744736
7840,1,1,0.02018902637064457
7841,6,1,0.012791186571121216
7842,5,1,0.032894670963287354
7843,0,1,0.0217277854681015
7844,9,1,0.019887719303369522
7845,2,1,0.10302726179361343
7846,6,1,0.03673838824033737
7847,7,1,0.018501203507184982
7848,4,1,0.021281104534864426
7849,2,1,0.04243878275156021
7850,0,1,0.004906752146780491
7851,0,1,0.019771289080381393
7852,5,1,0.04387570172548294
7853,3,1,0.09742749482393265
7854,3,1,0.016542477533221245
7855,2,1,0.03416471183300018
7856,6,1,0.02190692350268364
7857,4,1,0.02432595007121563
7858,2,1,0.0162726491689682
7859,7,1,0.015697183087468147
7860,8,0,0.023320090025663376
7861,0,1,0.020854968577623367
7862,1,1,0.020349448546767235
7863,0,1,0.010852379724383354
7864,1,1,0.019284941256046295
7865,3,1,0.03213486820459366
7866,6,1,0.034376051276922226
7867,4,1,0.007833296433091164
7868,8,0,0.010162312537431717
7869,0,1,0.025233600288629532
7870,6,1,0.029944609850645065
7871,0,1,0.02203432470560074
7872,9,1,0.010036593303084373
7873,1,1,0.01847725547850132
7874,6,1,0.018829945474863052
7875,2,1,0.0400131456553936
7876,1,1,0.014158293604850769
7877,0,1,0.032997675240039825
7878,1,1,0.014801956713199615
7879,3,1,0.027224134653806686
7880,0,1,0.017556915059685707
7881,3,1,0.03861808776855469
7882,7,1,0.04794168472290039
7883,9,1,0.022685270756483078
7884,9,1,0.029610466212034225
7885,3,1,0.042410749942064285
7886,7,1,0.023649495095014572
7887,5,1,0.03430242836475372
7888,7,1,0.014813706278800964
7889,1,1,0.017395634204149246
7890,6,1,0.037440504878759384
7891,6,1,0.028610948473215103
7892,1,1,0.04680126905441284
7893,1,1,0.02431836724281311
7894,1,1,0.018603716045618057
7895,4,1,0.02372635155916214
7896,4,1,0.0815531462430954
7897,2,1,0.031167756766080856
7898,1,1,0.024913709610700607
7899,7,1,0.017937880009412766
7900,0,1,0.015587369911372662
7901,1,1,0.03824924677610397
7902,2,1,0.0327189564704895
7903,1,1,0.011900604702532291
7904,1,1,0.014531253837049007
7905,3,1,0.038375988602638245
7906,2,1,0.022240620106458664
7907,6,1,0.024268189445137978
7908,9,1,0.017577633261680603
7909,1,1,0.017126988619565964
7910,3,1,0.02112242393195629
7911,2,1,0.024650854989886284
7912,0,1,0.021306311711668968
7913,8,0,0.020689528435468674
7914,7,1,0.031933292746543884
7915,3,1,0.02231987565755844
7916,4,1,0.03549527749419212
7917,6,1,0.02196945808827877
7918,4,1,0.027977675199508667
7919,6,1,0.01858927309513092
7920,9,1,0.02540086954832077
7921,4,1,0.031187156215310097
7922,8,0,0.01880057342350483
7923,9,1,0.03374461084604263
7924,3,1,0.025976823642849922
7925,0,1,0.018826276063919067
7926,5,1,0.03526540845632553
7927,7,1,0.01696588285267353
7928,2,1,0.04662923514842987
7929,0,1,0.03800159692764282
7930,2,1,0.026260197162628174
7931,9,1,0.03453059867024422
7932,9,1,0.02438756823539734
7933,3,1,0.0309414304792881
7934,8,0,0.004416745621711016
7935,7,1,0.0366206169128418
7936,1,1,0.03822110593318939
7937,1,1,0.021396934986114502
7938,2,1,0.07002672553062439
7939,2,1,0.016382038593292236
7940,2,1,0.03870074450969696
7941,5,1,0.04668620973825455
7942,9,1,0.04915590584278107
7943,1,1,0.030610783025622368
7944,2,1,0.048117201775312424
7945,6,1,0.04426838457584381
7946,1,1,0.03909821808338165
7947,2,1,0.021330576390028
7948,1,1,0.05254168063402176
7949,8,0,0.016925908625125885
7950,9,1,0.013832246884703636
7951,2,1,0.015309060923755169
7952,3,1,0.10507318377494812
7953,1,1,0.019374903291463852
7954,9,1,0.026779238134622574
7955,9,1,0.024586066603660583
7956,4,1,0.02270600199699402
7957,4,1,0.023724284023046494
7958,5,1,0.030407998710870743
7959,5,1,0.03208670765161514
7960,0,1,0.01656123623251915
7961,3,1,0.032760851085186005
7962,3,1,0.01984570175409317
7963,7,1,0.020559033378958702
7964,1,1,0.017193738371133804
7965,7,1,0.019017323851585388
7966,7,1,0.025447137653827667
7967,9,1,0.04901771992444992
7968,8,0,0.010509437881410122
7969,6,1,0.03326155245304108
7970,3,1,0.02471153996884823
7971,5,1,0.022966396063566208
7972,5,1,0.017704805359244347
7973,1,1,0.03820592164993286
7974,6,1,0.024757426232099533
7975,2,1,0.026746651157736778
7976,7,1,0.026153048500418663
7977,8,0,0.004857469815760851
7978,4,1,0.017992177978157997
7979,3,1,0.019092440605163574
7980,3,1,0.029440226033329964
7981,5,1,0.03014138527214527
7982,9,1,0.02301359549164772
7983,6,1,0.03250239044427872
7984,8,0,0.026106219738721848
7985,5,1,0.014744004234671593
7986,1,1,0.008341282606124878
7987,0,1,0.08347903192043304
7988,6,1,0.018724534660577774
7989,7,1,0.026607993990182877
7990,0,1,0.03673063963651657
7991,9,1,0.018178768455982208
7992,6,1,0.04015469551086426
7993,2,1,0.02570027858018875
7994,0,1,0.11362208425998688
7995,8,0,0.012657217681407928
7996,7,1,0.034196339547634125
7997,1,1,0.00893806666135788
7998,2,1,0.04565415531396866
7999,6,1,0.04428211599588394
8000,9,1,0.012574811466038227
8001,1,1,0.0302550308406353
8002,6,1,0.031310468912124634
8003,4,1,0.02021808922290802
8004,7,1,0.01598215103149414
8005,1,1,0.013614438474178314
8006,9,1,0.029028357937932014
8007,0,1,0.03255244717001915
8008,0,1,0.035103850066661835
8009,5,1,0.02241292968392372
8010,2,1,0.020564597100019455
8011,8,0,0.020344287157058716
8012,3,1,0.015148920007050037
8013,8,0,0.012163124978542328
8014,2,1,0.016448823735117912
8015,8,0,0.014054873958230019
8016,4,1,0.02921473979949951
8017,0,1,0.030156582593917847
8018,8,0,0.01024648081511259
8019,3,1,0.016676226630806923
8020,6,1,0.017084985971450806
8021,1,1,0.010206980630755424
8022,2,1,0.03311331197619438
8023,3,1,0.030008582398295403
8024,0,1,0.021680369973182678
8025,5,1,0.02227373793721199
8026,0,1,0.015347391366958618
8027,4,1,0.022798903286457062
8028,1,1,0.02251318469643593
8029,7,1,0.01778343692421913
8030,2,1,0.01033434271812439
8031,0,1,0.021203171461820602
8032,1,1,0.040771178901195526
8033,3,1,0.0425378754734993
8034,9,1,0.022400524467229843
8035,1,1,0.031972918659448624
8036,6,1,0.00954723171889782
8037,1,1,0.015486027114093304
8038,6,1,0.019850336015224457
8039,1,1,0.01806725189089775
8040,2,1,0.031729597598314285
8041,8,0,0.017259256914258003
8042,7,1,0.038497038185596466
8043,0,1,0.038237132132053375
8044,9,1,0.0270511656999588
8045,5,1,0.018152549862861633
8046,8,0,0.030133754014968872
8047,0,1,0.010774468071758747
8048,0,1,0.08038326352834702
8049,1,1,0.029767217114567757
8050,7,1,0.021077953279018402
8051,9,1,0.036113008856773376
8052,7,1,0.02795908786356449
8053,1,1,0.023855047300457954
8054,9,1,0.017527159303426743
8055,2,1,0.024990687146782875
8056,1,1,0.027910195291042328
8057,9,1,0.010049999691545963
8058,4,1,0.00993776973336935
8059,3,1,0.029619263485074043
8060,6,1,0.029397036880254745
8061,0,1,0.3224063515663147
8062,2,1,0.03031611070036888
8063,0,1,0.04539398476481438
8064,0,1,0.022105850279331207
8065,9,1,0.021881163120269775
8066,9,1,0.026166895404458046
8067,8,0,0.01677560620009899
8068,9,1,0.018808038905262947
8069,4,1,0.02165534906089306
8070,5,1,0.024173540994524956
8071,4,1,0.01222777459770441
8072,3,1,0.026569489389657974
8073,0,1,0.019230972975492477
8074,7,1,0.021147657185792923
8075,8,0,0.003838083241134882
8076,7,1,0.0322922021150589
8077,3,1,0.023551369085907936
8078,7,1,0.03139260411262512
8079,5,1,0.02727164328098297
8080,4,1,0.029869023710489273
8081,6,1,0.038858868181705475
8082,5,1,0.02468239516019821
8083,9,1,0.015276005491614342
8084,5,1,0.02779781073331833
8085,2,1,0.0129424799233675
8086,4,1,0.05615992844104767
8087,2,1,0.02433203160762787
8088,7,1,0.033071260899305344
8089,9,1,0.015478301793336868
8090,6,1,0.02918298915028572
8091,7,1,0.04318217188119888
8092,4,1,0.04283556714653969
8093,7,1,0.02505471743643284
8094,1,1,0.042587026953697205
8095,2,1,0.06398874521255493
8096,3,1,0.022949296981096268
8097,1,1,0.027212882414460182
8098,1,1,0.02544265240430832
8099,3,1,0.01714440993964672
8100,6,1,0.0411447212100029
8101,8,0,0.012272503226995468
8102,3,1,0.02516271360218525
8103,7,1,0.02080283686518669
8104,7,1,0.03207189962267876
8105,0,1,0.01367870531976223
8106,8,0,0.007907375693321228
8107,1,1,0.030942395329475403
8108,5,1,0.03308906406164169
8109,2,1,0.026331866160035133
8110,5,1,0.05100337043404579
8111,5,1,0.029314622282981873
8112,3,1,0.018007520586252213
8113,6,1,0.03916611522436142
8114,3,1,0.016914665699005127
8115,5,1,0.018219608813524246
8116,9,1,0.01445087417960167
8117,8,0,0.008534446358680725
8118,4,1,0.020893897861242294
8119,6,1,0.02749159187078476
8120,8,0,0.02336578071117401
8121,0,1,0.032245948910713196
8122,4,1,0.01614375412464142
8123,1,1,0.023314179852604866
8124,7,1,0.02420654147863388
8125,8,0,0.016779564321041107
8126,4,1,0.017451930791139603
8127,9,1,0.0269647054374218
8128,7,1,0.030515674501657486
8129,2,1,0.014971639961004257
8130,6,1,0.02205643430352211
8131,3,1,0.028009362518787384
8132,8,0,0.0074109891429543495
8133,8,0,0.012157588265836239
8134,6,1,0.06273633986711502
8135,7,1,0.013069956563413143
8136,3,1,0.029680335894227028
8137,8,0,0.014739245176315308
8138,1,1,0.01974530518054962
8139,1,1,0.029735663905739784
8140,5,1,0.028040874749422073
8141,3,1,0.03761636093258858
8142,7,1,0.04594928026199341
8143,9,1,0.021126272156834602
8144,9,1,0.023441702127456665
8145,9,1,0.026848893612623215
8146,8,0,0.01596604660153389
8147,5,1,0.03744575008749962
8148,9,1,0.02866137959063053
8149,9,1,0.01201113872230053
8150,6,1,0.03387931361794472
8151,8,0,0.01048251986503601
8152,8,0,0.023478593677282333
8153,4,1,0.13791592419147491
8154,8,0,0.014709187671542168
8155,1,1,0.04463842138648033
8156,0,1,0.03927890583872795
8157,1,1,0.026967249810695648
8158,8,0,0.018814822658896446
8159,8,0,0.021584276109933853
8160,6,1,0.03367885202169418
8161,5,1,0.023198463022708893
8162,9,1,0.025050517171621323
8163,0,1,0.028377871960401535
8164,6,1,0.02681736648082733
8165,1,1,0.019261343404650688
8166,2,1,0.03906549885869026
8167,6,1,0.02136160060763359
8168,6,1,0.04159960895776749
8169,3,1,0.02776985988020897
8170,5,1,0.012589020654559135
8171,6,1,0.015318241901695728
8172,5,1,0.05300687253475189
8173,5,1,0.03484167158603668
8174,3,1,0.04811329022049904
8175,3,1,0.050765398889780045
8176,6,1,0.04700249806046486
8177,8,0,0.01870017498731613
8178,9,1,0.026798341423273087
8179,4,1,0.016330763697624207
8180,4,1,0.021688781678676605
8181,3,1,0.03259196877479553
8182,8,0,0.009944548830389977
8183,3,1,0.025023603811860085
8184,6,1,0.02340729534626007
8185,0,1,0.014874578453600407
8186,8,0,0.008646550588309765
8187,5,1,0.028007157146930695
8188,7,1,0.03064701333642006
8189,8,0,0.014634525403380394
8190,4,1,0.037745796144008636
8191,6,1,0.05042412877082825
8192,5,1,0.03315805643796921
8193,3,1,0.025544676929712296
8194,1,1,0.022555651143193245
8195,8,0,0.004821592941880226
8196,3,1,0.009904822334647179
8197,0,1,0.01630542054772377
8198,4,1,0.030104422941803932
8199,4,1,0.033347390592098236
8200,3,1,0.023868557065725327
8201,3,1,0.013327126391232014
8202,5,1,0.03552600368857384
8203,3,1,0.04155026748776436
8204,3,1,0.02914867177605629
8205,2,1,0.023354314267635345
8206,7,1,0.010919250547885895
8207,7,1,0.03367111086845398
8208,8,0,0.00791873224079609
8209,2,1,0.04667128622531891
8210,0,1,0.03767053782939911
8211,5,1,0.02652299776673317
8212,5,1,0.010524916462600231
8213,6,1,0.017716845497488976
8214,1,1,0.027655676007270813
8215,1,1,0.036837972700595856
8216,3,1,0.014075104147195816
8217,9,1,0.022970836609601974
8218,9,1,0.03388333320617676
8219,3,1,0.029886480420827866
8220,6,1,0.023982875049114227
8221,7,1,0.05534949153661728
8222,1,1,0.020351625978946686
8223,8,0,0.005790582858026028
8224,3,1,0.028370026499032974
8225,9,1,0.02321684919297695
8226,8,0,0.04662206023931503
8227,7,1,0.015631645917892456
8228,8,0,0.017960064113140106
8229,8,0,0.030675411224365234
8230,0,1,0.05468878149986267
8231,3,1,0.035583075135946274
8232,2,1,0.021284908056259155
8233,4,1,0.045328572392463684
8234,8,0,0.020006686449050903
8235,7,1,0.02288413979113102
8236,5,1,0.011429349891841412
8237,7,1,0.04457111284136772
8238,1,1,0.017059549689292908
8239,8,0,0.0170708317309618
8240,7,1,0.02038821205496788
8241,3,1,0.09094439446926117
8242,5,1,0.032433655112981796
8243,4,1,0.03522837907075882
8244,4,1,0.024335753172636032
8245,3,1,0.011769825592637062
8246,8,0,0.008552376180887222
8247,6,1,0.027194596827030182
8248,1,1,0.030478477478027344
8249,1,1,0.006660932209342718
8250,6,1,0.03795485571026802
8251,3,1,0.020866725593805313
8252,2,1,0.04883011430501938
8253,2,1,0.03580169752240181
8254,8,0,0.00573693448677659
8255,9,1,0.03045225515961647
8256,8,0,0.0173562653362751
8257,3,1,0.04832058027386665
8258,3,1,0.017675384879112244
8259,8,0,0.03424697369337082
8260,1,1,0.017447318881750107
8261,1,1,0.015315767377614975
8262,0,1,0.02213565818965435
8263,5,1,0.03460361808538437
8264,2,1,0.02519582398235798
8265,0,1,0.0037386685144156218
8266,5,1,0.025557952001690865
8267,0,1,0.021842338144779205
8268,5,1,0.025272410362958908
8269,8,0,0.026408694684505463
8270,6,1,0.024888183921575546
8271,3,1,0.020866597071290016
8272,9,1,0.039721839129924774
8273,6,1,0.0326898917555809
8274,6,1,0.014352706260979176
8275,3,1,0.030025146901607513
8276,9,1,0.01295941136777401
8277,4,1,0.03219994157552719
8278,8,0,0.025476165115833282
8279,3,1,0.02828856371343136
8280,4,1,0.01740434765815735
8281,3,1,0.012973609380424023
8282,1,1,0.005429095588624477
8283,1,1,0.025016922503709793
8284,2,1,0.022664856165647507
8285,9,1,0.015234151855111122
8286,7,1,0.030175209045410156
8287,8,0,0.00846570823341608
8288,5,1,0.05113200098276138
8289,5,1,0.020351655781269073
8290,8,0,0.0746428370475769
8291,6,1,0.03204145282506943
8292,9,1,0.02507847547531128
8293,0,1,0.03886548429727554
8294,8,0,0.012352689169347286
8295,3,1,0.026765719056129456
8296,5,1,0.02821698784828186
8297,1,1,0.02733943983912468
8298,3,1,0.019145142287015915
8299,3,1,0.021310575306415558
8300,5,1,0.02528448775410652
8301,5,1,0.06470832228660583
8302,3,1,0.018418343737721443
8303,8,0,0.009559670463204384
8304,1,1,0.018201228231191635
8305,4,1,0.02041550725698471
8306,6,1,0.023908831179142
8307,4,1,0.024414530023932457
8308,2,1,0.015550361014902592
8309,4,1,0.021518688648939133
8310,3,1,0.027478381991386414
8311,8,0,0.028661908581852913
8312,9,1,0.021917760372161865
8313,6,1,0.036348890513181686
8314,6,1,0.026558302342891693
8315,6,1,0.025195954367518425
8316,5,1,0.04143398255109787
8317,5,1,0.031228739768266678
8318,2,1,0.03033704310655594
8319,7,1,0.03472050651907921
8320,7,1,0.017186010256409645
8321,4,1,0.018351230770349503
8322,4,1,0.025379706174135208
8323,9,1,0.014637424610555172
8324,3,1,0.03942044451832771
8325,8,0,0.01339697651565075
8326,3,1,0.05605543777346611
8327,7,1,0.02210664004087448
8328,7,1,0.03095215931534767
8329,8,0,0.008439105935394764
8330,5,1,0.02008887566626072
8331,3,1,0.028798051178455353
8332,9,1,0.02060767635703087
8333,1,1,0.02577180415391922
8334,6,1,0.04235149174928665
8335,7,1,0.013076082803308964
8336,3,1,0.02831573411822319
8337,3,1,0.03859458863735199
8338,3,1,0.03553485870361328
8339,8,0,0.0034482551272958517
8340,5,1,0.03619258105754852
8341,6,1,0.0205487422645092
8342,1,1,0.010379749350249767
8343,3,1,0.01701521873474121
8344,7,1,0.061051104217767715
8345,9,1,0.02274099364876747
8346,6,1,0.016623638570308685
8347,1,1,0.02556593343615532
8348,6,1,0.03746505081653595
8349,4,1,0.02848825417459011
8350,9,1,0.00901967566460371
8351,0,1,0.02109488472342491
8352,5,1,0.0212528258562088
8353,7,1,0.030839089304208755
8354,4,1,0.04211544990539551
8355,9,1,0.0123121477663517
8356,1,1,0.017388274893164635
8357,0,1,0.032931722700595856
8358,0,1,0.013242436572909355
8359,2,1,0.04760127514600754
8360,7,1,0.023297131061553955
8361,8,0,0.020515531301498413
8362,3,1,0.01629634201526642
8363,2,1,0.03164316713809967
8364,7,1,0.010768191888928413
8365,6,1,0.02057940885424614
8366,1,1,0.019382160156965256
8367,6,1,0.034492507576942444
8368,6,1,0.02299611270427704
8369,4,1,0.016068395227193832
8370,4,1,0.01716795563697815
8371,2,1,0.034741729497909546
8372,1,1,0.028119472786784172
8373,8,0,0.006402795668691397
8374,4,1,0.03528185561299324
8375,4,1,0.02110380120575428
8376,7,1,0.026774518191814423
8377,8,0,0.008498995564877987
8378,5,1,0.05317005515098572
8379,8,0,0.007578392047435045
8380,9,1,0.01669759675860405
8381,4,1,0.02028151974081993
8382,3,1,0.024006947875022888
8383,2,1,0.04476392641663551
8384,2,1,0.013037441298365593
8385,9,1,0.02198931947350502
8386,3,1,0.050749003887176514
8387,0,1,0.006776235066354275
8388,1,1,0.012735429219901562
8389,1,1,0.04558947682380676
8390,1,1,0.02286691963672638
8391,1,1,0.02007957175374031
8392,6,1,0.029498079791665077
8393,8,0,0.005911354906857014
8394,7,1,0.021136200055480003
8395,1,1,0.017182135954499245
8396,3,1,0.02451760694384575
8397,0,1,0.052205316722393036
8398,4,1,0.040097013115882874
8399,5,1,0.026225803419947624
8400,0,1,0.004682822152972221
8401,3,1,0.01487323734909296
8402,0,1,0.013377906754612923
8403,6,1,0.021481294184923172
8404,2,1,0.02159973606467247
8405,0,1,0.027444729581475258
8406,9,1,0.04360998794436455
8407,8,0,0.006551074795424938
8408,6,1,0.01494690217077732
8409,8,0,0.008286401629447937
8410,5,1,0.036812253296375275
8411,8,0,0.016065917909145355
8412,2,1,0.038324084132909775
8413,9,1,0.02715539000928402
8414,6,1,0.018625572323799133
8415,0,1,0.00924817193299532
8416,6,1,0.03823752701282501
8417,1,1,0.011313946917653084
8418,8,0,0.007216891273856163
8419,7,1,0.02631332352757454
8420,3,1,0.03568441793322563
8421,2,1,0.015486380085349083
8422,2,1,0.03315082937479019
8423,6,1,0.026753580197691917
8424,5,1,0.03422629088163376
8425,6,1,0.025108041241765022
8426,9,1,0.009186973795294762
8427,2,1,0.021955424919724464
8428,5,1,0.024100564420223236
8429,4,1,0.021259469911456108
8430,9,1,0.023731594905257225
8431,8,0,0.009167956188321114
8432,5,1,0.015423193573951721
8433,3,1,0.02528148703277111
8434,9,1,0.016095465049147606
8435,3,1,0.01387488842010498
8436,5,1,0.03298462927341461
8437,7,1,0.03147135674953461
8438,1,1,0.047597602009773254
8439,8,0,0.011764217168092728
8440,5,1,0.027615901082754135
8441,8,0,0.0075070615857839584
8442,6,1,0.020594365894794464
8443,2,1,0.014236372895538807
8444,5,1,0.04805932193994522
8445,1,1,0.036997806280851364
8446,3,1,0.011242838576436043
8447,0,1,0.028703728690743446
8448,4,1,0.030680665746331215
8449,1,1,0.036439601331949234
8450,9,1,0.01222810335457325
8451,5,1,0.025920838117599487
8452,4,1,0.045824818313121796
8453,9,1,0.018072720617055893
8454,2,1,0.032964739948511124
8455,1,1,0.016953589394688606
8456,4,1,0.02844303660094738
8457,2,1,0.02774130553007126
8458,5,1,0.017373278737068176
8459,9,1,0.015547455288469791
8460,8,0,0.008590573444962502
8461,7,1,0.019815992563962936
8462,2,1,0.046198807656764984
8463,1,1,0.031179826706647873
8464,6,1,0.03163920342922211
8465,9,1,0.030156804248690605
8466,7,1,0.036868780851364136
8467,3,1,0.02247082255780697
8468,6,1,0.024813445284962654
8469,5,1,0.025608614087104797
8470,8,0,0.006066972389817238
8471,0,1,0.015398440882563591
8472,2,1,0.04465937614440918
8473,2,1,0.06457038223743439
8474,4,1,0.032023943960666656
8475,9,1,0.015698939561843872
8476,0,1,0.04730262979865074
8477,5,1,0.01718473806977272
8478,5,1,0.03316168487071991
8479,4,1,0.0063621592707931995
8480,2,1,0.019832931458950043
8481,3,1,0.01504664309322834
8482,1,1,0.010600550100207329
8483,0,1,0.009913338348269463
8484,3,1,0.027625933289527893
8485,0,1,0.04486200958490372
8486,4,1,0.059062980115413666
8487,4,1,0.03156523406505585
8488,9,1,0.02286374755203724
8489,1,1,0.01348721981048584
8490,3,1,0.023643210530281067
8491,3,1,0.018350569531321526
8492,0,1,0.029362455010414124
8493,2,1,0.03136996179819107
8494,1,1,0.0570538155734539
8495,1,1,0.022239625453948975
8496,0,1,0.01526390016078949
8497,4,1,0.02131897211074829
8498,1,1,0.020164061337709427
8499,9,1,0.013874579221010208
8500,4,1,0.028687477111816406
8501,8,0,0.01315038651227951
8502,1,1,0.02633029967546463
8503,1,1,0.03334401547908783
8504,1,1,0.03706730902194977
8505,5,1,0.016341499984264374
8506,9,1,0.02026788517832756
8507,8,0,0.02053416520357132
8508,1,1,0.029891546815633774
8509,6,1,0.016409631818532944
8510,7,1,0.01574811339378357
8511,2,1,0.03564051538705826
8512,9,1,0.013966893777251244
8513,9,1,0.026337090879678726
8514,7,1,0.019882570952177048
8515,8,0,0.013321387581527233
8516,8,0,0.019618051126599312
8517,1,1,0.023944739252328873
8518,9,1,0.007079438306391239
8519,7,1,0.03133383393287659
8520,8,0,0.04366615042090416
8521,9,1,0.010912613943219185
8522,1,1,0.01074906624853611
8523,6,1,0.05025497078895569
8524,6,1,0.02445448562502861
8525,3,1,0.020648907870054245
8526,3,1,0.053351785987615585
8527,1,1,0.0281057171523571
8528,3,1,0.012994763441383839
8529,0,1,0.016429070383310318
8530,8,0,0.020443636924028397
8531,8,0,0.008930657990276814
8532,3,1,0.03030940517783165
8533,6,1,0.02337026409804821
8534,6,1,0.023760201409459114
8535,7,1,0.02898751012980938
8536,1,1,0.04948621615767479
8537,0,1,0.01675541140139103
8538,7,1,0.01978592574596405
8539,6,1,0.015522263944149017
8540,4,1,0.03244452923536301
8541,8,0,0.054593876004219055
8542,2,1,0.029620205983519554
8543,0,1,0.02622208371758461
8544,6,1,0.027233177796006203
8545,6,1,0.022287927567958832
8546,8,0,0.027279628440737724
8547,6,1,0.03111925721168518
8548,3,1,0.0165793988853693
8549,1,1,0.02392430603504181
8550,1,1,0.024672608822584152
8551,8,0,0.008645733818411827
8552,6,1,0.02191450074315071
8553,7,1,0.04416810721158981
8554,0,1,0.04227712005376816
8555,5,1,0.05012569576501846
8556,4,1,0.01364816166460514
8557,3,1,0.0329161062836647
8558,2,1,0.023704223334789276
8559,1,1,0.015575634315609932
8560,7,1,0.021593838930130005
8561,8,0,0.006074385717511177
8562,2,1,0.032299961894750595
8563,0,1,0.02191915735602379
8564,1,1,0.01920919492840767
8565,7,1,0.022398769855499268
8566,4,1,0.01695084385573864
8567,8,0,0.020283717662096024
8568,7,1,0.02550612762570381
8569,6,1,0.03636343032121658
8570,6,1,0.02234659716486931
8571,7,1,0.016000699251890182
8572,0,1,0.006171462591737509
8573,6,1,0.060782019048929214
8574,4,1,0.040032655000686646
8575,9,1,0.016161207109689713
8576,2,1,0.06060388684272766
8577,3,1,0.020931711420416832
8578,2,1,0.027969535440206528
8579,1,1,0.03420238569378853
8580,3,1,0.03221092373132706
8581,8,0,0.009231764823198318
8582,6,1,0.035391680896282196
8583,8,0,0.023964300751686096
8584,1,1,0.014517044648528099
8585,9,1,0.02537573128938675
8586,6,1,0.0329102948307991
8587,7,1,0.01972607709467411
8588,6,1,0.02510625310242176
8589,5,1,0.01948738656938076
8590,0,1,0.03491809219121933
8591,6,1,0.026031216606497765
8592,0,1,0.015506714582443237
8593,1,1,0.013937951065599918
8594,3,1,0.018485920503735542
8595,1,1,0.01811615377664566
8596,1,1,0.025642018765211105
8597,5,1,0.029405806213617325
8598,3,1,0.07260128855705261
8599,4,1,0.02319703996181488
8600,3,1,0.018112050369381905
8601,3,1,0.03156093880534172
8602,8,0,0.018268657848238945
8603,1,1,0.03167642652988434
8604,6,1,0.052220478653907776
8605,6,1,0.029418379068374634
8606,1,1,0.01647752709686756
8607,8,0,0.0076522743329405785
8608,8,0,0.02463572844862938
8609,6,1,0.03448519855737686
8610,2,1,0.03670091927051544
8611,7,1,0.01198803074657917
8612,4,1,0.013739116489887238
8613,6,1,0.013078020885586739
8614,8,0,0.01802196353673935
8615,9,1,0.05633167549967766
8616,3,1,0.03598080947995186
8617,3,1,0.03439211845397949
8618,5,1,0.018598733469843864
8619,5,1,0.03422889858484268
8620,3,1,0.03884288668632507
8621,1,1,0.01057294849306345
8622,4,1,0.030635885894298553
8623,1,1,0.022738851606845856
8624,9,1,0.019677812233567238
8625,5,1,0.021517805755138397
8626,1,1,0.031240040436387062
8627,7,1,0.022571273148059845
8628,7,1,0.023612450808286667
8629,7,1,0.01716911979019642
8630,5,1,0.012856241315603256
8631,2,1,0.040727198123931885
8632,3,1,0.010225469246506691
8633,3,1,0.03173118457198143
8634,6,1,0.062461018562316895
8635,6,1,0.03083672560751438
8636,6,1,0.020175039768218994
8637,4,1,0.026393871754407883
8638,0,1,0.14491546154022217
8639,7,1,0.03942711651325226
8640,1,1,0.018551230430603027
8641,7,1,0.036380887031555176
8642,3,1,0.025972511619329453
8643,0,1,0.01018211618065834
8644,8,0,0.020262140780687332
8645,1,1,0.046128056943416595
8646,2,1,0.04805650934576988
8647,4,1,0.03666147217154503
8648,1,1,0.040547482669353485
8649,2,1,0.03979279100894928
8650,2,1,0.035357505083084106
8651,4,1,0.014674247242510319
8652,9,1,0.015057636424899101
8653,8,0,0.018121834844350815
8654,2,1,0.052273914217948914
8655,8,0,0.023992372676730156
8656,7,1,0.030133981257677078
8657,6,1,0.012385564856231213
8658,3,1,0.018540911376476288
8659,4,1,0.023196373134851456
8660,7,1,0.024695131927728653
8661,2,1,0.0323544442653656
8662,3,1,0.019372671842575073
8663,1,1,0.032483819872140884
8664,5,1,0.02454143948853016
8665,3,1,0.05145963281393051
8666,0,1,0.020295972004532814
8667,4,1,0.05160023644566536
8668,3,1,0.027265779674053192
8669,4,1,0.029449474066495895
8670,9,1,0.02099689468741417
8671,4,1,0.01803281158208847
8672,7,1,0.0350271612405777
8673,9,1,0.028824415057897568
8674,1,1,0.026045022532343864
8675,7,1,0.044135674834251404
8676,8,0,0.0063642533496022224
8677,3,1,0.020553359761834145
8678,1,1,0.012908095493912697
8679,8,0,0.01824503019452095
8680,3,1,0.03461279720067978
8681,2,1,0.038919590413570404
8682,5,1,0.02568630501627922
8683,7,1,0.04758955538272858
8684,2,1,0.022221412509679794
8685,7,1,0.013897191733121872
8686,9,1,0.018405644223093987
8687,6,1,0.051435839384794235
8688,8,0,0.020263846963644028
8689,6,1,0.029534481465816498
8690,8,0,0.010186439380049706
8691,6,1,0.019229279831051826
8692,5,1,0.022042041644454002
8693,9,1,0.016490425914525986
8694,0,1,0.02876335382461548
8695,4,1,0.029172927141189575
8696,8,0,0.01810504123568535
8697,5,1,0.014946063980460167
8698,6,1,0.025534510612487793
8699,4,1,0.051052916795015335
8700,3,1,0.016112422570586205
8701,8,0,0.011141706258058548
8702,0,1,0.010653458535671234
8703,4,1,0.03062061406672001
8704,8,0,0.00692914891988039
8705,6,1,0.02185399830341339
8706,7,1,0.029834574088454247
8707,2,1,0.026597902178764343
8708,7,1,0.03260061889886856
8709,1,1,0.037200700491666794
8710,7,1,0.026786979287862778
8711,4,1,0.02059796079993248
8712,1,1,0.017015889286994934
8713,2,1,0.01952943205833435
8714,4,1,0.03629682585597038
8715,2,1,0.022631216794252396
8716,2,1,0.02072748914361
8717,8,0,0.03708629682660103
8718,7,1,0.027061743661761284
8719,2,1,0.02402338571846485
8720,2,1,0.07212506234645844
8721,6,1,0.02227046713232994
8722,7,1,0.01756017468869686
8723,5,1,0.03070206195116043
8724,6,1,0.021616406738758087
8725,8,0,0.011279027909040451
8726,9,1,0.021597202867269516
8727,9,1,0.020766939967870712
8728,6,1,0.030348125845193863
8729,5,1,0.028949886560440063
8730,2,1,0.021570689976215363
8731,9,1,0.023029085248708725
8732,8,0,0.015492847189307213
8733,7,1,0.031452059745788574
8734,2,1,0.028684446588158607
8735,3,1,0.04265020787715912
8736,3,1,0.0124129019677639
8737,7,1,0.031695377081632614
8738,4,1,0.01244764868170023
8739,3,1,0.013414092361927032
8740,2,1,0.0418347530066967
8741,1,1,0.025270912796258926
8742,9,1,0.020028213039040565
8743,0,1,0.030680052936077118
8744,1,1,0.03384563326835632
8745,5,1,0.025134749710559845
8746,3,1,0.02568201720714569
8747,2,1,0.015116803348064423
8748,6,1,0.029946688562631607
8749,5,1,0.0311614777892828
8750,9,1,0.014443391934037209
8751,1,1,0.03408731520175934
8752,5,1,0.03553229197859764
8753,4,1,0.03482528403401375
8754,3,1,0.020628206431865692
8755,6,1,0.02768060564994812
8756,2,1,0.0381893515586853
8757,8,0,0.03573678061366081
8758,9,1,0.015346195548772812
8759,7,1,0.016175376251339912
8760,8,0,0.01232878677546978
8761,0,1,0.010643483139574528
8762,8,0,0.022491753101348877
8763,9,1,0.025506379082798958
8764,1,1,0.029788201674818993
8765,2,1,0.02288113161921501
8766,5,1,0.032273679971694946
8767,7,1,0.026393596082925797
8768,2,1,0.10437050461769104
8769,0,1,0.035197578370571136
8770,6,1,0.0177090372890234
8771,6,1,0.04175547510385513
8772,1,1,0.034699246287345886
8773,6,1,0.01910676807165146
8774,3,1,0.04173797369003296
8775,1,1,0.021337825804948807
8776,5,1,0.03082895092666149
8777,0,1,0.011493692174553871
8778,3,1,0.03298517316579819
8779,7,1,0.04649832099676132
8780,4,1,0.03795092925429344
8781,6,1,0.042434606701135635
8782,5,1,0.03287556767463684
8783,6,1,0.024256814271211624
8784,4,1,0.035794198513031006
8785,8,0,0.01772010698914528
8786,3,1,0.03157152980566025
8787,4,1,0.010304391384124756
8788,5,1,0.013899967074394226
8789,5,1,0.033454447984695435
8790,0,1,0.01565565913915634
8791,6,1,0.025259658694267273
8792,6,1,0.03574403002858162
8793,7,1,0.022133752703666687
8794,5,1,0.026550758630037308
8795,0,1,0.012692206539213657
8796,9,1,0.027914993464946747
8797,9,1,0.024454040452837944
8798,6,1,0.022312793880701065
8799,1,1,0.03686221316456795
8800,0,1,0.1788150668144226
8801,4,1,0.02648455835878849
8802,6,1,0.028104033321142197
8803,3,1,0.018490707501769066
8804,6,1,0.025864945724606514
8805,9,1,0.014707263559103012
8806,3,1,0.017006319016218185
8807,6,1,0.017769161611795425
8808,6,1,0.03617013990879059
8809,8,0,0.021235844120383263
8810,2,1,0.022806312888860703
8811,1,1,0.014233816415071487
8812,0,1,0.050202082842588425
8813,1,1,0.019317734986543655
8814,9,1,0.022871870547533035
8815,3,1,0.01595938391983509
8816,7,1,0.02229972556233406
8817,4,1,0.048308365046978
8818,3,1,0.034759342670440674
8819,0,1,0.05619426071643829
8820,2,1,0.024289067834615707
8821,7,1,0.032671231776475906
8822,6,1,0.039992645382881165
8823,4,1,0.009772430174052715
8824,3,1,0.03569231554865837
8825,0,1,0.01948489248752594
8826,8,0,0.0035718390718102455
8827,2,1,0.03802986443042755
8828,0,1,0.051420725882053375
8829,0,1,0.005206752568483353
8830,9,1,0.0053110443986952305
8831,6,1,0.021567940711975098
8832,6,1,0.019816793501377106
8833,6,1,0.018164988607168198
8834,8,0,0.018437135964632034
8835,7,1,0.019765358418226242
8836,4,1,0.018969086930155754
8837,1,1,0.012883424758911133
8838,8,0,0.008118918165564537
8839,1,1,0.02483733929693699
8840,2,1,0.01430064532905817
8841,2,1,0.09341618418693542
8842,4,1,0.020991409197449684
8843,8,0,0.016556769609451294
8844,5,1,0.03021147847175598
8845,2,1,0.030365053564310074
8846,6,1,0.019273776561021805
8847,5,1,0.04353781044483185
8848,3,1,0.029494326561689377
8849,9,1,0.02046814374625683
8850,1,1,0.038814060389995575
8851,0,1,0.041177473962306976
8852,7,1,0.017925791442394257
8853,2,1,0.021759670227766037
8854,4,1,0.025880366563796997
8855,4,1,0.02603088691830635
8856,0,1,0.7003092765808105
8857,0,1,0.01572127640247345
8858,6,1,0.01633266918361187
8859,2,1,0.06015818566083908
8860,2,1,0.01987743005156517
8861,4,1,0.03455348312854767
8862,0,1,0.021382763981819153
8863,5,1,0.03434610366821289
8864,9,1,0.012383189052343369
8865,7,1,0.022982243448495865
8866,1,1,0.016072586178779602
8867,8,0,0.004743471741676331
8868,4,1,0.03096395917236805
8869,5,1,0.03292042389512062
8870,5,1,0.010520052164793015
8871,9,1,0.0180525965988636
8872,8,0,0.031891707330942154
8873,5,1,0.021684326231479645
8874,7,1,0.02416892722249031
8875,8,0,0.01864282786846161
8876,0,1,0.011228996329009533
8877,9,1,0.033043667674064636
8878,8,0,0.012734781950712204
8879,9,1,0.011774112470448017
8880,1,1,0.021620869636535645
8881,6,1,0.01910233125090599
8882,3,1,0.036524415016174316
8883,8,0,0.014637078158557415
8884,0,1,0.021626297384500504
8885,3,1,0.015970828011631966
8886,4,1,0.03178248181939125
8887,4,1,0.04519741237163544
8888,8,0,0.02244531735777855
8889,4,1,0.030418967828154564
8890,8,0,0.02153918333351612
8891,9,1,0.018440894782543182
8892,8,0,0.01465746108442545
8893,6,1,0.029999736696481705
8894,0,1,0.01611860655248165
8895,0,1,0.022148286923766136
8896,8,0,0.007865725085139275
8897,2,1,0.029533512890338898
8898,7,1,0.012882119975984097
8899,4,1,0.0214341189712286
8900,2,1,0.025597818195819855
8901,5,1,0.022450271993875504
8902,6,1,0.036725983023643494
8903,0,1,0.07737225294113159
8904,5,1,0.017378471791744232
8905,8,0,0.033490587025880814
8906,4,1,0.011587457731366158
8907,1,1,0.027944907546043396
8908,9,1,0.0137625802308321
8909,0,1,0.018242277204990387
8910,1,1,0.05187112092971802
8911,4,1,0.01905340701341629
8912,4,1,0.024250375106930733
8913,8,0,0.02674906700849533
8914,4,1,0.05130861699581146
8915,9,1,0.005043327808380127
8916,6,1,0.03435907140374184
8917,0,1,0.031184189021587372
8918,7,1,0.010444827377796173
8919,7,1,0.01225956529378891
8920,6,1,0.028622202575206757
8921,8,0,0.0081346295773983
8922,9,1,0.01940850168466568
8923,6,1,0.021630041301250458
8924,2,1,0.02935483679175377
8925,0,1,0.10307475924491882
8926,4,1,0.03459135442972183
8927,9,1,0.0171483363956213
8928,4,1,0.0918763130903244
8929,9,1,0.009108888916671276
8930,3,1,0.030111495405435562
8931,9,1,0.01850247010588646
8932,6,1,0.01039339229464531
8933,6,1,0.01958511397242546
8934,7,1,0.012919100001454353
8935,0,1,0.006445309147238731
8936,9,1,0.014703512191772461
8937,7,1,0.023183071985840797
8938,1,1,0.018942616879940033
8939,8,0,0.014728108420968056
8940,6,1,0.030608756467700005
8941,0,1,0.01889904774725437
8942,6,1,0.021752018481492996
8943,7,1,0.06452959775924683
8944,4,1,0.022622061893343925
8945,1,1,0.018799079582095146
8946,9,1,0.023934854194521904
8947,4,1,0.03552232310175896
8948,6,1,0.03275763988494873
8949,7,1,0.023698706179857254
8950,9,1,0.017133302986621857
8951,8,0,0.03267354145646095
8952,3,1,0.012447822839021683
8953,9,1,0.021092556416988373
8954,2,1,0.020179983228445053
8955,1,1,0.03532331436872482
8956,2,1,0.010931776836514473
8957,7,1,0.013956021517515182
8958,6,1,0.016964156180620193
8959,1,1,0.017007622867822647
8960,0,1,1.080566167831421
8961,0,1,0.01776941306889057
8962,5,1,0.016729900613427162
8963,6,1,0.047716617584228516
8964,0,1,0.0287318117916584
8965,4,1,0.014186511747539043
8966,3,1,0.034158267080783844
8967,2,1,0.021285971626639366
8968,8,0,0.02535998821258545
8969,8,0,0.017538568004965782
8970,0,1,0.019219661131501198
8971,6,1,0.060272034257650375
8972,9,1,0.03547997027635574
8973,5,1,0.024976380169391632
8974,2,1,0.03789982944726944
8975,8,0,0.018756825476884842
8976,7,1,0.01822994276881218
8977,0,1,0.019279539585113525
8978,6,1,0.027042243629693985
8979,5,1,0.016662362962961197
8980,9,1,0.010414155200123787
8981,7,1,0.02461317367851734
8982,2,1,0.025425609201192856
8983,3,1,0.019345805048942566
8984,6,1,0.032705873250961304
8985,9,1,0.021093163639307022
8986,6,1,0.028358040377497673
8987,2,1,0.0558689720928669
8988,2,1,0.08502574265003204
8989,4,1,0.021335680037736893
8990,1,1,0.023151645436882973
8991,0,1,0.040114812552928925
8992,5,1,0.02234990894794464
8993,0,1,0.010217491537332535
8994,8,0,0.009972694329917431
8995,9,1,0.028049161657691002
8996,3,1,0.023881517350673676
8997,5,1,0.021648703143000603
8998,9,1,0.01415987964719534
8999,3,1,0.04016081988811493
9000,8,0,0.014367924071848392
9001,1,1,0.02571728080511093
9002,6,1,0.01751447096467018
9003,3,1,0.042138438671827316
9004,7,1,0.008424187079071999
9005,5,1,0.04020420461893082
9006,6,1,0.03155846893787384
9007,2,1,0.024871958419680595
9008,0,1,0.03686344623565674
9009,2,1,0.028324849903583527
9010,8,0,0.017378292977809906
9011,2,1,0.018059877678751945
9012,8,0,0.013669464737176895
9013,7,1,0.03635203838348389
9014,7,1,0.01805054023861885
9015,8,0,0.010499928146600723
9016,1,1,0.04080386459827423
9017,0,1,0.057897962629795074
9018,8,0,0.010819543153047562
9019,9,1,0.010586293414235115
9020,7,1,0.029884986579418182
9021,0,1,0.030115686357021332
9022,3,1,0.02466345950961113
9023,8,0,0.026512114331126213
9024,0,1,0.023150550201535225
9025,5,1,0.01620376855134964
9026,9,1,0.019765671342611313
9027,5,1,0.043884724378585815
9028,8,0,0.011181380599737167
9029,4,1,0.043703123927116394
9030,2,1,0.06894561648368835
9031,0,1,0.025142304599285126
9032,9,1,0.01833929866552353
9033,2,1,0.027491256594657898
9034,2,1,0.03272419422864914
9035,4,1,0.0375107005238533
9036,4,1,0.05185123160481453
9037,9,1,0.019577693194150925
9038,2,1,0.015886258333921432
9039,2,1,0.02429836243391037
9040,2,1,0.014491600915789604
9041,5,1,0.03811504691839218
9042,1,1,0.05971493571996689
9043,3,1,0.011550676077604294
9044,2,1,0.03263670951128006
9045,0,1,0.02094036340713501
9046,0,1,0.01624082587659359
9047,4,1,0.010549991391599178
9048,0,1,0.01499941572546959
9049,6,1,0.04137857258319855
9050,5,1,0.015050796791911125
9051,8,0,0.00873524695634842
9052,0,1,0.023067224770784378
9053,5,1,0.02280869521200657
9054,8,0,0.031814977526664734
9055,6,1,0.016522228717803955
9056,4,1,0.03581548482179642
9057,8,0,0.021298807114362717
9058,5,1,0.039624862372875214
9059,2,1,0.03963644430041313
9060,9,1,0.020480982959270477
9061,7,1,0.03441305086016655
9062,9,1,0.018034618347883224
9063,7,1,0.026612695306539536
9064,1,1,0.021914029493927956
9065,0,1,0.022743333131074905
9066,1,1,0.022286411374807358
9067,9,1,0.008553776890039444
9068,6,1,0.027425583451986313
9069,9,1,0.025948338210582733
9070,2,1,0.029698003083467484
9071,7,1,0.04291178286075592
9072,9,1,0.015415523201227188
9073,4,1,0.016311882063746452
9074,4,1,0.027610063552856445
9075,0,1,0.02379017136991024
9076,6,1,0.03483171761035919
9077,2,1,0.021094758063554764
9078,4,1,0.022892247885465622
9079,1,1,0.036347392946481705
9080,3,1,0.13985580205917358
9081,7,1,0.02422923408448696
9082,2,1,0.021234264597296715
9083,8,0,0.011300155892968178
9084,5,1,0.02437715046107769
9085,9,1,0.01842319406569004
9086,0,1,0.011108113452792168
9087,3,1,0.021451570093631744
9088,2,1,0.028447316959500313
9089,3,1,0.021196763962507248
9090,2,1,0.04486677050590515
9091,7,1,0.01953854411840439
9092,6,1,0.018474377691745758
9093,3,1,0.031103242188692093
9094,2,1,0.02820425108075142
9095,5,1,0.013183800503611565
9096,9,1,0.03519253805279732
9097,0,1,0.07503774762153625
9098,5,1,0.018900014460086823
9099,9,1,0.04237818717956543
9100,9,1,0.022936150431632996
9101,8,0,0.005508544854819775
9102,7,1,0.017418980598449707
9103,7,1,0.031025506556034088
9104,4,1,0.03175942599773407
9105,8,0,0.017005324363708496
9106,6,1,0.027941200882196426
9107,5,1,0.00823628343641758
9108,2,1,0.02181345224380493
9109,3,1,0.016842853277921677
9110,1,1,0.026411142200231552
9111,0,1,0.029178574681282043
9112,4,1,0.046316154301166534
9113,1,1,0.018181532621383667
9114,8,0,0.018785757943987846
9115,8,0,0.01316599827259779
9116,4,1,0.02285642921924591
9117,9,1,0.01942025125026703
9118,4,1,0.023116519674658775
9119,4,1,0.02141037955880165
9120,3,1,0.028006529435515404
9121,3,1,0.012960387393832207
9122,9,1,0.017592761665582657
9123,2,1,0.02142692357301712
9124,0,1,0.03780357167124748
9125,1,1,0.027172520756721497
9126,1,1,0.016256222501397133
9127,8,0,0.017620909959077835
9128,4,1,0.021496398374438286
9129,4,1,0.019911106675863266
9130,8,0,0.03936707228422165
9131,3,1,0.0365799143910408
9132,2,1,0.04275672137737274
9133,9,1,0.016805395483970642
9134,5,1,0.04616156220436096
9135,7,1,0.0394693985581398
9136,6,1,0.04420740157365799
9137,2,1,0.027552485466003418
9138,5,1,0.02601454220712185
9139,4,1,0.14014554023742676
9140,7,1,0.024236544966697693
9141,3,1,0.020657233893871307
9142,3,1,0.015314804390072823
9143,9,1,0.03392738103866577
9144,0,1,0.005559584125876427
9145,1,1,0.025792308151721954
9146,5,1,0.017292281612753868
9147,9,1,0.019743802025914192
9148,3,1,0.02273711934685707
9149,7,1,0.023605577647686005
9150,6,1,0.009978540241718292
9151,0,1,0.029977377504110336
9152,4,1,0.02213418483734131
9153,2,1,0.036141686141490936
9154,2,1,0.034798234701156616
9155,5,1,0.040062569081783295
9156,6,1,0.01877925731241703
9157,3,1,0.02153616212308407
9158,8,0,0.01534939557313919
9159,9,1,0.026951298117637634
9160,5,1,0.030933378264307976
9161,6,1,0.04598100483417511
9162,1,1,0.021432384848594666
9163,4,1,0.020978722721338272
9164,5,1,0.011594142764806747
9165,4,1,0.028362564742565155
9166,6,1,0.021522309631109238
9167,7,1,0.016337811946868896
9168,2,1,0.028445515781641006
9169,1,1,0.007099977694451809
9170,0,1,0.02709643542766571
9171,2,1,0.03975075110793114
9172,0,1,0.02793721854686737
9173,4,1,0.0103810615837574
9174,9,1,0.045575276017189026
9175,8,0,0.014075875282287598
9176,8,0,0.02581356093287468
9177,9,1,0.03348294273018837
9178,1,1,0.018833491951227188
9179,1,1,0.01862611249089241
9180,5,1,0.024960462003946304
9181,0,1,0.012402402237057686
9182,0,1,0.03845936059951782
9183,8,0,0.011912382207810879
9184,7,1,0.05090758204460144
9185,1,1,0.036463912576436996
9186,7,1,0.02187604084610939
9187,4,1,0.012887923046946526
9188,5,1,0.016596077010035515
9189,4,1,0.01997079886496067
9190,3,1,0.018571577966213226
9191,3,1,0.03193133696913719
9192,2,1,0.038410671055316925
9193,0,1,0.03176937997341156
9194,6,1,0.022513285279273987
9195,6,1,0.03545103222131729
9196,0,1,0.014356385916471481
9197,1,1,0.009328866377472878
9198,3,1,0.03975875303149223
9199,9,1,0.019142430275678635
9200,8,0,0.003787277266383171
9201,3,1,0.03246854245662689
9202,7,1,0.016650665551424026
9203,8,0,0.005859740078449249
9204,9,1,0.01241886243224144
9205,4,1,0.020132455974817276
9206,8,0,0.051750391721725464
9207,9,1,0.0218731127679348
9208,0,1,0.023411743342876434
9209,9,1,0.033890992403030396
9210,7,1,0.03213965892791748
9211,1,1,0.01922537386417389
9212,6,1,0.03954441100358963
9213,2,1,0.01763272099196911
9214,9,1,0.024513214826583862
9215,5,1,0.022286541759967804
9216,6,1,0.06507830321788788
9217,9,1,0.023665541782975197
9218,3,1,0.02522335760295391
9219,9,1,0.02113392949104309
9220,8,0,0.010192112065851688
9221,7,1,0.029945705085992813
9222,7,1,0.024071741849184036
9223,1,1,0.02396649867296219
9224,6,1,0.030737552791833878
9225,5,1,0.02142699807882309
9226,3,1,0.0226113423705101
9227,1,1,0.016481343656778336
9228,3,1,0.02758936956524849
9229,1,1,0.03177645057439804
9230,2,1,0.025878887623548508
9231,7,1,0.00944764818996191
9232,1,1,0.02279275842010975
9233,8,0,0.0058425674214959145
9234,2,1,0.033451568335294724
9235,0,1,0.023703433573246002
9236,9,1,0.014940915629267693
9237,7,1,0.012325471267104149
9238,9,1,0.03454815596342087
9239,8,0,0.01582571491599083
9240,8,0,0.016025405377149582
9241,6,1,0.02503434754908085
9242,7,1,0.03650185093283653
9243,3,1,0.014635501429438591
9244,7,1,0.02971634455025196
9245,1,1,0.02579702064394951
9246,3,1,0.06065039336681366
9247,9,1,0.0295708067715168
9248,0,1,0.013865238055586815
9249,9,1,0.017347805202007294
9250,3,1,0.04282939434051514
9251,6,1,0.016913622617721558
9252,7,1,0.02284543216228485
9253,2,1,0.015837885439395905
9254,7,1,0.0087240319699049
9255,3,1,0.01431188266724348
9256,0,1,0.009746372699737549
9257,5,1,0.012037217617034912
9258,9,1,0.02454337105154991
9259,7,1,0.0462978258728981
9260,5,1,0.015435406938195229
9261,5,1,0.023137949407100677
9262,0,1,0.022702444344758987
9263,6,1,0.031466685235500336
9264,5,1,0.02003861404955387
9265,1,1,0.010838508605957031
9266,8,0,0.021788109093904495
9267,2,1,0.02852741628885269
9268,7,1,0.05348086357116699
9269,5,1,0.06007404625415802
9270,9,1,0.014948060736060143
9271,0,1,0.0320398285984993
9272,0,1,0.008846104145050049
9273,0,1,0.03213540464639664
9274,8,0,0.014795603230595589
9275,8,0,0.010844400152564049
9276,7,1,0.0374111533164978
9277,3,1,0.015209406614303589
9278,7,1,0.03568708151578903
9279,8,0,0.010936626233160496
9280,9,1,0.0180123932659626
9281,3,1,0.062392957508563995
9282,7,1,0.016224371269345284
9283,9,1,0.015070075169205666
9284,7,1,0.030529115349054337
9285,8,0,0.014005091041326523
9286,7,1,0.03320998325943947
9287,9,1,0.024419836699962616
9288,8,0,0.0430697500705719
9289,5,1,0.02035747841000557
9290,4,1,0.04071718826889992
9291,8,0,0.052454546093940735
9292,3,1,0.01688050478696823
9293,7,1,0.037495486438274384
9294,6,1,0.058585379272699356
9295,3,1,0.02118688076734543
9296,8,0,0.022479474544525146
9297,2,1,0.033953383564949036
9298,1,1,0.031192008405923843
9299,9,1,0.02668917365372181
9300,5,1,0.02783762291073799
9301,7,1,0.016270074993371964
9302,3,1,0.021812286227941513
9303,9,1,0.02055366523563862
9304,5,1,0.031902533024549484
9305,5,1,0.027280904352664948
9306,8,0,0.019444696605205536
9307,7,1,0.034332066774368286
9308,3,1,0.02562970481812954
9309,5,1,0.02326948195695877
9310,3,1,0.02214444801211357
9311,5,1,0.01778821460902691
9312,9,1,0.006845484953373671
9313,7,1,0.023866601288318634
9314,6,1,0.02309364080429077
9315,7,1,0.03636083006858826
9316,3,1,0.039940718561410904
9317,6,1,0.032874397933483124
9318,4,1,0.03038923442363739
9319,3,1,0.031372543424367905
9320,9,1,0.00940738245844841
9321,4,1,0.01858624443411827
9322,2,1,0.05564156919717789
9323,1,1,0.008677560836076736
9324,9,1,0.024747710675001144
9325,6,1,0.022486768662929535
9326,0,1,0.017531216144561768
9327,2,1,0.039062708616256714
9328,6,1,0.013088400475680828
9329,7,1,0.027696609497070312
9330,4,1,0.01325149554759264
9331,7,1,0.022280056029558182
9332,9,1,0.03377291560173035
9333,0,1,0.017649229615926743
9334,7,1,0.01966887339949608
9335,4,1,0.03579694777727127
9336,3,1,0.022370105609297752
9337,5,1,0.035502493381500244
9338,3,1,0.022648639976978302
9339,1,1,0.03795492649078369
9340,1,1,0.03129423037171364
9341,2,1,0.017542101442813873
9342,6,1,0.03865992650389671
9343,8,0,0.007381710223853588
9344,2,1,0.029562244191765785
9345,1,1,0.02116398885846138
9346,7,1,0.03391547501087189
9347,8,0,0.011786693707108498
9348,5,1,0.023376096040010452
9349,9,1,0.00887816958129406
9350,6,1,0.036118268966674805
9351,1,1,0.02275780588388443
9352,1,1,0.012306736782193184
9353,5,1,0.04182176664471626
9354,0,1,0.06941473484039307
9355,6,1,0.020838981494307518
9356,0,1,0.20909391343593597
9357,9,1,0.02951854281127453
9358,2,1,0.04906019940972328
9359,6,1,0.01523488387465477
9360,5,1,0.046963296830654144
9361,8,0,0.018904205411672592
9362,9,1,0.019713807851076126
9363,5,1,0.01569155417382717
9364,5,1,0.016228407621383667
9365,6,1,0.028167027980089188
9366,2,1,0.01928945817053318
9367,9,1,0.013059069402515888
9368,1,1,0.01754678785800934
9369,5,1,0.044001512229442596
9370,8,0,0.033460330218076706
9371,8,0,0.009314991533756256
9372,7,1,0.03230055421590805
9373,1,1,0.02097265049815178
9374,7,1,0.02565428987145424
9375,3,1,0.027376694604754448
9376,5,1,0.03206772357225418
9377,4,1,0.02695338800549507
9378,9,1,0.021091368049383163
9379,7,1,0.033290065824985504
9380,5,1,0.023405665531754494
9381,2,1,0.01596122235059738
9382,9,1,0.02998034656047821
9383,9,1,0.020162351429462433
9384,4,1,0.05318859964609146
9385,7,1,0.014715315774083138
9386,4,1,0.019723977893590927
9387,1,1,0.021655388176441193
9388,3,1,0.009860644116997719
9389,8,0,0.01352785900235176
9390,7,1,0.027056347578763962
9391,9,1,0.010455381125211716
9392,0,1,0.018690451979637146
9393,4,1,0.029140615835785866
9394,5,1,0.048481352627277374
9395,7,1,0.027672484517097473
9396,5,1,0.029613249003887177
9397,2,1,0.04460306838154793
9398,8,0,0.041561055928468704
9399,7,1,0.013612334616482258
9400,6,1,0.03804057091474533
9401,9,1,0.03453021124005318
9402,6,1,0.035382408648729324
9403,9,1,0.026353800669312477
9404,3,1,0.018478577956557274
9405,8,0,0.011039648205041885
9406,5,1,0.02054206281900406
9407,6,1,0.037912141531705856
9408,6,1,0.05991756543517113
9409,9,1,0.03832890838384628
9410,5,1,0.03670836612582207
9411,7,1,0.015307359397411346
9412,8,0,0.009289352223277092
9413,0,1,0.022592609748244286
9414,5,1,0.01381074357777834
9415,0,1,0.020763719454407692
9416,7,1,0.013439410366117954
9417,4,1,0.023347247391939163
9418,8,0,0.010426141321659088
9419,2,1,0.029805460944771767
9420,5,1,0.02480170875787735
9421,1,1,0.03761054202914238
9422,3,1,0.034261979162693024
9423,2,1,0.04210110008716583
9424,2,1,0.05934487283229828
9425,6,1,0.07245659083127975
9426,2,1,0.01843763142824173
9427,1,1,0.03664598613977432
9428,7,1,0.019770778715610504
9429,4,1,0.03521505370736122
9430,6,1,0.039240553975105286
9431,3,1,0.016697820276021957
9432,1,1,0.022247448563575745
9433,3,1,0.024829357862472534
9434,7,1,0.018687987700104713
9435,2,1,0.021889448165893555
9436,1,1,0.031739458441734314
9437,3,1,0.017165515571832657
9438,7,1,0.02831251174211502
9439,0,1,0.02370467409491539
9440,8,0,0.014338601380586624
9441,4,1,0.017806963995099068
9442,4,1,0.04283485561609268
9443,5,1,0.028314445167779922
9444,7,1,0.02382076159119606
9445,9,1,0.012599637731909752
9446,5,1,0.019391890615224838
9447,4,1,0.0501629114151001
9448,3,1,0.018848130479454994
9449,9,1,0.05946143716573715
9450,6,1,0.03174419701099396
9451,8,0,0.021462611854076385
9452,2,1,0.034552451223134995
9453,3,1,0.05236298590898514
9454,3,1,0.03489866480231285
9455,1,1,0.02527296543121338
9456,6,1,0.016366347670555115
9457,1,1,0.028182588517665863
9458,7,1,0.028398936614394188
9459,0,1,0.031685970723629
9460,3,1,0.031102515757083893
9461,4,1,0.035038407891988754
9462,2,1,0.10534584522247314
9463,9,1,0.013103920966386795
9464,4,1,0.022419001907110214
9465,5,1,0.0323176383972168
9466,8,0,0.030949890613555908
9467,2,1,0.021950382739305496
9468,7,1,0.024602064862847328
9469,0,1,0.016850903630256653
9470,9,1,0.01992998644709587
9471,6,1,0.024244343861937523
9472,8,0,0.012054677121341228
9473,0,1,0.01376316137611866
9474,8,0,0.005064625758677721
9475,2,1,0.014143711887300014
9476,8,0,0.015522809699177742
9477,5,1,0.02453804947435856
9478,7,1,0.028921552002429962
9479,7,1,0.012635492719709873
9480,2,1,0.026844147592782974
9481,2,1,0.01711772382259369
9482,0,1,0.022659923881292343
9483,0,1,0.014880278147757053
9484,0,1,0.02455536276102066
9485,7,1,0.03538365289568901
9486,4,1,0.06397896260023117
9487,1,1,0.022321030497550964
9488,6,1,0.011980976909399033
9489,6,1,0.03609570115804672
9490,8,0,0.003962408285588026
9491,8,0,0.027668964117765427
9492,9,1,0.019195903092622757
9493,0,1,0.011669283732771873
9494,9,1,0.008932575583457947
9495,0,1,0.021768301725387573
9496,1,1,0.016019470989704132
9497,3,1,0.045360155403614044
9498,3,1,0.015738964080810547
9499,0,1,0.013820845633745193
9500,9,1,0.04375877231359482
9501,6,1,0.043856799602508545
9502,6,1,0.023286353796720505
9503,2,1,0.027228493243455887
9504,6,1,0.024454478174448013
9505,3,1,0.03475602716207504
9506,4,1,0.04986656457185745
9507,0,1,0.028662871569395065
9508,8,0,0.008232440799474716
9509,4,1,0.025304850190877914
9510,1,1,0.01964690536260605
9511,4,1,0.02722206525504589
9512,0,1,0.06811030209064484
9513,6,1,0.01728925108909607
9514,5,1,0.027953684329986572
9515,0,1,0.023193320259451866
9516,9,1,0.010802614502608776
9517,9,1,0.01616036146879196
9518,9,1,0.033809877932071686
9519,9,1,0.029056642204523087
9520,1,1,0.009655081667006016
9521,2,1,0.03346724808216095
9522,3,1,0.025964874774217606
9523,5,1,0.024294551461935043
9524,4,1,0.023197220638394356
9525,2,1,0.02517717331647873
9526,9,1,0.009944943711161613
9527,6,1,0.008710598573088646
9528,0,1,0.02228720858693123
9529,9,1,0.033871136605739594
9530,6,1,0.021371636539697647
9531,6,1,0.037010133266448975
9532,8,0,0.00879997480660677
9533,0,1,0.02597774937748909
9534,6,1,0.01881389692425728
9535,1,1,0.016967162489891052
9536,4,1,0.03203703835606575
9537,6,1,0.013491934165358543
9538,8,0,0.018068775534629822
9539,0,1,0.014808889478445053
9540,5,1,0.043119531124830246
9541,4,1,0.045839905738830566
9542,1,1,0.02922261878848076
9543,2,1,0.02675854228436947
9544,0,1,0.017301447689533234
9545,9,1,0.025128357112407684
9546,6,1,0.02412627637386322
9547,4,1,0.018160182982683182
9548,2,1,0.08877503871917725
9549,4,1,0.02974935993552208
9550,6,1,0.035742320120334625
9551,5,1,0.05205759406089783
9552,9,1,0.01749427616596222
9553,7,1,0.02068360522389412
9554,7,1,0.03539254888892174
9555,4,1,0.01735500991344452
9556,6,1,0.0323043167591095
9557,5,1,0.025148002430796623
9558,0,1,0.024163398891687393
9559,1,1,0.02031594328582287
9560,9,1,0.034351594746112823
9561,0,1,0.008573489263653755
9562,3,1,0.0221988707780838
9563,1,1,0.014119072817265987
9564,9,1,0.016717644408345222
9565,0,1,0.021218527108430862
9566,9,1,0.02336626499891281
9567,7,1,0.03000226616859436
9568,8,0,0.004471375606954098
9569,6,1,0.037561070173978806
9570,7,1,0.03253665566444397
9571,6,1,0.0407872200012207
9572,8,0,0.013470901176333427
9573,2,1,0.023699313402175903
9574,4,1,0.038742147386074066
9575,5,1,0.03320436552166939
9576,3,1,0.00853586196899414
9577,0,1,0.015277789905667305
9578,3,1,0.03245002031326294
9579,2,1,0.023761559277772903
9580,1,1,0.02231913059949875
9581,7,1,0.042842913419008255
9582,5,1,0.03600231558084488
9583,9,1,0.01561315730214119
9584,3,1,0.04313907027244568
9585,4,1,0.04013930261135101
9586,5,1,0.050191812217235565
9587,7,1,0.009468474425375462
9588,1,1,0.02358754351735115
9589,5,1,0.018839938566088676
9590,0,1,0.010907220654189587
9591,1,1,0.00480880681425333
9592,1,1,0.02230180613696575
9593,1,1,0.04586099833250046
9594,9,1,0.025994444265961647
9595,7,1,0.029257366433739662
9596,5,1,0.0483340248465538
9597,4,1,0.01728556863963604
9598,9,1,0.02733168937265873
9599,7,1,0.022973842918872833
9600,8,0,0.0043242014944553375
9601,1,1,0.01456353347748518
9602,0,1,0.011496376246213913
9603,2,1,0.03223177045583725
9604,8,0,0.016185566782951355
9605,5,1,0.02205326035618782
9606,6,1,0.027582447975873947
9607,7,1,0.02294420823454857
9608,0,1,0.00933246873319149
9609,1,1,0.06165200471878052
9610,4,1,0.03693655878305435
9611,8,0,0.009004802443087101
9612,4,1,0.023384053260087967
9613,4,1,0.023523159325122833
9614,6,1,0.015064617618918419
9615,6,1,0.0474424734711647
9616,5,1,0.03130999952554703
9617,8,0,0.03936712443828583
9618,1,1,0.020826412364840508
9619,8,0,0.013474758714437485
9620,4,1,0.03282628953456879
9621,6,1,0.020846258848905563
9622,5,1,0.03298565745353699
9623,9,1,0.023700982332229614
9624,2,1,0.028602831065654755
9625,2,1,0.03056376241147518
9626,1,1,0.033650994300842285
9627,4,1,0.024586349725723267
9628,9,1,0.017486868426203728
9629,1,1,0.011930029839277267
9630,6,1,0.02006826549768448
9631,7,1,0.03849434852600098
9632,2,1,0.029133513569831848
9633,0,1,0.01904255710542202
9634,1,1,0.033747464418411255
9635,7,1,0.034751392900943756
9636,6,1,0.05038393288850784
9637,5,1,0.028856027871370316
9638,2,1,0.03910338133573532
9639,2,1,0.04679958522319794
9640,5,1,0.021553099155426025
9641,6,1,0.0348232127726078
9642,0,1,0.027421969920396805
9643,9,1,0.008254589512944221
9644,0,1,0.007726055104285479
9645,1,1,0.012942208908498287
9646,5,1,0.031691774725914
9647,3,1,0.022108368575572968
9648,3,1,0.03113616816699505
9649,5,1,0.025956304743885994
9650,8,0,0.008283218368887901
9651,7,1,0.0373067632317543
9652,5,1,0.0207119882106781
9653,6,1,0.045165300369262695
9654,5,1,0.03472542762756348
9655,8,0,0.010506303049623966
9656,0,1,0.029281586408615112
9657,5,1,0.028751928359270096
9658,9,1,0.03947804868221283
9659,4,1,0.01362042035907507
9660,6,1,0.020591169595718384
9661,5,1,0.014458296820521355
9662,1,1,0.030483350157737732
9663,1,1,0.008396530523896217
9664,0,1,0.014553002081811428
9665,3,1,0.03427105396986008
9666,3,1,0.015729302540421486
9667,9,1,0.009041834622621536
9668,4,1,0.030319735407829285
9669,8,0,0.004183526150882244
9670,1,1,0.028835875913500786
9671,7,1,0.02798238769173622
9672,7,1,0.03704921901226044
9673,9,1,0.03378327563405037
9674,9,1,0.015314050018787384
9675,4,1,0.041634734719991684
9676,3,1,0.016445333138108253
9677,6,1,0.04333064705133438
9678,3,1,0.03697928413748741
9679,2,1,0.0180154200643301
9680,8,0,0.01441507413983345
9681,2,1,0.06641562283039093
9682,7,1,0.03771612048149109
9683,6,1,0.04562563821673393
9684,7,1,0.023845471441745758
9685,0,1,0.07933998107910156
9686,2,1,0.031001457944512367
9687,1,1,0.03856976330280304
9688,2,1,0.03489476442337036
9689,9,1,0.059521641582250595
9690,4,1,0.031387075781822205
9691,6,1,0.030147135257720947
9692,9,1,0.016384586691856384
9693,6,1,0.02609218657016754
9694,1,1,0.032445281744003296
9695,0,1,0.014727347530424595
9696,1,1,0.019401108846068382
9697,8,0,0.011948710307478905
9698,7,1,0.017405347898602486
9699,0,1,0.023391928523778915
9700,0,1,0.056198589503765106
9701,4,1,0.035297684371471405
9702,7,1,0.019342709332704544
9703,4,1,0.02148425206542015
9704,2,1,0.02936525270342827
9705,6,1,0.03704589605331421
9706,9,1,0.03466103598475456
9707,5,1,0.018155403435230255
9708,9,1,0.03129250928759575
9709,0,1,0.024723421782255173
9710,7,1,0.049552686512470245
9711,4,1,0.03666052967309952
9712,5,1,0.014270090498030186
9713,8,0,0.014362195506691933
9714,1,1,0.02547573484480381
9715,4,1,0.02396969497203827
9716,7,1,0.020260779187083244
9717,9,1,0.03438505530357361
9718,9,1,0.01565002277493477
9719,8,0,0.017042692750692368
9720,8,0,0.01995827630162239
9721,6,1,0.021112948656082153
9722,3,1,0.025837842375040054
9723,7,1,0.023778192698955536
9724,0,1,0.05310307443141937
9725,8,0,0.013476042076945305
9726,9,1,0.011970066465437412
9727,6,1,0.0171312615275383
9728,2,1,0.030782148241996765
9729,4,1,0.05283212289214134
9730,6,1,0.015068743377923965
9731,2,1,0.025011783465743065
9732,9,1,0.04059980809688568
9733,7,1,0.01595776155591011
9734,4,1,0.038430921733379364
9735,6,1,0.024646993726491928
9736,8,0,0.010682690888643265
9737,5,1,0.03236106038093567
9738,6,1,0.05159406363964081
9739,1,1,0.01724192500114441
9740,3,1,0.05865509808063507
9741,5,1,0.031978826969861984
9742,9,1,0.01634245365858078
9743,9,1,0.018131975084543228
9744,1,1,0.015356739982962608
9745,3,1,0.035276781767606735
9746,2,1,0.016992872580885887
9747,0,1,0.09281633794307709
9748,3,1,0.02999681979417801
9749,0,1,0.009635995142161846
9750,2,1,0.03767762333154678
9751,0,1,0.02568035200238228
9752,7,1,0.012765161693096161
9753,3,1,0.017091555520892143
9754,9,1,0.020649727433919907
9755,3,1,0.042874857783317566
9756,5,1,0.01890111342072487
9757,7,1,0.025727365165948868
9758,6,1,0.021066557615995407
9759,5,1,0.02638518437743187
9760,9,1,0.011625503189861774
9761,5,1,0.03958675637841225
9762,6,1,0.03374454006552696
9763,1,1,0.009641147218644619
9764,2,1,0.019346609711647034
9765,4,1,0.013115225359797478
9766,0,1,0.0197262205183506
9767,2,1,0.05036613345146179
9768,7,1,0.027531109750270844
9769,8,0,0.026708846911787987
9770,4,1,0.012036312371492386
9771,4,1,0.032891616225242615
9772,0,1,0.009515007957816124
9773,9,1,0.018085306510329247
9774,5,1,0.02141552045941353
9775,9,1,0.022105559706687927
9776,2,1,0.07045608758926392
9777,9,1,0.02813253551721573
9778,3,1,0.03237590566277504
9779,2,1,0.03422264754772186
9780,4,1,0.0241613257676363
9781,3,1,0.029173851013183594
9782,2,1,0.05046524852514267
9783,2,1,0.02480301260948181
9784,8,0,0.01264259498566389
9785,8,0,0.012926377356052399
9786,6,1,0.026848141103982925
9787,8,0,0.011508860625326633
9788,1,1,0.017383836209774017
9789,6,1,0.018721815198659897
9790,8,0,0.020257150754332542
9791,9,1,0.025175666436553
9792,8,0,0.020832553505897522
9793,2,1,0.018907980993390083
9794,1,1,0.027687525376677513
9795,4,1,0.03596844524145126
9796,9,1,0.019884366542100906
9797,1,1,0.0274561308324337
9798,5,1,0.011361997574567795
9799,7,1,0.039818763732910156
9800,1,1,0.014510415494441986
9801,6,1,0.006485704332590103
9802,0,1,0.040227800607681274
9803,1,1,0.022530509158968925
9804,5,1,0.016787700355052948
9805,2,1,0.028262056410312653
9806,8,0,0.010119950398802757
9807,1,1,0.03736000508069992
9808,1,1,0.02210770733654499
9809,3,1,0.017806293442845345
9810,8,0,0.015321359038352966
9811,1,1,0.020088136196136475
9812,3,1,0.015139052644371986
9813,1,1,0.01741555891931057
9814,8,0,0.02187984064221382
9815,5,1,0.033021990209817886
9816,1,1,0.03350994735956192
9817,9,1,0.01866699382662773
9818,0,1,0.017590725794434547
9819,3,1,0.03622893989086151
9820,0,1,0.026523802429437637
9821,4,1,0.03211899846792221
9822,0,1,0.01032242551445961
9823,5,1,0.024028994143009186
9824,1,1,0.01987568847835064
9825,2,1,0.024732448160648346
9826,0,1,0.034196071326732635
9827,4,1,0.03390900045633316
9828,9,1,0.016837000846862793
9829,5,1,0.03106219507753849
9830,1,1,0.02262221835553646
9831,2,1,0.03361218422651291
9832,2,1,0.017594516277313232
9833,7,1,0.024628613144159317
9834,8,0,0.025054577738046646
9835,7,1,0.03664492815732956
9836,2,1,0.030870383605360985
9837,4,1,0.0228112805634737
9838,5,1,0.016176041215658188
9839,3,1,0.02486404776573181
9840,4,1,0.02165089175105095
9841,0,1,0.07041492313146591
9842,6,1,0.022497259080410004
9843,1,1,0.01163732260465622
9844,5,1,0.016286544501781464
9845,9,1,0.019926365464925766
9846,8,0,0.005010045133531094
9847,0,1,0.02155000902712345
9848,2,1,0.17048195004463196
9849,0,1,0.057882294058799744
9850,7,1,0.04564053937792778
9851,6,1,0.014957275241613388
9852,0,1,0.012022271752357483
9853,5,1,0.03585975617170334
9854,9,1,0.019466890022158623
9855,7,1,0.01784881204366684
9856,5,1,0.044944390654563904
9857,0,1,0.022047337144613266
9858,4,1,0.0313342809677124
9859,6,1,0.029811713844537735
9860,0,1,0.010497772134840488
9861,6,1,0.03092358447611332
9862,3,1,0.03462386503815651
9863,6,1,0.03379371389746666
9864,8,0,0.01323337946087122
9865,1,1,0.05941641330718994
9866,1,1,0.02090936154127121
9867,8,0,0.012939873151481152
9868,9,1,0.019617564976215363
9869,7,1,0.02218368463218212
9870,2,1,0.03761310502886772
9871,9,1,0.021115045994520187
9872,0,1,0.007010304369032383
9873,2,1,0.037267737090587616
9874,2,1,0.029186196625232697
9875,9,1,0.012271136045455933
9876,0,1,0.036362797021865845
9877,6,1,0.028885463252663612
9878,5,1,0.02363438531756401
9879,7,1,0.01613164320588112
9880,7,1,0.015849608927965164
9881,9,1,0.017524467781186104
9882,1,1,0.02493317984044552
9883,7,1,0.020934784784913063
9884,9,1,0.012503121048212051
9885,8,0,0.006311376113444567
9886,4,1,0.033432647585868835
9887,5,1,0.035030297935009
9888,0,1,0.05741775408387184
9889,8,0,0.016981491819024086
9890,0,1,0.013180688954889774
9891,2,1,0.027345983311533928
9892,5,1,0.04560121148824692
9893,2,1,0.029567983001470566
9894,1,1,0.0453820526599884
9895,4,1,0.02527627721428871
9896,4,1,0.0177785474807024
9897,8,0,0.011325494386255741
9898,9,1,0.01969190314412117
9899,7,1,0.028330670669674873
9900,8,0,0.03261420130729675
9901,3,1,0.022436389699578285
9902,6,1,0.021138353273272514
9903,6,1,0.029992496594786644
9904,0,1,0.006160082295536995
9905,1,1,0.013925726525485516
9906,1,1,0.012325087562203407
9907,1,1,0.03175264596939087
9908,8,0,0.01541031152009964
9909,1,1,0.01959972083568573
9910,4,1,0.018141891807317734
9911,4,1,0.025905214250087738
9912,0,1,0.0436771921813488
9913,7,1,0.03201434016227722
9914,8,0,0.012445442378520966
9915,2,1,0.040294598788022995
9916,1,1,0.009368469938635826
9917,2,1,0.02901613526046276
9918,5,1,0.02045227214694023
9919,4,1,0.013817092403769493
9920,6,1,0.026363125070929527
9921,0,1,0.3214811682701111
9922,5,1,0.013398205861449242
9923,7,1,0.03060823678970337
9924,4,1,0.06471309065818787
9925,4,1,0.028747759759426117
9926,3,1,0.012824391946196556
9927,9,1,0.013008352369070053
9928,5,1,0.02941013127565384
9929,8,0,0.005798439495265484
9930,8,0,0.03298250585794449
9931,0,1,0.015684304758906364
9932,8,0,0.015529492869973183
9933,7,1,0.00896892324090004
9934,4,1,0.023155448958277702
9935,1,1,0.03925316035747528
9936,8,0,0.013923633843660355
9937,4,1,0.024332713335752487
9938,9,1,0.0115283178165555
9939,5,1,0.02206992357969284
9940,4,1,0.02533801458775997
9941,1,1,0.022858543321490288
9942,7,1,0.01656394451856613
9943,7,1,0.015093657188117504
9944,7,1,0.034951094537973404
9945,7,1,0.02578658238053322
9946,0,1,0.016245126724243164
9947,3,1,0.018501967191696167
9948,8,0,0.024768944829702377
9949,3,1,0.01911524310708046
9950,3,1,0.01931471936404705
9951,0,1,0.19409577548503876
9952,5,1,0.03128889948129654
9953,7,1,0.03521193191409111
9954,0,1,0.011365817859768867
9955,8,0,0.005183910019695759
9956,0,1,0.0490746796131134
9957,0,1,0.021284254267811775
9958,9,1,0.040660466998815536
9959,2,1,0.029149174690246582
9960,2,1,0.04006379097700119
9961,3,1,0.045637235045433044
9962,4,1,0.03612906485795975
9963,8,0,0.01826694793999195
9964,2,1,0.05814795941114426
9965,2,1,0.020924879238009453
9966,6,1,0.01903383433818817
9967,3,1,0.026911169290542603
9968,3,1,0.03850151225924492
9969,6,1,0.017377231270074844
9970,2,1,0.01781376823782921
9971,9,1,0.01083977147936821
9972,4,1,0.008253891952335835
9973,0,1,0.00856937188655138
9974,1,1,0.0239721667021513
9975,7,1,0.01981964521110058
9976,5,1,0.03652113676071167
9977,5,1,0.00886489450931549
9978,7,1,0.01278746873140335
9979,3,1,0.04035765677690506
9980,0,1,0.032756686210632324
9981,4,1,0.034365493804216385
9982,2,1,0.018332185223698616
9983,0,1,0.049060069024562836
9984,7,1,0.029739269986748695
9985,5,1,0.03836194425821304
9986,8,0,0.05825609713792801
9987,0,1,0.022229479625821114
9988,8,0,0.024994850158691406
9989,2,1,0.025361843407154083
9990,7,1,0.02177436277270317
9991,0,1,0.01862458698451519
9992,3,1,0.01689586415886879
9993,5,1,0.022661175578832626
9994,3,1,0.030278820544481277
9995,8,0,0.010264643467962742
9996,3,1,0.05180007964372635
9997,5,1,0.022440709173679352
9998,1,1,0.0426250621676445
9999,7,1,0.04122132807970047
