sample_id,original_label,anomaly_label,score
0,7,1,2.124725341796875
1,2,1,0.36675548553466797
2,1,1,0.35322314500808716
3,0,1,0.10259771347045898
4,4,1,0.3711944818496704
5,1,1,0.3432732820510864
6,4,1,0.1838570237159729
7,9,1,-0.03985440731048584
8,5,1,0.0742068886756897
9,9,1,0.5050320625305176
10,0,1,1.1679221391677856
11,6,0,0.04620659351348877
12,9,1,0.09853935241699219
13,0,1,0.42323458194732666
14,1,1,0.23404383659362793
15,5,1,0.4477948546409607
16,9,1,0.31273311376571655
17,7,1,1.0234954357147217
18,3,1,0.021353423595428467
19,4,1,0.6102957725524902
20,9,1,0.368183434009552
21,6,0,-0.23283949494361877
22,6,0,0.017006009817123413
23,5,1,0.6039843559265137
24,4,1,0.36472761631011963
25,0,1,0.12936264276504517
26,7,1,0.7953019142150879
27,4,1,0.49239087104797363
28,0,1,0.3676636219024658
29,1,1,0.5063098073005676
30,3,1,0.38413429260253906
31,1,1,0.4530586004257202
32,3,1,0.1847778558731079
33,4,1,0.045320063829422
34,7,1,0.9866209030151367
35,2,1,0.35895836353302
36,7,1,1.2898919582366943
37,1,1,0.7651764154434204
38,2,1,0.3214900493621826
39,1,1,0.00799936056137085
40,1,1,1.1295183897018433
41,7,1,1.6477713584899902
42,4,1,0.22811096906661987
43,2,1,0.3877178430557251
44,3,1,0.6110091209411621
45,5,1,0.7710428237915039
46,1,1,0.4138377904891968
47,2,1,0.585423469543457
48,4,1,0.2470296025276184
49,4,1,0.20562446117401123
50,6,0,-0.29616183042526245
51,3,1,-0.019618302583694458
52,5,1,0.19420194625854492
53,5,1,0.7148540019989014
54,6,0,-0.10662156343460083
55,0,1,0.3272729516029358
56,4,1,0.7088968753814697
57,1,1,0.37747275829315186
58,9,1,-0.0728222131729126
59,5,1,1.8844449520111084
60,7,1,0.7409288883209229
61,8,1,0.2521435022354126
62,9,1,0.5115759372711182
63,3,1,0.6912518739700317
64,7,1,0.8569059371948242
65,4,1,0.07454076409339905
66,6,0,0.11435097455978394
67,4,1,0.3472830057144165
68,3,1,0.05690425634384155
69,0,1,0.0287303626537323
70,7,1,0.9128953218460083
71,0,1,0.3894606828689575
72,2,1,0.6752206087112427
73,9,1,0.5427350997924805
74,1,1,0.3493046164512634
75,7,1,0.23726797103881836
76,3,1,0.07430338859558105
77,2,1,0.7307645082473755
78,9,1,0.2523442506790161
79,7,1,0.7874312400817871
80,7,1,0.30046361684799194
81,6,0,-0.15138891339302063
82,2,1,0.03973156213760376
83,7,1,0.561022162437439
84,8,1,0.15597546100616455
85,4,1,0.2316678762435913
86,7,1,0.8884210586547852
87,3,1,0.2245934009552002
88,6,0,-0.2624281942844391
89,1,1,0.06962022185325623
90,3,1,0.7272104024887085
91,6,0,-0.26033124327659607
92,9,1,1.368027925491333
93,3,1,0.34803521633148193
94,1,1,0.02406904101371765
95,4,1,-0.1298697292804718
96,1,1,0.5528940558433533
97,7,1,0.40173113346099854
98,6,0,-0.007230699062347412
99,9,1,0.07397669553756714
100,6,0,0.33206188678741455
101,0,1,0.4894832372665405
102,5,1,0.8496328592300415
103,4,1,0.3584967851638794
104,9,1,0.874475359916687
105,9,1,0.20098459720611572
106,2,1,0.37030351161956787
107,1,1,0.07764208316802979
108,9,1,0.04268825054168701
109,4,1,0.04375714063644409
110,8,1,0.4958362579345703
111,7,1,0.8629724979400635
112,3,1,0.15014463663101196
113,9,1,0.22031939029693604
114,7,1,0.40700364112854004
115,4,1,-0.0765640139579773
116,4,1,0.0977545976638794
117,4,1,0.8445626497268677
118,9,1,0.28518998622894287
119,2,1,0.45290493965148926
120,5,1,0.4861142039299011
121,4,1,0.07719391584396362
122,7,1,1.084293007850647
123,6,0,-0.19172519445419312
124,7,1,0.2581443786621094
125,9,1,0.15919160842895508
126,0,1,0.609490156173706
127,5,1,0.17603707313537598
128,8,1,0.42522311210632324
129,5,1,0.688259482383728
130,6,0,-0.31865763664245605
131,6,0,-0.29291924834251404
132,5,1,0.07804471254348755
133,7,1,0.26362788677215576
134,8,1,0.244110107421875
135,1,1,0.10474938154220581
136,0,1,0.6937122344970703
137,1,1,0.08866250514984131
138,6,0,-0.1555454134941101
139,4,1,0.08353155851364136
140,6,0,-0.16623073816299438
141,7,1,1.350841760635376
142,3,1,0.8247771263122559
143,1,1,0.09030389785766602
144,7,1,0.22623658180236816
145,1,1,0.9776191711425781
146,8,1,0.0010981261730194092
147,2,1,0.019879281520843506
148,0,1,0.03046506643295288
149,2,1,0.3901740312576294
150,9,1,0.07147088646888733
151,9,1,1.0504977703094482
152,5,1,0.43206292390823364
153,5,1,0.8376810550689697
154,1,1,0.9906783103942871
155,5,1,0.30900901556015015
156,6,0,-0.21135175228118896
157,0,1,0.3278966546058655
158,3,1,0.7948834896087646
159,4,1,0.08293873071670532
160,4,1,0.05359232425689697
161,6,0,-0.20874349772930145
162,5,1,0.6475038528442383
163,4,1,0.39735257625579834
164,6,0,-0.1672576367855072
165,5,1,0.35254335403442383
166,4,1,0.07018792629241943
167,5,1,1.674795150756836
168,1,1,0.208152174949646
169,4,1,0.25513410568237305
170,4,1,0.36959171295166016
171,7,1,0.7696387767791748
172,2,1,0.836377739906311
173,3,1,0.6279127597808838
174,2,1,0.48309797048568726
175,7,1,1.75909423828125
176,1,1,0.4880833029747009
177,8,1,0.34910470247268677
178,1,1,0.17525219917297363
179,8,1,0.018385469913482666
180,1,1,0.3525792360305786
181,8,1,-0.121244877576828
182,5,1,0.07752057909965515
183,0,1,0.5021274089813232
184,8,1,-0.04579061269760132
185,9,1,-0.06652900576591492
186,2,1,0.22404265403747559
187,5,1,0.9609020948410034
188,0,1,0.5533373355865479
189,1,1,0.7276843786239624
190,1,1,0.08765220642089844
191,1,1,0.935062050819397
192,0,1,0.5907700061798096
193,9,1,0.48662489652633667
194,0,1,1.0352482795715332
195,3,1,0.8055012226104736
196,1,1,0.20982348918914795
197,6,0,-0.14419323205947876
198,4,1,0.341566801071167
199,2,1,0.28876936435699463
200,3,1,0.058757275342941284
201,6,0,-0.24856668710708618
202,1,1,0.286188006401062
203,1,1,0.2722587585449219
204,1,1,0.26185786724090576
205,3,1,0.4260127544403076
206,9,1,0.023999154567718506
207,5,1,0.20662689208984375
208,2,1,0.24067866802215576
209,9,1,0.13868403434753418
210,4,1,0.6402548551559448
211,5,1,0.6017748117446899
212,9,1,0.5092160701751709
213,3,1,0.799699068069458
214,9,1,0.08112776279449463
215,0,1,0.3123782277107239
216,3,1,1.0633158683776855
217,6,0,-0.011161386966705322
218,5,1,1.0288276672363281
219,5,1,0.47024714946746826
220,7,1,0.528033971786499
221,2,1,0.22292375564575195
222,2,1,0.07815819978713989
223,7,1,1.0290422439575195
224,1,1,0.7604485750198364
225,2,1,0.5018035173416138
226,8,1,-0.0006763041019439697
227,4,1,0.2597717046737671
228,1,1,0.4151929020881653
229,7,1,2.0782651901245117
230,3,1,0.8867732286453247
231,3,1,1.1618616580963135
232,8,1,-0.2257271260023117
233,8,1,0.5321459174156189
234,7,1,1.880014419555664
235,9,1,0.365909218788147
236,2,1,0.642204999923706
237,2,1,0.3581439256668091
238,4,1,0.23708319664001465
239,1,1,0.36096876859664917
240,5,1,0.18819493055343628
241,9,1,0.21071290969848633
242,8,1,0.38619309663772583
243,7,1,0.8760848045349121
244,2,1,0.5204852223396301
245,3,1,0.5677783489227295
246,0,1,0.3213404417037964
247,4,1,0.18288928270339966
248,4,1,0.20193684101104736
249,2,1,0.38410794734954834
250,4,1,0.31633031368255615
251,1,1,0.7501200437545776
252,9,1,0.20078694820404053
253,5,1,0.5015672445297241
254,7,1,1.8178222179412842
255,7,1,0.7968432903289795
256,2,1,0.25971800088882446
257,8,1,-0.09063327312469482
258,2,1,0.12527894973754883
259,6,0,-0.05639678239822388
260,8,1,0.5077669620513916
261,5,1,1.1261035203933716
262,7,1,0.6712281703948975
263,7,1,1.4032442569732666
264,9,1,0.44563186168670654
265,1,1,0.15484941005706787
266,8,1,-0.2396443486213684
267,1,1,0.00589442253112793
268,8,1,0.03515315055847168
269,0,1,0.38197898864746094
270,3,1,0.31088483333587646
271,0,1,0.23784172534942627
272,1,1,0.2208082675933838
273,9,1,0.2366194725036621
274,9,1,0.4691465497016907
275,4,1,0.21109700202941895
276,1,1,0.34996581077575684
277,8,1,0.12172627449035645
278,2,1,0.3699972629547119
279,1,1,0.7109415531158447
280,2,1,0.019050538539886475
281,9,1,0.07610401511192322
282,7,1,0.7551648616790771
283,5,1,1.7281827926635742
284,9,1,0.7505862712860107
285,2,1,0.3375784754753113
286,6,0,-0.14210212230682373
287,4,1,1.2112324237823486
288,1,1,0.2370065450668335
289,5,1,0.2129308581352234
290,8,1,0.08629977703094482
291,2,1,0.22545021772384644
292,9,1,0.3187246322631836
293,2,1,0.3548104763031006
294,0,1,0.5101787447929382
295,4,1,0.477291464805603
296,0,1,0.6114315986633301
297,0,1,0.07114750146865845
298,2,1,0.24872350692749023
299,8,1,0.5883177518844604
300,4,1,0.13914674520492554
301,7,1,-0.014684885740280151
302,1,1,0.22110354900360107
303,2,1,1.2407143115997314
304,4,1,0.2525091767311096
305,0,1,1.0838313102722168
306,2,1,0.46104538440704346
307,7,1,0.3449366092681885
308,4,1,0.2336217164993286
309,3,1,0.8458893299102783
310,3,1,0.18300628662109375
311,0,1,0.1576971411705017
312,0,1,-0.050384700298309326
313,3,1,0.4476747512817383
314,1,1,0.4738614559173584
315,9,1,0.2002611756324768
316,6,0,0.012055516242980957
317,5,1,1.396402359008789
318,2,1,0.052842020988464355
319,5,1,0.37569791078567505
320,9,1,1.109898567199707
321,2,1,1.417468786239624
322,9,1,0.1929287314414978
323,3,1,1.1274802684783936
324,0,1,0.7524120807647705
325,4,1,0.04147881269454956
326,2,1,0.18763947486877441
327,0,1,0.28656160831451416
328,7,1,0.7287431955337524
329,1,1,0.04044705629348755
330,1,1,0.2888002395629883
331,2,1,0.5137865543365479
332,1,1,0.19370532035827637
333,5,1,0.554097056388855
334,3,1,0.9209411144256592
335,3,1,0.7975444793701172
336,9,1,0.31279873847961426
337,7,1,0.7642426490783691
338,8,1,0.533475935459137
339,6,0,-0.03254503011703491
340,5,1,0.19826561212539673
341,6,0,1.2680165767669678
342,1,1,0.1560327410697937
343,3,1,0.4036146402359009
344,8,1,0.060635149478912354
345,1,1,0.15663772821426392
346,0,1,0.3316693902015686
347,5,1,-0.12984400987625122
348,1,1,0.02719247341156006
349,3,1,0.5978546142578125
350,1,1,0.909050703048706
351,5,1,0.31043416261672974
352,5,1,0.337226927280426
353,6,0,-0.2690979242324829
354,1,1,0.4458502531051636
355,8,1,0.24563008546829224
356,5,1,0.24797767400741577
357,1,1,0.9302260875701904
358,7,1,0.6858644485473633
359,9,1,-0.04264700412750244
360,4,1,1.403007984161377
361,6,0,-0.28307268023490906
362,2,1,1.2876757383346558
363,2,1,0.9876445531845093
364,5,1,0.5233714580535889
365,0,1,0.2309522032737732
366,6,0,0.15360713005065918
367,5,1,1.286970853805542
368,6,0,-0.037094831466674805
369,3,1,1.3483383655548096
370,7,1,0.983735203742981
371,2,1,0.32488346099853516
372,0,1,1.261744499206543
373,8,1,0.3572845458984375
374,8,1,0.39776039123535156
375,5,1,0.2949143648147583
376,4,1,0.2733878493309021
377,1,1,0.2734938859939575
378,1,1,0.34134459495544434
379,4,1,0.8613854646682739
380,0,1,0.8176851272583008
381,3,1,1.8531150817871094
382,3,1,-0.06789010763168335
383,7,1,2.667145252227783
384,6,0,-0.24224884808063507
385,1,1,0.029913783073425293
386,6,0,-0.1380487084388733
387,2,1,0.7899132966995239
388,1,1,0.7636151313781738
389,9,1,0.32472920417785645
390,2,1,-0.14908799529075623
391,8,1,0.23758357763290405
392,6,0,-0.24458926916122437
393,1,1,0.2816178798675537
394,9,1,0.49619901180267334
395,5,1,0.11752116680145264
396,2,1,0.2997184991836548
397,5,1,0.14344745874404907
398,4,1,0.813260555267334
399,4,1,0.1638176441192627
400,2,1,0.06287616491317749
401,8,1,0.36794137954711914
402,3,1,0.7623635530471802
403,8,1,0.10186243057250977
404,2,1,0.7258565425872803
405,4,1,0.6720318794250488
406,5,1,0.020137369632720947
407,0,1,0.7792847156524658
408,3,1,0.16737216711044312
409,1,1,0.12026697397232056
410,7,1,0.3882945775985718
411,7,1,1.1988577842712402
412,5,1,0.15165817737579346
413,7,1,0.6035740375518799
414,9,1,0.05954509973526001
415,7,1,0.8120725154876709
416,1,1,0.11495751142501831
417,9,1,0.343176007270813
418,2,1,0.3983943462371826
419,1,1,0.3301476240158081
420,4,1,0.5385013818740845
421,2,1,0.7268848419189453
422,9,1,0.33709537982940674
423,2,1,0.3346906900405884
424,0,1,0.7635087966918945
425,4,1,0.04234117269515991
426,9,1,0.8010454177856445
427,1,1,0.1933978796005249
428,4,1,0.14523541927337646
429,8,1,0.1990247368812561
430,1,1,0.04990991950035095
431,8,1,0.8326843976974487
432,4,1,-0.09070748090744019
433,5,1,1.1745579242706299
434,9,1,0.40091627836227417
435,8,1,0.5356132388114929
436,8,1,0.6145697832107544
437,3,1,0.30327343940734863
438,7,1,1.2933433055877686
439,6,0,-0.13909763097763062
440,0,1,0.40655791759490967
441,0,1,0.09606242179870605
442,3,1,0.1701175570487976
443,0,1,0.591407060623169
444,2,1,0.6525276899337769
445,6,0,0.33769339323043823
446,6,0,-0.2783816456794739
447,4,1,0.06895452737808228
448,9,1,0.1566394567489624
449,3,1,0.5213954448699951
450,3,1,0.33765578269958496
451,3,1,0.18333375453948975
452,2,1,0.4239240884780884
453,3,1,0.6486102342605591
454,9,1,-0.037139058113098145
455,1,1,0.15591228008270264
456,2,1,1.318392038345337
457,6,0,-0.20521779358386993
458,8,1,0.22474664449691772
459,0,1,0.2851572036743164
460,5,1,0.5343902111053467
461,6,0,-0.22241175174713135
462,6,0,-0.12861418724060059
463,6,0,-0.2758345901966095
464,3,1,0.8116815090179443
465,8,1,0.4791734218597412
466,8,1,0.4444276690483093
467,2,1,0.4422370195388794
468,7,1,0.34050440788269043
469,5,1,0.34111326932907104
470,8,1,0.2733842730522156
471,9,1,0.5728991031646729
472,6,0,-0.08514803647994995
473,1,1,0.5686948299407959
474,8,1,-0.011556923389434814
475,4,1,0.526512086391449
476,1,1,0.3790628910064697
477,2,1,0.3267245888710022
478,5,1,0.12400555610656738
479,9,1,0.605513334274292
480,1,1,-0.023148834705352783
481,9,1,0.18838775157928467
482,7,1,1.0211050510406494
483,5,1,1.6118488311767578
484,4,1,0.40359699726104736
485,0,1,0.5415329933166504
486,8,1,0.45242029428482056
487,9,1,0.18207889795303345
488,9,1,0.7432091236114502
489,1,1,0.11994051933288574
490,0,1,0.17438560724258423
491,5,1,0.6369266510009766
492,2,1,0.39244401454925537
493,3,1,0.38878482580184937
494,7,1,1.0701930522918701
495,8,1,-0.0570051372051239
496,9,1,0.20856529474258423
497,4,1,0.07516089081764221
498,0,1,0.4037480354309082
499,6,0,0.321805477142334
500,3,1,0.2749369740486145
501,9,1,0.24340569972991943
502,5,1,0.4549872875213623
503,2,1,0.24417436122894287
504,1,1,0.5838615894317627
505,3,1,0.32164931297302246
506,1,1,0.22370266914367676
507,3,1,-0.008943259716033936
508,6,0,-0.17016342282295227
509,5,1,0.5560827851295471
510,7,1,0.47212594747543335
511,4,1,0.127020001411438
512,2,1,0.7293491363525391
513,2,1,0.26623815298080444
514,6,0,-0.11764538288116455
515,3,1,0.38169074058532715
516,2,1,0.09920680522918701
517,6,0,-0.12977218627929688
518,5,1,0.3022424578666687
519,4,1,0.28516721725463867
520,8,1,0.26129966974258423
521,9,1,-0.011259227991104126
522,7,1,0.311423122882843
523,1,1,0.8098021745681763
524,3,1,0.701195478439331
525,0,1,0.5272175073623657
526,3,1,0.7470443248748779
527,8,1,0.039574503898620605
528,3,1,0.5652931332588196
529,1,1,0.21530598402023315
530,9,1,0.21291601657867432
531,3,1,0.2998988628387451
532,4,1,0.2030467987060547
533,4,1,-0.0859636664390564
534,6,0,-0.30897998809814453
535,4,1,0.36019015312194824
536,2,1,0.980664849281311
537,1,1,0.3408015966415405
538,8,1,0.37819457054138184
539,2,1,0.03317686915397644
540,5,1,0.4890425205230713
541,4,1,0.2837165594100952
542,8,1,0.7993130683898926
543,8,1,0.7899171113967896
544,4,1,0.43510276079177856
545,0,1,1.2011563777923584
546,0,1,0.05653637647628784
547,2,1,0.5561299324035645
548,3,1,0.10100841522216797
549,2,1,0.23514795303344727
550,7,1,1.0378477573394775
551,7,1,0.11506783962249756
552,0,1,-0.12112200260162354
553,8,1,-0.09730717539787292
554,7,1,0.9889124631881714
555,4,1,0.49502748250961304
556,4,1,0.40963685512542725
557,7,1,0.522859513759613
558,9,1,0.276729941368103
559,6,0,-0.19607576727867126
560,9,1,0.35483765602111816
561,0,1,0.1155388355255127
562,9,1,0.2223154902458191
563,8,1,0.41144466400146484
564,0,1,0.5690492987632751
565,4,1,0.0022676289081573486
566,6,0,-0.1199159026145935
567,0,1,0.9312276840209961
568,6,0,-0.15809863805770874
569,3,1,0.4553454518318176
570,5,1,0.5033389329910278
571,4,1,0.1191093921661377
572,8,1,0.3123939037322998
573,3,1,0.4286339282989502
574,3,1,0.955574631690979
575,9,1,-0.07490754127502441
576,3,1,0.2369476556777954
577,3,1,0.31517571210861206
578,3,1,1.116326093673706
579,7,1,0.693199872970581
580,8,1,0.22221136093139648
581,0,1,0.416567325592041
582,8,1,0.4811689853668213
583,2,1,0.7100460529327393
584,1,1,0.6482924222946167
585,7,1,0.9283186197280884
586,0,1,1.2034831047058105
587,6,0,-0.2251504510641098
588,5,1,0.3852529525756836
589,4,1,0.5437908172607422
590,3,1,0.37177562713623047
591,8,1,0.10019969940185547
592,0,1,0.28599298000335693
593,9,1,0.8772356510162354
594,6,0,-0.29836902022361755
595,3,1,0.5121678113937378
596,8,1,0.46232807636260986
597,0,1,0.058527082204818726
598,9,1,0.29209887981414795
599,9,1,0.3413713574409485
600,6,0,-0.2534964382648468
601,8,1,0.6348199844360352
602,6,0,-0.1753585934638977
603,8,1,0.01309216022491455
604,5,1,0.5736389756202698
605,7,1,0.656139612197876
606,8,1,0.5551950335502625
607,6,0,-0.2020397186279297
608,0,1,1.2903847694396973
609,2,1,0.9484330415725708
610,4,1,-0.13488039374351501
611,0,1,0.34491217136383057
612,2,1,0.20191413164138794
613,2,1,0.7365419864654541
614,3,1,0.31002771854400635
615,1,1,-0.029609084129333496
616,9,1,0.1814807653427124
617,7,1,0.2547810673713684
618,5,1,0.5798699855804443
619,1,1,0.361835241317749
620,0,1,0.30965399742126465
621,8,1,0.2787880301475525
622,4,1,-0.03237563371658325
623,6,0,-0.24237611889839172
624,2,1,0.5141903758049011
625,6,0,0.07388725876808167
626,7,1,1.60904860496521
627,9,1,0.11376482248306274
628,3,1,0.6174024343490601
629,2,1,0.2063930630683899
630,9,1,0.37614870071411133
631,8,1,0.3851121664047241
632,2,1,0.21134579181671143
633,2,1,-0.06289386749267578
634,9,1,0.7428328990936279
635,2,1,-0.0076808929443359375
636,7,1,0.36679399013519287
637,3,1,0.13683956861495972
638,5,1,0.09628832340240479
639,9,1,0.1719832420349121
640,1,1,0.5709080696105957
641,8,1,0.22502636909484863
642,0,1,0.1415310502052307
643,2,1,0.930457353591919
644,0,1,0.9483449459075928
645,5,1,-0.125858336687088
646,2,1,0.01245608925819397
647,1,1,0.38292914628982544
648,3,1,0.3309175968170166
649,7,1,2.0262069702148438
650,6,0,-0.1901964247226715
651,7,1,0.48903536796569824
652,1,1,0.348419725894928
653,2,1,0.7062833309173584
654,5,1,0.8650691509246826
655,8,1,0.10745620727539062
656,0,1,1.125455379486084
657,3,1,0.15509116649627686
658,7,1,0.5881977081298828
659,2,1,0.3608241081237793
660,4,1,0.16877347230911255
661,0,1,0.1567624807357788
662,9,1,0.1086992621421814
663,1,1,0.17989003658294678
664,8,1,0.4243396520614624
665,6,0,-0.15143686532974243
666,7,1,1.7587640285491943
667,7,1,1.0654571056365967
668,4,1,0.493893563747406
669,3,1,0.40346455574035645
670,4,1,0.6528276205062866
671,9,1,0.15054279565811157
672,1,1,0.09477782249450684
673,9,1,0.1075778603553772
674,5,1,0.023433953523635864
675,1,1,0.01373860239982605
676,7,1,0.8099967241287231
677,3,1,0.33035171031951904
678,9,1,-0.011629074811935425
679,7,1,0.9087861776351929
680,6,0,-0.3143816292285919
681,9,1,0.03713768720626831
682,1,1,0.6173356771469116
683,3,1,0.2957131862640381
684,7,1,0.23579412698745728
685,8,1,0.4552463889122009
686,3,1,0.22833746671676636
687,3,1,0.93666672706604
688,6,0,-0.23610329627990723
689,7,1,0.12090283632278442
690,2,1,0.33538389205932617
691,8,1,0.3370252847671509
692,5,1,1.0176188945770264
693,8,1,0.25715649127960205
694,5,1,0.18718862533569336
695,1,1,0.07596093416213989
696,1,1,0.299920916557312
697,4,1,0.31866633892059326
698,4,1,0.3485153913497925
699,3,1,-0.034272193908691406
700,1,1,0.7166159152984619
701,0,1,0.3702707886695862
702,7,1,0.749941349029541
703,7,1,0.37378013134002686
704,0,1,1.2724822759628296
705,7,1,0.6335391998291016
706,9,1,0.3051598072052002
707,4,1,-0.09610113501548767
708,4,1,0.3839113712310791
709,8,1,0.05626237392425537
710,5,1,0.8463625907897949
711,5,1,0.17962223291397095
712,4,1,-0.13611581921577454
713,0,1,1.2678725719451904
714,8,1,0.8265460729598999
715,2,1,0.47308480739593506
716,1,1,0.4873722791671753
717,0,1,0.043020009994506836
718,8,1,0.06564933061599731
719,4,1,1.009670615196228
720,5,1,0.15173864364624023
721,0,1,0.3375401496887207
722,4,1,0.14796185493469238
723,0,1,0.035223960876464844
724,6,0,-0.15261322259902954
725,1,1,-0.0303572416305542
726,7,1,0.469089150428772
727,3,1,0.3813732862472534
728,2,1,0.7514653205871582
729,6,0,-0.2505878210067749
730,7,1,0.2864830493927002
731,2,1,0.24365174770355225
732,6,0,-0.2364404797554016
733,9,1,0.8211171627044678
734,3,1,0.2393088936805725
735,1,1,0.0976441502571106
736,4,1,0.15540766716003418
737,6,0,-0.11205345392227173
738,2,1,0.755181074142456
739,5,1,0.17707198858261108
740,4,1,0.5017359852790833
741,2,1,0.6364065408706665
742,0,1,0.6814875602722168
743,6,0,-0.18260948359966278
744,2,1,0.33667635917663574
745,1,1,0.34317946434020996
746,7,1,0.6922590732574463
747,3,1,0.5909340381622314
748,4,1,0.01983642578125
749,1,1,0.23804616928100586
750,0,1,0.37695372104644775
751,5,1,0.47540247440338135
752,4,1,-0.07430905103683472
753,3,1,0.16430628299713135
754,1,1,-0.01988011598587036
755,1,1,0.5165351629257202
756,7,1,0.8515894412994385
757,4,1,0.48608464002609253
758,9,1,0.29411935806274414
759,9,1,1.1258766651153564
760,4,1,0.6953334808349609
761,8,1,0.043982356786727905
762,4,1,-0.09993469715118408
763,0,1,0.4948478937149048
764,2,1,0.41719651222229004
765,4,1,0.22851896286010742
766,5,1,0.2750714421272278
767,1,1,0.2506444454193115
768,1,1,0.14649629592895508
769,6,0,-0.14791998267173767
770,4,1,0.43745851516723633
771,7,1,0.4558074474334717
772,1,1,0.31966960430145264
773,9,1,-0.03362029790878296
774,4,1,0.3663734197616577
775,2,1,0.2261938452720642
776,4,1,0.5831550359725952
777,1,1,0.18127292394638062
778,5,1,0.21948027610778809
779,5,1,1.02322518825531
780,3,1,0.27565962076187134
781,8,1,0.2589162588119507
782,3,1,0.11825692653656006
783,1,1,0.11848622560501099
784,4,1,0.3436853885650635
785,5,1,0.927780032157898
786,6,0,-0.025699377059936523
787,8,1,0.3350416421890259
788,9,1,0.4306098222732544
789,4,1,0.3418413996696472
790,1,1,0.10024714469909668
791,5,1,0.5470547676086426
792,3,1,0.6475770473480225
793,8,1,0.19029772281646729
794,0,1,0.3039408326148987
795,3,1,0.6750326156616211
796,2,1,-0.07989546656608582
797,5,1,0.6989060640335083
798,1,1,0.11152243614196777
799,2,1,0.6363233327865601
800,8,1,0.21528983116149902
801,3,1,-0.0260695219039917
802,4,1,0.6859884262084961
803,4,1,0.3328481912612915
804,0,1,0.08014935255050659
805,8,1,0.36195147037506104
806,8,1,0.2737787961959839
807,3,1,0.4810630679130554
808,3,1,0.43409329652786255
809,1,1,0.35659003257751465
810,7,1,0.39651215076446533
811,3,1,0.8676888942718506
812,5,1,0.29196101427078247
813,9,1,0.5638879537582397
814,6,0,-0.15712541341781616
815,3,1,0.744489312171936
816,2,1,0.3008899688720703
817,6,0,-0.179580420255661
818,1,1,0.19056189060211182
819,3,1,0.4415169954299927
820,6,0,-0.2499352991580963
821,0,1,0.6564731597900391
822,7,1,0.680842399597168
823,2,1,0.2499762773513794
824,1,1,0.18116772174835205
825,7,1,0.8668218851089478
826,1,1,0.08567678928375244
827,4,1,0.5730388164520264
828,2,1,0.22035086154937744
829,4,1,-0.046180516481399536
830,2,1,0.794151782989502
831,1,1,0.22794222831726074
832,7,1,0.9577195644378662
833,9,1,-0.04931432008743286
834,6,0,-0.09399732947349548
835,1,1,0.2241237759590149
836,1,1,0.14765262603759766
837,2,1,1.1759459972381592
838,4,1,0.7667388916015625
839,8,1,0.15094882249832153
840,1,1,0.26974689960479736
841,7,1,0.22378695011138916
842,7,1,2.324296712875366
843,4,1,0.3621053695678711
844,8,1,0.7850229740142822
845,0,1,1.0139163732528687
846,7,1,1.7619667053222656
847,3,1,0.3125793933868408
848,1,1,0.10950160026550293
849,3,1,1.1198556423187256
850,1,1,0.25120866298675537
851,0,1,0.025206387042999268
852,7,1,0.9770289659500122
853,7,1,1.0513752698898315
854,0,1,0.5138789415359497
855,3,1,0.13768070936203003
856,5,1,0.6589586734771729
857,5,1,0.24477094411849976
858,2,1,0.27535080909729004
859,7,1,0.9675445556640625
860,6,0,-0.18726220726966858
861,6,0,-0.18468359112739563
862,9,1,0.2749754786491394
863,2,1,0.6817426681518555
864,8,1,0.2118949294090271
865,3,1,0.3220047950744629
866,5,1,0.204734206199646
867,2,1,0.799843430519104
868,2,1,0.2978413701057434
869,5,1,0.5881609916687012
870,6,0,-0.26036638021469116
871,0,1,0.1282867193222046
872,8,1,0.4648110866546631
873,2,1,0.6834180355072021
874,9,1,0.23445391654968262
875,2,1,0.13407999277114868
876,8,1,0.33409583568573
877,8,1,0.15058976411819458
878,8,1,0.15943551063537598
879,8,1,0.2783927917480469
880,7,1,0.564617931842804
881,4,1,0.19574689865112305
882,9,1,0.8358108997344971
883,3,1,0.5023250579833984
884,0,1,0.4042767882347107
885,6,0,-0.23167726397514343
886,6,0,-0.3166778087615967
887,3,1,0.7836927175521851
888,2,1,0.020802974700927734
889,1,1,0.1403597593307495
890,3,1,0.44905543327331543
891,2,1,0.27285516262054443
892,2,1,0.21147650480270386
893,9,1,0.45201563835144043
894,3,1,-0.032845914363861084
895,0,1,0.10120320320129395
896,0,1,0.7524874210357666
897,5,1,0.4065225124359131
898,7,1,0.4537177085876465
899,8,1,0.1870560646057129
900,1,1,0.4079411029815674
901,4,1,1.0110849142074585
902,4,1,0.5884921550750732
903,6,0,-0.26518458127975464
904,0,1,0.8317930698394775
905,2,1,0.5499880313873291
906,9,1,-0.07858490943908691
907,1,1,0.6591687202453613
908,4,1,0.9690794944763184
909,7,1,1.1967161893844604
910,4,1,1.1575287580490112
911,7,1,0.8984255790710449
912,3,1,0.34546011686325073
913,9,1,0.4578303098678589
914,8,1,-0.028189033269882202
915,8,1,-0.028426706790924072
916,4,1,0.616801381111145
917,7,1,1.0195467472076416
918,1,1,0.8601272106170654
919,2,1,0.797950029373169
920,1,1,0.3790706396102905
921,2,1,0.2643728256225586
922,2,1,0.8240343332290649
923,3,1,0.24796342849731445
924,2,1,0.7537662982940674
925,3,1,0.8728044033050537
926,2,1,0.058587878942489624
927,3,1,0.7512469291687012
928,9,1,0.6187915802001953
929,1,1,0.5384734272956848
930,7,1,0.2754138112068176
931,4,1,0.42869269847869873
932,0,1,0.9202607870101929
933,3,1,0.2533668875694275
934,5,1,0.0684511661529541
935,5,1,0.5782631635665894
936,8,1,-0.0023077726364135742
937,6,0,-0.18324309587478638
938,3,1,0.42513900995254517
939,2,1,0.5975635051727295
940,6,0,-0.23436568677425385
941,7,1,0.8688106536865234
942,6,0,-0.22419263422489166
943,6,0,-0.08376553654670715
944,3,1,0.403326153755188
945,2,1,0.5148395299911499
946,7,1,1.1034033298492432
947,8,1,0.06088364124298096
948,1,1,0.4355834126472473
949,1,1,0.0002224445343017578
950,7,1,0.19283151626586914
951,5,1,0.514527440071106
952,6,0,-0.008422493934631348
953,4,1,0.3108069896697998
954,9,1,0.1937321424484253
955,5,1,-0.23506063222885132
956,1,1,0.237099289894104
957,3,1,0.6330524682998657
958,3,1,0.6219375133514404
959,4,1,0.41713404655456543
960,7,1,0.29485487937927246
961,8,1,0.3822113275527954
962,9,1,1.0752991437911987
963,1,1,0.6777925491333008
964,1,1,1.1060290336608887
965,6,0,0.13575315475463867
966,9,1,0.8472756147384644
967,1,1,0.06741690635681152
968,4,1,0.272185742855072
969,4,1,0.5312126874923706
970,5,1,0.13619065284729004
971,4,1,0.38713783025741577
972,0,1,0.729252815246582
973,6,0,-0.06137681007385254
974,2,1,0.5087333917617798
975,2,1,0.3608151078224182
976,3,1,0.40729403495788574
977,1,1,0.0988457202911377
978,5,1,0.5815248489379883
979,1,1,0.19441938400268555
980,2,1,0.6775697469711304
981,0,1,0.3142578601837158
982,3,1,0.6140952110290527
983,8,1,0.2055598497390747
984,1,1,0.05359065532684326
985,2,1,0.5073991417884827
986,6,0,-0.18104276061058044
987,7,1,0.5348246693611145
988,1,1,0.4542955160140991
989,6,0,-0.08474728465080261
990,2,1,0.7518264055252075
991,3,1,0.30198800563812256
992,9,1,0.3599780201911926
993,0,1,0.7488144636154175
994,1,1,0.5300998687744141
995,2,1,0.21307480335235596
996,2,1,0.06549888849258423
997,0,1,0.26249802112579346
998,8,1,0.03634363412857056
999,9,1,0.42953038215637207
1000,9,1,0.4869006872177124
1001,0,1,-0.09060484170913696
1002,2,1,0.3995734453201294
1003,5,1,0.323439359664917
1004,1,1,0.4361473321914673
1005,9,1,0.3053332567214966
1006,7,1,1.015694260597229
1007,8,1,0.6542348861694336
1008,1,1,0.059346795082092285
1009,0,1,0.6519284248352051
1010,4,1,0.4840548038482666
1011,1,1,0.20514672994613647
1012,7,1,0.41932326555252075
1013,9,1,0.03843170404434204
1014,6,0,1.2467963695526123
1015,4,1,0.7308779954910278
1016,2,1,0.12186229228973389
1017,6,0,0.04313826560974121
1018,8,1,0.32532697916030884
1019,1,1,0.2655375599861145
1020,3,1,0.5003265142440796
1021,7,1,0.33728110790252686
1022,5,1,0.173598051071167
1023,4,1,-0.05476963520050049
1024,4,1,0.5147497653961182
1025,1,1,0.45252615213394165
1026,8,1,0.030980795621871948
1027,1,1,0.2792022228240967
1028,3,1,0.3078688383102417
1029,8,1,0.5245721936225891
1030,1,1,0.09385579824447632
1031,2,1,0.1371300220489502
1032,5,1,0.07517921924591064
1033,8,1,0.38307279348373413
1034,0,1,0.8971984386444092
1035,6,0,-0.15250164270401
1036,2,1,0.5405299663543701
1037,1,1,0.40717780590057373
1038,1,1,0.6747419834136963
1039,7,1,2.365861654281616
1040,1,1,0.0917501449584961
1041,5,1,0.4465264081954956
1042,3,1,0.09852087497711182
1043,4,1,0.6264300346374512
1044,6,0,-0.0186307430267334
1045,9,1,0.09960496425628662
1046,5,1,0.3612196445465088
1047,0,1,0.15739822387695312
1048,9,1,-0.011031478643417358
1049,2,1,0.16550874710083008
1050,2,1,0.9919836521148682
1051,4,1,0.6211881637573242
1052,8,1,0.20057833194732666
1053,2,1,0.13558298349380493
1054,1,1,0.11732995510101318
1055,7,1,0.6243563890457153
1056,2,1,0.7523479461669922
1057,4,1,0.19304370880126953
1058,9,1,0.8921830654144287
1059,4,1,-0.06172919273376465
1060,4,1,0.19639986753463745
1061,0,1,0.3104749917984009
1062,3,1,0.9654343128204346
1063,9,1,0.7064899206161499
1064,2,1,0.6438868045806885
1065,2,1,0.2870142459869385
1066,3,1,0.5214623212814331
1067,3,1,0.951279878616333
1068,8,1,0.0876581072807312
1069,3,1,0.07321742177009583
1070,5,1,0.4524317979812622
1071,7,1,0.6055166721343994
1072,3,1,1.0634160041809082
1073,5,1,0.32810544967651367
1074,8,1,0.33203184604644775
1075,1,1,0.0725623071193695
1076,2,1,0.8837178945541382
1077,4,1,0.6126112937927246
1078,4,1,-0.021550893783569336
1079,6,0,-0.18553873896598816
1080,4,1,0.13293308019638062
1081,9,1,0.39130276441574097
1082,5,1,0.07416170835494995
1083,1,1,0.45827674865722656
1084,0,1,0.21907967329025269
1085,6,0,-0.1319899559020996
1086,9,1,0.4862323999404907
1087,5,1,0.9289605617523193
1088,9,1,0.030491948127746582
1089,5,1,0.07032349705696106
1090,9,1,0.4241025447845459
1091,7,1,0.4308818578720093
1092,3,1,0.3927640914916992
1093,8,1,0.14083260297775269
1094,0,1,0.01459270715713501
1095,3,1,0.4543711543083191
1096,7,1,0.33660876750946045
1097,1,1,-0.03755861520767212
1098,3,1,0.5077839493751526
1099,6,0,0.15763521194458008
1100,7,1,0.6127001047134399
1101,8,1,0.18675100803375244
1102,5,1,0.4797961711883545
1103,9,1,0.29475194215774536
1104,7,1,2.8617472648620605
1105,9,1,0.0546342134475708
1106,6,0,-0.2547191083431244
1107,9,1,0.5015882849693298
1108,6,0,-0.2086978256702423
1109,3,1,0.6259589195251465
1110,7,1,1.070419192314148
1111,4,1,0.40865814685821533
1112,4,1,-0.23493725061416626
1113,5,1,0.5717177987098694
1114,3,1,-0.03107994794845581
1115,5,1,1.0356842279434204
1116,4,1,0.3775392770767212
1117,7,1,1.378604531288147
1118,8,1,0.5343166589736938
1119,7,1,0.49315881729125977
1120,8,1,0.4860745668411255
1121,0,1,-0.02489730715751648
1122,7,1,1.6324939727783203
1123,6,0,-0.24452818930149078
1124,8,1,0.9327393770217896
1125,8,1,0.8996584415435791
1126,7,1,0.6942877769470215
1127,3,1,0.3579913377761841
1128,3,1,-0.038346290588378906
1129,1,1,0.0728415846824646
1130,9,1,0.25903308391571045
1131,5,1,0.4358817934989929
1132,2,1,0.2706824541091919
1133,7,1,1.0934125185012817
1134,3,1,0.3602296710014343
1135,5,1,1.0450258255004883
1136,1,1,0.26612478494644165
1137,1,1,0.49428224563598633
1138,2,1,1.7646477222442627
1139,1,1,0.3687517046928406
1140,4,1,0.7209653854370117
1141,7,1,0.9747264385223389
1142,4,1,0.15314340591430664
1143,7,1,0.11996173858642578
1144,5,1,0.38998639583587646
1145,4,1,0.9048401117324829
1146,5,1,0.2447141408920288
1147,4,1,1.5104024410247803
1148,0,1,0.12344807386398315
1149,8,1,0.25596922636032104
1150,3,1,0.3259671926498413
1151,6,0,-0.021780043840408325
1152,9,1,0.22479784488677979
1153,6,0,-0.08834630250930786
1154,0,1,0.20981645584106445
1155,2,1,0.7445776462554932
1156,7,1,0.7536474466323853
1157,4,1,0.3827386498451233
1158,4,1,0.06250730156898499
1159,4,1,-0.11805921792984009
1160,4,1,-0.013035625219345093
1161,6,0,-0.24618351459503174
1162,6,0,0.05588975548744202
1163,4,1,0.9335201978683472
1164,7,1,0.4517675042152405
1165,9,1,0.20118463039398193
1166,3,1,1.0266832113265991
1167,4,1,0.7414274215698242
1168,5,1,0.24376702308654785
1169,5,1,0.2837965488433838
1170,8,1,0.6586599349975586
1171,7,1,0.9325950145721436
1172,3,1,0.4610822796821594
1173,7,1,1.1175827980041504
1174,2,1,0.34161484241485596
1175,7,1,1.2653920650482178
1176,0,1,0.615111231803894
1177,2,1,0.8392267227172852
1178,4,1,0.09144490957260132
1179,1,1,0.7385495901107788
1180,1,1,0.0801243782043457
1181,6,0,-0.12412172555923462
1182,6,0,-0.17677950859069824
1183,9,1,0.13420653343200684
1184,2,1,0.33501315116882324
1185,8,1,0.12941497564315796
1186,7,1,0.5523970723152161
1187,2,1,0.3083726763725281
1188,0,1,0.38307929039001465
1189,1,1,-0.061570554971694946
1190,5,1,0.6010794639587402
1191,0,1,0.45390623807907104
1192,9,1,0.345051646232605
1193,1,1,0.27768880128860474
1194,7,1,0.04109299182891846
1195,0,1,0.3764802813529968
1196,6,0,-0.2649286985397339
1197,0,1,-0.11966195702552795
1198,8,1,0.2864203453063965
1199,6,0,-0.22468823194503784
1200,8,1,0.4544755816459656
1201,1,1,0.02664881944656372
1202,8,1,0.07449868321418762
1203,0,1,0.36173176765441895
1204,3,1,0.63747239112854
1205,3,1,1.1029881238937378
1206,7,1,0.5640004873275757
1207,2,1,0.1370885968208313
1208,3,1,0.5780390501022339
1209,6,0,0.31324875354766846
1210,2,1,0.3407691717147827
1211,1,1,-0.057518959045410156
1212,6,0,-0.06228196620941162
1213,1,1,0.23052620887756348
1214,1,1,0.04759910702705383
1215,3,1,0.05092066526412964
1216,7,1,1.0170665979385376
1217,9,1,0.7673904895782471
1218,0,1,0.7263308763504028
1219,8,1,0.0630749762058258
1220,0,1,0.7033005952835083
1221,5,1,0.12374740839004517
1222,4,1,0.10727989673614502
1223,0,1,0.03473055362701416
1224,2,1,0.2245282530784607
1225,8,1,0.12391358613967896
1226,7,1,0.6611946821212769
1227,2,1,0.6678813695907593
1228,9,1,0.3180267810821533
1229,8,1,0.7126134634017944
1230,4,1,0.651573657989502
1231,0,1,1.0389734506607056
1232,9,1,0.0813249945640564
1233,5,1,0.039558857679367065
1234,8,1,0.2434457540512085
1235,5,1,0.33606481552124023
1236,1,1,0.3428327441215515
1237,2,1,0.25233447551727295
1238,1,1,0.13875913619995117
1239,3,1,0.6706205606460571
1240,1,1,0.08827298879623413
1241,7,1,0.4475061297416687
1242,4,1,0.31343114376068115
1243,5,1,0.00638049840927124
1244,7,1,0.6894879341125488
1245,2,1,0.12679517269134521
1246,0,1,0.49559932947158813
1247,9,1,0.5688820481300354
1248,8,1,0.25228530168533325
1249,8,1,0.45019447803497314
1250,6,0,-0.16521534323692322
1251,2,1,0.5818144083023071
1252,5,1,0.17770731449127197
1253,4,1,-0.08463776111602783
1254,1,1,0.1577972173690796
1255,9,1,0.15729200839996338
1256,2,1,1.375834584236145
1257,1,1,0.17980003356933594
1258,5,1,0.5956716537475586
1259,8,1,0.6460254192352295
1260,7,1,1.1317546367645264
1261,0,1,0.2984996438026428
1262,2,1,0.3625375032424927
1263,4,1,0.7549688816070557
1264,4,1,0.39967697858810425
1265,3,1,0.546895444393158
1266,6,0,-0.07722687721252441
1267,8,1,0.22168737649917603
1268,8,1,0.4077255129814148
1269,2,1,1.3138564825057983
1270,4,1,0.37832844257354736
1271,0,1,0.33286052942276
1272,5,1,0.268948495388031
1273,0,1,-0.12171852588653564
1274,4,1,0.30623191595077515
1275,4,1,0.4770948886871338
1276,7,1,0.0037189126014709473
1277,9,1,0.4970968961715698
1278,3,1,0.4666869044303894
1279,4,1,0.6321010589599609
1280,1,1,0.09558409452438354
1281,5,1,0.6506775617599487
1282,9,1,0.1539592742919922
1283,7,1,0.8062577247619629
1284,3,1,0.6666321754455566
1285,5,1,0.4252011775970459
1286,8,1,0.10413122177124023
1287,8,1,0.2785075902938843
1288,0,1,0.28323137760162354
1289,5,1,0.23721086978912354
1290,3,1,0.42087221145629883
1291,3,1,0.10442519187927246
1292,6,0,-0.1468447744846344
1293,6,0,-0.09684967994689941
1294,0,1,0.5852319002151489
1295,1,1,0.3248600959777832
1296,6,0,-0.04138419032096863
1297,0,1,0.8041110038757324
1298,3,1,0.9486663341522217
1299,5,1,1.0919957160949707
1300,4,1,0.3571476936340332
1301,4,1,0.13994288444519043
1302,1,1,0.3589305877685547
1303,2,1,0.38613951206207275
1304,9,1,0.2026451826095581
1305,1,1,0.06340274214744568
1306,4,1,0.6052570343017578
1307,6,0,-0.25616759061813354
1308,9,1,0.4162461757659912
1309,9,1,0.39927661418914795
1310,3,1,1.849055290222168
1311,9,1,0.2843012809753418
1312,8,1,-0.03301715850830078
1313,4,1,0.7117735147476196
1314,4,1,0.3101925849914551
1315,3,1,0.26821422576904297
1316,1,1,0.19036418199539185
1317,3,1,0.5741717219352722
1318,1,1,0.436460018157959
1319,8,1,-0.05289679765701294
1320,8,1,0.1775432825088501
1321,7,1,1.2671022415161133
1322,9,1,0.773664116859436
1323,4,1,0.39671510457992554
1324,8,1,0.4270360469818115
1325,8,1,-0.02882370352745056
1326,7,1,0.976555347442627
1327,9,1,0.4228849411010742
1328,7,1,0.8747013807296753
1329,1,1,0.050210654735565186
1330,4,1,0.21368515491485596
1331,5,1,0.5363819599151611
1332,6,0,-0.2139783501625061
1333,0,1,0.3467809557914734
1334,5,1,0.30314964056015015
1335,2,1,0.06169158220291138
1336,2,1,0.4894024133682251
1337,2,1,0.27907228469848633
1338,1,1,0.34463608264923096
1339,5,1,0.267040491104126
1340,5,1,0.3376636505126953
1341,2,1,0.3709483742713928
1342,4,1,0.6530274152755737
1343,9,1,0.6045607328414917
1344,6,0,-0.07729595899581909
1345,2,1,1.299576759338379
1346,7,1,0.9532971382141113
1347,7,1,0.673090934753418
1348,2,1,-0.03184783458709717
1349,2,1,0.7042791843414307
1350,1,1,0.1772918701171875
1351,1,1,0.035046160221099854
1352,2,1,0.16448521614074707
1353,8,1,0.33510100841522217
1354,3,1,0.14069968461990356
1355,7,1,0.7934525012969971
1356,2,1,0.2795029282569885
1357,4,1,0.32903844118118286
1358,1,1,0.25151199102401733
1359,7,1,2.2039194107055664
1360,1,1,0.7991564273834229
1361,7,1,1.4869303703308105
1362,6,0,0.049020916223526
1363,7,1,0.7479006052017212
1364,8,1,0.3034893870353699
1365,2,1,0.47920453548431396
1366,7,1,1.426990270614624
1367,3,1,0.23696458339691162
1368,1,1,0.41181010007858276
1369,7,1,1.3572547435760498
1370,5,1,0.14822643995285034
1371,8,1,0.44547420740127563
1372,2,1,0.3933388590812683
1373,6,0,-0.2395605444908142
1374,2,1,0.04719889163970947
1375,2,1,0.48874431848526
1376,5,1,0.17564833164215088
1377,6,0,-0.03692132234573364
1378,5,1,-0.004008293151855469
1379,0,1,1.3949209451675415
1380,9,1,0.3366760015487671
1381,2,1,0.15070325136184692
1382,4,1,0.04354405403137207
1383,3,1,0.08494448661804199
1384,3,1,1.684837818145752
1385,9,1,0.07405343651771545
1386,7,1,0.8607544898986816
1387,6,0,-0.22188925743103027
1388,6,0,-0.04192882776260376
1389,8,1,-0.019706815481185913
1390,0,1,0.24000567197799683
1391,4,1,0.7102324962615967
1392,1,1,1.0168981552124023
1393,5,1,1.183114767074585
1394,8,1,0.5518816113471985
1395,2,1,0.2350369691848755
1396,9,1,0.3558863401412964
1397,1,1,0.5029085278511047
1398,8,1,0.341216504573822
1399,0,1,0.7758440971374512
1400,6,0,-0.15419936180114746
1401,7,1,1.0099265575408936
1402,2,1,0.5220752358436584
1403,1,1,0.0010322332382202148
1404,0,1,0.1780414581298828
1405,5,1,0.017424196004867554
1406,5,1,0.6278576850891113
1407,2,1,0.08875596523284912
1408,0,1,-0.009353041648864746
1409,2,1,1.095737099647522
1410,2,1,0.2538527250289917
1411,0,1,0.6925640106201172
1412,2,1,0.8091490268707275
1413,4,1,0.26283812522888184
1414,9,1,0.35247111320495605
1415,8,1,0.1924121379852295
1416,0,1,0.005062103271484375
1417,9,1,0.2974121570587158
1418,9,1,0.32322025299072266
1419,4,1,0.650346040725708
1420,6,0,-0.14142757654190063
1421,5,1,0.8517557382583618
1422,4,1,0.24084901809692383
1423,9,1,0.3123893737792969
1424,1,1,0.384637713432312
1425,8,1,0.04531329870223999
1426,3,1,0.25072598457336426
1427,4,1,0.25103455781936646
1428,9,1,0.15145611763000488
1429,9,1,0.2595241665840149
1430,1,1,0.5814876556396484
1431,2,1,1.3392057418823242
1432,2,1,0.6322324275970459
1433,8,1,-0.09421056509017944
1434,1,1,0.07475471496582031
1435,9,1,0.31645870208740234
1436,6,0,-0.15088310837745667
1437,4,1,0.5667040944099426
1438,0,1,0.139509916305542
1439,9,1,0.6249961853027344
1440,4,1,0.46110206842422485
1441,8,1,0.43567949533462524
1442,3,1,0.43142980337142944
1443,8,1,0.2145175337791443
1444,6,0,0.339300274848938
1445,0,1,0.29003214836120605
1446,2,1,0.2951853275299072
1447,5,1,0.13880294561386108
1448,1,1,0.14733797311782837
1449,9,1,0.28467679023742676
1450,6,0,0.008838415145874023
1451,2,1,0.1466313600540161
1452,9,1,0.17998242378234863
1453,4,1,-0.02345806360244751
1454,0,1,0.5162520408630371
1455,9,1,0.10849225521087646
1456,6,0,-0.05191931128501892
1457,0,1,0.6099023818969727
1458,6,0,-0.01742309331893921
1459,2,1,0.2694951295852661
1460,5,1,0.3835383653640747
1461,4,1,0.22448456287384033
1462,2,1,0.7196600437164307
1463,3,1,0.6463065147399902
1464,8,1,0.5272433757781982
1465,4,1,0.0444340705871582
1466,5,1,0.626811146736145
1467,5,1,0.14898276329040527
1468,0,1,0.004146933555603027
1469,3,1,0.7664005756378174
1470,8,1,0.41286665201187134
1471,5,1,0.35199785232543945
1472,3,1,0.4399834871292114
1473,5,1,0.9950065612792969
1474,8,1,0.6589666604995728
1475,6,0,-0.1263027787208557
1476,5,1,0.05725860595703125
1477,7,1,0.47546517848968506
1478,6,0,-0.18029266595840454
1479,3,1,0.35308992862701416
1480,3,1,0.03641539812088013
1481,9,1,0.5124685168266296
1482,6,0,-0.1653645634651184
1483,1,1,0.700857400894165
1484,1,1,0.07260352373123169
1485,2,1,0.5095723271369934
1486,9,1,0.3507874011993408
1487,0,1,0.6943809986114502
1488,4,1,0.27788662910461426
1489,3,1,0.24590277671813965
1490,3,1,0.2956603765487671
1491,6,0,-0.18478184938430786
1492,9,1,0.44998079538345337
1493,5,1,0.4588692784309387
1494,7,1,1.1255053281784058
1495,3,1,0.7423801422119141
1496,7,1,0.5443891882896423
1497,7,1,0.24879008531570435
1498,7,1,0.3850451707839966
1499,8,1,0.15342187881469727
1500,7,1,0.6886304616928101
1501,9,1,0.22484850883483887
1502,8,1,-0.006646931171417236
1503,3,1,0.5967972278594971
1504,0,1,0.6164984703063965
1505,7,1,1.6520161628723145
1506,2,1,0.18258029222488403
1507,7,1,1.9557888507843018
1508,9,1,0.0731438398361206
1509,4,1,0.38536155223846436
1510,5,1,0.12061011791229248
1511,4,1,0.635032057762146
1512,9,1,-0.09536054730415344
1513,3,1,0.3337501883506775
1514,2,1,0.5061707496643066
1515,1,1,0.30962055921554565
1516,4,1,0.4264657497406006
1517,0,1,0.5020711421966553
1518,2,1,0.5238797664642334
1519,3,1,0.6910125017166138
1520,7,1,0.3792600631713867
1521,5,1,0.40419089794158936
1522,7,1,0.9401861429214478
1523,8,1,0.024708986282348633
1524,8,1,0.26239657402038574
1525,5,1,0.7363629341125488
1526,0,1,1.4820210933685303
1527,1,1,-0.005767256021499634
1528,1,1,0.05511915683746338
1529,4,1,0.36219555139541626
1530,8,1,0.23382568359375
1531,3,1,0.35157883167266846
1532,9,1,0.6419570446014404
1533,0,1,0.04397076368331909
1534,0,1,-0.10045915842056274
1535,0,1,0.21293318271636963
1536,6,0,-0.19300659000873566
1537,6,0,-0.19226054847240448
1538,2,1,0.22370409965515137
1539,3,1,0.24103862047195435
1540,7,1,1.3466130495071411
1541,8,1,0.07483389973640442
1542,4,1,0.3904165029525757
1543,7,1,0.31779247522354126
1544,7,1,1.1537797451019287
1545,9,1,0.5655098557472229
1546,2,1,-0.02790975570678711
1547,4,1,0.13509535789489746
1548,1,1,0.33424997329711914
1549,4,1,-0.06963187456130981
1550,5,1,0.4893345832824707
1551,2,1,0.23386240005493164
1552,4,1,0.27741867303848267
1553,9,1,0.11049056053161621
1554,9,1,0.4236714839935303
1555,1,1,0.20774412155151367
1556,8,1,0.33287084102630615
1557,4,1,-0.009741455316543579
1558,0,1,-0.00219571590423584
1559,9,1,0.8345146179199219
1560,8,1,0.1175311803817749
1561,4,1,0.19630008935928345
1562,8,1,0.2880327105522156
1563,7,1,1.0806870460510254
1564,7,1,1.7356719970703125
1565,0,1,0.05923330783843994
1566,7,1,0.4958563446998596
1567,8,1,0.27476710081100464
1568,8,1,0.1549767255783081
1569,6,0,0.3271292448043823
1570,0,1,0.5359901189804077
1571,4,1,-0.03391915559768677
1572,8,1,0.28201401233673096
1573,8,1,0.0013363957405090332
1574,2,1,0.18833088874816895
1575,4,1,0.01611080765724182
1576,7,1,1.6071934700012207
1577,6,0,-0.2128942757844925
1578,6,0,0.022908926010131836
1579,6,0,-0.19810722768306732
1580,4,1,1.0631027221679688
1581,7,1,0.4667864441871643
1582,1,1,0.1676192283630371
1583,8,1,0.4878367781639099
1584,8,1,0.5143817663192749
1585,2,1,0.3564145565032959
1586,3,1,0.5588651299476624
1587,6,0,-0.24855661392211914
1588,3,1,0.4952399730682373
1589,0,1,0.0734468400478363
1590,0,1,0.0986940860748291
1591,3,1,0.4746214747428894
1592,7,1,0.8075459003448486
1593,6,0,0.009481161832809448
1594,9,1,-0.05104494094848633
1595,7,1,1.0061910152435303
1596,9,1,0.07049316167831421
1597,9,1,1.2534390687942505
1598,5,1,0.5119284391403198
1599,4,1,0.42291903495788574
1600,3,1,0.8133091926574707
1601,3,1,0.1691187620162964
1602,6,0,-0.31607893109321594
1603,1,1,0.5026975274085999
1604,2,1,0.2205260992050171
1605,3,1,0.6932187080383301
1606,7,1,0.781904935836792
1607,3,1,0.8271057605743408
1608,3,1,0.4806402921676636
1609,2,1,0.09047895669937134
1610,0,1,0.7141246795654297
1611,3,1,0.8137784004211426
1612,3,1,0.9258806705474854
1613,8,1,0.16296672821044922
1614,4,1,0.19957762956619263
1615,3,1,0.595088005065918
1616,6,0,0.11754250526428223
1617,3,1,0.8513299226760864
1618,5,1,0.19434547424316406
1619,0,1,0.7235879898071289
1620,2,1,0.041891515254974365
1621,0,1,0.0062309205532073975
1622,9,1,0.2668801546096802
1623,0,1,1.024573564529419
1624,7,1,0.8743822574615479
1625,4,1,0.42108476161956787
1626,6,0,-0.2600063681602478
1627,9,1,0.15387475490570068
1628,3,1,0.3961334228515625
1629,5,1,0.730999231338501
1630,1,1,0.16268610954284668
1631,9,1,0.39108431339263916
1632,6,0,-0.2812522351741791
1633,1,1,0.35724443197250366
1634,4,1,0.4734668731689453
1635,5,1,0.2591191530227661
1636,4,1,0.8585951328277588
1637,5,1,-0.22038227319717407
1638,0,1,0.33881044387817383
1639,5,1,0.38710975646972656
1640,9,1,0.48506706953048706
1641,5,1,0.13749969005584717
1642,2,1,0.13520073890686035
1643,1,1,0.22225266695022583
1644,2,1,0.39940106868743896
1645,9,1,0.5712860822677612
1646,1,1,0.06237369775772095
1647,9,1,0.4863704442977905
1648,9,1,0.5842064619064331
1649,4,1,0.2709404230117798
1650,0,1,0.34190893173217773
1651,8,1,0.30399417877197266
1652,4,1,0.8315792083740234
1653,5,1,0.5674434900283813
1654,2,1,0.2840343713760376
1655,9,1,0.3880404829978943
1656,2,1,1.0655940771102905
1657,1,1,0.14166176319122314
1658,2,1,1.2405065298080444
1659,1,1,0.18480300903320312
1660,7,1,0.989226222038269
1661,3,1,0.17824304103851318
1662,6,0,-0.2779099941253662
1663,8,1,0.654963493347168
1664,8,1,-0.006677150726318359
1665,4,1,0.18127191066741943
1666,9,1,0.06829315423965454
1667,1,1,0.10363268852233887
1668,9,1,0.26931625604629517
1669,8,1,0.5525761246681213
1670,5,1,0.9171199798583984
1671,7,1,0.5162197947502136
1672,5,1,0.6873650550842285
1673,1,1,0.45388245582580566
1674,1,1,0.21485352516174316
1675,8,1,0.10666519403457642
1676,6,0,0.2726898193359375
1677,5,1,0.4106189012527466
1678,2,1,0.8407459259033203
1679,4,1,0.31067925691604614
1680,4,1,1.4375733137130737
1681,3,1,1.1665284633636475
1682,2,1,0.38267600536346436
1683,3,1,0.9384689331054688
1684,5,1,0.6738351583480835
1685,6,0,-0.26307544112205505
1686,8,1,-0.021572530269622803
1687,8,1,0.07140198349952698
1688,6,0,-0.15705573558807373
1689,2,1,0.08980715274810791
1690,3,1,1.3561875820159912
1691,1,1,0.2915520668029785
1692,0,1,0.5758807063102722
1693,5,1,0.5940084457397461
1694,8,1,0.16411828994750977
1695,9,1,0.8706475496292114
1696,2,1,0.8114861249923706
1697,9,1,0.14359283447265625
1698,6,0,0.08524584770202637
1699,7,1,1.2174205780029297
1700,0,1,0.8944134712219238
1701,4,1,0.3602250814437866
1702,8,1,0.14671075344085693
1703,7,1,3.6639418601989746
1704,1,1,0.44640588760375977
1705,7,1,1.4543918371200562
1706,4,1,0.41947996616363525
1707,1,1,0.447007417678833
1708,0,1,0.21185994148254395
1709,9,1,0.5505690574645996
1710,7,1,0.837031364440918
1711,2,1,0.38529765605926514
1712,0,1,0.9388902187347412
1713,0,1,1.0398739576339722
1714,9,1,0.1278630495071411
1715,1,1,0.46477562189102173
1716,7,1,2.208292007446289
1717,8,1,0.5806479454040527
1718,7,1,0.48535317182540894
1719,8,1,0.4186084270477295
1720,4,1,0.4051809310913086
1721,7,1,0.6362044811248779
1722,2,1,1.4925339221954346
1723,0,1,0.16073745489120483
1724,4,1,0.19401520490646362
1725,6,0,-0.031145960092544556
1726,0,1,0.43132197856903076
1727,3,1,0.7092275619506836
1728,1,1,0.48362404108047485
1729,1,1,0.20831239223480225
1730,3,1,0.5064545273780823
1731,3,1,0.5622299909591675
1732,9,1,0.533464789390564
1733,6,0,-0.16856960952281952
1734,7,1,0.9389617443084717
1735,4,1,0.26303577423095703
1736,1,1,0.21156084537506104
1737,5,1,1.0062451362609863
1738,3,1,0.5421878099441528
1739,0,1,-0.01013520359992981
1740,8,1,0.057483971118927
1741,7,1,1.2920738458633423
1742,3,1,0.5850017070770264
1743,9,1,0.2598978281021118
1744,6,0,-0.1370372772216797
1745,9,1,0.11080414056777954
1746,3,1,0.08954352140426636
1747,5,1,0.8835567235946655
1748,0,1,0.1157832145690918
1749,2,1,0.6664671897888184
1750,7,1,1.8966865539550781
1751,4,1,0.2501720190048218
1752,5,1,0.41046226024627686
1753,1,1,-0.004289090633392334
1754,7,1,0.26193833351135254
1755,5,1,0.560019850730896
1756,8,1,0.11642128229141235
1757,0,1,0.43666696548461914
1758,8,1,0.4260881543159485
1759,8,1,0.27180904150009155
1760,1,1,0.285036563873291
1761,5,1,0.43048542737960815
1762,0,1,0.35876965522766113
1763,3,1,0.467928409576416
1764,0,1,0.02250811457633972
1765,3,1,1.3371310234069824
1766,1,1,0.053187549114227295
1767,4,1,0.15033268928527832
1768,0,1,0.9970345497131348
1769,3,1,0.02993077039718628
1770,7,1,1.4013851881027222
1771,2,1,0.4622623920440674
1772,7,1,1.4344871044158936
1773,1,1,0.19418323040008545
1774,8,1,0.010267019271850586
1775,0,1,0.7228531837463379
1776,7,1,1.2677160501480103
1777,0,1,1.1608552932739258
1778,4,1,0.12563729286193848
1779,3,1,0.07029026746749878
1780,1,1,0.24747347831726074
1781,9,1,0.22351133823394775
1782,8,1,0.5690047740936279
1783,7,1,0.5761398077011108
1784,7,1,1.7590274810791016
1785,1,1,0.5868926048278809
1786,4,1,0.17576348781585693
1787,9,1,0.05964404344558716
1788,9,1,0.07038086652755737
1789,3,1,0.6437066793441772
1790,2,1,0.31621670722961426
1791,1,1,0.2452816367149353
1792,7,1,0.18376541137695312
1793,9,1,0.9035125970840454
1794,0,1,0.7711848020553589
1795,2,1,0.5548135042190552
1796,0,1,0.4607165455818176
1797,3,1,0.5524866580963135
1798,3,1,0.21436887979507446
1799,7,1,1.1737648248672485
1800,6,0,-0.040141522884368896
1801,9,1,1.0497609376907349
1802,2,1,0.2911491394042969
1803,3,1,0.17128407955169678
1804,3,1,0.7827857732772827
1805,7,1,1.419891119003296
1806,7,1,0.8575036525726318
1807,0,1,0.571148157119751
1808,0,1,-0.1237989068031311
1809,7,1,0.9731030464172363
1810,5,1,0.758493185043335
1811,2,1,0.18165427446365356
1812,9,1,0.020729780197143555
1813,8,1,0.8312573432922363
1814,7,1,0.5388069152832031
1815,4,1,0.3933391571044922
1816,4,1,0.24302423000335693
1817,2,1,0.6250948905944824
1818,6,0,-0.26005107164382935
1819,6,0,-0.09512197971343994
1820,1,1,-0.0042691826820373535
1821,9,1,0.5835774540901184
1822,6,0,0.19849789142608643
1823,8,1,0.3354097604751587
1824,2,1,0.5950690507888794
1825,9,1,0.01142469048500061
1826,0,1,0.44381099939346313
1827,8,1,0.009411066770553589
1828,3,1,0.2877817153930664
1829,1,1,0.4397704601287842
1830,1,1,0.08222943544387817
1831,6,0,-0.2597866654396057
1832,3,1,0.11232900619506836
1833,5,1,0.5257213711738586
1834,1,1,0.09535163640975952
1835,1,1,0.27710020542144775
1836,1,1,0.32381826639175415
1837,3,1,0.25657588243484497
1838,1,1,0.09287834167480469
1839,2,1,0.7246490716934204
1840,3,1,0.7999613285064697
1841,0,1,0.13220679759979248
1842,2,1,0.23987293243408203
1843,0,1,0.14770746231079102
1844,1,1,0.2468332052230835
1845,3,1,1.0150415897369385
1846,5,1,1.1106586456298828
1847,5,1,0.20595359802246094
1848,7,1,1.2329784631729126
1849,4,1,1.2464749813079834
1850,8,1,0.9004677534103394
1851,9,1,0.4477633237838745
1852,6,0,-0.2387155443429947
1853,9,1,0.061742305755615234
1854,6,0,-0.07097870111465454
1855,8,1,0.598574161529541
1856,3,1,1.1797504425048828
1857,6,0,-0.1704048216342926
1858,6,0,-0.2963053584098816
1859,8,1,0.5058625936508179
1860,5,1,0.3587770462036133
1861,1,1,0.308912456035614
1862,4,1,0.5919544696807861
1863,2,1,0.46416956186294556
1864,4,1,0.3006647825241089
1865,4,1,-0.13740509748458862
1866,5,1,0.3745678663253784
1867,1,1,0.36937856674194336
1868,1,1,0.6903113126754761
1869,9,1,0.17418551445007324
1870,0,1,0.3395628333091736
1871,2,1,0.2354952096939087
1872,4,1,0.3905441164970398
1873,9,1,0.013673961162567139
1874,5,1,0.8100799322128296
1875,7,1,1.0454765558242798
1876,1,1,-0.018681764602661133
1877,8,1,0.2575467824935913
1878,8,1,-0.06777894496917725
1879,5,1,0.08794260025024414
1880,6,0,-0.1982097327709198
1881,9,1,0.3691728711128235
1882,8,1,0.7166049480438232
1883,7,1,0.6233747005462646
1884,1,1,0.13322335481643677
1885,1,1,0.09403085708618164
1886,6,0,-0.15529492497444153
1887,7,1,0.3996368646621704
1888,6,0,-0.0723421573638916
1889,3,1,0.3716046214103699
1890,2,1,0.2778727412223816
1891,2,1,0.6184744834899902
1892,0,1,1.0151890516281128
1893,8,1,0.20270085334777832
1894,9,1,0.5827453136444092
1895,2,1,0.13336193561553955
1896,5,1,0.9280571937561035
1897,1,1,0.023546814918518066
1898,0,1,0.9862806797027588
1899,8,1,0.13299810886383057
1900,1,1,0.13437926769256592
1901,9,1,0.4367825984954834
1902,5,1,0.7293241024017334
1903,7,1,0.6322586536407471
1904,9,1,0.5317103862762451
1905,6,0,-0.2771259844303131
1906,9,1,0.053976625204086304
1907,0,1,0.45963388681411743
1908,6,0,-0.21349146962165833
1909,1,1,0.3815654516220093
1910,5,1,0.4736521244049072
1911,5,1,0.37063175439834595
1912,8,1,0.4839308261871338
1913,3,1,0.9583573341369629
1914,8,1,-0.059126198291778564
1915,2,1,0.4626781940460205
1916,6,0,-0.10071718692779541
1917,5,1,0.2640172243118286
1918,0,1,0.18967902660369873
1919,7,1,1.3527190685272217
1920,4,1,0.44680750370025635
1921,6,0,-0.1653752326965332
1922,1,1,0.1122274398803711
1923,3,1,0.9505417346954346
1924,4,1,0.427916944026947
1925,7,1,0.8027091026306152
1926,3,1,0.24983656406402588
1927,2,1,0.5963890552520752
1928,3,1,0.8042638301849365
1929,4,1,0.20217418670654297
1930,2,1,0.1708310842514038
1931,5,1,0.08200657367706299
1932,2,1,0.5036188364028931
1933,7,1,0.7353148460388184
1934,1,1,0.7817840576171875
1935,7,1,1.322486162185669
1936,2,1,0.10493320226669312
1937,6,0,-0.12664300203323364
1938,4,1,-0.06258481740951538
1939,1,1,0.12321579456329346
1940,5,1,1.596780776977539
1941,7,1,0.6098065376281738
1942,8,1,0.2711968421936035
1943,6,0,-0.0940905213356018
1944,0,1,0.023120015859603882
1945,1,1,0.06920367479324341
1946,8,1,1.0790852308273315
1947,2,1,0.14305269718170166
1948,5,1,1.8876557350158691
1949,7,1,0.46715545654296875
1950,7,1,0.4673631191253662
1951,6,0,-0.24310025572776794
1952,9,1,0.7972673177719116
1953,3,1,0.26557278633117676
1954,5,1,1.3115967512130737
1955,8,1,0.033092200756073
1956,4,1,0.0922059416770935
1957,2,1,0.11047738790512085
1958,4,1,0.1373266577720642
1959,0,1,0.20957326889038086
1960,8,1,0.1847023367881775
1961,8,1,0.2857334017753601
1962,3,1,0.5990265607833862
1963,4,1,0.44184744358062744
1964,9,1,0.1597757339477539
1965,2,1,1.7497215270996094
1966,7,1,0.7134432792663574
1967,5,1,0.3158230781555176
1968,8,1,0.08447018265724182
1969,6,0,0.4968172311782837
1970,5,1,1.2312816381454468
1971,6,0,-0.23849332332611084
1972,0,1,0.40140247344970703
1973,8,1,0.08788788318634033
1974,6,0,-0.3404538631439209
1975,7,1,1.0170401334762573
1976,3,1,0.5080446600914001
1977,6,0,-0.1275193691253662
1978,4,1,0.39334195852279663
1979,9,1,0.2089289426803589
1980,4,1,0.4746890664100647
1981,6,0,0.15378469228744507
1982,6,0,0.09843713045120239
1983,3,1,0.41887038946151733
1984,2,1,0.23963278532028198
1985,4,1,0.26501959562301636
1986,1,1,0.4650728702545166
1987,0,1,-0.023995280265808105
1988,1,1,0.05322924256324768
1989,4,1,-0.15603256225585938
1990,6,0,-0.13662642240524292
1991,2,1,0.5175544023513794
1992,9,1,0.4916752576828003
1993,1,1,0.30217254161834717
1994,1,1,0.05685994029045105
1995,0,1,0.7282624244689941
1996,6,0,-0.2134598344564438
1997,3,1,0.8516055345535278
1998,9,1,0.049030840396881104
1999,5,1,0.4476536512374878
2000,6,0,-0.02146807312965393
2001,5,1,0.981673002243042
2002,6,0,-0.19366952776908875
2003,5,1,0.1860066056251526
2004,8,1,1.1408952474594116
2005,4,1,-0.0019691288471221924
2006,6,0,-0.2896847128868103
2007,4,1,0.25413376092910767
2008,3,1,0.17035609483718872
2009,9,1,0.17939376831054688
2010,1,1,0.647423505783081
2011,3,1,0.7094433307647705
2012,4,1,0.2819861173629761
2013,1,1,0.543013870716095
2014,9,1,0.1046454906463623
2015,1,1,0.45507389307022095
2016,7,1,0.5806503891944885
2017,1,1,0.2597995400428772
2018,1,1,0.24405503273010254
2019,9,1,0.15535348653793335
2020,3,1,0.6857844591140747
2021,5,1,0.6921478509902954
2022,4,1,0.7472313642501831
2023,0,1,0.9858479499816895
2024,7,1,1.5478730201721191
2025,3,1,-0.09705978631973267
2026,6,0,-0.21300506591796875
2027,1,1,0.013883590698242188
2028,7,1,0.985180139541626
2029,5,1,0.2712446451187134
2030,5,1,-0.047569870948791504
2031,3,1,0.34288620948791504
2032,3,1,0.6658265590667725
2033,0,1,0.42667680978775024
2034,1,1,0.5652205348014832
2035,5,1,0.2007160186767578
2036,7,1,0.3383503556251526
2037,5,1,0.2835133671760559
2038,8,1,0.7009909152984619
2039,6,0,-0.09372425079345703
2040,5,1,0.018729358911514282
2041,1,1,0.26976633071899414
2042,0,1,0.2900756597518921
2043,4,1,0.28958696126937866
2044,2,1,0.9750485420227051
2045,3,1,0.7448630332946777
2046,4,1,1.0266296863555908
2047,6,0,-0.1126149594783783
2048,7,1,0.5604112148284912
2049,9,1,0.3079463243484497
2050,8,1,-0.008811265230178833
2051,1,1,0.07651254534721375
2052,8,1,0.2638237476348877
2053,4,1,0.16725504398345947
2054,9,1,0.21533286571502686
2055,2,1,0.6060495376586914
2056,8,1,0.1638939380645752
2057,6,0,0.1765683889389038
2058,2,1,0.46152937412261963
2059,7,1,1.0771336555480957
2060,0,1,0.277366578578949
2061,0,1,0.24242675304412842
2062,6,0,-0.23395413160324097
2063,7,1,1.762232780456543
2064,5,1,0.33194154500961304
2065,8,1,-0.1147763729095459
2066,6,0,-0.03253999352455139
2067,0,1,0.11761891841888428
2068,9,1,0.38957810401916504
2069,3,1,0.6664440631866455
2070,7,1,0.3027064800262451
2071,1,1,0.6710599660873413
2072,3,1,1.1689329147338867
2073,5,1,0.051953643560409546
2074,4,1,0.6015381813049316
2075,3,1,0.0251312255859375
2076,3,1,0.33427244424819946
2077,5,1,0.5607055425643921
2078,5,1,0.24114900827407837
2079,6,0,0.04054403305053711
2080,3,1,0.6220359802246094
2081,0,1,0.1728750467300415
2082,2,1,1.433527946472168
2083,3,1,0.2140127420425415
2084,4,1,0.7501232624053955
2085,2,1,0.6297099590301514
2086,3,1,0.6885099411010742
2087,0,1,-0.013512372970581055
2088,9,1,0.07240664958953857
2089,9,1,0.28129178285598755
2090,4,1,0.060873448848724365
2091,7,1,0.6568613052368164
2092,2,1,0.24274706840515137
2093,8,1,0.14754444360733032
2094,4,1,0.2159140706062317
2095,7,1,0.9390326738357544
2096,0,1,0.3122106194496155
2097,6,0,-0.029177457094192505
2098,2,1,0.6497552394866943
2099,8,1,0.5822254419326782
2100,5,1,0.33881932497024536
2101,2,1,0.3144618272781372
2102,8,1,0.7126398086547852
2103,5,1,0.09374809265136719
2104,7,1,1.4108201265335083
2105,3,1,0.42991578578948975
2106,0,1,0.47953933477401733
2107,8,1,0.24551725387573242
2108,2,1,0.5109993815422058
2109,3,1,0.7719894647598267
2110,2,1,0.41317737102508545
2111,8,1,0.01598978042602539
2112,2,1,0.19945859909057617
2113,5,1,0.21088075637817383
2114,5,1,0.6370232105255127
2115,7,1,0.13974428176879883
2116,6,0,-0.17672954499721527
2117,4,1,0.42733073234558105
2118,6,0,1.7237935066223145
2119,8,1,0.2856264114379883
2120,4,1,0.1669011116027832
2121,8,1,-0.07369080185890198
2122,2,1,0.5826061964035034
2123,7,1,1.0624569654464722
2124,4,1,0.35941827297210693
2125,5,1,0.3612760901451111
2126,2,1,0.7435910701751709
2127,0,1,0.39809805154800415
2128,3,1,0.584951639175415
2129,9,1,0.6897425651550293
2130,4,1,-0.01637500524520874
2131,6,0,0.00426095724105835
2132,7,1,1.1632064580917358
2133,2,1,0.3009946346282959
2134,5,1,1.8296549320220947
2135,6,0,0.9723523855209351
2136,1,1,0.5912805795669556
2137,1,1,0.10730797052383423
2138,2,1,0.7783490419387817
2139,3,1,0.5441372394561768
2140,6,0,-0.15792995691299438
2141,7,1,1.137770652770996
2142,8,1,-0.022008508443832397
2143,7,1,0.8716111183166504
2144,6,0,-0.03339862823486328
2145,4,1,0.2534753680229187
2146,8,1,0.2241470217704773
2147,9,1,0.0037901103496551514
2148,4,1,0.08168601989746094
2149,8,1,0.12398594617843628
2150,6,0,-0.24961645901203156
2151,3,1,0.4018305540084839
2152,8,1,0.4704233407974243
2153,3,1,0.3219227194786072
2154,1,1,0.10842031240463257
2155,0,1,0.2924407720565796
2156,6,0,-0.2290889322757721
2157,2,1,0.17108434438705444
2158,2,1,0.48607945442199707
2159,5,1,-0.0063984692096710205
2160,6,0,0.017101287841796875
2161,9,1,-0.037193357944488525
2162,5,1,0.07469478249549866
2163,8,1,0.18576687574386597
2164,1,1,0.12809377908706665
2165,4,1,0.5298252701759338
2166,1,1,0.32183146476745605
2167,7,1,0.675336480140686
2168,8,1,0.31978487968444824
2169,4,1,0.48425596952438354
2170,6,0,-0.23210054636001587
2171,1,1,0.6586103439331055
2172,8,1,0.0028580427169799805
2173,4,1,0.262467622756958
2174,3,1,0.46248555183410645
2175,1,1,0.3888990879058838
2176,2,1,0.42347633838653564
2177,8,1,0.06133785843849182
2178,0,1,0.39550602436065674
2179,8,1,0.4961756467819214
2180,5,1,0.17048859596252441
2181,9,1,0.43849635124206543
2182,1,1,0.26301461458206177
2183,4,1,0.03758692741394043
2184,2,1,0.24696660041809082
2185,0,1,0.6938612461090088
2186,2,1,1.4073892831802368
2187,7,1,1.642876148223877
2188,0,1,0.05004227161407471
2189,9,1,0.4935579299926758
2190,0,1,0.09699797630310059
2191,2,1,0.5029942393302917
2192,5,1,0.48054009675979614
2193,7,1,0.655704140663147
2194,6,0,-0.08641475439071655
2195,7,1,0.2485349178314209
2196,9,1,0.14104580879211426
2197,4,1,0.1688624620437622
2198,2,1,0.7429366111755371
2199,6,0,-0.07495662569999695
2200,2,1,0.14698034524917603
2201,4,1,1.0554711818695068
2202,4,1,0.29145216941833496
2203,8,1,-0.0030689239501953125
2204,0,1,0.21105188131332397
2205,4,1,0.07867318391799927
2206,4,1,0.2757255434989929
2207,5,1,0.6034164428710938
2208,8,1,0.40297412872314453
2209,0,1,0.22258412837982178
2210,6,0,-0.13465586304664612
2211,8,1,0.07192659378051758
2212,9,1,0.23558127880096436
2213,8,1,0.33438652753829956
2214,5,1,0.2238147258758545
2215,6,0,0.2717304229736328
2216,9,1,-0.03971320390701294
2217,0,1,0.8383560180664062
2218,4,1,0.3338611125946045
2219,8,1,0.3222273588180542
2220,7,1,0.5810523629188538
2221,1,1,0.5409400463104248
2222,3,1,0.44901275634765625
2223,4,1,0.46260660886764526
2224,5,1,-0.07900819182395935
2225,8,1,0.4185149669647217
2226,0,1,0.09421408176422119
2227,9,1,0.36186861991882324
2228,1,1,0.27473050355911255
2229,3,1,0.6276599168777466
2230,3,1,0.7755376100540161
2231,6,0,-0.18615375459194183
2232,9,1,-0.03222173452377319
2233,8,1,0.17740553617477417
2234,7,1,1.2262141704559326
2235,1,1,0.7696013450622559
2236,0,1,1.3806233406066895
2237,5,1,-0.13191601634025574
2238,7,1,1.2474011182785034
2239,1,1,0.10347515344619751
2240,7,1,1.0992501974105835
2241,5,1,0.20364701747894287
2242,2,1,0.6963083744049072
2243,7,1,0.7798867225646973
2244,9,1,-0.005259037017822266
2245,1,1,1.029601812362671
2246,8,1,-0.17653614282608032
2247,5,1,0.20977360010147095
2248,2,1,0.4478127956390381
2249,4,1,0.17124485969543457
2250,9,1,0.5437620282173157
2251,4,1,0.24738645553588867
2252,7,1,1.6609787940979004
2253,2,1,0.4618184566497803
2254,2,1,0.2049022912979126
2255,3,1,0.5380717515945435
2256,4,1,0.503686785697937
2257,9,1,0.200830340385437
2258,1,1,0.2461467981338501
2259,9,1,0.7291033267974854
2260,2,1,0.9815666675567627
2261,1,1,0.03182131052017212
2262,7,1,2.5082848072052
2263,9,1,0.6372396945953369
2264,4,1,0.21998977661132812
2265,4,1,-0.009279310703277588
2266,1,1,0.008945286273956299
2267,6,0,-0.24642108380794525
2268,7,1,0.6812605857849121
2269,2,1,0.420462429523468
2270,7,1,1.4711891412734985
2271,8,1,0.3092394471168518
2272,8,1,0.35134708881378174
2273,1,1,0.8744643926620483
2274,9,1,0.20698845386505127
2275,7,1,1.2177517414093018
2276,1,1,-0.01805153489112854
2277,1,1,0.3837074041366577
2278,7,1,1.2901108264923096
2279,5,1,0.4008038640022278
2280,3,1,0.48863404989242554
2281,3,1,0.1306602954864502
2282,5,1,0.10309827327728271
2283,1,1,0.21164101362228394
2284,3,1,0.5536918640136719
2285,7,1,0.4060835838317871
2286,6,0,-0.12236654758453369
2287,1,1,0.09998154640197754
2288,3,1,1.094841718673706
2289,8,1,0.3871145248413086
2290,7,1,1.928215503692627
2291,5,1,0.7329776287078857
2292,9,1,0.279899001121521
2293,9,1,-0.019685864448547363
2294,0,1,1.0795087814331055
2295,0,1,0.7527011632919312
2296,2,1,0.2934180498123169
2297,8,1,0.2817581295967102
2298,8,1,-0.004925549030303955
2299,2,1,0.5381620526313782
2300,3,1,0.019347965717315674
2301,7,1,1.8646941184997559
2302,1,1,0.48816144466400146
2303,3,1,0.40117502212524414
2304,0,1,0.20936548709869385
2305,3,1,0.33197879791259766
2306,4,1,0.7675749063491821
2307,4,1,0.552095353603363
2308,3,1,0.782950758934021
2309,8,1,0.1549205183982849
2310,9,1,-0.1147356629371643
2311,2,1,0.19625455141067505
2312,3,1,0.917062520980835
2313,9,1,0.4800117015838623
2314,7,1,0.895620584487915
2315,1,1,0.3782344460487366
2316,1,1,0.3355141282081604
2317,7,1,0.7261917591094971
2318,0,1,0.29941582679748535
2319,4,1,-0.07956337928771973
2320,9,1,0.12663626670837402
2321,6,0,-0.09284955263137817
2322,5,1,0.43074196577072144
2323,9,1,0.0029431581497192383
2324,1,1,0.39004766941070557
2325,7,1,1.1349143981933594
2326,0,1,0.39721471071243286
2327,2,1,0.6649494171142578
2328,0,1,1.2503293752670288
2329,0,1,0.9342106580734253
2330,4,1,0.43863821029663086
2331,6,0,-0.18787190318107605
2332,7,1,1.0092599391937256
2333,0,1,1.0176950693130493
2334,7,1,0.35552263259887695
2335,1,1,0.4836081266403198
2336,4,1,0.6598837375640869
2337,6,0,-0.21025851368904114
2338,4,1,1.0162160396575928
2339,5,1,0.5855885744094849
2340,4,1,0.3380047082901001
2341,9,1,0.30141645669937134
2342,9,1,0.6482269763946533
2343,1,1,0.30682551860809326
2344,7,1,0.388314425945282
2345,9,1,0.5196055173873901
2346,5,1,0.3949463367462158
2347,3,1,0.8970150947570801
2348,3,1,0.054855406284332275
2349,8,1,0.30113327503204346
2350,2,1,0.22214454412460327
2351,3,1,0.16569948196411133
2352,6,0,-0.04054030776023865
2353,2,1,0.40164363384246826
2354,2,1,0.5199980735778809
2355,1,1,-0.05774560570716858
2356,1,1,0.3991812467575073
2357,1,1,0.18540191650390625
2358,1,1,-0.028498411178588867
2359,1,1,0.16855603456497192
2360,6,0,-0.21785789728164673
2361,9,1,0.3400074243545532
2362,8,1,0.10535979270935059
2363,4,1,0.26826775074005127
2364,3,1,0.5997259616851807
2365,7,1,0.04035210609436035
2366,1,1,0.5786059498786926
2367,6,0,-0.10311424732208252
2368,4,1,0.7409982681274414
2369,5,1,0.1351323127746582
2370,0,1,0.07059600949287415
2371,4,1,0.2453160285949707
2372,7,1,1.2057101726531982
2373,4,1,0.7935299873352051
2374,2,1,1.2494783401489258
2375,4,1,0.34133636951446533
2376,0,1,0.09269201755523682
2377,7,1,0.6861560344696045
2378,0,1,0.7591168880462646
2379,1,1,0.18614256381988525
2380,9,1,0.15825682878494263
2381,8,1,0.4472452402114868
2382,8,1,0.2875295877456665
2383,6,0,-0.10860973596572876
2384,0,1,0.2119140625
2385,0,1,0.15466582775115967
2386,4,1,0.17329740524291992
2387,9,1,0.3888013958930969
2388,6,0,-0.18136698007583618
2389,8,1,0.30743086338043213
2390,2,1,0.39326727390289307
2391,2,1,-0.0006336867809295654
2392,3,1,0.4345847964286804
2393,8,1,0.24349761009216309
2394,4,1,0.39204519987106323
2395,8,1,0.019938796758651733
2396,2,1,-0.07211470603942871
2397,2,1,1.2737396955490112
2398,1,1,0.08300232887268066
2399,7,1,1.4215631484985352
2400,5,1,1.299080491065979
2401,4,1,0.5238189697265625
2402,4,1,0.5187442302703857
2403,0,1,0.25547415018081665
2404,4,1,0.09003794193267822
2405,3,1,1.0279886722564697
2406,9,1,0.5653611421585083
2407,7,1,0.4576854705810547
2408,3,1,0.26352035999298096
2409,1,1,0.44891583919525146
2410,0,1,0.41119372844696045
2411,1,1,0.001133739948272705
2412,2,1,0.9468944072723389
2413,5,1,1.086618423461914
2414,9,1,0.07747143507003784
2415,2,1,0.043292880058288574
2416,1,1,-0.21242228150367737
2417,0,1,0.7477320432662964
2418,1,1,0.12045073509216309
2419,8,1,0.12856286764144897
2420,9,1,0.24331027269363403
2421,1,1,0.6210857629776001
2422,6,0,0.1728876829147339
2423,8,1,0.6031913757324219
2424,3,1,0.7096767425537109
2425,8,1,0.44206178188323975
2426,9,1,0.4247205853462219
2427,3,1,0.5889867544174194
2428,6,0,-0.2732449471950531
2429,2,1,0.45177996158599854
2430,8,1,0.482819139957428
2431,3,1,0.15477478504180908
2432,2,1,0.5654675960540771
2433,2,1,0.32409459352493286
2434,1,1,0.6749304533004761
2435,0,1,0.7939879894256592
2436,4,1,0.47960126399993896
2437,2,1,0.87428879737854
2438,9,1,0.31022536754608154
2439,2,1,0.559399425983429
2440,4,1,0.6007343530654907
2441,3,1,0.6440550088882446
2442,7,1,0.715652585029602
2443,9,1,0.13403451442718506
2444,1,1,0.4082178473472595
2445,5,1,0.5733563899993896
2446,2,1,0.35999739170074463
2447,4,1,0.04546806216239929
2448,9,1,0.4968641996383667
2449,0,1,0.48703789710998535
2450,3,1,0.0977015495300293
2451,8,1,0.2773730754852295
2452,5,1,0.7608377933502197
2453,3,1,0.20866894721984863
2454,6,0,-0.017976969480514526
2455,0,1,0.2489820122718811
2456,9,1,0.5051114559173584
2457,4,1,0.4425586462020874
2458,6,0,-0.25320446491241455
2459,2,1,0.43519163131713867
2460,5,1,0.3410140872001648
2461,0,1,0.4089254140853882
2462,2,1,-0.008794605731964111
2463,7,1,1.3843309879302979
2464,4,1,0.5371379256248474
2465,6,0,-0.24492162466049194
2466,6,0,0.20838671922683716
2467,8,1,0.5435000658035278
2468,6,0,-0.1742972582578659
2469,6,0,-0.1814596951007843
2470,8,1,0.3380354642868042
2471,6,0,-0.11121141910552979
2472,9,1,0.5269961357116699
2473,1,1,0.4761892557144165
2474,7,1,1.052017331123352
2475,2,1,0.513931155204773
2476,5,1,0.37443310022354126
2477,9,1,0.13447076082229614
2478,9,1,0.08910900354385376
2479,0,1,1.9022607803344727
2480,7,1,1.1737825870513916
2481,2,1,0.0872870683670044
2482,7,1,0.8218666315078735
2483,6,0,-0.11990046501159668
2484,7,1,0.8007667064666748
2485,0,1,1.2436474561691284
2486,6,0,-0.23660050332546234
2487,5,1,0.2593194842338562
2488,2,1,0.4450514316558838
2489,4,1,0.45796406269073486
2490,7,1,0.8171619176864624
2491,2,1,0.5559493899345398
2492,0,1,0.3894481658935547
2493,9,1,-0.005823612213134766
2494,9,1,0.29027247428894043
2495,2,1,0.02226775884628296
2496,2,1,1.0070366859436035
2497,9,1,0.007558941841125488
2498,4,1,0.5964386463165283
2499,4,1,0.7636955976486206
2500,2,1,0.8828111886978149
2501,3,1,0.5424255728721619
2502,3,1,0.632103443145752
2503,2,1,0.12962639331817627
2504,1,1,1.2592339515686035
2505,7,1,0.4798147678375244
2506,0,1,0.024964332580566406
2507,7,1,1.3575443029403687
2508,6,0,0.156924307346344
2509,4,1,0.7192866802215576
2510,1,1,0.2955663204193115
2511,3,1,0.20786744356155396
2512,8,1,0.27310705184936523
2513,7,1,0.4819522500038147
2514,4,1,-0.03507620096206665
2515,5,1,0.02543240785598755
2516,9,1,0.017029941082000732
2517,2,1,-0.019538700580596924
2518,5,1,0.5255535840988159
2519,1,1,0.20842325687408447
2520,8,1,-0.07320195436477661
2521,7,1,0.49769341945648193
2522,3,1,0.23747014999389648
2523,7,1,0.6963152885437012
2524,1,1,0.43318140506744385
2525,5,1,0.29181718826293945
2526,5,1,0.4213349223136902
2527,0,1,-0.0965380072593689
2528,9,1,-0.05367487668991089
2529,1,1,0.06952542066574097
2530,4,1,0.047502875328063965
2531,0,1,0.7386618852615356
2532,6,0,0.8541101217269897
2533,3,1,0.7036771774291992
2534,3,1,0.29207074642181396
2535,6,0,-0.13436880707740784
2536,0,1,0.10998034477233887
2537,4,1,0.4650755524635315
2538,9,1,0.13876360654830933
2539,7,1,0.7908594608306885
2540,5,1,0.4565446376800537
2541,1,1,0.3176811933517456
2542,6,0,0.12069278955459595
2543,8,1,0.5434967279434204
2544,9,1,0.23458337783813477
2545,5,1,1.0004671812057495
2546,5,1,0.4461071491241455
2547,7,1,0.534224808216095
2548,9,1,0.22238284349441528
2549,3,1,0.7557128667831421
2550,8,1,0.2397366762161255
2551,3,1,0.6585596799850464
2552,8,1,0.34700095653533936
2553,1,1,0.09987366199493408
2554,5,1,0.3258330821990967
2555,3,1,0.3891662359237671
2556,5,1,-0.0031031370162963867
2557,0,1,0.38164222240448
2558,5,1,0.23382353782653809
2559,5,1,0.22611117362976074
2560,3,1,0.9415925741195679
2561,8,1,0.577885627746582
2562,6,0,-0.27584388852119446
2563,7,1,1.5495514869689941
2564,7,1,1.165009617805481
2565,7,1,0.8844790458679199
2566,3,1,0.4220021963119507
2567,7,1,1.110217571258545
2568,0,1,0.9468934535980225
2569,5,1,0.545608401298523
2570,9,1,-0.00854790210723877
2571,0,1,1.4556981325149536
2572,2,1,0.2549988031387329
2573,5,1,0.5073837637901306
2574,5,1,1.2550486326217651
2575,3,1,0.4050310254096985
2576,1,1,1.7555932998657227
2577,7,1,0.5858821868896484
2578,7,1,0.505260169506073
2579,8,1,0.2711338996887207
2580,6,0,-0.18375128507614136
2581,5,1,0.5914907455444336
2582,9,1,0.36038756370544434
2583,3,1,1.0964994430541992
2584,8,1,0.03937390446662903
2585,9,1,0.06247490644454956
2586,5,1,0.09265577793121338
2587,3,1,0.6072421073913574
2588,7,1,1.407102346420288
2589,9,1,0.2797037363052368
2590,1,1,0.44355249404907227
2591,7,1,2.0520424842834473
2592,0,1,0.5228012800216675
2593,0,1,0.7445454597473145
2594,3,1,0.02611890435218811
2595,7,1,0.3015241026878357
2596,2,1,0.7734873294830322
2597,5,1,0.5922549962997437
2598,8,1,0.2967897653579712
2599,1,1,0.4138023853302002
2600,8,1,0.13589847087860107
2601,6,0,-0.11115247011184692
2602,2,1,0.4031922221183777
2603,9,1,0.7281233072280884
2604,5,1,0.20938056707382202
2605,7,1,0.5731355547904968
2606,5,1,0.1840658187866211
2607,7,1,0.5145449638366699
2608,8,1,0.1309218406677246
2609,6,0,-0.031886279582977295
2610,2,1,0.4522348642349243
2611,5,1,0.23868507146835327
2612,1,1,0.4821455478668213
2613,4,1,0.5764936208724976
2614,8,1,0.21178948879241943
2615,4,1,0.7790043354034424
2616,5,1,0.26348787546157837
2617,8,1,1.0410938262939453
2618,3,1,0.4053168296813965
2619,0,1,0.3775191307067871
2620,6,0,-0.1504124104976654
2621,2,1,0.05862236022949219
2622,7,1,0.5718960762023926
2623,3,1,0.321891188621521
2624,3,1,0.42569273710250854
2625,2,1,0.4368823766708374
2626,1,1,0.36570048332214355
2627,0,1,0.2728562355041504
2628,7,1,1.2753090858459473
2629,3,1,0.9144456386566162
2630,4,1,0.7954144477844238
2631,0,1,0.02651795744895935
2632,3,1,1.1923686265945435
2633,9,1,0.4301413893699646
2634,3,1,0.6214231252670288
2635,2,1,0.9549112319946289
2636,8,1,0.8886070251464844
2637,9,1,0.49913716316223145
2638,0,1,0.05084782838821411
2639,3,1,0.6046103239059448
2640,8,1,0.29446089267730713
2641,0,1,0.20268887281417847
2642,7,1,0.48341697454452515
2643,6,0,-0.17472973465919495
2644,5,1,1.351808786392212
2645,4,1,1.0372867584228516
2646,7,1,1.9222981929779053
2647,3,1,0.32287299633026123
2648,9,1,0.5343288779258728
2649,0,1,0.0361996591091156
2650,8,1,0.4764758348464966
2651,6,0,-0.24687805771827698
2652,2,1,0.850975513458252
2653,5,1,0.5343660116195679
2654,6,0,0.4096776247024536
2655,1,1,0.1852799654006958
2656,0,1,0.5455255508422852
2657,0,1,0.25376009941101074
2658,4,1,0.49155092239379883
2659,4,1,0.32544779777526855
2660,0,1,1.009472131729126
2661,1,1,0.11967062950134277
2662,2,1,-0.08106333017349243
2663,3,1,0.1940063238143921
2664,2,1,0.017887592315673828
2665,7,1,0.6110899448394775
2666,7,1,0.886995792388916
2667,8,1,-0.031229019165039062
2668,5,1,0.4502272605895996
2669,2,1,0.33696550130844116
2670,5,1,0.5080758929252625
2671,7,1,0.7545723915100098
2672,6,0,-0.2018517255783081
2673,9,1,-0.19467034935951233
2674,1,1,1.2857258319854736
2675,4,1,0.5847287178039551
2676,1,1,1.0244604349136353
2677,6,0,-0.26619601249694824
2678,4,1,0.28302478790283203
2679,2,1,0.30828988552093506
2680,4,1,0.3903387784957886
2681,3,1,0.5520706176757812
2682,5,1,0.3038058280944824
2683,4,1,0.2397778034210205
2684,3,1,0.7328667640686035
2685,9,1,0.17877674102783203
2686,5,1,0.32574379444122314
2687,0,1,1.1371440887451172
2688,1,1,0.19755566120147705
2689,5,1,1.3698418140411377
2690,3,1,0.5584697723388672
2691,8,1,0.05113804340362549
2692,9,1,0.26027464866638184
2693,1,1,0.08962899446487427
2694,9,1,0.36979424953460693
2695,7,1,0.8978660106658936
2696,9,1,0.3891730308532715
2697,5,1,0.8525888919830322
2698,5,1,0.7876932621002197
2699,2,1,0.04913729429244995
2700,7,1,0.8735942840576172
2701,4,1,0.6014491319656372
2702,6,0,-0.07641738653182983
2703,0,1,0.44583868980407715
2704,1,1,0.44685524702072144
2705,1,1,-0.035418152809143066
2706,1,1,0.10894584655761719
2707,0,1,0.6553292274475098
2708,4,1,0.32127630710601807
2709,4,1,0.028253823518753052
2710,7,1,2.499988555908203
2711,6,0,-0.21007202565670013
2712,3,1,0.4858132600784302
2713,0,1,0.11910116672515869
2714,0,1,0.40753281116485596
2715,4,1,-0.059903740882873535
2716,3,1,0.007745534181594849
2717,0,1,0.3817039728164673
2718,6,0,-0.2008194476366043
2719,1,1,0.19446146488189697
2720,9,1,0.5112079381942749
2721,6,0,0.14879781007766724
2722,1,1,0.8405764102935791
2723,3,1,1.0019209384918213
2724,8,1,0.04334026575088501
2725,1,1,0.34366506338119507
2726,2,1,0.42186224460601807
2727,5,1,-0.14450004696846008
2728,6,0,-0.11130693554878235
2729,2,1,0.4837874174118042
2730,7,1,-0.02637118101119995
2731,3,1,0.25993800163269043
2732,6,0,-0.059777408838272095
2733,0,1,0.25108933448791504
2734,1,1,-0.09980311989784241
2735,9,1,0.36440402269363403
2736,7,1,0.3989819288253784
2737,6,0,-0.13996875286102295
2738,6,0,-0.15628695487976074
2739,8,1,0.07215994596481323
2740,9,1,0.6090673208236694
2741,2,1,0.22453588247299194
2742,9,1,0.23678606748580933
2743,5,1,0.2793736457824707
2744,8,1,0.3057124614715576
2745,3,1,0.36736243963241577
2746,1,1,0.40514445304870605
2747,0,1,0.1961991786956787
2748,0,1,0.6959018707275391
2749,7,1,0.9607583284378052
2750,6,0,-0.2154831886291504
2751,6,0,-0.08790534734725952
2752,2,1,0.05396991968154907
2753,1,1,0.10335344076156616
2754,6,0,-0.14017581939697266
2755,9,1,0.5457687377929688
2756,3,1,0.8861721754074097
2757,1,1,0.3752169609069824
2758,8,1,-0.0053961873054504395
2759,6,0,-0.21356594562530518
2760,9,1,0.08315873146057129
2761,0,1,-0.014279156923294067
2762,6,0,-0.21218179166316986
2763,0,1,0.4019886255264282
2764,0,1,0.22413396835327148
2765,0,1,0.41277605295181274
2766,6,0,0.09379744529724121
2767,3,1,1.6932592391967773
2768,5,1,0.9903652667999268
2769,9,1,0.6641987562179565
2770,3,1,0.010988563299179077
2771,4,1,0.5015107989311218
2772,5,1,1.6216926574707031
2773,5,1,0.18860256671905518
2774,8,1,0.09167170524597168
2775,5,1,0.09390008449554443
2776,3,1,0.41962504386901855
2777,0,1,0.4503709077835083
2778,4,1,0.07525867223739624
2779,0,1,1.1958891153335571
2780,2,1,0.13245278596878052
2781,9,1,0.24682074785232544
2782,6,0,-0.24428589642047882
2783,8,1,0.3656848073005676
2784,2,1,0.29972028732299805
2785,3,1,0.6728451251983643
2786,1,1,0.5147778391838074
2787,2,1,0.19734656810760498
2788,1,1,0.06084400415420532
2789,1,1,0.151333749294281
2790,5,1,1.0308353900909424
2791,6,0,-0.1322588324546814
2792,9,1,0.286562979221344
2793,8,1,0.25882136821746826
2794,0,1,0.6728074550628662
2795,6,0,-0.14913633465766907
2796,6,0,-0.25353142619132996
2797,5,1,0.4570804834365845
2798,5,1,0.6795914173126221
2799,3,1,0.5252225995063782
2800,8,1,0.08347508311271667
2801,6,0,-0.22697652876377106
2802,2,1,0.2983773350715637
2803,1,1,0.16809511184692383
2804,4,1,0.32985126972198486
2805,5,1,0.026204705238342285
2806,4,1,0.4485328197479248
2807,3,1,1.0985472202301025
2808,7,1,1.1442371606826782
2809,8,1,0.09529685974121094
2810,5,1,0.2898216247558594
2811,0,1,0.4539845585823059
2812,9,1,0.05612713098526001
2813,3,1,0.5000318884849548
2814,5,1,0.5034425854682922
2815,1,1,0.30538177490234375
2816,1,1,0.16322171688079834
2817,0,1,0.05781245231628418
2818,4,1,0.218339741230011
2819,4,1,0.6233081817626953
2820,7,1,0.6833450794219971
2821,0,1,0.13990920782089233
2822,1,1,0.5038588047027588
2823,7,1,1.1027836799621582
2824,0,1,0.6216919422149658
2825,1,1,0.27914369106292725
2826,6,0,-0.25587570667266846
2827,1,1,0.7115577459335327
2828,4,1,0.06830006837844849
2829,5,1,0.200644850730896
2830,6,0,-0.17733918130397797
2831,6,0,-0.22659125924110413
2832,5,1,0.42773932218551636
2833,7,1,0.5177198648452759
2834,8,1,0.1572566032409668
2835,4,1,0.13289320468902588
2836,4,1,1.0548418760299683
2837,7,1,1.9940969944000244
2838,2,1,0.3730435371398926
2839,5,1,0.951279878616333
2840,3,1,0.09243965148925781
2841,7,1,1.392883062362671
2842,0,1,0.46137213706970215
2843,7,1,0.8332340717315674
2844,7,1,1.1888302564620972
2845,9,1,-0.054728567600250244
2846,6,0,-0.17488466203212738
2847,4,1,-0.0036289095878601074
2848,2,1,0.34472763538360596
2849,8,1,0.4084160327911377
2850,5,1,0.531964898109436
2851,7,1,0.02325543761253357
2852,8,1,0.036909252405166626
2853,3,1,0.05328419804573059
2854,9,1,0.36825835704803467
2855,5,1,0.41435492038726807
2856,8,1,0.214005708694458
2857,9,1,0.21423828601837158
2858,9,1,0.34527313709259033
2859,8,1,-0.142042875289917
2860,6,0,-0.10098192095756531
2861,2,1,1.156583309173584
2862,8,1,0.24383562803268433
2863,9,1,0.028635472059249878
2864,2,1,0.4519847631454468
2865,3,1,0.4891151189804077
2866,6,0,-0.0689660906791687
2867,1,1,2.4341821670532227
2868,1,1,-0.026276320219039917
2869,8,1,0.3485177755355835
2870,9,1,0.29325222969055176
2871,3,1,0.6087160110473633
2872,4,1,0.32012075185775757
2873,0,1,0.3948274850845337
2874,7,1,1.1609411239624023
2875,9,1,0.286260724067688
2876,6,0,-0.29631155729293823
2877,4,1,0.12209928035736084
2878,1,1,0.14192724227905273
2879,4,1,0.18760788440704346
2880,1,1,0.0880126953125
2881,3,1,0.7112245559692383
2882,4,1,0.6765755414962769
2883,9,1,0.022418439388275146
2884,3,1,1.013408899307251
2885,1,1,0.6680059432983398
2886,4,1,0.19900637865066528
2887,7,1,2.0533318519592285
2888,7,1,0.7870302200317383
2889,4,1,0.42672836780548096
2890,7,1,0.9124443531036377
2891,2,1,0.03091791272163391
2892,9,1,-0.057647258043289185
2893,3,1,0.5175199508666992
2894,0,1,0.1515713930130005
2895,8,1,0.5518182516098022
2896,8,1,0.15306538343429565
2897,8,1,0.9764615297317505
2898,4,1,0.4875330924987793
2899,0,1,0.2370518445968628
2900,4,1,0.08658367395401001
2901,4,1,0.34414637088775635
2902,1,1,0.3238711357116699
2903,5,1,0.3635375499725342
2904,2,1,0.11197298765182495
2905,8,1,0.28467613458633423
2906,3,1,0.20518946647644043
2907,4,1,0.49463319778442383
2908,9,1,0.25033342838287354
2909,5,1,0.4977526068687439
2910,2,1,0.5993967056274414
2911,8,1,0.3218632936477661
2912,1,1,0.43427300453186035
2913,5,1,0.036820441484451294
2914,3,1,0.17880934476852417
2915,7,1,0.5080791711807251
2916,9,1,0.050946593284606934
2917,4,1,0.036052048206329346
2918,2,1,-0.09692534804344177
2919,5,1,0.5478121638298035
2920,6,0,0.08750641345977783
2921,3,1,1.1552132368087769
2922,5,1,0.7234289646148682
2923,9,1,0.16549527645111084
2924,3,1,0.14795851707458496
2925,5,1,0.8919789791107178
2926,9,1,0.11637681722640991
2927,3,1,0.7533966302871704
2928,1,1,0.343605101108551
2929,9,1,1.2019083499908447
2930,5,1,2.4196372032165527
2931,3,1,0.6694283485412598
2932,0,1,0.12628090381622314
2933,6,0,-0.24150368571281433
2934,9,1,0.3670397400856018
2935,8,1,0.47036731243133545
2936,4,1,0.6217379570007324
2937,0,1,0.3675990104675293
2938,4,1,-0.15716493129730225
2939,9,1,0.42531824111938477
2940,2,1,0.055978477001190186
2941,9,1,0.14686965942382812
2942,0,1,0.4520767331123352
2943,1,1,0.13402539491653442
2944,0,1,0.5544902682304382
2945,3,1,0.5838874578475952
2946,1,1,0.28011733293533325
2947,6,0,-0.23014353215694427
2948,5,1,1.243981122970581
2949,8,1,0.2622561454772949
2950,1,1,-0.0468326210975647
2951,5,1,-0.18433357775211334
2952,3,1,0.5285524129867554
2953,3,1,0.23454397916793823
2954,0,1,0.08012205362319946
2955,3,1,0.4022359251976013
2956,5,1,0.3052173852920532
2957,5,1,2.33711576461792
2958,9,1,0.6665933132171631
2959,2,1,0.2638658285140991
2960,8,1,0.11830639839172363
2961,7,1,0.6556795835494995
2962,0,1,-0.03517341613769531
2963,4,1,0.13598549365997314
2964,9,1,0.18620145320892334
2965,1,1,0.07673466205596924
2966,9,1,-0.15401971340179443
2967,7,1,1.2743406295776367
2968,7,1,1.4602618217468262
2969,5,1,3.244363307952881
2970,5,1,1.0362972021102905
2971,2,1,0.7009007930755615
2972,0,1,-0.12504929304122925
2973,9,1,0.272613525390625
2974,1,1,0.3103681802749634
2975,8,1,0.31981533765792847
2976,6,0,-0.20321500301361084
2977,2,1,0.29123806953430176
2978,3,1,0.998369574546814
2979,9,1,0.6517009735107422
2980,6,0,-0.21960610151290894
2981,2,1,0.22028803825378418
2982,1,1,0.09010952711105347
2983,9,1,0.17002534866333008
2984,1,1,0.23798507452011108
2985,3,1,0.44350582361221313
2986,5,1,-0.1520211398601532
2987,5,1,0.6987302303314209
2988,0,1,0.40404313802719116
2989,3,1,0.23634696006774902
2990,8,1,0.5332592725753784
2991,3,1,0.5173381567001343
2992,3,1,0.5104190111160278
2993,7,1,1.0597656965255737
2994,6,0,-0.008998274803161621
2995,6,0,-0.01136326789855957
2996,0,1,1.1961069107055664
2997,1,1,0.3069216012954712
2998,4,1,0.28061234951019287
2999,0,1,0.32039874792099
3000,6,0,-0.042538583278656006
3001,9,1,-0.06634789705276489
3002,8,1,0.6698442697525024
3003,1,1,0.4539515972137451
3004,2,1,0.2876896858215332
3005,9,1,0.2749003767967224
3006,9,1,0.20750927925109863
3007,5,1,0.7569071054458618
3008,9,1,0.4358086585998535
3009,7,1,2.1314802169799805
3010,3,1,0.6660764217376709
3011,7,1,1.1048206090927124
3012,8,1,0.4203784465789795
3013,0,1,0.5894845724105835
3014,1,1,0.05205714702606201
3015,3,1,0.4865313768386841
3016,0,1,-0.11388620734214783
3017,4,1,0.9938473701477051
3018,6,0,-0.12221786379814148
3019,1,1,0.2950870394706726
3020,0,1,1.3360649347305298
3021,2,1,0.15799939632415771
3022,5,1,0.660273551940918
3023,8,1,-0.13875722885131836
3024,4,1,0.6841586828231812
3025,4,1,0.09092724323272705
3026,1,1,0.7196381092071533
3027,1,1,0.28030604124069214
3028,5,1,0.44334787130355835
3029,4,1,0.051419973373413086
3030,6,0,0.19111859798431396
3031,6,0,-0.24022239446640015
3032,0,1,0.39206618070602417
3033,6,0,0.04149097204208374
3034,9,1,0.09827190637588501
3035,2,1,0.8601475954055786
3036,6,0,-0.13400286436080933
3037,2,1,0.34725135564804077
3038,7,1,0.08361232280731201
3039,1,1,1.880772352218628
3040,7,1,1.4497095346450806
3041,9,1,0.02587491273880005
3042,4,1,0.11080312728881836
3043,0,1,1.0077884197235107
3044,0,1,0.411480188369751
3045,3,1,0.4826315641403198
3046,8,1,0.31909823417663574
3047,2,1,0.29252445697784424
3048,2,1,0.4214944839477539
3049,3,1,0.717059850692749
3050,1,1,0.2150568962097168
3051,6,0,-0.17691636085510254
3052,0,1,0.373923659324646
3053,5,1,0.5290759205818176
3054,7,1,0.6770086288452148
3055,7,1,0.7511782646179199
3056,9,1,0.5435623526573181
3057,2,1,0.23272615671157837
3058,6,0,-0.11929246783256531
3059,7,1,1.3594330549240112
3060,9,1,4.3836798667907715
3061,7,1,1.0732598304748535
3062,8,1,0.31576669216156006
3063,6,0,-0.13327354192733765
3064,8,1,0.4452640414237976
3065,8,1,0.2233073115348816
3066,4,1,0.2987275719642639
3067,6,0,0.17122292518615723
3068,8,1,0.9007458686828613
3069,4,1,0.47693127393722534
3070,1,1,0.4140353798866272
3071,2,1,0.3003804087638855
3072,8,1,0.18012547492980957
3073,1,1,0.43447011709213257
3074,3,1,0.5597141981124878
3075,9,1,0.4710899591445923
3076,4,1,0.25249892473220825
3077,0,1,1.5221433639526367
3078,3,1,0.729831337928772
3079,7,1,1.8629951477050781
3080,3,1,0.9094018936157227
3081,2,1,0.443487286567688
3082,3,1,1.0082652568817139
3083,3,1,0.4993988871574402
3084,7,1,1.2002394199371338
3085,3,1,0.5586047172546387
3086,4,1,0.302537739276886
3087,0,1,0.12149608135223389
3088,6,0,-0.043438613414764404
3089,2,1,0.8316857814788818
3090,0,1,0.3570129871368408
3091,8,1,0.20664232969284058
3092,1,1,0.34295743703842163
3093,5,1,0.3143188953399658
3094,3,1,1.298500895500183
3095,5,1,0.47162389755249023
3096,4,1,0.32866519689559937
3097,1,1,0.3423970937728882
3098,7,1,1.2517529726028442
3099,1,1,0.23170876502990723
3100,5,1,0.3986058235168457
3101,7,1,1.1491947174072266
3102,5,1,0.3932732343673706
3103,7,1,0.7813664674758911
3104,3,1,0.5003185272216797
3105,2,1,0.09174567461013794
3106,2,1,0.022084593772888184
3107,7,1,0.13965719938278198
3108,3,1,0.2817866802215576
3109,7,1,1.4557969570159912
3110,3,1,0.7160242795944214
3111,7,1,0.8748223781585693
3112,8,1,0.1816985011100769
3113,5,1,0.9812850952148438
3114,4,1,-0.07018136978149414
3115,5,1,0.43153321743011475
3116,2,1,0.23156625032424927
3117,5,1,0.5105772018432617
3118,6,0,-0.29506611824035645
3119,5,1,0.5844351053237915
3120,3,1,0.2086580991744995
3121,6,0,-0.031262993812561035
3122,7,1,0.5928397178649902
3123,4,1,0.5918155908584595
3124,1,1,0.4068707227706909
3125,7,1,1.254355549812317
3126,1,1,0.14347034692764282
3127,5,1,0.5250125527381897
3128,2,1,0.7300933599472046
3129,3,1,0.3449678421020508
3130,6,0,0.10409557819366455
3131,3,1,0.623839259147644
3132,1,1,0.2862691879272461
3133,4,1,0.016653478145599365
3134,2,1,0.3501918315887451
3135,6,0,-0.13788115978240967
3136,7,1,0.14885318279266357
3137,4,1,0.16963541507720947
3138,3,1,0.34983885288238525
3139,8,1,0.2403630018234253
3140,0,1,0.27613717317581177
3141,6,0,-0.20251965522766113
3142,2,1,0.07304015755653381
3143,1,1,0.5823267698287964
3144,6,0,-0.07145929336547852
3145,5,1,0.7812422513961792
3146,3,1,0.5103968381881714
3147,9,1,0.1687551736831665
3148,1,1,0.18949198722839355
3149,9,1,0.10398614406585693
3150,3,1,0.5666851997375488
3151,2,1,1.5660991668701172
3152,1,1,0.3187808394432068
3153,8,1,0.30302345752716064
3154,4,1,-0.03362575173377991
3155,4,1,0.3226703405380249
3156,6,0,-0.17326000332832336
3157,5,1,0.6049892902374268
3158,8,1,0.09711319208145142
3159,6,0,-0.2297375202178955
3160,9,1,-0.00965791940689087
3161,7,1,0.9375966787338257
3162,7,1,1.164583683013916
3163,8,1,-0.01268911361694336
3164,6,0,-0.030418962240219116
3165,9,1,0.23791742324829102
3166,7,1,0.97953200340271
3167,3,1,0.22564858198165894
3168,9,1,0.05275893211364746
3169,4,1,0.26180315017700195
3170,0,1,1.2316057682037354
3171,5,1,0.18591415882110596
3172,4,1,0.43579304218292236
3173,6,0,-0.14452677965164185
3174,4,1,0.217789888381958
3175,1,1,0.42653727531433105
3176,2,1,0.7392928600311279
3177,3,1,0.1945222020149231
3178,0,1,0.48326075077056885
3179,0,1,0.577212393283844
3180,2,1,0.4184243679046631
3181,6,0,-0.131341814994812
3182,6,0,-0.24215775728225708
3183,5,1,0.20513546466827393
3184,7,1,0.9057931900024414
3185,0,1,0.2734244465827942
3186,8,1,0.41092467308044434
3187,6,0,-0.28755971789360046
3188,4,1,0.7910460233688354
3189,7,1,0.9656362533569336
3190,9,1,-0.08763349056243896
3191,0,1,0.3728538751602173
3192,7,1,1.468500018119812
3193,3,1,0.8944966793060303
3194,4,1,0.36374372243881226
3195,2,1,0.42943453788757324
3196,1,1,1.2269548177719116
3197,8,1,0.2993062734603882
3198,8,1,0.08092963695526123
3199,5,1,0.6482894420623779
3200,9,1,-0.015248358249664307
3201,2,1,-0.0855143666267395
3202,7,1,0.4873051643371582
3203,1,1,0.7309541702270508
3204,8,1,0.3211778402328491
3205,8,1,-0.054824769496917725
3206,8,1,0.5069798231124878
3207,2,1,0.20802628993988037
3208,7,1,0.2953282594680786
3209,6,0,-0.28124165534973145
3210,0,1,0.2933659553527832
3211,1,1,0.07292461395263672
3212,2,1,0.3365602493286133
3213,7,1,2.4936368465423584
3214,1,1,0.36969268321990967
3215,0,1,0.22242754697799683
3216,8,1,0.21446740627288818
3217,3,1,0.4725843667984009
3218,6,0,-0.17228920757770538
3219,0,1,-0.14675813913345337
3220,5,1,0.5506124496459961
3221,3,1,0.6180617809295654
3222,6,0,0.9056000709533691
3223,2,1,0.5114906430244446
3224,8,1,0.1774919033050537
3225,7,1,1.4997332096099854
3226,0,1,0.28175151348114014
3227,1,1,0.053186506032943726
3228,4,1,0.19433718919754028
3229,2,1,0.20100092887878418
3230,1,1,0.17399442195892334
3231,1,1,0.4826446771621704
3232,4,1,0.4155171513557434
3233,4,1,0.5483477115631104
3234,4,1,0.22856879234313965
3235,4,1,0.45556509494781494
3236,7,1,1.2380008697509766
3237,1,1,0.7356463670730591
3238,6,0,-0.19697830080986023
3239,2,1,0.11140835285186768
3240,9,1,0.681006908416748
3241,9,1,0.11527663469314575
3242,0,1,0.28205788135528564
3243,0,1,0.7193348407745361
3244,1,1,0.3480372428894043
3245,8,1,0.3197498321533203
3246,8,1,0.3851262331008911
3247,4,1,0.39109891653060913
3248,3,1,0.5515449047088623
3249,4,1,0.28813791275024414
3250,2,1,-0.04860949516296387
3251,0,1,0.11033928394317627
3252,6,0,-0.12915641069412231
3253,1,1,0.06349551677703857
3254,6,0,-0.10407418012619019
3255,1,1,0.34390556812286377
3256,2,1,0.40454912185668945
3257,2,1,0.6186559200286865
3258,2,1,0.5311874151229858
3259,1,1,0.4229869842529297
3260,2,1,0.1842210292816162
3261,3,1,0.24896448850631714
3262,7,1,0.9482239484786987
3263,8,1,0.32824283838272095
3264,1,1,0.21479064226150513
3265,0,1,0.8914109468460083
3266,0,1,-0.05495935678482056
3267,2,1,1.3293513059616089
3268,1,1,0.1851816177368164
3269,6,0,0.5970039367675781
3270,6,0,-0.16666243970394135
3271,0,1,0.9127119779586792
3272,1,1,0.5070598721504211
3273,6,0,-0.1883533000946045
3274,2,1,0.3749598264694214
3275,5,1,0.33053648471832275
3276,1,1,0.08184731006622314
3277,7,1,1.0066583156585693
3278,4,1,0.5553354620933533
3279,8,1,0.355934739112854
3280,2,1,1.0519417524337769
3281,1,1,0.3900187015533447
3282,4,1,0.4269673228263855
3283,3,1,0.15267300605773926
3284,8,1,0.4930151700973511
3285,3,1,0.39892053604125977
3286,9,1,0.1066935658454895
3287,9,1,0.3880237340927124
3288,4,1,0.15377259254455566
3289,8,1,0.6111645698547363
3290,3,1,0.13634943962097168
3291,4,1,0.3835129737854004
3292,7,1,0.4258687496185303
3293,2,1,0.29665279388427734
3294,7,1,0.09066808223724365
3295,5,1,0.37531912326812744
3296,7,1,0.46148180961608887
3297,0,1,0.5505156517028809
3298,4,1,0.17396891117095947
3299,3,1,0.5307437181472778
3300,3,1,0.08150702714920044
3301,2,1,0.9465633630752563
3302,6,0,-0.018183857202529907
3303,7,1,0.654322624206543
3304,6,0,0.0678328275680542
3305,0,1,0.486327588558197
3306,0,1,0.49316132068634033
3307,6,0,-0.09787595272064209
3308,7,1,0.20171654224395752
3309,7,1,1.36341392993927
3310,0,1,0.5533163547515869
3311,5,1,0.12786483764648438
3312,5,1,0.3155200481414795
3313,8,1,0.2472546100616455
3314,1,1,0.11449998617172241
3315,0,1,0.5912822484970093
3316,7,1,0.0224054753780365
3317,0,1,0.04890987277030945
3318,2,1,0.07369628548622131
3319,8,1,0.6807022094726562
3320,1,1,0.17901158332824707
3321,5,1,0.8054841756820679
3322,0,1,0.5511879920959473
3323,8,1,0.08722811937332153
3324,8,1,0.29401856660842896
3325,0,1,0.21266120672225952
3326,3,1,0.431978702545166
3327,2,1,0.4138975143432617
3328,7,1,0.2169804573059082
3329,7,1,0.23594927787780762
3330,2,1,0.6019299030303955
3331,6,0,-0.15258803963661194
3332,4,1,0.7075381278991699
3333,7,1,0.023030757904052734
3334,5,1,0.9385923147201538
3335,5,1,1.8422832489013672
3336,5,1,0.2879587411880493
3337,2,1,0.5218548774719238
3338,9,1,0.020255953073501587
3339,2,1,1.1675418615341187
3340,8,1,-0.0895925760269165
3341,4,1,0.19557464122772217
3342,6,0,-0.24349498748779297
3343,8,1,0.03199008107185364
3344,6,0,-0.05520915985107422
3345,5,1,0.7305254936218262
3346,0,1,0.5978735685348511
3347,0,1,0.3417123556137085
3348,8,1,0.23103511333465576
3349,7,1,0.9648410081863403
3350,6,0,-0.19919875264167786
3351,1,1,1.778911828994751
3352,7,1,0.26610255241394043
3353,1,1,0.5946412086486816
3354,1,1,0.07949146628379822
3355,2,1,0.3384486436843872
3356,7,1,1.0943310260772705
3357,4,1,0.345531165599823
3358,0,1,0.8941047191619873
3359,0,1,-0.0028598904609680176
3360,7,1,0.6555273532867432
3361,7,1,1.762317180633545
3362,6,0,-0.2972171902656555
3363,3,1,0.450630784034729
3364,8,1,0.05381619930267334
3365,6,0,0.20059871673583984
3366,4,1,0.3363773226737976
3367,2,1,0.0788733959197998
3368,0,1,0.11390233039855957
3369,9,1,0.49953263998031616
3370,4,1,0.3668673634529114
3371,0,1,0.3238823413848877
3372,5,1,0.155830979347229
3373,7,1,0.7771340608596802
3374,8,1,0.07406371831893921
3375,2,1,0.11890125274658203
3376,7,1,0.6110876798629761
3377,4,1,-0.038730621337890625
3378,7,1,0.7935538291931152
3379,1,1,0.22160595655441284
3380,1,1,0.13346433639526367
3381,3,1,-0.030792534351348877
3382,6,0,-0.34236449003219604
3383,6,0,-0.2793840765953064
3384,2,1,1.092602014541626
3385,9,1,0.649465799331665
3386,1,1,0.3715161681175232
3387,9,1,-0.10388484597206116
3388,4,1,-0.017733633518218994
3389,8,1,0.6321759223937988
3390,3,1,0.268778920173645
3391,6,0,-0.15679627656936646
3392,9,1,0.13893520832061768
3393,5,1,0.652662992477417
3394,9,1,0.6849896907806396
3395,6,0,-0.23963052034378052
3396,2,1,0.3401263356208801
3397,4,1,0.22463548183441162
3398,6,0,-0.2893795371055603
3399,7,1,0.6382195949554443
3400,7,1,1.561297059059143
3401,0,1,0.6006243228912354
3402,6,0,-0.2631540894508362
3403,6,0,-0.2988745868206024
3404,9,1,0.29320669174194336
3405,4,1,0.4139854907989502
3406,8,1,0.35688960552215576
3407,3,1,0.110862135887146
3408,5,1,0.377705454826355
3409,3,1,0.06131070852279663
3410,4,1,0.4782838821411133
3411,9,1,0.1866617202758789
3412,0,1,2.789249897003174
3413,0,1,-0.0675525963306427
3414,5,1,0.5897464752197266
3415,2,1,0.29780977964401245
3416,5,1,0.6648211479187012
3417,0,1,0.24920129776000977
3418,7,1,1.7496154308319092
3419,1,1,-0.057305216789245605
3420,1,1,0.5625417232513428
3421,1,1,0.32628655433654785
3422,6,0,-0.16910624504089355
3423,7,1,1.6090683937072754
3424,6,0,-0.3277885317802429
3425,7,1,1.2307955026626587
3426,9,1,0.14531999826431274
3427,6,0,-0.2432328760623932
3428,6,0,-0.09478434920310974
3429,4,1,0.3701465129852295
3430,1,1,0.6839646100997925
3431,4,1,0.11098802089691162
3432,3,1,0.5531498193740845
3433,1,1,0.22389179468154907
3434,1,1,0.05885544419288635
3435,2,1,0.8210963010787964
3436,2,1,1.7961077690124512
3437,4,1,0.35554832220077515
3438,1,1,0.457311749458313
3439,0,1,0.15296733379364014
3440,8,1,0.36182427406311035
3441,7,1,0.7175354957580566
3442,6,0,-0.21875888109207153
3443,3,1,-0.007219076156616211
3444,4,1,0.3033748269081116
3445,0,1,0.7057867050170898
3446,0,1,0.9019136428833008
3447,6,0,-0.12158465385437012
3448,3,1,0.08522886037826538
3449,3,1,1.1114096641540527
3450,0,1,0.3250018358230591
3451,7,1,0.8646485805511475
3452,1,1,0.3435399532318115
3453,7,1,1.6332712173461914
3454,1,1,0.2939877510070801
3455,1,1,0.14234691858291626
3456,3,1,0.9640604257583618
3457,1,1,-0.12219884991645813
3458,0,1,0.18058091402053833
3459,9,1,0.7133709192276001
3460,9,1,0.3881381154060364
3461,7,1,0.4528387784957886
3462,5,1,0.21834230422973633
3463,4,1,0.15003502368927002
3464,1,1,0.2079629898071289
3465,4,1,0.3392904996871948
3466,8,1,0.10266619920730591
3467,9,1,0.5052673816680908
3468,5,1,0.23533165454864502
3469,3,1,0.1113702654838562
3470,5,1,0.28735923767089844
3471,1,1,0.1074439287185669
3472,9,1,0.4304547905921936
3473,8,1,0.02512991428375244
3474,2,1,0.7325537204742432
3475,3,1,1.1768004894256592
3476,3,1,0.23968082666397095
3477,9,1,0.10430657863616943
3478,9,1,-0.039859265089035034
3479,0,1,1.1134488582611084
3480,1,1,0.2592766284942627
3481,0,1,0.10676133632659912
3482,2,1,0.12634432315826416
3483,9,1,0.32541006803512573
3484,3,1,0.5794966220855713
3485,9,1,0.32295721769332886
3486,3,1,0.33083879947662354
3487,3,1,0.5027990937232971
3488,6,0,-0.23886990547180176
3489,2,1,0.016570478677749634
3490,4,1,0.29485654830932617
3491,9,1,0.6016119718551636
3492,8,1,-0.024342000484466553
3493,3,1,0.6624507904052734
3494,7,1,1.8244967460632324
3495,4,1,0.2411624789237976
3496,0,1,0.6482547521591187
3497,4,1,0.17738640308380127
3498,7,1,0.40309590101242065
3499,8,1,0.09554159641265869
3500,4,1,0.44813764095306396
3501,9,1,0.5736208558082581
3502,8,1,0.029731571674346924
3503,9,1,0.5513675212860107
3504,9,1,1.0810868740081787
3505,7,1,1.0264379978179932
3506,5,1,-0.1495293378829956
3507,9,1,0.019824087619781494
3508,2,1,0.6575717926025391
3509,8,1,0.2039792537689209
3510,2,1,0.3393312692642212
3511,2,1,0.6721670627593994
3512,0,1,0.7354100942611694
3513,2,1,0.3173954486846924
3514,2,1,0.3053596019744873
3515,3,1,0.8058736324310303
3516,8,1,0.8029870986938477
3517,4,1,0.5866341590881348
3518,6,0,-0.012085169553756714
3519,8,1,0.0778074860572815
3520,6,0,1.0631989240646362
3521,8,1,0.11651217937469482
3522,2,1,0.41482651233673096
3523,4,1,-0.045636773109436035
3524,6,0,-0.20692498981952667
3525,7,1,0.6644304990768433
3526,9,1,-0.11472576856613159
3527,3,1,0.7406172752380371
3528,3,1,0.47383469343185425
3529,9,1,0.002628713846206665
3530,4,1,0.18159735202789307
3531,3,1,0.8980622291564941
3532,1,1,0.3055723309516907
3533,4,1,0.22272217273712158
3534,4,1,-0.15189635753631592
3535,7,1,0.3474918603897095
3536,0,1,0.40916907787323
3537,5,1,0.4776768088340759
3538,9,1,-0.1260777711868286
3539,6,0,-0.32237371802330017
3540,0,1,-0.047668278217315674
3541,4,1,0.3081963062286377
3542,4,1,0.15879720449447632
3543,4,1,0.06233793497085571
3544,4,1,0.12454688549041748
3545,6,0,-0.3021496534347534
3546,1,1,0.08424806594848633
3547,2,1,0.21155500411987305
3548,3,1,0.6823821067810059
3549,3,1,-0.051613181829452515
3550,6,0,-0.10081720352172852
3551,4,1,0.5985832214355469
3552,5,1,3.9738106727600098
3553,9,1,0.3558526039123535
3554,6,0,-0.23201532661914825
3555,8,1,0.1205223798751831
3556,5,1,1.4560091495513916
3557,6,0,-0.047161638736724854
3558,5,1,0.14125734567642212
3559,8,1,0.7259125709533691
3560,6,0,-0.32146021723747253
3561,4,1,0.5014986991882324
3562,1,1,0.30742084980010986
3563,8,1,0.014817416667938232
3564,6,0,-0.10701543092727661
3565,5,1,0.37453293800354004
3566,2,1,0.3838615417480469
3567,8,1,0.6148380041122437
3568,4,1,0.3704298734664917
3569,5,1,1.1304302215576172
3570,5,1,0.7423597574234009
3571,4,1,0.3555607199668884
3572,7,1,1.9459500312805176
3573,7,1,0.4123939275741577
3574,0,1,1.142488956451416
3575,7,1,0.7070627212524414
3576,8,1,0.19134706258773804
3577,2,1,0.9398627281188965
3578,2,1,1.8315258026123047
3579,3,1,0.3208942413330078
3580,7,1,0.44499391317367554
3581,0,1,0.27030181884765625
3582,1,1,0.32024580240249634
3583,8,1,0.6276633739471436
3584,0,1,0.5962038040161133
3585,7,1,0.6827512979507446
3586,1,1,0.5194706916809082
3587,9,1,0.04099476337432861
3588,8,1,0.19636225700378418
3589,7,1,0.46746647357940674
3590,5,1,0.8195157051086426
3591,5,1,0.35846108198165894
3592,9,1,0.47695839405059814
3593,1,1,0.027040719985961914
3594,7,1,0.3614071011543274
3595,5,1,1.230940341949463
3596,4,1,0.7618451118469238
3597,9,1,0.5884270668029785
3598,1,1,0.4477921724319458
3599,2,1,0.37215518951416016
3600,2,1,0.13470816612243652
3601,1,1,0.32439160346984863
3602,6,0,-0.2945556044578552
3603,6,0,-0.17949296534061432
3604,7,1,0.2341521978378296
3605,1,1,-0.01890966296195984
3606,1,1,1.1868374347686768
3607,4,1,0.3574333190917969
3608,0,1,0.14427226781845093
3609,7,1,1.5508513450622559
3610,4,1,0.7897610664367676
3611,2,1,0.21537744998931885
3612,4,1,0.25795507431030273
3613,0,1,1.3263825178146362
3614,6,0,-0.019727081060409546
3615,4,1,0.33073699474334717
3616,7,1,0.5619629621505737
3617,6,0,0.24178314208984375
3618,9,1,0.6117885112762451
3619,5,1,0.23327338695526123
3620,3,1,0.5471993088722229
3621,4,1,0.035867154598236084
3622,6,0,-0.27935269474983215
3623,5,1,0.6927671432495117
3624,0,1,0.22018778324127197
3625,1,1,0.2911376953125
3626,8,1,0.18900823593139648
3627,8,1,0.36725711822509766
3628,2,1,0.2033292055130005
3629,8,1,0.21210908889770508
3630,3,1,0.4308081865310669
3631,5,1,0.8080630302429199
3632,7,1,1.0248379707336426
3633,8,1,0.2266939878463745
3634,0,1,0.5047451257705688
3635,8,1,-0.1497408151626587
3636,5,1,0.5880492925643921
3637,7,1,0.8240361213684082
3638,1,1,0.033957451581954956
3639,1,1,0.2982419729232788
3640,0,1,0.7211543321609497
3641,1,1,0.3501906394958496
3642,3,1,0.8191943168640137
3643,7,1,0.9630827903747559
3644,8,1,0.3985574245452881
3645,5,1,1.017198085784912
3646,0,1,-0.15290388464927673
3647,7,1,0.639035701751709
3648,1,1,-0.018176555633544922
3649,1,1,0.24534040689468384
3650,0,1,0.37752866744995117
3651,1,1,0.17117011547088623
3652,1,1,0.018002033233642578
3653,4,1,0.22990041971206665
3654,5,1,0.30674827098846436
3655,2,1,0.6174029111862183
3656,7,1,0.8107104301452637
3657,6,0,-0.2401503324508667
3658,2,1,0.27467793226242065
3659,3,1,0.4861670732498169
3660,0,1,0.4568852186203003
3661,2,1,0.5374603271484375
3662,8,1,0.06555750966072083
3663,5,1,0.921943187713623
3664,9,1,0.531896710395813
3665,6,0,-0.14877033233642578
3666,9,1,0.7531949281692505
3667,7,1,0.8798089027404785
3668,2,1,0.2138681411743164
3669,1,1,0.17712122201919556
3670,3,1,0.464380145072937
3671,6,0,-0.26967549324035645
3672,4,1,0.44524824619293213
3673,1,1,0.2503722906112671
3674,8,1,0.937985897064209
3675,2,1,0.22038370370864868
3676,4,1,0.323005735874176
3677,0,1,0.43410420417785645
3678,5,1,0.21915113925933838
3679,1,1,0.1479785442352295
3680,0,1,0.3977275490760803
3681,2,1,0.0435810387134552
3682,2,1,0.18103504180908203
3683,6,0,0.4052744507789612
3684,4,1,0.36445438861846924
3685,4,1,0.23711413145065308
3686,3,1,0.319677472114563
3687,9,1,-0.16345375776290894
3688,6,0,0.033078670501708984
3689,1,1,0.03333038091659546
3690,6,0,-0.06893005967140198
3691,5,1,0.2721594572067261
3692,7,1,0.8860998153686523
3693,9,1,0.08555662631988525
3694,2,1,0.14660686254501343
3695,0,1,0.2175736427307129
3696,2,1,0.6640022993087769
3697,6,0,-0.2529306709766388
3698,0,1,0.6206667423248291
3699,1,1,0.3067474961280823
3700,4,1,0.2701234817504883
3701,3,1,1.0373470783233643
3702,5,1,0.14212650060653687
3703,2,1,1.4741137027740479
3704,8,1,0.7280802726745605
3705,8,1,0.13242995738983154
3706,0,1,0.4738304018974304
3707,8,1,0.6859102249145508
3708,8,1,0.46675431728363037
3709,9,1,0.106941819190979
3710,0,1,1.7616486549377441
3711,9,1,0.1424868106842041
3712,6,0,-0.2511616051197052
3713,7,1,1.2770568132400513
3714,6,0,-0.25835686922073364
3715,3,1,0.49276047945022583
3716,9,1,0.8611003160476685
3717,3,1,0.4292370080947876
3718,4,1,0.9016609191894531
3719,7,1,1.6099953651428223
3720,7,1,0.4150789976119995
3721,7,1,0.8468325138092041
3722,4,1,0.21227866411209106
3723,9,1,-0.06411388516426086
3724,0,1,-0.003229767084121704
3725,6,0,-0.0032479465007781982
3726,4,1,0.20839273929595947
3727,8,1,0.3628643751144409
3728,4,1,0.2877965569496155
3729,2,1,0.18941760063171387
3730,7,1,0.6161270141601562
3731,2,1,0.17500340938568115
3732,8,1,0.13601326942443848
3733,1,1,0.5218099355697632
3734,0,1,0.920802116394043
3735,0,1,0.6121668815612793
3736,7,1,2.1554653644561768
3737,8,1,0.17838561534881592
3738,3,1,0.8037790060043335
3739,3,1,0.9421954154968262
3740,3,1,0.7726235389709473
3741,1,1,0.04334649443626404
3742,3,1,0.12536919116973877
3743,7,1,0.6683776378631592
3744,6,0,-0.04604297876358032
3745,1,1,0.5662727355957031
3746,3,1,0.8583248853683472
3747,1,1,0.8527511358261108
3748,6,0,-0.05629706382751465
3749,6,0,0.09992921352386475
3750,5,1,0.8103461265563965
3751,7,1,1.0361595153808594
3752,4,1,0.008178114891052246
3753,7,1,1.0734845399856567
3754,5,1,0.33382827043533325
3755,9,1,0.2363823652267456
3756,5,1,0.583685040473938
3757,8,1,1.5344219207763672
3758,4,1,0.36089539527893066
3759,9,1,0.23922079801559448
3760,9,1,0.658348560333252
3761,1,1,0.4011343717575073
3762,6,0,0.5681405067443848
3763,5,1,0.45444363355636597
3764,0,1,2.1243021488189697
3765,1,1,0.21056389808654785
3766,3,1,0.7199687957763672
3767,7,1,0.370517373085022
3768,0,1,0.057344257831573486
3769,3,1,0.6634113788604736
3770,4,1,-0.006212174892425537
3771,8,1,0.23500174283981323
3772,2,1,0.476931095123291
3773,2,1,0.6607751846313477
3774,0,1,1.0617696046829224
3775,2,1,0.08756309747695923
3776,5,1,0.47731274366378784
3777,1,1,0.25556719303131104
3778,5,1,0.6014553308486938
3779,1,1,0.4565122127532959
3780,4,1,-0.18147821724414825
3781,8,1,0.172443687915802
3782,8,1,0.08023694157600403
3783,9,1,0.09047651290893555
3784,1,1,0.8413130044937134
3785,2,1,0.7280442714691162
3786,1,1,0.2681902050971985
3787,3,1,0.33374297618865967
3788,5,1,0.3672323226928711
3789,1,1,0.1618940234184265
3790,0,1,0.009684175252914429
3791,9,1,0.5495433807373047
3792,4,1,1.4139457941055298
3793,4,1,0.24103450775146484
3794,8,1,0.3037896752357483
3795,3,1,0.727135181427002
3796,2,1,0.9967634677886963
3797,5,1,0.4975632429122925
3798,9,1,0.1336127519607544
3799,7,1,0.926469087600708
3800,6,0,0.42252814769744873
3801,6,0,-0.17407754063606262
3802,2,1,0.5276596546173096
3803,0,1,0.2506842017173767
3804,0,1,0.3016800284385681
3805,0,1,0.06945133209228516
3806,5,1,0.5205360651016235
3807,8,1,0.16509807109832764
3808,7,1,1.6514880657196045
3809,1,1,0.20906132459640503
3810,5,1,0.4917440414428711
3811,2,1,0.27265894412994385
3812,3,1,0.4286178946495056
3813,8,1,0.3502524495124817
3814,5,1,0.5709106922149658
3815,1,1,0.18578040599822998
3816,8,1,0.14843976497650146
3817,2,1,0.11383229494094849
3818,0,1,0.9471942186355591
3819,4,1,0.24411046504974365
3820,9,1,0.7014777660369873
3821,9,1,0.5356876850128174
3822,6,0,-0.14587214589118958
3823,2,1,-0.0032607316970825195
3824,3,1,1.2660499811172485
3825,3,1,0.5143345594406128
3826,5,1,1.0654653310775757
3827,6,0,0.08208566904067993
3828,4,1,1.0504775047302246
3829,8,1,0.08717870712280273
3830,0,1,0.15060269832611084
3831,9,1,0.47930413484573364
3832,2,1,0.5888481140136719
3833,8,1,0.2660878300666809
3834,3,1,0.254827618598938
3835,6,0,-0.06823372840881348
3836,7,1,0.8391854763031006
3837,5,1,0.6688735485076904
3838,7,1,-0.08311814069747925
3839,2,1,0.20911550521850586
3840,9,1,0.29683518409729004
3841,4,1,0.851447582244873
3842,9,1,0.1683827042579651
3843,1,1,0.1368236541748047
3844,2,1,0.5431923866271973
3845,8,1,0.28953808546066284
3846,6,0,0.40786516666412354
3847,0,1,1.582504391670227
3848,7,1,0.6073213815689087
3849,0,1,0.49253737926483154
3850,9,1,0.10868626832962036
3851,1,1,0.6399133205413818
3852,1,1,0.7202270030975342
3853,6,0,0.32031816244125366
3854,7,1,0.938439130783081
3855,5,1,0.630936861038208
3856,9,1,0.41176003217697144
3857,9,1,0.3183581233024597
3858,1,1,0.36783748865127563
3859,9,1,0.48677682876586914
3860,5,1,0.24408400058746338
3861,9,1,0.21462690830230713
3862,2,1,0.524989902973175
3863,5,1,0.3077247738838196
3864,0,1,0.20902931690216064
3865,4,1,0.24729043245315552
3866,1,1,0.47125929594039917
3867,0,1,0.4076787829399109
3868,8,1,0.12709999084472656
3869,9,1,0.2841745615005493
3870,0,1,0.5321267247200012
3871,8,1,0.2927978038787842
3872,9,1,0.08239701390266418
3873,8,1,-0.18524080514907837
3874,9,1,0.6374131441116333
3875,4,1,0.4924088716506958
3876,2,1,0.382446825504303
3877,5,1,0.7236855030059814
3878,7,1,0.7720992565155029
3879,9,1,0.23058903217315674
3880,8,1,0.18848764896392822
3881,9,1,0.41453444957733154
3882,8,1,0.052029818296432495
3883,0,1,0.4587191343307495
3884,9,1,0.04650336503982544
3885,9,1,0.41624975204467773
3886,6,0,-0.21248507499694824
3887,8,1,0.24261397123336792
3888,9,1,0.4501349925994873
3889,9,1,0.5231689214706421
3890,5,1,0.1796310544013977
3891,9,1,1.0269885063171387
3892,8,1,0.16278982162475586
3893,5,1,0.44880449771881104
3894,1,1,0.3407309055328369
3895,0,1,0.2467111349105835
3896,3,1,1.0925467014312744
3897,3,1,0.25840067863464355
3898,5,1,1.5657496452331543
3899,2,1,0.15597599744796753
3900,1,1,0.29838359355926514
3901,6,0,0.017191529273986816
3902,5,1,0.4940609931945801
3903,0,1,0.045288652181625366
3904,2,1,0.7552558183670044
3905,8,1,0.4402198791503906
3906,1,1,1.0658462047576904
3907,5,1,0.37555068731307983
3908,6,0,-0.22214022278785706
3909,2,1,0.6807661056518555
3910,3,1,0.5605332255363464
3911,0,1,0.10332578420639038
3912,2,1,0.08032122254371643
3913,2,1,0.44872915744781494
3914,6,0,-0.111549973487854
3915,4,1,0.10585176944732666
3916,3,1,0.10381627082824707
3917,5,1,0.1401250958442688
3918,5,1,0.9569016695022583
3919,1,1,0.20342814922332764
3920,7,1,0.30453401803970337
3921,2,1,0.09227871894836426
3922,1,1,0.06885892152786255
3923,6,0,-0.24726608395576477
3924,9,1,0.06890210509300232
3925,1,1,0.19859158992767334
3926,9,1,0.6152933835983276
3927,9,1,0.17246919870376587
3928,5,1,0.18397855758666992
3929,5,1,0.789000391960144
3930,1,1,0.3350985050201416
3931,6,0,-0.2882903814315796
3932,2,1,0.759418249130249
3933,2,1,0.21995973587036133
3934,8,1,0.42925846576690674
3935,6,0,-0.26465627551078796
3936,7,1,1.1181963682174683
3937,1,1,-0.0013080835342407227
3938,4,1,0.5707778334617615
3939,6,0,-0.03251484036445618
3940,0,1,0.18415355682373047
3941,4,1,-0.158078134059906
3942,0,1,0.396692156791687
3943,3,1,0.5277760028839111
3944,3,1,0.4238949418067932
3945,2,1,0.22627264261245728
3946,2,1,0.5355175733566284
3947,3,1,0.8637334108352661
3948,6,0,-0.12519627809524536
3949,8,1,0.1481163501739502
3950,9,1,0.4707114100456238
3951,8,1,0.7022509574890137
3952,5,1,0.08115729689598083
3953,3,1,0.866854190826416
3954,8,1,0.5183591842651367
3955,5,1,0.7514863014221191
3956,4,1,0.36494767665863037
3957,5,1,0.17053723335266113
3958,2,1,0.29031240940093994
3959,0,1,0.32258790731430054
3960,5,1,0.28720641136169434
3961,6,0,-0.23271378874778748
3962,3,1,0.015920042991638184
3963,2,1,0.29732745885849
3964,8,1,0.25074535608291626
3965,3,1,0.4747673273086548
3966,9,1,0.5649065971374512
3967,9,1,0.3868306279182434
3968,5,1,0.6205503940582275
3969,7,1,0.5677391886711121
3970,9,1,0.2989780902862549
3971,4,1,-0.007531642913818359
3972,6,0,-0.23732826113700867
3973,7,1,1.3805088996887207
3974,1,1,0.674769401550293
3975,3,1,-0.06040400266647339
3976,7,1,1.7144172191619873
3977,3,1,0.07692447304725647
3978,6,0,-0.20036134123802185
3979,6,0,-0.28186050057411194
3980,0,1,0.7117953300476074
3981,9,1,-0.0225830078125
3982,0,1,0.599479079246521
3983,1,1,0.39228612184524536
3984,9,1,0.4276992082595825
3985,9,1,-0.06271016597747803
3986,2,1,0.3607243299484253
3987,8,1,0.2953321933746338
3988,8,1,0.1956324577331543
3989,0,1,0.3027697801589966
3990,1,1,0.2505929470062256
3991,6,0,-0.19999909400939941
3992,9,1,0.3803970217704773
3993,7,1,2.0100674629211426
3994,5,1,0.8844408988952637
3995,3,1,0.5086092352867126
3996,4,1,0.8710038661956787
3997,7,1,0.39428550004959106
3998,4,1,0.1468183994293213
3999,9,1,0.29088711738586426
4000,9,1,0.4696422815322876
4001,4,1,0.6594916582107544
4002,3,1,0.12244445085525513
4003,6,0,-0.21392017602920532
4004,3,1,0.45499658584594727
4005,1,1,0.44007766246795654
4006,1,1,0.05451303720474243
4007,7,1,0.020129233598709106
4008,6,0,-0.25863945484161377
4009,9,1,0.2869657278060913
4010,1,1,0.2826927900314331
4011,8,1,-0.020251870155334473
4012,4,1,0.9136224985122681
4013,1,1,0.22293990850448608
4014,1,1,0.4190770387649536
4015,9,1,0.6279795169830322
4016,9,1,0.536043107509613
4017,4,1,0.1497873067855835
4018,3,1,1.0150294303894043
4019,6,0,-0.0658794641494751
4020,8,1,0.23405671119689941
4021,1,1,0.26615142822265625
4022,6,0,-0.19441425800323486
4023,0,1,0.7711397409439087
4024,4,1,0.11223244667053223
4025,1,1,0.3450981378555298
4026,3,1,0.7402663230895996
4027,7,1,0.7093348503112793
4028,7,1,0.8474636077880859
4029,4,1,0.4344823956489563
4030,9,1,0.2589242458343506
4031,5,1,0.25922322273254395
4032,1,1,0.20531392097473145
4033,0,1,0.3623626232147217
4034,0,1,0.45449626445770264
4035,1,1,0.2004830241203308
4036,1,1,0.04720693826675415
4037,6,0,-0.17163315415382385
4038,2,1,0.5511692762374878
4039,1,1,0.2533732056617737
4040,9,1,0.047815173864364624
4041,8,1,0.030131936073303223
4042,4,1,0.34084075689315796
4043,0,1,0.583813488483429
4044,3,1,0.7288496494293213
4045,6,0,-0.06322658061981201
4046,4,1,0.05428144335746765
4047,9,1,0.2107861042022705
4048,0,1,1.329345464706421
4049,7,1,1.3692946434020996
4050,1,1,1.0427849292755127
4051,6,0,-0.17496252059936523
4052,5,1,0.34950417280197144
4053,7,1,0.8240823745727539
4054,5,1,0.40803301334381104
4055,2,1,0.045729368925094604
4056,5,1,0.4502652883529663
4057,1,1,0.46735984086990356
4058,8,1,0.5792490839958191
4059,5,1,0.8396637439727783
4060,4,1,0.25873756408691406
4061,7,1,0.5866469144821167
4062,0,1,-0.04072645306587219
4063,6,0,-0.10736638307571411
4064,7,1,0.8814258575439453
4065,0,1,0.5162052512168884
4066,2,1,0.47784876823425293
4067,5,1,0.3998710513114929
4068,8,1,0.6712114810943604
4069,1,1,0.11771780252456665
4070,0,1,0.5478228330612183
4071,4,1,0.10123622417449951
4072,5,1,0.6345417499542236
4073,7,1,0.8684146404266357
4074,1,1,0.483919620513916
4075,8,1,0.25363320112228394
4076,5,1,0.5735041499137878
4077,1,1,1.220458745956421
4078,9,1,0.43979692459106445
4079,0,1,0.5359037518501282
4080,0,1,0.6305948495864868
4081,6,0,-0.26987165212631226
4082,0,1,0.28479844331741333
4083,7,1,1.5428838729858398
4084,3,1,1.478269338607788
4085,1,1,0.22255158424377441
4086,8,1,0.07095247507095337
4087,3,1,0.6370552778244019
4088,9,1,0.21175432205200195
4089,7,1,0.5349339246749878
4090,0,1,0.5890928506851196
4091,0,1,0.21638739109039307
4092,8,1,-0.06709533929824829
4093,9,1,0.0401899516582489
4094,5,1,0.3519779443740845
4095,9,1,0.2719343900680542
4096,8,1,0.30073684453964233
4097,3,1,0.11272841691970825
4098,2,1,0.22615277767181396
4099,7,1,1.0072102546691895
4100,2,1,0.18040907382965088
4101,9,1,0.12198936939239502
4102,7,1,0.6589059829711914
4103,2,1,0.43104755878448486
4104,1,1,0.17230963706970215
4105,1,1,0.10498172044754028
4106,3,1,0.9373747110366821
4107,7,1,1.1872378587722778
4108,5,1,0.5629588961601257
4109,3,1,0.5198755860328674
4110,1,1,0.6622799634933472
4111,9,1,-0.04891526699066162
4112,8,1,0.3859022259712219
4113,2,1,0.22463268041610718
4114,2,1,0.860967755317688
4115,2,1,0.20044267177581787
4116,8,1,0.347364604473114
4117,8,1,0.3367149829864502
4118,5,1,0.4165745973587036
4119,7,1,0.9290645122528076
4120,3,1,0.7634541988372803
4121,8,1,0.39075756072998047
4122,9,1,0.308943510055542
4123,8,1,0.47535693645477295
4124,8,1,0.4075762629508972
4125,6,0,-0.15894007682800293
4126,8,1,0.17658287286758423
4127,2,1,0.5635547637939453
4128,3,1,1.0228887796401978
4129,9,1,0.5693758726119995
4130,7,1,0.4818546772003174
4131,5,1,0.721196174621582
4132,6,0,-0.29200220108032227
4133,2,1,0.6412801742553711
4134,9,1,0.17842018604278564
4135,2,1,0.5388919711112976
4136,8,1,0.3804755210876465
4137,8,1,0.0002529919147491455
4138,1,1,0.3924698829650879
4139,6,0,-0.08079633116722107
4140,8,1,1.2598353624343872
4141,8,1,0.4959453344345093
4142,7,1,0.7628931999206543
4143,9,1,0.009576380252838135
4144,1,1,0.18581700325012207
4145,8,1,0.20263361930847168
4146,0,1,0.711706280708313
4147,1,1,0.5708591938018799
4148,7,1,0.4443250298500061
4149,2,1,0.587572455406189
4150,0,1,0.48926979303359985
4151,7,1,0.7812840938568115
4152,5,1,0.4259912371635437
4153,1,1,0.12076318264007568
4154,9,1,0.047614097595214844
4155,0,1,0.6476174592971802
4156,2,1,0.16957902908325195
4157,0,1,-0.01653510332107544
4158,9,1,0.09518063068389893
4159,8,1,0.6263902187347412
4160,6,0,-0.28147149085998535
4161,2,1,0.16327691078186035
4162,3,1,0.18471688032150269
4163,9,1,0.3356402516365051
4164,3,1,0.6049704551696777
4165,8,1,-0.196487694978714
4166,0,1,0.12389296293258667
4167,2,1,0.17614102363586426
4168,1,1,0.12718719244003296
4169,1,1,0.25339460372924805
4170,1,1,1.0784331560134888
4171,1,1,0.13873827457427979
4172,4,1,0.6395566463470459
4173,2,1,0.49283546209335327
4174,9,1,0.04844936728477478
4175,7,1,1.3487842082977295
4176,2,1,0.5169674754142761
4177,5,1,-0.10831344127655029
4178,1,1,0.3800528049468994
4179,1,1,0.3064984083175659
4180,2,1,0.02255997061729431
4181,1,1,0.1926332712173462
4182,9,1,-0.010908424854278564
4183,9,1,0.2710610628128052
4184,9,1,0.373665452003479
4185,1,1,1.007782220840454
4186,0,1,0.06587082147598267
4187,2,1,2.0601959228515625
4188,0,1,0.8382139205932617
4189,2,1,0.3277868628501892
4190,1,1,0.47881078720092773
4191,1,1,0.2579214572906494
4192,4,1,0.23808377981185913
4193,6,0,-0.1913580298423767
4194,4,1,-0.022172152996063232
4195,1,1,0.12659740447998047
4196,5,1,0.7162210941314697
4197,4,1,0.007553219795227051
4198,9,1,0.12276089191436768
4199,7,1,1.0242009162902832
4200,7,1,0.8147825002670288
4201,1,1,0.5921300649642944
4202,5,1,0.47984474897384644
4203,6,0,0.014709413051605225
4204,2,1,-0.052020639181137085
4205,2,1,0.40543532371520996
4206,2,1,0.7201418876647949
4207,8,1,0.0983353853225708
4208,0,1,0.0016741156578063965
4209,6,0,-0.21951019763946533
4210,9,1,0.28282248973846436
4211,6,0,0.12725281715393066
4212,1,1,0.4661688804626465
4213,9,1,0.18090331554412842
4214,7,1,0.3521312475204468
4215,7,1,0.48059433698654175
4216,1,1,0.6951078176498413
4217,4,1,0.35045325756073
4218,8,1,0.09332984685897827
4219,5,1,0.4492605924606323
4220,3,1,0.28544139862060547
4221,4,1,0.06810307502746582
4222,3,1,0.19899845123291016
4223,4,1,0.11673271656036377
4224,9,1,1.1354622840881348
4225,7,1,0.3039613366127014
4226,5,1,0.43058401346206665
4227,0,1,0.06965973973274231
4228,7,1,0.2497462034225464
4229,4,1,0.20484143495559692
4230,8,1,0.3348308205604553
4231,8,1,0.46203792095184326
4232,1,1,0.8297033309936523
4233,5,1,0.27083128690719604
4234,3,1,0.468162477016449
4235,9,1,0.7072768211364746
4236,5,1,0.2785133123397827
4237,9,1,0.16693085432052612
4238,7,1,1.0648632049560547
4239,6,0,-0.19012781977653503
4240,9,1,0.16414356231689453
4241,0,1,0.3973010778427124
4242,3,1,0.43521904945373535
4243,6,0,-0.1029672622680664
4244,3,1,0.21817564964294434
4245,9,1,0.1453416347503662
4246,8,1,0.37197625637054443
4247,2,1,0.5523645877838135
4248,2,1,1.2901325225830078
4249,1,1,-0.10885325074195862
4250,2,1,0.6241117715835571
4251,8,1,0.5166795253753662
4252,6,0,-0.2510826587677002
4253,8,1,0.06822448968887329
4254,5,1,0.4149491786956787
4255,5,1,0.35321295261383057
4256,3,1,0.32924938201904297
4257,9,1,-0.06028348207473755
4258,4,1,0.7802720069885254
4259,9,1,-0.058988869190216064
4260,2,1,0.6278409957885742
4261,5,1,0.5321289896965027
4262,1,1,0.23953187465667725
4263,5,1,1.0118249654769897
4264,1,1,0.38204216957092285
4265,4,1,-0.059108853340148926
4266,4,1,0.14428651332855225
4267,1,1,0.12513703107833862
4268,4,1,0.9437284469604492
4269,4,1,-0.0014210939407348633
4270,3,1,0.258803129196167
4271,5,1,0.7366881370544434
4272,9,1,0.223322331905365
4273,1,1,0.5273047685623169
4274,2,1,0.35572779178619385
4275,2,1,0.19402748346328735
4276,3,1,0.8599907159805298
4277,3,1,0.735802412033081
4278,0,1,0.6775368452072144
4279,2,1,0.3982096314430237
4280,9,1,0.1575554609298706
4281,0,1,-0.08315625786781311
4282,0,1,0.38538992404937744
4283,9,1,0.11968278884887695
4284,9,1,0.4204213619232178
4285,6,0,-0.2416868656873703
4286,0,1,0.5822427272796631
4287,9,1,-0.00485876202583313
4288,3,1,0.8204290866851807
4289,2,1,0.7202472686767578
4290,8,1,0.03748878836631775
4291,4,1,0.4281651973724365
4292,1,1,0.23253583908081055
4293,9,1,0.16491079330444336
4294,9,1,0.29251301288604736
4295,7,1,1.983837604522705
4296,2,1,-0.05958127975463867
4297,7,1,0.6767696142196655
4298,9,1,1.082340955734253
4299,9,1,0.8750925064086914
4300,5,1,0.11780959367752075
4301,9,1,0.13438862562179565
4302,5,1,1.2018063068389893
4303,1,1,0.29184603691101074
4304,1,1,0.544649064540863
4305,8,1,0.5391985774040222
4306,3,1,1.013946294784546
4307,5,1,0.9310145378112793
4308,1,1,0.233254075050354
4309,9,1,0.043469369411468506
4310,5,1,0.5430581569671631
4311,3,1,0.32805681228637695
4312,5,1,1.1551544666290283
4313,4,1,0.39149224758148193
4314,9,1,1.1474717855453491
4315,5,1,-0.0419372022151947
4316,9,1,0.6993038654327393
4317,3,1,0.9991683959960938
4318,1,1,0.2917296886444092
4319,9,1,-0.10278752446174622
4320,0,1,0.19353711605072021
4321,9,1,0.333782434463501
4322,7,1,0.42893946170806885
4323,5,1,0.8134918212890625
4324,4,1,0.44975489377975464
4325,9,1,0.5075490474700928
4326,2,1,0.006968259811401367
4327,0,1,0.854423999786377
4328,1,1,0.43584513664245605
4329,0,1,0.5172492861747742
4330,5,1,0.10633158683776855
4331,1,1,0.32508647441864014
4332,4,1,0.30354970693588257
4333,9,1,-0.24002070724964142
4334,3,1,0.13846325874328613
4335,3,1,1.140641689300537
4336,6,0,-0.2315390408039093
4337,1,1,0.14171350002288818
4338,5,1,0.28191685676574707
4339,2,1,1.3524222373962402
4340,5,1,0.4485158324241638
4341,2,1,0.3640826940536499
4342,2,1,0.14744019508361816
4343,0,1,0.16732430458068848
4344,9,1,1.3561773300170898
4345,2,1,0.06331387162208557
4346,6,0,-0.2662554383277893
4347,6,0,-0.25542914867401123
4348,0,1,0.4368976354598999
4349,1,1,-0.06411474943161011
4350,2,1,0.6568201780319214
4351,0,1,0.4633365869522095
4352,3,1,0.9247970581054688
4353,0,1,0.7246358394622803
4354,2,1,0.9098873138427734
4355,5,1,0.2926483750343323
4356,5,1,0.48161035776138306
4357,7,1,1.2360048294067383
4358,9,1,0.8548349142074585
4359,5,1,1.0522109270095825
4360,5,1,0.20027542114257812
4361,0,1,-0.062170714139938354
4362,8,1,-0.11298578977584839
4363,9,1,0.07787060737609863
4364,5,1,0.211076557636261
4365,0,1,0.12037718296051025
4366,3,1,0.9364073276519775
4367,2,1,0.43887150287628174
4368,5,1,0.2851276397705078
4369,9,1,0.657363772392273
4370,0,1,0.38432490825653076
4371,8,1,0.2912389636039734
4372,8,1,0.13558846712112427
4373,4,1,-0.09159931540489197
4374,5,1,0.25456172227859497
4375,8,1,0.532367467880249
4376,8,1,0.36140286922454834
4377,4,1,0.32874584197998047
4378,5,1,0.24056029319763184
4379,4,1,0.0453987717628479
4380,8,1,-0.04539144039154053
4381,5,1,0.5063033699989319
4382,4,1,0.20927345752716064
4383,9,1,0.23561561107635498
4384,2,1,0.48688310384750366
4385,2,1,0.32303494215011597
4386,1,1,0.45731258392333984
4387,2,1,0.3054577112197876
4388,6,0,-0.21221287548542023
4389,8,1,0.25638115406036377
4390,8,1,0.6375224590301514
4391,7,1,0.5203059911727905
4392,0,1,0.2777526378631592
4393,3,1,0.9860837459564209
4394,6,0,-0.09273654222488403
4395,6,0,-0.09763684868812561
4396,4,1,0.27623534202575684
4397,3,1,0.36286360025405884
4398,8,1,0.42495208978652954
4399,8,1,-0.08477571606636047
4400,7,1,0.991963267326355
4401,2,1,0.6847498416900635
4402,2,1,1.1742299795150757
4403,0,1,0.274524986743927
4404,0,1,0.6891589164733887
4405,9,1,0.077302485704422
4406,3,1,0.25633108615875244
4407,9,1,0.5674931406974792
4408,9,1,0.16274785995483398
4409,1,1,0.32728374004364014
4410,9,1,1.0095645189285278
4411,8,1,0.5166975855827332
4412,6,0,-0.24659910798072815
4413,6,0,-0.2661627531051636
4414,4,1,0.49560195207595825
4415,2,1,0.11609131097793579
4416,6,0,-0.03403231501579285
4417,9,1,0.06563717126846313
4418,2,1,0.3736259937286377
4419,8,1,0.5862936973571777
4420,5,1,0.3141610622406006
4421,4,1,0.11223399639129639
4422,5,1,0.18131577968597412
4423,7,1,0.3378108739852905
4424,9,1,0.504859447479248
4425,9,1,-0.06076774001121521
4426,9,1,0.3486597537994385
4427,2,1,0.8592467308044434
4428,1,1,0.008715510368347168
4429,8,1,-0.16986428201198578
4430,3,1,0.6590589284896851
4431,4,1,0.38154810667037964
4432,0,1,0.44971299171447754
4433,7,1,0.06568965315818787
4434,8,1,0.06775662302970886
4435,3,1,0.5306767225265503
4436,9,1,-0.06561547517776489
4437,3,1,1.4042272567749023
4438,4,1,-0.05417245626449585
4439,6,0,0.07708528637886047
4440,5,1,0.47621649503707886
4441,6,0,-0.18213525414466858
4442,2,1,0.05646759271621704
4443,3,1,0.944196343421936
4444,9,1,0.10676604509353638
4445,2,1,0.8063876628875732
4446,6,0,-0.16544502973556519
4447,0,1,0.09611821174621582
4448,0,1,0.42894446849823
4449,6,0,-0.0425645112991333
4450,1,1,0.3182571530342102
4451,2,1,0.6048977375030518
4452,8,1,0.22578811645507812
4453,7,1,1.6066770553588867
4454,9,1,0.30998462438583374
4455,8,1,0.487923264503479
4456,2,1,0.3315262794494629
4457,0,1,0.25543850660324097
4458,4,1,1.0002152919769287
4459,7,1,0.9924023151397705
4460,7,1,0.3699861764907837
4461,5,1,1.1327227354049683
4462,0,1,0.329916775226593
4463,5,1,0.2848057746887207
4464,6,0,-0.06714111566543579
4465,4,1,0.8546885251998901
4466,6,0,-0.22508937120437622
4467,7,1,0.7332136631011963
4468,4,1,0.1824626922607422
4469,3,1,0.36490607261657715
4470,0,1,0.3318355679512024
4471,7,1,0.939563512802124
4472,5,1,-0.040928155183792114
4473,0,1,0.20565342903137207
4474,7,1,0.9343259334564209
4475,4,1,0.3889780044555664
4476,2,1,0.32479923963546753
4477,0,1,-0.05986076593399048
4478,8,1,-0.2160501480102539
4479,9,1,0.4388554096221924
4480,9,1,0.302112340927124
4481,4,1,0.4773595929145813
4482,2,1,0.005637913942337036
4483,4,1,0.33624815940856934
4484,6,0,-0.1741834580898285
4485,7,1,0.7090103626251221
4486,8,1,0.13578331470489502
4487,7,1,1.3780758380889893
4488,6,0,-0.12014901638031006
4489,9,1,0.46325576305389404
4490,4,1,0.6738301515579224
4491,1,1,0.49407410621643066
4492,3,1,0.7830747365951538
4493,7,1,1.7909400463104248
4494,3,1,-0.05099773406982422
4495,0,1,0.3556920289993286
4496,8,1,0.30963361263275146
4497,8,1,0.3521433472633362
4498,7,1,0.35532641410827637
4499,6,0,-0.07521650195121765
4500,9,1,0.8636636734008789
4501,3,1,0.27543914318084717
4502,9,1,0.15759170055389404
4503,2,1,0.269802451133728
4504,2,1,0.8348054885864258
4505,9,1,-0.022641122341156006
4506,2,1,0.6654919385910034
4507,1,1,0.43631571531295776
4508,8,1,0.4366722106933594
4509,3,1,0.20552873611450195
4510,2,1,0.48665130138397217
4511,9,1,0.7717189788818359
4512,6,0,-0.14722174406051636
4513,8,1,0.2190248966217041
4514,4,1,0.22050923109054565
4515,0,1,0.1801081895828247
4516,1,1,0.058938682079315186
4517,2,1,-0.005758166313171387
4518,8,1,0.09434974193572998
4519,4,1,0.3661186695098877
4520,5,1,0.6064014434814453
4521,2,1,1.1750054359436035
4522,7,1,0.525291383266449
4523,8,1,0.49696433544158936
4524,1,1,0.19644498825073242
4525,1,1,0.47125089168548584
4526,3,1,0.4841538071632385
4527,0,1,1.5213191509246826
4528,3,1,0.5684582591056824
4529,5,1,0.29872483015060425
4530,7,1,0.5626851320266724
4531,0,1,0.5125293731689453
4532,3,1,0.4561179280281067
4533,1,1,0.7667114734649658
4534,9,1,0.13972604274749756
4535,3,1,0.5665268898010254
4536,6,0,-0.15010225772857666
4537,3,1,0.9669800996780396
4538,1,1,0.32140225172042847
4539,7,1,0.4188801050186157
4540,7,1,0.7612224817276001
4541,3,1,0.4527895450592041
4542,0,1,0.21016794443130493
4543,8,1,0.19101226329803467
4544,4,1,0.3425942063331604
4545,8,1,0.22044771909713745
4546,2,1,0.6569408178329468
4547,6,0,-0.05661135911941528
4548,5,1,-0.21361291408538818
4549,2,1,0.4789944887161255
4550,9,1,0.0868484377861023
4551,7,1,0.4234049320220947
4552,3,1,0.3273059129714966
4553,9,1,0.07461971044540405
4554,0,1,0.2178572416305542
4555,9,1,0.020936518907546997
4556,9,1,0.3573359251022339
4557,6,0,-0.16224360466003418
4558,4,1,0.026541531085968018
4559,2,1,0.3588893413543701
4560,9,1,-0.04684168100357056
4561,7,1,0.8478374481201172
4562,2,1,0.500900149345398
4563,1,1,0.8287001848220825
4564,1,1,-0.017036139965057373
4565,6,0,-0.19217419624328613
4566,7,1,0.324204683303833
4567,4,1,0.4329153299331665
4568,7,1,1.3823738098144531
4569,5,1,0.26386821269989014
4570,9,1,0.18050485849380493
4571,6,0,-0.16109320521354675
4572,8,1,0.2726595401763916
4573,2,1,0.7286138534545898
4574,1,1,0.03207266330718994
4575,4,1,0.4733220934867859
4576,4,1,0.5168427228927612
4577,5,1,2.0115418434143066
4578,7,1,0.35496020317077637
4579,6,0,-0.2561624050140381
4580,1,1,0.36478203535079956
4581,3,1,0.4114863872528076
4582,2,1,-0.05188825726509094
4583,5,1,0.8988826274871826
4584,9,1,0.10504257678985596
4585,9,1,0.0016903281211853027
4586,3,1,1.516763687133789
4587,6,0,-0.22598545253276825
4588,1,1,0.5692718029022217
4589,1,1,0.6666550636291504
4590,4,1,0.4378334879875183
4591,6,0,-0.32280653715133667
4592,9,1,0.10011720657348633
4593,7,1,0.42624586820602417
4594,2,1,1.3830337524414062
4595,1,1,0.08833765983581543
4596,5,1,0.7686460018157959
4597,1,1,0.5412498116493225
4598,4,1,0.053236693143844604
4599,6,0,-0.2022610902786255
4600,3,1,0.823871374130249
4601,8,1,0.5079513192176819
4602,1,1,0.0893285870552063
4603,1,1,0.3700755834579468
4604,0,1,-0.019020378589630127
4605,3,1,0.09188294410705566
4606,1,1,0.37588465213775635
4607,6,0,-0.19760066270828247
4608,8,1,0.03314769268035889
4609,4,1,0.24090641736984253
4610,9,1,0.2788701057434082
4611,0,1,0.32824981212615967
4612,7,1,1.3675259351730347
4613,3,1,0.4906057119369507
4614,0,1,-0.18907403945922852
4615,2,1,-0.0020911097526550293
4616,9,1,0.032248854637145996
4617,0,1,0.12917816638946533
4618,6,0,-0.03609907627105713
4619,6,0,-0.18117403984069824
4620,6,0,0.15061140060424805
4621,3,1,0.4433131217956543
4622,6,0,0.07234439253807068
4623,7,1,0.6566824913024902
4624,7,1,2.1369080543518066
4625,2,1,1.2107287645339966
4626,8,1,0.21826618909835815
4627,6,0,-0.19620302319526672
4628,0,1,1.1040183305740356
4629,8,1,0.37546175718307495
4630,3,1,1.2107971906661987
4631,0,1,0.12678945064544678
4632,2,1,0.15408188104629517
4633,9,1,0.2363874912261963
4634,8,1,0.0946739912033081
4635,3,1,0.7043298482894897
4636,2,1,0.1456640362739563
4637,5,1,0.5719356536865234
4638,3,1,0.3939736485481262
4639,8,1,0.28526604175567627
4640,8,1,0.6224658489227295
4641,0,1,0.705406665802002
4642,0,1,0.7306337356567383
4643,1,1,0.2156158685684204
4644,9,1,0.09636056423187256
4645,5,1,0.1256035566329956
4646,1,1,0.6837947368621826
4647,3,1,0.2833585739135742
4648,9,1,0.1949397325515747
4649,6,0,-0.28542232513427734
4650,0,1,0.028678327798843384
4651,1,1,0.2790343761444092
4652,4,1,0.9929585456848145
4653,1,1,0.16911524534225464
4654,7,1,0.20398008823394775
4655,1,1,-0.05036619305610657
4656,2,1,0.08204048871994019
4657,3,1,1.23090660572052
4658,7,1,0.5731580257415771
4659,9,1,0.5237130522727966
4660,7,1,0.1995917558670044
4661,4,1,0.1972774863243103
4662,9,1,0.16120457649230957
4663,9,1,0.22700226306915283
4664,3,1,0.6085387468338013
4665,9,1,0.5414807200431824
4666,2,1,0.8440015316009521
4667,8,1,0.2225102186203003
4668,2,1,0.5964175462722778
4669,7,1,1.3751065731048584
4670,1,1,0.3241671323776245
4671,8,1,0.014919042587280273
4672,0,1,0.025507986545562744
4673,9,1,0.0322093665599823
4674,1,1,0.19190049171447754
4675,0,1,0.324258029460907
4676,1,1,0.9225965738296509
4677,7,1,1.071306824684143
4678,7,1,1.0586271286010742
4679,9,1,0.42866581678390503
4680,6,0,-0.11326205730438232
4681,9,1,0.1492931842803955
4682,9,1,0.6195136308670044
4683,9,1,0.18704599142074585
4684,2,1,0.2319859266281128
4685,1,1,0.32296645641326904
4686,6,0,-0.06208348274230957
4687,1,1,0.2204917073249817
4688,3,1,0.44344550371170044
4689,5,1,0.08250454068183899
4690,7,1,0.47761237621307373
4691,1,1,0.00011372566223144531
4692,9,1,0.26503312587738037
4693,7,1,0.47135090827941895
4694,6,0,-0.31379711627960205
4695,4,1,0.1036689281463623
4696,5,1,0.3787750005722046
4697,7,1,0.7215921878814697
4698,6,0,-0.3033640384674072
4699,6,0,0.6803053617477417
4700,9,1,0.19280481338500977
4701,9,1,0.2882029414176941
4702,6,0,0.06653052568435669
4703,3,1,0.540130615234375
4704,6,0,-0.13448724150657654
4705,2,1,0.12876272201538086
4706,9,1,0.013902366161346436
4707,8,1,0.21554875373840332
4708,1,1,0.08377969264984131
4709,2,1,0.3708880543708801
4710,2,1,0.31938594579696655
4711,5,1,0.5727902054786682
4712,5,1,0.6308033466339111
4713,2,1,0.08931910991668701
4714,3,1,0.7089486122131348
4715,7,1,1.1041431427001953
4716,2,1,0.15957307815551758
4717,1,1,0.2842212915420532
4718,0,1,0.5851279497146606
4719,1,1,0.6293772459030151
4720,0,1,0.4660334587097168
4721,4,1,0.39514780044555664
4722,5,1,2.1009521484375
4723,2,1,0.6975407600402832
4724,8,1,-0.13378822803497314
4725,2,1,0.8140180110931396
4726,8,1,0.06271463632583618
4727,3,1,0.21497249603271484
4728,5,1,1.1244206428527832
4729,1,1,0.1739799976348877
4730,7,1,1.3200790882110596
4731,8,1,0.16602063179016113
4732,1,1,0.3933025002479553
4733,1,1,0.419580340385437
4734,2,1,0.13523799180984497
4735,9,1,0.5115455389022827
4736,7,1,0.8536698818206787
4737,8,1,-0.027631282806396484
4738,4,1,-0.0346529483795166
4739,0,1,0.13295477628707886
4740,3,1,0.17855429649353027
4741,0,1,0.5225642323493958
4742,7,1,0.6366236209869385
4743,8,1,-0.22103586792945862
4744,8,1,0.2099597454071045
4745,4,1,0.013818204402923584
4746,7,1,0.2724175453186035
4747,7,1,1.2249634265899658
4748,8,1,0.5614786148071289
4749,5,1,0.5843330025672913
4750,8,1,0.08199545741081238
4751,4,1,-0.05191144347190857
4752,9,1,0.08521902561187744
4753,8,1,0.528253436088562
4754,1,1,0.15466201305389404
4755,3,1,0.09087991714477539
4756,8,1,0.6698598861694336
4757,0,1,0.7213590145111084
4758,3,1,0.9367523193359375
4759,1,1,0.8285062313079834
4760,7,1,1.0382800102233887
4761,9,1,0.8414111137390137
4762,5,1,0.44896113872528076
4763,5,1,0.2934582233428955
4764,1,1,0.13078248500823975
4765,6,0,0.04039520025253296
4766,5,1,0.383084774017334
4767,7,1,0.7107424736022949
4768,4,1,0.4232064485549927
4769,9,1,0.23012465238571167
4770,3,1,0.530475378036499
4771,5,1,0.28686797618865967
4772,4,1,0.3713999390602112
4773,7,1,1.352582573890686
4774,1,1,0.2628692388534546
4775,2,1,0.1360185742378235
4776,0,1,-0.050904691219329834
4777,8,1,0.09585297107696533
4778,1,1,0.4669612646102905
4779,6,0,-0.21963456273078918
4780,0,1,0.7198154926300049
4781,7,1,1.5848784446716309
4782,3,1,0.8447669744491577
4783,4,1,-0.10294681787490845
4784,7,1,0.8657058477401733
4785,3,1,0.19031941890716553
4786,9,1,0.30100536346435547
4787,6,0,-0.3455459475517273
4788,0,1,0.25646883249282837
4789,8,1,0.14822101593017578
4790,6,0,-0.08783620595932007
4791,4,1,0.07849344611167908
4792,8,1,0.45381879806518555
4793,7,1,1.1909805536270142
4794,7,1,0.3392380475997925
4795,9,1,0.15549302101135254
4796,3,1,1.4255988597869873
4797,8,1,0.14498889446258545
4798,6,0,0.07274749875068665
4799,9,1,0.1486039161682129
4800,7,1,1.2937920093536377
4801,2,1,0.2898191213607788
4802,3,1,1.2343156337738037
4803,4,1,0.2941285967826843
4804,0,1,0.007034003734588623
4805,2,1,0.809059739112854
4806,1,1,0.5055303573608398
4807,8,1,0.27238231897354126
4808,3,1,0.3725646734237671
4809,5,1,0.24683117866516113
4810,5,1,1.2179956436157227
4811,7,1,1.1887913942337036
4812,2,1,0.11893904209136963
4813,4,1,0.4333573579788208
4814,6,0,0.1344701051712036
4815,7,1,1.6780962944030762
4816,2,1,0.7680057287216187
4817,8,1,0.15403378009796143
4818,3,1,0.6930495500564575
4819,0,1,0.3144165277481079
4820,8,1,0.444301962852478
4821,7,1,0.6715950965881348
4822,8,1,0.3373689651489258
4823,9,1,0.07680732011795044
4824,0,1,0.44419312477111816
4825,8,1,0.5216052532196045
4826,4,1,0.8805453777313232
4827,4,1,0.21736294031143188
4828,5,1,0.012727439403533936
4829,8,1,0.33600056171417236
4830,5,1,0.5047543048858643
4831,6,0,-0.176106259226799
4832,6,0,-0.3160879611968994
4833,3,1,0.19630855321884155
4834,0,1,-0.06949102878570557
4835,9,1,0.3667195439338684
4836,3,1,0.6398177146911621
4837,7,1,0.6554515361785889
4838,6,0,-0.09006533026695251
4839,8,1,0.23333799839019775
4840,9,1,0.06265076994895935
4841,3,1,0.13108497858047485
4842,4,1,0.3903210759162903
4843,9,1,0.08238920569419861
4844,5,1,0.7329185009002686
4845,8,1,0.659178614616394
4846,9,1,0.09447705745697021
4847,1,1,0.9999802112579346
4848,2,1,0.3420109748840332
4849,8,1,0.025332331657409668
4850,8,1,0.6678464412689209
4851,6,0,-0.12480276823043823
4852,8,1,0.015784025192260742
4853,1,1,0.08689379692077637
4854,3,1,0.6209883689880371
4855,7,1,0.19343912601470947
4856,9,1,0.5751413106918335
4857,0,1,0.8215548992156982
4858,1,1,0.18003952503204346
4859,1,1,0.08776706457138062
4860,4,1,0.07126778364181519
4861,7,1,0.5511911511421204
4862,0,1,0.8948442935943604
4863,8,1,0.11043238639831543
4864,1,1,1.0493483543395996
4865,7,1,0.6077673435211182
4866,4,1,0.45871758460998535
4867,5,1,0.3721879720687866
4868,7,1,0.8476715087890625
4869,1,1,0.21694588661193848
4870,2,1,0.13784313201904297
4871,1,1,2.6437346935272217
4872,1,1,0.3367955684661865
4873,3,1,0.47603464126586914
4874,9,1,0.2027023434638977
4875,6,0,-0.2208767682313919
4876,2,1,0.6232967376708984
4877,1,1,-0.1990719884634018
4878,2,1,0.799778938293457
4879,8,1,0.27204430103302
4880,0,1,0.8309736251831055
4881,7,1,0.6069267988204956
4882,6,0,-0.18485811352729797
4883,6,0,-0.12904426455497742
4884,9,1,0.1078076958656311
4885,3,1,0.3732583522796631
4886,7,1,0.7137064933776855
4887,0,1,0.5471659898757935
4888,5,1,1.0498422384262085
4889,2,1,0.2844756841659546
4890,8,1,0.07397404313087463
4891,0,1,0.18062293529510498
4892,5,1,0.8203508853912354
4893,4,1,0.5120729207992554
4894,3,1,0.7937881946563721
4895,8,1,-0.03250911831855774
4896,4,1,0.2970050573348999
4897,6,0,-0.2992848753929138
4898,6,0,-0.2482690066099167
4899,2,1,0.15350037813186646
4900,7,1,0.7045953273773193
4901,9,1,0.37169790267944336
4902,5,1,0.6198627948760986
4903,1,1,0.17998963594436646
4904,3,1,0.7180147171020508
4905,2,1,0.8605918884277344
4906,4,1,0.38723206520080566
4907,3,1,0.7912286520004272
4908,6,0,-0.247873455286026
4909,1,1,0.6563975811004639
4910,9,1,0.14994436502456665
4911,4,1,-0.06420624256134033
4912,4,1,0.15067404508590698
4913,7,1,1.8024909496307373
4914,6,0,-0.19856813549995422
4915,5,1,0.058173030614852905
4916,4,1,0.614474892616272
4917,1,1,0.42842739820480347
4918,9,1,0.3690294027328491
4919,9,1,-0.10096365213394165
4920,2,1,0.03299322724342346
4921,7,1,0.721163272857666
4922,8,1,0.1395280957221985
4923,0,1,-0.03370097279548645
4924,1,1,0.09673762321472168
4925,3,1,0.00615200400352478
4926,6,0,-0.16615144908428192
4927,1,1,0.3366129398345947
4928,3,1,0.5736219882965088
4929,4,1,0.38515400886535645
4930,1,1,0.466000497341156
4931,1,1,0.21272552013397217
4932,1,1,0.21882307529449463
4933,5,1,0.21202242374420166
4934,6,0,-0.2858753204345703
4935,0,1,0.370161771774292
4936,7,1,0.957865834236145
4937,0,1,1.3407151699066162
4938,7,1,0.69115149974823
4939,2,1,0.7326023578643799
4940,3,1,0.9914596080780029
4941,2,1,0.18999314308166504
4942,5,1,0.6015095710754395
4943,2,1,0.5431030988693237
4944,2,1,0.27253299951553345
4945,9,1,0.08201181888580322
4946,4,1,0.86687171459198
4947,9,1,0.2975895404815674
4948,8,1,0.17470711469650269
4949,1,1,0.3408113121986389
4950,2,1,0.9640637636184692
4951,1,1,0.5292211771011353
4952,6,0,-0.16820581257343292
4953,1,1,0.06157577037811279
4954,2,1,0.7380650043487549
4955,7,1,1.279939889907837
4956,8,1,-0.05184352397918701
4957,0,1,-0.12651440501213074
4958,0,1,0.3053410053253174
4959,0,1,0.2520263195037842
4960,8,1,-0.03447455167770386
4961,2,1,0.2833271026611328
4962,2,1,0.6317758560180664
4963,9,1,0.5257147550582886
4964,2,1,0.2171536087989807
4965,2,1,0.3721294403076172
4966,7,1,1.2669273614883423
4967,9,1,-0.035499751567840576
4968,9,1,0.7864885330200195
4969,2,1,1.4251704216003418
4970,7,1,0.8839861154556274
4971,5,1,0.17164254188537598
4972,1,1,0.279308021068573
4973,3,1,0.48742401599884033
4974,4,1,0.018864452838897705
4975,9,1,0.03548938035964966
4976,4,1,0.9094110727310181
4977,1,1,0.11771434545516968
4978,8,1,0.2639872431755066
4979,5,1,0.6510958671569824
4980,6,0,0.028033137321472168
4981,2,1,0.4620360732078552
4982,8,1,0.07821863889694214
4983,3,1,0.640870213508606
4984,1,1,0.3149152994155884
4985,2,1,0.07984837889671326
4986,8,1,0.05019661784172058
4987,4,1,0.05149644613265991
4988,9,1,0.3327952027320862
4989,9,1,0.44486337900161743
4990,3,1,0.19437503814697266
4991,7,1,1.197216272354126
4992,0,1,0.47286343574523926
4993,7,1,0.620023250579834
4994,7,1,0.2894101142883301
4995,2,1,0.34176206588745117
4996,3,1,0.4174530506134033
4997,2,1,0.17699456214904785
4998,4,1,0.30928611755371094
4999,0,1,0.36782509088516235
5000,3,1,0.5236141681671143
5001,9,1,0.13212645053863525
5002,9,1,0.009139448404312134
5003,8,1,0.29342466592788696
5004,4,1,0.2689949870109558
5005,1,1,0.2882019281387329
5006,0,1,0.40669286251068115
5007,6,0,-0.22522398829460144
5008,0,1,0.14835071563720703
5009,9,1,0.32897448539733887
5010,6,0,-0.28855663537979126
5011,8,1,0.21278417110443115
5012,6,0,-0.2079237401485443
5013,1,1,0.16195738315582275
5014,1,1,0.2961161732673645
5015,9,1,-0.14024728536605835
5016,8,1,-0.023751825094223022
5017,9,1,0.22492384910583496
5018,2,1,0.05808994174003601
5019,3,1,0.5166264772415161
5020,5,1,0.01191788911819458
5021,5,1,0.3893119692802429
5022,9,1,-0.09048610925674438
5023,4,1,0.17408227920532227
5024,2,1,0.20415431261062622
5025,1,1,0.2557649612426758
5026,9,1,0.3717968463897705
5027,4,1,0.3683910369873047
5028,3,1,0.553314745426178
5029,9,1,0.2028813362121582
5030,6,0,-0.17184975743293762
5031,0,1,0.418864905834198
5032,4,1,0.3816988468170166
5033,0,1,0.31043779850006104
5034,6,0,-0.2923673987388611
5035,0,1,-0.16655230522155762
5036,1,1,-0.004690885543823242
5037,2,1,0.11067330837249756
5038,3,1,0.0628892183303833
5039,4,1,0.29104626178741455
5040,7,1,0.9831864833831787
5041,8,1,0.4967198371887207
5042,9,1,0.45406079292297363
5043,0,1,-0.05855652689933777
5044,1,1,0.32143139839172363
5045,2,1,0.4351397752761841
5046,3,1,-0.06537282466888428
5047,4,1,0.42674219608306885
5048,7,1,1.0037084817886353
5049,8,1,0.1299675703048706
5050,9,1,0.7624019384384155
5051,0,1,-0.01667308807373047
5052,1,1,0.36822986602783203
5053,2,1,0.43421030044555664
5054,3,1,0.1030617356300354
5055,4,1,0.29071879386901855
5056,5,1,2.068600654602051
5057,6,0,-0.1857990324497223
5058,7,1,0.9975173473358154
5059,8,1,0.5647405385971069
5060,9,1,0.35498809814453125
5061,8,1,0.2756217122077942
5062,3,1,0.607521653175354
5063,4,1,0.486902117729187
5064,7,1,1.382839322090149
5065,8,1,0.30947017669677734
5066,6,0,-0.20678794384002686
5067,3,1,0.1420964002609253
5068,4,1,0.25269055366516113
5069,0,1,0.2885664701461792
5070,9,1,0.08500957489013672
5071,7,1,0.9030578136444092
5072,1,1,0.05062979459762573
5073,9,1,0.20760023593902588
5074,3,1,0.4646119475364685
5075,8,1,0.4722895622253418
5076,4,1,0.4063955545425415
5077,7,1,1.027976393699646
5078,3,1,0.1978711485862732
5079,0,1,0.09293234348297119
5080,9,1,0.32626503705978394
5081,1,1,0.02973499894142151
5082,4,1,0.6421771049499512
5083,5,1,2.3297293186187744
5084,4,1,0.3245882987976074
5085,6,0,-0.20836414396762848
5086,2,1,0.0716005265712738
5087,0,1,0.34979283809661865
5088,6,0,-0.23629140853881836
5089,2,1,0.3680107593536377
5090,1,1,0.22548270225524902
5091,1,1,0.14092326164245605
5092,1,1,0.06924569606781006
5093,1,1,0.031023651361465454
5094,7,1,0.43166375160217285
5095,2,1,0.2676037549972534
5096,4,1,0.7539316415786743
5097,7,1,0.38682371377944946
5098,5,1,0.09866482019424438
5099,2,1,0.2740427255630493
5100,9,1,0.15949338674545288
5101,4,1,0.4991295337677002
5102,5,1,0.03222000598907471
5103,8,1,0.1921091079711914
5104,4,1,0.03973495960235596
5105,2,1,0.14061737060546875
5106,9,1,0.5590376853942871
5107,7,1,0.7842276096343994
5108,0,1,-0.02848675847053528
5109,0,1,0.5197027325630188
5110,7,1,0.5896553993225098
5111,5,1,1.0290859937667847
5112,1,1,0.09187871217727661
5113,1,1,0.25943416357040405
5114,7,1,1.0606101751327515
5115,6,0,-0.18976254761219025
5116,6,0,-0.24672704935073853
5117,6,0,-0.21668937802314758
5118,8,1,0.10505169630050659
5119,2,1,0.15426838397979736
5120,2,1,0.09285080432891846
5121,7,1,0.42251598834991455
5122,7,1,0.7077345848083496
5123,4,1,0.0898282527923584
5124,0,1,0.15977346897125244
5125,2,1,0.07060703635215759
5126,4,1,0.7521891593933105
5127,2,1,0.06723913550376892
5128,1,1,0.18142521381378174
5129,8,1,0.3006598949432373
5130,9,1,0.5685106515884399
5131,6,0,-0.2210143357515335
5132,1,1,0.14527136087417603
5133,0,1,0.20411431789398193
5134,5,1,1.219894528388977
5135,9,1,0.28701525926589966
5136,6,0,-0.2052570879459381
5137,9,1,0.633629560470581
5138,8,1,0.3986017107963562
5139,0,1,0.38547956943511963
5140,3,1,0.3890794515609741
5141,0,1,0.4460562467575073
5142,8,1,0.6501380205154419
5143,3,1,-0.0006339550018310547
5144,9,1,0.37320131063461304
5145,6,0,-0.20077186822891235
5146,3,1,0.10234087705612183
5147,0,1,0.31657183170318604
5148,1,1,0.013014048337936401
5149,2,1,0.36601436138153076
5150,3,1,0.8460781574249268
5151,4,1,0.5465948581695557
5152,5,1,0.2821785807609558
5153,6,0,-0.14094427227973938
5154,7,1,1.0669599771499634
5155,0,1,0.03945818543434143
5156,1,1,0.12706995010375977
5157,2,1,0.934607744216919
5158,3,1,0.6282539367675781
5159,4,1,0.23825174570083618
5160,5,1,0.20885318517684937
5161,6,0,-0.2041882872581482
5162,7,1,1.3323901891708374
5163,8,1,0.22706633806228638
5164,9,1,1.0035444498062134
5165,0,1,0.25936776399612427
5166,1,1,0.35525351762771606
5167,2,1,0.11896747350692749
5168,3,1,0.8493270874023438
5169,4,1,0.42594075202941895
5170,5,1,0.5884350538253784
5171,6,0,-0.13009852170944214
5172,7,1,0.8626670837402344
5173,8,1,-0.060017287731170654
5174,5,1,0.5285702347755432
5175,4,1,0.4461275339126587
5176,8,1,0.6821694374084473
5177,7,1,1.0981872081756592
5178,4,1,0.6740880012512207
5179,7,1,0.7358617782592773
5180,7,1,0.8334074020385742
5181,3,1,0.8010286092758179
5182,9,1,0.8854796886444092
5183,8,1,0.8583471775054932
5184,8,1,0.29565465450286865
5185,3,1,0.7429471015930176
5186,1,1,0.302435040473938
5187,5,1,0.31243598461151123
5188,8,1,0.12613540887832642
5189,2,1,0.08245730400085449
5190,7,1,0.7951912879943848
5191,4,1,0.5445590615272522
5192,2,1,0.9829740524291992
5193,1,1,0.601226806640625
5194,5,1,0.2741084098815918
5195,4,1,-0.05409061908721924
5196,5,1,0.3828936815261841
5197,5,1,0.07732009887695312
5198,8,1,0.13449454307556152
5199,6,0,0.015289485454559326
5200,4,1,0.34104031324386597
5201,4,1,0.31460821628570557
5202,4,1,0.119293212890625
5203,1,1,0.7749590873718262
5204,8,1,0.3173980116844177
5205,7,1,1.5096783638000488
5206,5,1,0.3309438228607178
5207,5,1,0.09722638130187988
5208,1,1,0.12344688177108765
5209,8,1,-0.11474168300628662
5210,9,1,0.5121433138847351
5211,1,1,0.33813244104385376
5212,3,1,0.8109074831008911
5213,6,0,-0.13569658994674683
5214,3,1,0.7751359939575195
5215,3,1,0.4513987898826599
5216,2,1,0.41810280084609985
5217,2,1,0.586814284324646
5218,6,0,-0.22921666502952576
5219,9,1,0.9081265926361084
5220,9,1,0.3413340449333191
5221,6,0,-0.028231769800186157
5222,5,1,0.348824679851532
5223,5,1,0.35170620679855347
5224,3,1,0.30990070104599
5225,3,1,0.3550220727920532
5226,8,1,0.1281874179840088
5227,1,1,0.03807002305984497
5228,6,0,-0.021586298942565918
5229,5,1,0.24124199151992798
5230,6,0,-0.24866101145744324
5231,8,1,0.6668291091918945
5232,1,1,0.15113723278045654
5233,9,1,0.5222198367118835
5234,7,1,1.3595771789550781
5235,6,0,-0.2802387475967407
5236,8,1,0.2162911295890808
5237,3,1,1.1431825160980225
5238,7,1,0.6620802879333496
5239,4,1,0.12266921997070312
5240,7,1,1.7210822105407715
5241,0,1,-0.03621143102645874
5242,9,1,1.0043988227844238
5243,0,1,0.20486068725585938
5244,0,1,-0.03887510299682617
5245,3,1,1.3812808990478516
5246,7,1,0.8982071876525879
5247,9,1,0.741382360458374
5248,3,1,0.49353718757629395
5249,0,1,0.11177319288253784
5250,2,1,0.8895664215087891
5251,0,1,0.05953603982925415
5252,1,1,0.15671658515930176
5253,0,1,0.3810396194458008
5254,1,1,0.16722321510314941
5255,0,1,0.19556987285614014
5256,4,1,0.39538776874542236
5257,0,1,0.28870415687561035
5258,1,1,0.08484244346618652
5259,0,1,-0.008976638317108154
5260,4,1,0.23609471321105957
5261,7,1,1.0588901042938232
5262,9,1,0.7752590179443359
5263,6,0,-0.21542026102542877
5264,2,1,0.6500760316848755
5265,6,0,0.08297264575958252
5266,2,1,0.3962247371673584
5267,2,1,0.1728583574295044
5268,9,1,0.6088840961456299
5269,9,1,0.8034102916717529
5270,0,1,0.06958168745040894
5271,1,1,0.21754318475723267
5272,2,1,-0.033319324254989624
5273,3,1,0.5100066661834717
5274,4,1,0.41348713636398315
5275,5,1,0.5216267108917236
5276,6,0,-0.3106013536453247
5277,7,1,1.7845180034637451
5278,8,1,0.5472651720046997
5279,9,1,0.1864107847213745
5280,0,1,0.06289371848106384
5281,1,1,0.008381664752960205
5282,2,1,0.008974999189376831
5283,3,1,0.17484557628631592
5284,4,1,0.0749427080154419
5285,5,1,0.547707200050354
5286,6,0,-0.3106326758861542
5287,7,1,0.872046947479248
5288,8,1,0.5047857761383057
5289,9,1,0.5338533520698547
5290,0,1,0.3368006944656372
5291,1,1,0.03169572353363037
5292,2,1,0.05090147256851196
5293,3,1,0.6947758197784424
5294,4,1,0.028471946716308594
5295,5,1,0.8881945610046387
5296,6,0,-0.3010654151439667
5297,7,1,0.8282362222671509
5298,8,1,0.523065447807312
5299,9,1,0.7842447757720947
5300,8,1,0.24356293678283691
5301,0,1,0.019387751817703247
5302,5,1,0.6854350566864014
5303,6,0,-0.19295310974121094
5304,6,0,-0.3212885558605194
5305,0,1,0.5416247248649597
5306,8,1,0.6485645771026611
5307,0,1,0.12043046951293945
5308,2,1,0.11007165908813477
5309,3,1,0.4344296455383301
5310,7,1,0.9817608594894409
5311,9,1,0.8975169658660889
5312,4,1,0.2609480619430542
5313,7,1,0.7840875387191772
5314,1,1,0.1844159960746765
5315,9,1,0.1988886594772339
5316,1,1,0.24548685550689697
5317,7,1,1.0607314109802246
5318,1,1,-0.014225155115127563
5319,4,1,0.09005981683731079
5320,0,1,0.2061234712600708
5321,0,1,0.08587467670440674
5322,4,1,0.23439615964889526
5323,1,1,0.20003825426101685
5324,7,1,1.3716161251068115
5325,5,1,0.6519967317581177
5326,7,1,1.805593729019165
5327,1,1,0.40371108055114746
5328,3,1,0.7833466529846191
5329,3,1,0.6199452877044678
5330,3,1,0.8077330589294434
5331,1,1,0.4150577783584595
5332,6,0,-0.22656428813934326
5333,9,1,0.2537519335746765
5334,7,1,1.0135583877563477
5335,4,1,0.07123196125030518
5336,3,1,0.8658958673477173
5337,0,1,0.29323625564575195
5338,2,1,0.08318555355072021
5339,5,1,1.0480762720108032
5340,2,1,0.14930695295333862
5341,6,0,-0.22253257036209106
5342,0,1,0.020405054092407227
5343,8,1,0.5152009725570679
5344,9,1,0.21583449840545654
5345,4,1,0.19817769527435303
5346,3,1,1.2589128017425537
5347,5,1,0.4581335783004761
5348,4,1,0.025739192962646484
5349,8,1,0.35907483100891113
5350,1,1,0.2202633023262024
5351,5,1,0.5472942590713501
5352,9,1,0.003230750560760498
5353,0,1,0.2558918595314026
5354,6,0,-0.2483750283718109
5355,4,1,0.07160419225692749
5356,3,1,0.9337079524993896
5357,6,0,-0.29841503500938416
5358,3,1,0.49724435806274414
5359,3,1,0.49671703577041626
5360,8,1,0.2528865337371826
5361,1,1,0.11015522480010986
5362,4,1,0.2328014373779297
5363,7,1,1.3160520792007446
5364,5,1,0.7637593746185303
5365,7,1,0.9061477184295654
5366,2,1,0.059765517711639404
5367,2,1,0.1485840082168579
5368,0,1,0.1960519552230835
5369,0,1,0.2944988012313843
5370,1,1,0.0617673397064209
5371,7,1,1.3448801040649414
5372,7,1,1.1832237243652344
5373,9,1,0.048693060874938965
5374,5,1,0.7075765132904053
5375,9,1,0.20619773864746094
5376,8,1,0.25657862424850464
5377,9,1,0.1699899435043335
5378,6,0,-0.3034653961658478
5379,8,1,0.7769806385040283
5380,8,1,0.2884500026702881
5381,2,1,0.15217280387878418
5382,3,1,0.38427138328552246
5383,6,0,-0.2981668710708618
5384,1,1,0.25129085779190063
5385,2,1,0.10741657018661499
5386,9,1,0.13149088621139526
5387,8,1,0.3168468475341797
5388,9,1,0.3912409543991089
5389,5,1,0.8877826929092407
5390,2,1,0.022833824157714844
5391,6,0,-0.2211816906929016
5392,2,1,0.7767359018325806
5393,4,1,-0.013784140348434448
5394,8,1,0.47013044357299805
5395,4,1,0.08618974685668945
5396,6,0,-0.2571706175804138
5397,5,1,0.8854765892028809
5398,0,1,0.5533649921417236
5399,1,1,0.27508342266082764
5400,5,1,0.8982088565826416
5401,6,0,-0.24695712327957153
5402,7,1,2.0292491912841797
5403,8,1,0.24205875396728516
5404,9,1,0.5360496640205383
5405,0,1,0.5362775325775146
5406,1,1,0.368804931640625
5407,2,1,0.7852520942687988
5408,3,1,0.270349383354187
5409,4,1,-0.045405030250549316
5410,5,1,-0.02614039182662964
5411,6,0,-0.2982577979564667
5412,7,1,1.3691915273666382
5413,8,1,0.9166916608810425
5414,9,1,0.2713383436203003
5415,0,1,0.8494124412536621
5416,1,1,0.03067260980606079
5417,2,1,0.8581674098968506
5418,3,1,0.7807662487030029
5419,4,1,-0.12219136953353882
5420,5,1,0.2181248664855957
5421,6,0,-0.2458401918411255
5422,7,1,0.5846142768859863
5423,8,1,0.10304081439971924
5424,9,1,0.2420262098312378
5425,7,1,0.7653782367706299
5426,4,1,-0.0944598913192749
5427,2,1,0.4402735233306885
5428,0,1,0.27116477489471436
5429,9,1,0.6248090267181396
5430,0,1,0.36188215017318726
5431,1,1,0.28717124462127686
5432,5,1,0.04330894351005554
5433,8,1,0.2770808935165405
5434,8,1,0.3502148389816284
5435,0,1,0.08551877737045288
5436,2,1,0.0042073726654052734
5437,7,1,1.3131067752838135
5438,8,1,0.11231350898742676
5439,4,1,0.25877904891967773
5440,4,1,0.24899011850357056
5441,6,0,-0.21630795300006866
5442,1,1,0.2458195686340332
5443,0,1,0.06577068567276001
5444,4,1,-0.0656510591506958
5445,5,1,0.11851012706756592
5446,3,1,0.4099165201187134
5447,9,1,0.2912871837615967
5448,4,1,-0.04636967182159424
5449,2,1,0.8128645420074463
5450,0,1,0.37043142318725586
5451,5,1,0.6858313083648682
5452,0,1,0.023689091205596924
5453,1,1,0.08860325813293457
5454,3,1,0.38671958446502686
5455,2,1,0.5942764282226562
5456,9,1,-0.059655070304870605
5457,1,1,0.393215537071228
5458,6,0,-0.30056262016296387
5459,0,1,-0.10864925384521484
5460,1,1,0.5747284889221191
5461,1,1,0.1820390820503235
5462,8,1,0.2749050259590149
5463,0,1,0.2839010953903198
5464,4,1,0.11805450916290283
5465,7,1,0.40257132053375244
5466,7,1,1.2617826461791992
5467,6,0,-0.23640954494476318
5468,3,1,0.3117709159851074
5469,6,0,-0.2224482297897339
5470,0,1,0.12885189056396484
5471,7,1,1.49113130569458
5472,3,1,0.3857377767562866
5473,5,1,-0.035449087619781494
5474,4,1,-0.15114766359329224
5475,2,1,0.2941855788230896
5476,4,1,-0.06279823184013367
5477,1,1,0.30569028854370117
5478,8,1,0.30908113718032837
5479,3,1,0.7567739486694336
5480,5,1,0.2508503198623657
5481,6,0,-0.22683309018611908
5482,7,1,0.9235825538635254
5483,0,1,0.53258216381073
5484,6,0,-0.329127699136734
5485,7,1,1.3437626361846924
5486,1,1,0.1849040985107422
5487,2,1,0.36607861518859863
5488,5,1,0.5327942967414856
5489,8,1,0.2872319221496582
5490,1,1,0.1406612992286682
5491,9,1,-0.01238444447517395
5492,3,1,0.5214623212814331
5493,8,1,0.2929941415786743
5494,2,1,0.2722747325897217
5495,8,1,0.5597552061080933
5496,7,1,1.2350835800170898
5497,6,0,-0.17926116287708282
5498,7,1,1.445051908493042
5499,1,1,0.16348391771316528
5500,4,1,0.13240545988082886
5501,6,0,-0.2514617443084717
5502,2,1,0.1050870418548584
5503,9,1,0.31498104333877563
5504,3,1,0.222059965133667
5505,0,1,0.0810200572013855
5506,1,1,0.4645605683326721
5507,2,1,0.161105215549469
5508,3,1,0.44027990102767944
5509,4,1,0.3701620101928711
5510,5,1,0.3792206048965454
5511,6,0,-0.26817694306373596
5512,7,1,1.128143310546875
5513,0,1,0.4235936403274536
5514,1,1,0.45467519760131836
5515,2,1,0.4744226336479187
5516,3,1,0.4933725595474243
5517,4,1,0.35654401779174805
5518,5,1,0.35724830627441406
5519,0,1,0.12309682369232178
5520,1,1,0.18424510955810547
5521,2,1,0.1918051838874817
5522,8,1,0.44771862030029297
5523,9,1,0.10451012849807739
5524,1,1,0.2169203758239746
5525,4,1,-0.15447655320167542
5526,0,1,0.2923967242240906
5527,9,1,0.22040587663650513
5528,5,1,0.0944787859916687
5529,0,1,0.0966307520866394
5530,8,1,0.1740822196006775
5531,0,1,0.39993321895599365
5532,7,1,1.0707159042358398
5533,7,1,1.3800039291381836
5534,1,1,0.25380873680114746
5535,1,1,0.4866512417793274
5536,2,1,0.477605938911438
5537,9,1,0.20332884788513184
5538,3,1,0.5592153072357178
5539,6,0,-0.29733747243881226
5540,7,1,1.29502534866333
5541,2,1,0.240805983543396
5542,3,1,0.49281632900238037
5543,8,1,-0.06186273694038391
5544,1,1,0.11547738313674927
5545,2,1,0.1514207124710083
5546,9,1,0.12167656421661377
5547,8,1,-0.006699085235595703
5548,8,1,0.08207827806472778
5549,7,1,1.0768686532974243
5550,1,1,0.2437744140625
5551,7,1,0.8292032480239868
5552,1,1,0.22461819648742676
5553,1,1,0.11069631576538086
5554,0,1,0.6288341283798218
5555,3,1,0.4441208243370056
5556,4,1,-0.045922696590423584
5557,2,1,0.45202648639678955
5558,6,0,-0.15562409162521362
5559,4,1,-0.1497308611869812
5560,7,1,0.853618860244751
5561,4,1,0.00845646858215332
5562,2,1,0.1800171136856079
5563,7,1,1.3863506317138672
5564,4,1,0.20703065395355225
5565,9,1,0.41313445568084717
5566,1,1,0.21744543313980103
5567,0,1,0.07203760743141174
5568,6,0,-0.05224597454071045
5569,8,1,0.19048869609832764
5570,5,1,0.15328270196914673
5571,5,1,0.4012686014175415
5572,5,1,0.445551335811615
5573,3,1,0.5061581134796143
5574,5,1,0.5074108242988586
5575,9,1,0.31394606828689575
5576,7,1,1.3824933767318726
5577,4,1,-0.13444975018501282
5578,8,1,0.09808707237243652
5579,5,1,0.1359344720840454
5580,9,1,0.07997933030128479
5581,6,0,-0.28911787271499634
5582,9,1,0.16914969682693481
5583,3,1,0.320398211479187
5584,0,1,0.5611415505409241
5585,3,1,0.7944893836975098
5586,8,1,0.21955889463424683
5587,9,1,0.5491239428520203
5588,1,1,0.2044217586517334
5589,8,1,0.18940675258636475
5590,1,1,0.1619042158126831
5591,6,0,-0.22648364305496216
5592,0,1,0.028009772300720215
5593,0,1,-0.0908275842666626
5594,1,1,0.1174325942993164
5595,2,1,0.2510407567024231
5596,3,1,0.6196208000183105
5597,4,1,-0.06133002042770386
5598,5,1,0.1465054750442505
5599,6,0,-0.2599846124649048
5600,7,1,0.5427650213241577
5601,8,1,0.20559477806091309
5602,9,1,0.30887341499328613
5603,0,1,0.1454210877418518
5604,1,1,0.22835445404052734
5605,2,1,0.6626424789428711
5606,3,1,0.2962719202041626
5607,4,1,0.18223130702972412
5608,5,1,0.9186465740203857
5609,6,0,-0.26421716809272766
5610,7,1,0.50532066822052
5611,8,1,0.12832677364349365
5612,9,1,0.24215877056121826
5613,0,1,-0.09417229890823364
5614,1,1,0.26468682289123535
5615,2,1,0.19818049669265747
5616,3,1,0.23593676090240479
5617,4,1,0.12470316886901855
5618,5,1,0.3596971035003662
5619,6,0,-0.04147481918334961
5620,7,1,0.564522385597229
5621,8,1,0.28270423412323
5622,9,1,0.21040016412734985
5623,3,1,0.5905020236968994
5624,5,1,0.2121962308883667
5625,3,1,0.4230116605758667
5626,2,1,0.3504391312599182
5627,9,1,-0.03505975008010864
5628,3,1,0.3751310706138611
5629,2,1,0.39004945755004883
5630,1,1,0.29692041873931885
5631,4,1,-0.013974249362945557
5632,5,1,0.6232012510299683
5633,5,1,0.5756111145019531
5634,2,1,0.09309816360473633
5635,3,1,0.5409801602363586
5636,2,1,0.49944818019866943
5637,1,1,0.4160306453704834
5638,3,1,0.03669172525405884
5639,9,1,0.12792611122131348
5640,7,1,0.8931194543838501
5641,2,1,0.33032089471817017
5642,1,1,0.3024201989173889
5643,2,1,-0.024944841861724854
5644,8,1,0.09851336479187012
5645,9,1,0.44884777069091797
5646,1,1,0.11950850486755371
5647,8,1,0.15003633499145508
5648,8,1,0.20994150638580322
5649,7,1,0.15428757667541504
5650,8,1,0.13485240936279297
5651,1,1,0.5554124116897583
5652,0,1,0.15856176614761353
5653,0,1,0.14796602725982666
5654,7,1,0.9493720531463623
5655,7,1,1.6666228771209717
5656,8,1,0.30068325996398926
5657,7,1,1.3204845190048218
5658,5,1,0.31341278553009033
5659,0,1,0.42159247398376465
5660,6,0,-0.14156556129455566
5661,1,1,0.07717329263687134
5662,5,1,0.46567606925964355
5663,7,1,0.5579267740249634
5664,4,1,0.18751239776611328
5665,6,0,-0.20067191123962402
5666,1,1,0.11226880550384521
5667,2,1,0.6078939437866211
5668,5,1,0.701592206954956
5669,0,1,0.17170405387878418
5670,7,1,0.4507220983505249
5671,9,1,0.14465099573135376
5672,9,1,-0.1065373420715332
5673,0,1,0.9639739990234375
5674,3,1,0.5320219993591309
5675,8,1,2.524256706237793e-05
5676,4,1,0.6800267696380615
5677,4,1,0.20000731945037842
5678,8,1,0.2840879559516907
5679,1,1,0.3283974528312683
5680,8,1,0.17248624563217163
5681,6,0,-0.1936965137720108
5682,5,1,0.2873711585998535
5683,9,1,0.5665661692619324
5684,0,1,0.3807092308998108
5685,0,1,0.8778107166290283
5686,0,1,0.6229218244552612
5687,3,1,0.17605191469192505
5688,7,1,0.6046668291091919
5689,1,1,0.33879196643829346
5690,6,0,-0.16809004545211792
5691,4,1,0.4952300786972046
5692,2,1,0.21501392126083374
5693,6,0,-0.2863939106464386
5694,6,0,-0.0819334089756012
5695,0,1,1.0382797718048096
5696,4,1,0.1617249846458435
5697,5,1,0.5760433673858643
5698,4,1,0.2103760838508606
5699,1,1,0.4210580587387085
5700,3,1,0.5568304061889648
5701,8,1,0.19884514808654785
5702,6,0,-0.2703840434551239
5703,3,1,0.1670166254043579
5704,9,1,0.0731671154499054
5705,9,1,0.1313384771347046
5706,5,1,0.8720893859863281
5707,9,1,0.14628982543945312
5708,3,1,0.5450727343559265
5709,7,1,0.48923319578170776
5710,8,1,-0.05523237586021423
5711,5,1,0.594524621963501
5712,6,0,-0.17263171076774597
5713,4,1,0.1623433232307434
5714,7,1,0.7782905101776123
5715,6,0,-0.18092454969882965
5716,2,1,0.5099254250526428
5717,2,1,0.5562400817871094
5718,0,1,0.8801107406616211
5719,9,1,0.406665563583374
5720,4,1,-0.018856167793273926
5721,0,1,0.2814173698425293
5722,1,1,0.5564209222793579
5723,2,1,0.057464420795440674
5724,3,1,0.396492063999176
5725,4,1,0.5971304178237915
5726,5,1,1.2884968519210815
5727,6,0,-0.1775587946176529
5728,7,1,0.9582657814025879
5729,8,1,0.1971566081047058
5730,9,1,0.8242511749267578
5731,0,1,0.6749515533447266
5732,1,1,0.3472929000854492
5733,2,1,0.4948720932006836
5734,3,1,0.3930537700653076
5735,5,1,0.6173045635223389
5736,6,0,0.07229471206665039
5737,0,1,1.1209964752197266
5738,1,1,0.3180694580078125
5739,2,1,0.2521016001701355
5740,3,1,0.43662214279174805
5741,4,1,0.4295138120651245
5742,5,1,0.47162723541259766
5743,6,0,-0.16365796327590942
5744,8,1,0.08645278215408325
5745,7,1,0.8703707456588745
5746,1,1,0.4104665517807007
5747,3,1,0.7610777616500854
5748,2,1,0.2207334041595459
5749,8,1,0.30737167596817017
5750,0,1,0.40855568647384644
5751,7,1,0.8142991065979004
5752,5,1,0.2847558856010437
5753,9,1,0.23856568336486816
5754,9,1,0.0772019624710083
5755,6,0,-0.17981766164302826
5756,0,1,0.07938778400421143
5757,9,1,0.43058115243911743
5758,4,1,0.8768051862716675
5759,1,1,0.9280383586883545
5760,3,1,0.7405939102172852
5761,2,1,0.2666388154029846
5762,1,1,0.14684361219406128
5763,2,1,0.06655701994895935
5764,3,1,0.49441587924957275
5765,8,1,0.5933918952941895
5766,3,1,0.477836012840271
5767,2,1,0.21243607997894287
5768,6,0,-0.2549442648887634
5769,5,1,0.17561590671539307
5770,6,0,-0.0982699990272522
5771,8,1,0.5161181688308716
5772,2,1,0.3066833019256592
5773,7,1,0.5476747751235962
5774,4,1,0.47776347398757935
5775,8,1,0.1622844934463501
5776,1,1,0.18154442310333252
5777,8,1,0.7216470241546631
5778,0,1,0.17795729637145996
5779,5,1,0.7613658905029297
5780,3,1,0.9608806371688843
5781,9,1,0.880286455154419
5782,4,1,0.88221275806427
5783,1,1,0.46890419721603394
5784,9,1,0.012899518013000488
5785,2,1,0.09438157081604004
5786,1,1,0.44457435607910156
5787,9,1,0.543084979057312
5788,6,0,-0.25159651041030884
5789,7,1,0.8735835552215576
5790,9,1,0.1618109941482544
5791,0,1,0.34197646379470825
5792,4,1,0.21232295036315918
5793,6,0,-0.32955044507980347
5794,1,1,0.25297677516937256
5795,7,1,1.370104432106018
5796,3,1,0.48100006580352783
5797,8,1,0.41870951652526855
5798,7,1,1.7267696857452393
5799,2,1,0.3970726728439331
5800,9,1,0.04617452621459961
5801,6,0,-0.2006949782371521
5802,5,1,0.8280558586120605
5803,8,1,0.2864457964897156
5804,3,1,0.9421166181564331
5805,9,1,0.638939619064331
5806,0,1,0.2181609869003296
5807,5,1,1.0006691217422485
5808,7,1,1.248051643371582
5809,1,1,0.1732233166694641
5810,6,0,-0.2210487723350525
5811,1,1,0.13264703750610352
5812,0,1,0.031871795654296875
5813,9,1,0.13109278678894043
5814,3,1,-0.006068378686904907
5815,3,1,0.3254085183143616
5816,4,1,0.3797738552093506
5817,4,1,0.5394178628921509
5818,0,1,-0.029216408729553223
5819,6,0,-0.16551905870437622
5820,2,1,0.08728623390197754
5821,5,1,0.55124831199646
5822,4,1,0.3204461336135864
5823,2,1,0.7097998857498169
5824,3,1,0.5260329842567444
5825,4,1,0.6639121770858765
5826,6,0,-0.13106024265289307
5827,0,1,-0.004710376262664795
5828,0,1,0.17043077945709229
5829,2,1,0.6106243133544922
5830,0,1,0.45190536975860596
5831,1,1,0.22388780117034912
5832,4,1,0.09537386894226074
5833,5,1,0.8925799131393433
5834,6,0,-0.2730404734611511
5835,7,1,0.34263694286346436
5836,8,1,0.6792266368865967
5837,9,1,0.3929627537727356
5838,0,1,0.25472521781921387
5839,1,1,0.10434901714324951
5840,2,1,0.33727049827575684
5841,3,1,0.4505326747894287
5842,4,1,0.3346725106239319
5843,5,1,0.38647937774658203
5844,6,0,-0.24216538667678833
5845,7,1,0.45201873779296875
5846,8,1,0.7187585830688477
5847,0,1,0.5153902173042297
5848,1,1,0.3836072087287903
5849,2,1,0.009602248668670654
5850,3,1,0.7255693674087524
5851,4,1,-0.11143136024475098
5852,5,1,0.16084802150726318
5853,6,0,-0.23680412769317627
5854,7,1,0.45263969898223877
5855,8,1,0.2998528480529785
5856,9,1,0.4411125183105469
5857,8,1,0.1801055669784546
5858,7,1,0.5231613516807556
5859,1,1,0.1926565170288086
5860,3,1,0.4780900478363037
5861,7,1,1.1647688150405884
5862,5,1,0.4854735732078552
5863,2,1,0.6352639198303223
5864,8,1,0.2912086844444275
5865,0,1,0.28672218322753906
5866,7,1,0.4289667010307312
5867,5,1,0.28795772790908813
5868,9,1,0.2421501874923706
5869,9,1,0.37999093532562256
5870,0,1,0.7153818607330322
5871,9,1,0.13121652603149414
5872,1,1,0.42986446619033813
5873,1,1,0.12393015623092651
5874,5,1,0.7725706100463867
5875,8,1,0.43639081716537476
5876,8,1,1.1048259735107422
5877,6,0,-0.14719831943511963
5878,3,1,0.3723793625831604
5879,2,1,0.5956624746322632
5880,1,1,0.2791004180908203
5881,8,1,0.6381595134735107
5882,3,1,0.32768940925598145
5883,2,1,0.1867871880531311
5884,6,0,-0.22767698764801025
5885,5,1,0.2838682532310486
5886,6,0,-0.2576935291290283
5887,7,1,0.6322962045669556
5888,4,1,-0.010319948196411133
5889,1,1,0.23542964458465576
5890,0,1,0.496168315410614
5891,5,1,0.18149244785308838
5892,3,1,0.4526367783546448
5893,1,1,-0.03959321975708008
5894,9,1,0.17512357234954834
5895,2,1,0.23188602924346924
5896,1,1,0.3103395700454712
5897,9,1,0.307187557220459
5898,6,0,-0.2485864907503128
5899,0,1,0.1467074155807495
5900,4,1,0.1909714937210083
5901,6,0,-0.15633472800254822
5902,1,1,0.04745689034461975
5903,7,1,0.7432272434234619
5904,3,1,0.777827262878418
5905,8,1,0.5387402176856995
5906,7,1,0.7874537706375122
5907,2,1,0.42234373092651367
5908,9,1,0.4739868640899658
5909,6,0,-0.1630207896232605
5910,5,1,0.713209867477417
5911,8,1,0.21790874004364014
5912,3,1,0.31226158142089844
5913,5,1,0.7218059301376343
5914,7,1,0.7573192119598389
5915,1,1,0.15441733598709106
5916,6,0,-0.08683967590332031
5917,1,1,0.42122459411621094
5918,0,1,0.41139739751815796
5919,9,1,0.09839344024658203
5920,6,0,-0.2572679817676544
5921,2,1,0.7718157768249512
5922,5,1,0.5360189080238342
5923,4,1,0.11617159843444824
5924,2,1,0.19611656665802002
5925,3,1,0.43329286575317383
5926,4,1,0.25985515117645264
5927,4,1,0.5473129749298096
5928,6,0,-0.28780004382133484
5929,0,1,0.19165420532226562
5930,0,1,0.44537460803985596
5931,2,1,0.43634092807769775
5932,0,1,0.37998026609420776
5933,1,1,0.584097146987915
5934,2,1,0.07080334424972534
5935,3,1,0.28686511516571045
5936,4,1,-0.03355902433395386
5937,5,1,0.2417164444923401
5938,6,0,-0.2387058436870575
5939,7,1,0.7029720544815063
5940,8,1,0.1325414776802063
5941,9,1,0.40661489963531494
5942,0,1,0.022391319274902344
5943,1,1,0.2281407117843628
5944,2,1,0.32841217517852783
5945,3,1,0.14947432279586792
5946,4,1,0.4891763925552368
5947,5,1,0.4080917239189148
5948,6,0,-0.25860917568206787
5949,7,1,0.5185838937759399
5950,8,1,-0.10093587636947632
5951,9,1,0.16760504245758057
5952,0,1,0.2464379072189331
5953,1,1,0.5352760553359985
5954,2,1,0.1009262204170227
5955,3,1,0.08544266223907471
5956,4,1,0.4820787310600281
5957,5,1,0.7152202129364014
5958,6,0,-0.21304455399513245
5959,7,1,0.6570569276809692
5960,8,1,0.14741873741149902
5961,9,1,0.7019386291503906
5962,8,1,0.09853887557983398
5963,6,0,-0.1083381175994873
5964,5,1,0.23666036128997803
5965,0,1,0.18166595697402954
5966,6,0,-0.19450151920318604
5967,8,1,0.15450972318649292
5968,9,1,0.28243404626846313
5969,4,1,0.29230767488479614
5970,1,1,0.6397172212600708
5971,9,1,0.1726762056350708
5972,5,1,0.3922712206840515
5973,3,1,0.023387670516967773
5974,0,1,0.046765685081481934
5975,4,1,0.40512800216674805
5976,8,1,0.03938385844230652
5977,9,1,0.4068610668182373
5978,1,1,0.5952790975570679
5979,4,1,0.8194447755813599
5980,0,1,0.031153708696365356
5981,5,1,0.2343844771385193
5982,5,1,0.16768914461135864
5983,2,1,0.23428887128829956
5984,1,1,0.5899249315261841
5985,5,1,0.11647224426269531
5986,4,1,0.5686790347099304
5987,0,1,0.10313165187835693
5988,7,1,0.7854759693145752
5989,6,0,-0.12902876734733582
5990,0,1,0.25512194633483887
5991,1,1,0.28941380977630615
5992,7,1,0.41075724363327026
5993,0,1,0.18913722038269043
5994,6,0,-0.2581474483013153
5995,8,1,0.1873900294303894
5996,9,1,0.04336470365524292
5997,5,1,0.5252547860145569
5998,1,1,1.0806374549865723
5999,7,1,1.0829360485076904
6000,9,1,0.17902278900146484
6001,8,1,-0.14222389459609985
6002,6,0,-0.18568487465381622
6003,0,1,0.28295326232910156
6004,8,1,-0.05578958988189697
6005,1,1,0.4001122713088989
6006,7,1,0.7029180526733398
6007,7,1,0.7660284042358398
6008,1,1,0.8481206893920898
6009,3,1,0.14145421981811523
6010,2,1,0.2313859462738037
6011,3,1,0.43779289722442627
6012,1,1,0.8016749620437622
6013,4,1,0.4274038076400757
6014,2,1,0.37395358085632324
6015,0,1,0.26666826009750366
6016,0,1,0.3446422815322876
6017,7,1,0.6877281665802002
6018,8,1,-0.05113247036933899
6019,4,1,0.5296840071678162
6020,6,0,-0.12659239768981934
6021,4,1,0.27850043773651123
6022,9,1,0.04332613945007324
6023,3,1,0.235634446144104
6024,8,1,0.06844937801361084
6025,4,1,0.5515234470367432
6026,7,1,1.0658302307128906
6027,2,1,0.06438291072845459
6028,5,1,0.5519120693206787
6029,6,0,-0.2116662710905075
6030,3,1,0.495405912399292
6031,6,0,-0.17100927233695984
6032,9,1,0.43190133571624756
6033,6,0,-0.2053457796573639
6034,3,1,0.3268982172012329
6035,2,1,0.5998945236206055
6036,2,1,0.15713202953338623
6037,4,1,0.5013651251792908
6038,6,0,-0.21159382164478302
6039,9,1,0.18105292320251465
6040,0,1,0.19248640537261963
6041,2,1,0.3265548348426819
6042,5,1,0.35547685623168945
6043,5,1,0.10441195964813232
6044,1,1,0.17982417345046997
6045,3,1,0.5784175395965576
6046,3,1,7.909536361694336e-05
6047,9,1,0.60443115234375
6048,7,1,0.7841155529022217
6049,8,1,-0.11796930432319641
6050,7,1,0.8940608501434326
6051,2,1,0.01628291606903076
6052,2,1,0.12802863121032715
6053,5,1,0.6366736888885498
6054,7,1,0.4890207052230835
6055,9,1,0.22305667400360107
6056,8,1,0.21308588981628418
6057,2,1,0.15167826414108276
6058,1,1,0.4371293783187866
6059,3,1,0.521751880645752
6060,1,1,0.4983457922935486
6061,3,1,0.8217151165008545
6062,0,1,-0.011307954788208008
6063,1,1,0.210058331489563
6064,2,1,0.2680506110191345
6065,3,1,-0.12817037105560303
6066,4,1,0.09127271175384521
6067,5,1,0.08222499489784241
6068,6,0,-0.2678883969783783
6069,7,1,0.6389650106430054
6070,8,1,-0.1417902410030365
6071,9,1,1.0140643119812012
6072,0,1,-0.11667090654373169
6073,1,1,0.07855841517448425
6074,2,1,0.28677594661712646
6075,3,1,0.4004507064819336
6076,4,1,0.44554030895233154
6077,5,1,0.023287177085876465
6078,6,0,-0.2934954762458801
6079,7,1,0.6552616357803345
6080,8,1,-0.05469179153442383
6081,9,1,0.6315833330154419
6082,0,1,-0.0017246603965759277
6083,1,1,0.045400142669677734
6084,2,1,0.14975273609161377
6085,3,1,-0.012510478496551514
6086,4,1,0.12230551242828369
6087,5,1,0.121288001537323
6088,6,0,-0.2877539098262787
6089,7,1,0.7713192701339722
6090,8,1,0.041641026735305786
6091,9,1,0.45242321491241455
6092,1,1,0.3162664771080017
6093,2,1,0.29416877031326294
6094,6,0,-0.30932217836380005
6095,5,1,0.10181516408920288
6096,3,1,0.4656592607498169
6097,0,1,0.1675422191619873
6098,7,1,0.8474805355072021
6099,0,1,0.0920490026473999
6100,4,1,0.019614040851593018
6101,1,1,-0.04866141080856323
6102,4,1,0.01809847354888916
6103,3,1,0.2793693542480469
6104,6,0,-0.3190004229545593
6105,7,1,0.9170360565185547
6106,2,1,0.20476198196411133
6107,3,1,0.25576698780059814
6108,1,1,0.2820889949798584
6109,2,1,0.15372449159622192
6110,1,1,0.19498729705810547
6111,2,1,0.44632118940353394
6112,9,1,0.2421708106994629
6113,6,0,-0.30690106749534607
6114,0,1,0.021968036890029907
6115,1,1,0.3390963673591614
6116,3,1,0.21612519025802612
6117,0,1,0.041316330432891846
6118,2,1,0.28087949752807617
6119,7,1,0.695541501045227
6120,5,1,0.039937496185302734
6121,7,1,0.21036481857299805
6122,6,0,-0.3281758427619934
6123,2,1,0.44377028942108154
6124,9,1,0.362490177154541
6125,1,1,0.20598244667053223
6126,9,1,0.3079947233200073
6127,0,1,0.4920576214790344
6128,6,0,-0.271517813205719
6129,0,1,0.5294115543365479
6130,6,0,-0.2976648211479187
6131,0,1,0.04200682044029236
6132,2,1,0.3060333728790283
6133,0,1,0.05389094352722168
6134,6,0,-0.36712661385536194
6135,1,1,0.23096072673797607
6136,5,1,0.3874889612197876
6137,8,1,-0.15047240257263184
6138,4,1,0.1602717638015747
6139,3,1,0.07580885291099548
6140,0,1,-0.019699156284332275
6141,1,1,0.4143165946006775
6142,5,1,0.23986852169036865
6143,4,1,-0.043475598096847534
6144,4,1,-0.0284501314163208
6145,8,1,0.012990057468414307
6146,5,1,-0.10653096437454224
6147,7,1,0.3510122299194336
6148,5,1,0.1256750226020813
6149,7,1,0.6834676265716553
6150,8,1,-0.03611677885055542
6151,3,1,0.4459226131439209
6152,4,1,0.5010523796081543
6153,8,1,0.15040063858032227
6154,8,1,-0.07886558771133423
6155,5,1,-0.006895631551742554
6156,2,1,0.16134119033813477
6157,9,1,0.42804813385009766
6158,7,1,0.845287561416626
6159,1,1,0.23067820072174072
6160,3,1,0.33765965700149536
6161,8,1,0.016652435064315796
6162,1,1,0.06839710474014282
6163,0,1,-0.030427902936935425
6164,7,1,0.525019645690918
6165,5,1,0.18741023540496826
6166,9,1,0.7672462463378906
6167,6,0,-0.31241464614868164
6168,9,1,0.9965343475341797
6169,4,1,0.24478673934936523
6170,7,1,0.8146059513092041
6171,7,1,1.1584501266479492
6172,9,1,0.5737224817276001
6173,9,1,0.4895890951156616
6174,3,1,0.10904532670974731
6175,4,1,0.33240580558776855
6176,4,1,0.23095488548278809
6177,3,1,0.32156097888946533
6178,8,1,-0.1676665097475052
6179,6,0,-0.21973447501659393
6180,2,1,0.2575421929359436
6181,0,1,0.3055630922317505
6182,1,1,0.17870879173278809
6183,2,1,-0.026618003845214844
6184,3,1,0.5004231929779053
6185,4,1,0.40280282497406006
6186,5,1,0.24602746963500977
6187,6,0,-0.245961993932724
6188,7,1,0.9029926061630249
6189,8,1,0.021757453680038452
6190,9,1,0.3198544979095459
6191,0,1,0.5436379909515381
6192,1,1,0.3856825828552246
6193,2,1,0.3104560971260071
6194,3,1,0.2496788501739502
6195,4,1,0.4546617865562439
6196,5,1,0.19810527563095093
6197,6,0,-0.2480524182319641
6198,7,1,0.8567078113555908
6199,8,1,0.31160998344421387
6200,9,1,0.1525905728340149
6201,0,1,0.3850407600402832
6202,1,1,0.18347221612930298
6203,2,1,0.14951980113983154
6204,3,1,0.8787031173706055
6205,4,1,0.2252187728881836
6206,5,1,0.42652231454849243
6207,6,0,-0.31838762760162354
6208,7,1,0.9556920528411865
6209,8,1,0.6589592695236206
6210,9,1,0.3543941378593445
6211,0,1,0.3264482617378235
6212,8,1,0.288290798664093
6213,3,1,0.6081371307373047
6214,9,1,0.288088321685791
6215,5,1,0.27403151988983154
6216,5,1,0.4298532009124756
6217,2,1,0.1867465376853943
6218,6,0,-0.2818725109100342
6219,8,1,0.18738508224487305
6220,4,1,0.4765845537185669
6221,9,1,0.2220398187637329
6222,1,1,0.0911141037940979
6223,7,1,0.9411566257476807
6224,1,1,0.08979111909866333
6225,2,1,0.0708257257938385
6226,3,1,0.5553867816925049
6227,5,1,0.2710796594619751
6228,9,1,0.1872197389602661
6229,6,0,-0.28666287660598755
6230,9,1,0.3206470012664795
6231,1,1,0.26163214445114136
6232,1,1,0.29349321126937866
6233,1,1,0.13641595840454102
6234,2,1,0.09361505508422852
6235,9,1,0.43893909454345703
6236,5,1,0.19369804859161377
6237,6,0,-0.16340312361717224
6238,8,1,0.2087576985359192
6239,1,1,0.1897139549255371
6240,2,1,0.11286073923110962
6241,0,1,0.059656500816345215
6242,7,1,0.4761512279510498
6243,7,1,0.17569786310195923
6244,5,1,0.37942731380462646
6245,8,1,0.5553311705589294
6246,2,1,0.03225770592689514
6247,9,1,0.27249252796173096
6248,8,1,0.3871338367462158
6249,9,1,0.5755754709243774
6250,0,1,0.05718529224395752
6251,4,1,0.5946871042251587
6252,6,0,-0.3127208352088928
6253,7,1,1.3231568336486816
6254,1,1,0.3385385274887085
6255,3,1,0.6016793251037598
6256,4,1,0.2192177176475525
6257,5,1,0.592228889465332
6258,6,0,-0.25262612104415894
6259,0,1,0.48798632621765137
6260,3,1,0.38277220726013184
6261,6,0,-0.19046972692012787
6262,8,1,0.09672737121582031
6263,7,1,0.8927372694015503
6264,0,1,0.2545372247695923
6265,4,1,0.38133376836776733
6266,2,1,0.2619636058807373
6267,7,1,1.3891156911849976
6268,4,1,0.41568928956985474
6269,7,1,0.48823368549346924
6270,5,1,0.3968328833580017
6271,4,1,0.3180239200592041
6272,3,1,0.25802308320999146
6273,4,1,0.3814898729324341
6274,2,1,0.1184929609298706
6275,8,1,0.3350698947906494
6276,1,1,0.015867501497268677
6277,5,1,0.19516175985336304
6278,1,1,0.28144967555999756
6279,2,1,0.27341997623443604
6280,0,1,0.31164056062698364
6281,2,1,0.16622692346572876
6282,5,1,0.20561057329177856
6283,6,0,-0.24659095704555511
6284,4,1,0.7343904972076416
6285,3,1,0.6361290216445923
6286,0,1,0.28039270639419556
6287,0,1,0.3188077211380005
6288,0,1,0.2012978196144104
6289,3,1,0.47617924213409424
6290,3,1,0.14790523052215576
6291,5,1,0.3540010452270508
6292,7,1,1.1973624229431152
6293,0,1,0.16395556926727295
6294,6,0,-0.19124053418636322
6295,4,1,0.44769710302352905
6296,8,1,0.48673784732818604
6297,8,1,0.5958781242370605
6298,6,0,-0.3403223156929016
6299,3,1,0.6522606611251831
6300,4,1,0.4105468988418579
6301,6,0,-0.22881300747394562
6302,9,1,0.5734047889709473
6303,9,1,0.24954134225845337
6304,8,1,0.2915486693382263
6305,2,1,-0.002681136131286621
6306,7,1,0.8469891548156738
6307,7,1,1.108681082725525
6308,1,1,0.42912960052490234
6309,0,1,0.2985144853591919
6310,1,1,0.07512471079826355
6311,2,1,0.0360504686832428
6312,3,1,0.39111751317977905
6313,4,1,-0.010250091552734375
6314,5,1,0.3397408127784729
6315,6,0,-0.2367013841867447
6316,7,1,0.8651833534240723
6317,8,1,0.37233400344848633
6318,9,1,0.1246262788772583
6319,0,1,0.5648558139801025
6320,1,1,0.2782113552093506
6321,2,1,0.18603289127349854
6322,3,1,-0.08716240525245667
6323,4,1,0.5794705748558044
6324,5,1,-0.11726653575897217
6325,6,0,-0.23371073603630066
6326,7,1,0.7933729887008667
6327,8,1,0.2045699954032898
6328,0,1,0.08148193359375
6329,1,1,0.28936946392059326
6330,2,1,0.049016982316970825
6331,3,1,0.32173722982406616
6332,4,1,0.6148418188095093
6333,5,1,0.151508629322052
6334,6,0,-0.20541220903396606
6335,7,1,0.5756995677947998
6336,8,1,0.28099989891052246
6337,2,1,0.575707197189331
6338,1,1,0.1694263219833374
6339,7,1,0.917435884475708
6340,2,1,0.09340578317642212
6341,5,1,0.19575440883636475
6342,0,1,0.2825394868850708
6343,8,1,0.1225426197052002
6344,0,1,0.14026761054992676
6345,2,1,0.4124360680580139
6346,7,1,0.5562275648117065
6347,8,1,-0.2593117356300354
6348,8,1,0.06305021047592163
6349,3,1,0.202384352684021
6350,6,0,-0.25064969062805176
6351,0,1,0.21462112665176392
6352,2,1,0.021289944648742676
6353,7,1,0.682682991027832
6354,6,0,-0.12355989217758179
6355,6,0,-0.3252801299095154
6356,1,1,0.36045587062835693
6357,2,1,-0.06112954020500183
6358,8,1,0.3267941474914551
6359,8,1,0.3339998722076416
6360,7,1,1.0668609142303467
6361,7,1,1.1409366130828857
6362,4,1,0.1336425542831421
6363,7,1,0.2761436104774475
6364,7,1,0.5095242261886597
6365,3,1,0.26543349027633667
6366,7,1,0.6391693353652954
6367,4,1,0.5592092275619507
6368,5,1,0.20903271436691284
6369,4,1,0.6614001989364624
6370,3,1,0.13189250230789185
6371,3,1,-0.0398939847946167
6372,8,1,-0.045099854469299316
6373,4,1,0.15517735481262207
6374,1,1,0.10576534271240234
6375,1,1,0.40504926443099976
6376,9,1,0.018683016300201416
6377,7,1,0.3581315875053406
6378,4,1,0.20775353908538818
6379,3,1,0.08954620361328125
6380,7,1,1.0614469051361084
6381,3,1,0.04600200057029724
6382,3,1,0.8212103843688965
6383,0,1,0.0988314151763916
6384,2,1,-0.04940873384475708
6385,5,1,0.17173755168914795
6386,5,1,0.06924659013748169
6387,6,0,-0.2953439950942993
6388,6,0,-0.2706177234649658
6389,3,1,0.04846271872520447
6390,5,1,0.05777427554130554
6391,2,1,-0.04967305064201355
6392,5,1,-0.07599830627441406
6393,9,1,0.07248073816299438
6394,9,1,0.0605890154838562
6395,8,1,0.08450692892074585
6396,4,1,0.17488574981689453
6397,1,1,0.3306589126586914
6398,0,1,0.2203136682510376
6399,6,0,-0.2037549912929535
6400,0,1,-0.06070429086685181
6401,9,1,0.23018383979797363
6402,6,0,-0.2439202070236206
6403,8,1,0.04378148913383484
6404,8,1,-0.010328531265258789
6405,5,1,0.26759791374206543
6406,6,0,-0.24008454382419586
6407,1,1,-0.04235595464706421
6408,1,1,0.28377658128738403
6409,9,1,0.11448293924331665
6410,8,1,-0.0018164515495300293
6411,9,1,0.1280660629272461
6412,2,1,0.28552764654159546
6413,3,1,0.5627561807632446
6414,5,1,0.06233280897140503
6415,5,1,0.2755579948425293
6416,9,1,0.49948596954345703
6417,4,1,0.3972533345222473
6418,2,1,0.934067964553833
6419,1,1,0.20715433359146118
6420,9,1,0.2893484830856323
6421,3,1,0.37415266036987305
6422,9,1,0.3206784129142761
6423,2,1,-0.0591316819190979
6424,0,1,0.2967146635055542
6425,6,0,-0.12436062097549438
6426,0,1,0.2587388753890991
6427,4,1,0.14408445358276367
6428,0,1,0.32589417695999146
6429,0,1,0.5590029358863831
6430,1,1,0.12714695930480957
6431,2,1,0.12416374683380127
6432,3,1,0.4707503914833069
6433,4,1,0.13090723752975464
6434,7,1,0.594710111618042
6435,8,1,0.49940216541290283
6436,9,1,0.37740564346313477
6437,0,1,0.9734501838684082
6438,1,1,0.27824974060058594
6439,2,1,0.39921051263809204
6440,3,1,0.5167520046234131
6441,7,1,0.38559722900390625
6442,8,1,0.6695985794067383
6443,9,1,-0.08080306649208069
6444,0,1,-0.05109286308288574
6445,1,1,0.09967076778411865
6446,2,1,0.20758211612701416
6447,3,1,0.7600803375244141
6448,4,1,0.0909760594367981
6449,7,1,1.1335283517837524
6450,8,1,0.3948444128036499
6451,9,1,0.011618643999099731
6452,7,1,0.42574989795684814
6453,3,1,0.24643176794052124
6454,0,1,0.08690345287322998
6455,3,1,0.21296751499176025
6456,1,1,0.27671051025390625
6457,8,1,0.7604053020477295
6458,7,1,0.41065138578414917
6459,6,0,-0.22715729475021362
6460,4,1,0.22030407190322876
6461,0,1,-0.07269668579101562
6462,2,1,0.41228485107421875
6463,6,0,-0.2808178663253784
6464,8,1,0.8741286993026733
6465,3,1,0.22523081302642822
6466,2,1,0.3200101852416992
6467,8,1,0.3649641275405884
6468,1,1,0.18302273750305176
6469,2,1,0.3282126188278198
6470,0,1,0.1448427438735962
6471,7,1,0.5901980400085449
6472,1,1,0.058034420013427734
6473,0,1,0.13829857110977173
6474,4,1,0.0949016809463501
6475,4,1,0.2597169876098633
6476,5,1,0.16106653213500977
6477,8,1,0.6662367582321167
6478,0,1,0.16072958707809448
6479,6,0,-0.2622146010398865
6480,2,1,0.02932041883468628
6481,3,1,0.27522462606430054
6482,1,1,0.08435261249542236
6483,5,1,0.14107400178909302
6484,1,1,0.29844486713409424
6485,8,1,0.39254432916641235
6486,5,1,0.2362074851989746
6487,9,1,0.010458528995513916
6488,4,1,0.2581193447113037
6489,0,1,0.16018521785736084
6490,7,1,0.6614247560501099
6491,5,1,0.4879422187805176
6492,8,1,0.5298622250556946
6493,8,1,0.25834786891937256
6494,3,1,0.21676099300384521
6495,8,1,0.4683115482330322
6496,9,1,0.6131821870803833
6497,2,1,0.08426788449287415
6498,6,0,-0.20834529399871826
6499,2,1,0.237104594707489
6500,5,1,0.13885539770126343
6501,3,1,0.16970109939575195
6502,1,1,0.17005294561386108
6503,7,1,0.9082338809967041
6504,3,1,0.8188827037811279
6505,9,1,-0.02361375093460083
6506,1,1,0.23300015926361084
6507,9,1,-0.01279914379119873
6508,9,1,0.23669660091400146
6509,6,0,-0.2414976954460144
6510,0,1,0.3605116605758667
6511,3,1,0.5883224010467529
6512,9,1,0.09753251075744629
6513,2,1,0.26631343364715576
6514,8,1,0.3212442398071289
6515,1,1,0.13357681035995483
6516,4,1,0.3526005744934082
6517,3,1,0.15375781059265137
6518,5,1,0.4224737882614136
6519,2,1,0.19310873746871948
6520,9,1,0.1302778720855713
6521,2,1,0.41096174716949463
6522,5,1,0.4520531892776489
6523,8,1,0.03720879554748535
6524,9,1,0.26778197288513184
6525,5,1,0.741568922996521
6526,0,1,-0.03593480587005615
6527,1,1,0.3224611282348633
6528,2,1,0.7032891511917114
6529,4,1,0.22055643796920776
6530,5,1,0.551102876663208
6531,6,0,-0.06205150485038757
6532,0,1,1.3013101816177368
6533,1,1,0.3046794533729553
6534,2,1,0.2956995368003845
6535,3,1,0.968213677406311
6536,4,1,0.8639142513275146
6537,5,1,0.5375785827636719
6538,6,0,0.03717878460884094
6539,7,1,0.8738439083099365
6540,1,1,0.558089017868042
6541,2,1,0.3493601083755493
6542,3,1,0.6379270553588867
6543,4,1,0.6681927442550659
6544,5,1,0.2570115923881531
6545,1,1,0.036503493785858154
6546,0,1,0.4333047866821289
6547,4,1,0.2987143397331238
6548,5,1,0.2878662943840027
6549,6,0,-0.11254066228866577
6550,6,0,-0.2040243297815323
6551,3,1,0.835552453994751
6552,4,1,-0.11762014031410217
6553,4,1,0.15376520156860352
6554,2,1,1.89589262008667
6555,8,1,0.7670192718505859
6556,1,1,1.5293951034545898
6557,0,1,0.5219858884811401
6558,6,0,1.3184651136398315
6559,4,1,0.17672032117843628
6560,9,1,0.6241228580474854
6561,7,1,4.178774356842041
6562,2,1,0.4156450033187866
6563,3,1,0.525902271270752
6564,3,1,0.6451925039291382
6565,9,1,0.36606162786483765
6566,2,1,-0.007052809000015259
6567,0,1,0.041857630014419556
6568,9,1,0.6178772449493408
6569,3,1,1.8922150135040283
6570,3,1,0.5619046688079834
6571,9,1,1.759291172027588
6572,1,1,1.116640567779541
6573,5,1,0.15891337394714355
6574,2,1,0.6055378913879395
6575,3,1,0.3386009931564331
6576,7,1,1.806269884109497
6577,7,1,0.8544653654098511
6578,8,1,0.3335554003715515
6579,4,1,0.7143893241882324
6580,0,1,1.0185140371322632
6581,2,1,0.3652611970901489
6582,4,1,0.4760170578956604
6583,0,1,0.33760321140289307
6584,2,1,0.6503643989562988
6585,4,1,0.4543556571006775
6586,7,1,1.221431016921997
6587,8,1,0.4997074007987976
6588,0,1,0.7088948488235474
6589,7,1,0.5811259150505066
6590,0,1,1.267453908920288
6591,6,0,-0.027341067790985107
6592,9,1,0.7501585483551025
6593,3,1,0.3117018938064575
6594,2,1,0.44593214988708496
6595,8,1,0.5882530212402344
6596,6,0,0.12183082103729248
6597,0,1,1.3064807653427124
6598,5,1,0.7300000190734863
6599,7,1,0.8224153518676758
6600,5,1,0.502811074256897
6601,1,1,0.0936119556427002
6602,0,1,0.6932041645050049
6603,8,1,0.5812488794326782
6604,1,1,0.44076812267303467
6605,6,0,0.2410985231399536
6606,7,1,1.040825605392456
6607,2,1,0.47132807970046997
6608,9,1,0.44379162788391113
6609,7,1,1.1400748491287231
6610,9,1,0.34201788902282715
6611,5,1,4.244723320007324
6612,8,1,0.407548189163208
6613,6,0,-0.13391488790512085
6614,2,1,1.1391901969909668
6615,6,0,-0.09746652841567993
6616,2,1,0.3414120078086853
6617,8,1,0.33551037311553955
6618,1,1,0.5319526195526123
6619,7,1,0.6258201599121094
6620,5,1,0.480233371257782
6621,0,1,0.7844192981719971
6622,1,1,0.8551533222198486
6623,1,1,0.6700856685638428
6624,3,1,0.5680243968963623
6625,8,1,1.2785189151763916
6626,4,1,0.33887779712677
6627,9,1,0.1413591504096985
6628,1,1,0.7224011421203613
6629,8,1,0.2709125280380249
6630,6,0,-0.2647760212421417
6631,8,1,0.5168423652648926
6632,9,1,0.15760135650634766
6633,0,1,0.2637331485748291
6634,1,1,0.31273889541625977
6635,2,1,0.2870887517929077
6636,3,1,0.5489950180053711
6637,4,1,-0.08885908126831055
6638,5,1,0.3073769807815552
6639,6,0,-0.23526455461978912
6640,7,1,1.1638145446777344
6641,8,1,0.16883254051208496
6642,9,1,0.6116067171096802
6643,0,1,0.6921592950820923
6644,1,1,0.3709537982940674
6645,2,1,0.05176669359207153
6646,3,1,0.75276780128479
6647,4,1,0.2548818588256836
6648,7,1,1.432079792022705
6649,8,1,0.5549356341362
6650,9,1,0.5430107712745667
6651,0,1,0.5747089385986328
6652,1,1,0.8320631980895996
6653,7,1,1.2584270238876343
6654,8,1,0.4369860291481018
6655,9,1,0.2878304123878479
6656,9,1,0.6120789051055908
6657,8,1,0.3279268145561218
6658,9,1,0.472170352935791
6659,8,1,0.39643263816833496
6660,4,1,0.5598074197769165
6661,1,1,0.6168737411499023
6662,7,1,1.9673538208007812
6663,7,1,1.6990151405334473
6664,3,1,0.14196574687957764
6665,3,1,0.31409645080566406
6666,7,1,0.9905139207839966
6667,6,0,-0.22110143303871155
6668,6,0,0.10705041885375977
6669,6,0,-0.04044565558433533
6670,1,1,0.1497325897216797
6671,9,1,0.3305215835571289
6672,0,1,0.21967124938964844
6673,1,1,0.149114727973938
6674,7,1,0.9289021492004395
6675,6,0,-0.20935148000717163
6676,3,1,0.8944761753082275
6677,2,1,1.724031925201416
6678,1,1,0.3985174894332886
6679,7,1,0.798675537109375
6680,1,1,0.5139096975326538
6681,3,1,0.28599315881729126
6682,9,1,0.4909887909889221
6683,1,1,-0.0072062015533447266
6684,7,1,2.0412678718566895
6685,6,0,-0.11449193954467773
6686,8,1,0.664354681968689
6687,4,1,1.1605160236358643
6688,1,1,0.3774569034576416
6689,4,1,1.679483413696289
6690,3,1,0.7741811275482178
6691,6,0,-0.09615784883499146
6692,9,1,0.767403244972229
6693,6,0,-0.19711220264434814
6694,1,1,0.8952035903930664
6695,4,1,0.5766873955726624
6696,4,1,0.3580514192581177
6697,7,1,2.249195098876953
6698,2,1,0.044091492891311646
6699,4,1,0.8961910009384155
6700,4,1,0.3872731924057007
6701,0,1,0.4317670464515686
6702,1,1,-0.014586716890335083
6703,2,1,0.3438147306442261
6704,3,1,0.5594632625579834
6705,4,1,-0.221270352602005
6706,5,1,1.0160951614379883
6707,6,0,-0.26358485221862793
6708,7,1,0.6734310388565063
6709,8,1,-0.026727676391601562
6710,9,1,0.14941227436065674
6711,0,1,0.38462817668914795
6712,1,1,0.18833941221237183
6713,2,1,0.13763487339019775
6714,3,1,0.5616189241409302
6715,4,1,0.08460330963134766
6716,5,1,1.8426110744476318
6717,6,0,-0.040724754333496094
6718,9,1,0.24572992324829102
6719,0,1,0.09959638118743896
6720,1,1,0.2630295753479004
6721,2,1,0.6415835618972778
6722,3,1,0.09896057844161987
6723,4,1,0.22240710258483887
6724,7,1,1.0173046588897705
6725,8,1,0.17303037643432617
6726,1,1,0.2802916169166565
6727,3,1,0.3924805521965027
6728,5,1,0.5870224237442017
6729,1,1,0.04735568165779114
6730,7,1,0.4144711494445801
6731,7,1,0.5987076759338379
6732,2,1,0.17744195461273193
6733,1,1,0.12381374835968018
6734,4,1,0.4104806184768677
6735,8,1,0.30417346954345703
6736,3,1,0.4839092493057251
6737,4,1,0.1112450361251831
6738,4,1,0.01022648811340332
6739,3,1,0.3504440188407898
6740,9,1,-0.09377455711364746
6741,7,1,0.6553249359130859
6742,4,1,0.0936814546585083
6743,1,1,0.25875699520111084
6744,2,1,0.7270861864089966
6745,3,1,0.60575270652771
6746,5,1,1.7595336437225342
6747,9,1,0.24545657634735107
6748,1,1,-0.013435721397399902
6749,6,0,-0.11351507902145386
6750,0,1,0.2708091139793396
6751,1,1,0.3528023958206177
6752,0,1,0.3979223966598511
6753,0,1,0.047962337732315063
6754,2,1,0.288112998008728
6755,8,1,0.5314186811447144
6756,7,1,0.418498694896698
6757,1,1,0.017498314380645752
6758,1,1,0.05135682225227356
6759,4,1,0.13671791553497314
6760,0,1,0.07975590229034424
6761,4,1,0.052299320697784424
6762,7,1,0.9926782846450806
6763,3,1,0.5572614669799805
6764,6,0,-0.03937268257141113
6765,8,1,0.2382715940475464
6766,0,1,0.16849422454833984
6767,3,1,0.4914183020591736
6768,7,1,0.8270213603973389
6769,4,1,-0.08472016453742981
6770,0,1,0.023972272872924805
6771,6,0,-0.21429939568042755
6772,9,1,0.09279608726501465
6773,2,1,0.32874298095703125
6774,6,0,-0.22824591398239136
6775,5,1,1.7023115158081055
6776,8,1,0.05858874320983887
6777,6,0,-0.12712138891220093
6778,9,1,0.20572781562805176
6779,0,1,0.05466821789741516
6780,4,1,0.2446146011352539
6781,0,1,0.12165158987045288
6782,6,0,-0.23136919736862183
6783,1,1,0.1449800729751587
6784,9,1,0.23913753032684326
6785,2,1,1.7262959480285645
6786,0,1,0.18926721811294556
6787,9,1,0.26881563663482666
6788,5,1,2.5002243518829346
6789,1,1,0.04381421208381653
6790,3,1,0.4608718752861023
6791,7,1,0.9734936952590942
6792,6,0,-0.26505208015441895
6793,9,1,0.36590009927749634
6794,3,1,0.19903385639190674
6795,0,1,0.34673577547073364
6796,2,1,0.2554076313972473
6797,2,1,0.25377267599105835
6798,0,1,0.5130171775817871
6799,1,1,0.2645450234413147
6800,2,1,0.37991535663604736
6801,3,1,0.31842267513275146
6802,4,1,0.14632785320281982
6803,5,1,0.31026017665863037
6804,6,0,-0.2437506914138794
6805,7,1,1.3178811073303223
6806,8,1,0.2643880844116211
6807,9,1,0.37296062707901
6808,0,1,0.360587477684021
6809,1,1,0.6001701354980469
6810,2,1,0.4630584716796875
6811,3,1,0.2179410457611084
6812,4,1,0.11503410339355469
6813,5,1,0.17628532648086548
6814,6,0,-0.29413318634033203
6815,7,1,0.9655976295471191
6816,8,1,0.1225581169128418
6817,9,1,0.30058062076568604
6818,0,1,0.1686369776725769
6819,1,1,0.08556604385375977
6820,2,1,0.6099569797515869
6821,3,1,0.19048291444778442
6822,4,1,0.20071935653686523
6823,5,1,0.31656885147094727
6824,6,0,-0.21982412040233612
6825,7,1,1.5073258876800537
6826,8,1,0.4224865436553955
6827,9,1,0.2649279832839966
6828,2,1,0.5861591100692749
6829,1,1,0.21504616737365723
6830,7,1,1.5040359497070312
6831,2,1,0.5878132581710815
6832,5,1,0.7175347805023193
6833,0,1,0.4505499005317688
6834,8,1,0.301236093044281
6835,0,1,0.5912014245986938
6836,2,1,0.48534709215164185
6837,7,1,1.3553296327590942
6838,8,1,0.2982768416404724
6839,8,1,0.1524786353111267
6840,3,1,0.20074468851089478
6841,0,1,0.12432831525802612
6842,6,0,-0.1251162588596344
6843,0,1,0.07435804605484009
6844,2,1,0.779555082321167
6845,7,1,1.115115761756897
6846,6,0,-0.2528536319732666
6847,6,0,-0.14936834573745728
6848,1,1,0.2247973084449768
6849,2,1,0.6450216770172119
6850,8,1,0.27530932426452637
6851,8,1,0.07061129808425903
6852,7,1,0.6639928817749023
6853,7,1,0.8876850605010986
6854,4,1,0.09078526496887207
6855,7,1,0.4336147904396057
6856,7,1,0.7607259750366211
6857,3,1,0.07772141695022583
6858,7,1,0.4874712824821472
6859,4,1,0.1304779052734375
6860,5,1,0.6455525159835815
6861,4,1,0.4107404351234436
6862,3,1,0.1100415587425232
6863,3,1,0.22563612461090088
6864,8,1,0.3548813462257385
6865,4,1,0.2781944274902344
6866,5,1,0.6645424365997314
6867,4,1,0.2998892664909363
6868,1,1,0.20537716150283813
6869,1,1,0.3760804533958435
6870,9,1,0.35094642639160156
6871,7,1,1.2784101963043213
6872,4,1,0.0811539888381958
6873,3,1,-0.07185205817222595
6874,7,1,1.2627451419830322
6875,3,1,0.311165988445282
6876,3,1,0.04839414358139038
6877,0,1,0.1578357219696045
6878,2,1,0.5299698114395142
6879,5,1,0.15261554718017578
6880,5,1,1.032654047012329
6881,6,0,-0.3408876657485962
6882,3,1,0.42393434047698975
6883,1,1,0.15951120853424072
6884,5,1,0.5570410490036011
6885,2,1,0.21725010871887207
6886,5,1,0.08260935544967651
6887,9,1,0.2966984510421753
6888,9,1,0.2896451950073242
6889,8,1,0.289431095123291
6890,4,1,0.29241687059402466
6891,1,1,0.394267201423645
6892,0,1,0.5041093826293945
6893,6,0,-0.04709160327911377
6894,0,1,0.012343645095825195
6895,9,1,0.3224486708641052
6896,6,0,-0.25867193937301636
6897,8,1,0.313068151473999
6898,8,1,0.38644206523895264
6899,5,1,0.10220080614089966
6900,6,0,0.10462522506713867
6901,1,1,0.04077625274658203
6902,1,1,0.5535987019538879
6903,9,1,0.389101505279541
6904,8,1,0.36865437030792236
6905,9,1,0.5710384845733643
6906,2,1,0.20633113384246826
6907,3,1,0.5370746850967407
6908,5,1,0.09723526239395142
6909,5,1,0.7054833173751831
6910,9,1,0.3016848564147949
6911,4,1,0.49908125400543213
6912,2,1,1.7279443740844727
6913,1,1,0.09714794158935547
6914,9,1,0.4172419309616089
6915,4,1,0.14217782020568848
6916,9,1,0.013165771961212158
6917,1,1,0.19759047031402588
6918,3,1,0.13676035404205322
6919,9,1,0.5761129260063171
6920,2,1,0.6908369064331055
6921,0,1,0.6469612121582031
6922,6,0,-0.07230210304260254
6923,0,1,0.38716840744018555
6924,4,1,0.5816564559936523
6925,0,1,0.5785797834396362
6926,6,0,-0.010639935731887817
6927,0,1,0.13883161544799805
6928,1,1,0.46732938289642334
6929,2,1,0.4195771813392639
6930,3,1,0.9543907642364502
6931,4,1,0.43031954765319824
6932,5,1,0.506116509437561
6933,6,0,-0.3179003596305847
6934,7,1,0.8526729345321655
6935,8,1,0.34056204557418823
6936,9,1,0.3020268678665161
6937,0,1,0.5424069166183472
6938,1,1,0.11227667331695557
6939,2,1,0.12100952863693237
6940,3,1,0.05201458930969238
6941,4,1,0.5581288933753967
6942,5,1,0.21239662170410156
6943,6,0,-0.23901301622390747
6944,7,1,0.9855698347091675
6945,8,1,0.5406205654144287
6946,9,1,0.5503989458084106
6947,0,1,0.5862658023834229
6948,1,1,0.25724637508392334
6949,2,1,0.21902257204055786
6950,3,1,0.18390095233917236
6951,4,1,0.5023976564407349
6952,5,1,0.5272101163864136
6953,6,0,-0.30434632301330566
6954,7,1,0.667504072189331
6955,8,1,0.3734976649284363
6956,9,1,0.22986650466918945
6957,3,1,0.7299360036849976
6958,8,1,0.33972620964050293
6959,0,1,-0.12535369396209717
6960,7,1,0.9918553829193115
6961,1,1,0.20244693756103516
6962,0,1,-0.1473323106765747
6963,7,1,1.1212096214294434
6964,5,1,0.4276156425476074
6965,5,1,0.7050684690475464
6966,6,0,-0.1988545060157776
6967,9,1,0.46706056594848633
6968,0,1,0.1402079463005066
6969,1,1,0.3881535530090332
6970,0,1,0.06045606732368469
6971,0,1,0.06215602159500122
6972,8,1,0.24393433332443237
6973,3,1,0.5311818718910217
6974,4,1,0.5177152156829834
6975,3,1,0.06790626049041748
6976,1,1,0.21124720573425293
6977,5,1,0.4359469413757324
6978,0,1,-0.147216796875
6979,0,1,0.08396703004837036
6980,9,1,0.3465390205383301
6981,5,1,-0.0880381166934967
6982,3,1,0.5812819004058838
6983,4,1,0.27586305141448975
6984,9,1,0.14347600936889648
6985,3,1,0.295559823513031
6986,7,1,1.0814788341522217
6987,6,0,-0.3099595308303833
6988,9,1,0.46673309803009033
6989,2,1,-0.11725819110870361
6990,4,1,0.09816181659698486
6991,5,1,0.1495821475982666
6992,7,1,1.167354941368103
6993,2,1,0.21092289686203003
6994,6,0,-0.33130890130996704
6995,4,1,0.41935062408447266
6996,9,1,0.7232396602630615
6997,4,1,0.10061299800872803
6998,9,1,0.35528790950775146
6999,4,1,0.14228522777557373
7000,1,1,0.3263553977012634
7001,2,1,0.20911383628845215
7002,2,1,0.1984427571296692
7003,5,1,0.5505872964859009
7004,8,1,0.43136632442474365
7005,1,1,0.235132098197937
7006,3,1,0.6827301979064941
7007,2,1,0.10965502262115479
7008,9,1,0.06883740425109863
7009,4,1,0.3636859655380249
7010,3,1,0.8777204751968384
7011,8,1,0.6584278345108032
7012,2,1,-0.01399683952331543
7013,2,1,0.007292389869689941
7014,1,1,0.3500516414642334
7015,2,1,-0.16029587388038635
7016,8,1,0.0663682222366333
7017,6,0,-0.2889842092990875
7018,5,1,0.06407779455184937
7019,1,1,0.09875267744064331
7020,6,0,-0.3208896815776825
7021,7,1,1.1272799968719482
7022,2,1,0.031977832317352295
7023,1,1,0.4636167287826538
7024,3,1,0.49734997749328613
7025,9,1,0.8046839237213135
7026,3,1,0.6525943279266357
7027,8,1,0.6677578687667847
7028,7,1,1.3830327987670898
7029,5,1,0.23276567459106445
7030,7,1,0.8514969348907471
7031,0,1,0.26480549573898315
7032,7,1,0.7844280004501343
7033,4,1,0.17369598150253296
7034,8,1,0.18290233612060547
7035,8,1,0.03275251388549805
7036,5,1,0.4390941858291626
7037,0,1,0.11020445823669434
7038,6,0,-0.07465165853500366
7039,6,0,-0.27921968698501587
7040,3,1,0.30418598651885986
7041,7,1,0.856682300567627
7042,6,0,-0.22685961425304413
7043,9,1,0.28953975439071655
7044,9,1,0.5569767355918884
7045,4,1,0.21876853704452515
7046,8,1,0.6306066513061523
7047,4,1,0.4026985168457031
7048,1,1,0.297635555267334
7049,0,1,-0.08063870668411255
7050,6,0,-0.3187776803970337
7051,6,0,-0.2711116075515747
7052,0,1,0.13557302951812744
7053,1,1,0.4130610227584839
7054,2,1,0.3633747696876526
7055,3,1,0.8449459075927734
7056,4,1,0.44902437925338745
7057,5,1,0.5081773400306702
7058,6,0,-0.2847166061401367
7059,7,1,1.1199941635131836
7060,8,1,0.4006025195121765
7061,9,1,0.234624445438385
7062,0,1,0.19521009922027588
7063,1,1,0.2403038740158081
7064,2,1,0.31718122959136963
7065,3,1,0.7510857582092285
7066,4,1,0.41913163661956787
7067,5,1,0.5889756679534912
7068,6,0,-0.28529587388038635
7069,7,1,0.8654615879058838
7070,8,1,0.6444439888000488
7071,9,1,0.29385697841644287
7072,0,1,0.6320176124572754
7073,1,1,0.3328748345375061
7074,2,1,0.5190019011497498
7075,3,1,0.4708014726638794
7076,4,1,0.3299703598022461
7077,5,1,0.31600868701934814
7078,6,0,-0.27620363235473633
7079,7,1,1.2998648881912231
7080,8,1,0.2869330644607544
7081,9,1,-0.04601454734802246
7082,7,1,1.4028239250183105
7083,4,1,0.08984845876693726
7084,0,1,-0.07158184051513672
7085,4,1,0.14676785469055176
7086,0,1,0.17037075757980347
7087,1,1,0.3144741654396057
7088,7,1,1.3018324375152588
7089,9,1,0.06951051950454712
7090,5,1,0.8115856647491455
7091,1,1,0.18498539924621582
7092,4,1,0.20995455980300903
7093,2,1,0.46507346630096436
7094,8,1,0.6281485557556152
7095,9,1,0.17884337902069092
7096,4,1,0.46155571937561035
7097,3,1,1.2779805660247803
7098,7,1,0.8318808078765869
7099,8,1,0.2776833772659302
7100,2,1,0.32934826612472534
7101,4,1,0.502482533454895
7102,4,1,0.3345952033996582
7103,3,1,0.4706488847732544
7104,3,1,0.6845052242279053
7105,6,0,-0.29383864998817444
7106,9,1,0.6934006214141846
7107,9,1,0.49495404958724976
7108,5,1,0.551906943321228
7109,8,1,0.17320895195007324
7110,6,0,-0.2408248782157898
7111,7,1,0.8586525917053223
7112,0,1,0.17155635356903076
7113,6,0,-0.24802087247371674
7114,8,1,0.2847307324409485
7115,2,1,0.5427442193031311
7116,6,0,-0.22962501645088196
7117,3,1,0.9099220037460327
7118,9,1,0.43891674280166626
7119,3,1,0.5556809902191162
7120,2,1,0.4173198342323303
7121,8,1,0.4285324811935425
7122,6,0,-0.23517388105392456
7123,1,1,0.20193040370941162
7124,7,1,0.9734430313110352
7125,4,1,0.23921990394592285
7126,8,1,0.23390793800354004
7127,8,1,0.28774046897888184
7128,9,1,0.7381086349487305
7129,0,1,0.11013144254684448
7130,3,1,0.7481964826583862
7131,3,1,0.9260482788085938
7132,9,1,0.13318610191345215
7133,0,1,0.0220431387424469
7134,5,1,0.6074255704879761
7135,2,1,0.4443093538284302
7136,9,1,0.3196432590484619
7137,4,1,0.38797175884246826
7138,1,1,0.04765594005584717
7139,0,1,0.004445433616638184
7140,3,1,0.5407592058181763
7141,7,1,1.3631306886672974
7142,5,1,0.4419856071472168
7143,8,1,0.08067333698272705
7144,7,1,1.382622241973877
7145,7,1,1.1265199184417725
7146,8,1,0.06329691410064697
7147,2,1,0.357810378074646
7148,9,1,0.280864953994751
7149,7,1,1.0842466354370117
7150,1,1,0.006483793258666992
7151,2,1,0.4422551989555359
7152,6,0,-0.2548055648803711
7153,4,1,0.29737818241119385
7154,2,1,0.3922896385192871
7155,5,1,0.2572615146636963
7156,2,1,0.33744728565216064
7157,3,1,1.2439353466033936
7158,6,0,-0.21085454523563385
7159,6,0,-0.3003281056880951
7160,5,1,0.539950966835022
7161,0,1,-0.11103630065917969
7162,0,1,0.068301260471344
7163,2,1,0.33415114879608154
7164,8,1,0.4190988540649414
7165,1,1,0.06219097971916199
7166,6,0,-0.2240024358034134
7167,1,1,0.2642287015914917
7168,0,1,0.036834269762039185
7169,4,1,0.12162196636199951
7170,3,1,1.1027377843856812
7171,1,1,0.2487543821334839
7172,6,0,-0.2839944660663605
7173,1,1,0.003478437662124634
7174,9,1,0.3002380132675171
7175,0,1,1.0598516464233398
7176,1,1,0.12746238708496094
7177,4,1,0.24434280395507812
7178,5,1,1.6490418910980225
7179,6,0,-0.1968047320842743
7180,7,1,1.3758094310760498
7181,8,1,0.38187676668167114
7182,9,1,0.532857358455658
7183,1,1,0.23491579294204712
7184,2,1,0.15888911485671997
7185,3,1,0.8682433366775513
7186,4,1,0.5904459953308105
7187,5,1,1.81396484375
7188,6,0,-0.15692442655563354
7189,7,1,1.352057933807373
7190,0,1,0.39221709966659546
7191,1,1,0.35769879817962646
7192,2,1,0.10521745681762695
7193,3,1,0.39319097995758057
7194,4,1,0.25358736515045166
7195,5,1,2.7127065658569336
7196,6,0,-0.03686007857322693
7197,7,1,0.7935972213745117
7198,8,1,0.5236243605613708
7199,9,1,0.6690086126327515
7200,8,1,0.5803995132446289
7201,4,1,0.27498936653137207
7202,0,1,1.1463910341262817
7203,0,1,0.25545060634613037
7204,7,1,0.9388234615325928
7205,2,1,0.16068238019943237
7206,4,1,0.4100422263145447
7207,3,1,0.5940176248550415
7208,8,1,1.0292595624923706
7209,6,0,-0.238341823220253
7210,6,0,-0.2833065986633301
7211,3,1,1.1946380138397217
7212,2,1,0.5297887325286865
7213,6,0,0.2362992763519287
7214,3,1,0.7182539701461792
7215,3,1,0.6492118835449219
7216,0,1,0.5085923671722412
7217,1,1,0.5699304938316345
7218,4,1,0.5878140926361084
7219,7,1,0.3842165470123291
7220,8,1,0.651802659034729
7221,0,1,1.055344820022583
7222,3,1,0.5130630731582642
7223,1,1,0.37531065940856934
7224,9,1,0.5240585803985596
7225,0,1,0.19143247604370117
7226,1,1,0.6777373552322388
7227,9,1,0.3240625858306885
7228,1,1,0.0872734785079956
7229,2,1,0.2541900873184204
7230,7,1,1.4160611629486084
7231,0,1,0.6841710805892944
7232,1,1,0.5318625569343567
7233,3,1,0.6444329023361206
7234,8,1,0.4898102879524231
7235,2,1,0.4840811491012573
7236,9,1,0.16167664527893066
7237,2,1,0.480457067489624
7238,7,1,1.0745162963867188
7239,6,0,-0.27114951610565186
7240,5,1,1.7557530403137207
7241,5,1,2.6326541900634766
7242,9,1,0.14270633459091187
7243,9,1,0.2363734245300293
7244,8,1,0.39582204818725586
7245,2,1,0.2442992925643921
7246,9,1,0.03069746494293213
7247,1,1,0.2274261713027954
7248,3,1,0.5614850521087646
7249,2,1,0.509477436542511
7250,3,1,0.14711517095565796
7251,4,1,0.18576836585998535
7252,3,1,0.7899681329727173
7253,1,1,-0.01811426877975464
7254,9,1,0.3389866352081299
7255,0,1,0.5584262609481812
7256,9,1,0.4860767126083374
7257,3,1,0.4329131245613098
7258,6,0,-0.21429425477981567
7259,8,1,0.7704644203186035
7260,7,1,0.8729351758956909
7261,0,1,0.46134889125823975
7262,1,1,0.3385416269302368
7263,0,1,0.06695806980133057
7264,5,1,0.6765666007995605
7265,8,1,0.8519717454910278
7266,2,1,-0.017425954341888428
7267,7,1,0.7512682676315308
7268,7,1,0.3243248462677002
7269,0,1,0.06624895334243774
7270,1,1,0.16784465312957764
7271,2,1,0.5653109550476074
7272,3,1,0.7365003824234009
7273,4,1,-0.03586691617965698
7274,5,1,0.3514899015426636
7275,6,0,-0.27435240149497986
7276,7,1,1.1858222484588623
7277,8,1,0.01683109998703003
7278,9,1,0.33472132682800293
7279,0,1,0.680978536605835
7280,1,1,0.15666890144348145
7281,2,1,0.3675112724304199
7282,3,1,0.22113502025604248
7283,4,1,-0.0007868409156799316
7284,5,1,0.42379695177078247
7285,6,0,-0.27764737606048584
7286,7,1,0.7215631008148193
7287,8,1,0.22042280435562134
7288,9,1,0.01916104555130005
7289,0,1,0.2374269962310791
7290,1,1,0.1602543592453003
7291,2,1,0.47856277227401733
7292,3,1,0.4640425443649292
7293,4,1,0.21118813753128052
7294,5,1,-0.05331575870513916
7295,6,0,-0.2181970477104187
7296,7,1,0.8162204027175903
7297,8,1,0.09084117412567139
7298,9,1,0.2980080246925354
7299,1,1,0.22255373001098633
7300,7,1,0.7374022006988525
7301,4,1,0.02607324719429016
7302,8,1,-0.005639523267745972
7303,1,1,0.051838070154190063
7304,5,1,0.11447316408157349
7305,6,0,-0.27449217438697815
7306,5,1,0.4575765132904053
7307,7,1,1.2716630697250366
7308,2,1,0.4037590026855469
7309,8,1,0.13955646753311157
7310,6,0,-0.2212543785572052
7311,3,1,0.44882631301879883
7312,3,1,0.13123440742492676
7313,8,1,0.5833256244659424
7314,6,0,-0.27410730719566345
7315,5,1,0.053335368633270264
7316,4,1,0.0946882963180542
7317,0,1,0.06763774156570435
7318,9,1,0.24744641780853271
7319,1,1,0.40016114711761475
7320,7,1,0.45147770643234253
7321,2,1,0.6844207048416138
7322,9,1,0.0926584005355835
7323,1,1,0.3846409320831299
7324,5,1,0.22878235578536987
7325,1,1,0.2140854001045227
7326,3,1,0.31619805097579956
7327,2,1,0.28239262104034424
7328,2,1,0.1306084394454956
7329,3,1,0.3766646981239319
7330,0,1,0.017531365156173706
7331,6,0,-0.3309652507305145
7332,4,1,-0.0889730155467987
7333,3,1,0.5062111616134644
7334,7,1,0.8192441463470459
7335,6,0,-0.24746915698051453
7336,9,1,-0.003048837184906006
7337,0,1,-0.1524772047996521
7338,4,1,-0.029734879732131958
7339,8,1,0.14620840549468994
7340,1,1,0.27261340618133545
7341,4,1,0.2714774012565613
7342,0,1,-0.04493916034698486
7343,6,0,-0.2111116498708725
7344,1,1,0.4715549945831299
7345,2,1,0.7651553153991699
7346,6,0,-0.3247879147529602
7347,9,1,0.3045557141304016
7348,2,1,0.5513960123062134
7349,2,1,0.4429340958595276
7350,3,1,0.6144167184829712
7351,5,1,0.09753137826919556
7352,5,1,0.2837796211242676
7353,1,1,0.21732598543167114
7354,0,1,-0.1509883999824524
7355,7,1,1.1769986152648926
7356,7,1,1.0541247129440308
7357,9,1,0.775039792060852
7358,6,0,-0.33689266443252563
7359,2,1,0.5408451557159424
7360,9,1,0.17897295951843262
7361,4,1,0.02038651704788208
7362,7,1,0.989349365234375
7363,0,1,0.041687577962875366
7364,2,1,0.4065735936164856
7365,3,1,0.4689556956291199
7366,4,1,0.041828811168670654
7367,0,1,0.03743353486061096
7368,0,1,-0.01413467526435852
7369,8,1,0.32247114181518555
7370,8,1,0.14466428756713867
7371,8,1,0.1110450029373169
7372,5,1,0.23889684677124023
7373,1,1,0.21256452798843384
7374,3,1,0.479556679725647
7375,7,1,0.6079373359680176
7376,4,1,0.36143016815185547
7377,9,1,0.2770349979400635
7378,8,1,0.3255641460418701
7379,8,1,0.28711432218551636
7380,9,1,0.31287848949432373
7381,0,1,0.014712870121002197
7382,9,1,0.1892492175102234
7383,8,1,0.41845524311065674
7384,9,1,0.39438533782958984
7385,0,1,0.10164260864257812
7386,2,1,0.1710575819015503
7387,6,0,-0.3141249418258667
7388,5,1,0.26115357875823975
7389,6,0,-0.3048017621040344
7390,7,1,1.2164711952209473
7391,4,1,0.2540432810783386
7392,7,1,1.3554733991622925
7393,5,1,0.4132033586502075
7394,4,1,0.03525203466415405
7395,1,1,0.10363388061523438
7396,3,1,0.5008820295333862
7397,5,1,0.29470425844192505
7398,3,1,0.28932464122772217
7399,1,1,0.1974242925643921
7400,2,1,0.33563828468322754
7401,3,1,0.5602053999900818
7402,4,1,0.9400842189788818
7403,5,1,0.3884727954864502
7404,6,0,-0.11476752161979675
7405,1,1,0.27279019355773926
7406,2,1,0.09075993299484253
7407,3,1,0.8824899196624756
7408,4,1,0.14066994190216064
7409,6,0,-0.18458695709705353
7410,0,1,0.4157395362854004
7411,1,1,-0.06138288974761963
7412,2,1,0.12195640802383423
7413,4,1,0.8051856756210327
7414,5,1,1.3560787439346313
7415,6,0,-0.20087122917175293
7416,7,1,0.8621463775634766
7417,8,1,0.31010735034942627
7418,1,1,0.1956614851951599
7419,7,1,1.8254218101501465
7420,2,1,0.8088278770446777
7421,4,1,0.34336531162261963
7422,1,1,0.30956411361694336
7423,4,1,0.6576759815216064
7424,1,1,0.07236766815185547
7425,4,1,0.7447876930236816
7426,9,1,0.2580987215042114
7427,6,0,-0.09485334157943726
7428,8,1,0.6994390487670898
7429,4,1,0.5899550914764404
7430,5,1,0.2839011549949646
7431,3,1,0.8633127212524414
7432,7,1,1.3595175743103027
7433,8,1,0.05247902870178223
7434,4,1,0.1666153073310852
7435,3,1,1.0459825992584229
7436,3,1,0.5960898399353027
7437,5,1,0.8449532985687256
7438,6,0,-0.08533895015716553
7439,7,1,0.9153378009796143
7440,0,1,0.12225174903869629
7441,6,0,-0.15995502471923828
7442,1,1,0.5153498649597168
7443,6,0,-0.1231769323348999
7444,8,1,0.2515234351158142
7445,7,1,1.0627434253692627
7446,0,1,0.6979649066925049
7447,1,1,0.79268479347229
7448,5,1,0.09358763694763184
7449,0,1,0.16084504127502441
7450,8,1,0.13207006454467773
7451,5,1,6.725630283355713
7452,0,1,0.37298792600631714
7453,1,1,0.253196120262146
7454,5,1,2.23427677154541
7455,8,1,0.3571828603744507
7456,4,1,0.11763763427734375
7457,2,1,0.36850857734680176
7458,3,1,0.8449081182479858
7459,9,1,0.38762927055358887
7460,7,1,1.7267842292785645
7461,6,0,-0.24873852729797363
7462,9,1,0.23805546760559082
7463,1,1,0.09377968311309814
7464,9,1,0.08129706978797913
7465,0,1,0.1268022060394287
7466,6,0,-0.1893918216228485
7467,7,1,2.104637384414673
7468,1,1,0.48487210273742676
7469,2,1,1.0109678506851196
7470,3,1,1.6529226303100586
7471,9,1,0.39866745471954346
7472,2,1,0.25152790546417236
7473,4,1,0.0698322057723999
7474,5,1,1.9513232707977295
7475,5,1,0.3616514205932617
7476,3,1,0.6842688322067261
7477,7,1,1.398054838180542
7478,5,1,0.6893367767333984
7479,3,1,0.6599934101104736
7480,1,1,0.09714901447296143
7481,8,1,0.542016863822937
7482,2,1,0.6373130083084106
7483,2,1,0.9157049655914307
7484,3,1,0.8196930885314941
7485,0,1,0.28916478157043457
7486,2,1,0.5297764539718628
7487,9,1,0.5086995363235474
7488,4,1,1.0083141326904297
7489,9,1,0.4417188763618469
7490,7,1,1.0148873329162598
7491,0,1,0.35595786571502686
7492,2,1,1.1190605163574219
7493,7,1,2.791276216506958
7494,4,1,-0.053773462772369385
7495,9,1,1.2388180494308472
7496,9,1,0.3913555145263672
7497,2,1,0.3780635595321655
7498,5,1,0.32265400886535645
7499,9,1,0.4553700089454651
7500,8,1,0.4354020953178406
7501,3,1,0.8148235082626343
7502,8,1,0.5549547672271729
7503,6,0,-0.08999046683311462
7504,7,1,1.143259048461914
7505,0,1,0.2450007200241089
7506,0,1,0.019264400005340576
7507,1,1,0.03692278265953064
7508,2,1,0.04849815368652344
7509,3,1,0.3876955509185791
7510,4,1,0.6485027074813843
7511,5,1,0.8390238285064697
7512,6,0,-0.2740277647972107
7513,7,1,0.5647220611572266
7514,8,1,-0.03546684980392456
7515,9,1,0.20222771167755127
7516,0,1,0.20653444528579712
7517,1,1,0.06440770626068115
7518,2,1,0.22183001041412354
7519,3,1,0.2932191491127014
7520,4,1,1.219064474105835
7521,5,1,1.3558781147003174
7522,6,0,-0.28652554750442505
7523,7,1,0.3661479949951172
7524,8,1,0.16885125637054443
7525,9,1,0.5098212957382202
7526,0,1,0.134474515914917
7527,1,1,0.07202655076980591
7528,2,1,-0.0312386155128479
7529,3,1,0.22996604442596436
7530,4,1,1.0977342128753662
7531,5,1,1.0436290502548218
7532,6,0,-0.24513837695121765
7533,7,1,0.4223504662513733
7534,8,1,-0.06746625900268555
7535,9,1,0.6640021800994873
7536,0,1,0.6316232681274414
7537,0,1,0.2910659909248352
7538,7,1,0.996107816696167
7539,2,1,0.27619338035583496
7540,6,0,-0.17775291204452515
7541,5,1,1.3225173950195312
7542,5,1,1.4769208431243896
7543,3,1,0.24995142221450806
7544,7,1,0.46464216709136963
7545,8,1,0.016768813133239746
7546,6,0,-0.2641288936138153
7547,6,0,-0.263601690530777
7548,6,0,-0.16949284076690674
7549,6,0,-0.10209351778030396
7550,4,1,0.5529453754425049
7551,3,1,0.48481523990631104
7552,8,1,0.04512777924537659
7553,8,1,-0.055979788303375244
7554,3,1,0.5826512575149536
7555,0,1,-0.1314321756362915
7556,1,1,0.3114445209503174
7557,9,1,0.4981163740158081
7558,0,1,0.02733364701271057
7559,5,1,0.6180135011672974
7560,4,1,0.32643914222717285
7561,1,1,0.18963485956192017
7562,9,1,0.49736154079437256
7563,1,1,0.25886261463165283
7564,2,1,0.33292293548583984
7565,7,1,0.50287926197052
7566,0,1,0.050000548362731934
7567,1,1,0.20957839488983154
7568,3,1,0.30333298444747925
7569,8,1,0.0787961483001709
7570,2,1,0.2442307472229004
7571,9,1,0.19472074508666992
7572,2,1,0.4448506832122803
7573,7,1,0.6749188899993896
7574,4,1,0.3244746923446655
7575,2,1,0.38735806941986084
7576,6,0,-0.30277109146118164
7577,5,1,1.5541936159133911
7578,5,1,0.9829521179199219
7579,9,1,0.23317807912826538
7580,9,1,0.017935454845428467
7581,1,1,-0.016291499137878418
7582,1,1,0.041166722774505615
7583,5,1,1.20932936668396
7584,7,1,1.0923141241073608
7585,6,0,-0.2546045780181885
7586,8,1,-0.023479849100112915
7587,2,1,0.392267107963562
7588,9,1,0.6117277145385742
7589,4,1,1.0415825843811035
7590,3,1,1.0058870315551758
7591,1,1,0.13777399063110352
7592,9,1,0.02236849069595337
7593,0,1,0.7493916749954224
7594,9,1,0.5864220857620239
7595,3,1,0.3588715195655823
7596,6,0,-0.188136488199234
7597,8,1,0.1212836503982544
7598,7,1,1.2138090133666992
7599,0,1,0.03756153583526611
7600,1,1,0.12420624494552612
7601,0,1,0.18295925855636597
7602,5,1,0.531700849533081
7603,8,1,0.2100989818572998
7604,2,1,0.3999418020248413
7605,7,1,0.44514232873916626
7606,7,1,1.0114736557006836
7607,0,1,0.43163084983825684
7608,1,1,0.46066999435424805
7609,2,1,0.2690317630767822
7610,3,1,0.3895869851112366
7611,4,1,0.30246323347091675
7612,5,1,0.2584457993507385
7613,6,0,-0.2735190987586975
7614,7,1,0.6062624454498291
7615,8,1,0.35688936710357666
7616,9,1,0.05571162700653076
7617,0,1,0.9648369550704956
7618,1,1,0.11625063419342041
7619,2,1,0.3036081790924072
7620,3,1,0.3429461717605591
7621,4,1,0.17451369762420654
7622,5,1,0.1732398271560669
7623,8,1,0.15951824188232422
7624,9,1,0.2827889919281006
7625,0,1,0.254500150680542
7626,1,1,0.08358711004257202
7627,2,1,0.2126123309135437
7628,3,1,0.1483898162841797
7629,4,1,0.21809518337249756
7630,5,1,0.5507729649543762
7631,6,0,-0.15174168348312378
7632,7,1,1.277993083000183
7633,8,1,-0.013650059700012207
7634,9,1,0.5309615135192871
7635,2,1,0.14499247074127197
7636,1,1,0.32671046257019043
7637,2,1,0.21849536895751953
7638,1,1,0.6652874946594238
7639,3,1,0.5741740465164185
7640,9,1,0.2940479516983032
7641,9,1,0.04228776693344116
7642,8,1,-0.08709263801574707
7643,5,1,0.16357433795928955
7644,3,1,0.5925012826919556
7645,7,1,0.19622600078582764
7646,0,1,0.2337179183959961
7647,7,1,1.3328684568405151
7648,7,1,1.297374963760376
7649,5,1,0.4791662096977234
7650,7,1,1.5168890953063965
7651,9,1,0.04500246047973633
7652,9,1,0.23616433143615723
7653,4,1,0.4592168927192688
7654,7,1,1.9939160346984863
7655,0,1,0.30603212118148804
7656,3,1,0.2139737606048584
7657,4,1,0.40091145038604736
7658,1,1,0.05628710985183716
7659,5,1,0.22128582000732422
7660,8,1,0.12497740983963013
7661,1,1,-0.012148112058639526
7662,4,1,0.21492350101470947
7663,8,1,0.38498133420944214
7664,4,1,0.20032352209091187
7665,1,1,0.15495002269744873
7666,8,1,0.17178553342819214
7667,6,0,-0.14986515045166016
7668,6,0,-0.11874693632125854
7669,4,1,0.4380589723587036
7670,6,0,-0.25802937150001526
7671,0,1,-0.02816370129585266
7672,5,1,-0.024334073066711426
7673,5,1,0.28143978118896484
7674,3,1,0.5729123950004578
7675,3,1,0.18801116943359375
7676,5,1,0.1535801887512207
7677,7,1,2.2117409706115723
7678,2,1,0.27161920070648193
7679,5,1,0.2365826964378357
7680,9,1,0.6263575553894043
7681,6,0,-0.2632818818092346
7682,9,1,0.9311808347702026
7683,2,1,0.6133999824523926
7684,6,0,-0.2745842933654785
7685,2,1,0.09719645977020264
7686,1,1,0.5168319344520569
7687,2,1,0.5328856110572815
7688,0,1,0.8534921407699585
7689,8,1,0.19040441513061523
7690,3,1,0.3213529586791992
7691,8,1,0.09373033046722412
7692,3,1,0.4213196039199829
7693,0,1,0.566953182220459
7694,8,1,0.030983269214630127
7695,7,1,0.6560511589050293
7696,4,1,0.5667498111724854
7697,9,1,0.2755153179168701
7698,5,1,0.29282450675964355
7699,0,1,0.8269141912460327
7700,9,1,0.34987330436706543
7701,7,1,1.3849303722381592
7702,0,1,0.25211310386657715
7703,0,1,0.33215463161468506
7704,4,1,0.5127174854278564
7705,6,0,-0.20020201802253723
7706,0,1,0.3638342618942261
7707,9,1,0.22219395637512207
7708,1,1,0.5716310739517212
7709,6,0,-0.142546147108078
7710,2,1,0.4490046501159668
7711,7,1,0.7387881278991699
7712,6,0,-0.20175062119960785
7713,8,1,0.5058351755142212
7714,3,1,0.7335296869277954
7715,5,1,0.5764414072036743
7716,2,1,0.44970935583114624
7717,1,1,-0.02887481451034546
7718,8,1,-0.005360305309295654
7719,3,1,0.7027492523193359
7720,8,1,0.16396665573120117
7721,6,0,0.08765316009521484
7722,1,1,0.015380412340164185
7723,0,1,0.6562560796737671
7724,2,1,0.5433014631271362
7725,1,1,0.10656946897506714
7726,4,1,0.27120518684387207
7727,0,1,-0.023096054792404175
7728,1,1,0.24174892902374268
7729,2,1,-0.030920326709747314
7730,3,1,0.30932581424713135
7731,4,1,-0.06575465202331543
7732,5,1,0.14032310247421265
7733,6,0,-0.2901986837387085
7734,7,1,0.7903730869293213
7735,8,1,-0.08011573553085327
7736,9,1,0.2833791971206665
7737,0,1,0.15462040901184082
7738,1,1,0.14427757263183594
7739,2,1,0.20830321311950684
7740,3,1,0.48418575525283813
7741,4,1,0.14018434286117554
7742,5,1,0.05017724633216858
7743,6,0,-0.23358860611915588
7744,7,1,1.117795705795288
7745,8,1,0.08818382024765015
7746,9,1,0.3714625835418701
7747,0,1,0.005082279443740845
7748,1,1,0.17869126796722412
7749,2,1,-0.051830410957336426
7750,3,1,0.3913983106613159
7751,4,1,0.33849823474884033
7752,5,1,-0.024112403392791748
7753,6,0,-0.2285296767950058
7754,7,1,1.0129425525665283
7755,8,1,0.09664678573608398
7756,9,1,0.47096216678619385
7757,7,1,0.9189767837524414
7758,6,0,-0.30929744243621826
7759,4,1,-0.10428011417388916
7760,7,1,0.675459623336792
7761,6,0,-0.24535486102104187
7762,2,1,0.09419882297515869
7763,3,1,0.41706883907318115
7764,4,1,-0.07369181513786316
7765,8,1,0.043665289878845215
7766,7,1,0.7555408477783203
7767,8,1,0.19111478328704834
7768,6,0,-0.3381533622741699
7769,9,1,0.3411319851875305
7770,8,1,-0.002584129571914673
7771,3,1,0.15852385759353638
7772,2,1,-0.07055783271789551
7773,2,1,0.29833221435546875
7774,8,1,0.2257828712463379
7775,4,1,0.14195936918258667
7776,8,1,0.14243972301483154
7777,5,1,0.0937085747718811
7778,6,0,-0.18875932693481445
7779,5,1,0.21516579389572144
7780,0,1,0.14442569017410278
7781,2,1,0.14423924684524536
7782,0,1,-0.07407116889953613
7783,1,1,0.607337474822998
7784,1,1,0.29278647899627686
7785,2,1,0.1349254846572876
7786,9,1,0.40688300132751465
7787,6,0,-0.30656707286834717
7788,8,1,-0.05084925889968872
7789,2,1,0.3692746162414551
7790,1,1,0.5611251592636108
7791,0,1,0.006087511777877808
7792,6,0,-0.25418931245803833
7793,5,1,0.16898125410079956
7794,2,1,0.04628175497055054
7795,9,1,0.025354862213134766
7796,7,1,1.2209281921386719
7797,5,1,-0.0777607262134552
7798,3,1,0.09280598163604736
7799,9,1,0.5040959715843201
7800,3,1,0.12052536010742188
7801,7,1,0.6596229076385498
7802,1,1,0.12729114294052124
7803,8,1,-0.0448419451713562
7804,3,1,0.49390268325805664
7805,8,1,0.055497169494628906
7806,1,1,0.439103901386261
7807,9,1,0.3837754726409912
7808,5,1,0.4300045967102051
7809,5,1,0.3149983882904053
7810,0,1,-0.10182309150695801
7811,1,1,0.08392074704170227
7812,1,1,0.38244783878326416
7813,9,1,0.7198867797851562
7814,8,1,0.24970853328704834
7815,2,1,0.032050132751464844
7816,6,0,-0.24082791805267334
7817,0,1,0.02470916509628296
7818,4,1,0.11066359281539917
7819,5,1,0.04857665300369263
7820,0,1,-0.09591305255889893
7821,3,1,0.1320422887802124
7822,1,1,0.5247786641120911
7823,8,1,0.1437901258468628
7824,6,0,-0.19605809450149536
7825,7,1,0.7351536750793457
7826,5,1,1.0369021892547607
7827,9,1,0.20272982120513916
7828,9,1,0.2129291296005249
7829,3,1,0.24885857105255127
7830,0,1,-0.03422731161117554
7831,3,1,0.25699782371520996
7832,1,1,0.134998619556427
7833,4,1,0.15966391563415527
7834,4,1,0.015049010515213013
7835,0,1,0.060186564922332764
7836,4,1,-0.03321748971939087
7837,9,1,0.5824121236801147
7838,0,1,-0.03805673122406006
7839,1,1,0.19050073623657227
7840,2,1,-0.019336163997650146
7841,3,1,0.24930143356323242
7842,5,1,0.12516117095947266
7843,6,0,-0.22632962465286255
7844,7,1,0.4387817978858948
7845,8,1,0.300334095954895
7846,0,1,0.18342924118041992
7847,1,1,0.19441884756088257
7848,2,1,0.4046734571456909
7849,3,1,0.3264930844306946
7850,5,1,0.1159813404083252
7851,6,0,-0.14582371711730957
7852,7,1,0.8859612941741943
7853,8,1,0.21454811096191406
7854,9,1,-0.09429425001144409
7855,0,1,0.28414493799209595
7856,1,1,0.23561203479766846
7857,2,1,0.21953219175338745
7858,3,1,-0.01781514286994934
7859,5,1,0.4389033913612366
7860,6,0,-0.09272336959838867
7861,7,1,0.7473053932189941
7862,8,1,0.17264020442962646
7863,9,1,0.3377418518066406
7864,9,1,0.10971570014953613
7865,7,1,1.1971180438995361
7866,0,1,0.01191800832748413
7867,9,1,0.09857773780822754
7868,0,1,0.2604312300682068
7869,1,1,0.2909543514251709
7870,5,1,0.8000125885009766
7871,8,1,0.11658322811126709
7872,8,1,0.1442893147468567
7873,0,1,-0.039170682430267334
7874,9,1,0.12319600582122803
7875,3,1,0.20978939533233643
7876,2,1,0.2936071753501892
7877,7,1,0.6101580858230591
7878,8,1,0.26752161979675293
7879,4,1,0.5332420468330383
7880,6,0,-0.3054152727127075
7881,1,1,0.025912821292877197
7882,0,1,0.021422743797302246
7883,4,1,-0.10405072569847107
7884,9,1,-0.035156190395355225
7885,4,1,0.28669190406799316
7886,2,1,0.5173783898353577
7887,0,1,0.09355270862579346
7888,5,1,1.9844870567321777
7889,0,1,-0.12994876503944397
7890,1,1,0.010275065898895264
7891,6,0,-0.15862250328063965
7892,9,1,0.2259421944618225
7893,3,1,0.04563504457473755
7894,2,1,0.10035961866378784
7895,9,1,0.08129876852035522
7896,1,1,0.01986214518547058
7897,6,0,-0.19474256038665771
7898,0,1,-0.006417661905288696
7899,1,1,0.17381203174591064
7900,1,1,0.1566774845123291
7901,8,1,0.25146061182022095
7902,7,1,0.8940215110778809
7903,7,1,0.7840996980667114
7904,6,0,-0.1747651994228363
7905,3,1,0.17492765188217163
7906,6,0,-0.2868427038192749
7907,0,1,-0.1245400607585907
7908,7,1,1.1387434005737305
7909,2,1,0.18209660053253174
7910,4,1,0.0780254602432251
7911,1,1,0.26301300525665283
7912,7,1,0.555171012878418
7913,0,1,-0.07384064793586731
7914,6,0,-0.2686297297477722
7915,7,1,0.5056220293045044
7916,1,1,0.12738895416259766
7917,2,1,0.07692286372184753
7918,5,1,0.8674510717391968
7919,8,1,0.1370418667793274
7920,1,1,0.26654601097106934
7921,8,1,0.00889691710472107
7922,2,1,0.1081039309501648
7923,8,1,0.2885868549346924
7924,7,1,0.4226222634315491
7925,6,0,-0.132281094789505
7926,8,1,0.28039640188217163
7927,7,1,0.6414653062820435
7928,1,1,0.14266371726989746
7929,6,0,-0.13988524675369263
7930,2,1,0.0287703275680542
7931,9,1,0.21735084056854248
7932,3,1,0.07936456799507141
7933,0,1,0.48105907440185547
7934,1,1,0.11689430475234985
7935,2,1,0.2914159893989563
7936,3,1,0.09710049629211426
7937,4,1,-0.09372186660766602
7938,5,1,0.061140239238739014
7939,6,0,-0.24522440135478973
7940,7,1,1.0503498315811157
7941,8,1,0.20594793558120728
7942,9,1,0.7377557754516602
7943,0,1,0.15397965908050537
7944,1,1,0.27428334951400757
7945,2,1,-0.03919106721878052
7946,3,1,0.2072252631187439
7947,4,1,-0.05338805913925171
7948,5,1,0.27782851457595825
7949,6,0,-0.32336747646331787
7950,7,1,0.710482120513916
7951,8,1,0.4605998992919922
7952,9,1,0.45395898818969727
7953,0,1,0.24315953254699707
7954,1,1,0.30935192108154297
7955,2,1,0.3491591215133667
7956,3,1,0.3361828923225403
7957,4,1,0.08220469951629639
7958,5,1,0.14287632703781128
7959,6,0,-0.26039063930511475
7960,7,1,1.277249813079834
7961,8,1,0.28114229440689087
7962,9,1,0.3544427156448364
7963,8,1,0.12926489114761353
7964,9,1,0.2321038842201233
7965,5,1,0.49949443340301514
7966,7,1,1.012089490890503
7967,0,1,0.1176595687866211
7968,3,1,0.5659139156341553
7969,1,1,-0.02126675844192505
7970,6,0,-0.2345094084739685
7971,8,1,0.668060302734375
7972,4,1,0.18911266326904297
7973,1,1,0.2768018841743469
7974,5,1,0.2570965886116028
7975,6,0,-0.2951907813549042
7976,4,1,0.0947960615158081
7977,2,1,0.21314477920532227
7978,7,1,0.8060634136199951
7979,8,1,0.38526368141174316
7980,1,1,0.26921868324279785
7981,3,1,0.09967190027236938
7982,4,1,0.06762641668319702
7983,3,1,0.23287367820739746
7984,4,1,-0.02843785285949707
7985,7,1,0.7649602890014648
7986,2,1,0.21213877201080322
7987,0,1,0.03897044062614441
7988,5,1,0.37247395515441895
7989,0,1,-0.08614832162857056
7990,1,1,0.4618333578109741
7991,9,1,0.5052077770233154
7992,2,1,0.27442920207977295
7993,3,1,0.6310228109359741
7994,2,1,0.2312173843383789
7995,3,1,0.48187577724456787
7996,5,1,1.0411083698272705
7997,5,1,0.3936358690261841
7998,7,1,0.5543707609176636
7999,8,1,0.4041770100593567
8000,4,1,0.185827374458313
8001,9,1,0.17805135250091553
8002,9,1,0.7401154041290283
8003,7,1,0.8497029542922974
8004,1,1,0.04246032238006592
8005,1,1,0.41048502922058105
8006,9,1,0.3642345666885376
8007,0,1,-0.057831406593322754
8008,7,1,0.9163223505020142
8009,8,1,0.18148374557495117
8010,3,1,0.003450632095336914
8011,4,1,-0.025020450353622437
8012,8,1,0.21554279327392578
8013,6,0,-0.23591159284114838
8014,3,1,0.32725733518600464
8015,8,1,0.5129339098930359
8016,0,1,-0.08392113447189331
8017,9,1,0.18387341499328613
8018,6,0,-0.308762788772583
8019,2,1,0.1572340726852417
8020,1,1,0.23605763912200928
8021,0,1,-0.05911111831665039
8022,1,1,0.2236776351928711
8023,0,1,0.09681951999664307
8024,6,0,-0.23118959367275238
8025,2,1,-0.02462121844291687
8026,3,1,0.08213624358177185
8027,8,1,0.2926652431488037
8028,9,1,0.28695666790008545
8029,0,1,0.0261613130569458
8030,7,1,0.29937177896499634
8031,2,1,0.16879940032958984
8032,3,1,0.21460950374603271
8033,4,1,0.35521334409713745
8034,5,1,0.26103806495666504
8035,5,1,0.3080039620399475
8036,2,1,-0.022985458374023438
8037,8,1,0.18769049644470215
8038,5,1,-0.028241902589797974
8039,4,1,0.08315497636795044
8040,6,0,-0.2990741431713104
8041,6,0,-0.3169364333152771
8042,6,0,-0.32718604803085327
8043,7,1,1.208850383758545
8044,9,1,0.39262741804122925
8045,1,1,0.13573163747787476
8046,8,1,0.26773780584335327
8047,2,1,0.048625439405441284
8048,1,1,0.1646023392677307
8049,5,1,-0.01213333010673523
8050,3,1,0.11383676528930664
8051,4,1,-0.10847580432891846
8052,7,1,1.1616721153259277
8053,9,1,0.3919396996498108
8054,4,1,-0.017420709133148193
8055,0,1,-0.11791777610778809
8056,0,1,0.3848707675933838
8057,0,1,0.20575839281082153
8058,1,1,0.27044785022735596
8059,2,1,0.0002048015594482422
8060,3,1,0.45691782236099243
8061,4,1,-0.12311089038848877
8062,5,1,0.4908263087272644
8063,6,0,-0.2306470274925232
8064,7,1,0.5407716035842896
8065,8,1,0.32610392570495605
8066,9,1,0.17389273643493652
8067,0,1,-0.0022249221801757812
8068,1,1,0.5887243747711182
8069,2,1,0.5182067155838013
8070,3,1,0.33849334716796875
8071,4,1,-0.116392582654953
8072,5,1,0.9696513414382935
8073,6,0,-0.19657671451568604
8074,7,1,0.5687758922576904
8075,8,1,0.03688135743141174
8076,9,1,0.23119068145751953
8077,0,1,-0.029640555381774902
8078,1,1,0.1824437379837036
8079,2,1,0.34825611114501953
8080,3,1,0.412408709526062
8081,4,1,-0.22292998433113098
8082,5,1,0.26532524824142456
8083,6,0,-0.19300195574760437
8084,9,1,-0.028699904680252075
8085,0,1,0.018109381198883057
8086,1,1,0.3574725389480591
8087,3,1,0.2351447343826294
8088,1,1,0.38556337356567383
8089,5,1,0.21662664413452148
8090,1,1,-0.021854639053344727
8091,2,1,0.0791454017162323
8092,4,1,-0.292055606842041
8093,9,1,0.12403583526611328
8094,2,1,0.10910046100616455
8095,4,1,-0.21075433492660522
8096,6,0,-0.3568163812160492
8097,8,1,0.0071804821491241455
8098,0,1,0.0682171881198883
8099,1,1,0.09920644760131836
8100,1,1,0.24065130949020386
8101,9,1,-0.0307140052318573
8102,2,1,0.13950443267822266
8103,6,0,-0.3579328656196594
8104,6,0,-0.08854365348815918
8105,8,1,0.05920767784118652
8106,7,1,0.7069587707519531
8107,4,1,-0.2584835886955261
8108,2,1,0.23946082592010498
8109,9,1,0.10318619012832642
8110,7,1,0.5235252380371094
8111,0,1,0.10562455654144287
8112,2,1,0.17145514488220215
8113,1,1,0.3169925808906555
8114,0,1,-0.03923514485359192
8115,3,1,0.1592302918434143
8116,6,0,-0.16119661927223206
8117,0,1,0.45437538623809814
8118,1,1,0.0369819700717926
8119,2,1,0.6502275466918945
8120,3,1,0.6715481281280518
8121,4,1,0.656479001045227
8122,5,1,0.32002389430999756
8123,6,0,-0.17126810550689697
8124,7,1,2.071976900100708
8125,8,1,0.06867852807044983
8126,9,1,0.23847079277038574
8127,0,1,0.3775576949119568
8128,1,1,0.0776633620262146
8129,2,1,0.42270565032958984
8130,3,1,0.9722827672958374
8131,4,1,0.6650352478027344
8132,5,1,1.118237018585205
8133,6,0,-0.29229795932769775
8134,7,1,1.7250323295593262
8135,8,1,0.2423776388168335
8136,9,1,0.3892999291419983
8137,0,1,0.627116322517395
8138,1,1,-0.11270207166671753
8139,2,1,0.3427826166152954
8140,3,1,0.2973964214324951
8141,4,1,0.16039031744003296
8142,5,1,0.3070101737976074
8143,6,0,0.05128490924835205
8144,7,1,1.0081100463867188
8145,8,1,0.24678277969360352
8146,9,1,1.1926569938659668
8147,8,1,0.6364949941635132
8148,6,0,-0.30456581711769104
8149,5,1,0.16994768381118774
8150,9,1,0.2521049976348877
8151,7,1,1.6186199188232422
8152,0,1,0.17794865369796753
8153,2,1,0.565223217010498
8154,3,1,0.7734180688858032
8155,4,1,0.3917856216430664
8156,3,1,0.6009194850921631
8157,8,1,0.8018168210983276
8158,5,1,0.907957911491394
8159,1,1,0.24627482891082764
8160,5,1,0.5771622657775879
8161,2,1,0.6080797910690308
8162,3,1,0.8993203639984131
8163,0,1,0.05388140678405762
8164,1,1,0.08987694978713989
8165,2,1,1.4054893255233765
8166,1,1,0.12214070558547974
8167,3,1,0.535124659538269
8168,2,1,0.34419453144073486
8169,6,0,-0.23377281427383423
8170,5,1,2.0694479942321777
8171,3,1,0.46646642684936523
8172,0,1,0.1261378526687622
8173,7,1,0.9084491729736328
8174,2,1,0.36540281772613525
8175,7,1,1.367964744567871
8176,4,1,0.9600684642791748
8177,6,0,-0.21613724529743195
8178,4,1,0.28813350200653076
8179,0,1,0.24125516414642334
8180,5,1,0.06373131275177002
8181,9,1,0.6193139553070068
8182,9,1,0.3545079231262207
8183,8,1,0.25709009170532227
8184,9,1,0.36028075218200684
8185,5,1,0.011983871459960938
8186,3,1,0.40321898460388184
8187,1,1,0.18800485134124756
8188,7,1,1.4024447202682495
8189,4,1,0.26920169591903687
8190,7,1,1.39277982711792
8191,6,0,-0.29234442114830017
8192,5,1,0.0829157829284668
8193,4,1,0.7747670412063599
8194,0,1,0.2050330638885498
8195,0,1,0.15057027339935303
8196,6,0,0.06477558612823486
8197,6,0,-0.1820071041584015
8198,2,1,0.9607967138290405
8199,0,1,0.24209332466125488
8200,6,0,-0.1441056728363037
8201,3,1,0.544520914554596
8202,7,1,1.5251047611236572
8203,7,1,0.9109669923782349
8204,4,1,0.14300322532653809
8205,4,1,0.07646477222442627
8206,3,1,0.8359524011611938
8207,9,1,0.3357587456703186
8208,2,1,0.26828789710998535
8209,8,1,0.22684872150421143
8210,9,1,0.10616141557693481
8211,6,0,-0.3260026276111603
8212,0,1,0.2423694133758545
8213,9,1,-0.13635528087615967
8214,5,1,0.21644049882888794
8215,3,1,0.434057354927063
8216,8,1,0.1647045612335205
8217,8,1,0.10906124114990234
8218,7,1,1.283832311630249
8219,1,1,0.060334235429763794
8220,4,1,0.4975070357322693
8221,0,1,0.17198657989501953
8222,4,1,0.5304020643234253
8223,8,1,0.28508615493774414
8224,5,1,0.11004352569580078
8225,2,1,0.5056251287460327
8226,3,1,0.15187394618988037
8227,9,1,0.40441858768463135
8228,0,1,0.07954540848731995
8229,1,1,0.1532267928123474
8230,9,1,0.40584319829940796
8231,1,1,0.4429664611816406
8232,5,1,0.9391863346099854
8233,1,1,-0.01867431402206421
8234,7,1,1.2716588973999023
8235,4,1,0.24387824535369873
8236,8,1,0.5177645683288574
8237,6,0,-0.1735295057296753
8238,2,1,0.48381710052490234
8239,1,1,-0.0744590163230896
8240,6,0,-0.26759785413742065
8241,8,1,0.1633617877960205
8242,8,1,0.2925439476966858
8243,0,1,0.06897503137588501
8244,1,1,0.34466540813446045
8245,2,1,0.48470818996429443
8246,3,1,0.13789606094360352
8247,4,1,0.5737789869308472
8248,7,1,1.2678955793380737
8249,8,1,0.1332101821899414
8250,9,1,0.40302789211273193
8251,0,1,0.08560037612915039
8252,1,1,0.1029619574546814
8253,2,1,1.117737889289856
8254,3,1,0.8750864267349243
8255,4,1,0.15411466360092163
8256,6,0,-0.17394766211509705
8257,7,1,0.9136594533920288
8258,8,1,0.1110227108001709
8259,9,1,0.2512778043746948
8260,0,1,0.279196560382843
8261,1,1,0.020769059658050537
8262,2,1,0.860344409942627
8263,3,1,0.3949909806251526
8264,4,1,0.47937947511672974
8265,7,1,1.2254503965377808
8266,8,1,0.5901343822479248
8267,9,1,0.4857184886932373
8268,1,1,0.3244023323059082
8269,4,1,0.7172367572784424
8270,5,1,0.39209234714508057
8271,3,1,0.9754464626312256
8272,3,1,0.5257328748703003
8273,0,1,0.1446216106414795
8274,9,1,0.49317896366119385
8275,5,1,1.3301093578338623
8276,4,1,0.009527236223220825
8277,3,1,0.2621912360191345
8278,0,1,0.3628045916557312
8279,8,1,0.1381482481956482
8280,4,1,0.6456761360168457
8281,6,0,-0.17343387007713318
8282,7,1,0.5298815965652466
8283,0,1,-0.014338374137878418
8284,7,1,0.7033319473266602
8285,7,1,0.7377678155899048
8286,1,1,0.37424272298812866
8287,6,0,-0.17152565717697144
8288,9,1,-0.029651105403900146
8289,1,1,0.03044825792312622
8290,3,1,0.7775869369506836
8291,6,0,-0.17762890458106995
8292,2,1,0.42246246337890625
8293,3,1,0.14084768295288086
8294,8,1,0.538852870464325
8295,2,1,-0.013543277978897095
8296,3,1,0.40084177255630493
8297,8,1,0.25017642974853516
8298,9,1,0.1860262155532837
8299,5,1,0.6136206388473511
8300,8,1,0.3036686182022095
8301,8,1,0.4923577308654785
8302,7,1,1.0004446506500244
8303,1,1,0.27257734537124634
8304,7,1,0.8582043647766113
8305,1,1,0.2297985553741455
8306,1,1,0.32633304595947266
8307,0,1,0.4177798628807068
8308,3,1,0.4319671392440796
8309,4,1,0.32773905992507935
8310,2,1,0.2694871425628662
8311,6,0,-0.1726818084716797
8312,4,1,0.9618452787399292
8313,7,1,1.430832028388977
8314,4,1,0.3244209289550781
8315,2,1,0.7750396728515625
8316,7,1,0.8715187311172485
8317,4,1,0.1858271360397339
8318,2,1,0.4986215829849243
8319,9,1,0.056385934352874756
8320,2,1,0.7680578231811523
8321,7,1,0.9794704914093018
8322,9,1,0.05641093850135803
8323,2,1,0.1695389747619629
8324,1,1,0.34357357025146484
8325,0,1,-0.1306326985359192
8326,6,0,-0.20368129014968872
8327,5,1,1.054927110671997
8328,3,1,0.8304049968719482
8329,4,1,0.14190292358398438
8330,8,1,0.03816956281661987
8331,5,1,1.5654754638671875
8332,9,1,0.10765624046325684
8333,6,0,-0.19695214927196503
8334,9,1,0.18781793117523193
8335,0,1,0.304335355758667
8336,6,0,-0.2124437838792801
8337,3,1,0.3255905508995056
8338,0,1,0.1325346827507019
8339,8,1,1.3229975700378418
8340,1,1,0.2534770369529724
8341,6,0,-0.11014243960380554
8342,0,1,0.0037325024604797363
8343,0,1,0.1478084921836853
8344,1,1,0.2509220838546753
8345,2,1,-0.07867306470870972
8346,3,1,0.9808015823364258
8347,4,1,0.19796371459960938
8348,5,1,0.5614696741104126
8349,6,0,-0.29010525345802307
8350,7,1,0.983069896697998
8351,0,1,0.2914189100265503
8352,1,1,0.1992565393447876
8353,2,1,1.2335772514343262
8354,3,1,0.4413336515426636
8355,4,1,0.4312469959259033
8356,7,1,1.0614242553710938
8357,8,1,0.12688803672790527
8358,9,1,0.22176086902618408
8359,0,1,0.2369523048400879
8360,1,1,0.11658549308776855
8361,2,1,0.549361526966095
8362,3,1,0.40575987100601196
8363,4,1,0.38625669479370117
8364,7,1,1.4325816631317139
8365,2,1,0.03874295949935913
8366,5,1,0.4966559410095215
8367,1,1,0.11365276575088501
8368,6,0,-0.2774944007396698
8369,4,1,0.2815169095993042
8370,3,1,0.4721221923828125
8371,9,1,-0.024666935205459595
8372,9,1,0.12193930149078369
8373,0,1,-0.07451221346855164
8374,9,1,0.12862634658813477
8375,7,1,0.11785191297531128
8376,1,1,0.2437887191772461
8377,6,0,-0.2250286340713501
8378,4,1,0.3207894563674927
8379,3,1,0.20494520664215088
8380,6,0,-0.2862284183502197
8381,2,1,0.4114871025085449
8382,0,1,0.029525846242904663
8383,9,1,0.01800549030303955
8384,8,1,0.5953038930892944
8385,6,0,-0.31117674708366394
8386,5,1,0.3447827696800232
8387,7,1,0.7107611894607544
8388,0,1,0.09743446111679077
8389,0,1,-0.03262811899185181
8390,1,1,0.39088892936706543
8391,7,1,0.42055976390838623
8392,4,1,0.25674474239349365
8393,3,1,0.697265625
8394,2,1,0.29292798042297363
8395,4,1,0.6511309146881104
8396,1,1,0.1943170428276062
8397,3,1,0.5866127014160156
8398,7,1,1.0089210271835327
8399,6,0,-0.3710339665412903
8400,4,1,0.5993919372558594
8401,7,1,1.1296868324279785
8402,7,1,0.28617942333221436
8403,7,1,0.48576855659484863
8404,9,1,-0.1080797016620636
8405,8,1,0.2119249701499939
8406,4,1,0.2791817784309387
8407,3,1,0.6910504102706909
8408,8,1,3.7719836235046387
8409,2,1,0.5567699670791626
8410,8,1,-0.12348756194114685
8411,3,1,0.43658745288848877
8412,5,1,0.8627586364746094
8413,8,1,0.09336459636688232
8414,0,1,-0.06472539901733398
8415,5,1,0.7848381996154785
8416,4,1,0.522300124168396
8417,7,1,0.4292196035385132
8418,1,1,0.09296607971191406
8419,3,1,0.41254132986068726
8420,1,1,0.22516053915023804
8421,7,1,1.582310438156128
8422,9,1,0.6751173734664917
8423,6,0,-0.21781623363494873
8424,2,1,0.22739732265472412
8425,0,1,0.3862100839614868
8426,9,1,-0.07559305429458618
8427,1,1,-0.01981574296951294
8428,7,1,0.7972770929336548
8429,3,1,1.1105878353118896
8430,3,1,0.4832947254180908
8431,9,1,0.2326052188873291
8432,1,1,0.06495285034179688
8433,6,0,-0.23994967341423035
8434,4,1,0.5432997941970825
8435,3,1,1.118535041809082
8436,9,1,0.44631123542785645
8437,8,1,0.19198453426361084
8438,2,1,0.4330633878707886
8439,1,1,0.5493716597557068
8440,8,1,0.1672978401184082
8441,6,0,-0.23673349618911743
8442,4,1,-0.0730971097946167
8443,1,1,0.49017006158828735
8444,5,1,4.990474700927734
8445,5,1,1.8527040481567383
8446,6,0,-0.2901460528373718
8447,5,1,0.692514181137085
8448,0,1,0.22530043125152588
8449,1,1,0.22889691591262817
8450,2,1,0.4403408169746399
8451,3,1,0.34764182567596436
8452,4,1,0.17831826210021973
8453,5,1,0.12285470962524414
8454,6,0,-0.24200308322906494
8455,7,1,0.734203577041626
8456,8,1,-0.05115628242492676
8457,9,1,0.4268965721130371
8458,0,1,0.14663344621658325
8459,1,1,0.435513973236084
8460,2,1,0.1998157501220703
8461,3,1,0.6587518453598022
8462,4,1,0.13836008310317993
8463,5,1,0.40887725353240967
8464,6,0,-0.29610100388526917
8465,7,1,0.4742659330368042
8466,8,1,0.07374435663223267
8467,9,1,0.1406916379928589
8468,0,1,0.08498954772949219
8469,1,1,-0.042325109243392944
8470,2,1,0.3852870464324951
8471,3,1,0.30150073766708374
8472,4,1,0.05020499229431152
8473,5,1,-0.03156903386116028
8474,6,0,-0.24323734641075134
8475,7,1,0.6211602687835693
8476,8,1,0.08931195735931396
8477,9,1,0.5806971192359924
8478,6,0,-0.27589619159698486
8479,9,1,0.20017606019973755
8480,7,1,0.6126110553741455
8481,0,1,0.5344457626342773
8482,2,1,0.3633253574371338
8483,3,1,0.09449517726898193
8484,4,1,0.22199714183807373
8485,3,1,0.15910303592681885
8486,8,1,0.08299356698989868
8487,5,1,-0.011497169733047485
8488,1,1,0.2835123538970947
8489,3,1,0.10067200660705566
8490,0,1,-0.06815069913864136
8491,1,1,0.053257763385772705
8492,2,1,0.39243823289871216
8493,1,1,0.11139124631881714
8494,3,1,0.2112615704536438
8495,2,1,0.041837334632873535
8496,0,1,0.20503079891204834
8497,7,1,0.6751829385757446
8498,2,1,0.19272685050964355
8499,6,0,-0.26278334856033325
8500,4,1,0.247403085231781
8501,0,1,0.204906165599823
8502,5,1,0.4090389013290405
8503,9,1,0.20647108554840088
8504,9,1,0.17168647050857544
8505,8,1,0.30052340030670166
8506,9,1,0.05106663703918457
8507,5,1,0.24880623817443848
8508,3,1,0.7502925395965576
8509,1,1,0.121681809425354
8510,7,1,0.650415301322937
8511,4,1,0.3859487771987915
8512,7,1,0.7443170547485352
8513,0,1,0.05641642212867737
8514,0,1,0.18941324949264526
8515,6,0,-0.21468853950500488
8516,6,0,-0.15689972043037415
8517,6,0,-0.14328855276107788
8518,3,1,0.2014908790588379
8519,7,1,0.46889185905456543
8520,4,1,0.24351632595062256
8521,2,1,0.21892225742340088
8522,8,1,0.008663415908813477
8523,9,1,0.4003868103027344
8524,8,1,-0.01006615161895752
8525,7,1,0.8978562355041504
8526,1,1,0.08618336915969849
8527,4,1,-0.00010842084884643555
8528,0,1,0.0654030442237854
8529,4,1,0.225333571434021
8530,8,1,-0.03668278455734253
8531,5,1,0.2706599235534668
8532,2,1,0.36787599325180054
8533,3,1,1.1689623594284058
8534,9,1,-0.010022878646850586
8535,0,1,0.24101269245147705
8536,1,1,0.4136542081832886
8537,9,1,-0.04372948408126831
8538,1,1,0.1064799427986145
8539,5,1,0.5997300148010254
8540,1,1,0.3009380102157593
8541,7,1,0.5133165121078491
8542,6,0,-0.2620238661766052
8543,1,1,0.16111040115356445
8544,2,1,0.19157075881958008
8545,1,1,0.22506076097488403
8546,6,0,-0.21909105777740479
8547,8,1,0.4992818832397461
8548,0,1,0.4481254816055298
8549,1,1,0.2181870937347412
8550,2,1,0.4947696924209595
8551,3,1,0.8886905908584595
8552,4,1,0.1346266269683838
8553,5,1,1.040371060371399
8554,6,0,-0.13260716199874878
8555,7,1,1.0530649423599243
8556,8,1,0.4361094832420349
8557,9,1,0.09208410978317261
8558,0,1,0.47859305143356323
8559,1,1,0.3281501531600952
8560,2,1,0.013585984706878662
8561,3,1,0.9702341556549072
8562,4,1,0.3855246901512146
8563,5,1,1.8348321914672852
8564,6,0,0.07697984576225281
8565,7,1,1.4164111614227295
8566,8,1,0.4744373559951782
8567,0,1,1.6101632118225098
8568,1,1,0.3344584107398987
8569,2,1,0.10906082391738892
8570,3,1,1.5444624423980713
8571,5,1,1.2213220596313477
8572,6,0,0.020975351333618164
8573,7,1,0.94515061378479
8574,8,1,0.7253224849700928
8575,1,1,0.3639702796936035
8576,0,1,0.25718796253204346
8577,4,1,0.13191604614257812
8578,5,1,0.38756120204925537
8579,6,0,-0.15078428387641907
8580,6,0,-0.16607075929641724
8581,3,1,0.6769301891326904
8582,4,1,0.3606302738189697
8583,4,1,0.6136224269866943
8584,2,1,0.043650150299072266
8585,8,1,0.4487082362174988
8586,1,1,0.18979811668395996
8587,0,1,0.5273784399032593
8588,6,0,-0.14165037870407104
8589,4,1,0.10926377773284912
8590,9,1,0.30773043632507324
8591,7,1,1.5790362358093262
8592,2,1,0.36371898651123047
8593,9,1,0.08536934852600098
8594,2,1,0.36394357681274414
8595,0,1,0.44614148139953613
8596,9,1,0.19824326038360596
8597,3,1,0.5430395603179932
8598,3,1,0.2787686586380005
8599,9,1,0.11826908588409424
8600,1,1,0.24320191144943237
8601,5,1,0.5771139860153198
8602,2,1,1.1324186325073242
8603,3,1,0.45102059841156006
8604,1,1,0.24431121349334717
8605,6,0,-0.24748364090919495
8606,7,1,1.1681132316589355
8607,3,1,0.3665597438812256
8608,7,1,1.1516869068145752
8609,8,1,0.2311931848526001
8610,4,1,0.546799898147583
8611,0,1,0.47433459758758545
8612,2,1,0.4446953535079956
8613,4,1,0.2327878475189209
8614,0,1,0.2401256561279297
8615,2,1,0.2864612340927124
8616,4,1,0.5117989182472229
8617,7,1,1.4196910858154297
8618,8,1,0.2815589904785156
8619,0,1,0.5013033151626587
8620,7,1,1.0367817878723145
8621,0,1,0.49538230895996094
8622,6,0,-0.1802307665348053
8623,9,1,0.1587684154510498
8624,3,1,0.6253645420074463
8625,2,1,0.23549091815948486
8626,4,1,0.24410128593444824
8627,8,1,0.49820011854171753
8628,6,0,-0.008215159177780151
8629,0,1,0.03873318433761597
8630,5,1,0.49536848068237305
8631,7,1,1.1482908725738525
8632,5,1,0.44654780626296997
8633,1,1,0.3411791920661926
8634,0,1,0.10833573341369629
8635,8,1,0.5217982530593872
8636,1,1,0.3619430661201477
8637,6,0,-0.02272084355354309
8638,7,1,0.5691676139831543
8639,2,1,0.7930178642272949
8640,9,1,0.42813438177108765
8641,7,1,1.6074507236480713
8642,9,1,0.3269193172454834
8643,5,1,0.5218886137008667
8644,6,0,-0.16693052649497986
8645,5,1,0.39079904556274414
8646,2,1,0.5244381427764893
8647,6,0,-0.18364305794239044
8648,2,1,0.32702136039733887
8649,8,1,0.3586463928222656
8650,1,1,0.03678709268569946
8651,7,1,0.9313573837280273
8652,5,1,0.36103129386901855
8653,5,1,0.6061699390411377
8654,7,1,1.1214947700500488
8655,3,1,0.555455207824707
8656,5,1,0.8479504585266113
8657,0,1,1.0543212890625
8658,1,1,0.10405617952346802
8659,1,1,0.27013397216796875
8660,3,1,0.5436692237854004
8661,8,1,0.3378022313117981
8662,4,1,0.7928333282470703
8663,9,1,0.2257065773010254
8664,4,1,0.6570552587509155
8665,5,1,0.6420360803604126
8666,1,1,0.19222664833068848
8667,8,1,-0.09517422318458557
8668,6,0,-0.15075039863586426
8669,8,1,0.359356164932251
8670,9,1,0.3515799045562744
8671,0,1,0.6466737985610962
8672,1,1,0.033348143100738525
8673,2,1,0.18722045421600342
8674,3,1,0.05739927291870117
8675,4,1,0.1545199155807495
8676,5,1,0.45761334896087646
8677,6,0,-0.22724932432174683
8678,7,1,1.0745770931243896
8679,8,1,0.16701006889343262
8680,9,1,0.25490158796310425
8681,0,1,0.14832699298858643
8682,1,1,0.2290496826171875
8683,2,1,0.26570987701416016
8684,3,1,0.19328570365905762
8685,4,1,-0.029087841510772705
8686,5,1,0.3559776544570923
8687,6,0,-0.2759225368499756
8688,7,1,1.2196829319000244
8689,8,1,0.0818435549736023
8690,9,1,0.24181216955184937
8691,0,1,0.44618451595306396
8692,1,1,0.0236208438873291
8693,2,1,0.21308064460754395
8694,3,1,0.262998104095459
8695,4,1,-0.1009705662727356
8696,5,1,0.18904024362564087
8697,6,0,-0.24559304118156433
8698,7,1,0.9935293197631836
8699,8,1,-0.004870355129241943
8700,9,1,0.3479139804840088
8701,3,1,0.6231969594955444
8702,5,1,-0.07659158110618591
8703,3,1,0.6111322641372681
8704,2,1,0.3659783601760864
8705,9,1,0.2810667157173157
8706,3,1,0.48455899953842163
8707,2,1,0.026551276445388794
8708,1,1,0.3652443289756775
8709,4,1,0.2314697504043579
8710,5,1,0.016590923070907593
8711,5,1,0.04024544358253479
8712,2,1,0.28727996349334717
8713,3,1,0.15254700183868408
8714,2,1,0.35209381580352783
8715,1,1,0.11687898635864258
8716,3,1,0.5322830080986023
8717,9,1,0.10081648826599121
8718,7,1,0.8805059194564819
8719,2,1,0.35399794578552246
8720,1,1,0.23851197957992554
8721,2,1,0.24916958808898926
8722,8,1,0.20377957820892334
8723,9,1,0.4936414957046509
8724,1,1,0.5386631488800049
8725,8,1,0.39475637674331665
8726,8,1,0.4679585099220276
8727,7,1,0.9537456035614014
8728,8,1,0.3591318726539612
8729,1,1,-0.06772476434707642
8730,0,1,0.23071861267089844
8731,0,1,0.16109776496887207
8732,6,0,-0.1973540484905243
8733,7,1,0.7587763071060181
8734,7,1,0.9956355094909668
8735,8,1,0.4207855463027954
8736,7,1,0.8585574626922607
8737,5,1,0.20946693420410156
8738,0,1,-0.08069992065429688
8739,6,0,-0.20638462901115417
8740,1,1,0.08229494094848633
8741,5,1,0.11934375762939453
8742,7,1,0.6431292295455933
8743,4,1,0.1667344570159912
8744,6,0,-0.2758018374443054
8745,1,1,0.1663879156112671
8746,2,1,-0.04485929012298584
8747,5,1,0.11106842756271362
8748,0,1,0.09148299694061279
8749,7,1,1.0513622760772705
8750,9,1,0.004431605339050293
8751,9,1,0.22816252708435059
8752,0,1,0.09107482433319092
8753,3,1,0.5556575059890747
8754,4,1,0.42588216066360474
8755,4,1,0.19050508737564087
8756,8,1,0.046226441860198975
8757,4,1,0.0354975163936615
8758,1,1,0.019865095615386963
8759,8,1,0.5500260591506958
8760,6,0,-0.26751649379730225
8761,5,1,0.17678570747375488
8762,9,1,0.5177258253097534
8763,0,1,0.02414780855178833
8764,0,1,0.10137081146240234
8765,0,1,0.31292271614074707
8766,3,1,0.5744776725769043
8767,7,1,0.6028083562850952
8768,1,1,0.19854843616485596
8769,6,0,-0.2015324831008911
8770,4,1,0.7627432346343994
8771,6,0,-0.24421626329421997
8772,0,1,0.13187384605407715
8773,4,1,0.2698410749435425
8774,5,1,0.3774731159210205
8775,4,1,0.276827335357666
8776,1,1,0.042511165142059326
8777,3,1,0.37158095836639404
8778,8,1,0.5105971693992615
8779,6,0,-0.3096236288547516
8780,3,1,0.4637749195098877
8781,9,1,0.15420275926589966
8782,9,1,0.4351070523262024
8783,5,1,0.2719690799713135
8784,9,1,0.0268801748752594
8785,3,1,0.23532557487487793
8786,7,1,0.6674684286117554
8787,8,1,0.16463065147399902
8788,5,1,0.018902361392974854
8789,6,0,-0.2888853847980499
8790,4,1,0.07432177662849426
8791,7,1,1.6410417556762695
8792,6,0,-0.18198496103286743
8793,2,1,0.17287695407867432
8794,2,1,0.23340821266174316
8795,0,1,0.1770167350769043
8796,9,1,0.24813300371170044
8797,4,1,0.23989802598953247
8798,0,1,0.524486780166626
8799,1,1,0.11510080099105835
8800,2,1,-0.12627911567687988
8801,3,1,0.44316816329956055
8802,4,1,0.24604779481887817
8803,5,1,0.3961799740791321
8804,6,0,-0.2074211984872818
8805,7,1,1.2301440238952637
8806,8,1,0.47727328538894653
8807,9,1,0.0454830527305603
8808,0,1,0.8448350429534912
8809,1,1,0.1173858642578125
8810,2,1,0.6889630556106567
8811,3,1,0.5444869995117188
8812,4,1,0.2089148759841919
8813,5,1,0.3530328869819641
8814,6,0,-0.2726685404777527
8815,7,1,1.8756942749023438
8816,8,1,0.23041552305221558
8817,9,1,0.5043770670890808
8818,0,1,0.7383987903594971
8819,1,1,0.3235056400299072
8820,2,1,-0.027095317840576172
8821,3,1,0.696800947189331
8822,4,1,0.4456220865249634
8823,5,1,0.9339463710784912
8824,6,0,-0.29474613070487976
8825,7,1,1.0960354804992676
8826,8,1,0.4849858283996582
8827,9,1,0.297329306602478
8828,6,0,-0.23934471607208252
8829,4,1,0.3179197311401367
8830,2,1,-0.03892090916633606
8831,6,0,-0.2601395547389984
8832,4,1,0.004054993391036987
8833,7,1,0.9040842056274414
8834,5,1,-0.052427470684051514
8835,5,1,-0.07194381952285767
8836,4,1,-0.009259521961212158
8837,7,1,1.407790184020996
8838,2,1,0.129616379737854
8839,9,1,0.3546624779701233
8840,3,1,0.8878495693206787
8841,9,1,0.13492250442504883
8842,3,1,0.49848002195358276
8843,8,1,0.22928541898727417
8844,2,1,0.19000160694122314
8845,0,1,0.19616210460662842
8846,9,1,0.1980864405632019
8847,5,1,0.463437557220459
8848,6,0,-0.25337016582489014
8849,0,1,-0.05522775650024414
8850,1,1,0.23154759407043457
8851,0,1,0.19152230024337769
8852,6,0,-0.27156445384025574
8853,5,1,-0.027381032705307007
8854,3,1,0.47457945346832275
8855,5,1,0.27214938402175903
8856,3,1,0.8350311517715454
8857,8,1,0.21040719747543335
8858,0,1,0.2510634660720825
8859,0,1,-0.0925266444683075
8860,3,1,0.6822777986526489
8861,4,1,0.0936204195022583
8862,1,1,0.2660869359970093
8863,5,1,-0.040750086307525635
8864,3,1,0.4631841778755188
8865,0,1,0.47627121210098267
8866,8,1,0.4658225178718567
8867,3,1,0.17947840690612793
8868,0,1,0.1542341113090515
8869,6,0,-0.20747317373752594
8870,2,1,0.4647606611251831
8871,7,1,1.334054708480835
8872,8,1,0.4448344111442566
8873,1,1,0.2251652479171753
8874,7,1,1.4165356159210205
8875,1,1,0.21911609172821045
8876,3,1,0.5092631578445435
8877,8,1,0.463504433631897
8878,5,1,0.24448835849761963
8879,4,1,0.29258036613464355
8880,2,1,-0.063780277967453
8881,0,1,0.060794562101364136
8882,9,1,0.043709367513656616
8883,7,1,0.9434854984283447
8884,6,0,-0.28176313638687134
8885,7,1,0.9051188230514526
8886,4,1,0.11484068632125854
8887,1,1,0.22014784812927246
8888,6,0,-0.32637786865234375
8889,2,1,0.05170941352844238
8890,6,0,-0.17821885645389557
8891,7,1,1.0560452938079834
8892,1,1,0.25675588846206665
8893,9,1,-0.004529029130935669
8894,8,1,0.4164618253707886
8895,0,1,0.4751412868499756
8896,6,0,-0.2675061821937561
8897,9,1,0.7327756881713867
8898,4,1,0.5214426517486572
8899,9,1,0.37339508533477783
8900,9,1,0.7164995670318604
8901,6,0,-0.22380030155181885
8902,2,1,0.3412402272224426
8903,3,1,0.7124150991439819
8904,7,1,0.752395749092102
8905,1,1,0.3823072910308838
8906,9,1,0.2701180577278137
8907,2,1,0.040824055671691895
8908,2,1,0.1920531988143921
8909,5,1,0.17828261852264404
8910,3,1,0.6537511348724365
8911,7,1,1.1961758136749268
8912,8,1,0.3316928744316101
8913,0,1,0.20333003997802734
8914,1,1,0.0106697678565979
8915,2,1,-0.005716085433959961
8916,3,1,0.6662077903747559
8917,4,1,0.5307673215866089
8918,7,1,0.8155343532562256
8919,8,1,0.12358295917510986
8920,9,1,0.33694058656692505
8921,0,1,0.27261412143707275
8922,1,1,0.18689435720443726
8923,2,1,-0.08502805233001709
8924,3,1,0.44760775566101074
8925,4,1,0.6903517246246338
8926,7,1,0.7051727771759033
8927,8,1,0.41573643684387207
8928,9,1,0.627575159072876
8929,0,1,0.3750087022781372
8930,1,1,0.030864417552947998
8931,7,1,0.17869138717651367
8932,8,1,0.44973987340927124
8933,9,1,0.7865703105926514
8934,8,1,0.1544690728187561
8935,9,1,0.0766553282737732
8936,2,1,-0.07112130522727966
8937,6,0,-0.27880585193634033
8938,1,1,0.2092653512954712
8939,3,1,0.9559237957000732
8940,5,1,0.7234182357788086
8941,4,1,0.36856865882873535
8942,8,1,0.5049015283584595
8943,2,1,0.09762066602706909
8944,6,0,-0.275551438331604
8945,4,1,0.5331897735595703
8946,3,1,0.5872268676757812
8947,4,1,0.5968203544616699
8948,5,1,2.148561954498291
8949,9,1,0.42891716957092285
8950,2,1,0.38683491945266724
8951,0,1,0.0759606659412384
8952,3,1,0.2990974187850952
8953,9,1,0.5133540034294128
8954,4,1,0.32687073945999146
8955,9,1,0.6531515121459961
8956,7,1,0.6463934183120728
8957,3,1,0.7531235218048096
8958,8,1,0.42308247089385986
8959,7,1,0.40389448404312134
8960,4,1,0.531389057636261
8961,4,1,0.6620819568634033
8962,9,1,0.3362669348716736
8963,8,1,0.6658892631530762
8964,5,1,0.8694760799407959
8965,8,1,0.2969712018966675
8966,2,1,0.5477442145347595
8967,6,0,-0.2676395773887634
8968,6,0,-0.29438892006874084
8969,2,1,0.4147677421569824
8970,3,1,0.786935567855835
8971,1,1,0.46916860342025757
8972,3,1,0.40448981523513794
8973,2,1,0.22349119186401367
8974,7,1,0.23809707164764404
8975,3,1,0.23619014024734497
8976,1,1,0.08104604482650757
8977,9,1,0.628408670425415
8978,0,1,0.0440559983253479
8979,1,1,0.2643364667892456
8980,1,1,0.3318735361099243
8981,3,1,0.43884891271591187
8982,5,1,1.9753601551055908
8983,0,1,0.04166537523269653
8984,7,1,0.6073789596557617
8985,8,1,0.7862194776535034
8986,1,1,0.17427444458007812
8987,5,1,0.2025160789489746
8988,1,1,0.0513778030872345
8989,4,1,0.7462869882583618
8990,6,0,-0.22532598674297333
8991,0,1,0.8545548915863037
8992,0,1,0.32799768447875977
8993,4,1,0.5768836736679077
8994,9,1,0.5886871814727783
8995,1,1,0.5981110334396362
8996,6,0,-0.2933807075023651
8997,6,0,-0.2708766460418701
8998,9,1,0.40951603651046753
8999,0,1,0.135608971118927
9000,7,1,0.7209573984146118
9001,6,0,-0.2173154652118683
9002,1,1,0.15464413166046143
9003,1,1,0.24098682403564453
9004,0,1,0.28398627042770386
9005,1,1,0.3085191249847412
9006,2,1,0.4223189949989319
9007,3,1,0.5926167964935303
9008,4,1,0.0036863088607788086
9009,7,1,0.5584739446640015
9010,2,1,0.39634501934051514
9011,3,1,0.4841008186340332
9012,4,1,1.222289800643921
9013,5,1,2.189980983734131
9014,6,0,-0.09079441428184509
9015,7,1,0.7072135210037231
9016,0,1,0.4327254295349121
9017,1,1,0.5151559114456177
9018,2,1,0.7779595851898193
9019,7,1,0.5653923749923706
9020,8,1,0.2199556827545166
9021,6,0,-0.19104106724262238
9022,3,1,0.25503426790237427
9023,9,1,0.07793349027633667
9024,7,1,0.4506036043167114
9025,1,1,-0.028607189655303955
9026,9,1,0.03794717788696289
9027,3,1,0.72800612449646
9028,9,1,0.5378745198249817
9029,6,0,-0.21820607781410217
9030,1,1,0.34757310152053833
9031,7,1,0.9262216091156006
9032,2,1,0.5810685753822327
9033,4,1,0.9553012847900391
9034,4,1,-0.11321070790290833
9035,5,1,2.2603137493133545
9036,7,1,0.8283549547195435
9037,0,1,0.015132337808609009
9038,0,1,-0.06773287057876587
9039,1,1,-0.05326440930366516
9040,6,0,-0.07550477981567383
9041,6,0,-0.20772501826286316
9042,8,1,0.5220999121665955
9043,2,1,0.6206450462341309
9044,7,1,0.6011785268783569
9045,7,1,0.420430064201355
9046,2,1,0.41130900382995605
9047,4,1,0.25714874267578125
9048,2,1,0.17154788970947266
9049,1,1,0.08808064460754395
9050,6,0,-0.28484493494033813
9051,1,1,0.16985714435577393
9052,0,1,0.09211093187332153
9053,6,0,-0.24005907773971558
9054,9,1,0.8120317459106445
9055,8,1,0.31210142374038696
9056,3,1,0.362898588180542
9057,9,1,0.5816314816474915
9058,6,0,-0.22869616746902466
9059,3,1,0.6119669675827026
9060,0,1,0.441933274269104
9061,1,1,0.25107288360595703
9062,2,1,0.6804213523864746
9063,3,1,0.35798031091690063
9064,4,1,0.1925194263458252
9065,5,1,0.6224794387817383
9066,6,0,-0.28493478894233704
9067,7,1,0.316148042678833
9068,8,1,0.24241900444030762
9069,9,1,0.085540771484375
9070,0,1,0.13119494915008545
9071,1,1,0.0016483664512634277
9072,2,1,0.4842536449432373
9073,3,1,0.40240478515625
9074,4,1,0.20457887649536133
9075,5,1,0.49571120738983154
9076,6,0,-0.20937177538871765
9077,7,1,0.4964296817779541
9078,8,1,0.0015843510627746582
9079,9,1,0.38115155696868896
9080,0,1,0.3859626054763794
9081,1,1,0.48721909523010254
9082,2,1,0.236153244972229
9083,3,1,0.35619020462036133
9084,4,1,0.13620781898498535
9085,5,1,0.030584871768951416
9086,6,0,-0.2759879529476166
9087,7,1,0.5383445620536804
9088,8,1,0.01444941759109497
9089,9,1,0.16578519344329834
9090,1,1,0.4385254383087158
9091,6,0,-0.3297072947025299
9092,8,1,0.2579524517059326
9093,9,1,-0.17109623551368713
9094,9,1,-0.04202067852020264
9095,0,1,0.22350752353668213
9096,1,1,0.2554013729095459
9097,2,1,0.3275211453437805
9098,4,1,0.027986913919448853
9099,4,1,0.13826978206634521
9100,3,1,0.19095659255981445
9101,7,1,1.162690281867981
9102,4,1,0.10115081071853638
9103,4,1,0.13377386331558228
9104,4,1,0.4182695150375366
9105,0,1,0.021521151065826416
9106,3,1,0.9303034543991089
9107,8,1,0.12311780452728271
9108,7,1,0.9308137893676758
9109,5,1,0.33307981491088867
9110,8,1,0.017727702856063843
9111,2,1,0.3300553560256958
9112,1,1,-0.0487934947013855
9113,7,1,0.18353688716888428
9114,5,1,0.10015910863876343
9115,3,1,0.2736189365386963
9116,8,1,0.0843195915222168
9117,5,1,0.3363744020462036
9118,2,1,0.4552873373031616
9119,5,1,0.1358705759048462
9120,1,1,0.17279744148254395
9121,1,1,0.10439276695251465
9122,6,0,-0.2751929461956024
9123,2,1,0.4410315155982971
9124,1,1,0.19098824262619019
9125,3,1,0.9733753204345703
9126,8,1,-0.05564659833908081
9127,6,0,-0.28076523542404175
9128,4,1,0.214119553565979
9129,2,1,0.5505071878433228
9130,6,0,-0.26315921545028687
9131,2,1,0.7047858238220215
9132,5,1,0.0636763870716095
9133,5,1,0.22277861833572388
9134,0,1,0.2596632242202759
9135,2,1,0.866112232208252
9136,8,1,-0.003162682056427002
9137,0,1,0.3070133924484253
9138,6,0,-0.3135744035243988
9139,8,1,-0.07683858275413513
9140,1,1,0.001200646162033081
9141,7,1,0.4437861442565918
9142,9,1,0.07776325941085815
9143,1,1,0.4206826686859131
9144,9,1,0.10277068614959717
9145,2,1,0.2726529836654663
9146,6,0,-0.30208200216293335
9147,7,1,0.37935948371887207
9148,6,0,-0.23934617638587952
9149,6,0,-0.26017260551452637
9150,8,1,-0.11102178692817688
9151,7,1,0.15140140056610107
9152,4,1,-0.0853869616985321
9153,9,1,0.1056336760520935
9154,2,1,0.5141476392745972
9155,1,1,0.17708945274353027
9156,3,1,0.5157703757286072
9157,3,1,0.30452215671539307
9158,0,1,0.2903504967689514
9159,5,1,0.08248570561408997
9160,5,1,0.12855517864227295
9161,8,1,-0.043296098709106445
9162,0,1,0.14148128032684326
9163,3,1,0.36881697177886963
9164,7,1,0.3987129330635071
9165,9,1,-0.05211320519447327
9166,7,1,0.15939950942993164
9167,0,1,0.8475347757339478
9168,2,1,0.3965126872062683
9169,7,1,0.36619818210601807
9170,9,1,0.06242254376411438
9171,1,1,0.07249319553375244
9172,7,1,0.11335945129394531
9173,8,1,0.15220952033996582
9174,0,1,0.21791523694992065
9175,3,1,0.6084985733032227
9176,5,1,0.2408384084701538
9177,3,1,0.4053120017051697
9178,6,0,-0.30322524905204773
9179,0,1,0.4468379616737366
9180,1,1,0.2304602861404419
9181,2,1,0.2609098553657532
9182,3,1,0.29068446159362793
9183,4,1,0.1340336799621582
9184,5,1,-0.018389075994491577
9185,6,0,-0.34278836846351624
9186,7,1,0.6800960302352905
9187,8,1,0.5518324375152588
9188,9,1,0.3452101945877075
9189,0,1,0.2845967411994934
9190,1,1,0.011929601430892944
9191,2,1,0.6145520210266113
9192,3,1,0.729719877243042
9193,4,1,0.21618962287902832
9194,5,1,0.27070748805999756
9195,6,0,-0.3003320097923279
9196,7,1,0.8733164072036743
9197,8,1,0.5733969807624817
9198,9,1,0.7208623886108398
9199,0,1,0.1491449475288391
9200,1,1,0.12689948081970215
9201,2,1,0.38939154148101807
9202,3,1,0.45690828561782837
9203,4,1,0.2866262197494507
9204,7,1,0.5109182596206665
9205,8,1,0.30611300468444824
9206,9,1,0.7554136514663696
9207,6,0,-0.3477112352848053
9208,4,1,0.06739795207977295
9209,2,1,0.4757544994354248
9210,6,0,0.008719444274902344
9211,4,1,0.16771620512008667
9212,7,1,0.5834947228431702
9213,8,1,0.26764577627182007
9214,9,1,0.4659784436225891
9215,2,1,0.5887631177902222
9216,9,1,0.2693150043487549
9217,3,1,0.2871231436729431
9218,9,1,0.42989933490753174
9219,3,1,0.6037099361419678
9220,0,1,0.28011202812194824
9221,0,1,0.14033687114715576
9222,1,1,0.1701323390007019
9223,0,1,-0.02120375633239746
9224,4,1,0.34722572565078735
9225,2,1,0.2196827530860901
9226,6,0,-0.2868571877479553
9227,3,1,0.4070078730583191
9228,5,1,0.4172409772872925
9229,3,1,0.5735112428665161
9230,0,1,0.316317081451416
9231,3,1,0.27071183919906616
9232,4,1,0.7819168567657471
9233,1,1,0.21802842617034912
9234,5,1,0.9169310331344604
9235,3,1,0.8864797353744507
9236,0,1,0.3366175889968872
9237,8,1,0.11092698574066162
9238,3,1,0.5300118923187256
9239,0,1,0.14770746231079102
9240,6,0,-0.2839181423187256
9241,1,1,0.20320069789886475
9242,7,1,0.5797603130340576
9243,8,1,0.2088407278060913
9244,0,1,0.19868451356887817
9245,9,1,0.2237178087234497
9246,2,1,0.2768348455429077
9247,6,0,-0.23222817480564117
9248,7,1,0.728501558303833
9249,1,1,0.024300992488861084
9250,9,1,0.3145890235900879
9251,6,0,-0.2547387182712555
9252,9,1,0.16460782289505005
9253,4,1,0.10910844802856445
9254,9,1,0.7538251876831055
9255,9,1,0.27197563648223877
9256,6,0,-0.30878540873527527
9257,7,1,0.7862272262573242
9258,1,1,0.22247761487960815
9259,2,1,0.393064022064209
9260,5,1,0.573244035243988
9261,3,1,0.2600288987159729
9262,7,1,1.1587151288986206
9263,8,1,0.5905900001525879
9264,0,1,1.7312681674957275
9265,1,1,0.670926570892334
9266,2,1,0.2864062786102295
9267,4,1,0.967818021774292
9268,5,1,0.8717234134674072
9269,6,0,-0.12257176637649536
9270,7,1,1.2799996137619019
9271,8,1,0.49522721767425537
9272,9,1,0.14102083444595337
9273,0,1,0.8327573537826538
9274,1,1,0.7337473630905151
9275,3,1,0.5039613246917725
9276,4,1,0.8627802133560181
9277,5,1,0.3473200798034668
9278,6,0,-0.1452154517173767
9279,7,1,0.7054612636566162
9280,8,1,0.400745153427124
9281,0,1,1.1844675540924072
9282,1,1,0.17248010635375977
9283,3,1,0.5946016311645508
9284,4,1,0.3882695436477661
9285,7,1,1.5875957012176514
9286,8,1,0.4066598415374756
9287,9,1,0.6161655187606812
9288,7,1,1.272571325302124
9289,5,1,0.392356276512146
9290,5,1,0.699777364730835
9291,1,1,0.12329638004302979
9292,9,1,0.2226840853691101
9293,9,1,0.4532355070114136
9294,7,1,0.44241195917129517
9295,1,1,0.06255602836608887
9296,0,1,0.009044855833053589
9297,0,1,0.24515634775161743
9298,5,1,0.4848620891571045
9299,9,1,0.29350292682647705
9300,7,1,0.6790176630020142
9301,1,1,0.14804911613464355
9302,7,1,0.8487746715545654
9303,2,1,0.4509187936782837
9304,2,1,0.2102431058883667
9305,3,1,0.9073958396911621
9306,6,0,-0.25373703241348267
9307,8,1,0.2904738187789917
9308,3,1,1.4895356893539429
9309,2,1,0.5773257613182068
9310,0,1,0.4493614435195923
9311,0,1,0.8868898153305054
9312,6,0,-0.26870197057724
9313,1,1,0.11386001110076904
9314,7,1,1.485930323600769
9315,5,1,0.8476184606552124
9316,8,1,1.1201927661895752
9317,6,0,-0.1632775366306305
9318,2,1,0.387687087059021
9319,9,1,0.3274018168449402
9320,4,1,0.3309635519981384
9321,8,1,0.328372597694397
9322,8,1,0.31395018100738525
9323,7,1,0.745895504951477
9324,1,1,0.07395413517951965
9325,0,1,0.5067802667617798
9326,8,1,0.3240932822227478
9327,7,1,1.0386799573898315
9328,7,1,1.0869669914245605
9329,5,1,0.8455071449279785
9330,8,1,0.12901461124420166
9331,5,1,0.65870201587677
9332,3,1,1.1585749387741089
9333,4,1,0.6356933116912842
9334,6,0,-0.33915382623672485
9335,1,1,0.6443753242492676
9336,1,1,0.4851837158203125
9337,5,1,0.9313006401062012
9338,5,1,0.8316948413848877
9339,0,1,1.1872618198394775
9340,7,1,1.226109266281128
9341,2,1,0.4139920473098755
9342,3,1,1.8538331985473633
9343,6,0,-0.3023776412010193
9344,4,1,0.4380216598510742
9345,1,1,-0.0005079209804534912
9346,2,1,0.09971284866333008
9347,4,1,0.7575684785842896
9348,1,1,0.19937562942504883
9349,5,1,1.2236428260803223
9350,4,1,0.5503466725349426
9351,2,1,0.7151734828948975
9352,0,1,0.28568482398986816
9353,4,1,1.1596643924713135
9354,8,1,0.1989002823829651
9355,6,0,-0.2290920466184616
9356,1,1,0.25895965099334717
9357,9,1,0.32659482955932617
9358,0,1,0.8862276077270508
9359,2,1,0.31605207920074463
9360,5,1,0.40908145904541016
9361,6,0,-0.3020460605621338
9362,9,1,0.2522805333137512
9363,3,1,1.2420811653137207
9364,6,0,-0.25318893790245056
9365,3,1,1.0513159036636353
9366,6,0,-0.25826847553253174
9367,0,1,0.37963300943374634
9368,1,1,0.3507072925567627
9369,2,1,0.1562197208404541
9370,3,1,0.31221693754196167
9371,4,1,0.9947860240936279
9372,5,1,0.15731918811798096
9373,6,0,-0.241708904504776
9374,7,1,0.35377389192581177
9375,8,1,-0.1529107689857483
9376,9,1,-0.024465620517730713
9377,0,1,0.08459818363189697
9378,1,1,0.07990360260009766
9379,2,1,0.05945378541946411
9380,3,1,0.22476786375045776
9381,4,1,0.5056880712509155
9382,5,1,0.10285437107086182
9383,6,0,-0.26094579696655273
9384,7,1,0.15270185470581055
9385,8,1,-0.13783258199691772
9386,9,1,0.18392789363861084
9387,0,1,0.2300121784210205
9388,1,1,0.25418710708618164
9389,2,1,-0.03139641880989075
9390,3,1,0.03995808959007263
9391,5,1,0.5447145700454712
9392,6,0,-0.22229482233524323
9393,7,1,0.686016321182251
9394,8,1,0.35271787643432617
9395,1,1,0.11230254173278809
9396,0,1,-0.03433045744895935
9397,9,1,0.16711360216140747
9398,5,1,0.24403297901153564
9399,7,1,0.6924331188201904
9400,5,1,0.45334339141845703
9401,1,1,0.09303581714630127
9402,8,1,0.14076673984527588
9403,6,0,-0.2885323166847229
9404,9,1,0.08062338829040527
9405,0,1,0.29047417640686035
9406,4,1,0.443783164024353
9407,1,1,0.0011936426162719727
9408,9,1,0.01571023464202881
9409,3,1,0.5854940414428711
9410,8,1,-0.08791381120681763
9411,4,1,0.3306770324707031
9412,4,1,0.170060396194458
9413,7,1,1.242802381515503
9414,0,1,0.4382501244544983
9415,1,1,0.34860384464263916
9416,9,1,0.06725633144378662
9417,2,1,0.19689315557479858
9418,8,1,0.056352972984313965
9419,7,1,0.33352071046829224
9420,8,1,0.20814430713653564
9421,2,1,0.25832700729370117
9422,5,1,0.14679640531539917
9423,9,1,0.06348463892936707
9424,6,0,-0.2134793996810913
9425,0,1,0.09792745113372803
9426,6,0,-0.2736970782279968
9427,5,1,0.2845327854156494
9428,5,1,0.7336678504943848
9429,3,1,0.41513192653656006
9430,3,1,0.1461505889892578
9431,3,1,0.8457400798797607
9432,9,1,0.03397947549819946
9433,8,1,0.19244498014450073
9434,1,1,0.392697811126709
9435,1,1,0.01584908366203308
9436,0,1,0.8439412117004395
9437,6,0,-0.2931686043739319
9438,1,1,0.18998205661773682
9439,0,1,0.6423494815826416
9440,0,1,0.07146164774894714
9441,6,0,-0.09454715251922607
9442,2,1,0.24633896350860596
9443,1,1,0.13668853044509888
9444,1,1,0.35752350091934204
9445,3,1,0.7116048336029053
9446,2,1,1.8473541736602783
9447,7,1,0.30433428287506104
9448,7,1,1.1868816614151
9449,8,1,0.3023069500923157
9450,8,1,0.03867059946060181
9451,7,1,0.5268515348434448
9452,8,1,0.1237301230430603
9453,4,1,0.6307213306427002
9454,6,0,-0.1729663610458374
9455,0,1,0.44553256034851074
9456,2,1,0.6529090404510498
9457,0,1,0.07572320103645325
9458,7,1,0.9138181209564209
9459,0,1,0.3501772880554199
9460,3,1,0.9910869598388672
9461,6,0,-0.29910948872566223
9462,8,1,0.30210286378860474
9463,7,1,0.676769495010376
9464,1,1,0.10321235656738281
9465,5,1,0.38907307386398315
9466,9,1,0.06972745060920715
9467,9,1,0.10441005229949951
9468,3,1,0.17373442649841309
9469,7,1,0.8100110292434692
9470,2,1,0.4335905909538269
9471,4,1,0.4428126811981201
9472,9,1,0.1753886342048645
9473,4,1,0.18837136030197144
9474,3,1,1.2763986587524414
9475,6,0,-0.2710633873939514
9476,2,1,0.12640732526779175
9477,2,1,0.5426265597343445
9478,5,1,0.4944877624511719
9479,3,1,0.2632269263267517
9480,2,1,0.07987380027770996
9481,5,1,0.49764007329940796
9482,5,1,0.6849620342254639
9483,9,1,0.5792731046676636
9484,4,1,0.49084997177124023
9485,1,1,0.009782671928405762
9486,7,1,0.5904797315597534
9487,2,1,0.46015679836273193
9488,0,1,0.025473713874816895
9489,1,1,0.1742696762084961
9490,2,1,0.5567576885223389
9491,3,1,0.05448243021965027
9492,4,1,0.8472174406051636
9493,5,1,0.37374061346054077
9494,6,0,0.20850658416748047
9495,7,1,0.4838680028915405
9496,8,1,0.03478729724884033
9497,9,1,0.24722009897232056
9498,0,1,0.4690392017364502
9499,1,1,0.38121718168258667
9500,2,1,0.47458648681640625
9501,3,1,0.08541643619537354
9502,4,1,0.4246302843093872
9503,5,1,0.6350235939025879
9504,6,0,-0.22706538438796997
9505,7,1,0.7131245136260986
9506,8,1,0.7843401432037354
9507,9,1,0.6424574851989746
9508,0,1,0.3670724630355835
9509,1,1,0.20732718706130981
9510,2,1,0.31212282180786133
9511,3,1,0.5369287729263306
9512,4,1,0.9202017784118652
9513,5,1,1.8799514770507812
9514,6,0,-0.29488903284072876
9515,7,1,0.3920654058456421
9516,8,1,0.11010724306106567
9517,9,1,0.21325111389160156
9518,1,1,0.3631246089935303
9519,0,1,0.30290400981903076
9520,1,1,0.318200945854187
9521,2,1,0.2490522265434265
9522,7,1,0.26177024841308594
9523,5,1,0.4509062170982361
9524,3,1,0.28776097297668457
9525,4,1,0.27065253257751465
9526,4,1,0.2410365343093872
9527,0,1,0.18163305521011353
9528,0,1,0.334469735622406
9529,6,0,-0.197517991065979
9530,9,1,0.5380621552467346
9531,6,0,-0.2527322471141815
9532,6,0,-0.2485329508781433
9533,5,1,1.4230105876922607
9534,7,1,1.2657380104064941
9535,2,1,0.14544010162353516
9536,3,1,0.7097733020782471
9537,4,1,0.5908277034759521
9538,4,1,0.1865788698196411
9539,9,1,0.8714567422866821
9540,1,1,0.2581136226654053
9541,4,1,0.2287665605545044
9542,0,1,0.22072440385818481
9543,7,1,1.6849303245544434
9544,9,1,0.15131425857543945
9545,5,1,0.44628387689590454
9546,7,1,0.10074812173843384
9547,2,1,0.304645299911499
9548,3,1,0.43422365188598633
9549,1,1,0.12349528074264526
9550,4,1,0.17217838764190674
9551,4,1,0.4364875555038452
9552,0,1,-0.08242887258529663
9553,9,1,0.39662694931030273
9554,9,1,0.9403631687164307
9555,6,0,-0.27232739329338074
9556,1,1,0.09743237495422363
9557,8,1,0.4350782632827759
9558,3,1,0.4727792739868164
9559,3,1,0.7045979499816895
9560,7,1,0.6286149024963379
9561,3,1,0.8088514804840088
9562,9,1,0.5083310008049011
9563,8,1,0.19027066230773926
9564,8,1,0.11733067035675049
9565,4,1,0.47023099660873413
9566,7,1,0.9714442491531372
9567,7,1,1.2668377161026
9568,6,0,-0.24681885540485382
9569,2,1,0.6047055721282959
9570,1,1,0.19521158933639526
9571,9,1,-0.11508917808532715
9572,8,1,0.3795814514160156
9573,7,1,1.3823864459991455
9574,8,1,0.28697216510772705
9575,8,1,-0.04303628206253052
9576,7,1,0.7840321063995361
9577,2,1,0.8478648662567139
9578,2,1,0.19466257095336914
9579,3,1,0.5405018925666809
9580,9,1,0.7948293685913086
9581,3,1,0.47139352560043335
9582,3,1,0.5092878937721252
9583,5,1,0.47793883085250854
9584,5,1,0.34796345233917236
9585,0,1,0.19981729984283447
9586,7,1,0.8280205726623535
9587,9,1,-0.04984849691390991
9588,5,1,0.3429492712020874
9589,6,0,-0.2831726670265198
9590,5,1,0.10779142379760742
9591,1,1,-0.1134539246559143
9592,4,1,0.05956321954727173
9593,1,1,0.07787805795669556
9594,1,1,-0.023476630449295044
9595,2,1,0.9531023502349854
9596,8,1,0.4311925172805786
9597,2,1,0.29879528284072876
9598,6,0,-0.2954729199409485
9599,1,1,0.042770326137542725
9600,5,1,1.5052146911621094
9601,0,1,0.5836927890777588
9602,1,1,0.1484268307685852
9603,2,1,0.18362903594970703
9604,3,1,0.6185290813446045
9605,4,1,1.13619065284729
9606,5,1,1.9534847736358643
9607,6,0,-0.07304251194000244
9608,7,1,0.9566410779953003
9609,8,1,0.35884082317352295
9610,9,1,0.6308915615081787
9611,0,1,0.6279497146606445
9612,1,1,0.6124743223190308
9613,2,1,0.44903916120529175
9614,3,1,0.30673038959503174
9615,4,1,0.49394655227661133
9616,5,1,0.09559887647628784
9617,6,0,-0.08030503988265991
9618,7,1,1.2458248138427734
9619,8,1,0.18019723892211914
9620,9,1,0.37872445583343506
9621,0,1,1.0300103425979614
9622,1,1,0.3428494930267334
9623,2,1,0.019362539052963257
9624,3,1,0.2700384855270386
9625,4,1,0.5924029350280762
9626,5,1,0.5903033018112183
9627,6,0,-0.21130359172821045
9628,7,1,1.4847331047058105
9629,8,1,0.7955578565597534
9630,8,1,0.13489657640457153
9631,0,1,0.09287858009338379
9632,6,0,-0.1429222822189331
9633,0,1,0.9504687786102295
9634,0,1,0.33104628324508667
9635,2,1,0.10904276371002197
9636,3,1,0.8648942708969116
9637,7,1,1.0552875995635986
9638,9,1,0.6397905349731445
9639,4,1,0.5265685319900513
9640,7,1,1.4970006942749023
9641,1,1,0.5975511074066162
9642,9,1,1.018566370010376
9643,1,1,2.225998878479004
9644,7,1,1.6926255226135254
9645,1,1,1.0107108354568481
9646,4,1,0.4189586043357849
9647,0,1,0.24294090270996094
9648,0,1,0.584884524345398
9649,1,1,0.12210416793823242
9650,7,1,0.7167891263961792
9651,5,1,1.25294828414917
9652,7,1,1.127134084701538
9653,1,1,0.3998015522956848
9654,3,1,0.7250475883483887
9655,3,1,2.0127112865448
9656,3,1,1.605133056640625
9657,1,1,0.23905622959136963
9658,6,0,-0.1577746868133545
9659,9,1,0.30732405185699463
9660,7,1,0.879403829574585
9661,1,1,0.315716028213501
9662,3,1,0.39702117443084717
9663,0,1,0.27065521478652954
9664,2,1,0.2341618537902832
9665,6,0,-0.2521638870239258
9666,0,1,0.3721426725387573
9667,8,1,0.6014533042907715
9668,9,1,0.4159891605377197
9669,4,1,0.2456713318824768
9670,3,1,0.4126741886138916
9671,5,1,0.4471384882926941
9672,4,1,0.3904491662979126
9673,8,1,0.1832212209701538
9674,1,1,0.3619440793991089
9675,5,1,1.182311773300171
9676,9,1,0.08724820613861084
9677,0,1,-0.03442716598510742
9678,6,0,-0.28836196660995483
9679,6,0,0.16656047105789185
9680,3,1,0.8551584482192993
9681,8,1,0.4257122278213501
9682,1,1,0.28660452365875244
9683,4,1,0.5476967096328735
9684,7,1,0.9347810745239258
9685,5,1,0.1490309238433838
9686,2,1,0.9145081043243408
9687,0,1,0.6189262866973877
9688,0,1,0.3304080367088318
9689,1,1,0.07317173480987549
9690,7,1,1.0773078203201294
9691,8,1,0.2212129831314087
9692,9,1,0.6298210620880127
9693,6,0,0.38725221157073975
9694,8,1,0.27409088611602783
9695,8,1,0.514323353767395
9696,2,1,0.3757091760635376
9697,3,1,0.4090980887413025
9698,6,0,0.23866260051727295
9699,1,1,0.242062509059906
9700,2,1,2.2358896732330322
9701,9,1,0.6168817281723022
9702,5,1,0.2777949571609497
9703,2,1,0.4384111166000366
9704,0,1,0.4648163318634033
9705,1,1,0.1171727180480957
9706,2,1,0.18147313594818115
9707,3,1,0.3900752067565918
9708,4,1,-0.12730437517166138
9709,5,1,1.3757784366607666
9710,6,0,-0.22288528084754944
9711,7,1,0.6721322536468506
9712,8,1,0.5384065508842468
9713,9,1,0.326674222946167
9714,0,1,0.24701827764511108
9715,1,1,0.388408362865448
9716,2,1,0.1851736307144165
9717,3,1,0.1335310935974121
9718,4,1,0.011425882577896118
9719,5,1,0.25580644607543945
9720,6,0,-0.08143600821495056
9721,7,1,0.7508221864700317
9722,8,1,0.4303892254829407
9723,9,1,0.30871713161468506
9724,0,1,0.5329769253730774
9725,1,1,0.48872077465057373
9726,2,1,0.14246809482574463
9727,3,1,0.6631510257720947
9728,4,1,0.1343597173690796
9729,5,1,-0.01894533634185791
9730,6,0,-0.1561136245727539
9731,7,1,1.0695096254348755
9732,8,1,0.6313083171844482
9733,9,1,0.3538762331008911
9734,7,1,0.6452130079269409
9735,4,1,-0.10558149218559265
9736,6,0,-0.10856449604034424
9737,1,1,0.20521050691604614
9738,4,1,0.29580265283584595
9739,0,1,0.2675269842147827
9740,9,1,0.4379393458366394
9741,9,1,0.26457810401916504
9742,3,1,0.20343613624572754
9743,7,1,0.8371305465698242
9744,8,1,0.21820998191833496
9745,4,1,0.27381885051727295
9746,7,1,0.9872211217880249
9747,5,1,1.4957513809204102
9748,8,1,0.37239784002304077
9749,5,1,-0.16561943292617798
9750,3,1,0.49835193157196045
9751,2,1,0.2401524782180786
9752,2,1,0.3132030963897705
9753,0,1,0.4147183299064636
9754,5,1,0.8919639587402344
9755,8,1,0.5201197862625122
9756,6,0,-0.18259263038635254
9757,0,1,0.27369022369384766
9758,3,1,0.27910757064819336
9759,8,1,0.5562491416931152
9760,1,1,0.4310970902442932
9761,0,1,0.7402985095977783
9762,3,1,0.5751042366027832
9763,0,1,0.4940493106842041
9764,4,1,0.4936444163322449
9765,7,1,0.4806767702102661
9766,4,1,0.3980579972267151
9767,9,1,0.8369569778442383
9768,2,1,0.5193969011306763
9769,9,1,0.5190480351448059
9770,5,1,-0.0389668345451355
9771,7,1,1.198256492614746
9772,1,1,0.059400975704193115
9773,7,1,0.9833729267120361
9774,1,1,0.13454312086105347
9775,6,0,-0.27210554480552673
9776,6,0,-0.20534834265708923
9777,5,1,0.9903860092163086
9778,6,0,-0.22943717241287231
9779,2,1,0.09511840343475342
9780,8,1,0.49971234798431396
9781,7,1,1.0907597541809082
9782,6,0,0.160835862159729
9783,4,1,0.5343700647354126
9784,9,1,0.3731301426887512
9785,9,1,0.8131899833679199
9786,5,1,0.4098215699195862
9787,3,1,0.6836209297180176
9788,7,1,1.0963585376739502
9789,4,1,0.2577301263809204
9790,3,1,0.4298169016838074
9791,0,1,0.3059495687484741
9792,4,1,0.06779170036315918
9793,6,0,0.15177708864212036
9794,6,0,-0.24705025553703308
9795,1,1,0.771445631980896
9796,1,1,0.43712133169174194
9797,3,1,0.18724596500396729
9798,2,1,0.27431583404541016
9799,1,1,0.22711646556854248
9800,0,1,0.03497922420501709
9801,0,1,0.1884753704071045
9802,1,1,0.04224690794944763
9803,2,1,0.5733950734138489
9804,3,1,0.4759487509727478
9805,4,1,0.43561851978302
9806,7,1,1.2367680072784424
9807,8,1,-0.07541510462760925
9808,9,1,0.17241168022155762
9809,0,1,0.7887060642242432
9810,1,1,0.1830289363861084
9811,2,1,0.8731827735900879
9812,3,1,0.5207430124282837
9813,4,1,0.39058172702789307
9814,5,1,1.0472655296325684
9815,6,0,-0.3140483498573303
9816,7,1,1.7118518352508545
9817,8,1,-0.004946500062942505
9818,0,1,0.42086201906204224
9819,1,1,-0.05308198928833008
9820,2,1,0.30396711826324463
9821,3,1,0.42276233434677124
9822,4,1,0.4791240096092224
9823,7,1,2.1379408836364746
9824,8,1,0.028161227703094482
9825,9,1,0.6207115650177002
9826,0,1,0.10471761226654053
9827,8,1,0.12518322467803955
9828,3,1,0.6671895980834961
9829,9,1,-0.062335073947906494
9830,5,1,0.7945380210876465
9831,5,1,0.7335458993911743
9832,2,1,0.055426329374313354
9833,6,0,-0.197358176112175
9834,8,1,-0.21472258865833282
9835,4,1,0.028891563415527344
9836,1,1,0.24028152227401733
9837,7,1,1.4277151823043823
9838,1,1,0.5732513666152954
9839,2,1,1.8457441329956055
9840,3,1,0.6497819423675537
9841,5,1,0.6323124170303345
9842,6,0,-0.24919381737709045
9843,9,1,0.6878454685211182
9844,1,1,0.1790637969970703
9845,1,1,0.4864339828491211
9846,1,1,0.3013094663619995
9847,2,1,0.993951678276062
9848,1,1,0.03464865684509277
9849,2,1,0.4500020742416382
9850,0,1,-0.20865055918693542
9851,7,1,1.0892363786697388
9852,7,1,3.30745530128479
9853,5,1,0.5579543113708496
9854,8,1,0.023373126983642578
9855,2,1,0.4258004426956177
9856,9,1,0.9131824970245361
9857,8,1,0.18264156579971313
9858,6,0,-0.1401568055152893
9859,7,1,1.1629891395568848
9860,3,1,0.7246737480163574
9861,4,1,0.274294376373291
9862,6,0,-0.2960343360900879
9863,8,1,-0.02712997794151306
9864,7,1,1.661498785018921
9865,0,1,0.3468889594078064
9866,4,1,0.27606040239334106
9867,2,1,0.595832109451294
9868,7,1,1.5931391716003418
9869,7,1,1.3349177837371826
9870,5,1,0.6408683061599731
9871,4,1,0.2598843574523926
9872,3,1,0.40965819358825684
9873,4,1,0.38098621368408203
9874,2,1,0.9380929470062256
9875,8,1,0.23427361249923706
9876,1,1,-0.0943044126033783
9877,5,1,0.5754261612892151
9878,1,1,0.14502549171447754
9879,0,1,0.25421464443206787
9880,2,1,0.7709386348724365
9881,3,1,0.6217515468597412
9882,3,1,0.11146140098571777
9883,5,1,-0.1285788118839264
9884,7,1,0.810293436050415
9885,0,1,0.23650389909744263
9886,6,0,-0.216759592294693
9887,8,1,0.07528406381607056
9888,6,0,-0.21403896808624268
9889,3,1,0.8127219676971436
9890,9,1,0.5531562566757202
9891,9,1,0.5674471855163574
9892,8,1,0.3542613387107849
9893,2,1,0.3148113489151001
9894,7,1,1.9810075759887695
9895,7,1,1.2792975902557373
9896,1,1,0.14306867122650146
9897,0,1,1.4822194576263428
9898,1,1,0.18765395879745483
9899,7,1,1.2269841432571411
9900,8,1,0.19056886434555054
9901,9,1,0.360013484954834
9902,0,1,0.2583498954772949
9903,1,1,0.24640154838562012
9904,2,1,0.29102230072021484
9905,3,1,0.7584245204925537
9906,4,1,0.39142775535583496
9907,5,1,2.616347312927246
9908,6,0,-0.156532883644104
9909,7,1,1.3185288906097412
9910,8,1,0.5942673683166504
9911,0,1,0.974821925163269
9912,1,1,0.4840924143791199
9913,2,1,0.4470597505569458
9914,3,1,0.9240987300872803
9915,4,1,0.29059934616088867
9916,7,1,1.1309707164764404
9917,8,1,0.539361834526062
9918,9,1,0.13448238372802734
9919,7,1,1.3677361011505127
9920,8,1,0.22057080268859863
9921,6,0,-0.18724992871284485
9922,4,1,0.3867422938346863
9923,1,1,0.1873648762702942
9924,9,1,0.5529496669769287
9925,3,1,0.8978476524353027
9926,8,1,0.3637707233428955
9927,4,1,0.8681173324584961
9928,4,1,0.6057918071746826
9929,7,1,1.3921128511428833
9930,0,1,0.475555419921875
9931,1,1,0.33925360441207886
9932,9,1,0.12178796529769897
9933,2,1,-0.07698953151702881
9934,8,1,0.5589760541915894
9935,7,1,1.3060791492462158
9936,8,1,0.4604576826095581
9937,2,1,0.11439168453216553
9938,6,0,-0.2740589678287506
9939,0,1,-0.0522003173828125
9940,6,0,0.2962064743041992
9941,5,1,0.12704485654830933
9942,3,1,0.6721354722976685
9943,3,1,0.41858381032943726
9944,3,1,0.7089180946350098
9945,9,1,0.36092233657836914
9946,1,1,0.2803354263305664
9947,4,1,0.08958637714385986
9948,0,1,0.7076990604400635
9949,6,0,-0.2082095444202423
9950,1,1,0.06324726343154907
9951,0,1,0.596225380897522
9952,0,1,0.5133661031723022
9953,6,0,0.10852551460266113
9954,2,1,0.6362190246582031
9955,1,1,0.5132225155830383
9956,1,1,0.3657193183898926
9957,7,1,1.3951281309127808
9958,7,1,2.016533136367798
9959,8,1,0.466089129447937
9960,4,1,0.02010798454284668
9961,6,0,-0.20756210386753082
9962,0,1,1.013704538345337
9963,7,1,1.1798497438430786
9964,0,1,0.5359143018722534
9965,3,1,0.7842409610748291
9966,6,0,-0.1577291488647461
9967,8,1,0.5205567479133606
9968,7,1,1.0792967081069946
9969,1,1,0.35434985160827637
9970,5,1,0.21005034446716309
9971,2,1,0.36149537563323975
9972,4,1,0.274405837059021
9973,9,1,0.4348183274269104
9974,4,1,0.9989911317825317
9975,3,1,0.6773965358734131
9976,6,0,0.09260129928588867
9977,4,1,-0.03369268774986267
9978,1,1,0.14667147397994995
9979,7,1,0.8206511735916138
9980,2,1,0.6126762628555298
9981,6,0,-0.12355083227157593
9982,5,1,0.04772686958312988
9983,0,1,0.43082666397094727
9984,1,1,0.3394167423248291
9985,2,1,0.6950366497039795
9986,3,1,0.5554149150848389
9987,4,1,0.603783369064331
9988,5,1,0.6356916427612305
9989,6,0,-0.3016577959060669
9990,7,1,1.2064509391784668
9991,8,1,0.047302424907684326
9992,9,1,0.02136760950088501
9993,0,1,-0.13213267922401428
9994,1,1,0.010788321495056152
9995,2,1,0.39677512645721436
9996,3,1,0.3982374668121338
9997,4,1,0.20927870273590088
9998,5,1,0.5665743350982666
9999,6,0,-0.2669125199317932
