sample_id,original_label,anomaly_label,score
0,7,1,0.7049479484558105
1,2,1,0.8715919256210327
2,1,0,-0.09741121530532837
3,0,1,1.5971416234970093
4,4,1,1.2547086477279663
5,1,0,-0.14653527736663818
6,4,1,1.1521044969558716
7,9,1,0.11597335338592529
8,5,1,1.2848873138427734
9,9,1,0.47476720809936523
10,0,1,4.314655780792236
11,6,1,2.771190643310547
12,9,1,0.3661397099494934
13,0,1,3.0585780143737793
14,1,0,-0.04179838299751282
15,5,1,2.1632065773010254
16,9,1,1.1089333295822144
17,7,1,0.7772864103317261
18,3,1,1.284653902053833
19,4,1,0.7219164967536926
20,9,1,0.09332406520843506
21,6,1,0.7545827031135559
22,6,1,1.294378399848938
23,5,1,1.0097953081130981
24,4,1,0.5630240440368652
25,0,1,2.552018642425537
26,7,1,0.7382295727729797
27,4,1,0.8452233076095581
28,0,1,1.9466854333877563
29,1,0,-0.0914054811000824
30,3,1,0.2104889154434204
31,1,0,-0.06211082637310028
32,3,1,0.5183100700378418
33,4,1,2.1278553009033203
34,7,1,0.41333019733428955
35,2,1,1.5316494703292847
36,7,1,1.0734050273895264
37,1,0,-0.1043810099363327
38,2,1,0.537545919418335
39,1,0,-0.06631031632423401
40,1,0,0.1950925588607788
41,7,1,0.29668402671813965
42,4,1,1.1174137592315674
43,2,1,0.5554412007331848
44,3,1,-0.018258392810821533
45,5,1,1.0689722299575806
46,1,0,-0.0924692302942276
47,2,1,0.6712653636932373
48,4,1,0.9385489225387573
49,4,1,0.9475516080856323
50,6,1,0.27858972549438477
51,3,1,0.6910414695739746
52,5,1,0.39895105361938477
53,5,1,1.9743512868881226
54,6,1,2.957268714904785
55,0,1,1.6750355958938599
56,4,1,1.4637690782546997
57,1,0,-0.13274887204170227
58,9,1,0.3017783761024475
59,5,1,0.22453263401985168
60,7,1,1.0263162851333618
61,8,1,0.9107595682144165
62,9,1,1.0094273090362549
63,3,1,0.2557283639907837
64,7,1,1.1358494758605957
65,4,1,0.36886364221572876
66,6,1,1.9814633131027222
67,4,1,0.8682237863540649
68,3,1,0.3588294982910156
69,0,1,3.926828384399414
70,7,1,0.7772973775863647
71,0,1,3.375741481781006
72,2,1,1.9513894319534302
73,9,1,0.14975017309188843
74,1,0,-0.06312882900238037
75,7,1,0.2859582304954529
76,3,1,0.3675704002380371
77,2,1,0.7552214860916138
78,9,1,-0.002881675958633423
79,7,1,0.9565616846084595
80,7,1,0.809342622756958
81,6,1,0.890947699546814
82,2,1,0.5255067944526672
83,7,1,0.5341116189956665
84,8,1,1.1480122804641724
85,4,1,0.9652496576309204
86,7,1,0.09864926338195801
87,3,1,0.5532997846603394
88,6,1,1.0901541709899902
89,1,0,-0.12243218719959259
90,3,1,0.509147047996521
91,6,1,0.41721606254577637
92,9,1,0.5515251159667969
93,3,1,0.47086602449417114
94,1,0,-0.07915747165679932
95,4,1,0.6767253875732422
96,1,0,-0.04819917678833008
97,7,1,0.29435843229293823
98,6,1,1.1547775268554688
99,9,1,0.6388671398162842
100,6,1,2.181899070739746
101,0,1,3.49948787689209
102,5,1,1.2455164194107056
103,4,1,0.8327138423919678
104,9,1,1.5867644548416138
105,9,1,0.6939801573753357
106,2,1,1.4970015287399292
107,1,0,-0.042234599590301514
108,9,1,0.2626047134399414
109,4,1,0.9571354389190674
110,8,1,0.2033993899822235
111,7,1,-0.013252288103103638
112,3,1,0.14668244123458862
113,9,1,0.5560723543167114
114,7,1,0.20169731974601746
115,4,1,0.1839606761932373
116,4,1,0.5762765407562256
117,4,1,1.239689826965332
118,9,1,0.31797993183135986
119,2,1,0.7503489851951599
120,5,1,1.5841419696807861
121,4,1,0.9937196969985962
122,7,1,0.3752044439315796
123,6,1,0.7090181708335876
124,7,1,0.9503079652786255
125,9,1,0.41706621646881104
126,0,1,3.14207124710083
127,5,1,1.2214241027832031
128,8,1,1.3199238777160645
129,5,1,0.6947798728942871
130,6,1,0.49741625785827637
131,6,1,0.8390549421310425
132,5,1,1.106379747390747
133,7,1,0.31319659948349
134,8,1,0.7188519835472107
135,1,0,-0.1088915467262268
136,0,1,2.729346752166748
137,1,0,-0.14264605939388275
138,6,1,1.0949270725250244
139,4,1,0.6640639305114746
140,6,1,0.3125554323196411
141,7,1,1.0951356887817383
142,3,1,1.1700142621994019
143,1,0,-0.17741161584854126
144,7,1,0.08867326378822327
145,1,0,-0.044295355677604675
146,8,1,1.294871211051941
147,2,1,0.6723328828811646
148,0,1,1.8152192831039429
149,2,1,0.8667612075805664
150,9,1,0.6771937608718872
151,9,1,1.7729012966156006
152,5,1,0.6887964010238647
153,5,1,0.6050109267234802
154,1,0,0.017360419034957886
155,5,1,0.5188288688659668
156,6,1,1.3467568159103394
157,0,1,1.664655327796936
158,3,1,0.5056804418563843
159,4,1,0.17072227597236633
160,4,1,0.41115128993988037
161,6,1,1.1830946207046509
162,5,1,1.921258807182312
163,4,1,1.3307522535324097
164,6,1,0.6389175653457642
165,5,1,1.896664023399353
166,4,1,0.5567207336425781
167,5,1,0.6462165713310242
168,1,0,-0.16350430250167847
169,4,1,0.9223220348358154
170,4,1,0.6646137833595276
171,7,1,0.28171026706695557
172,2,1,1.0805102586746216
173,3,1,1.8265379667282104
174,2,1,0.34468966722488403
175,7,1,0.5596468448638916
176,1,0,-0.0824633538722992
177,8,1,0.6323831677436829
178,1,0,-0.0927179753780365
179,8,1,0.4353634715080261
180,1,0,-0.11649716645479202
181,8,1,0.2951827049255371
182,5,1,0.33279669284820557
183,0,1,4.402321815490723
184,8,1,0.1892845332622528
185,9,1,0.3707709312438965
186,2,1,0.5397374033927917
187,5,1,1.8420108556747437
188,0,1,3.5511183738708496
189,1,0,-0.029683545231819153
190,1,0,-0.1691782921552658
191,1,0,0.11202090978622437
192,0,1,2.0336403846740723
193,9,1,0.801276445388794
194,0,1,3.2091994285583496
195,3,1,0.9970470666885376
196,1,0,-0.029973775148391724
197,6,1,0.3039747476577759
198,4,1,0.8974459171295166
199,2,1,0.298858106136322
200,3,1,0.38635653257369995
201,6,1,2.4694323539733887
202,1,0,-0.058307453989982605
203,1,0,-0.06563666462898254
204,1,0,-0.11550676077604294
205,3,1,0.16437751054763794
206,9,1,0.291714072227478
207,5,1,2.0972189903259277
208,2,1,0.45947176218032837
209,9,1,0.4222135543823242
210,4,1,1.7683885097503662
211,5,1,0.20138084888458252
212,9,1,0.6916341781616211
213,3,1,0.0762653648853302
214,9,1,0.5911893844604492
215,0,1,1.4772491455078125
216,3,1,0.4663815498352051
217,6,1,0.2837556004524231
218,5,1,0.31160134077072144
219,5,1,0.349865198135376
220,7,1,0.7615931034088135
221,2,1,0.4782235622406006
222,2,1,1.2030161619186401
223,7,1,0.25773799419403076
224,1,0,0.2002299427986145
225,2,1,1.6663480997085571
226,8,1,0.3035292625427246
227,4,1,0.2880261540412903
228,1,0,-0.09750324487686157
229,7,1,0.03627932071685791
230,3,1,0.1837254762649536
231,3,1,0.6308891773223877
232,8,1,0.6668490171432495
233,8,1,0.6354504823684692
234,7,1,0.2759506106376648
235,9,1,0.5485723614692688
236,2,1,0.39006900787353516
237,2,1,0.2893083095550537
238,4,1,0.782910943031311
239,1,0,-0.1144307479262352
240,5,1,0.6979317665100098
241,9,1,1.2636505365371704
242,8,1,1.135973572731018
243,7,1,1.0408649444580078
244,2,1,0.4104562997817993
245,3,1,0.7653624415397644
246,0,1,4.398482322692871
247,4,1,0.3003920316696167
248,4,1,1.3253525495529175
249,2,1,-0.030053645372390747
250,4,1,0.7323564887046814
251,1,0,0.0012864768505096436
252,9,1,0.8937926292419434
253,5,1,1.5429757833480835
254,7,1,0.5488089323043823
255,7,1,0.24571171402931213
256,2,1,0.0758131742477417
257,8,1,-0.06008264422416687
258,2,1,0.6096265316009521
259,6,1,2.184892177581787
260,8,1,1.0526732206344604
261,5,1,0.45228785276412964
262,7,1,0.8759688138961792
263,7,1,0.3090435266494751
264,9,1,0.1492026448249817
265,1,0,-0.14866496622562408
266,8,1,0.5909979343414307
267,1,0,-0.14129330217838287
268,8,1,1.751630187034607
269,0,1,3.038701057434082
270,3,1,0.5730158090591431
271,0,1,1.7409926652908325
272,1,0,-0.12922173738479614
273,9,1,0.7797852754592896
274,9,1,0.8639031648635864
275,4,1,0.9607871770858765
276,1,0,-0.1494024395942688
277,8,1,0.750984787940979
278,2,1,1.5258595943450928
279,1,0,-0.09005913138389587
280,2,1,-0.006258755922317505
281,9,1,0.29518967866897583
282,7,1,0.018005788326263428
283,5,1,0.6801187992095947
284,9,1,0.9080630540847778
285,2,1,0.5721592307090759
286,6,1,0.2104467749595642
287,4,1,2.0599427223205566
288,1,0,-0.12577785551548004
289,5,1,0.765526533126831
290,8,1,0.9803828001022339
291,2,1,0.6925129890441895
292,9,1,0.5748882293701172
293,2,1,0.1875380277633667
294,0,1,2.4617295265197754
295,4,1,0.501327633857727
296,0,1,3.56827974319458
297,0,1,3.694009304046631
298,2,1,0.7910579442977905
299,8,1,0.49783074855804443
300,4,1,0.193287193775177
301,7,1,0.427284836769104
302,1,0,-0.11833201348781586
303,2,1,0.5069445967674255
304,4,1,0.5212249159812927
305,0,1,6.220341682434082
306,2,1,0.382132887840271
307,7,1,0.029782354831695557
308,4,1,0.7133644223213196
309,3,1,0.3717806339263916
310,3,1,0.42370498180389404
311,0,1,2.3716206550598145
312,0,1,1.7943271398544312
313,3,1,1.230933666229248
314,1,0,-0.04234820604324341
315,9,1,0.9136897325515747
316,6,1,0.19821804761886597
317,5,1,0.42611515522003174
318,2,1,1.383536458015442
319,5,1,2.3599328994750977
320,9,1,0.04452282190322876
321,2,1,0.2476055920124054
322,9,1,0.2364351749420166
323,3,1,0.35544782876968384
324,0,1,2.0403366088867188
325,4,1,0.36261314153671265
326,2,1,0.470081090927124
327,0,1,3.0020532608032227
328,7,1,-0.012746468186378479
329,1,0,-0.10750838369131088
330,1,0,-0.08921775221824646
331,2,1,0.8255234956741333
332,1,0,-0.0327610969543457
333,5,1,2.095493793487549
334,3,1,1.0469189882278442
335,3,1,0.7471340298652649
336,9,1,0.43637657165527344
337,7,1,0.22238296270370483
338,8,1,2.9380064010620117
339,6,1,0.5437430143356323
340,5,1,-0.022869005799293518
341,6,1,0.7335176467895508
342,1,0,-0.14562663435935974
343,3,1,0.8982523679733276
344,8,1,0.9503160715103149
345,1,0,-0.16666117310523987
346,0,1,0.6590631008148193
347,5,1,0.8396340608596802
348,1,0,-0.10866563022136688
349,3,1,0.3634781241416931
350,1,0,0.07844644784927368
351,5,1,1.7118520736694336
352,5,1,2.4789390563964844
353,6,1,1.211457371711731
354,1,0,-0.01632070541381836
355,8,1,0.4217745065689087
356,5,1,0.9164484739303589
357,1,0,-0.06689845025539398
358,7,1,0.4200212359428406
359,9,1,0.5418882369995117
360,4,1,2.0344104766845703
361,6,1,0.6741960048675537
362,2,1,1.1233667135238647
363,2,1,0.24685019254684448
364,5,1,1.5716396570205688
365,0,1,1.9731653928756714
366,6,1,1.3249179124832153
367,5,1,3.4351377487182617
368,6,1,0.47405391931533813
369,3,1,0.847197413444519
370,7,1,0.7965773344039917
371,2,1,0.48449236154556274
372,0,1,3.932633399963379
373,8,1,1.0502946376800537
374,8,1,0.7108850479125977
375,5,1,1.5810513496398926
376,4,1,0.5576347708702087
377,1,0,-0.12495646625757217
378,1,0,0.015710532665252686
379,4,1,1.2296487092971802
380,0,1,5.7107696533203125
381,3,1,0.3119885325431824
382,3,1,0.4248555302619934
383,7,1,0.7295833826065063
384,6,1,1.1580456495285034
385,1,0,-0.1312873214483261
386,6,1,0.6216249465942383
387,2,1,0.46066683530807495
388,1,0,-0.10614415258169174
389,9,1,0.3170973062515259
390,2,1,0.8819202184677124
391,8,1,1.7710694074630737
392,6,1,0.4184421896934509
393,1,0,-0.12632372975349426
394,9,1,0.9730237722396851
395,5,1,0.9399998188018799
396,2,1,0.4388788342475891
397,5,1,1.05753493309021
398,4,1,1.489844799041748
399,4,1,0.3365524411201477
400,2,1,1.456238865852356
401,8,1,0.4528462886810303
402,3,1,1.4530974626541138
403,8,1,0.7468183636665344
404,2,1,0.5772496461868286
405,4,1,1.4327762126922607
406,5,1,1.4034250974655151
407,0,1,3.0640807151794434
408,3,1,0.6922853589057922
409,1,0,-0.06655669212341309
410,7,1,0.9318386316299438
411,7,1,0.008310779929161072
412,5,1,1.0591896772384644
413,7,1,0.6319563388824463
414,9,1,0.5961812734603882
415,7,1,0.4013345241546631
416,1,0,-0.14925771951675415
417,9,1,0.3259139060974121
418,2,1,0.5567027926445007
419,1,0,-0.11308778077363968
420,4,1,0.4127509593963623
421,2,1,2.230379104614258
422,9,1,0.5856944918632507
423,2,1,0.41493427753448486
424,0,1,4.439817428588867
425,4,1,1.5565427541732788
426,9,1,0.4464362859725952
427,1,0,-0.16031420230865479
428,4,1,0.45547664165496826
429,8,1,1.1124500036239624
430,1,0,-0.12681832909584045
431,8,1,2.109199047088623
432,4,1,0.5298988819122314
433,5,1,0.6437468528747559
434,9,1,0.5541492104530334
435,8,1,0.051655709743499756
436,8,1,0.687424898147583
437,3,1,1.0266164541244507
438,7,1,0.3958488702774048
439,6,1,0.5514087677001953
440,0,1,2.927506446838379
441,0,1,1.816856026649475
442,3,1,0.3327385187149048
443,0,1,1.1111446619033813
444,2,1,0.8004052639007568
445,6,1,2.3942642211914062
446,6,1,0.7527279853820801
447,4,1,0.2675039768218994
448,9,1,0.19923025369644165
449,3,1,1.3013206720352173
450,3,1,0.527463436126709
451,3,1,0.39145123958587646
452,2,1,0.5928979516029358
453,3,1,2.1298532485961914
454,9,1,0.8902441263198853
455,1,0,-0.14055266976356506
456,2,1,0.8626899719238281
457,6,1,0.38078588247299194
458,8,1,0.9733976125717163
459,0,1,3.125331401824951
460,5,1,0.7288702726364136
461,6,1,1.0965691804885864
462,6,1,1.6118358373641968
463,6,1,1.5424175262451172
464,3,1,0.908940315246582
465,8,1,1.1624332666397095
466,8,1,0.6559436321258545
467,2,1,0.3625541925430298
468,7,1,0.3430534601211548
469,5,1,1.1960010528564453
470,8,1,0.9084757566452026
471,9,1,0.4957021474838257
472,6,1,1.2506895065307617
473,1,0,-0.09449312090873718
474,8,1,0.4037436842918396
475,4,1,1.9451879262924194
476,1,0,-0.007258296012878418
477,2,1,0.8588703870773315
478,5,1,0.30072617530822754
479,9,1,1.5219471454620361
480,1,0,-0.04652222990989685
481,9,1,0.5044600963592529
482,7,1,1.586840271949768
483,5,1,0.6611223220825195
484,4,1,0.8956342935562134
485,0,1,2.7890610694885254
486,8,1,1.9953418970108032
487,9,1,0.21354761719703674
488,9,1,0.35549741983413696
489,1,0,-0.09448647499084473
490,0,1,1.5617762804031372
491,5,1,0.43325603008270264
492,2,1,0.3593175411224365
493,3,1,1.0308181047439575
494,7,1,0.31937146186828613
495,8,1,0.34085172414779663
496,9,1,0.7856612205505371
497,4,1,0.2641901969909668
498,0,1,1.4159506559371948
499,6,1,0.3596869111061096
500,3,1,0.37885427474975586
501,9,1,0.9096144437789917
502,5,1,0.2368113398551941
503,2,1,0.9554554224014282
504,1,0,-0.06174090504646301
505,3,1,0.1723995804786682
506,1,0,-0.13872531056404114
507,3,1,0.4890994429588318
508,6,1,0.6622839570045471
509,5,1,1.1720179319381714
510,7,1,0.3278096914291382
511,4,1,0.0447026789188385
512,2,1,0.5373289585113525
513,2,1,0.34140288829803467
514,6,1,2.5752463340759277
515,3,1,0.25601622462272644
516,2,1,0.7690072655677795
517,6,1,1.2397048473358154
518,5,1,1.2106744050979614
519,4,1,0.5516661405563354
520,8,1,0.5524692535400391
521,9,1,0.06470358371734619
522,7,1,0.4641000032424927
523,1,0,0.13208866119384766
524,3,1,2.2786946296691895
525,0,1,4.483050346374512
526,3,1,0.8569337129592896
527,8,1,2.0215353965759277
528,3,1,0.42213815450668335
529,1,0,-0.08176088333129883
530,9,1,0.13670003414154053
531,3,1,0.07814773917198181
532,4,1,0.5248225927352905
533,4,1,1.0110706090927124
534,6,1,0.3424050807952881
535,4,1,1.2165242433547974
536,2,1,0.31432271003723145
537,1,0,-0.12326563149690628
538,8,1,0.36999011039733887
539,2,1,0.6506541967391968
540,5,1,1.830292820930481
541,4,1,0.7853744029998779
542,8,1,1.319473147392273
543,8,1,0.7777301073074341
544,4,1,0.9970686435699463
545,0,1,3.3777198791503906
546,0,1,3.714508533477783
547,2,1,0.4573667049407959
548,3,1,0.036632537841796875
549,2,1,2.59661865234375
550,7,1,0.22479230165481567
551,7,1,0.01585860550403595
552,0,1,0.7891230583190918
553,8,1,0.7265514135360718
554,7,1,0.7380267977714539
555,4,1,0.7386006116867065
556,4,1,1.1802537441253662
557,7,1,0.5052449703216553
558,9,1,0.30944156646728516
559,6,1,2.079227924346924
560,9,1,0.1749117076396942
561,0,1,3.302591323852539
562,9,1,0.6793085932731628
563,8,1,0.578773558139801
564,0,1,2.955683708190918
565,4,1,0.6428322792053223
566,6,1,0.3579726815223694
567,0,1,2.480961799621582
568,6,1,0.35395175218582153
569,3,1,0.5165972709655762
570,5,1,1.5928257703781128
571,4,1,0.3612574338912964
572,8,1,0.37400317192077637
573,3,1,0.5435484647750854
574,3,1,0.6651328802108765
575,9,1,0.261705219745636
576,3,1,0.28072792291641235
577,3,1,0.14627718925476074
578,3,1,0.659784197807312
579,7,1,0.3592464327812195
580,8,1,0.22561219334602356
581,0,1,3.518709182739258
582,8,1,0.27104005217552185
583,2,1,0.4645371437072754
584,1,0,-0.06020087003707886
585,7,1,0.7684412002563477
586,0,1,4.440738677978516
587,6,1,0.7365174889564514
588,5,1,2.096877098083496
589,4,1,0.6442715525627136
590,3,1,0.8581877946853638
591,8,1,0.21468698978424072
592,0,1,3.14445161819458
593,9,1,0.3263077139854431
594,6,1,0.30429571866989136
595,3,1,0.7629780769348145
596,8,1,0.9680441617965698
597,0,1,1.0824302434921265
598,9,1,0.3809961676597595
599,9,1,0.857793927192688
600,6,1,0.7409526109695435
601,8,1,0.46885013580322266
602,6,1,1.9237173795700073
603,8,1,0.5445984601974487
604,5,1,1.4864872694015503
605,7,1,-0.02641156315803528
606,8,1,0.7690591216087341
607,6,1,0.7498469948768616
608,0,1,4.692929267883301
609,2,1,1.0379263162612915
610,4,1,0.4796903133392334
611,0,1,3.256803512573242
612,2,1,0.3416578769683838
613,2,1,0.8954259157180786
614,3,1,0.04187014698982239
615,1,0,-0.08191412687301636
616,9,1,0.3379969000816345
617,7,1,0.44980478286743164
618,5,1,1.6547927856445312
619,1,0,0.08856457471847534
620,0,1,2.5440287590026855
621,8,1,0.6577889919281006
622,4,1,0.8039778470993042
623,6,1,0.3974093198776245
624,2,1,0.5116354823112488
625,6,1,1.545749545097351
626,7,1,0.7419723272323608
627,9,1,0.6979613304138184
628,3,1,0.7864598035812378
629,2,1,1.3269122838974
630,9,1,0.7932898998260498
631,8,1,0.8535232543945312
632,2,1,0.47139406204223633
633,2,1,0.3243411183357239
634,9,1,1.0230516195297241
635,2,1,0.06358000636100769
636,7,1,1.433118224143982
637,3,1,0.5023494958877563
638,5,1,1.6244970560073853
639,9,1,0.15953445434570312
640,1,0,-0.05200955271720886
641,8,1,0.8115476369857788
642,0,1,1.6127541065216064
643,2,1,0.7396774291992188
644,0,1,2.4680118560791016
645,5,1,0.2351873517036438
646,2,1,0.3311077952384949
647,1,0,-0.06390832364559174
648,3,1,1.1750844717025757
649,7,1,0.882398247718811
650,6,1,0.31931912899017334
651,7,1,0.531346321105957
652,1,0,-0.11509503424167633
653,2,1,0.42534852027893066
654,5,1,2.3276448249816895
655,8,1,0.6117566823959351
656,0,1,4.418097019195557
657,3,1,0.8216308355331421
658,7,1,1.6429821252822876
659,2,1,0.196042001247406
660,4,1,1.1295706033706665
661,0,1,0.22418656945228577
662,9,1,0.5803312063217163
663,1,0,-0.1282500922679901
664,8,1,0.7224353551864624
665,6,1,2.2672486305236816
666,7,1,0.2233479619026184
667,7,1,0.17194172739982605
668,4,1,1.154986023902893
669,3,1,0.2349766194820404
670,4,1,0.14168447256088257
671,9,1,1.5047094821929932
672,1,0,-0.15066447854042053
673,9,1,0.7230485677719116
674,5,1,0.20223212242126465
675,1,0,-0.05837926268577576
676,7,1,1.4052945375442505
677,3,1,0.6380470991134644
678,9,1,0.780552864074707
679,7,1,0.1716402769088745
680,6,1,0.9581307172775269
681,9,1,1.0566786527633667
682,1,0,-0.006196409463882446
683,3,1,0.22971504926681519
684,7,1,0.14507532119750977
685,8,1,0.70558762550354
686,3,1,0.19011139869689941
687,3,1,0.875869631767273
688,6,1,0.26448485255241394
689,7,1,0.7323806881904602
690,2,1,0.8182666301727295
691,8,1,0.7811009883880615
692,5,1,1.170196294784546
693,8,1,0.1841820478439331
694,5,1,0.6556603908538818
695,1,0,-0.10701815038919449
696,1,0,-0.0012296885251998901
697,4,1,1.0047141313552856
698,4,1,1.3770047426223755
699,3,1,0.15472251176834106
700,1,0,-0.10962174832820892
701,0,1,2.768467426300049
702,7,1,0.03918507695198059
703,7,1,0.7772806882858276
704,0,1,2.858804702758789
705,7,1,0.5714921951293945
706,9,1,0.49630099534988403
707,4,1,0.22550547122955322
708,4,1,1.02053701877594
709,8,1,0.37846434116363525
710,5,1,1.5494921207427979
711,5,1,0.7570934295654297
712,4,1,0.1440926492214203
713,0,1,4.919925212860107
714,8,1,2.8117713928222656
715,2,1,0.44697773456573486
716,1,0,-0.10686388611793518
717,0,1,1.3745242357254028
718,8,1,0.4034765362739563
719,4,1,1.5984503030776978
720,5,1,1.8937782049179077
721,0,1,4.673536777496338
722,4,1,1.047082781791687
723,0,1,1.6450289487838745
724,6,1,1.0253793001174927
725,1,0,-0.09558340907096863
726,7,1,0.34230971336364746
727,3,1,0.7565562129020691
728,2,1,0.7481437921524048
729,6,1,0.5546220541000366
730,7,1,1.5354623794555664
731,2,1,1.0294448137283325
732,6,1,1.8662303686141968
733,9,1,0.6951619386672974
734,3,1,0.0704488456249237
735,1,0,-0.1646934300661087
736,4,1,1.3915082216262817
737,6,1,2.7509632110595703
738,2,1,1.9418872594833374
739,5,1,0.5015372037887573
740,4,1,0.2244776487350464
741,2,1,0.265698105096817
742,0,1,4.119850158691406
743,6,1,0.052207380533218384
744,2,1,1.6124267578125
745,1,0,-0.16846956312656403
746,7,1,0.13069099187850952
747,3,1,0.4805067777633667
748,4,1,0.14129436016082764
749,1,0,-0.1309986561536789
750,0,1,3.9884023666381836
751,5,1,2.1916770935058594
752,4,1,0.4409409165382385
753,3,1,0.10394853353500366
754,1,0,-0.16141782701015472
755,1,0,-0.10758351534605026
756,7,1,0.35599464178085327
757,4,1,0.969419002532959
758,9,1,0.8353463411331177
759,9,1,0.16300934553146362
760,4,1,0.12626394629478455
761,8,1,0.5387256145477295
762,4,1,0.86762535572052
763,0,1,3.4806323051452637
764,2,1,1.0395500659942627
765,4,1,0.7740522623062134
766,5,1,1.1677402257919312
767,1,0,-0.05434989929199219
768,1,0,-0.03932024538516998
769,6,1,0.3998257517814636
770,4,1,1.1158396005630493
771,7,1,1.1084296703338623
772,1,0,-0.14754866063594818
773,9,1,0.4726107120513916
774,4,1,0.6928243041038513
775,2,1,0.3944479823112488
776,4,1,0.6675523519515991
777,1,0,-0.18979066610336304
778,5,1,1.1535069942474365
779,5,1,0.9112433195114136
780,3,1,1.310282826423645
781,8,1,0.3547366261482239
782,3,1,1.051448106765747
783,1,0,-0.11512234807014465
784,4,1,0.5374988913536072
785,5,1,2.3274917602539062
786,6,1,0.7234208583831787
787,8,1,1.2838795185089111
788,9,1,0.4670743942260742
789,4,1,1.0768963098526
790,1,0,-0.13785186409950256
791,5,1,0.7995971441268921
792,3,1,1.050162672996521
793,8,1,0.7824406623840332
794,0,1,2.27797794342041
795,3,1,0.012022420763969421
796,2,1,0.9182294607162476
797,5,1,0.4561120271682739
798,1,0,-0.13504108786582947
799,2,1,0.9453662633895874
800,8,1,0.9645649194717407
801,3,1,0.46364331245422363
802,4,1,1.009363055229187
803,4,1,1.7104746103286743
804,0,1,2.5531530380249023
805,8,1,0.7333369851112366
806,8,1,0.8828717470169067
807,3,1,0.6140007376670837
808,3,1,0.6025995016098022
809,1,0,-0.025507718324661255
810,7,1,1.6552654504776
811,3,1,0.09668534994125366
812,5,1,1.5960350036621094
813,9,1,1.383203148841858
814,6,1,0.1317758560180664
815,3,1,0.49944448471069336
816,2,1,0.36632949113845825
817,6,1,2.1479249000549316
818,1,0,-0.10442909598350525
819,3,1,0.8405722379684448
820,6,1,0.8222173452377319
821,0,1,4.69169807434082
822,7,1,1.1199760437011719
823,2,1,1.206886887550354
824,1,0,-0.17655575275421143
825,7,1,0.6926150321960449
826,1,0,-0.10841487348079681
827,4,1,0.8759379386901855
828,2,1,0.9350718259811401
829,4,1,0.37551116943359375
830,2,1,0.9537943601608276
831,1,0,0.044697582721710205
832,7,1,0.1969432234764099
833,9,1,0.16698527336120605
834,6,1,-0.044361039996147156
835,1,0,-0.11184515804052353
836,1,0,-0.10947756469249725
837,2,1,1.201908826828003
838,4,1,1.2966302633285522
839,8,1,0.24477234482765198
840,1,0,-0.1699531227350235
841,7,1,1.533039927482605
842,7,1,0.5209207534790039
843,4,1,0.9154077768325806
844,8,1,0.7912709712982178
845,0,1,3.2337565422058105
846,7,1,1.2832355499267578
847,3,1,0.2317541241645813
848,1,0,-0.10869912058115005
849,3,1,1.0124688148498535
850,1,0,-0.15993840992450714
851,0,1,1.423612356185913
852,7,1,0.7427219748497009
853,7,1,0.23664140701293945
854,0,1,3.905414581298828
855,3,1,0.3606436252593994
856,5,1,0.7292931079864502
857,5,1,0.1398991346359253
858,2,1,0.8513741493225098
859,7,1,0.7882769107818604
860,6,1,1.0034222602844238
861,6,1,1.3487610816955566
862,9,1,0.7292042970657349
863,2,1,0.2734929323196411
864,8,1,1.2295479774475098
865,3,1,0.4276929497718811
866,5,1,1.0703896284103394
867,2,1,0.6883113980293274
868,2,1,0.48898011445999146
869,5,1,1.7315565347671509
870,6,1,0.40563082695007324
871,0,1,2.5953831672668457
872,8,1,0.4188477396965027
873,2,1,0.6430040001869202
874,9,1,-0.025055408477783203
875,2,1,0.5524999499320984
876,8,1,1.4250514507293701
877,8,1,2.4616637229919434
878,8,1,1.059635043144226
879,8,1,1.2285515069961548
880,7,1,0.15935051441192627
881,4,1,0.590120255947113
882,9,1,0.5733942985534668
883,3,1,0.47477900981903076
884,0,1,2.3809638023376465
885,6,1,0.20665469765663147
886,6,1,1.2664786577224731
887,3,1,0.3544533848762512
888,2,1,0.9250268936157227
889,1,0,-0.15576249361038208
890,3,1,0.24941003322601318
891,2,1,0.43411290645599365
892,2,1,1.031767725944519
893,9,1,0.7112842202186584
894,3,1,0.6168782114982605
895,0,1,1.3086272478103638
896,0,1,4.078547477722168
897,5,1,1.9372135400772095
898,7,1,0.13466161489486694
899,8,1,1.1670182943344116
900,1,0,0.03353524208068848
901,4,1,0.5854095220565796
902,4,1,1.0186138153076172
903,6,1,0.656712532043457
904,0,1,4.0963850021362305
905,2,1,0.6827981472015381
906,9,1,0.2975912094116211
907,1,0,-0.13854536414146423
908,4,1,0.643815279006958
909,7,1,1.1051667928695679
910,4,1,1.0680656433105469
911,7,1,0.1061427891254425
912,3,1,0.7806748151779175
913,9,1,0.8005664348602295
914,8,1,0.2400454878807068
915,8,1,0.2796652317047119
916,4,1,0.9786795377731323
917,7,1,0.7076995372772217
918,1,0,0.053338825702667236
919,2,1,0.2530101537704468
920,1,0,-0.02180495858192444
921,2,1,0.7242556214332581
922,2,1,0.8111704587936401
923,3,1,0.5798500180244446
924,2,1,1.3078659772872925
925,3,1,0.8549274206161499
926,2,1,0.8775874376296997
927,3,1,0.4322890043258667
928,9,1,1.0105456113815308
929,1,0,-0.0365946888923645
930,7,1,0.14403215050697327
931,4,1,0.3309611678123474
932,0,1,4.4939775466918945
933,3,1,1.2008836269378662
934,5,1,1.2666469812393188
935,5,1,0.9250577688217163
936,8,1,0.2936873435974121
937,6,1,1.3254060745239258
938,3,1,1.090063214302063
939,2,1,1.7027883529663086
940,6,1,0.6895279288291931
941,7,1,0.2908817529678345
942,6,1,1.0755579471588135
943,6,1,0.11501723527908325
944,3,1,0.17881757020950317
945,2,1,0.7904741764068604
946,7,1,0.2201216220855713
947,8,1,0.7869051694869995
948,1,0,-0.15491816401481628
949,1,0,-0.14926297962665558
950,7,1,0.15743035078048706
951,5,1,0.43199145793914795
952,6,1,1.72416090965271
953,4,1,0.49639415740966797
954,9,1,0.12293186783790588
955,5,1,0.4919865131378174
956,1,0,0.0510866641998291
957,3,1,1.1791223287582397
958,3,1,0.41256165504455566
959,4,1,0.24709859490394592
960,7,1,0.175836443901062
961,8,1,0.3660508990287781
962,9,1,0.9044867753982544
963,1,0,-0.0764421820640564
964,1,0,-0.07022696733474731
965,6,1,1.2193995714187622
966,9,1,0.2957063913345337
967,1,0,-0.19609929621219635
968,4,1,0.2992461323738098
969,4,1,1.2118489742279053
970,5,1,0.7409267425537109
971,4,1,0.8415993452072144
972,0,1,4.144850730895996
973,6,1,2.0138468742370605
974,2,1,0.8303722143173218
975,2,1,0.5255335569381714
976,3,1,0.4035683870315552
977,1,0,-0.061305224895477295
978,5,1,1.9591654539108276
979,1,0,-0.12752129137516022
980,2,1,0.6384161114692688
981,0,1,2.679884910583496
982,3,1,0.3305407762527466
983,8,1,0.37169522047042847
984,1,0,-0.11067070066928864
985,2,1,1.4311041831970215
986,6,1,0.47937721014022827
987,7,1,0.6551566123962402
988,1,0,-0.0632348507642746
989,6,1,1.5635517835617065
990,2,1,0.7954157590866089
991,3,1,0.8912068605422974
992,9,1,0.7744663953781128
993,0,1,1.1052978038787842
994,1,0,-0.02873358130455017
995,2,1,1.6298879384994507
996,2,1,0.5925346612930298
997,0,1,2.602079391479492
998,8,1,0.6058309078216553
999,9,1,0.8098348379135132
1000,9,1,0.07713806629180908
1001,0,1,1.684377670288086
1002,2,1,0.17345577478408813
1003,5,1,1.165462851524353
1004,1,0,-0.07462218403816223
1005,9,1,0.29058003425598145
1006,7,1,0.15996479988098145
1007,8,1,0.6142879724502563
1008,1,0,-0.05966702103614807
1009,0,1,3.9959239959716797
1010,4,1,1.3685414791107178
1011,1,0,-0.13328015804290771
1012,7,1,0.349672794342041
1013,9,1,0.2020009160041809
1014,6,1,0.8423291444778442
1015,4,1,0.10846024751663208
1016,2,1,0.6904574036598206
1017,6,1,2.107370376586914
1018,8,1,1.4573495388031006
1019,1,0,-0.08659523725509644
1020,3,1,1.024225115776062
1021,7,1,0.7114700078964233
1022,5,1,0.5004462599754333
1023,4,1,1.510594367980957
1024,4,1,0.6489439010620117
1025,1,0,-0.1634688675403595
1026,8,1,0.6921545267105103
1027,1,0,-0.035899415612220764
1028,3,1,1.7345808744430542
1029,8,1,0.1833438277244568
1030,1,0,-0.10883123427629471
1031,2,1,0.5201227068901062
1032,5,1,1.4919852018356323
1033,8,1,0.18845677375793457
1034,0,1,2.5015783309936523
1035,6,1,1.275120496749878
1036,2,1,0.38465434312820435
1037,1,0,-0.1096232458949089
1038,1,0,0.4354243278503418
1039,7,1,0.4240275025367737
1040,1,0,-0.13460591435432434
1041,5,1,0.765008270740509
1042,3,1,0.29385340213775635
1043,4,1,0.5316258072853088
1044,6,1,0.3875693082809448
1045,9,1,-0.04259490966796875
1046,5,1,0.36886632442474365
1047,0,1,2.5646018981933594
1048,9,1,0.6496850252151489
1049,2,1,0.8789358139038086
1050,2,1,2.301013469696045
1051,4,1,1.5928679704666138
1052,8,1,1.2549415826797485
1053,2,1,0.708419680595398
1054,1,0,-0.07742264866828918
1055,7,1,0.8982117176055908
1056,2,1,0.25489747524261475
1057,4,1,0.6747128367424011
1058,9,1,0.2201826572418213
1059,4,1,1.1533297300338745
1060,4,1,1.4645206928253174
1061,0,1,3.9332189559936523
1062,3,1,0.7883400917053223
1063,9,1,0.12222325801849365
1064,2,1,0.49851739406585693
1065,2,1,0.33116304874420166
1066,3,1,0.41258102655410767
1067,3,1,0.5846203565597534
1068,8,1,0.252033531665802
1069,3,1,1.0508240461349487
1070,5,1,2.1764168739318848
1071,7,1,0.04253578186035156
1072,3,1,0.10673433542251587
1073,5,1,1.1000159978866577
1074,8,1,1.3986178636550903
1075,1,0,-0.1299026608467102
1076,2,1,0.42035043239593506
1077,4,1,1.0382332801818848
1078,4,1,0.20737287402153015
1079,6,1,0.8864612579345703
1080,4,1,0.7651078701019287
1081,9,1,0.36121487617492676
1082,5,1,0.34845125675201416
1083,1,0,-0.04856778681278229
1084,0,1,3.340219497680664
1085,6,1,1.3397130966186523
1086,9,1,0.7172534465789795
1087,5,1,0.9733279943466187
1088,9,1,0.527175784111023
1089,5,1,0.5296210050582886
1090,9,1,0.5410340428352356
1091,7,1,0.48283129930496216
1092,3,1,0.08311742544174194
1093,8,1,0.21588808298110962
1094,0,1,1.1687499284744263
1095,3,1,0.15285968780517578
1096,7,1,2.148712635040283
1097,1,0,-0.13145624101161957
1098,3,1,0.536913275718689
1099,6,1,0.4706849455833435
1100,7,1,0.3436065912246704
1101,8,1,0.5609424710273743
1102,5,1,1.6456067562103271
1103,9,1,0.5308935046195984
1104,7,1,0.5417528748512268
1105,9,1,0.2675829529762268
1106,6,1,1.171651840209961
1107,9,1,1.5683963298797607
1108,6,1,0.6075929999351501
1109,3,1,1.7330478429794312
1110,7,1,1.0257599353790283
1111,4,1,0.9106717109680176
1112,4,1,0.6540209650993347
1113,5,1,0.9996069669723511
1114,3,1,0.2578614056110382
1115,5,1,0.8328436613082886
1116,4,1,0.44825679063796997
1117,7,1,0.06432527303695679
1118,8,1,0.9137755632400513
1119,7,1,0.3873257637023926
1120,8,1,0.3421517610549927
1121,0,1,0.6599047780036926
1122,7,1,0.2662564516067505
1123,6,1,1.0591236352920532
1124,8,1,0.48124539852142334
1125,8,1,1.2056244611740112
1126,7,1,1.0819363594055176
1127,3,1,0.12879234552383423
1128,3,1,0.2934681177139282
1129,1,0,-0.15932512283325195
1130,9,1,0.5367254018783569
1131,5,1,1.2508431673049927
1132,2,1,0.5036362409591675
1133,7,1,0.26447024941444397
1134,3,1,0.33936119079589844
1135,5,1,0.2028714120388031
1136,1,0,-0.09661246836185455
1137,1,0,-0.058857664465904236
1138,2,1,0.7988463640213013
1139,1,0,-0.14929959177970886
1140,4,1,0.7694733738899231
1141,7,1,0.044963955879211426
1142,4,1,0.5205657482147217
1143,7,1,0.7637317180633545
1144,5,1,1.6806343793869019
1145,4,1,1.1421235799789429
1146,5,1,1.128685712814331
1147,4,1,2.581122398376465
1148,0,1,2.5061144828796387
1149,8,1,0.9251683950424194
1150,3,1,0.810078501701355
1151,6,1,0.22921255230903625
1152,9,1,0.4038952589035034
1153,6,1,0.8129851818084717
1154,0,1,2.088719367980957
1155,2,1,0.6524999141693115
1156,7,1,1.5473227500915527
1157,4,1,0.9423160552978516
1158,4,1,1.574562668800354
1159,4,1,0.18546977639198303
1160,4,1,0.45386046171188354
1161,6,1,0.49969667196273804
1162,6,1,1.3418599367141724
1163,4,1,0.413910448551178
1164,7,1,1.2411032915115356
1165,9,1,0.35146641731262207
1166,3,1,0.558750331401825
1167,4,1,0.644088625907898
1168,5,1,0.5151257514953613
1169,5,1,0.5893324613571167
1170,8,1,2.3499603271484375
1171,7,1,0.20039480924606323
1172,3,1,0.43890541791915894
1173,7,1,0.582805871963501
1174,2,1,0.65473473072052
1175,7,1,0.6016775369644165
1176,0,1,0.3446091413497925
1177,2,1,0.5686514377593994
1178,4,1,0.5037686824798584
1179,1,0,-0.0457683801651001
1180,1,0,-0.14462241530418396
1181,6,1,-0.007212921977043152
1182,6,1,0.5933626890182495
1183,9,1,0.5712566375732422
1184,2,1,-0.005969390273094177
1185,8,1,0.48770248889923096
1186,7,1,1.392879605293274
1187,2,1,1.84349524974823
1188,0,1,1.9201232194900513
1189,1,0,-0.09182080626487732
1190,5,1,2.096816062927246
1191,0,1,1.1722577810287476
1192,9,1,0.634945273399353
1193,1,0,-0.057861506938934326
1194,7,1,0.2748626470565796
1195,0,1,1.4994062185287476
1196,6,1,0.1675637662410736
1197,0,1,0.2742428779602051
1198,8,1,0.8028193712234497
1199,6,1,0.7601343393325806
1200,8,1,0.8342535495758057
1201,1,0,-0.054802149534225464
1202,8,1,1.1840530633926392
1203,0,1,2.6647720336914062
1204,3,1,0.5296179056167603
1205,3,1,0.4804444909095764
1206,7,1,0.06750255823135376
1207,2,1,0.7468711137771606
1208,3,1,0.20272356271743774
1209,6,1,0.3146620988845825
1210,2,1,0.6140040159225464
1211,1,0,-0.14001815021038055
1212,6,1,0.17044615745544434
1213,1,0,-0.06742855906486511
1214,1,0,-0.08923107385635376
1215,3,1,0.4203885793685913
1216,7,1,0.9264109134674072
1217,9,1,-0.0804259181022644
1218,0,1,4.556187629699707
1219,8,1,0.33006536960601807
1220,0,1,4.810861587524414
1221,5,1,0.7723057270050049
1222,4,1,1.231387734413147
1223,0,1,3.940202236175537
1224,2,1,0.7951080799102783
1225,8,1,1.3183730840682983
1226,7,1,0.463142991065979
1227,2,1,0.21604856848716736
1228,9,1,0.47169846296310425
1229,8,1,0.9360921382904053
1230,4,1,1.0411657094955444
1231,0,1,2.857522487640381
1232,9,1,0.3037183880805969
1233,5,1,0.7126973271369934
1234,8,1,0.9195058345794678
1235,5,1,1.388907551765442
1236,1,0,-0.14201860129833221
1237,2,1,0.4715602993965149
1238,1,0,-0.019961297512054443
1239,3,1,0.18514150381088257
1240,1,0,-0.0324859619140625
1241,7,1,0.3581625819206238
1242,4,1,0.21040260791778564
1243,5,1,0.4981048107147217
1244,7,1,0.06338033080101013
1245,2,1,0.43141794204711914
1246,0,1,2.4319353103637695
1247,9,1,1.3991568088531494
1248,8,1,0.9788187742233276
1249,8,1,1.0536810159683228
1250,6,1,-0.013923883438110352
1251,2,1,1.1380316019058228
1252,5,1,2.573303699493408
1253,4,1,1.5219165086746216
1254,1,0,-0.13305100798606873
1255,9,1,0.5010285973548889
1256,2,1,1.485299825668335
1257,1,0,-0.12989144027233124
1258,5,1,1.1867750883102417
1259,8,1,2.0767107009887695
1260,7,1,0.09933090209960938
1261,0,1,2.3591856956481934
1262,2,1,0.2751178741455078
1263,4,1,0.6704543828964233
1264,4,1,0.6650695204734802
1265,3,1,1.0810092687606812
1266,6,1,1.5510778427124023
1267,8,1,0.6681830883026123
1268,8,1,0.8718825578689575
1269,2,1,0.3809066414833069
1270,4,1,0.13973432779312134
1271,0,1,4.547123432159424
1272,5,1,1.1577987670898438
1273,0,1,0.6287840604782104
1274,4,1,0.8868132829666138
1275,4,1,0.9420047998428345
1276,7,1,0.29549700021743774
1277,9,1,0.3803808093070984
1278,3,1,0.8344032764434814
1279,4,1,0.6828603148460388
1280,1,0,-0.05238783359527588
1281,5,1,1.715614914894104
1282,9,1,0.9493769407272339
1283,7,1,0.38253694772720337
1284,3,1,0.903618574142456
1285,5,1,0.42534273862838745
1286,8,1,0.12331175804138184
1287,8,1,0.5469815731048584
1288,0,1,0.33685582876205444
1289,5,1,0.11009207367897034
1290,3,1,0.2703687846660614
1291,3,1,1.6707173585891724
1292,6,1,0.9801708459854126
1293,6,1,1.3118820190429688
1294,0,1,2.5136923789978027
1295,1,0,-0.12870706617832184
1296,6,1,0.36910390853881836
1297,0,1,3.9061989784240723
1298,3,1,0.47142112255096436
1299,5,1,1.4905349016189575
1300,4,1,0.6824796199798584
1301,4,1,0.5243750810623169
1302,1,0,-0.13146817684173584
1303,2,1,1.1331392526626587
1304,9,1,0.5134430527687073
1305,1,0,-0.14727629721164703
1306,4,1,0.7323026657104492
1307,6,1,0.9647754430770874
1308,9,1,1.196872353553772
1309,9,1,0.8004738092422485
1310,3,1,0.28593188524246216
1311,9,1,0.5562046766281128
1312,8,1,1.0151530504226685
1313,4,1,0.8929592370986938
1314,4,1,1.1448405981063843
1315,3,1,0.411781907081604
1316,1,0,-0.16136552393436432
1317,3,1,0.6165698170661926
1318,1,0,-0.14142844080924988
1319,8,1,0.8562426567077637
1320,8,1,0.0195605605840683
1321,7,1,0.08468666672706604
1322,9,1,0.6322023868560791
1323,4,1,0.9327031373977661
1324,8,1,0.19108569622039795
1325,8,1,1.5526403188705444
1326,7,1,0.06742513179779053
1327,9,1,1.1211466789245605
1328,7,1,1.483537197113037
1329,1,0,-0.13967552781105042
1330,4,1,0.6907854080200195
1331,5,1,1.2777336835861206
1332,6,1,3.2028608322143555
1333,0,1,3.061277389526367
1334,5,1,1.1693708896636963
1335,2,1,0.3296487331390381
1336,2,1,0.3022235035896301
1337,2,1,1.4381121397018433
1338,1,0,-0.17420753836631775
1339,5,1,1.4458221197128296
1340,5,1,1.806395173072815
1341,2,1,0.49450361728668213
1342,4,1,0.9881458282470703
1343,9,1,0.7480432987213135
1344,6,1,0.12644606828689575
1345,2,1,0.7298622131347656
1346,7,1,0.1341254711151123
1347,7,1,0.5575953125953674
1348,2,1,1.745834469795227
1349,2,1,0.37324845790863037
1350,1,0,-0.11716274917125702
1351,1,0,-0.1679762452840805
1352,2,1,1.8931957483291626
1353,8,1,0.39305853843688965
1354,3,1,0.13607648015022278
1355,7,1,0.23471781611442566
1356,2,1,0.6137353777885437
1357,4,1,1.2120604515075684
1358,1,0,0.012914702296257019
1359,7,1,0.5653058290481567
1360,1,0,-0.036685675382614136
1361,7,1,0.16638168692588806
1362,6,1,0.9918859004974365
1363,7,1,1.128882646560669
1364,8,1,1.0504883527755737
1365,2,1,0.25148293375968933
1366,7,1,0.04990926384925842
1367,3,1,0.15204033255577087
1368,1,0,0.5013575553894043
1369,7,1,0.5647789239883423
1370,5,1,1.187349557876587
1371,8,1,1.4809502363204956
1372,2,1,0.24777841567993164
1373,6,1,0.6943337917327881
1374,2,1,1.100058674812317
1375,2,1,1.1985658407211304
1376,5,1,1.0070394277572632
1377,6,1,1.70443856716156
1378,5,1,0.5605545043945312
1379,0,1,4.881438255310059
1380,9,1,0.4946686029434204
1381,2,1,0.9200161695480347
1382,4,1,0.8071969747543335
1383,3,1,0.6123517751693726
1384,3,1,0.2726600766181946
1385,9,1,0.1380266547203064
1386,7,1,1.855230450630188
1387,6,1,0.5959850549697876
1388,6,1,1.9333268404006958
1389,8,1,0.8053921461105347
1390,0,1,3.3498330116271973
1391,4,1,0.6475955843925476
1392,1,0,-0.11427408456802368
1393,5,1,0.7136653065681458
1394,8,1,1.5802558660507202
1395,2,1,0.6286072731018066
1396,9,1,0.07789993286132812
1397,1,0,0.0052374303340911865
1398,8,1,0.9320145845413208
1399,0,1,3.1666903495788574
1400,6,1,0.16573935747146606
1401,7,1,1.095452904701233
1402,2,1,0.4108402729034424
1403,1,0,-0.0507064163684845
1404,0,1,0.23128211498260498
1405,5,1,0.5260577201843262
1406,5,1,0.9477852582931519
1407,2,1,0.9201542139053345
1408,0,1,2.088125228881836
1409,2,1,0.2357776165008545
1410,2,1,0.7720049619674683
1411,0,1,2.0839366912841797
1412,2,1,0.5273706912994385
1413,4,1,0.6021710634231567
1414,9,1,0.3613142967224121
1415,8,1,1.2959864139556885
1416,0,1,1.0431804656982422
1417,9,1,0.4090936779975891
1418,9,1,1.1068607568740845
1419,4,1,1.2988938093185425
1420,6,1,0.49182629585266113
1421,5,1,0.6645681262016296
1422,4,1,1.630988597869873
1423,9,1,0.5334790945053101
1424,1,0,-0.0804799497127533
1425,8,1,1.4516557455062866
1426,3,1,0.4949186444282532
1427,4,1,0.8469358682632446
1428,9,1,0.4962525963783264
1429,9,1,0.8013061285018921
1430,1,0,-0.07360491156578064
1431,2,1,0.9392169713973999
1432,2,1,1.186548113822937
1433,8,1,0.025471210479736328
1434,1,0,-0.04990667104721069
1435,9,1,0.6099315881729126
1436,6,1,0.1887308955192566
1437,4,1,0.37312525510787964
1438,0,1,1.6037031412124634
1439,9,1,-0.09225606918334961
1440,4,1,1.0554393529891968
1441,8,1,0.5937315225601196
1442,3,1,0.2816178798675537
1443,8,1,0.8765528202056885
1444,6,1,1.8472017049789429
1445,0,1,2.7214465141296387
1446,2,1,0.5593430995941162
1447,5,1,0.6757354736328125
1448,1,0,-0.13518553972244263
1449,9,1,0.9546583890914917
1450,6,1,2.802600383758545
1451,2,1,0.42453533411026
1452,9,1,0.3648647665977478
1453,4,1,0.11643576622009277
1454,0,1,1.576271891593933
1455,9,1,0.05963319540023804
1456,6,1,1.359688401222229
1457,0,1,4.48991584777832
1458,6,1,1.68386709690094
1459,2,1,0.18859046697616577
1460,5,1,1.3630484342575073
1461,4,1,1.5294831991195679
1462,2,1,1.9232808351516724
1463,3,1,1.8099769353866577
1464,8,1,0.5655605792999268
1465,4,1,0.3654773235321045
1466,5,1,2.018996238708496
1467,5,1,0.8979479074478149
1468,0,1,2.9554409980773926
1469,3,1,0.21056264638900757
1470,8,1,0.40618741512298584
1471,5,1,0.5583895444869995
1472,3,1,0.7638906240463257
1473,5,1,1.1180216073989868
1474,8,1,0.25280728936195374
1475,6,1,0.0721738338470459
1476,5,1,0.5486207604408264
1477,7,1,0.4997117519378662
1478,6,1,0.06616699695587158
1479,3,1,0.4241318702697754
1480,3,1,0.36309516429901123
1481,9,1,0.8624777793884277
1482,6,1,1.03038489818573
1483,1,0,-0.09166531264781952
1484,1,0,-0.12477704882621765
1485,2,1,0.7370976805686951
1486,9,1,0.7827197313308716
1487,0,1,4.311925411224365
1488,4,1,1.031715750694275
1489,3,1,0.8318252563476562
1490,3,1,0.5593801736831665
1491,6,1,1.122233510017395
1492,9,1,1.130547046661377
1493,5,1,1.5885082483291626
1494,7,1,1.9332627058029175
1495,3,1,0.23447471857070923
1496,7,1,0.8133870363235474
1497,7,1,0.6443681716918945
1498,7,1,0.8088836669921875
1499,8,1,1.197357177734375
1500,7,1,0.04951351881027222
1501,9,1,0.6433839797973633
1502,8,1,0.1483646035194397
1503,3,1,0.6318507194519043
1504,0,1,2.8620810508728027
1505,7,1,0.22873085737228394
1506,2,1,0.5064549446105957
1507,7,1,0.035232990980148315
1508,9,1,0.27434706687927246
1509,4,1,1.0223439931869507
1510,5,1,1.0012258291244507
1511,4,1,1.9182785749435425
1512,9,1,0.39707642793655396
1513,3,1,0.7339319586753845
1514,2,1,0.8285223245620728
1515,1,0,-0.15161779522895813
1516,4,1,0.7803323268890381
1517,0,1,3.1621694564819336
1518,2,1,1.1115180253982544
1519,3,1,0.6398699283599854
1520,7,1,0.6074440479278564
1521,5,1,1.4660252332687378
1522,7,1,0.6638902425765991
1523,8,1,0.45264124870300293
1524,8,1,0.5073567628860474
1525,5,1,2.5219993591308594
1526,0,1,5.582642555236816
1527,1,0,0.045340776443481445
1528,1,0,-0.11550940573215485
1529,4,1,2.0253472328186035
1530,8,1,0.5373917818069458
1531,3,1,0.47572553157806396
1532,9,1,0.6025055050849915
1533,0,1,1.1646558046340942
1534,0,1,0.6669606566429138
1535,0,1,1.3054543733596802
1536,6,1,1.2772318124771118
1537,6,1,0.5388468503952026
1538,2,1,0.29759448766708374
1539,3,1,0.12487351894378662
1540,7,1,1.5472679138183594
1541,8,1,0.3934319019317627
1542,4,1,0.9410380125045776
1543,7,1,0.4296635389328003
1544,7,1,0.5962103009223938
1545,9,1,1.272286057472229
1546,2,1,0.2424616813659668
1547,4,1,0.4626678228378296
1548,1,0,-0.1416540890932083
1549,4,1,0.3591572642326355
1550,5,1,0.5987306833267212
1551,2,1,0.4412987232208252
1552,4,1,0.5363138914108276
1553,9,1,0.21560093760490417
1554,9,1,0.26643213629722595
1555,1,0,-0.16603049635887146
1556,8,1,2.020796775817871
1557,4,1,0.38253623247146606
1558,0,1,1.3031001091003418
1559,9,1,0.2841946482658386
1560,8,1,0.3587675094604492
1561,4,1,0.8819799423217773
1562,8,1,1.3744078874588013
1563,7,1,0.3339947462081909
1564,7,1,0.3930383324623108
1565,0,1,1.6299948692321777
1566,7,1,0.22751110792160034
1567,8,1,1.290309190750122
1568,8,1,0.8115749359130859
1569,6,1,1.9129496812820435
1570,0,1,3.061356544494629
1571,4,1,0.3526458740234375
1572,8,1,0.2773923873901367
1573,8,1,0.40107882022857666
1574,2,1,1.713555097579956
1575,4,1,0.473194420337677
1576,7,1,0.336162805557251
1577,6,1,0.7929112911224365
1578,6,1,0.5068569779396057
1579,6,1,0.29048097133636475
1580,4,1,0.4707702398300171
1581,7,1,0.12267333269119263
1582,1,0,-0.12192492932081223
1583,8,1,0.34806346893310547
1584,8,1,1.1496294736862183
1585,2,1,0.6989579200744629
1586,3,1,0.0943303108215332
1587,6,1,0.6111306548118591
1588,3,1,0.6225864291191101
1589,0,1,3.5374021530151367
1590,0,1,1.5125539302825928
1591,3,1,0.3675966262817383
1592,7,1,0.12007442116737366
1593,6,1,0.750144362449646
1594,9,1,0.5111669898033142
1595,7,1,0.42391490936279297
1596,9,1,0.39645916223526
1597,9,1,0.335766077041626
1598,5,1,1.9966458082199097
1599,4,1,0.679635763168335
1600,3,1,0.417491614818573
1601,3,1,0.3120814561843872
1602,6,1,0.2715991139411926
1603,1,0,-0.16828380525112152
1604,2,1,0.5270578861236572
1605,3,1,0.8376165628433228
1606,7,1,0.8006160259246826
1607,3,1,0.0019631385803222656
1608,3,1,0.08268076181411743
1609,2,1,1.067360520362854
1610,0,1,3.8431568145751953
1611,3,1,0.5922463536262512
1612,3,1,0.546053946018219
1613,8,1,0.5842905044555664
1614,4,1,0.5521057844161987
1615,3,1,1.645660400390625
1616,6,1,2.068739414215088
1617,3,1,1.3513377904891968
1618,5,1,1.1483200788497925
1619,0,1,2.658452033996582
1620,2,1,0.1943170428276062
1621,0,1,1.9721702337265015
1622,9,1,0.4413594603538513
1623,0,1,4.254845142364502
1624,7,1,0.1565181016921997
1625,4,1,0.6768001317977905
1626,6,1,0.45150697231292725
1627,9,1,1.2857104539871216
1628,3,1,0.31747639179229736
1629,5,1,1.2333711385726929
1630,1,0,-0.15212607383728027
1631,9,1,0.29871129989624023
1632,6,1,0.5282860398292542
1633,1,0,-0.1630217283964157
1634,4,1,0.034554868936538696
1635,5,1,0.5125565528869629
1636,4,1,0.5472086071968079
1637,5,1,0.1166081428527832
1638,0,1,0.27603304386138916
1639,5,1,1.0988290309906006
1640,9,1,1.422453761100769
1641,5,1,1.939003825187683
1642,2,1,0.6501661539077759
1643,1,0,-0.10467520356178284
1644,2,1,0.4175453186035156
1645,9,1,0.8360978364944458
1646,1,0,-0.07566286623477936
1647,9,1,0.36172807216644287
1648,9,1,0.3844341039657593
1649,4,1,0.8928045034408569
1650,0,1,2.7849812507629395
1651,8,1,0.5566064119338989
1652,4,1,0.7866320610046387
1653,5,1,0.42720234394073486
1654,2,1,0.19909611344337463
1655,9,1,1.245813250541687
1656,2,1,0.8693042993545532
1657,1,0,-0.009048253297805786
1658,2,1,0.869217038154602
1659,1,0,-0.06357353925704956
1660,7,1,0.04100415110588074
1661,3,1,0.41232460737228394
1662,6,1,1.0421446561813354
1663,8,1,1.5149545669555664
1664,8,1,0.267897367477417
1665,4,1,0.6175037622451782
1666,9,1,0.46298861503601074
1667,1,0,-0.1749701201915741
1668,9,1,0.49883365631103516
1669,8,1,0.7318783402442932
1670,5,1,0.9494301080703735
1671,7,1,1.0708717107772827
1672,5,1,0.9845494031906128
1673,1,0,-0.08452263474464417
1674,1,0,-0.09458377957344055
1675,8,1,0.38315796852111816
1676,6,1,0.8133467435836792
1677,5,1,1.6258573532104492
1678,2,1,1.7014707326889038
1679,4,1,0.6611052751541138
1680,4,1,0.6426471471786499
1681,3,1,0.8093514442443848
1682,2,1,1.4516549110412598
1683,3,1,0.6870642900466919
1684,5,1,0.6469094753265381
1685,6,1,0.8286033868789673
1686,8,1,0.6537767052650452
1687,8,1,0.15228241682052612
1688,6,1,-0.07837978005409241
1689,2,1,0.27321338653564453
1690,3,1,0.5238246321678162
1691,1,0,0.016742125153541565
1692,0,1,4.551237106323242
1693,5,1,0.4191502332687378
1694,8,1,0.21353676915168762
1695,9,1,0.0653502345085144
1696,2,1,0.22412782907485962
1697,9,1,0.22422462701797485
1698,6,1,1.8873399496078491
1699,7,1,0.600803792476654
1700,0,1,4.069027900695801
1701,4,1,0.2764734625816345
1702,8,1,0.3856238126754761
1703,7,1,0.9284491539001465
1704,1,0,-0.06708373129367828
1705,7,1,0.5215372443199158
1706,4,1,0.39866769313812256
1707,1,0,-0.040456801652908325
1708,0,1,4.2532548904418945
1709,9,1,1.1964744329452515
1710,7,1,0.060011327266693115
1711,2,1,0.4260060787200928
1712,0,1,3.9295830726623535
1713,0,1,3.545224189758301
1714,9,1,0.4414854645729065
1715,1,0,-0.11781172454357147
1716,7,1,0.2697664797306061
1717,8,1,2.8915772438049316
1718,7,1,0.7616820335388184
1719,8,1,0.6195906400680542
1720,4,1,1.8473652601242065
1721,7,1,0.23274528980255127
1722,2,1,0.570709228515625
1723,0,1,2.4624276161193848
1724,4,1,1.647740125656128
1725,6,1,0.04945841431617737
1726,0,1,4.15988826751709
1727,3,1,0.4613616466522217
1728,1,0,-0.10271134972572327
1729,1,0,-0.11633899807929993
1730,3,1,0.40538495779037476
1731,3,1,0.662944495677948
1732,9,1,1.3782294988632202
1733,6,1,2.644667148590088
1734,7,1,3.151212692260742
1735,4,1,0.7785872220993042
1736,1,0,-0.15252617001533508
1737,5,1,0.729452908039093
1738,3,1,0.2906692624092102
1739,0,1,1.782103419303894
1740,8,1,0.22185003757476807
1741,7,1,0.06878706812858582
1742,3,1,0.21527865529060364
1743,9,1,0.6295013427734375
1744,6,1,0.7350107431411743
1745,9,1,0.2339356243610382
1746,3,1,0.4311490058898926
1747,5,1,0.9961953163146973
1748,0,1,1.3430557250976562
1749,2,1,1.5979384183883667
1750,7,1,0.4661736488342285
1751,4,1,0.15753024816513062
1752,5,1,1.1679998636245728
1753,1,0,-0.15063248574733734
1754,7,1,0.3311643600463867
1755,5,1,0.36794114112854004
1756,8,1,0.7413969039916992
1757,0,1,1.2772523164749146
1758,8,1,2.449596405029297
1759,8,1,0.41384243965148926
1760,1,0,-0.10106907784938812
1761,5,1,0.6790941953659058
1762,0,1,1.9425486326217651
1763,3,1,0.08612421154975891
1764,0,1,2.066911220550537
1765,3,1,1.4539755582809448
1766,1,0,0.047394633293151855
1767,4,1,0.41718482971191406
1768,0,1,3.2191319465637207
1769,3,1,0.13318872451782227
1770,7,1,0.49159061908721924
1771,2,1,0.6465129852294922
1772,7,1,1.6796146631240845
1773,1,0,-0.029919058084487915
1774,8,1,0.24701377749443054
1775,0,1,4.101008892059326
1776,7,1,0.09492287039756775
1777,0,1,3.587820529937744
1778,4,1,1.0947449207305908
1779,3,1,0.27205339074134827
1780,1,0,-0.12926122546195984
1781,9,1,0.4881855249404907
1782,8,1,2.1000099182128906
1783,7,1,0.8788186311721802
1784,7,1,0.27494025230407715
1785,1,0,-0.10066667199134827
1786,4,1,0.44390493631362915
1787,9,1,0.7305190563201904
1788,9,1,0.5000650882720947
1789,3,1,0.5315669775009155
1790,2,1,0.8016208410263062
1791,1,0,-0.040005043148994446
1792,7,1,0.600418210029602
1793,9,1,1.6396784782409668
1794,0,1,2.738905429840088
1795,2,1,0.46559596061706543
1796,0,1,3.7770771980285645
1797,3,1,0.6593095064163208
1798,3,1,0.6185088157653809
1799,7,1,0.39023321866989136
1800,6,1,1.0964339971542358
1801,9,1,2.5547914505004883
1802,2,1,0.5893781185150146
1803,3,1,0.469684362411499
1804,3,1,0.8362846374511719
1805,7,1,2.063218116760254
1806,7,1,0.06408533453941345
1807,0,1,3.013497829437256
1808,0,1,1.3348097801208496
1809,7,1,0.06276524066925049
1810,5,1,2.9015908241271973
1811,2,1,0.8047980070114136
1812,9,1,0.64488685131073
1813,8,1,3.477731704711914
1814,7,1,0.34727054834365845
1815,4,1,1.1164911985397339
1816,4,1,1.1954702138900757
1817,2,1,0.9747563600540161
1818,6,1,0.21707600355148315
1819,6,1,0.8742890357971191
1820,1,0,-0.12360644340515137
1821,9,1,0.7021379470825195
1822,6,1,0.6852535605430603
1823,8,1,0.175367534160614
1824,2,1,0.7304477691650391
1825,9,1,0.203444242477417
1826,0,1,3.519833564758301
1827,8,1,0.46547532081604004
1828,3,1,0.5013155937194824
1829,1,0,-0.05518731474876404
1830,1,0,-0.12440751492977142
1831,6,1,0.8829506635665894
1832,3,1,0.14654541015625
1833,5,1,0.5501486659049988
1834,1,0,-0.11409461498260498
1835,1,0,0.20098233222961426
1836,1,0,-0.08445511758327484
1837,3,1,0.19308042526245117
1838,1,0,-0.08444762229919434
1839,2,1,0.9353573322296143
1840,3,1,1.0107330083847046
1841,0,1,2.138805866241455
1842,2,1,0.5408362150192261
1843,0,1,1.67537260055542
1844,1,0,-0.11023994535207748
1845,3,1,0.631697952747345
1846,5,1,0.5888192057609558
1847,5,1,2.7862772941589355
1848,7,1,0.36573541164398193
1849,4,1,0.704115629196167
1850,8,1,0.17257261276245117
1851,9,1,0.3758796453475952
1852,6,1,0.11095264554023743
1853,9,1,0.6831762194633484
1854,6,1,1.7667350769042969
1855,8,1,0.23012131452560425
1856,3,1,0.7983287572860718
1857,6,1,0.5112910270690918
1858,6,1,0.658717691898346
1859,8,1,1.624845266342163
1860,5,1,0.5153011083602905
1861,1,0,-0.15736126899719238
1862,4,1,0.4678047299385071
1863,2,1,0.6700994968414307
1864,4,1,0.881009578704834
1865,4,1,0.2626265287399292
1866,5,1,1.067106008529663
1867,1,0,-0.10591846704483032
1868,1,0,0.13639336824417114
1869,9,1,0.42677903175354004
1870,0,1,4.010714530944824
1871,2,1,0.16575103998184204
1872,4,1,0.6164418458938599
1873,9,1,0.5256357192993164
1874,5,1,1.4857149124145508
1875,7,1,0.9838485717773438
1876,1,0,-0.060675859451293945
1877,8,1,0.29465770721435547
1878,8,1,0.42389434576034546
1879,5,1,0.2109394073486328
1880,6,1,1.515902042388916
1881,9,1,0.17208555340766907
1882,8,1,1.7346097230911255
1883,7,1,0.8114386796951294
1884,1,0,-0.11051324754953384
1885,1,0,-0.045132607221603394
1886,6,1,0.10293865203857422
1887,7,1,0.6681652069091797
1888,6,1,0.19161251187324524
1889,3,1,0.5632539987564087
1890,2,1,0.3901165723800659
1891,2,1,0.6833337545394897
1892,0,1,4.913763046264648
1893,8,1,0.26285165548324585
1894,9,1,0.1820850372314453
1895,2,1,1.4740053415298462
1896,5,1,2.9408440589904785
1897,1,0,-0.13482773303985596
1898,0,1,5.322016716003418
1899,8,1,1.0306546688079834
1900,1,0,-0.10179106891155243
1901,9,1,0.9678529500961304
1902,5,1,1.2268105745315552
1903,7,1,0.5191037654876709
1904,9,1,0.3282691240310669
1905,6,1,0.2730390429496765
1906,9,1,0.43124663829803467
1907,0,1,2.6309456825256348
1908,6,1,0.21407073736190796
1909,1,0,-0.10734719783067703
1910,5,1,0.9393285512924194
1911,5,1,1.2303534746170044
1912,8,1,0.19059807062149048
1913,3,1,0.39828526973724365
1914,8,1,0.9985631704330444
1915,2,1,0.3055052161216736
1916,6,1,0.008347690105438232
1917,5,1,1.3880531787872314
1918,0,1,1.1293104887008667
1919,7,1,0.3130861520767212
1920,4,1,0.45566225051879883
1921,6,1,1.9027432203292847
1922,1,0,-0.15567314624786377
1923,3,1,1.5703526735305786
1924,4,1,0.4312952756881714
1925,7,1,0.2567194700241089
1926,3,1,1.0088869333267212
1927,2,1,0.10350540280342102
1928,3,1,0.9615257978439331
1929,4,1,0.6129095554351807
1930,2,1,0.38114601373672485
1931,5,1,0.7538779973983765
1932,2,1,0.42307060956954956
1933,7,1,0.3478654623031616
1934,1,0,-0.009946316480636597
1935,7,1,0.07532739639282227
1936,2,1,0.3288125991821289
1937,6,1,0.03697076439857483
1938,4,1,1.4673205614089966
1939,1,0,-0.14233271777629852
1940,5,1,0.993963360786438
1941,7,1,0.9374337196350098
1942,8,1,1.3852626085281372
1943,6,1,0.1696438193321228
1944,0,1,2.696061134338379
1945,1,0,-0.17837131023406982
1946,8,1,1.1867002248764038
1947,2,1,0.3903338313102722
1948,5,1,0.9277433156967163
1949,7,1,0.31892943382263184
1950,7,1,0.3012259006500244
1951,6,1,0.2415153682231903
1952,9,1,0.4005664587020874
1953,3,1,0.24019992351531982
1954,5,1,2.585252285003662
1955,8,1,0.17922762036323547
1956,4,1,0.8012417554855347
1957,2,1,0.42176294326782227
1958,4,1,0.8919636011123657
1959,0,1,1.1035664081573486
1960,8,1,1.6147348880767822
1961,8,1,0.28298938274383545
1962,3,1,0.728498637676239
1963,4,1,0.6126663088798523
1964,9,1,0.7807186841964722
1965,2,1,0.5130836963653564
1966,7,1,0.8704570531845093
1967,5,1,1.0910676717758179
1968,8,1,-0.04135698080062866
1969,6,1,1.389447808265686
1970,5,1,1.4756098985671997
1971,6,1,0.7199377417564392
1972,0,1,2.6014747619628906
1973,8,1,0.49300217628479004
1974,6,1,0.39092206954956055
1975,7,1,1.1283947229385376
1976,3,1,0.2997664213180542
1977,6,1,1.5753099918365479
1978,4,1,1.0824453830718994
1979,9,1,0.7845026254653931
1980,4,1,1.1084898710250854
1981,6,1,0.305935263633728
1982,6,1,0.22785347700119019
1983,3,1,0.30466341972351074
1984,2,1,2.144289970397949
1985,4,1,0.9258213043212891
1986,1,0,-0.11850614845752716
1987,0,1,2.2679576873779297
1988,1,0,-0.03764072060585022
1989,4,1,0.13986778259277344
1990,6,1,0.38692235946655273
1991,2,1,0.6490404009819031
1992,9,1,0.16083171963691711
1993,1,0,-0.12516635656356812
1994,1,0,-0.1456601321697235
1995,0,1,3.98319149017334
1996,6,1,1.0049136877059937
1997,3,1,0.8631662130355835
1998,9,1,0.1392207145690918
1999,5,1,0.5188782811164856
2000,6,1,0.12696412205696106
2001,5,1,2.5772218704223633
2002,6,1,0.47413182258605957
2003,5,1,0.6208189129829407
2004,8,1,1.0330766439437866
2005,4,1,2.4985499382019043
2006,6,1,0.3914757966995239
2007,4,1,0.7661862373352051
2008,3,1,0.19555938243865967
2009,9,1,2.6594672203063965
2010,1,0,-0.08957265317440033
2011,3,1,0.6194326877593994
2012,4,1,0.6621665954589844
2013,1,0,-0.13693878054618835
2014,9,1,0.32057690620422363
2015,1,0,-0.0535120964050293
2016,7,1,0.5755095481872559
2017,1,0,-0.012173324823379517
2018,1,0,-0.06197100877761841
2019,9,1,0.23111364245414734
2020,3,1,0.6506922841072083
2021,5,1,0.8274788856506348
2022,4,1,0.9876782894134521
2023,0,1,4.042226791381836
2024,7,1,1.6788945198059082
2025,3,1,0.22960293292999268
2026,6,1,0.1498832404613495
2027,1,0,-0.09612113237380981
2028,7,1,0.4301875829696655
2029,5,1,1.2922601699829102
2030,5,1,0.8405681848526001
2031,3,1,0.6749456524848938
2032,3,1,0.585229754447937
2033,0,1,1.7299236059188843
2034,1,0,-0.07880373299121857
2035,5,1,-0.010050415992736816
2036,7,1,0.5350304245948792
2037,5,1,1.6495745182037354
2038,8,1,0.1649075746536255
2039,6,1,2.044921398162842
2040,5,1,0.8363739252090454
2041,1,0,-0.07071791589260101
2042,0,1,2.652827262878418
2043,4,1,0.1545563042163849
2044,2,1,2.2154541015625
2045,3,1,0.672990083694458
2046,4,1,0.9312760829925537
2047,6,1,1.7545441389083862
2048,7,1,0.6696993112564087
2049,9,1,0.295126736164093
2050,8,1,0.39288341999053955
2051,1,0,-0.09791144728660583
2052,8,1,0.5573655366897583
2053,4,1,0.2843097448348999
2054,9,1,0.06071829795837402
2055,2,1,1.4475688934326172
2056,8,1,0.15909680724143982
2057,6,1,3.1209611892700195
2058,2,1,0.3740161657333374
2059,7,1,0.09975242614746094
2060,0,1,1.9756633043289185
2061,0,1,1.1303468942642212
2062,6,1,1.4108837842941284
2063,7,1,0.3045074939727783
2064,5,1,0.7901221513748169
2065,8,1,0.28429269790649414
2066,6,1,0.7610008716583252
2067,0,1,0.7750524282455444
2068,9,1,0.8278549909591675
2069,3,1,0.9005852937698364
2070,7,1,0.760751485824585
2071,1,0,-0.062551349401474
2072,3,1,1.903654932975769
2073,5,1,1.589450716972351
2074,4,1,1.2046751976013184
2075,3,1,0.42498743534088135
2076,3,1,0.465240478515625
2077,5,1,0.6527354717254639
2078,5,1,0.30299854278564453
2079,6,1,0.08690667152404785
2080,3,1,1.0692609548568726
2081,0,1,1.1694287061691284
2082,2,1,1.1369925737380981
2083,3,1,0.5333811044692993
2084,4,1,1.5601903200149536
2085,2,1,0.7492866516113281
2086,3,1,0.4023042917251587
2087,0,1,1.5119515657424927
2088,9,1,0.4677136540412903
2089,9,1,0.042553335428237915
2090,4,1,0.09815046191215515
2091,7,1,1.0752488374710083
2092,2,1,0.20385226607322693
2093,8,1,0.27421826124191284
2094,4,1,0.7313548922538757
2095,7,1,0.18661144375801086
2096,0,1,2.889683246612549
2097,6,1,1.1106826066970825
2098,2,1,2.585496425628662
2099,8,1,1.033129334449768
2100,5,1,1.3330130577087402
2101,2,1,0.3625362515449524
2102,8,1,0.628899335861206
2103,5,1,0.7290000319480896
2104,7,1,1.3318933248519897
2105,3,1,0.7901014089584351
2106,0,1,2.1878623962402344
2107,8,1,3.5711545944213867
2108,2,1,0.5595520734786987
2109,3,1,0.22722038626670837
2110,2,1,0.9634577035903931
2111,8,1,0.8084101676940918
2112,2,1,0.5675114989280701
2113,5,1,0.32462453842163086
2114,5,1,1.1293878555297852
2115,7,1,2.281252861022949
2116,6,1,0.5201152563095093
2117,4,1,1.239698052406311
2118,6,1,4.802560329437256
2119,8,1,0.23898431658744812
2120,4,1,0.5440254807472229
2121,8,1,0.05977979302406311
2122,2,1,0.7524080276489258
2123,7,1,0.3599891662597656
2124,4,1,0.9741986989974976
2125,5,1,0.8526426553726196
2126,2,1,0.736533522605896
2127,0,1,2.3538565635681152
2128,3,1,0.6863971948623657
2129,9,1,1.2015886306762695
2130,4,1,0.5471095442771912
2131,6,1,0.6899656653404236
2132,7,1,0.8021842241287231
2133,2,1,0.29901278018951416
2134,5,1,0.717693567276001
2135,6,1,0.6019322872161865
2136,1,0,-0.1115555539727211
2137,1,0,-0.16883109509944916
2138,2,1,0.2845337986946106
2139,3,1,0.6944037675857544
2140,6,1,2.5658483505249023
2141,7,1,0.4568788409233093
2142,8,1,0.5208467245101929
2143,7,1,0.1773890256881714
2144,6,1,1.209574818611145
2145,4,1,2.4793848991394043
2146,8,1,0.7006715536117554
2147,9,1,0.2896116375923157
2148,4,1,0.3256922960281372
2149,8,1,0.5751925110816956
2150,6,1,0.5970286130905151
2151,3,1,0.6541120409965515
2152,8,1,0.403253436088562
2153,3,1,0.053769052028656006
2154,1,0,-0.09315447509288788
2155,0,1,3.2974915504455566
2156,6,1,0.5237575769424438
2157,2,1,0.23702189326286316
2158,2,1,0.526668906211853
2159,5,1,1.4628525972366333
2160,6,1,0.494301438331604
2161,9,1,0.49338412284851074
2162,5,1,1.11504328250885
2163,8,1,0.38905131816864014
2164,1,0,-0.12377169728279114
2165,4,1,1.2989643812179565
2166,1,0,-0.11663542687892914
2167,7,1,0.18912309408187866
2168,8,1,0.4583739638328552
2169,4,1,1.051293969154358
2170,6,1,1.6572562456130981
2171,1,0,-0.012870192527770996
2172,8,1,0.7024393677711487
2173,4,1,0.7729204893112183
2174,3,1,0.09202158451080322
2175,1,0,0.17117851972579956
2176,2,1,0.48983192443847656
2177,8,1,1.337992787361145
2178,0,1,3.122933864593506
2179,8,1,0.16648465394973755
2180,5,1,1.2690101861953735
2181,9,1,0.5040868520736694
2182,1,0,0.33999037742614746
2183,4,1,1.5439226627349854
2184,2,1,0.47613924741744995
2185,0,1,1.2493988275527954
2186,2,1,2.6074109077453613
2187,7,1,0.2342684268951416
2188,0,1,1.6023595333099365
2189,9,1,-0.023512184619903564
2190,0,1,0.9938446283340454
2191,2,1,0.6010753512382507
2192,5,1,1.2313967943191528
2193,7,1,0.8682476282119751
2194,6,1,0.9194011688232422
2195,7,1,0.6926360130310059
2196,9,1,0.1603173315525055
2197,4,1,0.10465240478515625
2198,2,1,0.9193941354751587
2199,6,1,0.26097381114959717
2200,2,1,0.3636344075202942
2201,4,1,0.8792139291763306
2202,4,1,0.47252631187438965
2203,8,1,0.40402472019195557
2204,0,1,1.5261107683181763
2205,4,1,0.7832940816879272
2206,4,1,0.5499517321586609
2207,5,1,1.29081392288208
2208,8,1,0.17787331342697144
2209,0,1,0.9876190423965454
2210,6,1,0.6672657132148743
2211,8,1,0.5957233905792236
2212,9,1,0.5630106329917908
2213,8,1,1.2613263130187988
2214,5,1,1.5162512063980103
2215,6,1,2.868739128112793
2216,9,1,0.4840475916862488
2217,0,1,5.445173263549805
2218,4,1,0.575124979019165
2219,8,1,1.0511497259140015
2220,7,1,0.4306795001029968
2221,1,0,0.002422928810119629
2222,3,1,1.3513224124908447
2223,4,1,0.7335479259490967
2224,5,1,0.6708112359046936
2225,8,1,0.8938504457473755
2226,0,1,1.5685054063796997
2227,9,1,0.6116588115692139
2228,1,0,-0.009498953819274902
2229,3,1,1.3572980165481567
2230,3,1,0.43486613035202026
2231,6,1,1.3231574296951294
2232,9,1,0.17054852843284607
2233,8,1,1.2449349164962769
2234,7,1,0.0880698561668396
2235,1,0,0.0857667326927185
2236,0,1,4.45731258392334
2237,5,1,0.9963204860687256
2238,7,1,0.1545899510383606
2239,1,0,-0.14239749312400818
2240,7,1,1.4190425872802734
2241,5,1,0.3256130814552307
2242,2,1,0.4023217558860779
2243,7,1,0.11613196134567261
2244,9,1,0.04043012857437134
2245,1,0,0.29282820224761963
2246,8,1,0.18595129251480103
2247,5,1,1.3200958967208862
2248,2,1,0.5618648529052734
2249,4,1,0.9746333360671997
2250,9,1,0.026905179023742676
2251,4,1,0.9058154821395874
2252,7,1,0.11071252822875977
2253,2,1,1.900708794593811
2254,2,1,1.2699440717697144
2255,3,1,0.7297928333282471
2256,4,1,0.9401938915252686
2257,9,1,0.6499471664428711
2258,1,0,-0.15428845584392548
2259,9,1,0.9323059320449829
2260,2,1,0.6144753694534302
2261,1,0,-0.1409490704536438
2262,7,1,0.2879239320755005
2263,9,1,1.6270943880081177
2264,4,1,0.699508786201477
2265,4,1,0.9022501707077026
2266,1,0,0.12663793563842773
2267,6,1,0.5728599429130554
2268,7,1,1.612690806388855
2269,2,1,0.400107741355896
2270,7,1,0.40533602237701416
2271,8,1,0.3404414653778076
2272,8,1,2.1219682693481445
2273,1,0,-0.11369043588638306
2274,9,1,0.2685409188270569
2275,7,1,0.08227288722991943
2276,1,0,-0.12442992627620697
2277,1,0,-0.05682156980037689
2278,7,1,0.41671478748321533
2279,5,1,1.8355330228805542
2280,3,1,1.4927278757095337
2281,3,1,0.33583247661590576
2282,5,1,0.4765031337738037
2283,1,0,-0.08741918206214905
2284,3,1,0.872806191444397
2285,7,1,0.4207261800765991
2286,6,1,1.6572237014770508
2287,1,0,-0.14379151165485382
2288,3,1,0.9883028268814087
2289,8,1,0.43237143754959106
2290,7,1,0.714309573173523
2291,5,1,1.470054030418396
2292,9,1,0.9482289552688599
2293,9,1,2.9835453033447266
2294,0,1,4.740642547607422
2295,0,1,4.3981451988220215
2296,2,1,0.06868073344230652
2297,8,1,0.03904026746749878
2298,8,1,0.1865222454071045
2299,2,1,1.087690830230713
2300,3,1,0.8203166723251343
2301,7,1,0.40432238578796387
2302,1,0,-0.12251746654510498
2303,3,1,0.21630722284317017
2304,0,1,3.124760150909424
2305,3,1,0.15461552143096924
2306,4,1,0.5264609456062317
2307,4,1,0.4862448573112488
2308,3,1,0.7219467163085938
2309,8,1,0.411349892616272
2310,9,1,0.6992745399475098
2311,2,1,0.4674884080886841
2312,3,1,0.33036887645721436
2313,9,1,0.707140326499939
2314,7,1,0.5451315641403198
2315,1,0,-0.09745727479457855
2316,1,0,-0.14584900438785553
2317,7,1,0.7134494185447693
2318,0,1,2.4233365058898926
2319,4,1,1.828133225440979
2320,9,1,0.22450658679008484
2321,6,1,1.1925963163375854
2322,5,1,1.0649631023406982
2323,9,1,0.7000231742858887
2324,1,0,-0.15607614815235138
2325,7,1,0.8582929372787476
2326,0,1,2.1363606452941895
2327,2,1,0.17981642484664917
2328,0,1,3.5953917503356934
2329,0,1,2.3499317169189453
2330,4,1,1.064146637916565
2331,6,1,0.600163996219635
2332,7,1,0.5248126983642578
2333,0,1,3.004146099090576
2334,7,1,0.11662277579307556
2335,1,0,-0.1001853197813034
2336,4,1,0.6988717317581177
2337,6,1,2.041792869567871
2338,4,1,0.6149348616600037
2339,5,1,0.7635478973388672
2340,4,1,1.671762228012085
2341,9,1,1.328830599784851
2342,9,1,0.8836724758148193
2343,1,0,-0.05346593260765076
2344,7,1,0.5354653596878052
2345,9,1,0.5436819791793823
2346,5,1,1.4582668542861938
2347,3,1,0.6700505614280701
2348,3,1,-0.054864734411239624
2349,8,1,1.1886540651321411
2350,2,1,0.2990189790725708
2351,3,1,0.93480384349823
2352,6,1,0.9131664037704468
2353,2,1,0.7369915246963501
2354,2,1,0.850908637046814
2355,1,0,-0.1161101907491684
2356,1,0,-0.11008632928133011
2357,1,0,-0.15957769751548767
2358,1,0,-0.06857243180274963
2359,1,0,-0.08346079289913177
2360,6,1,0.8244017362594604
2361,9,1,0.19430139660835266
2362,8,1,-0.01163683831691742
2363,4,1,1.1766752004623413
2364,3,1,0.15665680170059204
2365,7,1,0.7121984958648682
2366,1,0,-0.001954883337020874
2367,6,1,0.1647530496120453
2368,4,1,0.7499065399169922
2369,5,1,1.0602571964263916
2370,0,1,3.4001927375793457
2371,4,1,1.3147183656692505
2372,7,1,1.2619820833206177
2373,4,1,0.9350878000259399
2374,2,1,0.5655315518379211
2375,4,1,0.6561292409896851
2376,0,1,1.9470714330673218
2377,7,1,0.3783196210861206
2378,0,1,3.478891372680664
2379,1,0,-0.06573235988616943
2380,9,1,1.4125574827194214
2381,8,1,0.25067657232284546
2382,8,1,0.3114996552467346
2383,6,1,0.4736008048057556
2384,0,1,1.9779568910598755
2385,0,1,1.8446153402328491
2386,4,1,0.5173604488372803
2387,9,1,-0.02739134430885315
2388,6,1,0.49447882175445557
2389,8,1,0.39663732051849365
2390,2,1,0.4530832767486572
2391,2,1,0.36160826683044434
2392,3,1,0.6136071681976318
2393,8,1,1.7386934757232666
2394,4,1,0.541918933391571
2395,8,1,0.31664109230041504
2396,2,1,1.5633589029312134
2397,2,1,1.399161696434021
2398,1,0,-0.09799368679523468
2399,7,1,0.46572554111480713
2400,5,1,3.924675941467285
2401,4,1,1.3423553705215454
2402,4,1,1.010939598083496
2403,0,1,2.1750521659851074
2404,4,1,0.30958133935928345
2405,3,1,0.6536306142807007
2406,9,1,-0.014980077743530273
2407,7,1,0.5450859069824219
2408,3,1,1.1389808654785156
2409,1,0,-0.13094359636306763
2410,0,1,1.4132577180862427
2411,1,0,-0.17055585980415344
2412,2,1,0.5422365665435791
2413,5,1,2.7386012077331543
2414,9,1,0.09502589702606201
2415,2,1,0.6000757217407227
2416,1,0,-0.12663058936595917
2417,0,1,3.9859533309936523
2418,1,0,-0.1011810302734375
2419,8,1,0.37236493825912476
2420,9,1,1.4064902067184448
2421,1,0,-0.07560843229293823
2422,6,1,1.1047134399414062
2423,8,1,0.5891211628913879
2424,3,1,0.9296420812606812
2425,8,1,0.5680670738220215
2426,9,1,0.5672768354415894
2427,3,1,0.8777843713760376
2428,6,1,0.5742666125297546
2429,2,1,0.884811520576477
2430,8,1,0.6698772311210632
2431,3,1,0.35225850343704224
2432,2,1,1.1290184259414673
2433,2,1,0.08867883682250977
2434,1,0,0.03003215789794922
2435,0,1,4.408134460449219
2436,4,1,1.264011025428772
2437,2,1,0.20525360107421875
2438,9,1,0.13710153102874756
2439,2,1,0.8774255514144897
2440,4,1,1.5684152841567993
2441,3,1,0.5134199261665344
2442,7,1,0.1672152578830719
2443,9,1,0.333068311214447
2444,1,0,-0.04952453076839447
2445,5,1,1.4489268064498901
2446,2,1,0.6527865529060364
2447,4,1,0.4225994944572449
2448,9,1,0.8607789278030396
2449,0,1,1.1406736373901367
2450,3,1,0.0766112208366394
2451,8,1,1.1058770418167114
2452,5,1,2.294675827026367
2453,3,1,0.18154621124267578
2454,6,1,1.005959153175354
2455,0,1,2.6387057304382324
2456,9,1,0.15084189176559448
2457,4,1,0.3668413758277893
2458,6,1,0.7524798512458801
2459,2,1,0.6976885199546814
2460,5,1,0.7175248861312866
2461,0,1,1.4015694856643677
2462,2,1,1.8618425130844116
2463,7,1,0.15180319547653198
2464,4,1,1.054253339767456
2465,6,1,0.7007866501808167
2466,6,1,1.6888421773910522
2467,8,1,0.5786699056625366
2468,6,1,0.556745171546936
2469,6,1,0.7916452884674072
2470,8,1,1.7314249277114868
2471,6,1,0.8226443529129028
2472,9,1,0.10903322696685791
2473,1,0,-0.0017040073871612549
2474,7,1,0.0900525152683258
2475,2,1,0.5498186349868774
2476,5,1,2.3045601844787598
2477,9,1,0.36196231842041016
2478,9,1,0.651077926158905
2479,0,1,5.083079814910889
2480,7,1,0.1612159013748169
2481,2,1,0.18600013852119446
2482,7,1,0.30429577827453613
2483,6,1,0.42332708835601807
2484,7,1,0.0016463100910186768
2485,0,1,4.398698329925537
2486,6,1,0.9960874319076538
2487,5,1,0.6975361704826355
2488,2,1,1.4113552570343018
2489,4,1,1.512273907661438
2490,7,1,0.08991298079490662
2491,2,1,0.5682472586631775
2492,0,1,2.259247303009033
2493,9,1,0.32419437170028687
2494,9,1,0.33488917350769043
2495,2,1,0.48585885763168335
2496,2,1,0.6671640276908875
2497,9,1,0.3490334749221802
2498,4,1,1.299660325050354
2499,4,1,0.636985182762146
2500,2,1,0.18051666021347046
2501,3,1,0.3229740858078003
2502,3,1,1.314432978630066
2503,2,1,1.1739901304244995
2504,1,0,-0.07883113622665405
2505,7,1,2.243316173553467
2506,0,1,1.7947815656661987
2507,7,1,0.13174647092819214
2508,6,1,0.9060662984848022
2509,4,1,1.7044798135757446
2510,1,0,0.006325513124465942
2511,3,1,0.5674792528152466
2512,8,1,0.706305205821991
2513,7,1,0.25186628103256226
2514,4,1,0.6355957984924316
2515,5,1,1.268988847732544
2516,9,1,1.2282356023788452
2517,2,1,0.6334713101387024
2518,5,1,1.7626872062683105
2519,1,0,-0.08755931258201599
2520,8,1,0.09188070893287659
2521,7,1,1.3137720823287964
2522,3,1,0.37538468837738037
2523,7,1,0.3724418878555298
2524,1,0,-0.049150243401527405
2525,5,1,0.30412977933883667
2526,5,1,0.4444141983985901
2527,0,1,2.1636409759521484
2528,9,1,0.20575106143951416
2529,1,0,-0.06962807476520538
2530,4,1,0.5115641951560974
2531,0,1,3.8733019828796387
2532,6,1,1.3722314834594727
2533,3,1,0.043997108936309814
2534,3,1,0.8065158128738403
2535,6,1,2.8437023162841797
2536,0,1,2.630134105682373
2537,4,1,0.650031566619873
2538,9,1,0.8803473711013794
2539,7,1,0.11028963327407837
2540,5,1,1.8739928007125854
2541,1,0,-0.1241556704044342
2542,6,1,2.5785398483276367
2543,8,1,0.12174737453460693
2544,9,1,0.34371262788772583
2545,5,1,1.5945911407470703
2546,5,1,1.2583266496658325
2547,7,1,0.14833778142929077
2548,9,1,0.34267711639404297
2549,3,1,0.2315284013748169
2550,8,1,0.5501126646995544
2551,3,1,1.047378659248352
2552,8,1,0.43084919452667236
2553,1,0,-0.1370489001274109
2554,5,1,0.21130162477493286
2555,3,1,0.2481083869934082
2556,5,1,1.3038090467453003
2557,0,1,1.1719677448272705
2558,5,1,0.6658046245574951
2559,5,1,0.4215061068534851
2560,3,1,0.9405587911605835
2561,8,1,0.7735506296157837
2562,6,1,0.04404550790786743
2563,7,1,0.6690842509269714
2564,7,1,0.004071295261383057
2565,7,1,0.7969409227371216
2566,3,1,0.1488988995552063
2567,7,1,0.04284191131591797
2568,0,1,3.9545297622680664
2569,5,1,1.8846532106399536
2570,9,1,0.7710137367248535
2571,0,1,2.1777186393737793
2572,2,1,0.4438626170158386
2573,5,1,0.18222913146018982
2574,5,1,1.9925092458724976
2575,3,1,0.6045670509338379
2576,1,0,-0.07117235660552979
2577,7,1,0.2678850293159485
2578,7,1,-0.07094025611877441
2579,8,1,0.634889543056488
2580,6,1,0.43056440353393555
2581,5,1,0.6643613576889038
2582,9,1,0.22996985912322998
2583,3,1,1.3659942150115967
2584,8,1,0.8219883441925049
2585,9,1,0.4953819513320923
2586,5,1,0.5254490375518799
2587,3,1,1.1180087327957153
2588,7,1,2.853271007537842
2589,9,1,2.5527749061584473
2590,1,0,-0.11511784791946411
2591,7,1,0.3252093195915222
2592,0,1,3.1034836769104004
2593,0,1,3.4126381874084473
2594,3,1,0.4324190616607666
2595,7,1,0.55903160572052
2596,2,1,0.4199768900871277
2597,5,1,1.1045595407485962
2598,8,1,0.24917161464691162
2599,1,0,-0.04617474973201752
2600,8,1,0.7173416614532471
2601,6,1,1.2841063737869263
2602,2,1,0.5592668056488037
2603,9,1,0.24828284978866577
2604,5,1,0.7708296775817871
2605,7,1,0.7441312074661255
2606,5,1,0.8909014463424683
2607,7,1,0.17542356252670288
2608,8,1,0.07341927289962769
2609,6,1,0.6305294036865234
2610,2,1,1.1546837091445923
2611,5,1,0.2494499683380127
2612,1,0,-0.11798304319381714
2613,4,1,1.075090765953064
2614,8,1,0.6843405961990356
2615,4,1,0.6150246858596802
2616,5,1,1.4905732870101929
2617,8,1,0.2240704894065857
2618,3,1,0.5025985240936279
2619,0,1,1.737145185470581
2620,6,1,0.43979811668395996
2621,2,1,1.2014800310134888
2622,7,1,0.20239540934562683
2623,3,1,0.10781410336494446
2624,3,1,0.3936498761177063
2625,2,1,0.3417055606842041
2626,1,0,0.01677103340625763
2627,0,1,3.895975112915039
2628,7,1,0.341497004032135
2629,3,1,0.696366548538208
2630,4,1,0.9196330308914185
2631,0,1,1.04056978225708
2632,3,1,1.5975314378738403
2633,9,1,0.04879730939865112
2634,3,1,0.3357453942298889
2635,2,1,0.5519923567771912
2636,8,1,3.376945972442627
2637,9,1,0.8067977428436279
2638,0,1,3.3636693954467773
2639,3,1,0.5178652405738831
2640,8,1,0.641154408454895
2641,0,1,3.1304221153259277
2642,7,1,0.5177316069602966
2643,6,1,0.35950779914855957
2644,5,1,0.3822212219238281
2645,4,1,0.7521448135375977
2646,7,1,0.19548720121383667
2647,3,1,0.010432019829750061
2648,9,1,0.9942830801010132
2649,0,1,2.1192731857299805
2650,8,1,0.47471916675567627
2651,6,1,0.28446149826049805
2652,2,1,0.6682575345039368
2653,5,1,1.6240376234054565
2654,6,1,0.012110531330108643
2655,1,0,-0.12091945111751556
2656,0,1,3.58668851852417
2657,0,1,2.9845046997070312
2658,4,1,0.9155067205429077
2659,4,1,0.3694576025009155
2660,0,1,3.3089146614074707
2661,1,0,-0.08282524347305298
2662,2,1,0.4337388277053833
2663,3,1,0.8679921627044678
2664,2,1,1.1580075025558472
2665,7,1,0.3963315486907959
2666,7,1,0.15180933475494385
2667,8,1,1.225532054901123
2668,5,1,2.0184950828552246
2669,2,1,0.7536147236824036
2670,5,1,1.577117919921875
2671,7,1,0.5121927261352539
2672,6,1,0.9476367235183716
2673,9,1,0.26135480403900146
2674,1,0,0.04894489049911499
2675,4,1,1.0629926919937134
2676,1,0,0.052621662616729736
2677,6,1,0.26569750905036926
2678,4,1,0.5695657730102539
2679,2,1,0.6379138231277466
2680,4,1,1.0434885025024414
2681,3,1,0.13235929608345032
2682,5,1,0.31128108501434326
2683,4,1,0.5079362392425537
2684,3,1,0.9424830675125122
2685,9,1,0.17639943957328796
2686,5,1,2.1245694160461426
2687,0,1,4.471251964569092
2688,1,0,-0.1612616777420044
2689,5,1,0.9805511236190796
2690,3,1,0.226581871509552
2691,8,1,0.13691037893295288
2692,9,1,0.3494243621826172
2693,1,0,-0.14379280805587769
2694,9,1,0.54573655128479
2695,7,1,0.6241401433944702
2696,9,1,1.0582646131515503
2697,5,1,2.2602667808532715
2698,5,1,0.32822781801223755
2699,2,1,0.5497773885726929
2700,7,1,0.5124849081039429
2701,4,1,0.6395517587661743
2702,6,1,2.3147902488708496
2703,0,1,3.5866026878356934
2704,1,0,-0.011876523494720459
2705,1,0,0.050322502851486206
2706,1,0,-0.089124396443367
2707,0,1,3.2452101707458496
2708,4,1,0.5744404792785645
2709,4,1,0.3632538914680481
2710,7,1,0.6996711492538452
2711,6,1,1.7253179550170898
2712,3,1,0.28228920698165894
2713,0,1,0.4524390697479248
2714,0,1,3.9716897010803223
2715,4,1,0.46199238300323486
2716,3,1,0.22360894083976746
2717,0,1,3.111886501312256
2718,6,1,0.5952329635620117
2719,1,0,-0.07475386559963226
2720,9,1,0.1492847502231598
2721,6,1,1.5929733514785767
2722,1,0,-0.11418236792087555
2723,3,1,1.6227129697799683
2724,8,1,0.5724345445632935
2725,1,0,-0.1436661332845688
2726,2,1,0.6553010940551758
2727,5,1,0.7227590680122375
2728,6,1,2.540733814239502
2729,2,1,0.38179123401641846
2730,7,1,0.1738336682319641
2731,3,1,0.1829785406589508
2732,6,1,0.34722959995269775
2733,0,1,0.7099438905715942
2734,1,0,-0.0662979781627655
2735,9,1,0.833976149559021
2736,7,1,0.4117289185523987
2737,6,1,1.2606431245803833
2738,6,1,0.9352201223373413
2739,8,1,0.18798333406448364
2740,9,1,0.06729015707969666
2741,2,1,0.6753123998641968
2742,9,1,0.4817984700202942
2743,5,1,0.345154345035553
2744,8,1,0.9726494550704956
2745,3,1,0.3787045478820801
2746,1,0,-0.0858655571937561
2747,0,1,2.2576656341552734
2748,0,1,1.9341148138046265
2749,7,1,1.8656655550003052
2750,6,1,0.4554603695869446
2751,6,1,0.7305024266242981
2752,2,1,1.0358240604400635
2753,1,0,-0.07045497000217438
2754,6,1,2.0876259803771973
2755,9,1,0.6560642719268799
2756,3,1,0.39842212200164795
2757,1,0,-0.0812811553478241
2758,8,1,1.6832878589630127
2759,6,1,0.983413815498352
2760,9,1,0.027946889400482178
2761,0,1,2.040478229522705
2762,6,1,0.4714427590370178
2763,0,1,2.409031867980957
2764,0,1,2.1804518699645996
2765,0,1,2.686863899230957
2766,6,1,1.2641977071762085
2767,3,1,0.6646480560302734
2768,5,1,1.7097712755203247
2769,9,1,0.622717022895813
2770,3,1,0.4108569622039795
2771,4,1,0.6445014476776123
2772,5,1,0.33757472038269043
2773,5,1,1.5582482814788818
2774,8,1,1.19318687915802
2775,5,1,0.8873862028121948
2776,3,1,0.2651393413543701
2777,0,1,2.3106207847595215
2778,4,1,0.5172712802886963
2779,0,1,5.01196813583374
2780,2,1,1.156312346458435
2781,9,1,0.6326060891151428
2782,6,1,1.3869614601135254
2783,8,1,0.5403963327407837
2784,2,1,0.873735785484314
2785,3,1,0.596389889717102
2786,1,0,-0.06851738691329956
2787,2,1,0.5374355316162109
2788,1,0,-0.04815921187400818
2789,1,0,-0.01068258285522461
2790,5,1,3.036445140838623
2791,6,1,1.872623324394226
2792,9,1,0.32781845331192017
2793,8,1,0.6372566819190979
2794,0,1,2.3381800651550293
2795,6,1,1.0346952676773071
2796,6,1,0.2177206575870514
2797,5,1,1.3466877937316895
2798,5,1,1.3863710165023804
2799,3,1,0.3709288239479065
2800,8,1,1.453835368156433
2801,6,1,2.443723678588867
2802,2,1,2.4407129287719727
2803,1,0,-0.09534230828285217
2804,4,1,0.6602486371994019
2805,5,1,1.0555574893951416
2806,4,1,1.1661031246185303
2807,3,1,0.9152387380599976
2808,7,1,0.7437869906425476
2809,8,1,0.5489757657051086
2810,5,1,0.6880978941917419
2811,0,1,1.857056975364685
2812,9,1,0.23173335194587708
2813,3,1,0.6587813496589661
2814,5,1,1.9075573682785034
2815,1,0,-0.05497369170188904
2816,1,0,-0.1188216283917427
2817,0,1,1.8476022481918335
2818,4,1,1.178817868232727
2819,4,1,0.4670529365539551
2820,7,1,0.421245813369751
2821,0,1,1.7235970497131348
2822,1,0,-0.12529247999191284
2823,7,1,0.24243807792663574
2824,0,1,2.168084144592285
2825,1,0,-0.08515816926956177
2826,6,1,2.080167293548584
2827,1,0,-0.1107267290353775
2828,4,1,0.42089641094207764
2829,5,1,0.7308163046836853
2830,6,1,1.2982620000839233
2831,6,1,0.6856222152709961
2832,5,1,0.3725166916847229
2833,7,1,1.4817520380020142
2834,8,1,1.8448461294174194
2835,4,1,0.6896235346794128
2836,4,1,0.4882553815841675
2837,7,1,0.571058988571167
2838,2,1,0.9330419301986694
2839,5,1,2.930579662322998
2840,3,1,0.25110915303230286
2841,7,1,0.6626607179641724
2842,0,1,3.2577638626098633
2843,7,1,0.634980320930481
2844,7,1,0.38875335454940796
2845,9,1,0.5616835355758667
2846,6,1,0.45354998111724854
2847,4,1,0.27882611751556396
2848,2,1,0.2276672124862671
2849,8,1,1.6837395429611206
2850,5,1,0.8560854196548462
2851,7,1,0.5094818472862244
2852,8,1,0.3841414451599121
2853,3,1,0.3714637756347656
2854,9,1,0.3179243206977844
2855,5,1,0.5189276337623596
2856,8,1,0.567894697189331
2857,9,1,0.7160642147064209
2858,9,1,0.344124436378479
2859,8,1,0.3180598020553589
2860,6,1,1.009332299232483
2861,2,1,0.14257648587226868
2862,8,1,-0.001708000898361206
2863,9,1,0.06505191326141357
2864,2,1,0.5332664251327515
2865,3,1,0.2758118510246277
2866,6,1,0.5640807151794434
2867,1,0,0.07215157151222229
2868,1,0,-0.17613080143928528
2869,8,1,1.3982900381088257
2870,9,1,0.47919583320617676
2871,3,1,0.44227325916290283
2872,4,1,1.180413007736206
2873,0,1,3.2463440895080566
2874,7,1,0.2194991111755371
2875,9,1,0.10523775219917297
2876,6,1,1.043206810951233
2877,4,1,1.2300134897232056
2878,1,0,-0.1154661476612091
2879,4,1,0.7682285308837891
2880,1,0,-0.1341206133365631
2881,3,1,1.0082173347473145
2882,4,1,0.5505965948104858
2883,9,1,0.23521611094474792
2884,3,1,0.8299999237060547
2885,1,0,-0.08406588435173035
2886,4,1,0.7469950914382935
2887,7,1,0.1710934340953827
2888,7,1,0.003902241587638855
2889,4,1,1.4680233001708984
2890,7,1,0.2636926770210266
2891,2,1,0.14699876308441162
2892,9,1,0.8207546472549438
2893,3,1,1.4042251110076904
2894,0,1,2.382091522216797
2895,8,1,1.0090121030807495
2896,8,1,1.7908247709274292
2897,8,1,0.7887307405471802
2898,4,1,0.7416137456893921
2899,0,1,2.905838966369629
2900,4,1,0.755138635635376
2901,4,1,0.4243468642234802
2902,1,0,-0.12812747061252594
2903,5,1,1.6029764413833618
2904,2,1,0.6009825468063354
2905,8,1,0.7103819251060486
2906,3,1,0.8870683908462524
2907,4,1,0.511849045753479
2908,9,1,0.4410322904586792
2909,5,1,0.2619655728340149
2910,2,1,0.7210158109664917
2911,8,1,-0.04017752408981323
2912,1,0,-0.07834333181381226
2913,5,1,0.7387944459915161
2914,3,1,0.2302001714706421
2915,7,1,0.2725715637207031
2916,9,1,0.030077457427978516
2917,4,1,0.44692569971084595
2918,2,1,1.078951120376587
2919,5,1,0.7429394721984863
2920,6,1,1.214523196220398
2921,3,1,0.40206289291381836
2922,5,1,1.8966234922409058
2923,9,1,0.20644593238830566
2924,3,1,0.5953911542892456
2925,5,1,1.286914587020874
2926,9,1,0.331878125667572
2927,3,1,0.6931943893432617
2928,1,0,-0.10967741906642914
2929,9,1,2.052015781402588
2930,5,1,0.44366538524627686
2931,3,1,0.2022916078567505
2932,0,1,3.7988367080688477
2933,6,1,1.121601939201355
2934,9,1,0.9513051509857178
2935,8,1,1.3366305828094482
2936,4,1,1.1387126445770264
2937,0,1,0.5556095838546753
2938,4,1,0.25041207671165466
2939,9,1,1.833063006401062
2940,2,1,0.25012633204460144
2941,9,1,0.7309189438819885
2942,0,1,2.9565882682800293
2943,1,0,0.035855114459991455
2944,0,1,2.358445644378662
2945,3,1,0.0023773163557052612
2946,1,0,-0.01183229684829712
2947,6,1,0.1945844292640686
2948,5,1,2.758758068084717
2949,8,1,0.19656118750572205
2950,1,0,-0.0970287173986435
2951,5,1,0.4469609260559082
2952,3,1,0.6858038902282715
2953,3,1,0.49318456649780273
2954,0,1,1.2573789358139038
2955,3,1,0.4823988676071167
2956,5,1,0.7265978455543518
2957,5,1,0.4371441602706909
2958,9,1,0.2847353219985962
2959,2,1,0.7921780347824097
2960,8,1,0.4881274104118347
2961,7,1,0.468397855758667
2962,0,1,1.0044169425964355
2963,4,1,0.9506906270980835
2964,9,1,0.16856521368026733
2965,1,0,-0.1270240843296051
2966,9,1,0.5842913389205933
2967,7,1,0.350433349609375
2968,7,1,0.17225277423858643
2969,5,1,0.7921806573867798
2970,5,1,1.5600706338882446
2971,2,1,0.6389279365539551
2972,0,1,1.4312142133712769
2973,9,1,1.1946696043014526
2974,1,0,-0.13907082378864288
2975,8,1,0.789336085319519
2976,6,1,1.0118943452835083
2977,2,1,0.9511393308639526
2978,3,1,0.329049289226532
2979,9,1,0.5251747965812683
2980,6,1,1.0808237791061401
2981,2,1,0.6396524906158447
2982,1,0,-0.10022193193435669
2983,9,1,0.5980839729309082
2984,1,0,-0.07841803133487701
2985,3,1,0.13141760230064392
2986,5,1,0.14047276973724365
2987,5,1,0.17952758073806763
2988,0,1,3.329962730407715
2989,3,1,-0.021665215492248535
2990,8,1,1.2353988885879517
2991,3,1,0.4924265146255493
2992,3,1,0.12791472673416138
2993,7,1,0.30628883838653564
2994,6,1,0.6477330923080444
2995,6,1,0.4481886625289917
2996,0,1,5.322976589202881
2997,1,0,-0.15721914172172546
2998,4,1,0.5413442850112915
2999,0,1,2.564077854156494
3000,6,1,0.36933422088623047
3001,9,1,0.9560034275054932
3002,8,1,0.5228250026702881
3003,1,0,-0.1356973499059677
3004,2,1,0.5760724544525146
3005,9,1,-0.0629444420337677
3006,9,1,0.7832742929458618
3007,5,1,0.9915271997451782
3008,9,1,0.5525470972061157
3009,7,1,0.18466717004776
3010,3,1,1.0083519220352173
3011,7,1,2.573640823364258
3012,8,1,0.11752080917358398
3013,0,1,4.47694730758667
3014,1,0,0.061808109283447266
3015,3,1,0.3789765238761902
3016,0,1,2.482880115509033
3017,4,1,0.515878438949585
3018,6,1,0.374272882938385
3019,1,0,-0.11359596997499466
3020,0,1,4.778487205505371
3021,2,1,0.856876015663147
3022,5,1,0.495883584022522
3023,8,1,0.8067129850387573
3024,4,1,1.3515878915786743
3025,4,1,0.6866672039031982
3026,1,0,-0.025930553674697876
3027,1,0,0.05416572093963623
3028,5,1,0.9945871829986572
3029,4,1,0.44506025314331055
3030,6,1,0.2979086637496948
3031,6,1,1.7835420370101929
3032,0,1,1.9110578298568726
3033,6,1,2.509829044342041
3034,9,1,0.7092268466949463
3035,2,1,0.5838821530342102
3036,6,1,0.7757925987243652
3037,2,1,1.183775782585144
3038,7,1,0.45256710052490234
3039,1,0,0.17123404145240784
3040,7,1,0.05186396837234497
3041,9,1,0.18580308556556702
3042,4,1,1.0002392530441284
3043,0,1,3.8483448028564453
3044,0,1,3.3929805755615234
3045,3,1,1.1375812292099
3046,8,1,0.574420690536499
3047,2,1,0.5780607461929321
3048,2,1,0.18132779002189636
3049,3,1,0.16797563433647156
3050,1,0,-0.014915123581886292
3051,6,1,0.21267598867416382
3052,0,1,2.521137237548828
3053,5,1,1.755013346672058
3054,7,1,0.11996299028396606
3055,7,1,0.2944972515106201
3056,9,1,1.4679616689682007
3057,2,1,1.0186794996261597
3058,6,1,1.1736960411071777
3059,7,1,0.15002718567848206
3060,9,1,0.9878981113433838
3061,7,1,0.08310168981552124
3062,8,1,0.5877845287322998
3063,6,1,0.11114919185638428
3064,8,1,0.44026005268096924
3065,8,1,0.3766307830810547
3066,4,1,0.8375030755996704
3067,6,1,2.0671539306640625
3068,8,1,0.10183441638946533
3069,4,1,2.146533489227295
3070,1,0,-0.12289606779813766
3071,2,1,0.5498994588851929
3072,8,1,0.6420540809631348
3073,1,0,1.0789726972579956
3074,3,1,0.5730674266815186
3075,9,1,1.0617154836654663
3076,4,1,0.8502461910247803
3077,0,1,4.559658050537109
3078,3,1,0.290645956993103
3079,7,1,0.4813535213470459
3080,3,1,0.40072786808013916
3081,2,1,0.49621349573135376
3082,3,1,0.31677037477493286
3083,3,1,1.0392781496047974
3084,7,1,0.6744582653045654
3085,3,1,0.9071742296218872
3086,4,1,0.563792884349823
3087,0,1,1.4249228239059448
3088,6,1,1.3732713460922241
3089,2,1,0.35833239555358887
3090,0,1,2.219974994659424
3091,8,1,0.8290290832519531
3092,1,0,-0.14323967695236206
3093,5,1,1.1664351224899292
3094,3,1,0.8817652463912964
3095,5,1,1.635466456413269
3096,4,1,0.2762516736984253
3097,1,0,-0.07559172809123993
3098,7,1,1.0785883665084839
3099,1,0,-0.1069212332367897
3100,5,1,1.7150204181671143
3101,7,1,1.069717526435852
3102,5,1,0.18224266171455383
3103,7,1,0.038930654525756836
3104,3,1,0.4039202928543091
3105,2,1,0.5988229513168335
3106,2,1,0.3715254068374634
3107,7,1,0.8867515325546265
3108,3,1,0.6215226054191589
3109,7,1,0.937686562538147
3110,3,1,0.4102975130081177
3111,7,1,0.3988441824913025
3112,8,1,1.0321193933486938
3113,5,1,0.7325308322906494
3114,4,1,0.23797452449798584
3115,5,1,0.22307610511779785
3116,2,1,0.516930878162384
3117,5,1,0.07515698671340942
3118,6,1,0.37617844343185425
3119,5,1,1.4479519128799438
3120,3,1,1.000947117805481
3121,6,1,0.9075586795806885
3122,7,1,0.2032880187034607
3123,4,1,0.7165619134902954
3124,1,0,-0.10019686818122864
3125,7,1,0.200191468000412
3126,1,0,-0.10401968657970428
3127,5,1,0.4497709274291992
3128,2,1,0.7082632184028625
3129,3,1,0.2720215916633606
3130,6,1,0.7587891817092896
3131,3,1,0.34426307678222656
3132,1,0,0.09472298622131348
3133,4,1,0.414198637008667
3134,2,1,1.107491135597229
3135,6,1,0.7519553899765015
3136,7,1,-0.027735307812690735
3137,4,1,0.9535092115402222
3138,3,1,1.3063900470733643
3139,8,1,0.2649747133255005
3140,0,1,1.1476789712905884
3141,6,1,0.4121452569961548
3142,2,1,0.2648034393787384
3143,1,0,-0.0970386415719986
3144,6,1,2.05172061920166
3145,5,1,1.5742833614349365
3146,3,1,0.18724945187568665
3147,9,1,0.5905055999755859
3148,1,0,-0.11598237603902817
3149,9,1,0.5564525723457336
3150,3,1,0.5614036917686462
3151,2,1,0.5608172416687012
3152,1,0,-0.12676644325256348
3153,8,1,1.068036675453186
3154,4,1,0.9832570552825928
3155,4,1,0.6407331228256226
3156,6,1,0.20235446095466614
3157,5,1,2.6762161254882812
3158,8,1,0.31198400259017944
3159,6,1,0.19238820672035217
3160,9,1,0.3883410692214966
3161,7,1,0.22970587015151978
3162,7,1,0.20788830518722534
3163,8,1,0.37695348262786865
3164,6,1,1.9422982931137085
3165,9,1,0.19017791748046875
3166,7,1,0.08267605304718018
3167,3,1,0.05218660831451416
3168,9,1,0.5882859230041504
3169,4,1,1.1619006395339966
3170,0,1,5.625880241394043
3171,5,1,0.7572243809700012
3172,4,1,1.030307412147522
3173,6,1,0.48653197288513184
3174,4,1,1.1747968196868896
3175,1,0,-0.08912782371044159
3176,2,1,0.3254063129425049
3177,3,1,0.27077484130859375
3178,0,1,2.743856906890869
3179,0,1,4.1167521476745605
3180,2,1,1.116862416267395
3181,6,1,2.0275955200195312
3182,6,1,2.382256507873535
3183,5,1,0.3641674518585205
3184,7,1,0.28485071659088135
3185,0,1,1.7214640378952026
3186,8,1,0.8872565031051636
3187,6,1,0.37482863664627075
3188,4,1,1.0740745067596436
3189,7,1,0.7686651349067688
3190,9,1,0.18741875886917114
3191,0,1,1.5306344032287598
3192,7,1,1.1173298358917236
3193,3,1,0.5716753005981445
3194,4,1,0.16000348329544067
3195,2,1,0.7836693525314331
3196,1,0,-0.05327136814594269
3197,8,1,0.4839699864387512
3198,8,1,1.3968449831008911
3199,5,1,1.8644732236862183
3200,9,1,0.5208181738853455
3201,2,1,0.5999261736869812
3202,7,1,0.4723055362701416
3203,1,0,-0.06676548719406128
3204,8,1,0.7424792051315308
3205,8,1,0.24457502365112305
3206,8,1,0.5937681198120117
3207,2,1,0.16831398010253906
3208,7,1,0.28464198112487793
3209,6,1,0.09734237194061279
3210,0,1,0.9310200214385986
3211,1,0,-0.06906427443027496
3212,2,1,0.31233835220336914
3213,7,1,0.2152654528617859
3214,1,0,0.020877093076705933
3215,0,1,2.1188783645629883
3216,8,1,0.7181546688079834
3217,3,1,1.1855051517486572
3218,6,1,0.35763394832611084
3219,0,1,1.2510584592819214
3220,5,1,1.639389157295227
3221,3,1,0.8817532062530518
3222,6,1,0.7551535964012146
3223,2,1,0.4654936194419861
3224,8,1,0.1654949188232422
3225,7,1,0.27939021587371826
3226,0,1,3.2777609825134277
3227,1,0,-0.13566724956035614
3228,4,1,1.0599209070205688
3229,2,1,0.5936829447746277
3230,1,0,-0.11935552954673767
3231,1,0,-0.13439297676086426
3232,4,1,0.6967027187347412
3233,4,1,1.0601465702056885
3234,4,1,1.1149052381515503
3235,4,1,0.3586210608482361
3236,7,1,-0.012342602014541626
3237,1,0,-0.06338341534137726
3238,6,1,0.42856651544570923
3239,2,1,0.7754478454589844
3240,9,1,1.018940806388855
3241,9,1,0.8893563747406006
3242,0,1,3.1408276557922363
3243,0,1,1.8390036821365356
3244,1,0,-0.12325689196586609
3245,8,1,0.04261639714241028
3246,8,1,0.686295211315155
3247,4,1,0.9174504280090332
3248,3,1,0.5659002661705017
3249,4,1,0.8110159635543823
3250,2,1,0.23315328359603882
3251,0,1,2.3136634826660156
3252,6,1,0.0605129599571228
3253,1,0,-0.15120868384838104
3254,6,1,0.8208752870559692
3255,1,0,-0.014525368809700012
3256,2,1,0.47689288854599
3257,2,1,1.025747299194336
3258,2,1,0.7650845050811768
3259,1,0,-0.09910804033279419
3260,2,1,1.0446778535842896
3261,3,1,0.16181504726409912
3262,7,1,0.010945647954940796
3263,8,1,1.1333762407302856
3264,1,0,-0.16983875632286072
3265,0,1,3.895528793334961
3266,0,1,0.856993556022644
3267,2,1,0.9828330278396606
3268,1,0,0.17606061697006226
3269,6,1,4.514647483825684
3270,6,1,1.7097994089126587
3271,0,1,3.856905937194824
3272,1,0,-0.08993855118751526
3273,6,1,0.8234386444091797
3274,2,1,0.14930179715156555
3275,5,1,1.065361738204956
3276,1,0,-0.16025656461715698
3277,7,1,0.43288135528564453
3278,4,1,1.3771429061889648
3279,8,1,0.8403772115707397
3280,2,1,0.5516294836997986
3281,1,0,-0.111013263463974
3282,4,1,0.7317522764205933
3283,3,1,0.31063926219940186
3284,8,1,1.477112889289856
3285,3,1,0.019332900643348694
3286,9,1,0.684788703918457
3287,9,1,0.8568652868270874
3288,4,1,0.3069741129875183
3289,8,1,1.0354645252227783
3290,3,1,1.174002766609192
3291,4,1,0.5260575413703918
3292,7,1,1.3498414754867554
3293,2,1,1.140439748764038
3294,7,1,0.5070586204528809
3295,5,1,2.2235107421875
3296,7,1,0.612896740436554
3297,0,1,3.2134575843811035
3298,4,1,0.5444859266281128
3299,3,1,0.9314130544662476
3300,3,1,0.5775324106216431
3301,2,1,0.5990351438522339
3302,6,1,0.8776553869247437
3303,7,1,0.49402832984924316
3304,6,1,0.008300304412841797
3305,0,1,1.269016146659851
3306,0,1,2.124666213989258
3307,6,1,2.0085110664367676
3308,7,1,0.9917736053466797
3309,7,1,0.0926806628704071
3310,0,1,2.9265031814575195
3311,5,1,0.8498694896697998
3312,5,1,0.979974627494812
3313,8,1,0.512214183807373
3314,1,0,-0.16605067253112793
3315,0,1,3.5374202728271484
3316,7,1,0.8802230358123779
3317,0,1,1.797812819480896
3318,2,1,0.09057003259658813
3319,8,1,0.7280164361000061
3320,1,0,-0.13116773962974548
3321,5,1,1.9650439023971558
3322,0,1,2.19193172454834
3323,8,1,1.1356357336044312
3324,8,1,0.7932415008544922
3325,0,1,2.5901594161987305
3326,3,1,1.0261642932891846
3327,2,1,0.6338409185409546
3328,7,1,0.26745036244392395
3329,7,1,0.2908867597579956
3330,2,1,1.0551143884658813
3331,6,1,0.6762446165084839
3332,4,1,1.054330587387085
3333,7,1,0.24788451194763184
3334,5,1,0.2177284061908722
3335,5,1,0.5345781445503235
3336,5,1,1.2983635663986206
3337,2,1,0.39166122674942017
3338,9,1,0.8716608285903931
3339,2,1,1.1155210733413696
3340,8,1,0.6586414575576782
3341,4,1,0.9870551824569702
3342,6,1,0.6245558857917786
3343,8,1,1.2666670083999634
3344,6,1,0.22969549894332886
3345,5,1,2.319211483001709
3346,0,1,3.1626763343811035
3347,0,1,2.383488178253174
3348,8,1,1.7119159698486328
3349,7,1,0.07908964157104492
3350,6,1,0.8889185190200806
3351,1,0,-0.03495132923126221
3352,7,1,0.8852225542068481
3353,1,0,-0.12773653864860535
3354,1,0,-0.14676110446453094
3355,2,1,0.8798902034759521
3356,7,1,1.2107704877853394
3357,4,1,1.2720844745635986
3358,0,1,1.1491889953613281
3359,0,1,2.1322450637817383
3360,7,1,0.4234905242919922
3361,7,1,2.33389949798584
3362,6,1,0.726609468460083
3363,3,1,0.09628799557685852
3364,8,1,1.6611543893814087
3365,6,1,0.4473828673362732
3366,4,1,0.8646847009658813
3367,2,1,0.6281713247299194
3368,0,1,1.7057154178619385
3369,9,1,0.005636259913444519
3370,4,1,0.7850180864334106
3371,0,1,3.275987148284912
3372,5,1,0.6919900178909302
3373,7,1,1.858019232749939
3374,8,1,0.5640060901641846
3375,2,1,0.5374705791473389
3376,7,1,0.5884987115859985
3377,4,1,0.2938990592956543
3378,7,1,0.4088701009750366
3379,1,0,-0.14556662738323212
3380,1,0,-0.10727110505104065
3381,3,1,0.05661734938621521
3382,6,1,0.2762295603752136
3383,6,1,0.41805481910705566
3384,2,1,1.726556658744812
3385,9,1,1.7533341646194458
3386,1,0,-0.08493584394454956
3387,9,1,0.41121894121170044
3388,4,1,0.22250017523765564
3389,8,1,0.18056133389472961
3390,3,1,0.04823383688926697
3391,6,1,0.30895721912384033
3392,9,1,0.5794500708580017
3393,5,1,1.5021761655807495
3394,9,1,2.0053510665893555
3395,6,1,0.6239568591117859
3396,2,1,1.141180396080017
3397,4,1,1.393125295639038
3398,6,1,0.04888305068016052
3399,7,1,1.6708675622940063
3400,7,1,0.33734989166259766
3401,0,1,3.357776165008545
3402,6,1,0.18667149543762207
3403,6,1,0.24642792344093323
3404,9,1,1.6719549894332886
3405,4,1,0.1605062484741211
3406,8,1,0.4174443483352661
3407,3,1,0.2687128484249115
3408,5,1,1.202520489692688
3409,3,1,0.44685328006744385
3410,4,1,0.8747648000717163
3411,9,1,0.7816265821456909
3412,0,1,5.105840682983398
3413,0,1,0.6105746030807495
3414,5,1,1.8758577108383179
3415,2,1,0.23515701293945312
3416,5,1,1.3024601936340332
3417,0,1,3.2582740783691406
3418,7,1,0.3004978895187378
3419,1,0,-0.14764469861984253
3420,1,0,-0.07321465015411377
3421,1,0,-0.059772565960884094
3422,6,1,1.3413910865783691
3423,7,1,0.6572121381759644
3424,6,1,0.11315727233886719
3425,7,1,0.16515874862670898
3426,9,1,0.404262900352478
3427,6,1,0.10620653629302979
3428,6,1,0.14648175239562988
3429,4,1,0.07370835542678833
3430,1,0,-0.048498719930648804
3431,4,1,1.269237995147705
3432,3,1,0.13448718190193176
3433,1,0,-0.10256216675043106
3434,1,0,-0.1260221004486084
3435,2,1,0.5815104246139526
3436,2,1,0.23782235383987427
3437,4,1,0.4481745958328247
3438,1,0,-0.14307688176631927
3439,0,1,1.6234540939331055
3440,8,1,1.0049115419387817
3441,7,1,1.326432704925537
3442,6,1,0.2257426381111145
3443,3,1,0.6566079258918762
3444,4,1,1.359993577003479
3445,0,1,3.904175281524658
3446,0,1,3.1995248794555664
3447,6,1,2.3179755210876465
3448,3,1,0.7702279090881348
3449,3,1,0.3388940095901489
3450,0,1,0.182658851146698
3451,7,1,0.22205966711044312
3452,1,0,-0.08851632475852966
3453,7,1,0.06535553932189941
3454,1,0,-0.13901282846927643
3455,1,0,-0.16317525506019592
3456,3,1,0.597577691078186
3457,1,0,-0.13079933822155
3458,0,1,2.4898128509521484
3459,9,1,1.1048433780670166
3460,9,1,1.2791249752044678
3461,7,1,0.5450425744056702
3462,5,1,1.1879242658615112
3463,4,1,0.6527626514434814
3464,1,0,-0.1367870718240738
3465,4,1,0.5431809425354004
3466,8,1,0.9352052211761475
3467,9,1,0.22583737969398499
3468,5,1,1.1281437873840332
3469,3,1,0.5923292636871338
3470,5,1,0.6192612648010254
3471,1,0,-0.15073665976524353
3472,9,1,1.1101826429367065
3473,8,1,1.1040502786636353
3474,2,1,0.8009399175643921
3475,3,1,0.5440170168876648
3476,3,1,0.3630329370498657
3477,9,1,0.5548585653305054
3478,9,1,0.5294756889343262
3479,0,1,4.499350547790527
3480,1,0,-0.12678655982017517
3481,0,1,1.6501175165176392
3482,2,1,0.68125319480896
3483,9,1,0.9282321929931641
3484,3,1,0.5699934959411621
3485,9,1,0.5768299698829651
3486,3,1,0.7068220973014832
3487,3,1,0.3546140789985657
3488,6,1,0.8797435760498047
3489,2,1,0.2997322678565979
3490,4,1,0.19496077299118042
3491,9,1,0.9287384748458862
3492,8,1,0.4361002445220947
3493,3,1,0.8463600873947144
3494,7,1,0.07935759425163269
3495,4,1,1.102217674255371
3496,0,1,2.0863022804260254
3497,4,1,0.82209312915802
3498,7,1,0.829461932182312
3499,8,1,0.28541576862335205
3500,4,1,0.8109997510910034
3501,9,1,0.5319712162017822
3502,8,1,0.3029601573944092
3503,9,1,-0.025195837020874023
3504,9,1,0.17390355467796326
3505,7,1,0.432015061378479
3506,5,1,0.8427232503890991
3507,9,1,0.6358171701431274
3508,2,1,0.5973954200744629
3509,8,1,0.6127543449401855
3510,2,1,0.464297890663147
3511,2,1,0.3129276633262634
3512,0,1,2.808199882507324
3513,2,1,0.9327610731124878
3514,2,1,0.3972035050392151
3515,3,1,1.0273386240005493
3516,8,1,1.2724359035491943
3517,4,1,1.8146241903305054
3518,6,1,0.3179590702056885
3519,8,1,0.7181452512741089
3520,6,1,1.3538929224014282
3521,8,1,1.192942500114441
3522,2,1,0.4187396168708801
3523,4,1,0.40052056312561035
3524,6,1,1.6540974378585815
3525,7,1,0.9355186223983765
3526,9,1,0.36441516876220703
3527,3,1,0.7490482330322266
3528,3,1,0.4451284408569336
3529,9,1,0.1106410026550293
3530,4,1,0.8081934452056885
3531,3,1,0.36018288135528564
3532,1,0,-0.09593711793422699
3533,4,1,0.6502019166946411
3534,4,1,0.8156064748764038
3535,7,1,1.2912664413452148
3536,0,1,1.7266911268234253
3537,5,1,0.6428040862083435
3538,9,1,0.2716601490974426
3539,6,1,1.7009506225585938
3540,0,1,1.7909940481185913
3541,4,1,0.841506838798523
3542,4,1,1.7094613313674927
3543,4,1,0.6001268029212952
3544,4,1,1.7331515550613403
3545,6,1,1.3513354063034058
3546,1,0,-0.11042958498001099
3547,2,1,0.5918614268302917
3548,3,1,0.5469034314155579
3549,3,1,0.27516400814056396
3550,6,1,0.6482483148574829
3551,4,1,0.13153961300849915
3552,5,1,0.6050085425376892
3553,9,1,0.36438894271850586
3554,6,1,0.21571677923202515
3555,8,1,0.37079089879989624
3556,5,1,0.648106575012207
3557,6,1,0.15026262402534485
3558,5,1,1.1060525178909302
3559,8,1,2.0105128288269043
3560,6,1,0.588468074798584
3561,4,1,0.6018292903900146
3562,1,0,-0.17455726861953735
3563,8,1,0.8166446685791016
3564,6,1,0.2603667378425598
3565,5,1,1.6753071546554565
3566,2,1,0.3582448363304138
3567,8,1,0.8820492029190063
3568,4,1,0.8853453397750854
3569,5,1,3.1077523231506348
3570,5,1,0.6724488735198975
3571,4,1,0.8202513456344604
3572,7,1,0.1939752697944641
3573,7,1,0.3374672532081604
3574,0,1,2.2033824920654297
3575,7,1,0.6050428152084351
3576,8,1,1.2721163034439087
3577,2,1,1.1782649755477905
3578,2,1,0.33964383602142334
3579,3,1,0.8045328855514526
3580,7,1,-0.03745681047439575
3581,0,1,1.9531673192977905
3582,1,0,-0.031559064984321594
3583,8,1,0.5211345553398132
3584,0,1,4.277675628662109
3585,7,1,0.687795877456665
3586,1,0,-0.11484663188457489
3587,9,1,0.8075064420700073
3588,8,1,0.46059131622314453
3589,7,1,0.2907246947288513
3590,5,1,0.7463414669036865
3591,5,1,1.660332202911377
3592,9,1,0.3481045961380005
3593,1,0,-0.09308463335037231
3594,7,1,0.7314388751983643
3595,5,1,0.47620630264282227
3596,4,1,1.4995793104171753
3597,9,1,1.0154376029968262
3598,1,0,0.035727083683013916
3599,2,1,0.4500982165336609
3600,2,1,0.30713242292404175
3601,1,0,0.13532787561416626
3602,6,1,1.532348394393921
3603,6,1,1.5847430229187012
3604,7,1,1.086585283279419
3605,1,0,-0.18689298629760742
3606,1,0,0.24171856045722961
3607,4,1,1.0439456701278687
3608,0,1,3.850667953491211
3609,7,1,0.26864099502563477
3610,4,1,1.2466950416564941
3611,2,1,0.5241864919662476
3612,4,1,1.4350889921188354
3613,0,1,3.2601280212402344
3614,6,1,1.790662169456482
3615,4,1,1.0408824682235718
3616,7,1,0.11372339725494385
3617,6,1,0.3958054184913635
3618,9,1,0.8036117553710938
3619,5,1,0.75996333360672
3620,3,1,0.7251685261726379
3621,4,1,1.436094880104065
3622,6,1,1.287411093711853
3623,5,1,0.45340943336486816
3624,0,1,3.1746153831481934
3625,1,0,-0.15590117871761322
3626,8,1,0.5952016115188599
3627,8,1,0.6363048553466797
3628,2,1,1.079961895942688
3629,8,1,0.17696857452392578
3630,3,1,0.563119649887085
3631,5,1,1.2917683124542236
3632,7,1,0.21067851781845093
3633,8,1,0.5709739923477173
3634,0,1,1.5088475942611694
3635,8,1,1.6328850984573364
3636,5,1,1.4274471998214722
3637,7,1,0.22070664167404175
3638,1,0,-0.12272770702838898
3639,1,0,-0.13792699575424194
3640,0,1,3.772397994995117
3641,1,0,-0.0833430141210556
3642,3,1,0.5579439401626587
3643,7,1,0.17799752950668335
3644,8,1,0.015221938490867615
3645,5,1,2.49191951751709
3646,0,1,0.16401904821395874
3647,7,1,0.3640673756599426
3648,1,0,-0.11799561977386475
3649,1,0,-0.11180705577135086
3650,0,1,2.2249345779418945
3651,1,0,-0.131459042429924
3652,1,0,-0.06716097891330719
3653,4,1,0.38412415981292725
3654,5,1,0.6009771227836609
3655,2,1,0.5600641965866089
3656,7,1,0.42879629135131836
3657,6,1,1.3432927131652832
3658,2,1,0.2807996869087219
3659,3,1,0.23682543635368347
3660,0,1,3.844529628753662
3661,2,1,0.10740286111831665
3662,8,1,0.3937251567840576
3663,5,1,0.5789812803268433
3664,9,1,0.12337854504585266
3665,6,1,2.499962329864502
3666,9,1,0.3570120334625244
3667,7,1,0.48363274335861206
3668,2,1,1.1951024532318115
3669,1,0,-0.1293403059244156
3670,3,1,0.22697800397872925
3671,6,1,0.7282310724258423
3672,4,1,0.14781156182289124
3673,1,0,-0.05787727236747742
3674,8,1,1.4929585456848145
3675,2,1,0.6469530463218689
3676,4,1,0.44835519790649414
3677,0,1,2.7760682106018066
3678,5,1,1.564337134361267
3679,1,0,-0.09757879376411438
3680,0,1,2.3495278358459473
3681,2,1,0.9769872426986694
3682,2,1,0.20921766757965088
3683,6,1,1.2537091970443726
3684,4,1,0.7646399736404419
3685,4,1,2.230146884918213
3686,3,1,0.06877273321151733
3687,9,1,0.31295478343963623
3688,6,1,0.09404703974723816
3689,1,0,-0.15224990248680115
3690,6,1,0.2661038935184479
3691,5,1,1.6874548196792603
3692,7,1,0.9396671056747437
3693,9,1,0.3887489438056946
3694,2,1,0.460287868976593
3695,0,1,1.6641478538513184
3696,2,1,0.7932604551315308
3697,6,1,0.7335832118988037
3698,0,1,1.2355128526687622
3699,1,0,-0.12008638679981232
3700,4,1,0.7520661354064941
3701,3,1,0.30923622846603394
3702,5,1,0.17217117547988892
3703,2,1,0.7247992753982544
3704,8,1,1.0185145139694214
3705,8,1,0.876923680305481
3706,0,1,2.8965768814086914
3707,8,1,0.2363716959953308
3708,8,1,1.6318894624710083
3709,9,1,0.858208179473877
3710,0,1,3.7363576889038086
3711,9,1,0.3998050093650818
3712,6,1,1.2903813123703003
3713,7,1,0.16481879353523254
3714,6,1,0.5176420211791992
3715,3,1,0.6352213621139526
3716,9,1,0.22890520095825195
3717,3,1,0.03230065107345581
3718,4,1,0.1705978512763977
3719,7,1,0.9080153703689575
3720,7,1,0.43361181020736694
3721,7,1,0.0380612313747406
3722,4,1,1.154660701751709
3723,9,1,0.5955066084861755
3724,0,1,0.9875832796096802
3725,6,1,0.6030965447425842
3726,4,1,0.06631618738174438
3727,8,1,2.238842010498047
3728,4,1,0.6763864755630493
3729,2,1,0.47833484411239624
3730,7,1,1.2242934703826904
3731,2,1,1.4270094633102417
3732,8,1,-0.029790863394737244
3733,1,0,-0.14227069914340973
3734,0,1,4.770016193389893
3735,0,1,4.590942859649658
3736,7,1,0.1612929403781891
3737,8,1,1.1417497396469116
3738,3,1,0.48949408531188965
3739,3,1,0.27096354961395264
3740,3,1,1.8812140226364136
3741,1,0,-0.1791089028120041
3742,3,1,0.5115207433700562
3743,7,1,0.09877064824104309
3744,6,1,0.24697861075401306
3745,1,0,-0.13130217790603638
3746,3,1,0.33581793308258057
3747,1,0,-0.10278452932834625
3748,6,1,0.27810192108154297
3749,6,1,2.20180606842041
3750,5,1,0.8780032396316528
3751,7,1,0.6767075657844543
3752,4,1,2.1801295280456543
3753,7,1,0.06157594919204712
3754,5,1,0.3423684239387512
3755,9,1,0.6138529777526855
3756,5,1,2.730499744415283
3757,8,1,0.5526289939880371
3758,4,1,0.5994539856910706
3759,9,1,0.7606266736984253
3760,9,1,0.03791964054107666
3761,1,0,-0.01987355947494507
3762,6,1,0.44154179096221924
3763,5,1,0.40625858306884766
3764,0,1,5.074517250061035
3765,1,0,-0.11911623179912567
3766,3,1,1.119567632675171
3767,7,1,0.5495519638061523
3768,0,1,2.8324227333068848
3769,3,1,-0.031136631965637207
3770,4,1,1.2981574535369873
3771,8,1,1.305141568183899
3772,2,1,0.6338564157485962
3773,2,1,1.4501372575759888
3774,0,1,5.211774826049805
3775,2,1,0.672276496887207
3776,5,1,0.5455501079559326
3777,1,0,-0.0025631487369537354
3778,5,1,1.9409548044204712
3779,1,0,-0.07276259362697601
3780,4,1,0.7541618347167969
3781,8,1,0.5866327285766602
3782,8,1,0.3694852590560913
3783,9,1,0.6467353105545044
3784,1,0,-0.03490225970745087
3785,2,1,0.343153715133667
3786,1,0,-0.15385545790195465
3787,3,1,0.1694849133491516
3788,5,1,0.9978084564208984
3789,1,0,-0.1970195323228836
3790,0,1,2.944441318511963
3791,9,1,0.8516755104064941
3792,4,1,0.8121163845062256
3793,4,1,0.6773658394813538
3794,8,1,0.6050176024436951
3795,3,1,1.0613175630569458
3796,2,1,0.28278207778930664
3797,5,1,1.307425618171692
3798,9,1,0.10598379373550415
3799,7,1,1.302055835723877
3800,6,1,0.12637606263160706
3801,6,1,2.0126428604125977
3802,2,1,0.5214249491691589
3803,0,1,2.4987401962280273
3804,0,1,2.1662826538085938
3805,0,1,1.9579743146896362
3806,5,1,1.0225989818572998
3807,8,1,1.0484927892684937
3808,7,1,0.42774534225463867
3809,1,0,-0.13497737050056458
3810,5,1,1.5035239458084106
3811,2,1,0.5145964026451111
3812,3,1,0.5328409671783447
3813,8,1,2.038071632385254
3814,5,1,0.3659639358520508
3815,1,0,-0.08895209431648254
3816,8,1,0.6358205080032349
3817,2,1,1.1864513158798218
3818,0,1,2.4182944297790527
3819,4,1,1.2644195556640625
3820,9,1,1.9246169328689575
3821,9,1,1.0400995016098022
3822,6,1,2.067972183227539
3823,2,1,1.1078609228134155
3824,3,1,0.1367415487766266
3825,3,1,0.005528584122657776
3826,5,1,0.8313127756118774
3827,6,1,2.9792847633361816
3828,4,1,1.6216145753860474
3829,8,1,1.0440109968185425
3830,0,1,2.322910785675049
3831,9,1,0.10789793729782104
3832,2,1,0.2847200036048889
3833,8,1,0.20083147287368774
3834,3,1,0.18869787454605103
3835,6,1,2.733126163482666
3836,7,1,2.318896770477295
3837,5,1,0.4648691415786743
3838,7,1,-0.0492301881313324
3839,2,1,0.4738615155220032
3840,9,1,0.7736910581588745
3841,4,1,2.468916416168213
3842,9,1,0.3689523935317993
3843,1,0,-0.1368485689163208
3844,2,1,0.4516594409942627
3845,8,1,0.6389201879501343
3846,6,1,4.69901180267334
3847,0,1,3.574357032775879
3848,7,1,0.42618322372436523
3849,0,1,5.189023971557617
3850,9,1,0.9245035648345947
3851,1,0,0.04774898290634155
3852,1,0,-0.058166682720184326
3853,6,1,2.5151724815368652
3854,7,1,1.0871371030807495
3855,5,1,1.21736741065979
3856,9,1,0.5783073902130127
3857,9,1,0.4557168483734131
3858,1,0,-0.09114617109298706
3859,9,1,1.485020399093628
3860,5,1,1.497214674949646
3861,9,1,0.6480110883712769
3862,2,1,0.6887502670288086
3863,5,1,0.8618792295455933
3864,0,1,2.416415214538574
3865,4,1,0.8412295579910278
3866,1,0,-0.16633331775665283
3867,0,1,4.308774948120117
3868,8,1,0.2940329313278198
3869,9,1,0.5396833419799805
3870,0,1,4.198640823364258
3871,8,1,0.12926116585731506
3872,9,1,0.45940136909484863
3873,8,1,0.32325315475463867
3874,9,1,0.25120779871940613
3875,4,1,1.2441867589950562
3876,2,1,0.33523035049438477
3877,5,1,0.2763049602508545
3878,7,1,0.06832003593444824
3879,9,1,1.4823732376098633
3880,8,1,0.435871422290802
3881,9,1,1.0015010833740234
3882,8,1,0.5451689958572388
3883,0,1,3.0903782844543457
3884,9,1,1.9760311841964722
3885,9,1,1.062287449836731
3886,6,1,0.6429886817932129
3887,8,1,0.8090387582778931
3888,9,1,1.0916749238967896
3889,9,1,0.7625014781951904
3890,5,1,0.6180450916290283
3891,9,1,0.20930293202400208
3892,8,1,0.9918586015701294
3893,5,1,2.013606548309326
3894,1,0,-0.12843307852745056
3895,0,1,2.277184009552002
3896,3,1,0.45404624938964844
3897,3,1,0.6571162939071655
3898,5,1,2.029881000518799
3899,2,1,0.20059961080551147
3900,1,0,-0.10437385737895966
3901,6,1,2.1205344200134277
3902,5,1,0.28323590755462646
3903,0,1,1.4970738887786865
3904,2,1,0.5888777375221252
3905,8,1,0.8560820817947388
3906,1,0,1.2638840675354004
3907,5,1,0.4418073296546936
3908,6,1,0.22493639588356018
3909,2,1,0.4916877746582031
3910,3,1,0.4213845133781433
3911,0,1,2.578260898590088
3912,2,1,0.610390841960907
3913,2,1,0.9745081663131714
3914,6,1,1.09464430809021
3915,4,1,0.6511274576187134
3916,3,1,0.6657208204269409
3917,5,1,0.7736828327178955
3918,5,1,1.3978384733200073
3919,1,0,-0.16378793120384216
3920,7,1,1.1148022413253784
3921,2,1,0.4647158980369568
3922,1,0,-0.1005147248506546
3923,6,1,0.8694372177124023
3924,9,1,0.4323805570602417
3925,1,0,-0.09000250697135925
3926,9,1,0.566165030002594
3927,9,1,0.7098798751831055
3928,5,1,0.7752859592437744
3929,5,1,2.0617408752441406
3930,1,0,-0.10285697877407074
3931,6,1,0.055136799812316895
3932,2,1,2.455981731414795
3933,2,1,0.8985830545425415
3934,8,1,1.5924221277236938
3935,6,1,1.2411874532699585
3936,7,1,0.49709516763687134
3937,1,0,-0.09932641685009003
3938,4,1,1.027538537979126
3939,6,1,2.178953170776367
3940,0,1,3.173034191131592
3941,4,1,0.39102011919021606
3942,0,1,4.13984489440918
3943,3,1,0.3990892171859741
3944,3,1,0.642802357673645
3945,2,1,1.0259037017822266
3946,2,1,0.20836830139160156
3947,3,1,0.713142454624176
3948,6,1,2.0542497634887695
3949,8,1,0.3851203918457031
3950,9,1,0.9249260425567627
3951,8,1,1.5052317380905151
3952,5,1,0.29835861921310425
3953,3,1,0.29342907667160034
3954,8,1,0.7480419278144836
3955,5,1,1.5897635221481323
3956,4,1,1.4172064065933228
3957,5,1,0.7537352442741394
3958,2,1,1.0876497030258179
3959,0,1,1.930895447731018
3960,5,1,0.489693284034729
3961,6,1,0.4127941131591797
3962,3,1,1.0690757036209106
3963,2,1,0.8486074209213257
3964,8,1,1.5549054145812988
3965,3,1,1.4716989994049072
3966,9,1,1.918202519416809
3967,9,1,0.5356173515319824
3968,5,1,0.9598957300186157
3969,7,1,0.13320773839950562
3970,9,1,0.24304112792015076
3971,4,1,1.4367077350616455
3972,6,1,0.3716738224029541
3973,7,1,0.4617654085159302
3974,1,0,0.014722764492034912
3975,3,1,0.5930477976799011
3976,7,1,0.04652106761932373
3977,3,1,0.04089096188545227
3978,6,1,0.5769079327583313
3979,6,1,0.7763745784759521
3980,0,1,3.6911392211914062
3981,9,1,0.8254748582839966
3982,0,1,3.863466739654541
3983,1,0,-0.08042779564857483
3984,9,1,-0.019644662737846375
3985,9,1,0.6681289672851562
3986,2,1,0.291642427444458
3987,8,1,0.5473289489746094
3988,8,1,0.41900694370269775
3989,0,1,0.08630949258804321
3990,1,0,0.08669710159301758
3991,6,1,1.034216284751892
3992,9,1,0.4244820475578308
3993,7,1,0.4436352252960205
3994,5,1,1.5072168111801147
3995,3,1,0.31096452474594116
3996,4,1,1.0764607191085815
3997,7,1,0.770240843296051
3998,4,1,0.41664040088653564
3999,9,1,0.5006298422813416
4000,9,1,0.9419926404953003
4001,4,1,0.7745550870895386
4002,3,1,0.43685513734817505
4003,6,1,0.6690455675125122
4004,3,1,0.9017776250839233
4005,1,0,0.03256899118423462
4006,1,0,-0.08155134320259094
4007,7,1,0.3026704788208008
4008,6,1,1.0647553205490112
4009,9,1,0.6012184619903564
4010,1,0,-0.08619904518127441
4011,8,1,0.5795707702636719
4012,4,1,1.345650553703308
4013,1,0,0.04548424482345581
4014,1,0,-0.11594033241271973
4015,9,1,0.5076726078987122
4016,9,1,0.07668954133987427
4017,4,1,0.2817566990852356
4018,3,1,1.3788336515426636
4019,6,1,0.6058670878410339
4020,8,1,1.3207908868789673
4021,1,0,-0.09179335832595825
4022,6,1,0.8903301954269409
4023,0,1,4.668322563171387
4024,4,1,0.5644745826721191
4025,1,0,-0.036595419049263
4026,3,1,0.8258422613143921
4027,7,1,0.7339784502983093
4028,7,1,0.27285560965538025
4029,4,1,0.5327233076095581
4030,9,1,0.5447306632995605
4031,5,1,0.8038378953933716
4032,1,0,-0.1797420233488083
4033,0,1,4.203725814819336
4034,0,1,3.389808177947998
4035,1,0,-0.169888436794281
4036,1,0,-0.15978242456912994
4037,6,1,0.20814847946166992
4038,2,1,0.594935953617096
4039,1,0,-0.15837189555168152
4040,9,1,0.3636362552642822
4041,8,1,1.2496176958084106
4042,4,1,1.2297254800796509
4043,0,1,4.859740257263184
4044,3,1,1.2053108215332031
4045,6,1,2.448000431060791
4046,4,1,1.0020216703414917
4047,9,1,0.22736084461212158
4048,0,1,5.6231536865234375
4049,7,1,0.09054741263389587
4050,1,0,-0.013256490230560303
4051,6,1,2.1839327812194824
4052,5,1,0.6850526332855225
4053,7,1,0.21685412526130676
4054,5,1,1.1531840562820435
4055,2,1,0.8464059829711914
4056,5,1,0.7216315269470215
4057,1,0,-0.030446380376815796
4058,8,1,0.9968584775924683
4059,5,1,1.9189447164535522
4060,4,1,0.4502321481704712
4061,7,1,0.16860216856002808
4062,0,1,0.8782292604446411
4063,6,1,0.06874549388885498
4064,7,1,0.4601646661758423
4065,0,1,0.8556302785873413
4066,2,1,0.7518981695175171
4067,5,1,0.5435606837272644
4068,8,1,0.9074801206588745
4069,1,0,-0.17191371321678162
4070,0,1,3.801569938659668
4071,4,1,1.6881730556488037
4072,5,1,0.09726428985595703
4073,7,1,0.46705615520477295
4074,1,0,-0.0877062976360321
4075,8,1,1.5082963705062866
4076,5,1,0.8392339944839478
4077,1,0,-0.04008561372756958
4078,9,1,0.3326277732849121
4079,0,1,4.380753517150879
4080,0,1,2.6695289611816406
4081,6,1,0.19651684165000916
4082,0,1,3.704371929168701
4083,7,1,0.7018924951553345
4084,3,1,0.21735739707946777
4085,1,0,-0.160344198346138
4086,8,1,1.3013755083084106
4087,3,1,2.0257720947265625
4088,9,1,0.6787840127944946
4089,7,1,0.43224000930786133
4090,0,1,2.434957981109619
4091,0,1,3.879288673400879
4092,8,1,0.2593933939933777
4093,9,1,0.3919423818588257
4094,5,1,0.32733964920043945
4095,9,1,0.6702637076377869
4096,8,1,0.6370583772659302
4097,3,1,0.2917751669883728
4098,2,1,0.2682252526283264
4099,7,1,0.9225519895553589
4100,2,1,0.6328741312026978
4101,9,1,0.20320677757263184
4102,7,1,1.6477736234664917
4103,2,1,0.4115864038467407
4104,1,0,-0.04899393022060394
4105,1,0,-0.16593360900878906
4106,3,1,0.10313329100608826
4107,7,1,0.3999934792518616
4108,5,1,1.1006883382797241
4109,3,1,0.8664191961288452
4110,1,0,-0.09796951711177826
4111,9,1,1.7575314044952393
4112,8,1,0.9646085500717163
4113,2,1,0.37436604499816895
4114,2,1,0.475131630897522
4115,2,1,0.6424199938774109
4116,8,1,2.056459903717041
4117,8,1,1.2012273073196411
4118,5,1,1.2152684926986694
4119,7,1,0.7656965851783752
4120,3,1,1.1247862577438354
4121,8,1,0.47952377796173096
4122,9,1,1.0301107168197632
4123,8,1,0.6431617736816406
4124,8,1,0.9780399799346924
4125,6,1,0.7875434160232544
4126,8,1,0.10689735412597656
4127,2,1,0.404718816280365
4128,3,1,0.86418616771698
4129,9,1,0.7732880115509033
4130,7,1,0.16373178362846375
4131,5,1,0.39865565299987793
4132,6,1,0.25332075357437134
4133,2,1,0.7829155921936035
4134,9,1,0.38725924491882324
4135,2,1,0.2868896722793579
4136,8,1,0.7070562839508057
4137,8,1,1.1551876068115234
4138,1,0,-0.1550615429878235
4139,6,1,1.08985435962677
4140,8,1,2.063581943511963
4141,8,1,0.7972005605697632
4142,7,1,0.7422748804092407
4143,9,1,0.3994375467300415
4144,1,0,-0.16318881511688232
4145,8,1,1.0885900259017944
4146,0,1,1.7861145734786987
4147,1,0,0.016110867261886597
4148,7,1,0.6500612497329712
4149,2,1,1.2875862121582031
4150,0,1,3.2256321907043457
4151,7,1,2.6649365425109863
4152,5,1,0.012438058853149414
4153,1,0,-0.1697363555431366
4154,9,1,0.7787400484085083
4155,0,1,4.854538917541504
4156,2,1,0.24402326345443726
4157,0,1,1.6743396520614624
4158,9,1,0.9632388353347778
4159,8,1,1.0919891595840454
4160,6,1,0.29916834831237793
4161,2,1,0.4399626851081848
4162,3,1,0.6683064699172974
4163,9,1,1.0134339332580566
4164,3,1,1.037392497062683
4165,8,1,0.36228156089782715
4166,0,1,1.2029999494552612
4167,2,1,0.9027373790740967
4168,1,0,-0.040059298276901245
4169,1,0,-0.15715520083904266
4170,1,0,-0.09025362133979797
4171,1,0,-0.15065565705299377
4172,4,1,0.8795183897018433
4173,2,1,0.2639273405075073
4174,9,1,0.2258228361606598
4175,7,1,-0.06420069932937622
4176,2,1,0.3906230926513672
4177,5,1,1.3308287858963013
4178,1,0,0.12723791599273682
4179,1,0,-0.13259947299957275
4180,2,1,0.3601033091545105
4181,1,0,-0.10265021026134491
4182,9,1,0.26058462262153625
4183,9,1,0.7503390312194824
4184,9,1,0.5124229192733765
4185,1,0,0.0027277767658233643
4186,0,1,1.533434510231018
4187,2,1,0.5440995097160339
4188,0,1,3.864781379699707
4189,2,1,0.15731072425842285
4190,1,0,-0.08954021334648132
4191,1,0,-0.04442554712295532
4192,4,1,0.7991139888763428
4193,6,1,0.7552413940429688
4194,4,1,0.4498496651649475
4195,1,0,-0.07882089912891388
4196,5,1,0.467327356338501
4197,4,1,0.7399685382843018
4198,9,1,0.39249610900878906
4199,7,1,0.5512977838516235
4200,7,1,0.9418380260467529
4201,1,0,0.22005698084831238
4202,5,1,1.4463895559310913
4203,6,1,0.922410249710083
4204,2,1,0.40383636951446533
4205,2,1,1.5640645027160645
4206,2,1,0.7091894149780273
4207,8,1,0.47206956148147583
4208,0,1,3.537682056427002
4209,6,1,0.05919879674911499
4210,9,1,1.030643343925476
4211,6,1,0.2234695553779602
4212,1,0,0.0264396071434021
4213,9,1,0.5242762565612793
4214,7,1,0.6426986455917358
4215,7,1,0.45124351978302
4216,1,0,0.0005543828010559082
4217,4,1,0.47289586067199707
4218,8,1,1.420828938484192
4219,5,1,1.9249757528305054
4220,3,1,0.9151796102523804
4221,4,1,0.05782043933868408
4222,3,1,0.27063244581222534
4223,4,1,1.620103120803833
4224,9,1,0.1257512867450714
4225,7,1,0.46013492345809937
4226,5,1,1.2348861694335938
4227,0,1,1.887884497642517
4228,7,1,0.47649580240249634
4229,4,1,1.1922599077224731
4230,8,1,1.8177424669265747
4231,8,1,0.49050378799438477
4232,1,0,-0.042026907205581665
4233,5,1,0.27951860427856445
4234,3,1,0.9634925127029419
4235,9,1,1.0238310098648071
4236,5,1,1.0036157369613647
4237,9,1,0.2144981324672699
4238,7,1,0.41634225845336914
4239,6,1,0.669815182685852
4240,9,1,0.5548549890518188
4241,0,1,2.7363524436950684
4242,3,1,0.41910362243652344
4243,6,1,0.12801557779312134
4244,3,1,0.26694920659065247
4245,9,1,0.675141453742981
4246,8,1,0.7803877592086792
4247,2,1,0.40075451135635376
4248,2,1,1.895058512687683
4249,1,0,-0.04868040978908539
4250,2,1,1.2905025482177734
4251,8,1,0.23394939303398132
4252,6,1,0.14767518639564514
4253,8,1,0.7708172798156738
4254,5,1,0.25666847825050354
4255,5,1,0.5769185423851013
4256,3,1,0.8452744483947754
4257,9,1,0.8877846002578735
4258,4,1,1.3174923658370972
4259,9,1,0.0004680752754211426
4260,2,1,0.3072282075881958
4261,5,1,1.8684450387954712
4262,1,0,-0.07192523777484894
4263,5,1,1.1319018602371216
4264,1,0,-0.14231771230697632
4265,4,1,0.036629289388656616
4266,4,1,0.39403635263442993
4267,1,0,-0.19192712008953094
4268,4,1,1.2506202459335327
4269,4,1,1.8281058073043823
4270,3,1,0.5934174060821533
4271,5,1,0.8106225728988647
4272,9,1,0.2901418209075928
4273,1,0,-0.09150685369968414
4274,2,1,0.37829720973968506
4275,2,1,0.37669527530670166
4276,3,1,0.2984457015991211
4277,3,1,0.4985194206237793
4278,0,1,3.8601183891296387
4279,2,1,1.073134183883667
4280,9,1,-0.06777739524841309
4281,0,1,0.7139818072319031
4282,0,1,3.2555413246154785
4283,9,1,1.3189016580581665
4284,9,1,0.1947767734527588
4285,6,1,0.3445364236831665
4286,0,1,4.1539788246154785
4287,9,1,0.9511814117431641
4288,3,1,0.5256245732307434
4289,2,1,1.1474628448486328
4290,8,1,0.7825592756271362
4291,4,1,1.0954371690750122
4292,1,0,-0.0907716453075409
4293,9,1,0.7788872718811035
4294,9,1,2.216945171356201
4295,7,1,0.44261181354522705
4296,2,1,0.29523205757141113
4297,7,1,0.16566240787506104
4298,9,1,1.7316792011260986
4299,9,1,0.18340447545051575
4300,5,1,0.1102745532989502
4301,9,1,0.6874056458473206
4302,5,1,0.16663286089897156
4303,1,0,-0.09837733209133148
4304,1,0,-0.08418130874633789
4305,8,1,1.7368934154510498
4306,3,1,0.17036396265029907
4307,5,1,0.6562756896018982
4308,1,0,-0.06765331327915192
4309,9,1,0.1802961230278015
4310,5,1,0.8182030916213989
4311,3,1,0.46485984325408936
4312,5,1,0.09566289186477661
4313,4,1,0.5073763132095337
4314,9,1,0.2342386245727539
4315,5,1,1.0779122114181519
4316,9,1,0.18550753593444824
4317,3,1,1.18855619430542
4318,1,0,0.015960901975631714
4319,9,1,0.5049366354942322
4320,0,1,2.8560476303100586
4321,9,1,1.0442558526992798
4322,7,1,0.46559345722198486
4323,5,1,0.06031394004821777
4324,4,1,0.3263806104660034
4325,9,1,0.22371861338615417
4326,2,1,0.16883009672164917
4327,0,1,4.638935089111328
4328,1,0,-0.0392145961523056
4329,0,1,3.1590633392333984
4330,5,1,0.8345266580581665
4331,1,0,-0.0945172905921936
4332,4,1,0.8811906576156616
4333,9,1,0.3104174733161926
4334,3,1,0.5672890543937683
4335,3,1,0.28313010931015015
4336,6,1,0.47819817066192627
4337,1,0,-0.12814973294734955
4338,5,1,1.2326085567474365
4339,2,1,0.30058223009109497
4340,5,1,1.171854853630066
4341,2,1,0.644058108329773
4342,2,1,0.21724560856819153
4343,0,1,2.3021559715270996
4344,9,1,1.2335443496704102
4345,2,1,1.5560016632080078
4346,6,1,0.7789720296859741
4347,6,1,0.26053228974342346
4348,0,1,3.2888412475585938
4349,1,0,-0.11167711019515991
4350,2,1,0.5502532720565796
4351,0,1,3.871932029724121
4352,3,1,0.34992730617523193
4353,0,1,1.96652090549469
4354,2,1,0.14648252725601196
4355,5,1,0.45840734243392944
4356,5,1,0.07406094670295715
4357,7,1,1.5221484899520874
4358,9,1,0.01618632674217224
4359,5,1,1.1152745485305786
4360,5,1,0.6564986705780029
4361,0,1,1.5293549299240112
4362,8,1,0.5049901008605957
4363,9,1,0.7247092723846436
4364,5,1,0.8502627611160278
4365,0,1,2.1363425254821777
4366,3,1,0.3795235753059387
4367,2,1,1.0111746788024902
4368,5,1,1.1588369607925415
4369,9,1,0.41301262378692627
4370,0,1,1.375380277633667
4371,8,1,-0.012301117181777954
4372,8,1,0.7841912508010864
4373,4,1,0.6824693083763123
4374,5,1,1.4878960847854614
4375,8,1,0.18436336517333984
4376,8,1,1.1622925996780396
4377,4,1,1.479987382888794
4378,5,1,1.4864596128463745
4379,4,1,0.7133508920669556
4380,8,1,0.5523080825805664
4381,5,1,1.2986218929290771
4382,4,1,0.47951585054397583
4383,9,1,0.4605123996734619
4384,2,1,0.24047207832336426
4385,2,1,0.19996941089630127
4386,1,0,-0.0337962806224823
4387,2,1,0.4099472761154175
4388,6,1,0.5252193212509155
4389,8,1,0.20794355869293213
4390,8,1,1.398643136024475
4391,7,1,1.3302985429763794
4392,0,1,3.9276037216186523
4393,3,1,0.5202203392982483
4394,6,1,1.2060645818710327
4395,6,1,2.342576026916504
4396,4,1,0.6924033164978027
4397,3,1,1.2756353616714478
4398,8,1,0.8102709054946899
4399,8,1,0.783133864402771
4400,7,1,0.2506227493286133
4401,2,1,0.35044097900390625
4402,2,1,1.0877021551132202
4403,0,1,2.862773895263672
4404,0,1,3.355419635772705
4405,9,1,0.3882914185523987
4406,3,1,0.8348621129989624
4407,9,1,0.1112804114818573
4408,9,1,1.4215589761734009
4409,1,0,-0.11363145709037781
4410,9,1,0.2822232246398926
4411,8,1,1.2737798690795898
4412,6,1,0.17881470918655396
4413,6,1,-0.01832476258277893
4414,4,1,1.1591891050338745
4415,2,1,1.6211403608322144
4416,6,1,1.645578145980835
4417,9,1,0.8712098598480225
4418,2,1,1.1161037683486938
4419,8,1,0.8197764158248901
4420,5,1,1.75174081325531
4421,4,1,1.0563331842422485
4422,5,1,0.42761707305908203
4423,7,1,0.19762063026428223
4424,9,1,0.5301980972290039
4425,9,1,0.5270441770553589
4426,9,1,0.0893402099609375
4427,2,1,0.4409697651863098
4428,1,0,-0.12269002944231033
4429,8,1,0.5760934352874756
4430,3,1,1.1782361268997192
4431,4,1,0.37862807512283325
4432,0,1,2.182278633117676
4433,7,1,0.3064020276069641
4434,8,1,0.4222850799560547
4435,3,1,0.11589843034744263
4436,9,1,0.2217511534690857
4437,3,1,0.9599274396896362
4438,4,1,0.24650844931602478
4439,6,1,2.0807347297668457
4440,5,1,1.0901926755905151
4441,6,1,2.772749423980713
4442,2,1,0.2707142233848572
4443,3,1,0.7891685962677002
4444,9,1,0.31429344415664673
4445,2,1,0.3719221353530884
4446,6,1,0.6788197755813599
4447,0,1,1.3259036540985107
4448,0,1,2.7364821434020996
4449,6,1,2.4763288497924805
4450,1,0,-0.019280731678009033
4451,2,1,1.3677947521209717
4452,8,1,0.5053234100341797
4453,7,1,0.12243163585662842
4454,9,1,0.12319502234458923
4455,8,1,1.7653303146362305
4456,2,1,0.30070042610168457
4457,0,1,2.2769503593444824
4458,4,1,0.9838094711303711
4459,7,1,0.3389461636543274
4460,7,1,0.4537546634674072
4461,5,1,0.6259013414382935
4462,0,1,3.4779391288757324
4463,5,1,0.8699580430984497
4464,6,1,2.806206703186035
4465,4,1,0.6529501080513
4466,6,1,0.7867718935012817
4467,7,1,0.3906714916229248
4468,4,1,0.4075939655303955
4469,3,1,0.023642390966415405
4470,0,1,1.6039137840270996
4471,7,1,0.7513278722763062
4472,5,1,0.48910707235336304
4473,0,1,1.0031381845474243
4474,7,1,0.9925574064254761
4475,4,1,0.7090531587600708
4476,2,1,0.1421184241771698
4477,0,1,0.1715487837791443
4478,8,1,0.14596056938171387
4479,9,1,0.1961895227432251
4480,9,1,1.4892603158950806
4481,4,1,0.5674076080322266
4482,2,1,1.1341339349746704
4483,4,1,0.5270615816116333
4484,6,1,0.7601955533027649
4485,7,1,0.7581648230552673
4486,8,1,1.0937658548355103
4487,7,1,1.2255431413650513
4488,6,1,0.4302022457122803
4489,9,1,0.1656530499458313
4490,4,1,1.402301549911499
4491,1,0,-0.06165747344493866
4492,3,1,0.3244290351867676
4493,7,1,0.20472398400306702
4494,3,1,0.033052146434783936
4495,0,1,1.7798479795455933
4496,8,1,0.5749558806419373
4497,8,1,0.2834789752960205
4498,7,1,0.5557746291160583
4499,6,1,1.2598339319229126
4500,9,1,0.009922921657562256
4501,3,1,0.5572487115859985
4502,9,1,0.348611056804657
4503,2,1,0.20738491415977478
4504,2,1,0.5620761513710022
4505,9,1,0.9957035779953003
4506,2,1,1.2015944719314575
4507,1,0,0.20284581184387207
4508,8,1,0.9878619909286499
4509,3,1,0.23559105396270752
4510,2,1,1.5640161037445068
4511,9,1,2.0720248222351074
4512,6,1,0.17039796710014343
4513,8,1,0.11142593622207642
4514,4,1,0.21958154439926147
4515,0,1,1.822348952293396
4516,1,0,-0.06848618388175964
4517,2,1,0.8111674785614014
4518,8,1,0.828559398651123
4519,4,1,1.0108331441879272
4520,5,1,0.7995809316635132
4521,2,1,0.23644235730171204
4522,7,1,0.7106823921203613
4523,8,1,0.07138064503669739
4524,1,0,-0.1274229884147644
4525,1,0,-0.003952547907829285
4526,3,1,1.1882188320159912
4527,0,1,4.128429412841797
4528,3,1,0.8673275709152222
4529,5,1,0.5259355306625366
4530,7,1,0.8165229558944702
4531,0,1,2.350625991821289
4532,3,1,1.0310276746749878
4533,1,0,-0.08081501722335815
4534,9,1,1.3183077573776245
4535,3,1,0.22402232885360718
4536,6,1,1.1902707815170288
4537,3,1,0.7145715355873108
4538,1,0,-0.10294478386640549
4539,7,1,0.7841194868087769
4540,7,1,0.10359442234039307
4541,3,1,0.4960731267929077
4542,0,1,2.850224494934082
4543,8,1,0.6765713691711426
4544,4,1,0.4709033966064453
4545,8,1,0.39133328199386597
4546,2,1,1.3171533346176147
4547,6,1,1.2949763536453247
4548,5,1,2.120208263397217
4549,2,1,0.6380414366722107
4550,9,1,0.6088119745254517
4551,7,1,1.1391024589538574
4552,3,1,1.064658522605896
4553,9,1,0.8478233814239502
4554,0,1,3.2786641120910645
4555,9,1,0.2910255789756775
4556,9,1,0.43439769744873047
4557,6,1,1.149696946144104
4558,4,1,1.5558934211730957
4559,2,1,0.8229449987411499
4560,9,1,1.0677658319473267
4561,7,1,0.9233702421188354
4562,2,1,2.0292601585388184
4563,1,0,0.06616273522377014
4564,1,0,-0.04808908700942993
4565,6,1,0.12421667575836182
4566,7,1,0.3293025493621826
4567,4,1,0.015595152974128723
4568,7,1,0.29401350021362305
4569,5,1,0.8084899187088013
4570,9,1,0.610326886177063
4571,6,1,1.8720415830612183
4572,8,1,0.9188734292984009
4573,2,1,0.627118706703186
4574,1,0,-0.17499473690986633
4575,4,1,1.1268757581710815
4576,4,1,0.8687801361083984
4577,5,1,0.314635694026947
4578,7,1,0.354847252368927
4579,6,1,0.1367085874080658
4580,1,0,-0.14437437057495117
4581,3,1,0.3871155381202698
4582,2,1,0.778643012046814
4583,5,1,0.17604446411132812
4584,9,1,1.0420137643814087
4585,9,1,0.6670089960098267
4586,3,1,0.36997562646865845
4587,6,1,1.0103274583816528
4588,1,0,-0.13319054245948792
4589,1,0,-0.0016274601221084595
4590,4,1,1.0360299348831177
4591,6,1,0.7231307029724121
4592,9,1,1.1671452522277832
4593,7,1,0.6396772861480713
4594,2,1,0.5665794014930725
4595,1,0,-0.13206429779529572
4596,5,1,2.081610679626465
4597,1,0,-0.020918041467666626
4598,4,1,0.6019271612167358
4599,6,1,0.18527522683143616
4600,3,1,0.36680030822753906
4601,8,1,1.5518985986709595
4602,1,0,-0.14799609780311584
4603,1,0,-0.07978516817092896
4604,0,1,2.1520004272460938
4605,3,1,0.29186761379241943
4606,1,0,-0.1275220513343811
4607,6,1,0.15055429935455322
4608,8,1,0.817324161529541
4609,4,1,0.7899229526519775
4610,9,1,0.4411381483078003
4611,0,1,2.9928998947143555
4612,7,1,0.127191960811615
4613,3,1,0.1042148768901825
4614,0,1,2.307798385620117
4615,2,1,0.6565185785293579
4616,9,1,1.1450856924057007
4617,0,1,2.8195791244506836
4618,6,1,2.178095817565918
4619,6,1,0.2805798053741455
4620,6,1,0.8526730537414551
4621,3,1,0.5779851675033569
4622,6,1,1.5911277532577515
4623,7,1,0.4194311499595642
4624,7,1,0.3086055517196655
4625,2,1,0.5003127455711365
4626,8,1,1.50075364112854
4627,6,1,1.3875088691711426
4628,0,1,5.628514766693115
4629,8,1,1.3912500143051147
4630,3,1,0.6974245309829712
4631,0,1,2.524980068206787
4632,2,1,0.11952507495880127
4633,9,1,0.6069799065589905
4634,8,1,0.2724738121032715
4635,3,1,0.2532285749912262
4636,2,1,0.5689159631729126
4637,5,1,1.9922202825546265
4638,3,1,0.8278670310974121
4639,8,1,0.789283037185669
4640,8,1,0.15300074219703674
4641,0,1,3.5370535850524902
4642,0,1,3.012697219848633
4643,1,0,-0.12518373131752014
4644,9,1,0.1712578535079956
4645,5,1,1.9197741746902466
4646,1,0,-0.06261304020881653
4647,3,1,0.19906207919120789
4648,9,1,0.2947632074356079
4649,6,1,0.1543635129928589
4650,0,1,3.5072927474975586
4651,1,0,-0.12857867777347565
4652,4,1,1.1349903345108032
4653,1,0,-0.035625576972961426
4654,7,1,0.9338955879211426
4655,1,0,-0.007313907146453857
4656,2,1,0.6407987475395203
4657,3,1,0.263587087392807
4658,7,1,0.40075212717056274
4659,9,1,0.5451067090034485
4660,7,1,0.20106250047683716
4661,4,1,0.8612242937088013
4662,9,1,0.4810584783554077
4663,9,1,0.36573970317840576
4664,3,1,0.7021530866622925
4665,9,1,0.4386773109436035
4666,2,1,1.6639448404312134
4667,8,1,1.4906926155090332
4668,2,1,0.4165939688682556
4669,7,1,0.87580406665802
4670,1,0,-0.16046848893165588
4671,8,1,1.5908955335617065
4672,0,1,0.9461435079574585
4673,9,1,0.7576172947883606
4674,1,0,-0.02279984951019287
4675,0,1,2.1541948318481445
4676,1,0,-0.13236747682094574
4677,7,1,0.33662986755371094
4678,7,1,1.138741374015808
4679,9,1,0.7910178899765015
4680,6,1,0.7008165717124939
4681,9,1,1.1093443632125854
4682,9,1,0.6483573317527771
4683,9,1,0.49761879444122314
4684,2,1,0.19451403617858887
4685,1,0,-0.141159325838089
4686,6,1,2.472484588623047
4687,1,0,-0.1336064636707306
4688,3,1,1.4238554239273071
4689,5,1,0.824171781539917
4690,7,1,0.7770816087722778
4691,1,0,-0.11742502450942993
4692,9,1,1.1145061254501343
4693,7,1,1.3077887296676636
4694,6,1,0.7408740520477295
4695,4,1,0.4718249440193176
4696,5,1,0.9325243234634399
4697,7,1,0.5029960870742798
4698,6,1,0.9027202129364014
4699,6,1,0.20554250478744507
4700,9,1,0.5504856109619141
4701,9,1,0.8372946977615356
4702,6,1,1.3017207384109497
4703,3,1,1.5467883348464966
4704,6,1,0.15823477506637573
4705,2,1,0.4506976008415222
4706,9,1,0.3587254285812378
4707,8,1,0.4078073501586914
4708,1,0,-0.09516236186027527
4709,2,1,0.7524939775466919
4710,2,1,0.870309591293335
4711,5,1,1.9121569395065308
4712,5,1,1.1678658723831177
4713,2,1,0.7486459016799927
4714,3,1,0.4412902593612671
4715,7,1,1.0479072332382202
4716,2,1,0.528542160987854
4717,1,0,-0.12600171566009521
4718,0,1,4.460351943969727
4719,1,0,0.06604677438735962
4720,0,1,2.033064365386963
4721,4,1,0.41168832778930664
4722,5,1,0.7657107710838318
4723,2,1,0.6145493984222412
4724,8,1,0.9234710931777954
4725,2,1,0.38821130990982056
4726,8,1,0.19399863481521606
4727,3,1,0.13847872614860535
4728,5,1,0.5692636966705322
4729,1,0,-0.10512951016426086
4730,7,1,1.2210794687271118
4731,8,1,0.1065574586391449
4732,1,0,-0.17822378873825073
4733,1,0,-0.048819929361343384
4734,2,1,0.8841798305511475
4735,9,1,0.26687532663345337
4736,7,1,0.51759934425354
4737,8,1,0.48876047134399414
4738,4,1,0.43765538930892944
4739,0,1,1.2438620328903198
4740,3,1,0.06940335035324097
4741,0,1,3.710623264312744
4742,7,1,0.29352474212646484
4743,8,1,1.0591137409210205
4744,8,1,0.1924285888671875
4745,4,1,0.02850934863090515
4746,7,1,0.9497132301330566
4747,7,1,0.5976477861404419
4748,8,1,2.118173122406006
4749,5,1,0.9494069814682007
4750,8,1,0.9292083978652954
4751,4,1,0.21513530611991882
4752,9,1,0.18266615271568298
4753,8,1,0.11808329820632935
4754,1,0,-0.09061339497566223
4755,3,1,0.11531132459640503
4756,8,1,0.6515544056892395
4757,0,1,3.42982816696167
4758,3,1,0.8123456239700317
4759,1,0,0.2549382448196411
4760,7,1,0.7652250528335571
4761,9,1,-0.08389487862586975
4762,5,1,0.8148995637893677
4763,5,1,0.5461050271987915
4764,1,0,-0.054839104413986206
4765,6,1,1.7506781816482544
4766,5,1,1.6948245763778687
4767,7,1,1.3868024349212646
4768,4,1,1.7366365194320679
4769,9,1,0.30902647972106934
4770,3,1,0.5251301527023315
4771,5,1,0.9885915517807007
4772,4,1,0.6268258094787598
4773,7,1,0.11250200867652893
4774,1,0,-0.11087913811206818
4775,2,1,0.9686586856842041
4776,0,1,2.4157943725585938
4777,8,1,0.06621173024177551
4778,1,0,-0.13284823298454285
4779,6,1,1.709364652633667
4780,0,1,3.4518227577209473
4781,7,1,0.582478940486908
4782,3,1,0.1419212818145752
4783,4,1,0.2360621690750122
4784,7,1,0.9250079393386841
4785,3,1,0.6905925273895264
4786,9,1,0.2556442618370056
4787,6,1,0.42586076259613037
4788,0,1,1.3166550397872925
4789,8,1,1.2115117311477661
4790,6,1,0.2978969216346741
4791,4,1,0.08688998222351074
4792,8,1,1.966314673423767
4793,7,1,0.37636280059814453
4794,7,1,0.6658087968826294
4795,9,1,0.6707103252410889
4796,3,1,0.36868005990982056
4797,8,1,0.6263098120689392
4798,6,1,0.14288485050201416
4799,9,1,0.3617478609085083
4800,7,1,0.33167576789855957
4801,2,1,0.6398237943649292
4802,3,1,0.4946613907814026
4803,4,1,0.5538282990455627
4804,0,1,2.1508374214172363
4805,2,1,0.4024587869644165
4806,1,0,-0.09334444999694824
4807,8,1,0.42727744579315186
4808,3,1,1.941214919090271
4809,5,1,1.1043981313705444
4810,5,1,1.4790847301483154
4811,7,1,0.8543218374252319
4812,2,1,-0.06892241537570953
4813,4,1,0.9451032876968384
4814,6,1,2.4713048934936523
4815,7,1,0.4754987955093384
4816,2,1,0.5222294330596924
4817,8,1,1.0355212688446045
4818,3,1,0.7342981100082397
4819,0,1,1.7311612367630005
4820,8,1,0.989942193031311
4821,7,1,1.8133186101913452
4822,8,1,1.0886746644973755
4823,9,1,0.6610756516456604
4824,0,1,1.4939446449279785
4825,8,1,0.8142070770263672
4826,4,1,0.9994411468505859
4827,4,1,0.9184945821762085
4828,5,1,1.0146771669387817
4829,8,1,1.2803829908370972
4830,5,1,0.4715399146080017
4831,6,1,1.2095967531204224
4832,6,1,0.16636064648628235
4833,3,1,1.1997100114822388
4834,0,1,2.4117865562438965
4835,9,1,0.38169699907302856
4836,3,1,0.1114845871925354
4837,7,1,0.006856322288513184
4838,6,1,0.556749701499939
4839,8,1,0.2989441156387329
4840,9,1,0.33000874519348145
4841,3,1,0.2178693413734436
4842,4,1,0.9414564371109009
4843,9,1,0.17777571082115173
4844,5,1,1.426916480064392
4845,8,1,1.0570727586746216
4846,9,1,0.3108298182487488
4847,1,0,-0.07575206458568573
4848,2,1,1.0872403383255005
4849,8,1,0.057797133922576904
4850,8,1,0.5455582737922668
4851,6,1,0.7143570184707642
4852,8,1,0.5226453542709351
4853,1,0,-0.1432410329580307
4854,3,1,1.224365472793579
4855,7,1,0.27258238196372986
4856,9,1,0.26028114557266235
4857,0,1,1.7983440160751343
4858,1,0,-0.07855385541915894
4859,1,0,-0.07703696191310883
4860,4,1,0.526080846786499
4861,7,1,0.18722838163375854
4862,0,1,5.524972915649414
4863,8,1,0.4495537281036377
4864,1,0,0.07246363162994385
4865,7,1,0.5655310153961182
4866,4,1,0.7621023058891296
4867,5,1,1.8011962175369263
4868,7,1,0.22625130414962769
4869,1,0,-0.14048372209072113
4870,2,1,0.7960823774337769
4871,1,0,0.012391418218612671
4872,1,0,-0.05292467772960663
4873,3,1,0.58269202709198
4874,9,1,1.64640212059021
4875,6,1,0.7847615480422974
4876,2,1,0.5771039128303528
4877,1,0,-0.03859099745750427
4878,2,1,2.1305360794067383
4879,8,1,0.18998008966445923
4880,0,1,2.830808162689209
4881,7,1,1.1396030187606812
4882,6,1,1.758345365524292
4883,6,1,1.0408155918121338
4884,9,1,0.06940141320228577
4885,3,1,0.18090084195137024
4886,7,1,-0.07322020828723907
4887,0,1,2.499643325805664
4888,5,1,3.731564998626709
4889,2,1,0.8970352411270142
4890,8,1,0.5291517376899719
4891,0,1,4.886395454406738
4892,5,1,1.3392828702926636
4893,4,1,0.5725165605545044
4894,3,1,0.6801111698150635
4895,8,1,0.35903656482696533
4896,4,1,0.7005648016929626
4897,6,1,0.016835689544677734
4898,6,1,0.01296260952949524
4899,2,1,1.0102548599243164
4900,7,1,0.1978623867034912
4901,9,1,0.3011414408683777
4902,5,1,0.4140767455101013
4903,1,0,-0.09202097356319427
4904,3,1,1.3272348642349243
4905,2,1,1.1208070516586304
4906,4,1,1.435136079788208
4907,3,1,0.23387101292610168
4908,6,1,0.6431969404220581
4909,1,0,-0.05781060457229614
4910,9,1,0.19574111700057983
4911,4,1,0.30550312995910645
4912,4,1,0.849592924118042
4913,7,1,0.5227586030960083
4914,6,1,2.1248393058776855
4915,5,1,0.8604234457015991
4916,4,1,1.2360033988952637
4917,1,0,-0.168246328830719
4918,9,1,0.10247147083282471
4919,9,1,0.3338686227798462
4920,2,1,1.1138191223144531
4921,7,1,0.1822049617767334
4922,8,1,0.18507003784179688
4923,0,1,2.9101781845092773
4924,1,0,-0.00800110399723053
4925,3,1,0.84412682056427
4926,6,1,0.17958706617355347
4927,1,0,-0.13609027862548828
4928,3,1,0.04770752787590027
4929,4,1,0.6420480608940125
4930,1,0,-0.09955081343650818
4931,1,0,-0.02192150056362152
4932,1,0,-0.10012811422348022
4933,5,1,1.4592067003250122
4934,6,1,1.3191285133361816
4935,0,1,2.8134512901306152
4936,7,1,0.39870548248291016
4937,0,1,4.7342634201049805
4938,7,1,0.6934337615966797
4939,2,1,0.5002073049545288
4940,3,1,2.0689892768859863
4941,2,1,0.6287912130355835
4942,5,1,0.5866332054138184
4943,2,1,0.43389439582824707
4944,2,1,0.33044296503067017
4945,9,1,0.5271474123001099
4946,4,1,0.4797598123550415
4947,9,1,0.2832897901535034
4948,8,1,0.8255757093429565
4949,1,0,-0.028108447790145874
4950,2,1,1.5516752004623413
4951,1,0,-0.039826735854148865
4952,6,1,0.956336498260498
4953,1,0,-0.15465793013572693
4954,2,1,0.6288908123970032
4955,7,1,1.587064266204834
4956,8,1,0.6870123744010925
4957,0,1,3.6347832679748535
4958,0,1,3.004976749420166
4959,0,1,1.999320387840271
4960,8,1,1.5989093780517578
4961,2,1,0.22039467096328735
4962,2,1,1.1137218475341797
4963,9,1,0.026232272386550903
4964,2,1,0.05085188150405884
4965,2,1,0.7079391479492188
4966,7,1,0.12024015188217163
4967,9,1,0.6267831325531006
4968,9,1,1.9537862539291382
4969,2,1,0.7583973407745361
4970,7,1,0.050708502531051636
4971,5,1,0.3651965856552124
4972,1,0,-0.0846758484840393
4973,3,1,0.76036536693573
4974,4,1,0.8462988138198853
4975,9,1,0.27216070890426636
4976,4,1,0.7600944638252258
4977,1,0,-0.10451993346214294
4978,8,1,0.2927654981613159
4979,5,1,2.3834829330444336
4980,6,1,1.3058021068572998
4981,2,1,0.9166004657745361
4982,8,1,1.256951928138733
4983,3,1,0.34671634435653687
4984,1,0,-0.04763060808181763
4985,2,1,0.6061785221099854
4986,8,1,0.41913843154907227
4987,4,1,0.7485255002975464
4988,9,1,0.5964186191558838
4989,9,1,0.5842673778533936
4990,3,1,0.10658019781112671
4991,7,1,0.08584475517272949
4992,0,1,4.211077690124512
4993,7,1,0.3146602511405945
4994,7,1,0.5131748914718628
4995,2,1,0.21638241410255432
4996,3,1,0.5006078481674194
4997,2,1,0.13158807158470154
4998,4,1,0.8216978311538696
4999,0,1,4.319310188293457
5000,3,1,0.9518847465515137
5001,9,1,1.006247639656067
5002,9,1,0.5405093431472778
5003,8,1,0.9501097202301025
5004,4,1,0.9562276601791382
5005,1,0,-0.1411662995815277
5006,0,1,2.275463104248047
5007,6,1,0.6930859088897705
5008,0,1,2.163046360015869
5009,9,1,0.494198739528656
5010,6,1,0.23949682712554932
5011,8,1,0.03524717688560486
5012,6,1,1.355603814125061
5013,1,0,-0.10971010476350784
5014,1,0,-0.16146406531333923
5015,9,1,0.8207579851150513
5016,8,1,1.4192770719528198
5017,9,1,1.1400542259216309
5018,2,1,0.9351142644882202
5019,3,1,0.3654090166091919
5020,5,1,0.23978176712989807
5021,5,1,0.3874657154083252
5022,9,1,0.4825611710548401
5023,4,1,0.5388330221176147
5024,2,1,0.99335777759552
5025,1,0,-0.13257962465286255
5026,9,1,0.5182849764823914
5027,4,1,0.1429363489151001
5028,3,1,0.6485928297042847
5029,9,1,0.5463974475860596
5030,6,1,0.7795730829238892
5031,0,1,2.2693347930908203
5032,4,1,0.29346972703933716
5033,0,1,1.968760371208191
5034,6,1,0.38892054557800293
5035,0,1,1.765394687652588
5036,1,0,-0.15585066378116608
5037,2,1,0.816068172454834
5038,3,1,0.285190224647522
5039,4,1,0.4867071509361267
5040,7,1,0.18303069472312927
5041,8,1,0.5486865043640137
5042,9,1,0.31344014406204224
5043,0,1,2.7741189002990723
5044,1,0,-0.13834333419799805
5045,2,1,0.7773514986038208
5046,3,1,0.2916242480278015
5047,4,1,0.11115702986717224
5048,7,1,0.10169863700866699
5049,8,1,0.4057633876800537
5050,9,1,0.22410959005355835
5051,0,1,1.7710267305374146
5052,1,0,-0.13110069930553436
5053,2,1,0.5902684926986694
5054,3,1,0.48171770572662354
5055,4,1,0.5226410031318665
5056,5,1,0.4260673522949219
5057,6,1,1.0173423290252686
5058,7,1,0.07351475954055786
5059,8,1,0.2500670850276947
5060,9,1,0.5037375688552856
5061,8,1,0.2840456962585449
5062,3,1,0.19147679209709167
5063,4,1,0.3088047504425049
5064,7,1,0.17498064041137695
5065,8,1,0.0036058425903320312
5066,6,1,1.0284305810928345
5067,3,1,0.06848675012588501
5068,4,1,0.18946516513824463
5069,0,1,2.7890429496765137
5070,9,1,0.46719419956207275
5071,7,1,0.5696402788162231
5072,1,0,-0.12928679585456848
5073,9,1,0.3084549903869629
5074,3,1,0.7106728553771973
5075,8,1,0.17631417512893677
5076,4,1,0.4090437889099121
5077,7,1,0.20104846358299255
5078,3,1,0.23201587796211243
5079,0,1,2.253910541534424
5080,9,1,0.47535622119903564
5081,1,0,-0.0507599413394928
5082,4,1,0.9502278566360474
5083,5,1,0.44724947214126587
5084,4,1,0.10116690397262573
5085,6,1,0.7992590665817261
5086,2,1,0.549750030040741
5087,0,1,2.8222713470458984
5088,6,1,0.9066246747970581
5089,2,1,0.6795837879180908
5090,1,0,-0.15100181102752686
5091,1,0,-0.1510433852672577
5092,1,0,-0.14421802759170532
5093,1,0,-0.1066039651632309
5094,7,1,0.32976996898651123
5095,2,1,0.7364823818206787
5096,4,1,0.5403248071670532
5097,7,1,0.6418651342391968
5098,5,1,0.25167739391326904
5099,2,1,0.39243078231811523
5100,9,1,0.020451396703720093
5101,4,1,0.20524638891220093
5102,5,1,0.4080321788787842
5103,8,1,0.6611063480377197
5104,4,1,0.9047095775604248
5105,2,1,0.44237804412841797
5106,9,1,0.2088834047317505
5107,7,1,0.4117724895477295
5108,0,1,2.2894530296325684
5109,0,1,3.0424842834472656
5110,7,1,0.32563287019729614
5111,5,1,0.30761706829071045
5112,1,0,-0.155770406126976
5113,1,0,-0.111649289727211
5114,7,1,0.20982027053833008
5115,6,1,0.7501068115234375
5116,6,1,0.9791252613067627
5117,6,1,1.4581552743911743
5118,8,1,0.40184634923934937
5119,2,1,0.5051034688949585
5120,2,1,0.23651960492134094
5121,7,1,0.19209355115890503
5122,7,1,0.38988029956817627
5123,4,1,1.088985562324524
5124,0,1,2.5927934646606445
5125,2,1,0.6845046281814575
5126,4,1,0.23431602120399475
5127,2,1,0.21797892451286316
5128,1,0,-0.14822205901145935
5129,8,1,0.9051891565322876
5130,9,1,0.1692131757736206
5131,6,1,0.3679025173187256
5132,1,0,-0.1581300050020218
5133,0,1,2.513411045074463
5134,5,1,0.7875188589096069
5135,9,1,0.2624490559101105
5136,6,1,1.2549723386764526
5137,9,1,0.05044582486152649
5138,8,1,0.43955564498901367
5139,0,1,3.015014171600342
5140,3,1,0.20269349217414856
5141,0,1,2.5032296180725098
5142,8,1,0.5852931141853333
5143,3,1,0.3886878490447998
5144,9,1,0.04673647880554199
5145,6,1,0.8800879716873169
5146,3,1,0.10345864295959473
5147,0,1,2.6299147605895996
5148,1,0,-0.1681867092847824
5149,2,1,0.6414345502853394
5150,3,1,0.713266134262085
5151,4,1,0.5305586457252502
5152,5,1,1.5102450847625732
5153,6,1,2.4619264602661133
5154,7,1,0.04728901386260986
5155,0,1,1.5267332792282104
5156,1,0,-0.1316998302936554
5157,2,1,1.2287226915359497
5158,3,1,0.5602402687072754
5159,4,1,0.1795298457145691
5160,5,1,0.5911439061164856
5161,6,1,1.226544737815857
5162,7,1,0.1929311454296112
5163,8,1,0.5662335157394409
5164,9,1,0.1701337993144989
5165,0,1,2.3347373008728027
5166,1,0,-0.03072988986968994
5167,2,1,0.7088859677314758
5168,3,1,1.1115940809249878
5169,4,1,1.2383819818496704
5170,5,1,0.24536138772964478
5171,6,1,0.9455642700195312
5172,7,1,0.20989647507667542
5173,8,1,0.6039437651634216
5174,5,1,0.45884865522384644
5175,4,1,1.0747301578521729
5176,8,1,1.2461260557174683
5177,7,1,0.7759072780609131
5178,4,1,1.148405909538269
5179,7,1,0.7179214954376221
5180,7,1,0.3292980194091797
5181,3,1,0.8098230361938477
5182,9,1,0.09668740630149841
5183,8,1,1.5852943658828735
5184,8,1,1.017721176147461
5185,3,1,0.8965624570846558
5186,1,0,-0.15112614631652832
5187,5,1,0.8158508539199829
5188,8,1,1.2804173231124878
5189,2,1,0.33788591623306274
5190,7,1,0.09787064790725708
5191,4,1,2.0321240425109863
5192,2,1,0.37615275382995605
5193,1,0,-0.10779599845409393
5194,5,1,0.23467683792114258
5195,4,1,0.9226471185684204
5196,5,1,0.34768736362457275
5197,5,1,0.30107831954956055
5198,8,1,1.0606870651245117
5199,6,1,1.5012885332107544
5200,4,1,0.7716242074966431
5201,4,1,1.5787538290023804
5202,4,1,0.7612119317054749
5203,1,0,-0.019272148609161377
5204,8,1,0.2960846424102783
5205,7,1,0.2676126956939697
5206,5,1,1.332779049873352
5207,5,1,0.4303337335586548
5208,1,0,-0.12777893245220184
5209,8,1,1.2135567665100098
5210,9,1,0.4939807653427124
5211,1,0,-0.13351520895957947
5212,3,1,0.9759374856948853
5213,6,1,1.0644360780715942
5214,3,1,0.5824863910675049
5215,3,1,0.7068667411804199
5216,2,1,0.8686953783035278
5217,2,1,0.365658700466156
5218,6,1,1.534990906715393
5219,9,1,0.39502018690109253
5220,9,1,0.2850431203842163
5221,6,1,2.3966164588928223
5222,5,1,0.6584048271179199
5223,5,1,0.3492778539657593
5224,3,1,0.7190724015235901
5225,3,1,0.28872227668762207
5226,8,1,0.5727111101150513
5227,1,0,-0.1506691873073578
5228,6,1,0.904128909111023
5229,5,1,0.1923350691795349
5230,6,1,1.2012618780136108
5231,8,1,1.4277323484420776
5232,1,0,-0.13654384016990662
5233,9,1,0.37282633781433105
5234,7,1,0.08054155111312866
5235,6,1,1.187172293663025
5236,8,1,0.8143880367279053
5237,3,1,0.7718634009361267
5238,7,1,0.2258559763431549
5239,4,1,1.1713882684707642
5240,7,1,0.1989576518535614
5241,0,1,3.668562889099121
5242,9,1,0.2537451386451721
5243,0,1,1.498902440071106
5244,0,1,2.10896635055542
5245,3,1,0.4126533269882202
5246,7,1,0.2203381061553955
5247,9,1,0.11192953586578369
5248,3,1,0.5454846024513245
5249,0,1,2.9389681816101074
5250,2,1,0.5885921716690063
5251,0,1,1.62453293800354
5252,1,0,-0.09596285223960876
5253,0,1,1.4325565099716187
5254,1,0,-0.13954898715019226
5255,0,1,1.8715523481369019
5256,4,1,1.844727873802185
5257,0,1,1.8788682222366333
5258,1,0,-0.1629013866186142
5259,0,1,2.8215646743774414
5260,4,1,0.5189183354377747
5261,7,1,0.1815786361694336
5262,9,1,0.18634161353111267
5263,6,1,1.3998662233352661
5264,2,1,0.7928495407104492
5265,6,1,1.2437547445297241
5266,2,1,0.3275644779205322
5267,2,1,0.5230450630187988
5268,9,1,0.8173003196716309
5269,9,1,0.24366211891174316
5270,0,1,1.5586360692977905
5271,1,0,-0.15291079878807068
5272,2,1,0.4475210905075073
5273,3,1,0.6895256638526917
5274,4,1,1.0146154165267944
5275,5,1,1.3180748224258423
5276,6,1,0.5749733448028564
5277,7,1,0.2190747857093811
5278,8,1,1.403597354888916
5279,9,1,0.35809725522994995
5280,0,1,1.9555858373641968
5281,1,0,-0.1476668119430542
5282,2,1,0.7921828031539917
5283,3,1,0.993451714515686
5284,4,1,0.344036340713501
5285,5,1,1.491923451423645
5286,6,1,0.3319447636604309
5287,7,1,1.9280773401260376
5288,8,1,1.5829962491989136
5289,9,1,0.6233439445495605
5290,0,1,2.8465676307678223
5291,1,0,-0.1591651290655136
5292,2,1,1.4909507036209106
5293,3,1,0.6452521681785583
5294,4,1,1.2693413496017456
5295,5,1,1.9880326986312866
5296,6,1,0.290709912776947
5297,7,1,0.9669214487075806
5298,8,1,1.425362229347229
5299,9,1,0.21360352635383606
5300,8,1,0.23899996280670166
5301,0,1,1.2427462339401245
5302,5,1,1.4176974296569824
5303,6,1,0.21319440007209778
5304,6,1,0.2673647701740265
5305,0,1,3.1618618965148926
5306,8,1,0.3286348581314087
5307,0,1,1.6697505712509155
5308,2,1,1.6178032159805298
5309,3,1,0.6591815948486328
5310,7,1,1.1479930877685547
5311,9,1,0.20185160636901855
5312,4,1,0.656812310218811
5313,7,1,1.114820957183838
5314,1,0,-0.06408414244651794
5315,9,1,0.48297250270843506
5316,1,0,-0.1473895013332367
5317,7,1,0.8865855932235718
5318,1,0,-0.15499237179756165
5319,4,1,0.459108829498291
5320,0,1,1.9201306104660034
5321,0,1,2.191896915435791
5322,4,1,0.5170902013778687
5323,1,0,-0.13186968863010406
5324,7,1,0.37327200174331665
5325,5,1,1.1625902652740479
5326,7,1,0.6077064275741577
5327,1,0,-0.11497762799263
5328,3,1,0.5980157852172852
5329,3,1,0.699508786201477
5330,3,1,0.4226558208465576
5331,1,0,0.22228282690048218
5332,6,1,0.5454520583152771
5333,9,1,0.43940627574920654
5334,7,1,0.5085279941558838
5335,4,1,0.18128740787506104
5336,3,1,0.601060152053833
5337,0,1,2.7853198051452637
5338,2,1,1.2133229970932007
5339,5,1,1.505269169807434
5340,2,1,0.9118692874908447
5341,6,1,0.6729793548583984
5342,0,1,2.168653964996338
5343,8,1,0.24965327978134155
5344,9,1,0.9100072383880615
5345,4,1,0.5063273310661316
5346,3,1,0.4498963952064514
5347,5,1,1.7250795364379883
5348,4,1,0.7403898239135742
5349,8,1,0.20896154642105103
5350,1,0,-0.10757285356521606
5351,5,1,0.8217965364456177
5352,9,1,0.6649060249328613
5353,0,1,2.4792518615722656
5354,6,1,0.477450966835022
5355,4,1,0.7999112606048584
5356,3,1,0.9981328248977661
5357,6,1,0.2102832794189453
5358,3,1,0.3721839189529419
5359,3,1,0.4040713906288147
5360,8,1,0.2977628707885742
5361,1,0,-0.15303689241409302
5362,4,1,0.3329949975013733
5363,7,1,0.6491873264312744
5364,5,1,2.0120954513549805
5365,7,1,0.7882006168365479
5366,2,1,0.7698706388473511
5367,2,1,1.7927035093307495
5368,0,1,2.39686918258667
5369,0,1,3.0641160011291504
5370,1,0,-0.12097547948360443
5371,7,1,0.5928163528442383
5372,7,1,0.2438802719116211
5373,9,1,0.6248971819877625
5374,5,1,0.6385431289672852
5375,9,1,0.17490863800048828
5376,8,1,0.40004199743270874
5377,9,1,1.2255085706710815
5378,6,1,0.2141551375389099
5379,8,1,0.5185056328773499
5380,8,1,0.6196667551994324
5381,2,1,1.6957310438156128
5382,3,1,1.0032117366790771
5383,6,1,0.6230835914611816
5384,1,0,-0.11448151618242264
5385,2,1,1.2116825580596924
5386,9,1,0.5978569388389587
5387,8,1,0.13588345050811768
5388,9,1,0.40082138776779175
5389,5,1,1.2419418096542358
5390,2,1,1.3623054027557373
5391,6,1,0.48643094301223755
5392,2,1,0.4822370409965515
5393,4,1,0.8503028154373169
5394,8,1,0.11832994222640991
5395,4,1,0.3578709363937378
5396,6,1,0.2625274658203125
5397,5,1,1.708386778831482
5398,0,1,1.6914005279541016
5399,1,0,-0.11791572719812393
5400,5,1,0.5155636668205261
5401,6,1,0.48439985513687134
5402,7,1,0.40818703174591064
5403,8,1,0.26243868470191956
5404,9,1,0.34957224130630493
5405,0,1,3.0427675247192383
5406,1,0,-0.16756251454353333
5407,2,1,0.7333471179008484
5408,3,1,1.1124037504196167
5409,4,1,1.5979348421096802
5410,5,1,0.5497052669525146
5411,6,1,1.845889925956726
5412,7,1,0.3441711664199829
5413,8,1,0.4493759870529175
5414,9,1,0.19598376750946045
5415,0,1,3.8091673851013184
5416,1,0,-0.1245025247335434
5417,2,1,1.119554877281189
5418,3,1,1.179348111152649
5419,4,1,0.9686154127120972
5420,5,1,0.5177438259124756
5421,6,1,1.5277750492095947
5422,7,1,1.4701143503189087
5423,8,1,0.19403570890426636
5424,9,1,0.19712421298027039
5425,7,1,0.6431909799575806
5426,4,1,1.1911206245422363
5427,2,1,0.8883024454116821
5428,0,1,2.86777925491333
5429,9,1,0.18014276027679443
5430,0,1,3.314335823059082
5431,1,0,-0.13601809740066528
5432,5,1,1.0619393587112427
5433,8,1,0.26760604977607727
5434,8,1,0.32409268617630005
5435,0,1,1.1674476861953735
5436,2,1,1.14014732837677
5437,7,1,0.5465372204780579
5438,8,1,0.5058088302612305
5439,4,1,0.7516343593597412
5440,4,1,0.36962342262268066
5441,6,1,0.9592939615249634
5442,1,0,-0.13229253888130188
5443,0,1,2.0562801361083984
5444,4,1,0.4382804036140442
5445,5,1,0.3716393709182739
5446,3,1,0.19644427299499512
5447,9,1,0.08315148949623108
5448,4,1,0.8118816614151001
5449,2,1,0.9382929801940918
5450,0,1,2.235924243927002
5451,5,1,1.5808597803115845
5452,0,1,2.6530089378356934
5453,1,0,-0.14628282189369202
5454,3,1,0.503166675567627
5455,2,1,0.9211111068725586
5456,9,1,0.2185724377632141
5457,1,0,0.6524917483329773
5458,6,1,1.7545928955078125
5459,0,1,2.925983428955078
5460,1,0,-0.15725760161876678
5461,1,0,-0.1850815713405609
5462,8,1,0.67812180519104
5463,0,1,2.1978940963745117
5464,4,1,1.6636184453964233
5465,7,1,0.6223227381706238
5466,7,1,0.36189156770706177
5467,6,1,1.1100494861602783
5468,3,1,0.13210132718086243
5469,6,1,1.9131773710250854
5470,0,1,2.5809693336486816
5471,7,1,0.07998150587081909
5472,3,1,0.7385828495025635
5473,5,1,0.9822291135787964
5474,4,1,1.1500955820083618
5475,2,1,0.5043106079101562
5476,4,1,1.024052619934082
5477,1,0,-0.11864086985588074
5478,8,1,0.3886154294013977
5479,3,1,0.3982364535331726
5480,5,1,0.5184651613235474
5481,6,1,1.141553521156311
5482,7,1,1.3481553792953491
5483,0,1,2.3073267936706543
5484,6,1,1.349721074104309
5485,7,1,0.3258107900619507
5486,1,0,-0.16763988137245178
5487,2,1,0.5064936876296997
5488,5,1,1.4832532405853271
5489,8,1,0.5477137565612793
5490,1,0,-0.1484437882900238
5491,9,1,0.4297834038734436
5492,3,1,0.4887036085128784
5493,8,1,1.0866563320159912
5494,2,1,0.9636087417602539
5495,8,1,1.047782301902771
5496,7,1,-0.005648985505104065
5497,6,1,1.2005420923233032
5498,7,1,0.5866744518280029
5499,1,0,-0.13835424184799194
5500,4,1,1.2623850107192993
5501,6,1,1.6833339929580688
5502,2,1,0.9592303037643433
5503,9,1,0.4331939220428467
5504,3,1,1.2424229383468628
5505,0,1,1.6409982442855835
5506,1,0,-0.11436128616333008
5507,2,1,0.3800662159919739
5508,3,1,0.2236614227294922
5509,4,1,0.7813588380813599
5510,5,1,1.9881285429000854
5511,6,1,0.4928271770477295
5512,7,1,1.252493143081665
5513,0,1,3.0533533096313477
5514,1,0,-0.10971251130104065
5515,2,1,0.8246570825576782
5516,3,1,0.7855850458145142
5517,4,1,0.9315580129623413
5518,5,1,2.163261890411377
5519,0,1,0.8643006086349487
5520,1,0,-0.1713927984237671
5521,2,1,0.584216296672821
5522,8,1,2.106954574584961
5523,9,1,0.737923264503479
5524,1,0,-0.17124763131141663
5525,4,1,0.7931424379348755
5526,0,1,1.2298914194107056
5527,9,1,0.42682743072509766
5528,5,1,1.4008365869522095
5529,0,1,1.9177850484848022
5530,8,1,1.0680148601531982
5531,0,1,2.8246898651123047
5532,7,1,0.5997287034988403
5533,7,1,0.8691737651824951
5534,1,0,0.0002700984477996826
5535,1,0,-0.09867584705352783
5536,2,1,0.2934468984603882
5537,9,1,0.560453474521637
5538,3,1,1.1319680213928223
5539,6,1,1.5456498861312866
5540,7,1,0.291900634765625
5541,2,1,0.7952483892440796
5542,3,1,0.38631999492645264
5543,8,1,0.9084607362747192
5544,1,0,-0.17445743083953857
5545,2,1,0.7799562215805054
5546,9,1,0.6234132051467896
5547,8,1,1.094321846961975
5548,8,1,1.186688780784607
5549,7,1,1.0055171251296997
5550,1,0,-0.1697382628917694
5551,7,1,1.0852266550064087
5552,1,0,-0.1621515154838562
5553,1,0,-0.17115934193134308
5554,0,1,2.76790714263916
5555,3,1,0.9814132452011108
5556,4,1,0.8803654909133911
5557,2,1,0.9496521949768066
5558,6,1,2.3056297302246094
5559,4,1,0.36468303203582764
5560,7,1,1.2134977579116821
5561,4,1,0.6641781330108643
5562,2,1,0.639917254447937
5563,7,1,0.08934396505355835
5564,4,1,0.49867022037506104
5565,9,1,0.9181829690933228
5566,1,0,-0.08553880453109741
5567,0,1,0.9908968210220337
5568,6,1,1.1267069578170776
5569,8,1,2.046785831451416
5570,5,1,1.4209295511245728
5571,5,1,1.9436029195785522
5572,5,1,2.048997402191162
5573,3,1,0.5696498155593872
5574,5,1,1.9116514921188354
5575,9,1,0.49424707889556885
5576,7,1,0.5080462098121643
5577,4,1,0.28419655561447144
5578,8,1,0.6891322731971741
5579,5,1,1.758698582649231
5580,9,1,0.6120447516441345
5581,6,1,1.1997389793395996
5582,9,1,0.7616732716560364
5583,3,1,0.8968347311019897
5584,0,1,3.8058595657348633
5585,3,1,0.805112361907959
5586,8,1,0.46389782428741455
5587,9,1,0.4564472436904907
5588,1,0,-0.06571778655052185
5589,8,1,0.886095404624939
5590,1,0,-0.13609160482883453
5591,6,1,0.42838770151138306
5592,0,1,1.8648489713668823
5593,0,1,2.6002564430236816
5594,1,0,-0.033918336033821106
5595,2,1,0.9522742033004761
5596,3,1,0.616823136806488
5597,4,1,0.7724403738975525
5598,5,1,1.2437726259231567
5599,6,1,0.5747897624969482
5600,7,1,0.25278162956237793
5601,8,1,0.42047739028930664
5602,9,1,0.3465921878814697
5603,0,1,3.4606547355651855
5604,1,0,-0.17018960416316986
5605,2,1,1.4828964471817017
5606,3,1,0.6329674124717712
5607,4,1,0.8428562879562378
5608,5,1,0.17933404445648193
5609,6,1,1.0791027545928955
5610,7,1,1.4899932146072388
5611,8,1,0.1351383626461029
5612,9,1,0.42378538846969604
5613,0,1,3.5553531646728516
5614,1,0,-0.19199402630329132
5615,2,1,0.6668884754180908
5616,3,1,0.8573700189590454
5617,4,1,0.29889631271362305
5618,5,1,1.2244668006896973
5619,6,1,0.43375980854034424
5620,7,1,1.2312768697738647
5621,8,1,0.5387414693832397
5622,9,1,0.4208218455314636
5623,3,1,0.9603623151779175
5624,5,1,0.9628127813339233
5625,3,1,0.4001559019088745
5626,2,1,0.40525662899017334
5627,9,1,0.37155336141586304
5628,3,1,0.7778812646865845
5629,2,1,0.6813739538192749
5630,1,0,-0.14993605017662048
5631,4,1,0.49654197692871094
5632,5,1,1.0331529378890991
5633,5,1,0.6136572360992432
5634,2,1,0.7155631184577942
5635,3,1,0.7953258752822876
5636,2,1,1.0754293203353882
5637,1,0,-0.09781524538993835
5638,3,1,0.8299204111099243
5639,9,1,0.5046926736831665
5640,7,1,1.1310820579528809
5641,2,1,0.8763748407363892
5642,1,0,0.8490713834762573
5643,2,1,0.6618391275405884
5644,8,1,0.6280977725982666
5645,9,1,0.022114545106887817
5646,1,0,-0.13547535240650177
5647,8,1,0.9260126352310181
5648,8,1,0.7561991214752197
5649,7,1,0.28412771224975586
5650,8,1,1.1030617952346802
5651,1,0,-0.1177620217204094
5652,0,1,1.757487177848816
5653,0,1,2.1218667030334473
5654,7,1,0.5879276990890503
5655,7,1,0.38547515869140625
5656,8,1,0.9341017007827759
5657,7,1,1.3660279512405396
5658,5,1,0.22360438108444214
5659,0,1,2.872793674468994
5660,6,1,0.5447531938552856
5661,1,0,0.032285988330841064
5662,5,1,0.5728716254234314
5663,7,1,0.6928058862686157
5664,4,1,0.46743881702423096
5665,6,1,0.43396198749542236
5666,1,0,0.004268258810043335
5667,2,1,1.2616738080978394
5668,5,1,2.3541932106018066
5669,0,1,4.1224775314331055
5670,7,1,0.5511561632156372
5671,9,1,0.08932444453239441
5672,9,1,0.32480931282043457
5673,0,1,5.117672920227051
5674,3,1,0.8197349309921265
5675,8,1,0.4594852924346924
5676,4,1,1.1617388725280762
5677,4,1,0.39040088653564453
5678,8,1,0.3505464196205139
5679,1,0,-0.1715332716703415
5680,8,1,0.9772274494171143
5681,6,1,0.46366798877716064
5682,5,1,2.0568952560424805
5683,9,1,0.6731274127960205
5684,0,1,3.374551773071289
5685,0,1,4.277933120727539
5686,0,1,4.097155570983887
5687,3,1,0.6923035383224487
5688,7,1,0.5762649774551392
5689,1,0,-0.11092440783977509
5690,6,1,0.43117213249206543
5691,4,1,0.9109935760498047
5692,2,1,0.7246301174163818
5693,6,1,0.5969635248184204
5694,6,1,1.17803955078125
5695,0,1,4.750935077667236
5696,4,1,0.39174020290374756
5697,5,1,0.7739014625549316
5698,4,1,0.7326765060424805
5699,1,0,-0.1539548933506012
5700,3,1,0.9420255422592163
5701,8,1,0.5456429719924927
5702,6,1,0.9680273532867432
5703,3,1,0.745959460735321
5704,9,1,0.7985011339187622
5705,9,1,0.22182929515838623
5706,5,1,0.733618974685669
5707,9,1,0.4447038173675537
5708,3,1,0.699021577835083
5709,7,1,0.5008758306503296
5710,8,1,0.2257029414176941
5711,5,1,1.7767847776412964
5712,6,1,0.9447942972183228
5713,4,1,0.45683753490448
5714,7,1,0.7499275207519531
5715,6,1,0.5581296682357788
5716,2,1,0.704998254776001
5717,2,1,1.024819016456604
5718,0,1,4.1172380447387695
5719,9,1,0.5108556747436523
5720,4,1,0.31226056814193726
5721,0,1,2.432389736175537
5722,1,0,-0.07768698036670685
5723,2,1,0.5464550852775574
5724,3,1,0.7394958734512329
5725,4,1,1.518469214439392
5726,5,1,1.5109018087387085
5727,6,1,0.9330393075942993
5728,7,1,0.6655968427658081
5729,8,1,0.31547999382019043
5730,9,1,0.9593445062637329
5731,0,1,1.7048430442810059
5732,1,0,-0.03889437019824982
5733,2,1,1.0340548753738403
5734,3,1,0.39564424753189087
5735,5,1,0.3529859781265259
5736,6,1,1.0643339157104492
5737,0,1,4.206860542297363
5738,1,0,-0.0930306613445282
5739,2,1,0.6200737953186035
5740,3,1,1.155479907989502
5741,4,1,0.9671317338943481
5742,5,1,1.2804182767868042
5743,6,1,0.31334006786346436
5744,8,1,0.15866103768348694
5745,7,1,-0.052067190408706665
5746,1,0,0.13094449043273926
5747,3,1,0.37910014390945435
5748,2,1,0.726711630821228
5749,8,1,1.0837467908859253
5750,0,1,3.171513080596924
5751,7,1,0.669798731803894
5752,5,1,0.24103036522865295
5753,9,1,0.5076904296875
5754,9,1,1.069633960723877
5755,6,1,1.651467204093933
5756,0,1,2.147841453552246
5757,9,1,0.6993074417114258
5758,4,1,1.1428160667419434
5759,1,0,0.32709646224975586
5760,3,1,0.5825022459030151
5761,2,1,1.502200961112976
5762,1,0,-0.14887139201164246
5763,2,1,0.966309666633606
5764,3,1,0.3390047550201416
5765,8,1,1.1175706386566162
5766,3,1,0.5765933990478516
5767,2,1,0.6928426027297974
5768,6,1,1.6476478576660156
5769,5,1,0.8938206434249878
5770,6,1,0.826271653175354
5771,8,1,0.9791098833084106
5772,2,1,0.7545645236968994
5773,7,1,0.48644256591796875
5774,4,1,0.6990952491760254
5775,8,1,1.0926326513290405
5776,1,0,-0.1263613998889923
5777,8,1,1.6384918689727783
5778,0,1,1.8935023546218872
5779,5,1,1.0813466310501099
5780,3,1,0.2586677670478821
5781,9,1,0.2883341312408447
5782,4,1,1.536319613456726
5783,1,0,-0.13391467928886414
5784,9,1,0.7587664723396301
5785,2,1,1.237161636352539
5786,1,0,-0.14979790151119232
5787,9,1,0.3229196071624756
5788,6,1,1.0359374284744263
5789,7,1,0.2358347475528717
5790,9,1,0.3163970112800598
5791,0,1,3.540531635284424
5792,4,1,1.153246283531189
5793,6,1,0.6486557722091675
5794,1,0,-0.15877485275268555
5795,7,1,0.2903391718864441
5796,3,1,0.3593771457672119
5797,8,1,0.9300029277801514
5798,7,1,0.3717641234397888
5799,2,1,0.590801477432251
5800,9,1,0.983655571937561
5801,6,1,1.5278350114822388
5802,5,1,2.059732437133789
5803,8,1,1.2611643075942993
5804,3,1,0.6177899837493896
5805,9,1,0.1713525652885437
5806,0,1,2.681417465209961
5807,5,1,1.0293141603469849
5808,7,1,0.24162477254867554
5809,1,0,-0.155857115983963
5810,6,1,0.35925859212875366
5811,1,0,-0.10254673659801483
5812,0,1,0.8980708122253418
5813,9,1,0.6349577307701111
5814,3,1,0.39037495851516724
5815,3,1,0.7374113202095032
5816,4,1,0.5694978833198547
5817,4,1,1.0585013628005981
5818,0,1,0.9840385913848877
5819,6,1,0.23076167702674866
5820,2,1,0.8580089807510376
5821,5,1,0.9267562627792358
5822,4,1,1.506767988204956
5823,2,1,0.6211417317390442
5824,3,1,0.2097594141960144
5825,4,1,1.5861670970916748
5826,6,1,1.0078338384628296
5827,0,1,1.8632405996322632
5828,0,1,2.816951274871826
5829,2,1,0.907905101776123
5830,0,1,2.4618706703186035
5831,1,0,-0.1120041161775589
5832,4,1,1.157880425453186
5833,5,1,1.8317359685897827
5834,6,1,0.9267083406448364
5835,7,1,1.139270305633545
5836,8,1,1.1727583408355713
5837,9,1,0.7951940298080444
5838,0,1,2.55135440826416
5839,1,0,-0.1574893295764923
5840,2,1,0.7030239105224609
5841,3,1,0.5575782060623169
5842,4,1,0.7482303977012634
5843,5,1,1.4223077297210693
5844,6,1,1.9988034963607788
5845,7,1,1.0964587926864624
5846,8,1,1.2251747846603394
5847,0,1,1.3041247129440308
5848,1,0,-0.13753844797611237
5849,2,1,0.6713067889213562
5850,3,1,1.323161005973816
5851,4,1,0.5922341346740723
5852,5,1,0.5635066628456116
5853,6,1,0.14407411217689514
5854,7,1,0.8252350091934204
5855,8,1,0.1416361927986145
5856,9,1,1.0918086767196655
5857,8,1,0.5239628553390503
5858,7,1,0.6105504035949707
5859,1,0,-0.11824239790439606
5860,3,1,0.672430694103241
5861,7,1,0.6788582801818848
5862,5,1,1.683915138244629
5863,2,1,1.0642071962356567
5864,8,1,0.8275882005691528
5865,0,1,1.988839030265808
5866,7,1,0.7708680629730225
5867,5,1,1.1747831106185913
5868,9,1,0.8610516786575317
5869,9,1,0.43184560537338257
5870,0,1,1.3906084299087524
5871,9,1,0.692044198513031
5872,1,0,-0.06469029188156128
5873,1,0,-0.04851129651069641
5874,5,1,1.0603309869766235
5875,8,1,0.7299323678016663
5876,8,1,1.0316611528396606
5877,6,1,0.5022868514060974
5878,3,1,0.47581201791763306
5879,2,1,1.2951487302780151
5880,1,0,-0.1039971113204956
5881,8,1,1.248397946357727
5882,3,1,0.8732395172119141
5883,2,1,1.1758161783218384
5884,6,1,1.2812179327011108
5885,5,1,1.3494611978530884
5886,6,1,0.3192266821861267
5887,7,1,2.311768054962158
5888,4,1,1.5859805345535278
5889,1,0,-0.12774494290351868
5890,0,1,0.9560742378234863
5891,5,1,0.3342461585998535
5892,3,1,0.1573704481124878
5893,1,0,-0.16279169917106628
5894,9,1,0.7580562233924866
5895,2,1,0.7153626084327698
5896,1,0,-0.13493531942367554
5897,9,1,1.444290280342102
5898,6,1,0.35819345712661743
5899,0,1,1.7326923608779907
5900,4,1,0.8973718881607056
5901,6,1,0.2336641550064087
5902,1,0,-0.11502310633659363
5903,7,1,0.9544881582260132
5904,3,1,0.5798319578170776
5905,8,1,0.9354466199874878
5906,7,1,0.9436254501342773
5907,2,1,0.4285231828689575
5908,9,1,0.532740592956543
5909,6,1,0.780301570892334
5910,5,1,1.5787972211837769
5911,8,1,0.7174053192138672
5912,3,1,1.0486806631088257
5913,5,1,1.7980018854141235
5914,7,1,1.2915340662002563
5915,1,0,-0.12842687964439392
5916,6,1,0.4605283737182617
5917,1,0,-0.14402219653129578
5918,0,1,1.9540280103683472
5919,9,1,0.7148898839950562
5920,6,1,0.28409337997436523
5921,2,1,0.3306155204772949
5922,5,1,1.8988770246505737
5923,4,1,0.6181114912033081
5924,2,1,0.5728600025177002
5925,3,1,0.5180612802505493
5926,4,1,0.8362938165664673
5927,4,1,1.446722149848938
5928,6,1,0.5849463939666748
5929,0,1,2.164884090423584
5930,0,1,3.8259425163269043
5931,2,1,1.0377799272537231
5932,0,1,2.9752659797668457
5933,1,0,-0.13170914351940155
5934,2,1,0.9526840448379517
5935,3,1,0.6006629467010498
5936,4,1,0.36741697788238525
5937,5,1,0.5530513525009155
5938,6,1,0.9917387962341309
5939,7,1,0.3721730709075928
5940,8,1,0.24153396487236023
5941,9,1,0.6953895092010498
5942,0,1,2.4695873260498047
5943,1,0,-0.10534633696079254
5944,2,1,0.6501598954200745
5945,3,1,0.43487536907196045
5946,4,1,0.5777508616447449
5947,5,1,0.9967403411865234
5948,6,1,0.7807947397232056
5949,7,1,0.37594538927078247
5950,8,1,0.26334619522094727
5951,9,1,0.2524176836013794
5952,0,1,2.28023099899292
5953,1,0,-0.0840488076210022
5954,2,1,0.8001497983932495
5955,3,1,0.9134591817855835
5956,4,1,0.9012545347213745
5957,5,1,0.9572411775588989
5958,6,1,0.7565605044364929
5959,7,1,0.3436483144760132
5960,8,1,0.4994957447052002
5961,9,1,0.5157591104507446
5962,8,1,1.3324366807937622
5963,6,1,0.44778263568878174
5964,5,1,0.6903908252716064
5965,0,1,2.6708412170410156
5966,6,1,0.6552248597145081
5967,8,1,0.2956843972206116
5968,9,1,0.7948492765426636
5969,4,1,0.8384023904800415
5970,1,0,-0.122713603079319
5971,9,1,0.23418372869491577
5972,5,1,1.1049691438674927
5973,3,1,0.945389986038208
5974,0,1,0.9932132959365845
5975,4,1,0.7740343809127808
5976,8,1,0.30393320322036743
5977,9,1,1.0443449020385742
5978,1,0,-0.04102730751037598
5979,4,1,0.8246679306030273
5980,0,1,1.550878882408142
5981,5,1,1.1135555505752563
5982,5,1,0.7012832164764404
5983,2,1,0.3310263752937317
5984,1,0,-0.10853593051433563
5985,5,1,0.8748610019683838
5986,4,1,0.7529435157775879
5987,0,1,1.778997778892517
5988,7,1,0.6690488457679749
5989,6,1,0.20510780811309814
5990,0,1,2.616692066192627
5991,1,0,-0.08770987391471863
5992,7,1,0.4790195822715759
5993,0,1,2.969925880432129
5994,6,1,0.5209479331970215
5995,8,1,0.6270281672477722
5996,9,1,0.5782835483551025
5997,5,1,1.3235180377960205
5998,1,0,-0.0375056266784668
5999,7,1,0.8661515712738037
6000,9,1,0.30782240629196167
6001,8,1,0.22083961963653564
6002,6,1,0.18346482515335083
6003,0,1,2.0103631019592285
6004,8,1,0.5951771140098572
6005,1,0,0.06954717636108398
6006,7,1,0.2581533193588257
6007,7,1,0.5519506931304932
6008,1,0,-0.04108096659183502
6009,3,1,0.8693541288375854
6010,2,1,0.6560707092285156
6011,3,1,0.9218343496322632
6012,1,0,-0.12469124794006348
6013,4,1,0.7076025605201721
6014,2,1,0.8646941184997559
6015,0,1,2.2817602157592773
6016,0,1,2.786484718322754
6017,7,1,0.2793012857437134
6018,8,1,0.5450759530067444
6019,4,1,0.7287846803665161
6020,6,1,0.45970869064331055
6021,4,1,0.44435447454452515
6022,9,1,0.4088888168334961
6023,3,1,0.36339426040649414
6024,8,1,0.32825374603271484
6025,4,1,0.6306300759315491
6026,7,1,0.5852419137954712
6027,2,1,0.7173738479614258
6028,5,1,1.1038347482681274
6029,6,1,0.2758445143699646
6030,3,1,1.5013529062271118
6031,6,1,0.42399275302886963
6032,9,1,0.456548810005188
6033,6,1,0.24193930625915527
6034,3,1,0.2978121042251587
6035,2,1,0.9047898054122925
6036,2,1,0.7816439867019653
6037,4,1,0.8441259860992432
6038,6,1,0.6924923658370972
6039,9,1,0.1229625940322876
6040,0,1,1.2305018901824951
6041,2,1,1.4773274660110474
6042,5,1,1.8665541410446167
6043,5,1,0.8121767044067383
6044,1,0,-0.1507551521062851
6045,3,1,1.8935717344284058
6046,3,1,0.683968722820282
6047,9,1,0.5845524072647095
6048,7,1,0.3901485204696655
6049,8,1,0.6159763336181641
6050,7,1,0.43421149253845215
6051,2,1,0.5934160947799683
6052,2,1,0.5950188040733337
6053,5,1,1.7342373132705688
6054,7,1,0.47653114795684814
6055,9,1,0.34018218517303467
6056,8,1,1.196319580078125
6057,2,1,1.34013831615448
6058,1,0,-0.14966553449630737
6059,3,1,1.148354411125183
6060,1,0,-0.16310465335845947
6061,3,1,0.623663067817688
6062,0,1,2.1711020469665527
6063,1,0,-0.11623413115739822
6064,2,1,0.8777414560317993
6065,3,1,0.6640075445175171
6066,4,1,0.8672569990158081
6067,5,1,1.1003767251968384
6068,6,1,2.006319999694824
6069,7,1,1.2749838829040527
6070,8,1,0.6870408058166504
6071,9,1,1.5115070343017578
6072,0,1,1.487281084060669
6073,1,0,-0.09781190752983093
6074,2,1,0.869869589805603
6075,3,1,0.8164548873901367
6076,4,1,1.221596121788025
6077,5,1,1.189752459526062
6078,6,1,1.0896580219268799
6079,7,1,0.9383933544158936
6080,8,1,2.165191650390625
6081,9,1,1.4873770475387573
6082,0,1,2.790250301361084
6083,1,0,-0.14405398070812225
6084,2,1,0.688237190246582
6085,3,1,1.0278644561767578
6086,4,1,0.7404630184173584
6087,5,1,0.8314076662063599
6088,6,1,1.1576579809188843
6089,7,1,1.053702712059021
6090,8,1,1.5760955810546875
6091,9,1,1.7024179697036743
6092,1,0,-0.10022006928920746
6093,2,1,0.6926525235176086
6094,6,1,0.6812946200370789
6095,5,1,0.27313268184661865
6096,3,1,0.7347559332847595
6097,0,1,2.479508876800537
6098,7,1,0.7473684549331665
6099,0,1,2.7668118476867676
6100,4,1,1.5476051568984985
6101,1,0,-0.150923952460289
6102,4,1,1.5002321004867554
6103,3,1,1.3744255304336548
6104,6,1,1.4898438453674316
6105,7,1,1.2640076875686646
6106,2,1,0.7244371175765991
6107,3,1,0.6936125755310059
6108,1,0,-0.18227237462997437
6109,2,1,0.30237913131713867
6110,1,0,-0.15804532170295715
6111,2,1,1.0464762449264526
6112,9,1,1.5279725790023804
6113,6,1,1.3615697622299194
6114,0,1,2.56917142868042
6115,1,0,-0.05006188154220581
6116,3,1,0.5127089619636536
6117,0,1,2.900150775909424
6118,2,1,0.3812762498855591
6119,7,1,0.6865304112434387
6120,5,1,0.4622781276702881
6121,7,1,0.4781048893928528
6122,6,1,0.762993335723877
6123,2,1,0.9505499601364136
6124,9,1,1.9376782178878784
6125,1,0,-0.18857575953006744
6126,9,1,1.1393301486968994
6127,0,1,4.16026496887207
6128,6,1,0.9689856767654419
6129,0,1,4.639413833618164
6130,6,1,1.4452935457229614
6131,0,1,3.107977867126465
6132,2,1,0.7349201440811157
6133,0,1,2.2914509773254395
6134,6,1,0.40243059396743774
6135,1,0,-0.1643752008676529
6136,5,1,0.5104177594184875
6137,8,1,1.0674816370010376
6138,4,1,1.4153543710708618
6139,3,1,0.6799957156181335
6140,0,1,2.3793606758117676
6141,1,0,-0.11514466255903244
6142,5,1,0.40205293893814087
6143,4,1,0.9359103441238403
6144,4,1,1.0248476266860962
6145,8,1,0.600881040096283
6146,5,1,0.9983206987380981
6147,7,1,0.4824106693267822
6148,5,1,0.2518208920955658
6149,7,1,0.28440606594085693
6150,8,1,1.502987027168274
6151,3,1,0.8023663759231567
6152,4,1,1.1025893688201904
6153,8,1,1.823078989982605
6154,8,1,1.035745620727539
6155,5,1,0.7249366044998169
6156,2,1,0.7072155475616455
6157,9,1,1.759873628616333
6158,7,1,0.19191941618919373
6159,1,0,-0.15035521984100342
6160,3,1,0.8238784074783325
6161,8,1,2.4781088829040527
6162,1,0,-0.16413480043411255
6163,0,1,2.143033504486084
6164,7,1,1.0702778100967407
6165,5,1,1.0556846857070923
6166,9,1,0.8927092552185059
6167,6,1,1.1063382625579834
6168,9,1,0.9997504949569702
6169,4,1,2.1074585914611816
6170,7,1,0.1807570457458496
6171,7,1,0.4018264412879944
6172,9,1,2.063295364379883
6173,9,1,1.6985785961151123
6174,3,1,1.009979486465454
6175,4,1,0.8869984149932861
6176,4,1,1.384696125984192
6177,3,1,0.5983495712280273
6178,8,1,1.237453818321228
6179,6,1,0.9117084741592407
6180,2,1,0.4489046335220337
6181,0,1,1.995930552482605
6182,1,0,-0.11445628106594086
6183,2,1,0.35541248321533203
6184,3,1,0.3703162670135498
6185,4,1,0.9439225196838379
6186,5,1,1.4218453168869019
6187,6,1,1.576896071434021
6188,7,1,0.5907534956932068
6189,8,1,0.2309519350528717
6190,9,1,0.21789893507957458
6191,0,1,3.0043935775756836
6192,1,0,-0.15380489826202393
6193,2,1,0.25941038131713867
6194,3,1,0.5318772792816162
6195,4,1,0.9975293874740601
6196,5,1,0.9984815120697021
6197,6,1,0.5669547319412231
6198,7,1,0.591367781162262
6199,8,1,1.280542016029358
6200,9,1,0.8828417062759399
6201,0,1,2.8738226890563965
6202,1,0,-0.06053882837295532
6203,2,1,0.6537158489227295
6204,3,1,0.6389765739440918
6205,4,1,1.0300229787826538
6206,5,1,0.392142653465271
6207,6,1,0.6611709594726562
6208,7,1,0.4742683172225952
6209,8,1,0.47998642921447754
6210,9,1,0.5957872867584229
6211,0,1,1.9441012144088745
6212,8,1,0.8285378217697144
6213,3,1,0.3076276183128357
6214,9,1,0.053630053997039795
6215,5,1,0.2929278016090393
6216,5,1,0.8955318927764893
6217,2,1,0.32481926679611206
6218,6,1,1.25938880443573
6219,8,1,0.45511001348495483
6220,4,1,1.4277616739273071
6221,9,1,0.39755481481552124
6222,1,0,-0.141642227768898
6223,7,1,0.7698941230773926
6224,1,0,-0.18578672409057617
6225,2,1,0.7185969948768616
6226,3,1,0.9693081378936768
6227,5,1,0.8811317682266235
6228,9,1,1.5774015188217163
6229,6,1,0.5253377556800842
6230,9,1,0.25750821828842163
6231,1,0,-0.06949007511138916
6232,1,0,-0.11539991199970245
6233,1,0,-0.06599748134613037
6234,2,1,0.5051441192626953
6235,9,1,0.6178576946258545
6236,5,1,0.4802297353744507
6237,6,1,0.6234332323074341
6238,8,1,0.9247205257415771
6239,1,0,-0.10169421136379242
6240,2,1,0.4078490734100342
6241,0,1,0.8062717914581299
6242,7,1,0.5160549283027649
6243,7,1,0.725537896156311
6244,5,1,0.36245834827423096
6245,8,1,0.16397470235824585
6246,2,1,0.6945136785507202
6247,9,1,0.6317205429077148
6248,8,1,0.7033341526985168
6249,9,1,0.6854493618011475
6250,0,1,1.535670280456543
6251,4,1,1.0580862760543823
6252,6,1,0.5564690828323364
6253,7,1,0.45521509647369385
6254,1,0,-0.17157584428787231
6255,3,1,0.7122047543525696
6256,4,1,0.5730998516082764
6257,5,1,1.212875485420227
6258,6,1,0.5572900176048279
6259,0,1,3.475552558898926
6260,3,1,0.573347806930542
6261,6,1,0.997414231300354
6262,8,1,0.3588995933532715
6263,7,1,0.9569793939590454
6264,0,1,3.7048373222351074
6265,4,1,0.4453933835029602
6266,2,1,0.5162885785102844
6267,7,1,0.2674242854118347
6268,4,1,1.0473495721817017
6269,7,1,1.3375831842422485
6270,5,1,0.5322514176368713
6271,4,1,1.3466566801071167
6272,3,1,1.0847913026809692
6273,4,1,0.8890422582626343
6274,2,1,0.688453197479248
6275,8,1,0.7777488231658936
6276,1,0,-0.15675696730613708
6277,5,1,0.7662183046340942
6278,1,0,-0.17623169720172882
6279,2,1,0.6681625843048096
6280,0,1,2.6527767181396484
6281,2,1,0.6975998282432556
6282,5,1,1.6967344284057617
6283,6,1,0.30167126655578613
6284,4,1,0.5029618144035339
6285,3,1,0.8374118804931641
6286,0,1,2.513486862182617
6287,0,1,2.2540812492370605
6288,0,1,2.4185256958007812
6289,3,1,1.1693263053894043
6290,3,1,0.7587676048278809
6291,5,1,1.0205541849136353
6292,7,1,0.8874579668045044
6293,0,1,2.1281375885009766
6294,6,1,0.9501824378967285
6295,4,1,0.7828993797302246
6296,8,1,0.8352953195571899
6297,8,1,0.9971715211868286
6298,6,1,0.07509952783584595
6299,3,1,0.8854689598083496
6300,4,1,1.297426700592041
6301,6,1,1.518248200416565
6302,9,1,0.7004313468933105
6303,9,1,1.2299615144729614
6304,8,1,0.20264312624931335
6305,2,1,1.1311006546020508
6306,7,1,0.631112813949585
6307,7,1,0.763355016708374
6308,1,0,-0.11270026117563248
6309,0,1,2.179506301879883
6310,1,0,-0.15644028782844543
6311,2,1,0.8629599809646606
6312,3,1,0.3745245337486267
6313,4,1,1.1085176467895508
6314,5,1,1.5030549764633179
6315,6,1,0.8374596834182739
6316,7,1,0.33201032876968384
6317,8,1,0.722013533115387
6318,9,1,0.3518204092979431
6319,0,1,3.4858341217041016
6320,1,0,-0.1244482547044754
6321,2,1,0.9303638935089111
6322,3,1,0.0721915066242218
6323,4,1,1.6262483596801758
6324,5,1,1.1977263689041138
6325,6,1,1.4163933992385864
6326,7,1,0.9120805263519287
6327,8,1,0.7501671314239502
6328,0,1,2.1841468811035156
6329,1,0,-0.10151945054531097
6330,2,1,0.9724396467208862
6331,3,1,0.2886579632759094
6332,4,1,1.5473358631134033
6333,5,1,1.1710132360458374
6334,6,1,1.2490832805633545
6335,7,1,0.581515371799469
6336,8,1,0.49199163913726807
6337,2,1,0.9115637540817261
6338,1,0,-0.07235941290855408
6339,7,1,0.43654096126556396
6340,2,1,0.6691839694976807
6341,5,1,1.7678600549697876
6342,0,1,2.3461785316467285
6343,8,1,0.5381528735160828
6344,0,1,1.4312547445297241
6345,2,1,1.5353220701217651
6346,7,1,0.6697469353675842
6347,8,1,0.20410239696502686
6348,8,1,1.3952449560165405
6349,3,1,0.7800189256668091
6350,6,1,0.8215841054916382
6351,0,1,3.174948215484619
6352,2,1,1.9902786016464233
6353,7,1,0.5874088406562805
6354,6,1,1.156577467918396
6355,6,1,1.0793347358703613
6356,1,0,-0.057185977697372437
6357,2,1,0.9971415996551514
6358,8,1,1.2511600255966187
6359,8,1,0.119097501039505
6360,7,1,2.305436134338379
6361,7,1,0.49708473682403564
6362,4,1,0.4857913851737976
6363,7,1,1.2286604642868042
6364,7,1,0.5876796245574951
6365,3,1,0.21603119373321533
6366,7,1,0.3771716356277466
6367,4,1,0.6938968896865845
6368,5,1,0.5909610986709595
6369,4,1,1.7676703929901123
6370,3,1,0.44173115491867065
6371,3,1,0.6015586853027344
6372,8,1,0.7722280025482178
6373,4,1,1.7605782747268677
6374,1,0,-0.12259173393249512
6375,1,0,-0.09678548574447632
6376,9,1,0.2177322804927826
6377,7,1,0.27220964431762695
6378,4,1,1.4131433963775635
6379,3,1,0.3912186622619629
6380,7,1,1.4089757204055786
6381,3,1,0.257610946893692
6382,3,1,0.5574847459793091
6383,0,1,1.2868354320526123
6384,2,1,1.4015036821365356
6385,5,1,1.2040239572525024
6386,5,1,1.2597368955612183
6387,6,1,1.8634876012802124
6388,6,1,0.973725438117981
6389,3,1,0.838833212852478
6390,5,1,0.9794777631759644
6391,2,1,1.1009525060653687
6392,5,1,1.0468229055404663
6393,9,1,0.1512981653213501
6394,9,1,0.49410396814346313
6395,8,1,0.9581516981124878
6396,4,1,0.8790663480758667
6397,1,0,-0.13714157044887543
6398,0,1,1.6283169984817505
6399,6,1,1.015372633934021
6400,0,1,1.4920402765274048
6401,9,1,0.32002168893814087
6402,6,1,1.3804434537887573
6403,8,1,1.1076765060424805
6404,8,1,0.498309850692749
6405,5,1,1.3790229558944702
6406,6,1,1.4491277933120728
6407,1,0,-0.05405813455581665
6408,1,0,-0.10882127285003662
6409,9,1,0.4997347593307495
6410,8,1,0.6485965847969055
6411,9,1,0.09011003375053406
6412,2,1,2.82686185836792
6413,3,1,0.6801451444625854
6414,5,1,0.7223560810089111
6415,5,1,0.46960484981536865
6416,9,1,0.6207742094993591
6417,4,1,0.7279897928237915
6418,2,1,0.8629375696182251
6419,1,0,-0.10875308513641357
6420,9,1,0.17368564009666443
6421,3,1,0.2073037326335907
6422,9,1,0.5418015718460083
6423,2,1,1.0328634977340698
6424,0,1,2.8264784812927246
6425,6,1,2.3691864013671875
6426,0,1,2.319169521331787
6427,4,1,0.5809934735298157
6428,0,1,2.0522756576538086
6429,0,1,3.9439616203308105
6430,1,0,-0.15885694324970245
6431,2,1,0.5817288160324097
6432,3,1,0.8099565505981445
6433,4,1,0.1921083927154541
6434,7,1,0.23169749975204468
6435,8,1,0.7154866456985474
6436,9,1,0.4735579490661621
6437,0,1,3.747323989868164
6438,1,0,-0.13920998573303223
6439,2,1,0.6222165822982788
6440,3,1,0.5587123036384583
6441,7,1,0.45891666412353516
6442,8,1,0.7247804403305054
6443,9,1,0.5125685930252075
6444,0,1,1.7764986753463745
6445,1,0,-0.14493787288665771
6446,2,1,0.7559801936149597
6447,3,1,0.7928112745285034
6448,4,1,0.33024340867996216
6449,7,1,0.5864261388778687
6450,8,1,0.4893019199371338
6451,9,1,0.9028332233428955
6452,7,1,0.753738522529602
6453,3,1,0.47362202405929565
6454,0,1,1.7431637048721313
6455,3,1,0.39645397663116455
6456,1,0,-0.12131034582853317
6457,8,1,0.654800295829773
6458,7,1,0.4219098687171936
6459,6,1,1.0682567358016968
6460,4,1,0.7725504636764526
6461,0,1,1.8078962564468384
6462,2,1,1.2335385084152222
6463,6,1,0.9349092245101929
6464,8,1,1.1470915079116821
6465,3,1,0.9365043640136719
6466,2,1,1.2450731992721558
6467,8,1,0.24420380592346191
6468,1,0,-0.15386810898780823
6469,2,1,0.9132832288742065
6470,0,1,0.7176434397697449
6471,7,1,0.09448015689849854
6472,1,0,-0.10404589772224426
6473,0,1,0.49235594272613525
6474,4,1,0.1349503993988037
6475,4,1,1.075471043586731
6476,5,1,0.40234458446502686
6477,8,1,1.0577874183654785
6478,0,1,1.8501547574996948
6479,6,1,0.2551012933254242
6480,2,1,1.146677851676941
6481,3,1,1.0311561822891235
6482,1,0,-0.17265523970127106
6483,5,1,0.4216931462287903
6484,1,0,-0.1167689710855484
6485,8,1,0.38982605934143066
6486,5,1,0.15922784805297852
6487,9,1,0.3469073176383972
6488,4,1,0.3054605722427368
6489,0,1,2.5755257606506348
6490,7,1,0.7400587797164917
6491,5,1,0.127369225025177
6492,8,1,0.8816932439804077
6493,8,1,0.3279333710670471
6494,3,1,0.6821516752243042
6495,8,1,1.2097313404083252
6496,9,1,0.15950411558151245
6497,2,1,0.669571042060852
6498,6,1,0.9059619903564453
6499,2,1,0.6922639608383179
6500,5,1,0.6951476335525513
6501,3,1,0.5220094323158264
6502,1,0,-0.16332900524139404
6503,7,1,0.3659707307815552
6504,3,1,1.0458542108535767
6505,9,1,2.389585018157959
6506,1,0,-0.013000339269638062
6507,9,1,0.7310749888420105
6508,9,1,0.32645177841186523
6509,6,1,0.6396695971488953
6510,0,1,2.813957691192627
6511,3,1,1.311413049697876
6512,9,1,0.8466295003890991
6513,2,1,0.31136035919189453
6514,8,1,0.43757200241088867
6515,1,0,-0.15563705563545227
6516,4,1,0.45192694664001465
6517,3,1,0.5503220558166504
6518,5,1,1.2413660287857056
6519,2,1,0.8957962989807129
6520,9,1,0.19953250885009766
6521,2,1,0.642297625541687
6522,5,1,0.6592454314231873
6523,8,1,0.5096978545188904
6524,9,1,0.5484336614608765
6525,5,1,1.2465400695800781
6526,0,1,3.5887451171875
6527,1,0,-0.16417089104652405
6528,2,1,0.7740992307662964
6529,4,1,0.7761306762695312
6530,5,1,0.267730176448822
6531,6,1,2.595503330230713
6532,0,1,4.2771406173706055
6533,1,0,-0.1314946860074997
6534,2,1,0.4745138883590698
6535,3,1,0.2602195739746094
6536,4,1,0.5935275554656982
6537,5,1,0.651645302772522
6538,6,1,0.2584969997406006
6539,7,1,0.14883822202682495
6540,1,0,-0.12635737657546997
6541,2,1,0.5018042325973511
6542,3,1,0.4668772220611572
6543,4,1,1.3922775983810425
6544,5,1,0.26462322473526
6545,1,0,-0.1210951954126358
6546,0,1,2.200958251953125
6547,4,1,1.2995799779891968
6548,5,1,0.4755338430404663
6549,6,1,1.2665170431137085
6550,6,1,0.32712531089782715
6551,3,1,0.24049755930900574
6552,4,1,0.7567239999771118
6553,4,1,0.49422067403793335
6554,2,1,0.4912431240081787
6555,8,1,0.9706088304519653
6556,1,0,0.03758656978607178
6557,0,1,1.8116194009780884
6558,6,1,0.8012737035751343
6559,4,1,1.2328804731369019
6560,9,1,0.2212868630886078
6561,7,1,0.8049604892730713
6562,2,1,0.26878586411476135
6563,3,1,0.34573179483413696
6564,3,1,0.23639154434204102
6565,9,1,0.2728734612464905
6566,2,1,0.41285157203674316
6567,0,1,2.788679599761963
6568,9,1,0.2375103235244751
6569,3,1,0.6452558040618896
6570,3,1,0.1371874213218689
6571,9,1,0.5488320589065552
6572,1,0,0.5243484973907471
6573,5,1,0.6006803512573242
6574,2,1,1.0664981603622437
6575,3,1,0.3523648977279663
6576,7,1,0.5141003727912903
6577,7,1,0.040930211544036865
6578,8,1,0.16171392798423767
6579,4,1,0.5254015922546387
6580,0,1,4.19732666015625
6581,2,1,0.7073101997375488
6582,4,1,0.8862942457199097
6583,0,1,1.7821816205978394
6584,2,1,0.3329281806945801
6585,4,1,0.3406943082809448
6586,7,1,0.235670804977417
6587,8,1,0.2875025272369385
6588,0,1,1.3679430484771729
6589,7,1,0.12796658277511597
6590,0,1,5.022841453552246
6591,6,1,0.661382257938385
6592,9,1,0.36807918548583984
6593,3,1,0.1831798553466797
6594,2,1,0.5579229593276978
6595,8,1,0.9738050699234009
6596,6,1,0.4324471950531006
6597,0,1,0.9681156873703003
6598,5,1,0.30995506048202515
6599,7,1,0.08181995153427124
6600,5,1,0.638088583946228
6601,1,0,-0.16312181949615479
6602,0,1,3.3407392501831055
6603,8,1,1.9614790678024292
6604,1,0,-0.1695149540901184
6605,6,1,0.21234768629074097
6606,7,1,1.3581827878952026
6607,2,1,0.42594289779663086
6608,9,1,0.13191938400268555
6609,7,1,0.14850983023643494
6610,9,1,0.42340636253356934
6611,5,1,0.878771185874939
6612,8,1,0.6227166652679443
6613,6,1,0.689287543296814
6614,2,1,1.4494776725769043
6615,6,1,1.095479965209961
6616,2,1,0.7955387830734253
6617,8,1,0.9369479417800903
6618,1,0,-0.0051449984312057495
6619,7,1,1.6599949598312378
6620,5,1,0.7614535689353943
6621,0,1,1.6198614835739136
6622,1,0,-0.019456446170806885
6623,1,0,0.09560760855674744
6624,3,1,0.39099037647247314
6625,8,1,0.516626238822937
6626,4,1,0.20296049118041992
6627,9,1,0.1193385124206543
6628,1,0,0.0364384651184082
6629,8,1,1.2640460729599
6630,6,1,1.0765717029571533
6631,8,1,0.5438839197158813
6632,9,1,0.20271623134613037
6633,0,1,1.3600242137908936
6634,1,0,-0.1452421396970749
6635,2,1,0.4089994430541992
6636,3,1,0.8813694715499878
6637,4,1,0.19879475235939026
6638,5,1,0.4886430501937866
6639,6,1,0.21431374549865723
6640,7,1,0.6482694149017334
6641,8,1,0.7955724000930786
6642,9,1,0.053147464990615845
6643,0,1,0.67413330078125
6644,1,0,-0.09818868339061737
6645,2,1,1.2108525037765503
6646,3,1,1.14309823513031
6647,4,1,0.5353245735168457
6648,7,1,0.3178568482398987
6649,8,1,0.8546113967895508
6650,9,1,0.5468626618385315
6651,0,1,0.17926383018493652
6652,1,0,-0.014593541622161865
6653,7,1,0.6184949278831482
6654,8,1,0.7945653200149536
6655,9,1,0.986986517906189
6656,9,1,0.30362004041671753
6657,8,1,0.698144257068634
6658,9,1,0.34658145904541016
6659,8,1,0.4188826084136963
6660,4,1,0.5783499479293823
6661,1,0,-0.0874297022819519
6662,7,1,1.8371068239212036
6663,7,1,0.536395251750946
6664,3,1,0.5575571656227112
6665,3,1,1.189405918121338
6666,7,1,0.8621475696563721
6667,6,1,0.27710163593292236
6668,6,1,1.112538456916809
6669,6,1,0.6628202199935913
6670,1,0,-0.09171240031719208
6671,9,1,0.3382002115249634
6672,0,1,1.0750759840011597
6673,1,0,-0.1090746521949768
6674,7,1,0.9585270881652832
6675,6,1,1.190989375114441
6676,3,1,1.2727802991867065
6677,2,1,0.5407976508140564
6678,1,0,-0.1334163397550583
6679,7,1,0.21173697710037231
6680,1,0,-0.13014894723892212
6681,3,1,0.7864623069763184
6682,9,1,0.4166845679283142
6683,1,0,-0.1232660636305809
6684,7,1,0.7579082250595093
6685,6,1,0.6358228325843811
6686,8,1,0.14129626750946045
6687,4,1,0.3666701316833496
6688,1,0,-0.044292330741882324
6689,4,1,0.2761726379394531
6690,3,1,2.2592897415161133
6691,6,1,1.6830658912658691
6692,9,1,0.7759960889816284
6693,6,1,0.5563889741897583
6694,1,0,-0.0806933343410492
6695,4,1,0.3802127242088318
6696,4,1,0.5299860835075378
6697,7,1,0.25976312160491943
6698,2,1,1.6190383434295654
6699,4,1,0.6660072803497314
6700,4,1,0.8011941909790039
6701,0,1,2.9997925758361816
6702,1,0,-0.17336982488632202
6703,2,1,0.5770224928855896
6704,3,1,0.43443405628204346
6705,4,1,0.5856260061264038
6706,5,1,0.1337292194366455
6707,6,1,0.4526660442352295
6708,7,1,0.8351943492889404
6709,8,1,0.4356422424316406
6710,9,1,0.8774605989456177
6711,0,1,2.930449962615967
6712,1,0,-0.14522668719291687
6713,2,1,1.135728359222412
6714,3,1,0.25609877705574036
6715,4,1,1.0949817895889282
6716,5,1,0.6414921283721924
6717,6,1,0.9763340950012207
6718,9,1,1.0222254991531372
6719,0,1,2.459691047668457
6720,1,0,-0.15580956637859344
6721,2,1,0.621048629283905
6722,3,1,0.3277379274368286
6723,4,1,0.9256649017333984
6724,7,1,1.1042557954788208
6725,8,1,0.2460193634033203
6726,1,0,-0.13341686129570007
6727,3,1,0.7202422022819519
6728,5,1,1.2044696807861328
6729,1,0,-0.15905383229255676
6730,7,1,0.3432241678237915
6731,7,1,0.21225151419639587
6732,2,1,0.6101577281951904
6733,1,0,-0.15590043365955353
6734,4,1,1.1578010320663452
6735,8,1,0.24766433238983154
6736,3,1,0.33609431982040405
6737,4,1,1.3219679594039917
6738,4,1,1.6518515348434448
6739,3,1,0.289705753326416
6740,9,1,1.3534084558486938
6741,7,1,0.8319909572601318
6742,4,1,1.1989279985427856
6743,1,0,-0.11605362594127655
6744,2,1,0.6367939114570618
6745,3,1,0.5946065783500671
6746,5,1,0.5373926758766174
6747,9,1,0.5489277839660645
6748,1,0,-0.1179339736700058
6749,6,1,0.9603689908981323
6750,0,1,1.8111225366592407
6751,1,0,-0.1062101349234581
6752,0,1,2.4834136962890625
6753,0,1,2.850215435028076
6754,2,1,0.6657160520553589
6755,8,1,0.4977487325668335
6756,7,1,0.2375342845916748
6757,1,0,-0.1585850715637207
6758,1,0,-0.17781156301498413
6759,4,1,0.9074482917785645
6760,0,1,2.938981056213379
6761,4,1,0.7207268476486206
6762,7,1,0.6967791318893433
6763,3,1,0.3706056475639343
6764,6,1,0.41020888090133667
6765,8,1,0.45720499753952026
6766,0,1,1.8167403936386108
6767,3,1,0.4370388984680176
6768,7,1,0.13466709852218628
6769,4,1,1.0989779233932495
6770,0,1,2.8505702018737793
6771,6,1,0.6697061657905579
6772,9,1,0.5204135775566101
6773,2,1,1.2754260301589966
6774,6,1,0.45374464988708496
6775,5,1,0.24746155738830566
6776,8,1,0.3846016526222229
6777,6,1,1.2384084463119507
6778,9,1,0.4533294439315796
6779,0,1,1.594118595123291
6780,4,1,0.9720362424850464
6781,0,1,2.8755240440368652
6782,6,1,1.1140614748001099
6783,1,0,0.001565590500831604
6784,9,1,1.0808814764022827
6785,2,1,1.301509141921997
6786,0,1,1.715164065361023
6787,9,1,0.01706796884536743
6788,5,1,0.5753964185714722
6789,1,0,-0.12320387363433838
6790,3,1,0.27854371070861816
6791,7,1,0.4805808663368225
6792,6,1,0.5621404647827148
6793,9,1,0.2952166199684143
6794,3,1,0.6465717554092407
6795,0,1,1.9875482320785522
6796,2,1,0.3708188533782959
6797,2,1,1.5235518217086792
6798,0,1,3.2057132720947266
6799,1,0,-0.05631193518638611
6800,2,1,0.6689062118530273
6801,3,1,0.24788632988929749
6802,4,1,1.3881248235702515
6803,5,1,1.5917450189590454
6804,6,1,0.7867287397384644
6805,7,1,0.4359928369522095
6806,8,1,0.32805490493774414
6807,9,1,0.29676496982574463
6808,0,1,2.1845335960388184
6809,1,0,-0.11190451681613922
6810,2,1,0.4273805618286133
6811,3,1,0.1747194528579712
6812,4,1,0.44956421852111816
6813,5,1,1.6848796606063843
6814,6,1,0.6834986209869385
6815,7,1,0.7131502628326416
6816,8,1,0.9657979011535645
6817,9,1,0.3337170481681824
6818,0,1,1.3391963243484497
6819,1,0,-0.15761719644069672
6820,2,1,0.7753893136978149
6821,3,1,0.34641969203948975
6822,4,1,0.8908885717391968
6823,5,1,0.42428040504455566
6824,6,1,0.8596702814102173
6825,7,1,0.16263264417648315
6826,8,1,1.0165479183197021
6827,9,1,0.40222299098968506
6828,2,1,0.6510815620422363
6829,1,0,-0.1418628841638565
6830,7,1,0.9741061925888062
6831,2,1,0.6656436920166016
6832,5,1,2.6167588233947754
6833,0,1,3.6800451278686523
6834,8,1,0.5814546346664429
6835,0,1,3.4714794158935547
6836,2,1,0.5636194348335266
6837,7,1,0.41810089349746704
6838,8,1,0.6155722141265869
6839,8,1,0.6974496841430664
6840,3,1,0.29083114862442017
6841,0,1,2.2440242767333984
6842,6,1,0.835198163986206
6843,0,1,1.6010234355926514
6844,2,1,0.7966369390487671
6845,7,1,0.6070472598075867
6846,6,1,0.5073744058609009
6847,6,1,0.6109821796417236
6848,1,0,-0.10304537415504456
6849,2,1,0.6139742732048035
6850,8,1,0.7423264980316162
6851,8,1,0.17979592084884644
6852,7,1,0.2757033109664917
6853,7,1,0.2807493805885315
6854,4,1,0.9044414758682251
6855,7,1,1.6412616968154907
6856,7,1,0.5859608054161072
6857,3,1,0.18261069059371948
6858,7,1,0.48104143142700195
6859,4,1,0.4848678708076477
6860,5,1,1.2484513521194458
6861,4,1,1.0691410303115845
6862,3,1,0.2859618663787842
6863,3,1,0.418984055519104
6864,8,1,0.9747782945632935
6865,4,1,0.7965432405471802
6866,5,1,1.4726059436798096
6867,4,1,0.49498891830444336
6868,1,0,-0.14958244562149048
6869,1,0,-0.13277357816696167
6870,9,1,0.8815189599990845
6871,7,1,0.5188289284706116
6872,4,1,0.866597056388855
6873,3,1,0.11776494979858398
6874,7,1,0.8240171670913696
6875,3,1,0.1374228298664093
6876,3,1,0.23507562279701233
6877,0,1,1.6497694253921509
6878,2,1,0.6437666416168213
6879,5,1,1.078330636024475
6880,5,1,1.913939356803894
6881,6,1,0.8600904941558838
6882,3,1,0.1628781259059906
6883,1,0,0.10099518299102783
6884,5,1,1.2427968978881836
6885,2,1,0.35749930143356323
6886,5,1,0.5670508146286011
6887,9,1,0.3098161816596985
6888,9,1,0.1555662751197815
6889,8,1,0.5938047766685486
6890,4,1,0.7532985806465149
6891,1,0,-0.12044742703437805
6892,0,1,2.6660871505737305
6893,6,1,0.7521900534629822
6894,0,1,0.6790918707847595
6895,9,1,0.2223590612411499
6896,6,1,0.9224985837936401
6897,8,1,1.3636940717697144
6898,8,1,0.6687438488006592
6899,5,1,0.3737802505493164
6900,6,1,0.7903856039047241
6901,1,0,-0.10122336447238922
6902,1,0,-0.10833793878555298
6903,9,1,0.16786032915115356
6904,8,1,0.6230394244194031
6905,9,1,0.20899707078933716
6906,2,1,1.0080734491348267
6907,3,1,0.2034820318222046
6908,5,1,1.381425380706787
6909,5,1,1.2658284902572632
6910,9,1,0.2754439115524292
6911,4,1,1.6361356973648071
6912,2,1,0.3504440188407898
6913,1,0,-0.08509519696235657
6914,9,1,0.1003217101097107
6915,4,1,0.5489885210990906
6916,9,1,0.5971636772155762
6917,1,0,-0.03692643344402313
6918,3,1,0.27668631076812744
6919,9,1,-0.035564541816711426
6920,2,1,0.6385257244110107
6921,0,1,3.239607334136963
6922,6,1,0.5187802314758301
6923,0,1,1.5511305332183838
6924,4,1,0.6466793417930603
6925,0,1,1.6726067066192627
6926,6,1,0.5148979425430298
6927,0,1,1.4337280988693237
6928,1,0,-0.08449271321296692
6929,2,1,0.7577263116836548
6930,3,1,0.19443261623382568
6931,4,1,0.5283352136611938
6932,5,1,1.3088171482086182
6933,6,1,0.6347967386245728
6934,7,1,0.4338955879211426
6935,8,1,0.9889997243881226
6936,9,1,0.44158935546875
6937,0,1,2.8695883750915527
6938,1,0,-0.17893975973129272
6939,2,1,0.4735689163208008
6940,3,1,0.07750827074050903
6941,4,1,0.7131875157356262
6942,5,1,0.7231383919715881
6943,6,1,0.7147808074951172
6944,7,1,0.915400505065918
6945,8,1,1.0084391832351685
6946,9,1,0.033123552799224854
6947,0,1,3.9069437980651855
6948,1,0,-0.14566335082054138
6949,2,1,0.7906802892684937
6950,3,1,0.3858591318130493
6951,4,1,0.19139611721038818
6952,5,1,0.2673596441745758
6953,6,1,0.660334587097168
6954,7,1,0.29424089193344116
6955,8,1,0.5929297804832458
6956,9,1,0.42608165740966797
6957,3,1,0.37788277864456177
6958,8,1,0.5758030414581299
6959,0,1,1.0203286409378052
6960,7,1,0.5048214197158813
6961,1,0,-0.09498272836208344
6962,0,1,0.7507331967353821
6963,7,1,0.40140295028686523
6964,5,1,0.5376449823379517
6965,5,1,0.8650861978530884
6966,6,1,0.6195895075798035
6967,9,1,0.1583957076072693
6968,0,1,2.1482882499694824
6969,1,0,-0.15540316700935364
6970,0,1,0.6222041845321655
6971,0,1,1.6831039190292358
6972,8,1,1.502549171447754
6973,3,1,0.4681422710418701
6974,4,1,0.6118423342704773
6975,3,1,0.2445848286151886
6976,1,0,-0.11065597832202911
6977,5,1,1.1492787599563599
6978,0,1,0.8484843969345093
6979,0,1,1.3653379678726196
6980,9,1,-0.0121602863073349
6981,5,1,0.4248265027999878
6982,3,1,0.17599686980247498
6983,4,1,0.05460464954376221
6984,9,1,0.2190747857093811
6985,3,1,0.3609386682510376
6986,7,1,0.15795302391052246
6987,6,1,0.35374194383621216
6988,9,1,0.6062359809875488
6989,2,1,0.5162631273269653
6990,4,1,0.046257585287094116
6991,5,1,0.5427470207214355
6992,7,1,1.0777086019515991
6993,2,1,1.2001320123672485
6994,6,1,0.46779370307922363
6995,4,1,0.3814377188682556
6996,9,1,0.30940353870391846
6997,4,1,-0.03514543175697327
6998,9,1,0.26510709524154663
6999,4,1,0.13050904870033264
7000,1,0,-0.14039677381515503
7001,2,1,0.04869470000267029
7002,2,1,0.5612555742263794
7003,5,1,0.8055133819580078
7004,8,1,0.5201969146728516
7005,1,0,-0.1606142818927765
7006,3,1,0.5512297749519348
7007,2,1,0.8607361316680908
7008,9,1,0.33630669116973877
7009,4,1,0.4995548725128174
7010,3,1,0.29363352060317993
7011,8,1,1.3398674726486206
7012,2,1,0.6692253351211548
7013,2,1,0.6869837045669556
7014,1,0,-0.03547206521034241
7015,2,1,0.3849814534187317
7016,8,1,0.4696251153945923
7017,6,1,0.31974977254867554
7018,5,1,0.7876439094543457
7019,1,0,-0.029563739895820618
7020,6,1,0.29324573278427124
7021,7,1,0.09902328252792358
7022,2,1,0.7557199001312256
7023,1,0,-0.11854379624128342
7024,3,1,0.17068469524383545
7025,9,1,0.48120957612991333
7026,3,1,0.9727991819381714
7027,8,1,0.5747201442718506
7028,7,1,0.6450926065444946
7029,5,1,0.43272942304611206
7030,7,1,0.03505745530128479
7031,0,1,1.3885622024536133
7032,7,1,0.7366563081741333
7033,4,1,0.1129935085773468
7034,8,1,0.8411881923675537
7035,8,1,0.46154719591140747
7036,5,1,1.5228074789047241
7037,0,1,1.2335457801818848
7038,6,1,0.7945201396942139
7039,6,1,0.3791849613189697
7040,3,1,0.6545500755310059
7041,7,1,0.6412515044212341
7042,6,1,0.6403822898864746
7043,9,1,-0.0063389986753463745
7044,9,1,-0.08986698091030121
7045,4,1,0.23743951320648193
7046,8,1,0.11484435200691223
7047,4,1,0.24988704919815063
7048,1,0,-0.12409001588821411
7049,0,1,0.652923583984375
7050,6,1,0.4338644742965698
7051,6,1,0.4526768922805786
7052,0,1,1.9109221696853638
7053,1,0,-0.15389344096183777
7054,2,1,0.7230607867240906
7055,3,1,0.35069024562835693
7056,4,1,0.38162052631378174
7057,5,1,0.3057851195335388
7058,6,1,1.05741286277771
7059,7,1,0.39403069019317627
7060,8,1,0.13261890411376953
7061,9,1,-0.03100106120109558
7062,0,1,1.7871760129928589
7063,1,0,-0.12615883350372314
7064,2,1,0.6747035980224609
7065,3,1,0.3306814432144165
7066,4,1,1.2527300119400024
7067,5,1,0.6870951056480408
7068,6,1,0.33595484495162964
7069,7,1,1.021941065788269
7070,8,1,0.6470288038253784
7071,9,1,0.25810909271240234
7072,0,1,2.6953816413879395
7073,1,0,-0.11646674573421478
7074,2,1,0.6898082494735718
7075,3,1,0.7715743780136108
7076,4,1,0.6900559663772583
7077,5,1,0.7231249809265137
7078,6,1,0.9996148347854614
7079,7,1,0.6083259582519531
7080,8,1,0.5837180614471436
7081,9,1,0.20767897367477417
7082,7,1,0.32286036014556885
7083,4,1,0.6464629173278809
7084,0,1,0.3384443521499634
7085,4,1,0.33105456829071045
7086,0,1,1.342618703842163
7087,1,0,-0.10345779359340668
7088,7,1,0.31875574588775635
7089,9,1,0.14097648859024048
7090,5,1,0.32690906524658203
7091,1,0,-0.1705949306488037
7092,4,1,0.7654616832733154
7093,2,1,0.6050293445587158
7094,8,1,0.6437309384346008
7095,9,1,0.027001410722732544
7096,4,1,0.8853181600570679
7097,3,1,0.43704450130462646
7098,7,1,0.5554373264312744
7099,8,1,0.09256380796432495
7100,2,1,0.4291032552719116
7101,4,1,0.36118948459625244
7102,4,1,0.08228537440299988
7103,3,1,0.4974724054336548
7104,3,1,0.2806093692779541
7105,6,1,1.0794321298599243
7106,9,1,-0.055164337158203125
7107,9,1,-0.03943876922130585
7108,5,1,0.4549599289894104
7109,8,1,0.27265414595603943
7110,6,1,0.37885671854019165
7111,7,1,0.3460272550582886
7112,0,1,1.0784095525741577
7113,6,1,0.9560667276382446
7114,8,1,0.764606773853302
7115,2,1,0.2776966691017151
7116,6,1,1.1249750852584839
7117,3,1,1.0466092824935913
7118,9,1,0.13593238592147827
7119,3,1,0.9823287725448608
7120,2,1,0.7006521821022034
7121,8,1,0.4365183115005493
7122,6,1,0.9454776048660278
7123,1,0,-0.1310352087020874
7124,7,1,0.216064453125
7125,4,1,0.3953596353530884
7126,8,1,0.4546284079551697
7127,8,1,0.35212552547454834
7128,9,1,0.0648738443851471
7129,0,1,1.2200344800949097
7130,3,1,0.010001063346862793
7131,3,1,0.5505438446998596
7132,9,1,0.3073863983154297
7133,0,1,0.5466114282608032
7134,5,1,0.8691619634628296
7135,2,1,0.5345884561538696
7136,9,1,0.22728845477104187
7137,4,1,0.16901573538780212
7138,1,0,-0.08601832389831543
7139,0,1,1.094369649887085
7140,3,1,0.2823171615600586
7141,7,1,0.38663846254348755
7142,5,1,0.7451168298721313
7143,8,1,0.30262696743011475
7144,7,1,0.7114051580429077
7145,7,1,1.034416913986206
7146,8,1,0.9300287961959839
7147,2,1,0.6612014770507812
7148,9,1,0.6064584851264954
7149,7,1,0.6320233345031738
7150,1,0,-0.14898666739463806
7151,2,1,0.5060199499130249
7152,6,1,0.8862720727920532
7153,4,1,0.5557971000671387
7154,2,1,0.711937427520752
7155,5,1,0.28208470344543457
7156,2,1,0.6274164319038391
7157,3,1,0.15240198373794556
7158,6,1,0.7552947402000427
7159,6,1,0.5030752420425415
7160,5,1,0.45066213607788086
7161,0,1,0.749487042427063
7162,0,1,0.2790200114250183
7163,2,1,0.6695963144302368
7164,8,1,0.7742431163787842
7165,1,0,-0.16153308749198914
7166,6,1,0.9572557210922241
7167,1,0,-0.14808964729309082
7168,0,1,1.3706773519515991
7169,4,1,0.30281496047973633
7170,3,1,0.47468721866607666
7171,1,0,-0.15383079648017883
7172,6,1,1.0942622423171997
7173,1,0,-0.0987267792224884
7174,9,1,0.04159274697303772
7175,0,1,4.868490219116211
7176,1,0,-0.1645495593547821
7177,4,1,0.19150522351264954
7178,5,1,0.30557453632354736
7179,6,1,0.6238162517547607
7180,7,1,0.9217532873153687
7181,8,1,0.6255781650543213
7182,9,1,1.001019835472107
7183,1,0,-0.12865519523620605
7184,2,1,2.1198811531066895
7185,3,1,1.0913844108581543
7186,4,1,0.44838714599609375
7187,5,1,0.441048264503479
7188,6,1,0.49161481857299805
7189,7,1,0.6563307046890259
7190,0,1,2.758958339691162
7191,1,0,-0.054887473583221436
7192,2,1,1.4075535535812378
7193,3,1,0.9746499061584473
7194,4,1,0.4684021472930908
7195,5,1,1.0778237581253052
7196,6,1,0.807976245880127
7197,7,1,1.453848958015442
7198,8,1,0.6408540606498718
7199,9,1,0.5317426323890686
7200,8,1,0.36295998096466064
7201,4,1,0.3146563768386841
7202,0,1,3.7973361015319824
7203,0,1,2.1781516075134277
7204,7,1,0.5585076808929443
7205,2,1,0.9037188291549683
7206,4,1,0.7948917150497437
7207,3,1,0.6037366390228271
7208,8,1,0.5659694671630859
7209,6,1,0.32932788133621216
7210,6,1,0.25949662923812866
7211,3,1,0.3055559992790222
7212,2,1,0.6191082000732422
7213,6,1,0.42453789710998535
7214,3,1,1.0382320880889893
7215,3,1,1.538964867591858
7216,0,1,0.7723930478096008
7217,1,0,0.009380966424942017
7218,4,1,0.948094367980957
7219,7,1,0.957672119140625
7220,8,1,0.5039758682250977
7221,0,1,3.0318121910095215
7222,3,1,1.1919857263565063
7223,1,0,-0.09823846817016602
7224,9,1,0.49577969312667847
7225,0,1,3.201457977294922
7226,1,0,-0.04192712903022766
7227,9,1,0.0858413577079773
7228,1,0,-0.05687078833580017
7229,2,1,0.6284232139587402
7230,7,1,0.8455406427383423
7231,0,1,1.819311261177063
7232,1,0,-6.288290023803711e-05
7233,3,1,0.8667980432510376
7234,8,1,0.6162035465240479
7235,2,1,0.6880648732185364
7236,9,1,0.3829003572463989
7237,2,1,1.125857949256897
7238,7,1,0.36585164070129395
7239,6,1,0.24676251411437988
7240,5,1,0.47695761919021606
7241,5,1,0.3396419286727905
7242,9,1,0.34152495861053467
7243,9,1,0.37737560272216797
7244,8,1,0.84253990650177
7245,2,1,1.0533212423324585
7246,9,1,0.32408297061920166
7247,1,0,-0.05430178344249725
7248,3,1,0.258573055267334
7249,2,1,0.6097114086151123
7250,3,1,0.5533890724182129
7251,4,1,0.9618103504180908
7252,3,1,1.247195839881897
7253,1,0,-0.11008594185113907
7254,9,1,0.7213343381881714
7255,0,1,1.8289142847061157
7256,9,1,0.4072117805480957
7257,3,1,0.9434399604797363
7258,6,1,0.39186495542526245
7259,8,1,1.1811593770980835
7260,7,1,1.1847814321517944
7261,0,1,2.519965171813965
7262,1,0,-0.1050497516989708
7263,0,1,0.8965252637863159
7264,5,1,0.44186484813690186
7265,8,1,1.1776113510131836
7266,2,1,1.528464913368225
7267,7,1,0.7898730039596558
7268,7,1,0.25479522347450256
7269,0,1,1.0690640211105347
7270,1,0,-0.15433016419410706
7271,2,1,0.414773166179657
7272,3,1,0.5611876249313354
7273,4,1,0.5815330743789673
7274,5,1,0.20440390706062317
7275,6,1,0.13830801844596863
7276,7,1,0.08607757091522217
7277,8,1,0.0955912172794342
7278,9,1,0.21820154786109924
7279,0,1,2.1971044540405273
7280,1,0,-0.1464020013809204
7281,2,1,0.3468153476715088
7282,3,1,0.09484076499938965
7283,4,1,0.9148050546646118
7284,5,1,0.562421977519989
7285,6,1,0.30374687910079956
7286,7,1,0.577131450176239
7287,8,1,0.30409395694732666
7288,9,1,0.3007281422615051
7289,0,1,2.4542336463928223
7290,1,0,-0.07495827972888947
7291,2,1,0.29287809133529663
7292,3,1,0.3790489435195923
7293,4,1,0.7824865579605103
7294,5,1,0.18323317170143127
7295,6,1,0.7145888805389404
7296,7,1,0.5578449964523315
7297,8,1,0.24213728308677673
7298,9,1,-0.022263050079345703
7299,1,0,-0.16726478934288025
7300,7,1,0.6595556735992432
7301,4,1,0.24699455499649048
7302,8,1,0.1998923420906067
7303,1,0,-0.10730208456516266
7304,5,1,0.25687602162361145
7305,6,1,1.2719861268997192
7306,5,1,0.3164602518081665
7307,7,1,0.45219624042510986
7308,2,1,1.1096833944320679
7309,8,1,0.8103095293045044
7310,6,1,0.77698814868927
7311,3,1,0.29029858112335205
7312,3,1,0.5168839693069458
7313,8,1,0.8507245779037476
7314,6,1,0.9296728372573853
7315,5,1,0.6498802900314331
7316,4,1,0.7330912351608276
7317,0,1,1.701805830001831
7318,9,1,0.5811519622802734
7319,1,0,-0.15630662441253662
7320,7,1,0.9335087537765503
7321,2,1,0.6463531851768494
7322,9,1,0.5368967056274414
7323,1,0,-0.11411724984645844
7324,5,1,0.6453239917755127
7325,1,0,-0.131860613822937
7326,3,1,0.5627526044845581
7327,2,1,0.39555323123931885
7328,2,1,0.1752045452594757
7329,3,1,0.5611476898193359
7330,0,1,1.7063108682632446
7331,6,1,0.42258381843566895
7332,4,1,0.41325920820236206
7333,3,1,0.47109758853912354
7334,7,1,0.22362321615219116
7335,6,1,0.4300641417503357
7336,9,1,0.12925809621810913
7337,0,1,0.8816540241241455
7338,4,1,0.2929208278656006
7339,8,1,0.18570560216903687
7340,1,0,-0.11160702258348465
7341,4,1,1.204772710800171
7342,0,1,1.5834382772445679
7343,6,1,0.4377979040145874
7344,1,0,-0.1450745165348053
7345,2,1,0.2912851572036743
7346,6,1,0.7656399011611938
7347,9,1,0.37195926904678345
7348,2,1,0.2451765239238739
7349,2,1,0.3675367832183838
7350,3,1,0.2938488721847534
7351,5,1,0.3544045686721802
7352,5,1,0.12324053049087524
7353,1,0,-0.16875220835208893
7354,0,1,0.601269006729126
7355,7,1,0.7475631237030029
7356,7,1,0.4795178771018982
7357,9,1,0.16198691725730896
7358,6,1,0.5406433343887329
7359,2,1,0.32441771030426025
7360,9,1,0.3287912607192993
7361,4,1,0.39676856994628906
7362,7,1,0.301217257976532
7363,0,1,0.9473962783813477
7364,2,1,0.7665060758590698
7365,3,1,0.5402863025665283
7366,4,1,0.427717924118042
7367,0,1,0.5703282356262207
7368,0,1,0.9380046129226685
7369,8,1,0.6474828720092773
7370,8,1,0.3165314197540283
7371,8,1,1.056702971458435
7372,5,1,0.48930662870407104
7373,1,0,-0.1483016312122345
7374,3,1,0.2882382273674011
7375,7,1,0.3194088935852051
7376,4,1,0.7552832961082458
7377,9,1,0.10802984237670898
7378,8,1,0.4489465355873108
7379,8,1,0.32775968313217163
7380,9,1,-0.02419435977935791
7381,0,1,0.6457242965698242
7382,9,1,0.2573181688785553
7383,8,1,0.9305130243301392
7384,9,1,0.038709044456481934
7385,0,1,1.4370487928390503
7386,2,1,0.121893972158432
7387,6,1,1.101998209953308
7388,5,1,0.47843849658966064
7389,6,1,0.5411783456802368
7390,7,1,0.36397337913513184
7391,4,1,0.4404137134552002
7392,7,1,0.5043417811393738
7393,5,1,0.8838341236114502
7394,4,1,0.09371185302734375
7395,1,0,-0.11034995317459106
7396,3,1,0.20108595490455627
7397,5,1,0.6574647426605225
7398,3,1,0.2627789378166199
7399,1,0,-0.1647282987833023
7400,2,1,0.389667272567749
7401,3,1,1.0690194368362427
7402,4,1,0.3423263430595398
7403,5,1,0.6397150754928589
7404,6,1,0.40812695026397705
7405,1,0,-0.12163355946540833
7406,2,1,0.8310294151306152
7407,3,1,1.0449475049972534
7408,4,1,0.6421238780021667
7409,6,1,1.1677438020706177
7410,0,1,3.610057830810547
7411,1,0,-0.10231378674507141
7412,2,1,0.7909435033798218
7413,4,1,0.5337161421775818
7414,5,1,0.1784656047821045
7415,6,1,1.1189231872558594
7416,7,1,0.3771073818206787
7417,8,1,1.107182502746582
7418,1,0,-0.06934812664985657
7419,7,1,0.2612651288509369
7420,2,1,0.3833116888999939
7421,4,1,0.5367153882980347
7422,1,0,-0.13643109798431396
7423,4,1,0.11847227811813354
7424,1,0,-0.11771388351917267
7425,4,1,0.5124143958091736
7426,9,1,0.046381592750549316
7427,6,1,0.814936637878418
7428,8,1,0.7202932834625244
7429,4,1,1.0300581455230713
7430,5,1,0.17270126938819885
7431,3,1,0.4612523317337036
7432,7,1,0.1900635063648224
7433,8,1,0.41316407918930054
7434,4,1,0.37716400623321533
7435,3,1,0.6923695802688599
7436,3,1,0.17264476418495178
7437,5,1,0.19460207223892212
7438,6,1,0.8415263891220093
7439,7,1,0.0526176393032074
7440,0,1,0.64449542760849
7441,6,1,0.48293960094451904
7442,1,0,-0.10692128539085388
7443,6,1,0.7832318544387817
7444,8,1,0.48529839515686035
7445,7,1,0.3711738586425781
7446,0,1,2.389591693878174
7447,1,0,-0.021304145455360413
7448,5,1,0.9226797819137573
7449,0,1,1.2340272665023804
7450,8,1,0.5263798236846924
7451,5,1,1.9949063062667847
7452,0,1,2.6360578536987305
7453,1,0,-0.12260223925113678
7454,5,1,0.4738476276397705
7455,8,1,0.20350205898284912
7456,4,1,0.6530265808105469
7457,2,1,0.9093729257583618
7458,3,1,0.4894706606864929
7459,9,1,0.3329204320907593
7460,7,1,0.1395643949508667
7461,6,1,1.65188729763031
7462,9,1,0.7107534408569336
7463,1,0,-0.06181761622428894
7464,9,1,0.1284085214138031
7465,0,1,2.0259361267089844
7466,6,1,0.236808180809021
7467,7,1,0.6796547174453735
7468,1,0,-0.12441037595272064
7469,2,1,0.633700430393219
7470,3,1,1.067117691040039
7471,9,1,0.4021425247192383
7472,2,1,0.7220284938812256
7473,4,1,-0.03345385193824768
7474,5,1,0.39371299743652344
7475,5,1,0.6405113339424133
7476,3,1,0.3053673505783081
7477,7,1,0.23557782173156738
7478,5,1,1.0222439765930176
7479,3,1,0.3810960650444031
7480,1,0,-0.1616537868976593
7481,8,1,0.28605926036834717
7482,2,1,0.4284164309501648
7483,2,1,0.4304753541946411
7484,3,1,0.6191415190696716
7485,0,1,1.5475542545318604
7486,2,1,0.6197675466537476
7487,9,1,0.2979738712310791
7488,4,1,0.6889538764953613
7489,9,1,0.19768112897872925
7490,7,1,0.5296535491943359
7491,0,1,0.7177175283432007
7492,2,1,0.6297668814659119
7493,7,1,0.2457127571105957
7494,4,1,1.2760952711105347
7495,9,1,0.06296765804290771
7496,9,1,0.17097890377044678
7497,2,1,0.5077518224716187
7498,5,1,0.21983182430267334
7499,9,1,0.05886155366897583
7500,8,1,0.231195867061615
7501,3,1,0.44052428007125854
7502,8,1,0.5335416793823242
7503,6,1,1.331626057624817
7504,7,1,0.35225915908813477
7505,0,1,1.210680365562439
7506,0,1,0.9474869966506958
7507,1,0,-0.08720093965530396
7508,2,1,0.8349286317825317
7509,3,1,0.2822732925415039
7510,4,1,0.334136426448822
7511,5,1,0.37902796268463135
7512,6,1,0.15909212827682495
7513,7,1,0.6617881059646606
7514,8,1,1.2788563966751099
7515,9,1,0.3666287064552307
7516,0,1,1.4541770219802856
7517,1,0,-0.1378677487373352
7518,2,1,0.583708643913269
7519,3,1,0.2964130640029907
7520,4,1,0.19757592678070068
7521,5,1,0.213216632604599
7522,6,1,0.24418377876281738
7523,7,1,0.2895424962043762
7524,8,1,0.8378571271896362
7525,9,1,0.06645193696022034
7526,0,1,1.2064731121063232
7527,1,0,-0.05722054839134216
7528,2,1,0.46516430377960205
7529,3,1,0.26076602935791016
7530,4,1,0.3207005262374878
7531,5,1,0.18906596302986145
7532,6,1,0.40449726581573486
7533,7,1,0.6696721315383911
7534,8,1,0.584726095199585
7535,9,1,0.15276414155960083
7536,0,1,1.1432664394378662
7537,0,1,1.4735091924667358
7538,7,1,0.16053390502929688
7539,2,1,0.5708301067352295
7540,6,1,0.9981855154037476
7541,5,1,0.4044080972671509
7542,5,1,0.5805526971817017
7543,3,1,0.33130818605422974
7544,7,1,0.22477424144744873
7545,8,1,0.5286878943443298
7546,6,1,0.49029219150543213
7547,6,1,0.32923954725265503
7548,6,1,0.7517865896224976
7549,6,1,0.12164050340652466
7550,4,1,0.6203337907791138
7551,3,1,0.5036499500274658
7552,8,1,0.24239316582679749
7553,8,1,0.2041308581829071
7554,3,1,0.259255975484848
7555,0,1,1.1729484796524048
7556,1,0,-0.14754067361354828
7557,9,1,0.15656262636184692
7558,0,1,0.5238522291183472
7559,5,1,0.934268593788147
7560,4,1,0.21840748190879822
7561,1,0,-0.16599765419960022
7562,9,1,0.04776674509048462
7563,1,0,-0.1576395183801651
7564,2,1,0.4067714810371399
7565,7,1,0.7879601716995239
7566,0,1,1.4169132709503174
7567,1,0,-0.050584182143211365
7568,3,1,0.23983758687973022
7569,8,1,0.874369740486145
7570,2,1,0.4898698329925537
7571,9,1,0.19134920835494995
7572,2,1,0.27847546339035034
7573,7,1,0.12818199396133423
7574,4,1,0.21206170320510864
7575,2,1,0.17221486568450928
7576,6,1,0.2573646008968353
7577,5,1,0.427406907081604
7578,5,1,0.3477243185043335
7579,9,1,0.15523308515548706
7580,9,1,0.08584755659103394
7581,1,0,-0.17737902700901031
7582,1,0,-0.007362097501754761
7583,5,1,0.5926117300987244
7584,7,1,0.4955936670303345
7585,6,1,0.1136472225189209
7586,8,1,1.2547284364700317
7587,2,1,0.2832162380218506
7588,9,1,0.036321938037872314
7589,4,1,0.7491238117218018
7590,3,1,0.5906450748443604
7591,1,0,-0.14870743453502655
7592,9,1,0.04363927245140076
7593,0,1,2.961386203765869
7594,9,1,0.02200917899608612
7595,3,1,0.1400403380393982
7596,6,1,0.8292797803878784
7597,8,1,0.6924331188201904
7598,7,1,0.7948071956634521
7599,0,1,0.5182865262031555
7600,1,0,-0.134184792637825
7601,0,1,1.813292384147644
7602,5,1,0.34716153144836426
7603,8,1,0.8615627288818359
7604,2,1,0.5026974678039551
7605,7,1,0.17282533645629883
7606,7,1,0.14287137985229492
7607,0,1,2.521427631378174
7608,1,0,-0.0995822548866272
7609,2,1,1.4667584896087646
7610,3,1,0.7478415966033936
7611,4,1,0.9772398471832275
7612,5,1,1.713985800743103
7613,6,1,1.378357172012329
7614,7,1,0.8064850568771362
7615,8,1,0.8698087930679321
7616,9,1,0.17703789472579956
7617,0,1,4.580610275268555
7618,1,0,-0.1555929034948349
7619,2,1,0.9487837553024292
7620,3,1,0.6141704320907593
7621,4,1,0.7157095670700073
7622,5,1,1.2611414194107056
7623,8,1,0.7647864818572998
7624,9,1,0.7597682476043701
7625,0,1,2.531033992767334
7626,1,0,-0.12953755259513855
7627,2,1,1.5280622243881226
7628,3,1,0.4645956754684448
7629,4,1,1.1020303964614868
7630,5,1,2.057215690612793
7631,6,1,0.4768037796020508
7632,7,1,0.21777692437171936
7633,8,1,0.6764544248580933
7634,9,1,0.6978769302368164
7635,2,1,0.889973521232605
7636,1,0,-0.13271105289459229
7637,2,1,2.0159497261047363
7638,1,0,-0.034047603607177734
7639,3,1,0.9139910936355591
7640,9,1,0.8778488636016846
7641,9,1,0.5547887086868286
7642,8,1,0.37362217903137207
7643,5,1,1.5230799913406372
7644,3,1,0.4805144667625427
7645,7,1,0.8064669370651245
7646,0,1,1.837548851966858
7647,7,1,0.3231062889099121
7648,7,1,0.27953433990478516
7649,5,1,1.3344882726669312
7650,7,1,0.21581140160560608
7651,9,1,0.23114892840385437
7652,9,1,0.6326068639755249
7653,4,1,1.730322003364563
7654,7,1,0.5931750535964966
7655,0,1,2.0074429512023926
7656,3,1,0.3808624744415283
7657,4,1,0.5767368078231812
7658,1,0,-0.08077317476272583
7659,5,1,1.4387356042861938
7660,8,1,0.8882559537887573
7661,1,0,-0.11475740373134613
7662,4,1,0.7645481824874878
7663,8,1,0.608191192150116
7664,4,1,0.8990280628204346
7665,1,0,-0.07040612399578094
7666,8,1,1.1599458456039429
7667,6,1,2.476992130279541
7668,6,1,1.1861060857772827
7669,4,1,1.1348289251327515
7670,6,1,0.29883110523223877
7671,0,1,1.7686649560928345
7672,5,1,1.4084134101867676
7673,5,1,1.1307536363601685
7674,3,1,0.2861335277557373
7675,3,1,0.18093466758728027
7676,5,1,0.5565736889839172
7677,7,1,0.2950718402862549
7678,2,1,1.7071080207824707
7679,5,1,1.347439169883728
7680,9,1,0.4613555669784546
7681,6,1,0.9837607145309448
7682,9,1,0.36529189348220825
7683,2,1,2.1753292083740234
7684,6,1,1.3026257753372192
7685,2,1,1.2289961576461792
7686,1,0,-0.13544961810112
7687,2,1,2.1322178840637207
7688,0,1,3.2569398880004883
7689,8,1,0.5320303440093994
7690,3,1,0.5009438991546631
7691,8,1,0.548332691192627
7692,3,1,0.3464605212211609
7693,0,1,4.088931083679199
7694,8,1,0.8987103700637817
7695,7,1,1.0432320833206177
7696,4,1,1.2315813302993774
7697,9,1,0.5149860382080078
7698,5,1,1.477441668510437
7699,0,1,4.267688751220703
7700,9,1,0.4034217596054077
7701,7,1,0.22580444812774658
7702,0,1,2.2284069061279297
7703,0,1,2.4880027770996094
7704,4,1,0.8673202991485596
7705,6,1,1.9388715028762817
7706,0,1,2.424227237701416
7707,9,1,0.5159269571304321
7708,1,0,-0.12966114282608032
7709,6,1,2.511707305908203
7710,2,1,1.702514886856079
7711,7,1,1.2173117399215698
7712,6,1,2.3927321434020996
7713,8,1,1.7525616884231567
7714,3,1,1.2150930166244507
7715,5,1,1.7941664457321167
7716,2,1,1.3170942068099976
7717,1,0,-0.1141299456357956
7718,8,1,1.529349446296692
7719,3,1,0.8552066087722778
7720,8,1,0.4850655198097229
7721,6,1,1.2519267797470093
7722,1,0,-0.10268552601337433
7723,0,1,4.304728984832764
7724,2,1,1.5258983373641968
7725,1,0,-0.13684816658496857
7726,4,1,1.1243524551391602
7727,0,1,1.297601342201233
7728,1,0,-0.06417472660541534
7729,2,1,0.23525068163871765
7730,3,1,0.38169753551483154
7731,4,1,0.3784847855567932
7732,5,1,1.1059767007827759
7733,6,1,0.5963807106018066
7734,7,1,0.8256322145462036
7735,8,1,0.3540499210357666
7736,9,1,0.16600942611694336
7737,0,1,2.5112152099609375
7738,1,0,-0.08690251410007477
7739,2,1,0.6014525890350342
7740,3,1,0.6246530413627625
7741,4,1,1.538814663887024
7742,5,1,0.5541893243789673
7743,6,1,0.6485147476196289
7744,7,1,0.5241020917892456
7745,8,1,1.2006632089614868
7746,9,1,0.5990003347396851
7747,0,1,2.406403064727783
7748,1,0,-0.10661925375461578
7749,2,1,0.6159662008285522
7750,3,1,0.34389984607696533
7751,4,1,1.4959570169448853
7752,5,1,0.4745427966117859
7753,6,1,1.0558360815048218
7754,7,1,0.6707702875137329
7755,8,1,0.8066555261611938
7756,9,1,0.11179113388061523
7757,7,1,0.9368466138839722
7758,6,1,0.8255957365036011
7759,4,1,0.7574068307876587
7760,7,1,0.5943664312362671
7761,6,1,1.1343655586242676
7762,2,1,0.6302672028541565
7763,3,1,0.3864814043045044
7764,4,1,0.7835527658462524
7765,8,1,0.8558946847915649
7766,7,1,1.3864558935165405
7767,8,1,0.6220197677612305
7768,6,1,0.37078237533569336
7769,9,1,0.44303715229034424
7770,8,1,0.45691609382629395
7771,3,1,0.30044978857040405
7772,2,1,0.8677579164505005
7773,2,1,0.3563649654388428
7774,8,1,1.3454453945159912
7775,4,1,1.1941004991531372
7776,8,1,0.5875208377838135
7777,5,1,1.0357997417449951
7778,6,1,0.9957584142684937
7779,5,1,0.34582674503326416
7780,0,1,2.2223663330078125
7781,2,1,0.49751436710357666
7782,0,1,2.304438591003418
7783,1,0,-0.04621651768684387
7784,1,0,-0.14175033569335938
7785,2,1,0.6087617874145508
7786,9,1,0.29010385274887085
7787,6,1,1.2380585670471191
7788,8,1,0.24828505516052246
7789,2,1,0.6780992746353149
7790,1,0,-0.13413159549236298
7791,0,1,2.388474464416504
7792,6,1,1.6893545389175415
7793,5,1,0.8040739297866821
7794,2,1,0.6715242862701416
7795,9,1,0.3559759855270386
7796,7,1,0.9802052974700928
7797,5,1,0.43223559856414795
7798,3,1,0.38587522506713867
7799,9,1,0.20355358719825745
7800,3,1,1.5614923238754272
7801,7,1,0.40923142433166504
7802,1,0,-0.152571439743042
7803,8,1,0.6943725347518921
7804,3,1,0.19192129373550415
7805,8,1,1.3480738401412964
7806,1,0,-0.14463981986045837
7807,9,1,0.31196558475494385
7808,5,1,0.06227743625640869
7809,5,1,0.10357487201690674
7810,0,1,2.07645320892334
7811,1,0,-0.011707723140716553
7812,1,0,0.020895153284072876
7813,9,1,0.4534645080566406
7814,8,1,1.2590183019638062
7815,2,1,0.8499494791030884
7816,6,1,1.1081411838531494
7817,0,1,2.414905548095703
7818,4,1,1.283889651298523
7819,5,1,0.3623195290565491
7820,0,1,2.1421594619750977
7821,3,1,1.2550276517868042
7822,1,0,0.178773432970047
7823,8,1,0.7680726647377014
7824,6,1,1.5912303924560547
7825,7,1,0.5909228920936584
7826,5,1,0.28063297271728516
7827,9,1,0.613028347492218
7828,9,1,0.28682100772857666
7829,3,1,0.4261086583137512
7830,0,1,2.304063320159912
7831,3,1,0.5017421245574951
7832,1,0,-0.15827873349189758
7833,4,1,0.6214748024940491
7834,4,1,0.6372750997543335
7835,0,1,2.0727601051330566
7836,4,1,0.8883172273635864
7837,9,1,-0.010967865586280823
7838,0,1,2.2819156646728516
7839,1,0,-0.09765009582042694
7840,2,1,0.4087238311767578
7841,3,1,0.5687956809997559
7842,5,1,0.8913155794143677
7843,6,1,1.5458236932754517
7844,7,1,1.4500230550765991
7845,8,1,1.4024205207824707
7846,0,1,2.191092014312744
7847,1,0,-0.0670943558216095
7848,2,1,0.24238160252571106
7849,3,1,0.33593595027923584
7850,5,1,0.5839855670928955
7851,6,1,1.5728328227996826
7852,7,1,1.0826905965805054
7853,8,1,1.0173444747924805
7854,9,1,0.5619217157363892
7855,0,1,2.657586097717285
7856,1,0,-0.0678730309009552
7857,2,1,0.269702285528183
7858,3,1,0.31828343868255615
7859,5,1,0.4257320165634155
7860,6,1,1.4030144214630127
7861,7,1,0.9558442831039429
7862,8,1,0.8169556856155396
7863,9,1,0.20789867639541626
7864,9,1,0.5404945611953735
7865,7,1,0.9143024682998657
7866,0,1,2.0295214653015137
7867,9,1,0.5078483819961548
7868,0,1,2.2570252418518066
7869,1,0,-0.15106342732906342
7870,5,1,0.13591116666793823
7871,8,1,0.9653011560440063
7872,8,1,0.7749432325363159
7873,0,1,1.9236544370651245
7874,9,1,0.6787523627281189
7875,3,1,0.2744945287704468
7876,2,1,0.28002434968948364
7877,7,1,0.45496249198913574
7878,8,1,1.3276182413101196
7879,4,1,0.889676570892334
7880,6,1,0.5536913275718689
7881,1,0,-0.1417197287082672
7882,0,1,1.6419355869293213
7883,4,1,0.5209933519363403
7884,9,1,0.8206691741943359
7885,4,1,0.7657080888748169
7886,2,1,0.5500043630599976
7887,0,1,2.1988754272460938
7888,5,1,0.2562057673931122
7889,0,1,2.293562889099121
7890,1,0,-0.15024465322494507
7891,6,1,1.3731313943862915
7892,9,1,0.19526806473731995
7893,3,1,0.41368669271469116
7894,2,1,0.5735078454017639
7895,9,1,0.5104257464408875
7896,1,0,-0.07532069087028503
7897,6,1,0.6651660203933716
7898,0,1,1.7837885618209839
7899,1,0,-0.012159645557403564
7900,1,0,-0.09943285584449768
7901,8,1,1.1915463209152222
7902,7,1,1.1371508836746216
7903,7,1,1.1455111503601074
7904,6,1,1.3340939283370972
7905,3,1,0.525744616985321
7906,6,1,0.8898030519485474
7907,0,1,1.657517671585083
7908,7,1,1.1190283298492432
7909,2,1,0.5025191307067871
7910,4,1,1.1758074760437012
7911,1,0,-0.07941922545433044
7912,7,1,0.6352157592773438
7913,0,1,1.6337811946868896
7914,6,1,1.1561863422393799
7915,7,1,0.682942807674408
7916,1,0,-0.12050611525774002
7917,2,1,0.7962089776992798
7918,5,1,0.4494990110397339
7919,8,1,1.1910468339920044
7920,1,0,-0.0956311821937561
7921,8,1,0.25918683409690857
7922,2,1,0.48847001791000366
7923,8,1,0.9201656579971313
7924,7,1,0.7398886680603027
7925,6,1,1.09147047996521
7926,8,1,1.178343653678894
7927,7,1,0.27638280391693115
7928,1,0,-0.007059812545776367
7929,6,1,1.3390353918075562
7930,2,1,0.3954343795776367
7931,9,1,0.20148873329162598
7932,3,1,0.5701598525047302
7933,0,1,3.457714080810547
7934,1,0,0.03119722008705139
7935,2,1,0.7164202928543091
7936,3,1,0.3431135416030884
7937,4,1,0.7183585166931152
7938,5,1,0.8756555318832397
7939,6,1,0.6616066694259644
7940,7,1,0.2560517191886902
7941,8,1,0.9493621587753296
7942,9,1,0.08444160223007202
7943,0,1,2.7367353439331055
7944,1,0,-0.16000598669052124
7945,2,1,0.7218592166900635
7946,3,1,0.44632673263549805
7947,4,1,0.5611457824707031
7948,5,1,1.6976007223129272
7949,6,1,0.35507845878601074
7950,7,1,0.3358692526817322
7951,8,1,0.5036110877990723
7952,9,1,0.18734034895896912
7953,0,1,3.4295096397399902
7954,1,0,-0.10569995641708374
7955,2,1,0.6172695159912109
7956,3,1,0.8653734922409058
7957,4,1,0.4392123222351074
7958,5,1,0.7246288061141968
7959,6,1,1.0719164609909058
7960,7,1,0.9180117845535278
7961,8,1,0.5838907361030579
7962,9,1,0.44172346591949463
7963,8,1,0.7199629545211792
7964,9,1,0.04746609926223755
7965,5,1,1.5831208229064941
7966,7,1,0.41746246814727783
7967,0,1,2.491682529449463
7968,3,1,0.6747592687606812
7969,1,0,-0.15787944197654724
7970,6,1,0.21372857689857483
7971,8,1,0.7286423444747925
7972,4,1,0.31588268280029297
7973,1,0,-0.1533876657485962
7974,5,1,0.45459091663360596
7975,6,1,0.9771769046783447
7976,4,1,0.6222485899925232
7977,2,1,1.0505799055099487
7978,7,1,1.6842297315597534
7979,8,1,1.150138020515442
7980,1,0,-0.16268175840377808
7981,3,1,0.6004410982131958
7982,4,1,0.23922008275985718
7983,3,1,0.6484880447387695
7984,4,1,0.32401180267333984
7985,7,1,0.5233691930770874
7986,2,1,0.29305750131607056
7987,0,1,2.270930290222168
7988,5,1,0.29001355171203613
7989,0,1,1.9222477674484253
7990,1,0,0.04127490520477295
7991,9,1,0.4349355101585388
7992,2,1,0.8554085493087769
7993,3,1,1.121151328086853
7994,2,1,0.6996977925300598
7995,3,1,0.6207075119018555
7996,5,1,0.23110893368721008
7997,5,1,0.572695255279541
7998,7,1,0.875146746635437
7999,8,1,1.9863499402999878
8000,4,1,0.7107101678848267
8001,9,1,0.2327304482460022
8002,9,1,0.07269793748855591
8003,7,1,0.06899049878120422
8004,1,0,0.0778382420539856
8005,1,0,-0.15989187359809875
8006,9,1,0.362750768661499
8007,0,1,2.5462698936462402
8008,7,1,0.9775305986404419
8009,8,1,1.1668720245361328
8010,3,1,0.6489584445953369
8011,4,1,0.4517759084701538
8012,8,1,0.7642360925674438
8013,6,1,1.8669096231460571
8014,3,1,0.7189026474952698
8015,8,1,2.3442764282226562
8016,0,1,1.7879682779312134
8017,9,1,0.43181556463241577
8018,6,1,1.1621695756912231
8019,2,1,0.6646713018417358
8020,1,0,0.3074243664741516
8021,0,1,2.4507899284362793
8022,1,0,-0.11406993120908737
8023,0,1,2.0168800354003906
8024,6,1,1.060096025466919
8025,2,1,0.981655478477478
8026,3,1,0.6535558700561523
8027,8,1,1.326353669166565
8028,9,1,0.24261417984962463
8029,0,1,1.812796711921692
8030,7,1,0.5947252511978149
8031,2,1,0.5514451265335083
8032,3,1,0.8798209428787231
8033,4,1,0.6281209588050842
8034,5,1,1.225206971168518
8035,5,1,0.8879767656326294
8036,2,1,0.9001878499984741
8037,8,1,1.41421377658844
8038,5,1,1.1702007055282593
8039,4,1,0.33655989170074463
8040,6,1,0.8487911224365234
8041,6,1,0.5322333574295044
8042,6,1,0.5019915103912354
8043,7,1,0.676327109336853
8044,9,1,0.007040232419967651
8045,1,0,-0.17577987909317017
8046,8,1,0.596712589263916
8047,2,1,0.6973549127578735
8048,1,0,-0.16699177026748657
8049,5,1,1.6070986986160278
8050,3,1,0.5310074090957642
8051,4,1,0.6247750520706177
8052,7,1,0.6793429851531982
8053,9,1,0.7862317562103271
8054,4,1,0.6178009510040283
8055,0,1,1.3382078409194946
8056,0,1,3.1589698791503906
8057,0,1,3.1094155311584473
8058,1,0,-0.1402788907289505
8059,2,1,-0.0341930091381073
8060,3,1,0.19387707114219666
8061,4,1,0.6300934553146362
8062,5,1,0.38937485218048096
8063,6,1,0.08982476592063904
8064,7,1,0.4473615884780884
8065,8,1,0.5705103874206543
8066,9,1,-0.08780920505523682
8067,0,1,2.296828269958496
8068,1,0,-0.07501876354217529
8069,2,1,0.21210739016532898
8070,3,1,0.2880282402038574
8071,4,1,0.24408984184265137
8072,5,1,0.9645959138870239
8073,6,1,0.3005586862564087
8074,7,1,0.27206146717071533
8075,8,1,0.26743751764297485
8076,9,1,0.11799344420433044
8077,0,1,1.6699519157409668
8078,1,0,-0.08180807530879974
8079,2,1,0.10825493931770325
8080,3,1,0.4602656364440918
8081,4,1,0.48375970125198364
8082,5,1,0.8000394105911255
8083,6,1,0.4887239933013916
8084,9,1,0.19152742624282837
8085,0,1,1.8520563840866089
8086,1,0,-0.11092355102300644
8087,3,1,0.1623566746711731
8088,1,0,-0.14382906258106232
8089,5,1,0.6798235774040222
8090,1,0,-0.12382274866104126
8091,2,1,0.4333057403564453
8092,4,1,0.09501433372497559
8093,9,1,0.1901226043701172
8094,2,1,0.11482375860214233
8095,4,1,0.11365967988967896
8096,6,1,0.17766061425209045
8097,8,1,1.3927022218704224
8098,0,1,2.7175469398498535
8099,1,0,0.005280822515487671
8100,1,0,-0.1633484959602356
8101,9,1,0.17539435625076294
8102,2,1,0.13033586740493774
8103,6,1,0.024952173233032227
8104,6,1,0.30774348974227905
8105,8,1,0.3809624910354614
8106,7,1,0.016887515783309937
8107,4,1,0.1555587649345398
8108,2,1,0.6236308813095093
8109,9,1,0.07486617565155029
8110,7,1,0.07893103361129761
8111,0,1,2.5738015174865723
8112,2,1,0.6098614931106567
8113,1,0,-0.12680727243423462
8114,0,1,2.2371768951416016
8115,3,1,0.8760333061218262
8116,6,1,2.237581253051758
8117,0,1,4.289944648742676
8118,1,0,-0.17121383547782898
8119,2,1,0.5621490478515625
8120,3,1,0.5675835609436035
8121,4,1,0.5394278764724731
8122,5,1,0.2835913896560669
8123,6,1,0.8107472658157349
8124,7,1,0.7957950830459595
8125,8,1,1.96432363986969
8126,9,1,1.0491352081298828
8127,0,1,3.4315285682678223
8128,1,0,-0.10268191993236542
8129,2,1,0.5787532925605774
8130,3,1,0.4546405076980591
8131,4,1,0.6762438416481018
8132,5,1,0.4368998408317566
8133,6,1,1.1619974374771118
8134,7,1,0.5018081068992615
8135,8,1,1.461621880531311
8136,9,1,0.9897106885910034
8137,0,1,2.895585060119629
8138,1,0,-0.11380284279584885
8139,2,1,0.58051598072052
8140,3,1,1.172730803489685
8141,4,1,0.7784974575042725
8142,5,1,0.3311314582824707
8143,6,1,0.9149771928787231
8144,7,1,0.39642012119293213
8145,8,1,1.0115867853164673
8146,9,1,0.14151665568351746
8147,8,1,0.8502647876739502
8148,6,1,0.8867658376693726
8149,5,1,0.7382473945617676
8150,9,1,0.10094118118286133
8151,7,1,0.16323211789131165
8152,0,1,3.9152469635009766
8153,2,1,0.5184898376464844
8154,3,1,0.5530420541763306
8155,4,1,0.8809570074081421
8156,3,1,1.345446228981018
8157,8,1,1.967495322227478
8158,5,1,0.278159499168396
8159,1,0,-0.13732638955116272
8160,5,1,0.22164642810821533
8161,2,1,0.41063833236694336
8162,3,1,1.604094386100769
8163,0,1,2.2386155128479004
8164,1,0,-0.14792704582214355
8165,2,1,0.778532862663269
8166,1,0,-0.12056893110275269
8167,3,1,0.6082634329795837
8168,2,1,0.638512372970581
8169,6,1,1.8976956605911255
8170,5,1,0.389710009098053
8171,3,1,0.6898859739303589
8172,0,1,2.681321620941162
8173,7,1,0.027783989906311035
8174,2,1,0.46359676122665405
8175,7,1,0.31889212131500244
8176,4,1,1.0388860702514648
8177,6,1,1.3179179430007935
8178,4,1,1.0272504091262817
8179,0,1,3.313687801361084
8180,5,1,0.37661993503570557
8181,9,1,0.6219157576560974
8182,9,1,1.268890142440796
8183,8,1,0.31362324953079224
8184,9,1,0.5154791474342346
8185,5,1,0.79869544506073
8186,3,1,1.104620099067688
8187,1,0,-0.07546669244766235
8188,7,1,1.1718826293945312
8189,4,1,0.7199957966804504
8190,7,1,0.5082981586456299
8191,6,1,1.1360015869140625
8192,5,1,0.7851148843765259
8193,4,1,0.7356386184692383
8194,0,1,1.8602691888809204
8195,0,1,3.6318726539611816
8196,6,1,2.666314125061035
8197,6,1,1.5297925472259521
8198,2,1,0.5558192133903503
8199,0,1,2.1886825561523438
8200,6,1,1.4549161195755005
8201,3,1,0.5878461599349976
8202,7,1,0.7134281396865845
8203,7,1,0.6534188985824585
8204,4,1,1.5616309642791748
8205,4,1,0.9973466396331787
8206,3,1,1.045715093612671
8207,9,1,0.2747611403465271
8208,2,1,0.9759114980697632
8209,8,1,0.3308890461921692
8210,9,1,0.4112986922264099
8211,6,1,1.147972583770752
8212,0,1,2.3041162490844727
8213,9,1,1.0344263315200806
8214,5,1,0.7764649391174316
8215,3,1,0.600528359413147
8216,8,1,0.8280413150787354
8217,8,1,0.8620761632919312
8218,7,1,0.11293298006057739
8219,1,0,-0.09806601703166962
8220,4,1,0.6798281073570251
8221,0,1,2.7756056785583496
8222,4,1,0.7029082775115967
8223,8,1,1.1318475008010864
8224,5,1,0.732928454875946
8225,2,1,0.6263993382453918
8226,3,1,0.9399045705795288
8227,9,1,0.7322426438331604
8228,0,1,2.2436776161193848
8229,1,0,-0.1537829041481018
8230,9,1,0.2882009744644165
8231,1,0,-0.11652502417564392
8232,5,1,0.25975653529167175
8233,1,0,-0.14375704526901245
8234,7,1,0.25824877619743347
8235,4,1,1.0917534828186035
8236,8,1,1.312109112739563
8237,6,1,1.1252135038375854
8238,2,1,1.020414113998413
8239,1,0,-0.11257687211036682
8240,6,1,0.5285630226135254
8241,8,1,0.6720082759857178
8242,8,1,0.7244641780853271
8243,0,1,1.2010754346847534
8244,1,0,0.10194268822669983
8245,2,1,0.3180490732192993
8246,3,1,1.2102934122085571
8247,4,1,0.9322006702423096
8248,7,1,0.7415773272514343
8249,8,1,1.152591586112976
8250,9,1,0.6198090314865112
8251,0,1,2.6057496070861816
8252,1,0,0.030439376831054688
8253,2,1,0.4219660758972168
8254,3,1,1.1619081497192383
8255,4,1,0.47841453552246094
8256,6,1,1.1786081790924072
8257,7,1,0.6268033385276794
8258,8,1,0.46016520261764526
8259,9,1,0.6637316942214966
8260,0,1,2.098677635192871
8261,1,0,-0.1259545087814331
8262,2,1,0.3297465443611145
8263,3,1,0.4760235548019409
8264,4,1,0.8258136510848999
8265,7,1,0.4993642568588257
8266,8,1,1.7491215467453003
8267,9,1,1.4138668775558472
8268,1,0,-0.14234663546085358
8269,4,1,0.2923773527145386
8270,5,1,0.5725926160812378
8271,3,1,0.8661981821060181
8272,3,1,1.210758924484253
8273,0,1,1.1346535682678223
8274,9,1,0.8108574151992798
8275,5,1,0.2733936309814453
8276,4,1,0.5109740495681763
8277,3,1,0.5910199880599976
8278,0,1,0.9293903112411499
8279,8,1,0.8174459934234619
8280,4,1,0.691430926322937
8281,6,1,0.3639069199562073
8282,7,1,0.6111569404602051
8283,0,1,1.4285167455673218
8284,7,1,1.2192552089691162
8285,7,1,0.13579973578453064
8286,1,0,-0.0998886376619339
8287,6,1,0.5873914957046509
8288,9,1,0.5508816242218018
8289,1,0,-0.14081504940986633
8290,3,1,1.4183951616287231
8291,6,1,0.6848120093345642
8292,2,1,0.9197021722793579
8293,3,1,0.3616178035736084
8294,8,1,1.7498219013214111
8295,2,1,0.46128779649734497
8296,3,1,0.4135890007019043
8297,8,1,0.7818228006362915
8298,9,1,0.42914193868637085
8299,5,1,0.6288262605667114
8300,8,1,1.626771330833435
8301,8,1,1.3849848508834839
8302,7,1,0.9035207033157349
8303,1,0,-0.15701910853385925
8304,7,1,1.5805096626281738
8305,1,0,-0.1077956035733223
8306,1,0,-0.07004766166210175
8307,0,1,3.5029029846191406
8308,3,1,0.562260627746582
8309,4,1,0.35651683807373047
8310,2,1,0.21438777446746826
8311,6,1,1.2218174934387207
8312,4,1,0.6434978246688843
8313,7,1,0.4687741994857788
8314,4,1,0.3195353150367737
8315,2,1,0.6081839799880981
8316,7,1,0.9296737909317017
8317,4,1,0.5761464834213257
8318,2,1,0.3342529535293579
8319,9,1,0.4006345272064209
8320,2,1,0.3433417081832886
8321,7,1,1.702780842781067
8322,9,1,0.6198647022247314
8323,2,1,0.5418487191200256
8324,1,0,-0.096162348985672
8325,0,1,0.5406842827796936
8326,6,1,0.6521076560020447
8327,5,1,0.23384350538253784
8328,3,1,1.1480923891067505
8329,4,1,0.5733729004859924
8330,8,1,1.2113789319992065
8331,5,1,0.2897874712944031
8332,9,1,1.5446488857269287
8333,6,1,1.6468812227249146
8334,9,1,0.32163137197494507
8335,0,1,2.128788471221924
8336,6,1,1.3021446466445923
8337,3,1,0.8655864000320435
8338,0,1,2.952707290649414
8339,8,1,0.7411165237426758
8340,1,0,-0.11767978966236115
8341,6,1,1.3595702648162842
8342,0,1,2.108391761779785
8343,0,1,2.6200308799743652
8344,1,0,-0.17596575617790222
8345,2,1,0.8582159280776978
8346,3,1,0.8717265129089355
8347,4,1,0.48322927951812744
8348,5,1,0.4692692160606384
8349,6,1,1.2785863876342773
8350,7,1,0.7213231325149536
8351,0,1,2.776951789855957
8352,1,0,-0.18597686290740967
8353,2,1,0.46983444690704346
8354,3,1,0.8992279767990112
8355,4,1,0.7821539640426636
8356,7,1,1.3814548254013062
8357,8,1,0.561612606048584
8358,9,1,0.043802618980407715
8359,0,1,2.202786445617676
8360,1,0,-0.08834469318389893
8361,2,1,0.3910776972770691
8362,3,1,0.9547861814498901
8363,4,1,1.380139708518982
8364,7,1,0.6469660401344299
8365,2,1,0.9299982786178589
8366,5,1,1.407488226890564
8367,1,0,-0.13738273084163666
8368,6,1,0.5669283270835876
8369,4,1,1.0673986673355103
8370,3,1,0.7209328413009644
8371,9,1,0.35267478227615356
8372,9,1,0.5348962545394897
8373,0,1,1.8911079168319702
8374,9,1,1.581323266029358
8375,7,1,0.23061418533325195
8376,1,0,0.13060730695724487
8377,6,1,0.8908058404922485
8378,4,1,0.7542083859443665
8379,3,1,0.5227954387664795
8380,6,1,1.0406157970428467
8381,2,1,0.2872713804244995
8382,0,1,0.959861159324646
8383,9,1,1.1793166399002075
8384,8,1,0.9088608026504517
8385,6,1,0.9074221849441528
8386,5,1,0.3059443235397339
8387,7,1,1.5254472494125366
8388,0,1,1.8239959478378296
8389,0,1,2.366436004638672
8390,1,0,-0.11710331588983536
8391,7,1,0.8191876411437988
8392,4,1,0.874292254447937
8393,3,1,0.4758877158164978
8394,2,1,0.5843808650970459
8395,4,1,0.62184739112854
8396,1,0,-0.09868696331977844
8397,3,1,1.6813805103302002
8398,7,1,0.6333795785903931
8399,6,1,0.3781728744506836
8400,4,1,0.7127996683120728
8401,7,1,0.5045058727264404
8402,7,1,0.9307196140289307
8403,7,1,0.9283777475357056
8404,9,1,0.5322123765945435
8405,8,1,0.9483035802841187
8406,4,1,1.3871976137161255
8407,3,1,1.4190276861190796
8408,8,1,1.1638911962509155
8409,2,1,0.4130110740661621
8410,8,1,0.222706139087677
8411,3,1,0.5378265976905823
8412,5,1,0.5103750228881836
8413,8,1,0.4467921853065491
8414,0,1,2.5241799354553223
8415,5,1,0.19157728552818298
8416,4,1,0.8909268379211426
8417,7,1,2.175243377685547
8418,1,0,-0.1559145450592041
8419,3,1,1.0088316202163696
8420,1,0,-0.14920303225517273
8421,7,1,0.8749066591262817
8422,9,1,0.30001533031463623
8423,6,1,1.0487412214279175
8424,2,1,1.1010044813156128
8425,0,1,2.4128737449645996
8426,9,1,1.111683964729309
8427,1,0,-0.13968288898468018
8428,7,1,2.1030378341674805
8429,3,1,0.7916649580001831
8430,3,1,1.0981594324111938
8431,9,1,0.6588510274887085
8432,1,0,-0.16254055500030518
8433,6,1,1.0548759698867798
8434,4,1,1.169453501701355
8435,3,1,0.5116516351699829
8436,9,1,0.7138994932174683
8437,8,1,0.7663089632987976
8438,2,1,0.6039299368858337
8439,1,0,-0.14453187584877014
8440,8,1,1.2219597101211548
8441,6,1,1.1678189039230347
8442,4,1,0.9432321786880493
8443,1,0,-0.06524845957756042
8444,5,1,1.158308506011963
8445,5,1,0.3675122857093811
8446,6,1,0.9306610822677612
8447,5,1,1.5075169801712036
8448,0,1,3.4462943077087402
8449,1,0,-0.12062059342861176
8450,2,1,0.4829639196395874
8451,3,1,0.38756781816482544
8452,4,1,1.113916039466858
8453,5,1,0.3265998959541321
8454,6,1,1.639747977256775
8455,7,1,1.0067943334579468
8456,8,1,1.8141716718673706
8457,9,1,1.194987416267395
8458,0,1,2.86574649810791
8459,1,0,-0.03052632510662079
8460,2,1,0.5409929156303406
8461,3,1,0.2773319482803345
8462,4,1,1.0914815664291382
8463,5,1,0.6062464118003845
8464,6,1,2.059945583343506
8465,7,1,0.4167524576187134
8466,8,1,1.7612401247024536
8467,9,1,0.9439364671707153
8468,0,1,3.633843421936035
8469,1,0,-0.09342643618583679
8470,2,1,1.0805634260177612
8471,3,1,0.28334951400756836
8472,4,1,0.6406506299972534
8473,5,1,0.5611147880554199
8474,6,1,1.0824427604675293
8475,7,1,0.7397404909133911
8476,8,1,1.5661611557006836
8477,9,1,0.6826756000518799
8478,6,1,0.43947941064834595
8479,9,1,0.6886083483695984
8480,7,1,0.7318147420883179
8481,0,1,3.571530818939209
8482,2,1,0.4503946304321289
8483,3,1,0.23157408833503723
8484,4,1,0.9389899969100952
8485,3,1,0.3918730616569519
8486,8,1,1.0694119930267334
8487,5,1,0.529267430305481
8488,1,0,-0.1810975968837738
8489,3,1,0.5170434713363647
8490,0,1,2.234631061553955
8491,1,0,-0.143599271774292
8492,2,1,0.31751883029937744
8493,1,0,0.0019617080688476562
8494,3,1,0.2641252279281616
8495,2,1,0.5095828771591187
8496,0,1,3.0717973709106445
8497,7,1,0.1706404685974121
8498,2,1,0.32745862007141113
8499,6,1,0.9382094144821167
8500,4,1,0.6366857290267944
8501,0,1,2.0253138542175293
8502,5,1,1.179394006729126
8503,9,1,0.26332929730415344
8504,9,1,0.178047776222229
8505,8,1,0.7903584241867065
8506,9,1,0.20104825496673584
8507,5,1,0.2978280782699585
8508,3,1,0.5276868939399719
8509,1,0,-0.06266894936561584
8510,7,1,0.20667016506195068
8511,4,1,0.8115963935852051
8512,7,1,0.2402907907962799
8513,0,1,2.241739273071289
8514,0,1,3.6445631980895996
8515,6,1,0.7816394567489624
8516,6,1,1.1443361043930054
8517,6,1,1.1758558750152588
8518,3,1,0.4160742163658142
8519,7,1,0.8163740634918213
8520,4,1,0.4558754563331604
8521,2,1,0.1455971598625183
8522,8,1,1.222093105316162
8523,9,1,0.7605410814285278
8524,8,1,0.7193273305892944
8525,7,1,0.1842595636844635
8526,1,0,-0.14094728231430054
8527,4,1,0.3901835083961487
8528,0,1,3.0162134170532227
8529,4,1,1.152410864830017
8530,8,1,1.2956700325012207
8531,5,1,0.8556442260742188
8532,2,1,0.719642698764801
8533,3,1,0.6180176734924316
8534,9,1,0.3663104772567749
8535,0,1,3.6714210510253906
8536,1,0,-0.1418805569410324
8537,9,1,0.3993335962295532
8538,1,0,-0.11824086308479309
8539,5,1,1.6338146924972534
8540,1,0,-0.1545054018497467
8541,7,1,0.38605499267578125
8542,6,1,0.02790045738220215
8543,1,0,-0.14975965023040771
8544,2,1,1.7862375974655151
8545,1,0,-0.11733196675777435
8546,6,1,0.21993955969810486
8547,8,1,1.8295172452926636
8548,0,1,3.8033618927001953
8549,1,0,-0.17285561561584473
8550,2,1,0.8692827224731445
8551,3,1,1.3160814046859741
8552,4,1,1.2128992080688477
8553,5,1,2.101898193359375
8554,6,1,2.1381173133850098
8555,7,1,1.03082275390625
8556,8,1,1.0707553625106812
8557,9,1,0.7502238154411316
8558,0,1,2.721318244934082
8559,1,0,-0.0843002200126648
8560,2,1,1.3901244401931763
8561,3,1,1.6187394857406616
8562,4,1,1.1572304964065552
8563,5,1,3.6461877822875977
8564,6,1,2.0855493545532227
8565,7,1,0.04451218247413635
8566,8,1,1.3432306051254272
8567,0,1,4.983711242675781
8568,1,0,-0.18047399818897247
8569,2,1,0.6217067837715149
8570,3,1,2.99021053314209
8571,5,1,2.8985047340393066
8572,6,1,1.733174204826355
8573,7,1,2.154963970184326
8574,8,1,1.559482216835022
8575,1,0,-0.1202896237373352
8576,0,1,2.809872627258301
8577,4,1,0.6698474884033203
8578,5,1,1.122641921043396
8579,6,1,2.142812728881836
8580,6,1,1.51722252368927
8581,3,1,0.9399690628051758
8582,4,1,0.5505934953689575
8583,4,1,0.7013160586357117
8584,2,1,1.4277770519256592
8585,8,1,0.9570142030715942
8586,1,0,-0.13017243146896362
8587,0,1,3.775397300720215
8588,6,1,2.074089527130127
8589,4,1,0.6294397711753845
8590,9,1,0.4934844970703125
8591,7,1,0.4858463406562805
8592,2,1,1.1501386165618896
8593,9,1,0.22068512439727783
8594,2,1,0.5078498721122742
8595,0,1,3.496758460998535
8596,9,1,0.48556727170944214
8597,3,1,1.1532596349716187
8598,3,1,0.3711206316947937
8599,9,1,0.807677149772644
8600,1,0,-0.11976093053817749
8601,5,1,1.888029932975769
8602,2,1,2.06630277633667
8603,3,1,1.5384777784347534
8604,1,0,-0.16339229047298431
8605,6,1,1.2100642919540405
8606,7,1,0.058737725019454956
8607,3,1,0.71703040599823
8608,7,1,0.4270067811012268
8609,8,1,0.937691330909729
8610,4,1,0.9304754734039307
8611,0,1,2.7508745193481445
8612,2,1,0.6959369778633118
8613,4,1,0.7150593996047974
8614,0,1,2.294339179992676
8615,2,1,1.0290285348892212
8616,4,1,0.5932409763336182
8617,7,1,0.7264758944511414
8618,8,1,0.4271494746208191
8619,0,1,3.789923667907715
8620,7,1,0.640502393245697
8621,0,1,3.049687385559082
8622,6,1,1.2381287813186646
8623,9,1,0.8608967065811157
8624,3,1,0.8640549182891846
8625,2,1,1.3087193965911865
8626,4,1,0.7195237874984741
8627,8,1,0.976643443107605
8628,6,1,1.2201299667358398
8629,0,1,2.9478769302368164
8630,5,1,1.7957831621170044
8631,7,1,0.5553525686264038
8632,5,1,2.09765625
8633,1,0,-0.123863585293293
8634,0,1,2.3881874084472656
8635,8,1,0.7895722389221191
8636,1,0,-0.13239023089408875
8637,6,1,2.9088125228881836
8638,7,1,0.5960537791252136
8639,2,1,1.6348271369934082
8640,9,1,0.18659257888793945
8641,7,1,0.7121496200561523
8642,9,1,0.6450201272964478
8643,5,1,2.049715995788574
8644,6,1,1.1660338640213013
8645,5,1,1.3798761367797852
8646,2,1,1.1029640436172485
8647,6,1,0.7615557909011841
8648,2,1,0.8504830598831177
8649,8,1,1.0262001752853394
8650,1,0,-0.10544048249721527
8651,7,1,0.9559708833694458
8652,5,1,0.7414460182189941
8653,5,1,1.4501467943191528
8654,7,1,0.24332433938980103
8655,3,1,1.2651118040084839
8656,5,1,1.6111202239990234
8657,0,1,4.780699729919434
8658,1,0,-0.1219518631696701
8659,1,0,-0.066423699259758
8660,3,1,0.7483638525009155
8661,8,1,0.6725509166717529
8662,4,1,1.0204640626907349
8663,9,1,0.8244298696517944
8664,4,1,0.8143993616104126
8665,5,1,2.145230293273926
8666,1,0,-0.13044506311416626
8667,8,1,0.7335895299911499
8668,6,1,1.6430768966674805
8669,8,1,1.1428385972976685
8670,9,1,1.1257776021957397
8671,0,1,3.0450339317321777
8672,1,0,-0.11352530866861343
8673,2,1,0.4178892970085144
8674,3,1,0.15759271383285522
8675,4,1,1.118003010749817
8676,5,1,0.8747752904891968
8677,6,1,1.1243242025375366
8678,7,1,0.6378129124641418
8679,8,1,1.260196328163147
8680,9,1,0.31076908111572266
8681,0,1,2.213789463043213
8682,1,0,-0.16656197607517242
8683,2,1,0.34917348623275757
8684,3,1,0.31788283586502075
8685,4,1,0.9265540838241577
8686,5,1,0.7449187636375427
8687,6,1,0.7382857799530029
8688,7,1,0.10496437549591064
8689,8,1,1.2610222101211548
8690,9,1,0.1515284776687622
8691,0,1,2.8282952308654785
8692,1,0,-0.14534278213977814
8693,2,1,0.44892919063568115
8694,3,1,0.2406558096408844
8695,4,1,0.7594282627105713
8696,5,1,0.6170030832290649
8697,6,1,0.6942676901817322
8698,7,1,0.6980804204940796
8699,8,1,1.129554271697998
8700,9,1,0.07143819332122803
8701,3,1,0.27477097511291504
8702,5,1,0.5556151866912842
8703,3,1,0.526761531829834
8704,2,1,0.7009139657020569
8705,9,1,0.2428148090839386
8706,3,1,0.3815913200378418
8707,2,1,0.6966503858566284
8708,1,0,-0.13197550177574158
8709,4,1,0.9894218444824219
8710,5,1,0.38661444187164307
8711,5,1,0.8313182592391968
8712,2,1,0.6856867671012878
8713,3,1,0.32854026556015015
8714,2,1,0.43472087383270264
8715,1,0,-0.1639138162136078
8716,3,1,0.33548563718795776
8717,9,1,0.23743754625320435
8718,7,1,0.3127264976501465
8719,2,1,0.8780919313430786
8720,1,0,-0.10894560813903809
8721,2,1,0.5659950971603394
8722,8,1,0.6314411163330078
8723,9,1,0.24033063650131226
8724,1,0,-0.13072778284549713
8725,8,1,0.8569623231887817
8726,8,1,0.9275496006011963
8727,7,1,0.31466734409332275
8728,8,1,0.9877926111221313
8729,1,0,-0.15011127293109894
8730,0,1,2.280829906463623
8731,0,1,1.7411168813705444
8732,6,1,1.3100382089614868
8733,7,1,0.27195197343826294
8734,7,1,0.5727882385253906
8735,8,1,0.7449291944503784
8736,7,1,0.5231170654296875
8737,5,1,0.498975932598114
8738,0,1,1.0841150283813477
8739,6,1,1.325316071510315
8740,1,0,-0.13832400739192963
8741,5,1,0.5982666015625
8742,7,1,0.17612937092781067
8743,4,1,1.0224671363830566
8744,6,1,0.3758928179740906
8745,1,0,-0.17086002230644226
8746,2,1,0.6826332807540894
8747,5,1,1.1328152418136597
8748,0,1,1.416959285736084
8749,7,1,0.35621070861816406
8750,9,1,0.3788948655128479
8751,9,1,0.37306296825408936
8752,0,1,0.5625
8753,3,1,0.33095526695251465
8754,4,1,0.8916776180267334
8755,4,1,0.8936723470687866
8756,8,1,0.26851144433021545
8757,4,1,1.097514033317566
8758,1,0,-0.1745111048221588
8759,8,1,0.6693205833435059
8760,6,1,0.8711725473403931
8761,5,1,0.5596543550491333
8762,9,1,0.12444180250167847
8763,0,1,1.6501740217208862
8764,0,1,1.74940025806427
8765,0,1,2.2937512397766113
8766,3,1,0.451108455657959
8767,7,1,0.6988517045974731
8768,1,0,-0.1622641533613205
8769,6,1,1.09281587600708
8770,4,1,1.3891700506210327
8771,6,1,1.037283182144165
8772,0,1,1.5819123983383179
8773,4,1,0.9176864624023438
8774,5,1,0.319966197013855
8775,4,1,0.7034465074539185
8776,1,0,-0.16994670033454895
8777,3,1,0.43506598472595215
8778,8,1,0.9552184343338013
8779,6,1,0.6564714908599854
8780,3,1,0.9385726451873779
8781,9,1,0.47216087579727173
8782,9,1,0.6265978813171387
8783,5,1,1.341206431388855
8784,9,1,0.2748129367828369
8785,3,1,0.15556007623672485
8786,7,1,0.7253479361534119
8787,8,1,0.3464686870574951
8788,5,1,0.2579996585845947
8789,6,1,1.1051464080810547
8790,4,1,0.9310983419418335
8791,7,1,0.4993637800216675
8792,6,1,1.1125410795211792
8793,2,1,1.2480626106262207
8794,2,1,0.7882269620895386
8795,0,1,1.3620082139968872
8796,9,1,0.5706465244293213
8797,4,1,0.6867902278900146
8798,0,1,3.64809513092041
8799,1,0,-0.14274077117443085
8800,2,1,0.6159300804138184
8801,3,1,0.3297607898712158
8802,4,1,1.2777252197265625
8803,5,1,0.47788286209106445
8804,6,1,0.6551896929740906
8805,7,1,0.07791697978973389
8806,8,1,0.6425178050994873
8807,9,1,0.25808608531951904
8808,0,1,3.5281667709350586
8809,1,0,-0.10975582152605057
8810,2,1,0.5709755420684814
8811,3,1,0.33173638582229614
8812,4,1,0.5174012184143066
8813,5,1,0.21871495246887207
8814,6,1,0.3559572696685791
8815,7,1,0.4856158494949341
8816,8,1,0.09432730078697205
8817,9,1,0.267019122838974
8818,0,1,2.285066604614258
8819,1,0,-0.08849641680717468
8820,2,1,0.883703351020813
8821,3,1,0.7190868854522705
8822,4,1,1.6231412887573242
8823,5,1,0.5802518129348755
8824,6,1,0.925024151802063
8825,7,1,0.03903913497924805
8826,8,1,0.9452544450759888
8827,9,1,0.1658092439174652
8828,6,1,0.26935479044914246
8829,4,1,0.8724822998046875
8830,2,1,0.9980827569961548
8831,6,1,0.45785677433013916
8832,4,1,0.7996268272399902
8833,7,1,0.7793890237808228
8834,5,1,0.384790301322937
8835,5,1,0.9116839170455933
8836,4,1,0.621891975402832
8837,7,1,0.5559970140457153
8838,2,1,0.5488230586051941
8839,9,1,0.0534137487411499
8840,3,1,0.6725994348526001
8841,9,1,0.36861979961395264
8842,3,1,0.5004973411560059
8843,8,1,0.3874335289001465
8844,2,1,1.224218487739563
8845,0,1,1.3251419067382812
8846,9,1,0.0978737473487854
8847,5,1,0.2425280511379242
8848,6,1,0.6384385228157043
8849,0,1,0.7514245510101318
8850,1,0,-0.13523884117603302
8851,0,1,1.2852946519851685
8852,6,1,0.9308041334152222
8853,5,1,0.4807360768318176
8854,3,1,0.7800371646881104
8855,5,1,1.0967518091201782
8856,3,1,0.9069828987121582
8857,8,1,0.5792210102081299
8858,0,1,2.3161263465881348
8859,0,1,1.3263038396835327
8860,3,1,0.36139965057373047
8861,4,1,0.40089380741119385
8862,1,0,-0.1450435221195221
8863,5,1,1.5032068490982056
8864,3,1,0.45459163188934326
8865,0,1,3.066511631011963
8866,8,1,0.03711575269699097
8867,3,1,0.7406728267669678
8868,0,1,2.858030319213867
8869,6,1,1.087408423423767
8870,2,1,0.49278271198272705
8871,7,1,0.7935477495193481
8872,8,1,0.6333121657371521
8873,1,0,-0.13423165678977966
8874,7,1,0.2470616102218628
8875,1,0,-0.12806236743927002
8876,3,1,0.4412844181060791
8877,8,1,0.5603606700897217
8878,5,1,0.23184093832969666
8879,4,1,0.5699352025985718
8880,2,1,0.7562436461448669
8881,0,1,1.2012652158737183
8882,9,1,0.4042239189147949
8883,7,1,0.4271811246871948
8884,6,1,1.102363109588623
8885,7,1,0.13939666748046875
8886,4,1,0.6742125749588013
8887,1,0,-0.07860611379146576
8888,6,1,0.7185071706771851
8889,2,1,0.9248950481414795
8890,6,1,0.9874434471130371
8891,7,1,0.27795344591140747
8892,1,0,-0.17755857110023499
8893,9,1,0.548487663269043
8894,8,1,0.40754592418670654
8895,0,1,2.097240447998047
8896,6,1,0.49971914291381836
8897,9,1,0.7645125389099121
8898,4,1,0.800742506980896
8899,9,1,0.3230011463165283
8900,9,1,0.20978686213493347
8901,6,1,0.36326026916503906
8902,2,1,0.19768351316452026
8903,3,1,0.5805824995040894
8904,7,1,1.4728304147720337
8905,1,0,-0.12467239797115326
8906,9,1,0.369101345539093
8907,2,1,1.1822082996368408
8908,2,1,0.5759832859039307
8909,5,1,0.5452716946601868
8910,3,1,0.3621707558631897
8911,7,1,0.324862539768219
8912,8,1,0.1708013415336609
8913,0,1,1.0927594900131226
8914,1,0,-0.10130086541175842
8915,2,1,0.673479437828064
8916,3,1,0.46659547090530396
8917,4,1,0.5883821845054626
8918,7,1,0.5338497161865234
8919,8,1,0.5743237137794495
8920,9,1,0.460701584815979
8921,0,1,1.8797019720077515
8922,1,0,-0.13613978028297424
8923,2,1,0.7299849987030029
8924,3,1,0.14667534828186035
8925,4,1,0.8999737501144409
8926,7,1,1.3029125928878784
8927,8,1,0.6522954702377319
8928,9,1,1.1541281938552856
8929,0,1,2.4377031326293945
8930,1,0,-0.13484176993370056
8931,7,1,0.8309746980667114
8932,8,1,0.8638794422149658
8933,9,1,1.1261626482009888
8934,8,1,0.5137556791305542
8935,9,1,0.3413578271865845
8936,2,1,0.44943153858184814
8937,6,1,0.7780733108520508
8938,1,0,-0.0801222175359726
8939,3,1,0.2275036871433258
8940,5,1,0.4786573648452759
8941,4,1,1.3255757093429565
8942,8,1,0.6318506002426147
8943,2,1,0.6162072420120239
8944,6,1,0.44177544116973877
8945,4,1,0.4760857820510864
8946,3,1,0.4904981851577759
8947,4,1,0.6287429332733154
8948,5,1,0.6053562760353088
8949,9,1,0.9086722135543823
8950,2,1,0.4912387728691101
8951,0,1,0.9865478277206421
8952,3,1,0.2642199993133545
8953,9,1,0.49033570289611816
8954,4,1,0.845328688621521
8955,9,1,0.35923463106155396
8956,7,1,0.2857414484024048
8957,3,1,0.296306848526001
8958,8,1,0.27834880352020264
8959,7,1,1.0590616464614868
8960,4,1,1.0759865045547485
8961,4,1,0.6727222204208374
8962,9,1,0.14743459224700928
8963,8,1,0.685154914855957
8964,5,1,0.5300723910331726
8965,8,1,1.0125280618667603
8966,2,1,0.869186520576477
8967,6,1,0.4539651870727539
8968,6,1,0.6499605178833008
8969,2,1,1.149509310722351
8970,3,1,0.5696696043014526
8971,1,0,-0.11840225756168365
8972,3,1,0.45189303159713745
8973,2,1,0.7483723163604736
8974,7,1,1.0100475549697876
8975,3,1,0.46172505617141724
8976,1,0,-0.09924682974815369
8977,9,1,0.24959427118301392
8978,0,1,2.6674351692199707
8979,1,0,-0.12660831212997437
8980,1,0,-0.14201714098453522
8981,3,1,0.12837064266204834
8982,5,1,0.4519073963165283
8983,0,1,1.8354977369308472
8984,7,1,0.9795221090316772
8985,8,1,0.8794361352920532
8986,1,0,-0.04722389578819275
8987,5,1,0.5037843585014343
8988,1,0,-0.09143692255020142
8989,4,1,0.7223396301269531
8990,6,1,0.5269843935966492
8991,0,1,3.825643539428711
8992,0,1,3.006488800048828
8993,4,1,0.569514274597168
8994,9,1,0.36535143852233887
8995,1,0,-0.06086036562919617
8996,6,1,1.188318133354187
8997,6,1,0.5753606557846069
8998,9,1,0.48656773567199707
8999,0,1,2.2164244651794434
9000,7,1,1.166106939315796
9001,6,1,1.2203201055526733
9002,1,0,-0.13368314504623413
9003,1,0,-0.1375654935836792
9004,0,1,1.2981312274932861
9005,1,0,-0.010863542556762695
9006,2,1,0.7100024223327637
9007,3,1,0.7833648920059204
9008,4,1,1.2304352521896362
9009,7,1,0.4367276430130005
9010,2,1,1.0934242010116577
9011,3,1,0.28383463621139526
9012,4,1,0.9060420989990234
9013,5,1,0.9815293550491333
9014,6,1,0.6946730613708496
9015,7,1,0.25256574153900146
9016,0,1,0.788496732711792
9017,1,0,-0.005735933780670166
9018,2,1,0.30230647325515747
9019,7,1,0.4358929395675659
9020,8,1,0.43242692947387695
9021,6,1,1.2720348834991455
9022,3,1,0.3751713037490845
9023,9,1,0.7896448373794556
9024,7,1,0.3415423035621643
9025,1,0,-0.06602008640766144
9026,9,1,0.6101070642471313
9027,3,1,0.24667900800704956
9028,9,1,0.1677306890487671
9029,6,1,0.7820209264755249
9030,1,0,-0.10486766695976257
9031,7,1,0.39817237854003906
9032,2,1,1.1910314559936523
9033,4,1,0.866386890411377
9034,4,1,0.7607339024543762
9035,5,1,0.7337758541107178
9036,7,1,0.2518313527107239
9037,0,1,2.4982213973999023
9038,0,1,1.7849456071853638
9039,1,0,-0.15010477602481842
9040,6,1,0.6468004584312439
9041,6,1,0.6161150932312012
9042,8,1,0.8024686574935913
9043,2,1,1.0961567163467407
9044,7,1,0.4842560291290283
9045,7,1,0.7729312181472778
9046,2,1,1.1439436674118042
9047,4,1,0.779350996017456
9048,2,1,0.5528551340103149
9049,1,0,-0.10908485949039459
9050,6,1,0.49493855237960815
9051,1,0,-0.04454028606414795
9052,0,1,2.4108777046203613
9053,6,1,0.9543396234512329
9054,9,1,0.1740732192993164
9055,8,1,1.3959914445877075
9056,3,1,0.7521557211875916
9057,9,1,0.5071699023246765
9058,6,1,0.7515894174575806
9059,3,1,0.8481138944625854
9060,0,1,3.7103867530822754
9061,1,0,-0.15020638704299927
9062,2,1,0.9729588031768799
9063,3,1,0.7574102282524109
9064,4,1,1.2939103841781616
9065,5,1,1.8399776220321655
9066,6,1,1.108001470565796
9067,7,1,0.8131026029586792
9068,8,1,0.858094334602356
9069,9,1,0.8325811624526978
9070,0,1,2.8669252395629883
9071,1,0,0.050076305866241455
9072,2,1,0.6199374198913574
9073,3,1,0.2083844542503357
9074,4,1,1.714102864265442
9075,5,1,2.0775513648986816
9076,6,1,1.1798317432403564
9077,7,1,1.1880031824111938
9078,8,1,1.5070246458053589
9079,9,1,1.0307596921920776
9080,0,1,3.3227367401123047
9081,1,0,-0.12109421193599701
9082,2,1,0.21993356943130493
9083,3,1,0.6879808306694031
9084,4,1,0.9010484218597412
9085,5,1,2.1593785285949707
9086,6,1,1.6859413385391235
9087,7,1,1.1354221105575562
9088,8,1,0.6490111351013184
9089,9,1,0.251051127910614
9090,1,0,-0.09345367550849915
9091,6,1,0.9521654844284058
9092,8,1,0.5961253046989441
9093,9,1,0.5246219635009766
9094,9,1,0.2838468551635742
9095,0,1,3.4985151290893555
9096,1,0,-0.09529031813144684
9097,2,1,0.5610896944999695
9098,4,1,1.4112263917922974
9099,4,1,1.4404152631759644
9100,3,1,0.8066658973693848
9101,7,1,0.4502387046813965
9102,4,1,1.2694799900054932
9103,4,1,0.8711920976638794
9104,4,1,1.3120242357254028
9105,0,1,2.716684341430664
9106,3,1,0.9899094104766846
9107,8,1,0.7109242081642151
9108,7,1,1.6473363637924194
9109,5,1,1.7773815393447876
9110,8,1,0.8529783487319946
9111,2,1,0.8284982442855835
9112,1,0,-0.003435373306274414
9113,7,1,0.77997887134552
9114,5,1,2.006288528442383
9115,3,1,0.5327022671699524
9116,8,1,1.5985506772994995
9117,5,1,0.44610345363616943
9118,2,1,0.6904419660568237
9119,5,1,1.8731797933578491
9120,1,0,-0.13617493212223053
9121,1,0,-0.13379345834255219
9122,6,1,0.6035968065261841
9123,2,1,1.4220136404037476
9124,1,0,-0.13272063434123993
9125,3,1,0.7944552898406982
9126,8,1,0.42369043827056885
9127,6,1,0.349853515625
9128,4,1,1.6971626281738281
9129,2,1,0.9473133087158203
9130,6,1,1.7979704141616821
9131,2,1,1.2034921646118164
9132,5,1,1.0676943063735962
9133,5,1,1.7939156293869019
9134,0,1,2.8468103408813477
9135,2,1,1.4073765277862549
9136,8,1,1.048026442527771
9137,0,1,2.908792495727539
9138,6,1,0.8261100053787231
9139,8,1,0.5813392996788025
9140,1,0,-0.13126420974731445
9141,7,1,1.3626034259796143
9142,9,1,0.5482114553451538
9143,1,0,-0.11547321081161499
9144,9,1,0.2720887362957001
9145,2,1,0.6008034944534302
9146,6,1,0.7551292777061462
9147,7,1,1.0523797273635864
9148,6,1,0.2807181477546692
9149,6,1,0.27966874837875366
9150,8,1,0.940488338470459
9151,7,1,1.2172292470932007
9152,4,1,0.9325734376907349
9153,9,1,0.10522302985191345
9154,2,1,1.0031951665878296
9155,1,0,-0.16379721462726593
9156,3,1,0.4069731831550598
9157,3,1,1.0716263055801392
9158,0,1,1.29427170753479
9159,5,1,1.3913265466690063
9160,5,1,1.7441822290420532
9161,8,1,1.2246479988098145
9162,0,1,1.5628480911254883
9163,3,1,0.7647872567176819
9164,7,1,1.1381900310516357
9165,9,1,0.2522769570350647
9166,7,1,0.6652125120162964
9167,0,1,3.8365554809570312
9168,2,1,0.07760900259017944
9169,7,1,1.0965851545333862
9170,9,1,0.5415021181106567
9171,1,0,-0.09252163767814636
9172,7,1,0.7508291602134705
9173,8,1,0.5203377604484558
9174,0,1,3.1864500045776367
9175,3,1,0.4512473940849304
9176,5,1,1.8563493490219116
9177,3,1,0.43747735023498535
9178,6,1,0.9910434484481812
9179,0,1,2.640226364135742
9180,1,0,-0.13969874382019043
9181,2,1,0.7856694459915161
9182,3,1,0.2174675464630127
9183,4,1,0.20390170812606812
9184,5,1,0.20954111218452454
9185,6,1,0.25314995646476746
9186,7,1,0.6079314947128296
9187,8,1,0.3824084997177124
9188,9,1,0.25268474221229553
9189,0,1,2.5448741912841797
9190,1,0,-0.1376710832118988
9191,2,1,0.45530974864959717
9192,3,1,0.7074220180511475
9193,4,1,0.6634873151779175
9194,5,1,0.13149720430374146
9195,6,1,0.31134462356567383
9196,7,1,1.2115808725357056
9197,8,1,0.40179646015167236
9198,9,1,0.5827193260192871
9199,0,1,2.0962185859680176
9200,1,0,-0.1404636800289154
9201,2,1,0.719536304473877
9202,3,1,0.10299885272979736
9203,4,1,0.8086196184158325
9204,7,1,1.3311309814453125
9205,8,1,0.4754648804664612
9206,9,1,1.4087990522384644
9207,6,1,0.19187688827514648
9208,4,1,0.03868556022644043
9209,2,1,0.7361131906509399
9210,6,1,0.5519280433654785
9211,4,1,-0.020266816020011902
9212,7,1,1.3795286417007446
9213,8,1,0.5059206485748291
9214,9,1,0.376717746257782
9215,2,1,0.24658572673797607
9216,9,1,0.35057222843170166
9217,3,1,0.3886837959289551
9218,9,1,0.21294128894805908
9219,3,1,0.459098756313324
9220,0,1,2.93314266204834
9221,0,1,1.5968043804168701
9222,1,0,-0.09062078595161438
9223,0,1,2.0435032844543457
9224,4,1,1.0199912786483765
9225,2,1,0.5862927436828613
9226,6,1,0.9941128492355347
9227,3,1,0.36707067489624023
9228,5,1,0.45670777559280396
9229,3,1,0.4129258394241333
9230,0,1,3.3845925331115723
9231,3,1,0.18478399515151978
9232,4,1,0.6516659259796143
9233,1,0,-0.057611823081970215
9234,5,1,0.1904410719871521
9235,3,1,0.5308464765548706
9236,0,1,2.489696979522705
9237,8,1,0.7621395587921143
9238,3,1,0.283359169960022
9239,0,1,2.853909492492676
9240,6,1,0.6474955081939697
9241,1,0,-0.10315954685211182
9242,7,1,1.0362943410873413
9243,8,1,0.2776893377304077
9244,0,1,1.5833498239517212
9245,9,1,0.8203495740890503
9246,2,1,0.5722663998603821
9247,6,1,0.8349460363388062
9248,7,1,0.9568153619766235
9249,1,0,-0.13335172832012177
9250,9,1,0.5814900398254395
9251,6,1,0.6833042502403259
9252,9,1,0.24551191926002502
9253,4,1,0.3183949589729309
9254,9,1,0.7026754021644592
9255,9,1,0.4912480115890503
9256,6,1,0.6494871377944946
9257,7,1,0.5536584258079529
9258,1,0,-0.128165602684021
9259,2,1,0.9394763708114624
9260,5,1,0.4587496519088745
9261,3,1,0.327742338180542
9262,7,1,1.3370261192321777
9263,8,1,1.7094407081604004
9264,0,1,4.942468166351318
9265,1,0,-0.11678441613912582
9266,2,1,0.3296300768852234
9267,4,1,1.173900842666626
9268,5,1,1.6004074811935425
9269,6,1,0.6303227543830872
9270,7,1,0.6088815927505493
9271,8,1,1.402952790260315
9272,9,1,0.5409982800483704
9273,0,1,4.188800811767578
9274,1,0,0.0017181038856506348
9275,3,1,0.45590901374816895
9276,4,1,0.895301342010498
9277,5,1,1.5262081623077393
9278,6,1,1.0831845998764038
9279,7,1,0.655484676361084
9280,8,1,1.903497576713562
9281,0,1,4.298942565917969
9282,1,0,0.0009767264127731323
9283,3,1,0.2801716923713684
9284,4,1,0.7993296384811401
9285,7,1,1.0932332277297974
9286,8,1,1.5188696384429932
9287,9,1,0.5570083856582642
9288,7,1,0.38365286588668823
9289,5,1,0.9433656930923462
9290,5,1,0.2804930806159973
9291,1,0,-0.08808581531047821
9292,9,1,0.38944268226623535
9293,9,1,0.21873444318771362
9294,7,1,0.4256289005279541
9295,1,0,-0.11720627546310425
9296,0,1,2.6991496086120605
9297,0,1,3.063114643096924
9298,5,1,0.9463144540786743
9299,9,1,0.11214673519134521
9300,7,1,1.1848130226135254
9301,1,0,-0.10335049033164978
9302,7,1,1.1099590063095093
9303,2,1,0.4272869825363159
9304,2,1,0.32573533058166504
9305,3,1,0.4833824634552002
9306,6,1,1.4079819917678833
9307,8,1,0.8168877363204956
9308,3,1,0.7262295484542847
9309,2,1,0.6273618936538696
9310,0,1,3.3378853797912598
9311,0,1,3.4915614128112793
9312,6,1,0.7573689222335815
9313,1,0,-0.08610263466835022
9314,7,1,0.7276403307914734
9315,5,1,0.7446517944335938
9316,8,1,1.8803671598434448
9317,6,1,0.4289570450782776
9318,2,1,0.25084567070007324
9319,9,1,0.07352310419082642
9320,4,1,0.8266657590866089
9321,8,1,1.2752765417099
9322,8,1,0.703096866607666
9323,7,1,0.9740437269210815
9324,1,0,-0.1299656331539154
9325,0,1,4.095799922943115
9326,8,1,0.5665713548660278
9327,7,1,0.17524799704551697
9328,7,1,0.6900838017463684
9329,5,1,1.505766749382019
9330,8,1,0.5415089130401611
9331,5,1,0.3885496258735657
9332,3,1,0.5320731401443481
9333,4,1,1.2447127103805542
9334,6,1,0.37737518548965454
9335,1,0,-0.05257095396518707
9336,1,0,-0.14352819323539734
9337,5,1,1.413902997970581
9338,5,1,1.406044840812683
9339,0,1,4.2104058265686035
9340,7,1,0.35181254148483276
9341,2,1,0.3259102702140808
9342,3,1,0.6696369647979736
9343,6,1,0.5125782489776611
9344,4,1,0.9544470310211182
9345,1,0,-0.1621006578207016
9346,2,1,0.8007584810256958
9347,4,1,0.9125362634658813
9348,1,0,-0.15187987685203552
9349,5,1,1.21900475025177
9350,4,1,0.3817322254180908
9351,2,1,0.2353663444519043
9352,0,1,4.08164644241333
9353,4,1,1.2302995920181274
9354,8,1,0.6743196845054626
9355,6,1,0.3153432011604309
9356,1,0,-0.07691855728626251
9357,9,1,0.08935678005218506
9358,0,1,4.325116157531738
9359,2,1,0.40441256761550903
9360,5,1,1.1868093013763428
9361,6,1,0.9535187482833862
9362,9,1,0.4067426323890686
9363,3,1,0.35135406255722046
9364,6,1,0.6793886423110962
9365,3,1,0.18875110149383545
9366,6,1,0.8201204538345337
9367,0,1,3.573477268218994
9368,1,0,-0.13462892174720764
9369,2,1,0.7588348388671875
9370,3,1,0.8199591636657715
9371,4,1,0.8857754468917847
9372,5,1,0.6438432931900024
9373,6,1,1.1652904748916626
9374,7,1,0.9124501943588257
9375,8,1,0.6372262239456177
9376,9,1,0.5434214472770691
9377,0,1,2.550173282623291
9378,1,0,-0.13283009827136993
9379,2,1,1.6860136985778809
9380,3,1,0.3654162883758545
9381,4,1,0.6197054982185364
9382,5,1,1.3422935009002686
9383,6,1,1.1320451498031616
9384,7,1,0.482157826423645
9385,8,1,0.41501283645629883
9386,9,1,0.05201524496078491
9387,0,1,2.6137962341308594
9388,1,0,-0.15953987836837769
9389,2,1,1.2966517210006714
9390,3,1,0.9084353446960449
9391,5,1,0.8082093000411987
9392,6,1,1.0875664949417114
9393,7,1,1.4781743288040161
9394,8,1,0.36720871925354004
9395,1,0,-0.13707244396209717
9396,0,1,3.1345791816711426
9397,9,1,0.6328685283660889
9398,5,1,1.0114398002624512
9399,7,1,2.4758429527282715
9400,5,1,0.9080188274383545
9401,1,0,-0.16065406799316406
9402,8,1,1.0457568168640137
9403,6,1,1.0244255065917969
9404,9,1,0.980111837387085
9405,0,1,2.886453151702881
9406,4,1,0.9405219554901123
9407,1,0,-0.08749175071716309
9408,9,1,0.6823362112045288
9409,3,1,1.2900500297546387
9410,8,1,0.40321600437164307
9411,4,1,1.0585945844650269
9412,4,1,0.729354739189148
9413,7,1,0.24836018681526184
9414,0,1,3.0616421699523926
9415,1,0,-0.1452452689409256
9416,9,1,0.4963000416755676
9417,2,1,1.5598950386047363
9418,8,1,0.5309287905693054
9419,7,1,0.9710358381271362
9420,8,1,0.7083120942115784
9421,2,1,2.196948528289795
9422,5,1,0.39332520961761475
9423,9,1,0.3049275279045105
9424,6,1,0.6915445327758789
9425,0,1,2.5667171478271484
9426,6,1,1.031499981880188
9427,5,1,0.3600909113883972
9428,5,1,0.31349319219589233
9429,3,1,0.7652408480644226
9430,3,1,0.23905187845230103
9431,3,1,0.48548316955566406
9432,9,1,0.6705410480499268
9433,8,1,1.2119234800338745
9434,1,0,-0.12122716754674911
9435,1,0,-0.11226214468479156
9436,0,1,2.4797372817993164
9437,6,1,0.9801653623580933
9438,1,0,-0.09311166405677795
9439,0,1,3.475119113922119
9440,0,1,3.140418529510498
9441,6,1,0.9146162271499634
9442,2,1,0.8075281381607056
9443,1,0,-0.15200641751289368
9444,1,0,-0.09867994487285614
9445,3,1,0.5175177454948425
9446,2,1,1.0364145040512085
9447,7,1,1.0927226543426514
9448,7,1,0.5620880126953125
9449,8,1,1.1378591060638428
9450,8,1,0.6556510925292969
9451,7,1,1.1277443170547485
9452,8,1,0.6064121723175049
9453,4,1,0.812813401222229
9454,6,1,0.5571994185447693
9455,0,1,3.6185011863708496
9456,2,1,0.10938304662704468
9457,0,1,2.695922374725342
9458,7,1,2.042452335357666
9459,0,1,3.506591320037842
9460,3,1,0.7370176911354065
9461,6,1,1.3223680257797241
9462,8,1,1.0771969556808472
9463,7,1,0.9730106592178345
9464,1,0,-0.1459028571844101
9465,5,1,0.6344010829925537
9466,9,1,0.2244710922241211
9467,9,1,0.22263604402542114
9468,3,1,0.45169228315353394
9469,7,1,1.4824577569961548
9470,2,1,1.2425769567489624
9471,4,1,0.6111057996749878
9472,9,1,0.5775504112243652
9473,4,1,0.7021945714950562
9474,3,1,0.4106767177581787
9475,6,1,1.7272449731826782
9476,2,1,1.066081166267395
9477,2,1,0.6649608612060547
9478,5,1,0.4767736792564392
9479,3,1,0.43233704566955566
9480,2,1,1.459689736366272
9481,5,1,1.0092461109161377
9482,5,1,1.2335174083709717
9483,9,1,0.10101664066314697
9484,4,1,1.1086785793304443
9485,1,0,-0.10848671942949295
9486,7,1,0.2701259255409241
9487,2,1,0.853469967842102
9488,0,1,2.6875100135803223
9489,1,0,-0.13408435881137848
9490,2,1,0.6789073944091797
9491,3,1,0.4230656623840332
9492,4,1,0.7960704565048218
9493,5,1,1.2594634294509888
9494,6,1,1.9297608137130737
9495,7,1,0.4109957814216614
9496,8,1,0.5723826289176941
9497,9,1,0.14965331554412842
9498,0,1,3.7143659591674805
9499,1,0,-0.05684550106525421
9500,2,1,0.4477543830871582
9501,3,1,0.18575328588485718
9502,4,1,0.8629999160766602
9503,5,1,0.9816066026687622
9504,6,1,1.8319920301437378
9505,7,1,0.29385095834732056
9506,8,1,1.187583088874817
9507,9,1,0.3184851408004761
9508,0,1,0.8859819173812866
9509,1,0,-0.13273313641548157
9510,2,1,0.5424432754516602
9511,3,1,0.45509612560272217
9512,4,1,1.3858283758163452
9513,5,1,1.0859302282333374
9514,6,1,0.7403685450553894
9515,7,1,0.23259830474853516
9516,8,1,0.9862350225448608
9517,9,1,0.3040305972099304
9518,1,0,-0.06821379065513611
9519,0,1,2.515638828277588
9520,1,0,-0.17776711285114288
9521,2,1,0.48610353469848633
9522,7,1,0.8267128467559814
9523,5,1,1.1172055006027222
9524,3,1,0.0797518789768219
9525,4,1,1.7185906171798706
9526,4,1,1.6985856294631958
9527,0,1,3.454789638519287
9528,0,1,3.1297483444213867
9529,6,1,0.7524369955062866
9530,9,1,0.06058984994888306
9531,6,1,0.6543535590171814
9532,6,1,1.5509551763534546
9533,5,1,0.4594947099685669
9534,7,1,0.4466743469238281
9535,2,1,0.6499642729759216
9536,3,1,0.25741326808929443
9537,4,1,1.3216044902801514
9538,4,1,0.28032171726226807
9539,9,1,0.06377694010734558
9540,1,0,-0.10268843173980713
9541,4,1,0.6204190254211426
9542,0,1,0.9859148263931274
9543,7,1,0.8528426885604858
9544,9,1,0.14672207832336426
9545,5,1,0.33591222763061523
9546,7,1,0.6799072623252869
9547,2,1,0.5882402658462524
9548,3,1,0.41143399477005005
9549,1,0,-0.09657609462738037
9550,4,1,1.5135107040405273
9551,4,1,0.6314135789871216
9552,0,1,0.5485471487045288
9553,9,1,0.029931098222732544
9554,9,1,0.12979456782341003
9555,6,1,0.5915225744247437
9556,1,0,-0.04978477954864502
9557,8,1,0.3079092502593994
9558,3,1,0.4854591488838196
9559,3,1,0.3000452518463135
9560,7,1,0.019553720951080322
9561,3,1,0.5811733603477478
9562,9,1,0.0026667416095733643
9563,8,1,0.44382232427597046
9564,8,1,0.7888520956039429
9565,4,1,1.9110544919967651
9566,7,1,0.8880155086517334
9567,7,1,0.8852514028549194
9568,6,1,1.1014689207077026
9569,2,1,0.5499148368835449
9570,1,0,-0.14486415684223175
9571,9,1,0.2769268751144409
9572,8,1,1.0681655406951904
9573,7,1,1.1906914710998535
9574,8,1,1.0380421876907349
9575,8,1,0.9485155344009399
9576,7,1,0.34212785959243774
9577,2,1,1.1190894842147827
9578,2,1,1.0694252252578735
9579,3,1,0.28104162216186523
9580,9,1,0.16582781076431274
9581,3,1,0.2417442798614502
9582,3,1,0.18114644289016724
9583,5,1,0.8673743009567261
9584,5,1,0.46010881662368774
9585,0,1,2.0762476921081543
9586,7,1,0.19838646054267883
9587,9,1,0.17887383699417114
9588,5,1,1.2324169874191284
9589,6,1,1.2467904090881348
9590,5,1,0.727057933807373
9591,1,0,-0.13358527421951294
9592,4,1,0.8876024484634399
9593,1,0,-0.1234394833445549
9594,1,0,-0.12055613845586777
9595,2,1,0.5773789882659912
9596,8,1,1.251564383506775
9597,2,1,0.5455639362335205
9598,6,1,1.0331230163574219
9599,1,0,-0.1513393521308899
9600,5,1,0.5244191884994507
9601,0,1,2.796532154083252
9602,1,0,-0.11508229374885559
9603,2,1,0.26280295848846436
9604,3,1,1.34896981716156
9605,4,1,0.8033627271652222
9606,5,1,0.4885847568511963
9607,6,1,0.09151309728622437
9608,7,1,1.1664189100265503
9609,8,1,1.6486631631851196
9610,9,1,0.3001495599746704
9611,0,1,2.870307445526123
9612,1,0,0.1413477063179016
9613,2,1,0.005724430084228516
9614,3,1,0.6281901001930237
9615,4,1,1.3402611017227173
9616,5,1,0.41155290603637695
9617,6,1,1.076642632484436
9618,7,1,0.9309912919998169
9619,8,1,0.7562645673751831
9620,9,1,0.12693703174591064
9621,0,1,3.158346176147461
9622,1,0,-0.058458954095840454
9623,2,1,0.22616678476333618
9624,3,1,1.1047769784927368
9625,4,1,0.5101026892662048
9626,5,1,0.15712600946426392
9627,6,1,0.3410409688949585
9628,7,1,1.0866104364395142
9629,8,1,0.45012688636779785
9630,8,1,0.19968169927597046
9631,0,1,1.0703939199447632
9632,6,1,0.08926194906234741
9633,0,1,1.5923162698745728
9634,0,1,1.6842296123504639
9635,2,1,0.6003236174583435
9636,3,1,0.5203619599342346
9637,7,1,0.42906999588012695
9638,9,1,0.3100874423980713
9639,4,1,0.599054217338562
9640,7,1,0.2889474034309387
9641,1,0,0.04016271233558655
9642,9,1,0.48960137367248535
9643,1,0,0.1727639138698578
9644,7,1,0.13061106204986572
9645,1,0,0.0036219507455825806
9646,4,1,0.3004506826400757
9647,0,1,2.162257194519043
9648,0,1,2.3047657012939453
9649,1,0,-0.017395243048667908
9650,7,1,1.1563323736190796
9651,5,1,0.07245653867721558
9652,7,1,1.2665455341339111
9653,1,0,-0.08089001476764679
9654,3,1,0.21153277158737183
9655,3,1,0.4087480306625366
9656,3,1,0.31387293338775635
9657,1,0,-0.08584800362586975
9658,6,1,0.4605604410171509
9659,9,1,0.0902915894985199
9660,7,1,1.8627129793167114
9661,1,0,-0.09312528371810913
9662,3,1,0.6370781064033508
9663,0,1,2.3896584510803223
9664,2,1,0.2840360403060913
9665,6,1,0.4304471015930176
9666,0,1,0.4950771927833557
9667,8,1,1.3264834880828857
9668,9,1,0.34815555810928345
9669,4,1,0.28821229934692383
9670,3,1,0.35987114906311035
9671,5,1,0.39925211668014526
9672,4,1,0.9576342105865479
9673,8,1,1.9075058698654175
9674,1,0,-0.12117964029312134
9675,5,1,0.3234264850616455
9676,9,1,0.3380310535430908
9677,0,1,0.7836928367614746
9678,6,1,0.6703737378120422
9679,6,1,0.30678045749664307
9680,3,1,0.7966570854187012
9681,8,1,0.4647245407104492
9682,1,0,-0.11378594487905502
9683,4,1,0.33918285369873047
9684,7,1,1.921054720878601
9685,5,1,0.18597662448883057
9686,2,1,0.17886883020401
9687,0,1,1.2604719400405884
9688,0,1,1.220639944076538
9689,1,0,-0.038063183426856995
9690,7,1,1.0931609869003296
9691,8,1,0.2755866050720215
9692,9,1,0.056683361530303955
9693,6,1,0.25106751918792725
9694,8,1,0.4823622703552246
9695,8,1,0.8923091888427734
9696,2,1,0.38063496351242065
9697,3,1,0.6432613134384155
9698,6,1,0.8140882253646851
9699,1,0,-0.007571801543235779
9700,2,1,0.5844712257385254
9701,9,1,0.929651141166687
9702,5,1,0.34499871730804443
9703,2,1,0.45047158002853394
9704,0,1,2.112351417541504
9705,1,0,-0.15047301352024078
9706,2,1,0.9220000505447388
9707,3,1,0.8667392730712891
9708,4,1,0.056870460510253906
9709,5,1,0.45430588722229004
9710,6,1,1.1831151247024536
9711,7,1,0.4676617383956909
9712,8,1,0.13806188106536865
9713,9,1,0.14100021123886108
9714,0,1,1.9118961095809937
9715,1,0,-0.10342925786972046
9716,2,1,1.438970923423767
9717,3,1,0.5298012495040894
9718,4,1,0.552908718585968
9719,5,1,1.778239130973816
9720,6,1,1.2304517030715942
9721,7,1,0.719158411026001
9722,8,1,0.2356168031692505
9723,9,1,0.3208087682723999
9724,0,1,2.318498134613037
9725,1,0,0.0452706515789032
9726,2,1,0.7706131935119629
9727,3,1,0.21420520544052124
9728,4,1,0.3058542013168335
9729,5,1,0.30194318294525146
9730,6,1,0.8364468812942505
9731,7,1,1.2265254259109497
9732,8,1,0.5153868198394775
9733,9,1,0.34411799907684326
9734,7,1,0.2762085199356079
9735,4,1,0.00025281310081481934
9736,6,1,0.8874479532241821
9737,1,0,-0.16798552870750427
9738,4,1,0.23599815368652344
9739,0,1,1.0750088691711426
9740,9,1,0.3635513186454773
9741,9,1,0.4129064679145813
9742,3,1,0.8534224033355713
9743,7,1,0.4111303687095642
9744,8,1,-0.0009953826665878296
9745,4,1,0.25248366594314575
9746,7,1,0.9100333452224731
9747,5,1,0.3060240149497986
9748,8,1,0.27915775775909424
9749,5,1,0.6500331163406372
9750,3,1,1.1454139947891235
9751,2,1,1.9269689321517944
9752,2,1,1.5200175046920776
9753,0,1,1.7338534593582153
9754,5,1,0.36967480182647705
9755,8,1,0.325766384601593
9756,6,1,1.4035488367080688
9757,0,1,1.7053016424179077
9758,3,1,0.264259934425354
9759,8,1,0.282820463180542
9760,1,0,-0.07651665806770325
9761,0,1,2.16103458404541
9762,3,1,0.25185954570770264
9763,0,1,1.9032481908798218
9764,4,1,0.18874728679656982
9765,7,1,0.37694311141967773
9766,4,1,0.34684956073760986
9767,9,1,0.18278846144676208
9768,2,1,2.1354665756225586
9769,9,1,0.38539719581604004
9770,5,1,0.6781941056251526
9771,7,1,0.589900016784668
9772,1,0,-0.1435343474149704
9773,7,1,0.47440552711486816
9774,1,0,-0.048098474740982056
9775,6,1,1.0952188968658447
9776,6,1,0.39335310459136963
9777,5,1,0.3496589660644531
9778,6,1,1.3469758033752441
9779,2,1,1.8579109907150269
9780,8,1,0.2978842258453369
9781,7,1,0.9689197540283203
9782,6,1,0.6074275970458984
9783,4,1,0.14163315296173096
9784,9,1,0.05853438377380371
9785,9,1,0.24735093116760254
9786,5,1,0.14563888311386108
9787,3,1,0.25242260098457336
9788,7,1,0.5504286885261536
9789,4,1,0.21750754117965698
9790,3,1,0.2147420048713684
9791,0,1,1.0437558889389038
9792,4,1,-0.12117154896259308
9793,6,1,0.41756319999694824
9794,6,1,1.3782240152359009
9795,1,0,0.0026877373456954956
9796,1,0,-0.08571775257587433
9797,3,1,0.2778158187866211
9798,2,1,1.3362334966659546
9799,1,0,-0.1646866649389267
9800,0,1,1.3208674192428589
9801,0,1,2.521207809448242
9802,1,0,-0.1314464509487152
9803,2,1,0.5682926177978516
9804,3,1,0.28336018323898315
9805,4,1,0.5185174942016602
9806,7,1,0.10231852531433105
9807,8,1,0.4880203604698181
9808,9,1,0.028623342514038086
9809,0,1,1.4574040174484253
9810,1,0,-0.12698322534561157
9811,2,1,0.15844470262527466
9812,3,1,0.35215795040130615
9813,4,1,0.7004578113555908
9814,5,1,0.8627451658248901
9815,6,1,0.19496947526931763
9816,7,1,0.030068546533584595
9817,8,1,-0.10590493679046631
9818,0,1,1.7504221200942993
9819,1,0,-0.11973272264003754
9820,2,1,0.7164366245269775
9821,3,1,0.5148905515670776
9822,4,1,0.44133472442626953
9823,7,1,0.21698635816574097
9824,8,1,0.31345200538635254
9825,9,1,0.11197221279144287
9826,0,1,0.5378496646881104
9827,8,1,0.1317213773727417
9828,3,1,0.2722797691822052
9829,9,1,0.1319865584373474
9830,5,1,0.360188364982605
9831,5,1,0.5003939270973206
9832,2,1,0.2936590313911438
9833,6,1,0.05535799264907837
9834,8,1,0.273237943649292
9835,4,1,0.5369306802749634
9836,1,0,-0.10000592470169067
9837,7,1,0.09946906566619873
9838,1,0,-0.08730076253414154
9839,2,1,0.6411944627761841
9840,3,1,0.259238064289093
9841,5,1,0.5890136957168579
9842,6,1,0.23818445205688477
9843,9,1,0.26793837547302246
9844,1,0,-0.06425973773002625
9845,1,0,-0.1307159662246704
9846,1,0,-0.03809797763824463
9847,2,1,0.5700321197509766
9848,1,0,-0.09981249272823334
9849,2,1,0.4936797618865967
9850,0,1,1.280539870262146
9851,7,1,0.13324585556983948
9852,7,1,0.7426003813743591
9853,5,1,0.45646369457244873
9854,8,1,0.05688488483428955
9855,2,1,1.2281261682510376
9856,9,1,0.08353391289710999
9857,8,1,0.15583562850952148
9858,6,1,0.07819876074790955
9859,7,1,0.31644606590270996
9860,3,1,0.7851710319519043
9861,4,1,0.8559190034866333
9862,6,1,0.1985357701778412
9863,8,1,0.026481449604034424
9864,7,1,0.2644040584564209
9865,0,1,1.3431955575942993
9866,4,1,0.7998455762863159
9867,2,1,0.7847727537155151
9868,7,1,0.2202436923980713
9869,7,1,0.3747788667678833
9870,5,1,1.0693711042404175
9871,4,1,0.5037431120872498
9872,3,1,0.6111871600151062
9873,4,1,1.0842729806900024
9874,2,1,0.5096166133880615
9875,8,1,0.4831200838088989
9876,1,0,-0.10168905556201935
9877,5,1,0.16625097393989563
9878,1,0,-0.009275510907173157
9879,0,1,0.10039335489273071
9880,2,1,0.24398350715637207
9881,3,1,0.44906044006347656
9882,3,1,0.30839478969573975
9883,5,1,0.08913397789001465
9884,7,1,0.18127590417861938
9885,0,1,0.7700087428092957
9886,6,1,0.1243084967136383
9887,8,1,0.026162564754486084
9888,6,1,0.4350113868713379
9889,3,1,0.13064044713974
9890,9,1,0.13850992918014526
9891,9,1,0.45820093154907227
9892,8,1,0.22951161861419678
9893,2,1,0.6470651030540466
9894,7,1,0.4014056921005249
9895,7,1,0.2940945625305176
9896,1,0,-0.08407512307167053
9897,0,1,3.5434093475341797
9898,1,0,-0.04040814936161041
9899,7,1,0.3364001512527466
9900,8,1,0.13160651922225952
9901,9,1,0.34457385540008545
9902,0,1,1.9632505178451538
9903,1,0,0.03967750072479248
9904,2,1,0.7969381809234619
9905,3,1,0.15375608205795288
9906,4,1,0.1635771095752716
9907,5,1,0.40544480085372925
9908,6,1,0.6852768659591675
9909,7,1,0.6847371459007263
9910,8,1,0.2240569293498993
9911,0,1,2.4772377014160156
9912,1,0,-0.11018871515989304
9913,2,1,0.8208416700363159
9914,3,1,0.04025581479072571
9915,4,1,0.5114147067070007
9916,7,1,1.1596660614013672
9917,8,1,1.3001364469528198
9918,9,1,1.0031263828277588
9919,7,1,0.736492931842804
9920,8,1,0.5302608013153076
9921,6,1,0.9304944276809692
9922,4,1,0.02043706178665161
9923,1,0,-0.0488639771938324
9924,9,1,1.1922839879989624
9925,3,1,0.17812633514404297
9926,8,1,0.4448587894439697
9927,4,1,0.8801809549331665
9928,4,1,0.6085514426231384
9929,7,1,0.8869093656539917
9930,0,1,1.6955205202102661
9931,1,0,-0.12212206423282623
9932,9,1,1.0253753662109375
9933,2,1,1.0171068906784058
9934,8,1,0.631110429763794
9935,7,1,0.2811516523361206
9936,8,1,0.4415038824081421
9937,2,1,0.9544838666915894
9938,6,1,0.3883483409881592
9939,0,1,2.112488269805908
9940,6,1,2.3551511764526367
9941,5,1,0.4919189214706421
9942,3,1,0.44300204515457153
9943,3,1,0.6753218173980713
9944,3,1,1.1842247247695923
9945,9,1,0.33926379680633545
9946,1,0,-0.13237512111663818
9947,4,1,0.6826760768890381
9948,0,1,4.27462911605835
9949,6,1,1.488832950592041
9950,1,0,-0.10667606443166733
9951,0,1,1.9923070669174194
9952,0,1,2.6654982566833496
9953,6,1,2.1963181495666504
9954,2,1,1.862578272819519
9955,1,0,-0.10462158173322678
9956,1,0,-0.04675769805908203
9957,7,1,0.6575573682785034
9958,7,1,0.28149986267089844
9959,8,1,0.06515875458717346
9960,4,1,0.7148013710975647
9961,6,1,0.31250178813934326
9962,0,1,3.182483196258545
9963,7,1,0.7352126240730286
9964,0,1,1.727556824684143
9965,3,1,0.42825692892074585
9966,6,1,1.6444733142852783
9967,8,1,0.41523247957229614
9968,7,1,0.18436700105667114
9969,1,0,-0.05865119397640228
9970,5,1,0.17680242657661438
9971,2,1,0.51488196849823
9972,4,1,0.5240135192871094
9973,9,1,0.4067347049713135
9974,4,1,0.3171098232269287
9975,3,1,0.235426127910614
9976,6,1,0.3133218288421631
9977,4,1,0.20664402842521667
9978,1,0,-0.1139318123459816
9979,7,1,0.7176507115364075
9980,2,1,1.9509378671646118
9981,6,1,0.22360840439796448
9982,5,1,0.22950479388237
9983,0,1,3.1894898414611816
9984,1,0,-0.0701870322227478
9985,2,1,0.24800562858581543
9986,3,1,0.7006121873855591
9987,4,1,0.8076134920120239
9988,5,1,0.8251270055770874
9989,6,1,0.5349315404891968
9990,7,1,0.1509261131286621
9991,8,1,0.8264744281768799
9992,9,1,0.3234689235687256
9993,0,1,1.7188479900360107
9994,1,0,-0.16319988667964935
9995,2,1,0.7639341950416565
9996,3,1,0.4310523271560669
9997,4,1,0.6157618761062622
9998,5,1,0.4435407519340515
9999,6,1,1.2200905084609985
